comparison_set,variant,window_start,window_end,n_events,distance,distance_squared,status
real_vs_real,original,16000,17000,4675,0.03156744981501105,0.0009965038878232413,ok
real_vs_real,original,17000,18000,4381,0.06622746979223272,0.004386077755081097,ok
real_vs_real,original,18000,19000,4066,0.11296414287494014,0.012760897575469887,ok
real_vs_real,original,19000,20000,3949,0.15045591494618393,0.022636982342293333,ok
real_vs_real,original,20000,21000,3648,0.20701079644095471,0.042853469843118386,ok
real_vs_real,original,21000,22000,3526,0.218511702097095,0.04774736395336959,ok
real_vs_real,original,22000,23000,3695,0.22624681028527652,0.0511876191642619,ok
real_vs_real,original,23000,24000,3423,0.2541347837766201,0.06458448832518943,ok
real_vs_real,original,24000,25000,3360,0.2850725427447865,0.08126635462697812,ok
real_vs_real,original,25000,26000,3458,0.2681024046513963,0.07187889937986103,ok
real_vs_real,original,26000,27000,3352,0.2814558902306113,0.07921741814550592,ok
real_vs_real,original,27000,28000,3498,0.2714311597406326,0.0736748744781448,ok
real_vs_real,original,28000,29000,3618,0.26665578637969894,0.07110530840977564,ok
real_vs_real,original,29000,30000,3510,0.2941375432711753,0.08651689436160254,ok
real_vs_real,original,30000,31000,3653,0.27719791866500293,0.07683868611220956,ok
real_vs_real,original,31000,32000,3473,0.30874031776019506,0.09532058381066622,ok
real_vs_real,original,32000,33000,3466,0.3340845111424053,0.11161246058525992,ok
real_vs_real,original,33000,34000,3537,0.33950865695164356,0.11526612814510878,ok
real_vs_real,original,34000,35000,4110,0.34224566714096233,0.11713209667676239,ok
real_vs_real,original,35000,36000,4951,0.35234525936907934,0.12414718179986378,ok
real_vs_real,original,36000,37000,5577,0.36197621814263414,0.13102678250084387,ok
real_vs_real,original,37000,38000,5907,0.37138369202624927,0.13792584670304797,ok
real_vs_real,original,38000,39000,6165,0.38616058137221865,0.1491199946057299,ok
real_vs_real,original,39000,40000,6115,0.38832232409391965,0.15079422738970316,ok
real_vs_real,original,40000,41000,6104,0.3999756122272221,0.15998049037654116,ok
real_vs_real,original,41000,42000,6097,0.40934531584378414,0.1675635876032474,ok
real_vs_real,original,42000,43000,6192,0.41410417237277036,0.17148226557653712,ok
real_vs_real,original,43000,44000,6257,0.42448618105893127,0.1801885179099958,ok
real_vs_real,original,44000,45000,6675,0.43137672996073906,0.1860858831516204,ok
real_vs_real,original,45000,46000,6576,0.43488756741447243,0.1891271962916773,ok
real_vs_real,original,46000,47000,6608,0.446845036187067,0.19967048636502122,ok
real_vs_real,original,47000,48000,6542,0.4531417300930137,0.20533742755168966,ok
real_vs_real,original,48000,49000,6307,0.45802160896416527,0.20978379427812271,ok
real_vs_real,original,49000,50000,6433,0.4598548831552661,0.21146651356174345,ok
real_vs_real,original,50000,51000,6720,0.45698314989571504,0.20883359928860956,ok
real_vs_real,original,51000,52000,6714,0.46769131742727504,0.21873516839686014,ok
real_vs_real,original,52000,53000,6787,0.4704228076158561,0.22129761792518474,ok
real_vs_real,original,53000,54000,7124,0.47476849080681477,0.22540511986298056,ok
real_vs_real,original,54000,55000,7146,0.4769940349789803,0.22752330940552867,ok
real_vs_real,original,55000,56000,7339,0.4789159488255847,0.22936048603951006,ok
real_vs_real,original,56000,57000,7187,0.48555271503998626,0.2357614390827021,ok
real_vs_real,original,57000,58000,7248,0.4874258059247219,0.23758391628136463,ok
real_vs_real,original,58000,59000,7428,0.4886077651814709,0.23873754819563145,ok
real_vs_real,original,59000,60000,7223,0.49064762230268594,0.24073508927127918,ok
real_vs_real,original,60000,61000,7387,0.4939503913551672,0.24398698911992286,ok
real_vs_real,original,61000,62000,7483,0.49269454479287733,0.2427479144686606,ok
real_vs_real,original,62000,63000,7357,0.4930763126037361,0.24312425005089727,ok
real_vs_real,original,63000,64000,7534,0.49290532232942547,0.24295565678067482,ok
real_vs_real,original,64000,65000,7511,0.49460444709097295,0.24463355908216705,ok
real_vs_real,original,65000,66000,7323,0.4962044530845528,0.24621885926094014,ok
real_vs_real,original,66000,67000,7297,0.49772462182263627,0.2477297991684863,ok
real_vs_real,original,67000,68000,7158,0.49659205717585586,0.24660367125014848,ok
real_vs_real,original,68000,69000,7253,0.4932641404409354,0.24330951224493486,ok
real_vs_real,original,69000,70000,7134,0.49019550114206323,0.24029162933991852,ok
real_vs_real,original,70000,71000,7033,0.4888188708185717,0.23894388846834352,ok
real_vs_real,original,71000,72000,6941,0.4839184484047223,0.23417706470643387,ok
real_vs_real,original,72000,73000,6857,0.4803679377122592,0.23075335558192894,ok
real_vs_real,original,73000,74000,6681,0.48356057598981095,0.23383083065159774,ok
real_vs_real,original,74000,75000,6518,0.4810878703407497,0.231445538988998,ok
real_vs_real,original,75000,76000,6435,0.4763022976654176,0.22686387876135608,ok
real_vs_real,original,76000,77000,6495,0.47683455444488043,0.22737119231264763,ok
real_vs_real,original,77000,78000,6460,0.4684607443211706,0.21945546896994517,ok
real_vs_real,original,78000,79000,6383,0.4606372151009077,0.2121866439359199,ok
real_vs_real,original,79000,80000,6536,0.4576755488944378,0.2094669080558249,ok
real_vs_real,original,80000,81000,6397,0.4482650160847429,0.2009415246454548,ok
real_vs_real,original,81000,82000,6349,0.44664034452174145,0.1994875973544999,ok
real_vs_real,original,82000,83000,6368,0.44459884597391014,0.19766813384133267,ok
real_vs_real,original,83000,84000,6346,0.4363611333189474,0.1904110386713962,ok
real_vs_real,original,84000,85000,6492,0.4290847989422128,0.1841137646832792,ok
real_vs_real,original,85000,86000,6446,0.4207356294123944,0.17701846985704367,ok
real_vs_real,original,86000,87000,6497,0.4072539589558086,0.16585578708517945,ok
real_vs_real,original,87000,88000,6498,0.40096117893963684,0.16076986701666346,ok
real_vs_real,original,88000,89000,6660,0.3931716239047795,0.1545839258439214,ok
real_vs_real,original,89000,90000,6531,0.38427431433524106,0.14766674865781965,ok
real_vs_real,original,90000,91000,6644,0.3799265793690272,0.14434420571104972,ok
real_vs_real,original,91000,92000,6531,0.3679793607324968,0.13540880992509702,ok
real_vs_real,original,92000,93000,6709,0.3598545160378721,0.12949527271285116,ok
real_vs_real,original,93000,94000,6680,0.35027643094616673,0.1226935780763847,ok
real_vs_real,original,94000,95000,6656,0.33706909580590294,0.11361557534740896,ok
real_vs_real,original,95000,96000,6666,0.3248876344144612,0.10555197499542462,ok
real_vs_real,original,96000,97000,6620,0.3132135787517981,0.09810274591450885,ok
real_vs_real,original,97000,98000,6580,0.2971636714698843,0.08830624764146133,ok
real_vs_real,original,98000,99000,6373,0.285366825811646,0.08143422527381433,ok
real_vs_real,original,99000,100000,6236,0.2743626585161253,0.07527486838803599,ok
real_vs_real,original,100000,101000,6281,0.2625661306574466,0.06894097296842333,ok
real_vs_real,original,101000,102000,6171,0.24631238002090414,0.0606697885515623,ok
real_vs_real,original,102000,103000,6244,0.23340866049577577,0.054479602794432314,ok
real_vs_real,original,103000,104000,6074,0.2146986432472951,0.046095507412229286,ok
real_vs_real,original,104000,105000,6160,0.20479571779310018,0.041941286026391134,ok
real_vs_real,original,105000,106000,6248,0.18999584117077162,0.036098419662189074,ok
real_vs_real,original,106000,107000,6030,0.1791482366605336,0.03209409069857855,ok
real_vs_real,original,107000,108000,5969,0.168158727669848,0.028277357691542104,ok
real_vs_real,original,108000,109000,5985,0.15911390274277462,0.02531723404603714,ok
real_vs_real,original,109000,110000,5958,0.15236483877313428,0.023215044094363202,ok
real_vs_real,original,110000,111000,5826,0.12773599637944236,0.01631648477104891,ok
real_vs_real,original,111000,112000,5838,0.11450043415610268,0.013110349421936007,ok
real_vs_real,original,112000,113000,5684,0.09178712630170639,0.008424876554725402,ok
real_vs_real,original,113000,114000,5691,0.0851375836410054,0.007248408148229191,ok
real_vs_real,original,114000,115000,5533,0.07051370912474883,0.004972183174529687,ok
real_vs_real,original,115000,116000,5338,0.07493137796240094,0.005614711403344186,ok
real_vs_real,original,116000,117000,5399,0.0692380724077334,0.004793910670738533,ok
real_vs_real,original,117000,118000,5271,0.07141476542040075,0.005100068720050865,ok
real_vs_real,original,118000,119000,4951,0.085305132075637,0.007276965558441872,ok
real_vs_real,original,119000,120000,4658,0.13566805526862877,0.01840582122037171,ok
real_vs_real,original,120000,121000,4383,0.16415451675595855,0.026946705371382274,ok
real_vs_real,original,121000,122000,4165,0.202502874413988,0.0410074141459274,ok
real_vs_real,original,122000,123000,3907,0.2427104894624979,0.0589083816951253,ok
real_vs_real,original,123000,124000,3887,0.23401904506203883,0.054764913451748554,ok
real_vs_real,original,124000,125000,3711,0.25743244618530203,0.06627146434894843,ok
real_vs_real,original,125000,126000,3758,0.266038079451878,0.07077625971844376,ok
real_vs_real,original,126000,127000,3917,0.26775508996273284,0.07169278820095115,ok
real_vs_real,original,127000,128000,3821,0.30260751375745026,0.09157130738246544,ok
real_vs_real,original,128000,129000,3888,0.3221605134928506,0.10378739645397717,ok
real_vs_real,original,129000,130000,3900,0.3305550718198095,0.10926665550579939,ok
real_vs_real,original,130000,131000,3700,0.3549271142022543,0.1259732563959401,ok
real_vs_real,original,131000,132000,3705,0.3399229872603833,0.1155476372680227,ok
real_vs_real,original,132000,133000,3658,0.3464807016632429,0.12004887662505315,ok
real_vs_real,original,133000,134000,3735,0.3641618725422461,0.13261386941347508,ok
real_vs_real,original,134000,135000,4161,0.3495601977027739,0.12219233181800238,ok
real_vs_real,original,135000,136000,4587,0.3435658063751433,0.11803746331020243,ok
real_vs_real,original,136000,137000,4770,0.35975381292009356,0.12942280591054567,ok
real_vs_real,original,137000,138000,4969,0.3620053455038507,0.13104787017336234,ok
real_vs_real,original,138000,139000,5263,0.377068699378967,0.14218080405134575,ok
real_vs_real,original,139000,140000,5491,0.38092013950711484,0.14510015268211984,ok
real_vs_real,original,140000,141000,5729,0.38969714718722664,0.15186386652586298,ok
real_vs_real,original,141000,142000,5844,0.40225835643581603,0.161811785322444,ok
real_vs_real,original,142000,143000,5889,0.4115907141455167,0.16940691597081642,ok
real_vs_real,original,143000,144000,6226,0.41413981115538673,0.17151178318381938,ok
real_vs_real,original,144000,145000,6139,0.420890528055401,0.1771488366067543,ok
real_vs_real,original,145000,146000,6300,0.428734782545635,0.18381351376445293,ok
real_vs_real,original,146000,147000,6385,0.4324034637474078,0.1869727554607558,ok
real_vs_real,original,147000,148000,6372,0.4462218580624148,0.19911394661267387,ok
real_vs_real,original,148000,149000,6560,0.4489991976710357,0.20160027950923376,ok
real_vs_real,original,149000,150000,6880,0.44995361513918875,0.20245825577682516,ok
real_vs_real,original,150000,151000,7124,0.45489517611536073,0.20692962125302505,ok
real_vs_real,original,151000,152000,7464,0.45846772363657595,0.2101926536165038,ok
real_vs_real,original,152000,153000,7450,0.46111087783045046,0.21262324165356863,ok
real_vs_real,original,153000,154000,7641,0.46801463658186143,0.21903770005485182,ok
real_vs_real,original,154000,155000,7649,0.4723475363795518,0.22311219512383199,ok
real_vs_real,original,155000,156000,7610,0.4779558666042495,0.22844181042141914,ok
real_vs_real,original,156000,157000,7821,0.48232751471752194,0.23263983145358133,ok
real_vs_real,original,157000,158000,7779,0.486403937180289,0.23658879010448655,ok
real_vs_real,original,158000,159000,7747,0.48920745655097325,0.2393239355450724,ok
real_vs_real,original,159000,160000,7927,0.491225768842286,0.24130275597469503,ok
real_vs_real,original,160000,161000,7944,0.49246862553027265,0.2425253471316759,ok
real_vs_real,original,161000,162000,7837,0.4940174066570757,0.2440531980801825,ok
real_vs_real,original,162000,163000,7738,0.4937502375271448,0.24378929705811192,ok
real_vs_real,original,163000,164000,7891,0.4938554023385421,0.24389315841896325,ok
real_vs_real,original,164000,165000,7638,0.49532492608736634,0.24534678240345492,ok
real_vs_real,original,165000,166000,7699,0.4962840552400406,0.24629786348549965,ok
real_vs_real,original,166000,167000,7482,0.493375128862274,0.24341901777986552,ok
real_vs_real,original,167000,168000,7392,0.49497113665765247,0.2449964261241685,ok
real_vs_real,original,168000,169000,7461,0.4927572379705879,0.2428096955724026,ok
real_vs_real,original,169000,170000,7463,0.49020202297840804,0.2402980233321237,ok
real_vs_real,original,170000,171000,7317,0.49123882011692305,0.24131557838986667,ok
real_vs_real,original,171000,172000,7387,0.4879075281680033,0.23805375604301093,ok
real_vs_real,original,172000,173000,7328,0.4807035036317514,0.23107585840384123,ok
real_vs_real,original,173000,174000,7050,0.48087811711725376,0.23124376352223525,ok
real_vs_real,original,174000,175000,6973,0.47860933279880197,0.22906689344211437,ok
real_vs_real,original,175000,176000,6971,0.4756906795603248,0.2262816226205636,ok
real_vs_real,original,176000,177000,6997,0.47020504080753495,0.22109278040081562,ok
real_vs_real,original,177000,178000,6729,0.4715949890098937,0.22240183365924177,ok
real_vs_real,original,178000,179000,6923,0.4653761382109861,0.21657495001617083,ok
real_vs_real,original,179000,180000,6687,0.4620016213121849,0.21344549809508753,ok
real_vs_real,original,180000,181000,6849,0.45614694645728837,0.20807003676230829,ok
real_vs_real,original,181000,182000,6637,0.44741137533655406,0.20017693878054685,ok
real_vs_real,original,182000,183000,6553,0.43775755817908485,0.19163167974291484,ok
real_vs_real,original,183000,184000,6624,0.43192710131557027,0.18656102085087092,ok
real_vs_real,original,184000,185000,6545,0.4247198099215482,0.18038691693979603,ok
real_vs_real,original,185000,186000,6580,0.4200479290955818,0.17644026273748692,ok
real_vs_real,original,186000,187000,6885,0.4137618551311004,0.17119887276152973,ok
real_vs_real,original,187000,188000,6731,0.4066554798262099,0.165368679272685,ok
real_vs_real,original,188000,189000,6682,0.39625005101993516,0.1570141029333012,ok
real_vs_real,original,189000,190000,6678,0.38516225386057396,0.1483499617989572,ok
real_vs_real,original,190000,191000,6562,0.3769059278307251,0.14205807843393975,ok
real_vs_real,original,191000,192000,6695,0.36488049828966956,0.13313777803211757,ok
real_vs_real,original,192000,193000,6486,0.3568554604996427,0.12734581968841202,ok
real_vs_real,original,193000,194000,6758,0.3453924541029796,0.11929594735127885,ok
real_vs_real,original,194000,195000,6703,0.34027744459423687,0.11578873929958394,ok
real_vs_real,original,195000,196000,6718,0.3286732065940333,0.10802607673280412,ok
real_vs_real,original,196000,197000,6766,0.3198459669769543,0.10230144259142293,ok
real_vs_real,original,197000,198000,6769,0.3057920427609856,0.09350877341593644,ok
real_vs_real,original,198000,199000,6392,0.2881211296238885,0.08301378533574555,ok
real_vs_real,original,199000,200000,6299,0.273774642098034,0.07495255465590661,ok
real_vs_real,original,200000,201000,6339,0.2616761087111777,0.06847438587022409,ok
real_vs_real,original,201000,202000,6148,0.24498530909067873,0.06001780167025539,ok
real_vs_real,original,202000,203000,6415,0.24244580246446742,0.058779967132639555,ok
real_vs_real,original,203000,204000,6317,0.2268868160792735,0.05147762731059008,ok
real_vs_real,original,204000,205000,6197,0.21557650779330084,0.046473230712355096,ok
real_vs_real,original,205000,206000,6329,0.19964726789836718,0.03985903157928239,ok
real_vs_real,original,206000,207000,5905,0.18345433336029357,0.03365549242866972,ok
real_vs_real,original,207000,208000,5839,0.15836466439566368,0.025079366929151192,ok
real_vs_real,original,208000,209000,5947,0.14599197161139493,0.021313655774982343,ok
real_vs_real,original,209000,210000,5713,0.1346002570473453,0.018117229197211426,ok
real_vs_real,original,210000,211000,5681,0.12125767970166632,0.0147034248866319,ok
real_vs_real,original,211000,212000,5768,0.11471353992159526,0.01315919624134343,ok
real_vs_real,original,212000,213000,5615,0.09189710185254206,0.008445077328896489,ok
real_vs_real,original,213000,214000,5391,0.08701108907256848,0.007570929621594447,ok
real_vs_real,original,214000,215000,5263,0.04753766412202774,0.0022598295101787236,ok
real_vs_real,original,215000,216000,4892,0.014541596837603797,0.00021145803858740875,ok
real_vs_real,original,216000,217000,4647,0.018548425121884878,0.00034404407450217,ok
real_vs_real,original,217000,218000,4360,0.06762856584887081,0.0045736229187750554,ok
real_vs_real,original,218000,219000,4149,0.1185062098275924,0.014043721767701356,ok
real_vs_real,original,219000,220000,3795,0.14402420041268565,0.02074297030451344,ok
real_vs_real,original,220000,221000,3620,0.1915558466474859,0.036693642384835135,ok
real_vs_real,original,221000,222000,3469,0.23408001312183516,0.054793452543118515,ok
real_vs_real,original,222000,223000,3604,0.21441995265959216,0.045975916098541736,ok
real_vs_real,original,223000,224000,3329,0.2667995535726021,0.07118200178653977,ok
real_vs_real,original,224000,225000,3357,0.2660162155896878,0.07076462695665925,ok
real_vs_real,original,225000,226000,3454,0.2562187558972861,0.06564805087355308,ok
real_vs_real,original,226000,227000,3384,0.28466911146434787,0.0810365030219013,ok
real_vs_real,original,227000,228000,3543,0.26858378914732334,0.07213725179273384,ok
real_vs_real,original,228000,229000,3587,0.27056149546349423,0.07320352282744241,ok
real_vs_real,original,229000,230000,3477,0.2860440159938935,0.0818211790859148,ok
real_vs_real,original,230000,231000,3698,0.27012236260680966,0.07296609078028476,ok
real_vs_real,original,231000,232000,3470,0.3131588312310041,0.0980684535779685,ok
real_vs_real,original,232000,233000,3381,0.3417251642625336,0.11677608789025556,ok
real_vs_real,original,233000,234000,3675,0.32989525065973974,0.1088308764078525,ok
real_vs_real,original,234000,235000,4099,0.33098535346247704,0.10955130420668086,ok
real_vs_real,original,235000,236000,4867,0.34927930561459525,0.12199603333061382,ok
real_vs_real,original,236000,237000,5598,0.3588381445623049,0.12876481399291761,ok
real_vs_real,original,237000,238000,5776,0.3676238035063292,0.13514726090446016,ok
real_vs_real,original,238000,239000,6113,0.3816632308962698,0.14566682181817936,ok
real_vs_real,original,239000,240000,6265,0.38370263119135267,0.1472277091831672,ok
real_vs_real,original,240000,241000,5965,0.39778346460281966,0.15823168471142268,ok
real_vs_real,original,241000,242000,6253,0.40111923378261044,0.1608966397103485,ok
real_vs_real,original,242000,243000,6222,0.4129409304959717,0.1705202120788789,ok
real_vs_real,original,243000,244000,6347,0.41622621882762795,0.17324426523954445,ok
real_vs_real,original,244000,245000,6649,0.4309445669928149,0.18571321982062472,ok
real_vs_real,original,245000,246000,6613,0.4329496846895813,0.18744542947280785,ok
real_vs_real,original,246000,247000,6781,0.441915054025876,0.19528891497469292,ok
real_vs_real,original,247000,248000,6591,0.44632853369723313,0.1992091599923222,ok
real_vs_real,original,248000,249000,6377,0.4499909778498803,0.20249188014629146,ok
real_vs_real,original,249000,250000,6548,0.45643905650258126,0.20833661230096656,ok
real_vs_real,original,250000,251000,6768,0.45846537372336305,0.21019049890330296,ok
real_vs_real,original,251000,252000,6604,0.46297183834683503,0.21434292310224792,ok
real_vs_real,original,252000,253000,6983,0.4674487190217728,0.2185083049150963,ok
real_vs_real,original,253000,254000,7108,0.4700092693023166,0.22090871323009761,ok
real_vs_real,original,254000,255000,7103,0.47380861525748347,0.22449460389221398,ok
real_vs_real,original,255000,256000,7292,0.47824815737405035,0.22872130003167446,ok
real_vs_real,original,256000,257000,7202,0.48100069624158054,0.23136166978488523,ok
real_vs_real,original,257000,258000,7200,0.4875673089082206,0.23772188071600422,ok
real_vs_real,original,258000,259000,7363,0.4879016411271598,0.2380480114145758,ok
real_vs_real,original,259000,260000,7307,0.48595233655677345,0.23614967340498763,ok
real_vs_real,original,260000,261000,7402,0.48842124159662587,0.2385553092427896,ok
real_vs_real,original,261000,262000,7480,0.4895007236268409,0.23961095843120084,ok
real_vs_real,original,262000,263000,7495,0.4888320211748144,0.23895674492585417,ok
real_vs_real,original,263000,264000,7427,0.4908342755341258,0.2409182860391101,ok
real_vs_real,original,264000,265000,7442,0.4929238811756686,0.24297395263328467,ok
real_vs_real,original,265000,266000,7404,0.4959902494749718,0.24600632757424476,ok
real_vs_real,original,266000,267000,7400,0.49229922818709326,0.24235853007360775,ok
real_vs_real,original,267000,268000,7320,0.49173863106908766,0.2418068812857003,ok
real_vs_real,original,268000,269000,7198,0.4913828848447424,0.24145713951834136,ok
real_vs_real,original,269000,270000,7168,0.48766787314159254,0.2378199544944444,ok
real_vs_real,original,270000,271000,7134,0.48577181092560406,0.23597425228994082,ok
real_vs_real,original,271000,272000,6945,0.48312564560382387,0.23341038944011164,ok
real_vs_real,original,272000,273000,6802,0.48079675273778166,0.23116551744319558,ok
real_vs_real,original,273000,274000,6656,0.48162313230075054,0.23196084156718627,ok
real_vs_real,original,274000,275000,6481,0.47843447254022997,0.2288995445148481,ok
real_vs_real,original,275000,276000,6541,0.47712388345447904,0.2276472001626833,ok
real_vs_real,original,276000,277000,6362,0.47466902165687913,0.22531068012069877,ok
real_vs_real,original,277000,278000,6362,0.46644235506475384,0.21756847059835388,ok
real_vs_real,original,278000,279000,6371,0.46299519387233773,0.2143645495488836,ok
real_vs_real,original,279000,280000,6320,0.45935653069443794,0.2110084222916301,ok
real_vs_real,original,280000,281000,6411,0.45067088947280365,0.20310425061820803,ok
real_vs_real,original,281000,282000,6291,0.45046240029003254,0.20291637407505753,ok
real_vs_real,original,282000,283000,6262,0.45106887700881043,0.20346313180598935,ok
real_vs_real,original,283000,284000,6332,0.4358397684063924,0.18995630372453776,ok
real_vs_real,original,284000,285000,6393,0.4307357071990876,0.18553324945629815,ok
real_vs_real,original,285000,286000,6444,0.42205127936017856,0.1781272824095635,ok
real_vs_real,original,286000,287000,6546,0.4100234248896104,0.16811920895820598,ok
real_vs_real,original,287000,288000,6487,0.40306496314960055,0.16246136451878884,ok
real_vs_real,original,288000,289000,6583,0.3929378345829219,0.1544001418467157,ok
real_vs_real,original,289000,290000,6509,0.384375918718067,0.14774484689035805,ok
real_vs_real,original,290000,291000,6550,0.38275458108075944,0.14650106933830764,ok
real_vs_real,original,291000,292000,6533,0.37046480724338365,0.1372441734058774,ok
real_vs_real,original,292000,293000,6645,0.36448157093617867,0.13284681555210465,ok
real_vs_real,original,293000,294000,6606,0.3518346152182828,0.12378759646579712,ok
real_vs_real,original,294000,295000,6580,0.3381178936805234,0.11432371002695374,ok
real_vs_real,original,295000,296000,6645,0.3285273970740348,0.10793025062824052,ok
real_vs_real,original,296000,297000,6774,0.31899385678962483,0.10175708066951966,ok
real_vs_real,original,297000,298000,6427,0.3022455798996424,0.09135239056887112,ok
real_vs_real,original,298000,299000,6400,0.2905105479879478,0.08439637849225773,ok
real_vs_real,original,299000,300000,6198,0.2780527678691437,0.0773133417196919,ok
real_vs_real,original,300000,301000,6282,0.2679494288098472,0.07179689639952336,ok
real_vs_real,original,301000,302000,6130,0.25300862383297296,0.0640133637338548,ok
real_vs_real,original,302000,303000,6074,0.2352894416349536,0.05536112134488824,ok
real_vs_real,original,303000,304000,6031,0.22064792134715736,0.048685505194821344,ok
real_vs_real,original,304000,305000,6144,0.20585524698818003,0.04237638271256461,ok
real_vs_real,original,305000,306000,6029,0.19518902220617307,0.038098754389801925,ok
real_vs_real,original,306000,307000,6074,0.18478042476413015,0.03414380537601236,ok
real_vs_real,original,307000,308000,5977,0.17754683984190905,0.0315228803378485,ok
real_vs_real,original,308000,309000,5989,0.16391798385065093,0.026869105429662254,ok
real_vs_real,original,309000,310000,5645,0.1486016346402215,0.022082445817745877,ok
real_vs_real,original,310000,311000,5977,0.1363242482961272,0.01858430067350414,ok
real_vs_real,original,311000,312000,5593,0.11101619020291961,0.012324594487170826,ok
real_vs_real,original,312000,313000,5588,0.09842941842488928,0.009688350411461932,ok
real_vs_real,original,313000,314000,5654,0.08182335656337483,0.006695061679297176,ok
real_vs_real,original,314000,315000,5580,0.07886687950087211,0.006219984682205082,ok
real_vs_real,original,315000,316000,5342,0.0776206225575714,0.006024961046224964,ok
real_vs_real,original,316000,317000,5359,0.06962343923061377,0.004847423290298969,ok
real_vs_real,original,317000,318000,5239,0.06625770880904722,0.004390083976624493,ok
real_vs_real,original,318000,319000,4902,0.07786693798620999,0.006063260031348272,ok
real_vs_real,original,319000,320000,4778,0.10553537928164554,0.01113771628012078,ok
real_vs_real,original,320000,321000,4270,0.17197960008555252,0.029576982845586575,ok
real_vs_real,original,321000,322000,4051,0.1968538230052066,0.0387514276317652,ok
real_vs_real,original,322000,323000,3903,0.23252171884431908,0.054066349734316566,ok
real_vs_real,original,323000,324000,3776,0.24341833031024965,0.0592524835310298,ok
real_vs_real,original,324000,325000,3741,0.24572223190911407,0.06037941525439644,ok
real_vs_real,original,325000,326000,3723,0.2661866705444449,0.07085534357553686,ok
real_vs_real,original,326000,327000,3711,0.2755230352398169,0.07591294294776141,ok
real_vs_real,original,327000,328000,3782,0.30190440349394426,0.09114626884903432,ok
real_vs_real,original,328000,329000,3604,0.3364122922705587,0.1131732303907318,ok
real_vs_real,original,329000,330000,3766,0.33201952571320864,0.11023696545482403,ok
real_vs_real,original,330000,331000,3710,0.34046713421619434,0.1159178694813881,ok
real_vs_real,original,331000,332000,3606,0.35290947693404906,0.1245450989098641,ok
real_vs_real,original,332000,333000,3631,0.3347203506698452,0.11203771315254413,ok
real_vs_real,original,333000,334000,3646,0.366937813742831,0.13464335915436854,ok
real_vs_real,original,334000,335000,3836,0.3521553875309066,0.12401341696704299,ok
real_vs_real,original,335000,336000,4264,0.35126510409696315,0.12338717335625038,ok
real_vs_real,original,336000,337000,4649,0.3569661290236436,0.12742481727012456,ok
real_vs_real,original,337000,338000,4741,0.3662249242551552,0.13412069514569414,ok
real_vs_real,original,338000,339000,5068,0.3720223996066377,0.13840066580908084,ok
real_vs_real,original,339000,340000,5303,0.3744663713312495,0.14022506325799322,ok
real_vs_real,original,340000,341000,5478,0.3871299469093861,0.14986959579406411,ok
real_vs_real,original,341000,342000,5600,0.3960883361959808,0.1568859700705003,ok
real_vs_real,original,342000,343000,5913,0.40089415214290675,0.16071612122238005,ok
real_vs_real,original,343000,344000,6072,0.41003986367035467,0.16813268979880303,ok
real_vs_real,original,344000,345000,6111,0.4205480044725875,0.1768606240658755,ok
real_vs_real,original,345000,346000,6130,0.42507762248784564,0.18069098513991944,ok
real_vs_real,original,346000,347000,6252,0.433124859220975,0.18759714367518943,ok
real_vs_real,original,347000,348000,6278,0.44083225349156746,0.1943330757184536,ok
real_vs_real,original,348000,349000,6355,0.4472906019988613,0.20006888263650371,ok
real_vs_real,original,349000,350000,6555,0.45120125324094096,0.20358257092619575,ok
real_vs_real,original,350000,351000,6866,0.45299480511861284,0.20520429346445004,ok
real_vs_real,original,351000,352000,7252,0.4583772896491184,0.2101097396660718,ok
real_vs_real,original,352000,353000,7442,0.4613372113056744,0.21283202253529646,ok
real_vs_real,original,353000,354000,7223,0.4679763315928187,0.21900184693107183,ok
real_vs_real,original,354000,355000,7552,0.4728616603348396,0.22359814981462126,ok
real_vs_real,original,355000,356000,7539,0.47714560514122595,0.22766792850558673,ok
real_vs_real,original,356000,357000,7576,0.48171916174181534,0.23205335078923725,ok
real_vs_real,original,357000,358000,7718,0.4874800786804791,0.2376368271103261,ok
real_vs_real,original,358000,359000,7968,0.4858218962019021,0.23602291482921173,ok
real_vs_real,original,359000,360000,7787,0.489356027942112,0.23946932208328112,ok
real_vs_real,original,360000,361000,7962,0.4901586186938075,0.2402554714798214,ok
real_vs_real,original,361000,362000,7825,0.493262700827875,0.2433080920280097,ok
real_vs_real,original,362000,363000,7903,0.4939244085077893,0.24396132131976953,ok
real_vs_real,original,363000,364000,7898,0.4946085433832404,0.2446376111876908,ok
real_vs_real,original,364000,365000,7695,0.49434369445246773,0.24437568824491476,ok
real_vs_real,original,365000,366000,7659,0.49474057290970225,0.2447682344830204,ok
real_vs_real,original,366000,367000,7571,0.4962857717684381,0.2462995672597942,ok
real_vs_real,original,367000,368000,7652,0.4933438576764119,0.24338816190704377,ok
real_vs_real,original,368000,369000,7611,0.4885761811581301,0.238706684795062,ok
real_vs_real,original,369000,370000,7501,0.49223799569718946,0.2422982444079863,ok
real_vs_real,original,370000,371000,7473,0.4925865998330546,0.24264155833508985,ok
real_vs_real,original,371000,372000,7384,0.4880503597577553,0.2381931536596744,ok
real_vs_real,original,372000,373000,7259,0.4885364978118715,0.23866790969428872,ok
real_vs_real,original,373000,374000,7147,0.483114882269652,0.2333999894704197,ok
real_vs_real,original,374000,375000,7157,0.48102858041415586,0.231388495175258,ok
real_vs_real,original,375000,376000,7157,0.47481102797010394,0.2254455122820268,ok
real_vs_real,original,376000,377000,7000,0.4732805858733466,0.2239945129646182,ok
real_vs_real,original,377000,378000,6832,0.4747899342962571,0.22542548170904414,ok
real_vs_real,original,378000,379000,7072,0.4660100962262665,0.21716540978481416,ok
real_vs_real,original,379000,380000,6800,0.4625995756467652,0.21399836738856723,ok
real_vs_real,original,380000,381000,6896,0.4577656807132037,0.20954941843882277,ok
real_vs_real,original,381000,382000,6649,0.45380578855580467,0.2059396937267557,ok
real_vs_real,original,382000,383000,6663,0.44350173399587844,0.19669378805735094,ok
real_vs_real,original,383000,384000,6635,0.4378763349882371,0.1917356847427308,ok
real_vs_real,original,384000,385000,6666,0.4276405789199142,0.18287646473895938,ok
real_vs_real,original,385000,386000,6700,0.4224566938458853,0.17846965817519606,ok
real_vs_real,original,386000,387000,6783,0.4236675443632089,0.1794941881467516,ok
real_vs_real,original,387000,388000,6810,0.41336036893422484,0.17086679460543847,ok
real_vs_real,original,388000,389000,6854,0.4053559099023038,0.16431341369272462,ok
real_vs_real,original,389000,390000,6681,0.3931823498821061,0.1545923602588149,ok
real_vs_real,original,390000,391000,6615,0.3816743015924679,0.14567527249609813,ok
real_vs_real,original,391000,392000,6702,0.3722437731428728,0.13856542664364258,ok
real_vs_real,original,392000,393000,6590,0.36169192803729955,0.13082105080733908,ok
real_vs_real,original,393000,394000,6706,0.3540870240283715,0.12537762058526852,ok
real_vs_real,original,394000,395000,6834,0.35066790606097464,0.12296798034118855,ok
real_vs_real,original,395000,396000,6688,0.33694227231006546,0.1135300948694703,ok
real_vs_real,original,396000,397000,6751,0.3244301620580035,0.10525493005298242,ok
real_vs_real,original,397000,398000,6834,0.3184503341290033,0.10141061530687384,ok
real_vs_real,original,398000,399000,6528,0.2983560195506082,0.08901631440208291,ok
real_vs_real,original,399000,400000,6359,0.2843097028247436,0.08083200712029404,ok
real_vs_real,original,400000,401000,6347,0.271713875195289,0.07382842997364109,ok
real_vs_real,original,401000,402000,6285,0.2614934212269139,0.06837880934495622,ok
real_vs_real,original,402000,403000,6407,0.24874076976937456,0.06187197054546101,ok
real_vs_real,original,403000,404000,6315,0.2401302531603661,0.057662538482861514,ok
real_vs_real,original,404000,405000,6311,0.22744129199568086,0.05172954130466456,ok
real_vs_real,original,405000,406000,6263,0.21322056868533693,0.04546301091049848,ok
real_vs_real,original,406000,407000,6161,0.1912371405197149,0.03657164391415718,ok
real_vs_real,original,407000,408000,6014,0.1705922362172368,0.029101711057597512,ok
real_vs_real,original,408000,409000,5847,0.15743025341373348,0.02478428468991234,ok
real_vs_real,original,409000,410000,5827,0.1423208203902778,0.02025521591656171,ok
real_vs_real,original,410000,411000,5816,0.13443864931693528,0.018073750430161906,ok
real_vs_real,original,411000,412000,5879,0.13048543626877468,0.01702644907825246,ok
real_vs_real,original,412000,413000,5654,0.10702740724469392,0.01145486590152156,ok
real_vs_real,original,413000,414000,5587,0.10281196085675362,0.010570299295210639,ok
real_vs_real,original,414000,415000,5326,0.0647587985568151,0.004193701990522158,ok
real_vs_real,original,415000,416000,5102,0.03482570971064529,0.0012128300568501338,ok
real_vs_real,original,416000,417000,4905,0.011812579572986882,0.00013953703616814694,ok
real_vs_real,original,417000,418000,4688,0.02532772799682543,0.0006414938054811747,ok
real_vs_real,original,418000,419000,4389,0.0679292694137441,0.004614385643085028,ok
real_vs_real,original,419000,420000,4065,0.10697643659692258,0.011443957986975395,ok
real_vs_real,original,420000,421000,3895,0.16063113380325045,0.02580236114691775,ok
real_vs_real,original,421000,422000,3682,0.19556394854673537,0.03824525797119016,ok
real_vs_real,original,422000,423000,3541,0.22548368120528514,0.05084289048988666,ok
real_vs_real,original,423000,424000,3443,0.2735674277245443,0.07483913751182375,ok
real_vs_real,original,424000,425000,3405,0.25947493311081105,0.06732724091285985,ok
real_vs_real,original,425000,426000,3471,0.2633596617744706,0.06935831144996357,ok
real_vs_real,original,426000,427000,3470,0.2853955111978487,0.08145059781188135,ok
real_vs_real,original,427000,428000,3531,0.2530967524220857,0.06405796608660652,ok
real_vs_real,original,428000,429000,3487,0.26489499381703463,0.07016935774932681,ok
real_vs_real,original,429000,430000,3505,0.2842901597764204,0.08082089494570266,ok
real_vs_real,original,430000,431000,3697,0.27184334671555643,0.07389880515351421,ok
real_vs_real,original,431000,432000,3544,0.2950425516817906,0.08705010730290208,ok
real_vs_real,original,432000,433000,3446,0.33429148072773507,0.11175079408714167,ok
real_vs_real,original,433000,434000,3442,0.3207205181169447,0.10286165074120146,ok
real_vs_real,original,434000,435000,3642,0.35622250196105265,0.12689447090339218,ok
real_vs_real,original,435000,436000,4114,0.33880216319708023,0.114786905787021,ok
real_vs_real,original,436000,437000,5296,0.34772318931862445,0.12091141638991593,ok
real_vs_real,original,437000,438000,5541,0.3644210266752211,0.1328026846830222,ok
real_vs_real,original,438000,439000,5919,0.37597456684357733,0.14135687491321558,ok
real_vs_real,original,439000,440000,6105,0.3850030587258039,0.14822735522822483,ok
real_vs_real,original,440000,441000,5992,0.38785271276197214,0.15042972679682087,ok
real_vs_real,original,441000,442000,6165,0.4000225564484752,0.1600180456675735,ok
real_vs_real,original,442000,443000,6188,0.40667676511438805,0.16538599128390313,ok
real_vs_real,original,443000,444000,6266,0.41737944874075944,0.17420560423114023,ok
real_vs_real,original,444000,445000,6487,0.42527725107333725,0.18086074028049431,ok
real_vs_real,original,445000,446000,6520,0.4315461680543517,0.18623209516239475,ok
real_vs_real,original,446000,447000,6538,0.439833287054669,0.19345332040131485,ok
real_vs_real,original,447000,448000,6623,0.44563214409822544,0.19858800785358155,ok
real_vs_real,original,448000,449000,6355,0.45230796681996,0.20458249684880603,ok
real_vs_real,original,449000,450000,6373,0.459881027636798,0.21149055958027735,ok
real_vs_real,original,450000,451000,6544,0.4584975586349817,0.2102200112742385,ok
real_vs_real,original,451000,452000,6580,0.46141975301104315,0.21290818846877205,ok
real_vs_real,original,452000,453000,6899,0.4697721996409026,0.22068591955545208,ok
real_vs_real,original,453000,454000,7011,0.47127790249135465,0.2221028613766508,ok
real_vs_real,original,454000,455000,7050,0.47383462191194836,0.22451924892243907,ok
real_vs_real,original,455000,456000,7200,0.4752312418242601,0.22584473320582835,ok
real_vs_real,original,456000,457000,7153,0.4811703669714726,0.23152492205146158,ok
real_vs_real,original,457000,458000,7263,0.482995141866315,0.23328430706646175,ok
real_vs_real,original,458000,459000,7426,0.4856413513996197,0.23584752218924895,ok
real_vs_real,original,459000,460000,7221,0.4891517791946171,0.23926946308925948,ok
real_vs_real,original,460000,461000,7313,0.489538136050659,0.2396475866479535,ok
real_vs_real,original,461000,462000,7492,0.49156898740064187,0.24164006937409238,ok
real_vs_real,original,462000,463000,7444,0.4943490033406503,0.2443809371038943,ok
real_vs_real,original,463000,464000,7370,0.4936018846976346,0.24364282057705697,ok
real_vs_real,original,464000,465000,7437,0.49494594623175464,0.24497148969124696,ok
real_vs_real,original,465000,466000,7342,0.4981896242832716,0.24819290174350736,ok
real_vs_real,original,466000,467000,7383,0.4989878996452356,0.2489889239923637,ok
real_vs_real,original,467000,468000,7368,0.4968522936897021,0.24686220174471799,ok
real_vs_real,original,468000,469000,7210,0.49562936190252865,0.2456484643799077,ok
real_vs_real,original,469000,470000,7301,0.49097914264586684,0.24106051851327046,ok
real_vs_real,original,470000,471000,7193,0.49089638700409216,0.2409792627736714,ok
real_vs_real,original,471000,472000,6946,0.48610694303157764,0.23629996006350545,ok
real_vs_real,original,472000,473000,6978,0.4827705352000106,0.23306738965730467,ok
real_vs_real,original,473000,474000,6668,0.4861886803306081,0.2363794328816182,ok
real_vs_real,original,474000,475000,6667,0.48238039344299616,0.2326908439782198,ok
real_vs_real,original,475000,476000,6638,0.48163417366822464,0.23197147724507358,ok
real_vs_real,original,476000,477000,6406,0.4782564388404939,0.22872922129239107,ok
real_vs_real,original,477000,478000,6484,0.4708723043828151,0.22172072703478243,ok
real_vs_real,original,478000,479000,6414,0.4668174079249539,0.2179184923417728,ok
real_vs_real,original,479000,480000,6414,0.4612921606241364,0.21279045745328407,ok
real_vs_real,original,480000,481000,6442,0.4535697989529083,0.20572556252218163,ok
real_vs_real,original,481000,482000,6392,0.4537973714955639,0.2059320543762828,ok
real_vs_real,original,482000,483000,6199,0.45494592470483614,0.20697579440553843,ok
real_vs_real,original,483000,484000,6354,0.44180919708481825,0.1951953666287318,ok
real_vs_real,original,484000,485000,6335,0.43531618536954036,0.18950018124468804,ok
real_vs_real,original,485000,486000,6455,0.4243532763180627,0.18007570312187404,ok
real_vs_real,original,486000,487000,6529,0.41699410645256174,0.1738840848161704,ok
real_vs_real,original,487000,488000,6548,0.4069111650180978,0.16557669621638565,ok
real_vs_real,original,488000,489000,6553,0.3984755078370561,0.15878273034599977,ok
real_vs_real,original,489000,490000,6645,0.3929341311631942,0.1543972314329743,ok
real_vs_real,original,490000,491000,6520,0.3863950362156902,0.14930112401212453,ok
real_vs_real,original,491000,492000,6540,0.3772264799882564,0.14229981720433044,ok
real_vs_real,original,492000,493000,6666,0.36713082520239587,0.13478504281379217,ok
real_vs_real,original,493000,494000,6675,0.35861314140967615,0.12860338519171638,ok
real_vs_real,original,494000,495000,6610,0.34329372205413117,0.11785057960177908,ok
real_vs_real,original,495000,496000,6702,0.33722437063476457,0.11372027615001307,ok
real_vs_real,original,496000,497000,6672,0.3237869013047153,0.10483795745650948,ok
real_vs_real,original,497000,498000,6714,0.3121616454368861,0.0974448928818642,ok
real_vs_real,original,498000,499000,6440,0.29838974360932835,0.0890364390912407,ok
real_vs_real,original,499000,500000,6417,0.2898138863786061,0.08399208873787162,ok
real_vs_real,original,500000,501000,6258,0.27338495689406456,0.07473933465596955,ok
real_vs_real,original,501000,502000,6265,0.2665395092115783,0.07104330997074904,ok
real_vs_real,original,502000,503000,6156,0.24130010244750114,0.05822573944117454,ok
real_vs_real,original,503000,504000,6191,0.22655182034839433,0.05132572730317114,ok
real_vs_real,original,504000,505000,6219,0.21469345556355085,0.04609327986181838,ok
real_vs_real,original,505000,506000,6202,0.20431578245714838,0.04174493896107678,ok
real_vs_real,original,506000,507000,6146,0.19186258317996965,0.03681125082449077,ok
real_vs_real,original,507000,508000,6102,0.18427742483358114,0.03395816930329615,ok
real_vs_real,original,508000,509000,5943,0.16669084082385854,0.027785836414564946,ok
real_vs_real,original,509000,510000,5986,0.15903226599009196,0.025291261625943362,ok
real_vs_real,original,510000,511000,5981,0.14039372138875614,0.019710397005383684,ok
real_vs_real,original,511000,512000,5818,0.12185745143549294,0.01484923847035352,ok
real_vs_real,original,512000,513000,5892,0.1091731007522679,0.011918765927864838,ok
real_vs_real,original,513000,514000,5579,0.097182710663899,0.009444479251983107,ok
real_vs_real,original,514000,515000,5672,0.08571126586673414,0.007346421096477984,ok
real_vs_real,original,515000,516000,5557,0.08253731908469583,0.006812409041688894,ok
real_vs_real,original,516000,517000,5526,0.0774053564700969,0.005991589210262771,ok
real_vs_real,original,517000,518000,5343,0.06938032498805528,0.004813629495448168,ok
real_vs_real,original,518000,519000,5193,0.06941670236380534,0.004818678567065138,ok
real_vs_real,original,519000,520000,4972,0.0910646943333663,0.008292778554029434,ok
real_vs_real,original,520000,521000,4563,0.13407681112228373,0.017976591280720544,ok
real_vs_real,original,521000,522000,4246,0.17994355057887282,0.03237968139493136,ok
real_vs_real,original,522000,523000,4042,0.20936717068722918,0.04383461216157536,ok
real_vs_real,original,523000,524000,3838,0.2179626716141773,0.04750772621718968,ok
real_vs_real,original,524000,525000,3956,0.22644953740318902,0.0512793929901183,ok
real_vs_real,original,525000,526000,3802,0.25725344472542583,0.06617933482309774,ok
real_vs_real,original,526000,527000,3863,0.25386911660783407,0.06444952836724205,ok
real_vs_real,original,527000,528000,3821,0.2878360221732628,0.08284957566052703,ok
real_vs_real,original,528000,529000,3855,0.30313036198004106,0.09188801635415073,ok
real_vs_real,original,529000,530000,3766,0.32224442283936555,0.1038414680510758,ok
real_vs_real,original,530000,531000,3762,0.3444241302049509,0.11862798146743697,ok
real_vs_real,original,531000,532000,3715,0.3407628499850056,0.11611931992990343,ok
real_vs_real,original,532000,533000,3727,0.33991939543172983,0.1155451953906727,ok
real_vs_real,original,533000,534000,3795,0.3380651825348208,0.1142880676423017,ok
real_vs_real,original,534000,535000,3754,0.36171713609844314,0.13083928654725963,ok
real_vs_real,original,535000,536000,4264,0.3476489936888171,0.12085982281284718,ok
real_vs_real,original,536000,537000,4492,0.3565680505277955,0.12714077465719253,ok
real_vs_real,original,537000,538000,4783,0.356323136113661,0.12696617732987459,ok
real_vs_real,original,538000,539000,5080,0.36706565381318784,0.13473719420930308,ok
real_vs_real,original,539000,540000,5299,0.3727734309756388,0.13896003084134934,ok
real_vs_real,original,540000,541000,5477,0.3835784601426005,0.14713243508536855,ok
real_vs_real,original,541000,542000,5632,0.3933867535405873,0.15475313786120276,ok
real_vs_real,original,542000,543000,5975,0.4010162209408984,0.16081400945771945,ok
real_vs_real,original,543000,544000,6072,0.4077728177328858,0.1662786708818173,ok
real_vs_real,original,544000,545000,6055,0.4176194229397072,0.17440598241649408,ok
real_vs_real,original,545000,546000,6160,0.4229131684312166,0.17885554803253062,ok
real_vs_real,original,546000,547000,6280,0.42868581737091543,0.18377153001496987,ok
real_vs_real,original,547000,548000,6346,0.43644773480372023,0.19048662521529852,ok
real_vs_real,original,548000,549000,6219,0.4451355537030618,0.1981456611705314,ok
real_vs_real,original,549000,550000,6656,0.44902563778177357,0.2016240233853285,ok
real_vs_real,original,550000,551000,6928,0.45039854940474894,0.2028588533059021,ok
real_vs_real,original,551000,552000,7275,0.4559295085270034,0.20787171674567487,ok
real_vs_real,original,552000,553000,7382,0.45831678343634935,0.21005427397944154,ok
real_vs_real,original,553000,554000,7382,0.46596257147800135,0.2171211180183915,ok
real_vs_real,original,554000,555000,7528,0.4682889483716668,0.21929453916704159,ok
real_vs_real,original,555000,556000,7566,0.4740112819468254,0.2246866954128728,ok
real_vs_real,original,556000,557000,7721,0.4792947978094324,0.2297235032071847,ok
real_vs_real,original,557000,558000,7706,0.4841823543600023,0.23443255227359483,ok
real_vs_real,original,558000,559000,7814,0.4875186058258766,0.23767439102640645,ok
real_vs_real,original,559000,560000,7955,0.4878421894125484,0.2379900017708288,ok
real_vs_real,original,560000,561000,7714,0.4922284124213634,0.2422888099948558,ok
real_vs_real,original,561000,562000,7885,0.4932986883803529,0.2433435959577765,ok
real_vs_real,original,562000,563000,7867,0.49348991203720516,0.2435322932824885,ok
real_vs_real,original,563000,564000,7866,0.49493623762163436,0.2449618793110589,ok
real_vs_real,original,564000,565000,7703,0.49428440407222535,0.24431707210903494,ok
real_vs_real,original,565000,566000,7552,0.4964467213634822,0.24645934715255097,ok
real_vs_real,original,566000,567000,7585,0.49481012356038606,0.2448370583778445,ok
real_vs_real,original,567000,568000,7596,0.49368417908260526,0.24372406867646587,ok
real_vs_real,original,568000,569000,7397,0.49429893619213244,0.2443314383206738,ok
real_vs_real,original,569000,570000,7549,0.49244513045724897,0.24250220651105697,ok
real_vs_real,original,570000,571000,7412,0.49237186442705255,0.24243005287937183,ok
real_vs_real,original,571000,572000,7441,0.4886953680255919,0.2388231627296687,ok
real_vs_real,original,572000,573000,7287,0.48751716107725374,0.23767298234482498,ok
real_vs_real,original,573000,574000,7135,0.48262300176517553,0.23292496183282863,ok
real_vs_real,original,574000,575000,7103,0.48068229843437704,0.23105547202815552,ok
real_vs_real,original,575000,576000,7026,0.47801490650322653,0.22849825083928843,ok
real_vs_real,original,576000,577000,6908,0.475423670293365,0.22602766627521426,ok
real_vs_real,original,577000,578000,6998,0.47062003056012336,0.22148321316441144,ok
real_vs_real,original,578000,579000,6906,0.47218755948652286,0.22296109133383854,ok
real_vs_real,original,579000,580000,6831,0.46410691699725687,0.21539523040469868,ok
real_vs_real,original,580000,581000,6789,0.46156890716968807,0.2130458560658201,ok
real_vs_real,original,581000,582000,6572,0.45176507015396894,0.2040916786112205,ok
real_vs_real,original,582000,583000,6534,0.4456184172377841,0.19857577378150787,ok
real_vs_real,original,583000,584000,6547,0.4390384135550445,0.1927547285769303,ok
real_vs_real,original,584000,585000,6555,0.4300440125866645,0.18493785276163927,ok
real_vs_real,original,585000,586000,6739,0.42530731599969845,0.18088631304286734,ok
real_vs_real,original,586000,587000,6681,0.4249517120251991,0.18058395755314777,ok
real_vs_real,original,587000,588000,6817,0.4132822407222793,0.17080221049642802,ok
real_vs_real,original,588000,589000,6721,0.4079357080167885,0.16641154187515855,ok
real_vs_real,original,589000,590000,6632,0.39533330000027717,0.15628841808910915,ok
real_vs_real,original,590000,591000,6486,0.3835633914751161,0.14712087527989315,ok
real_vs_real,original,591000,592000,6583,0.37446123545273474,0.14022121685678846,ok
real_vs_real,original,592000,593000,6682,0.362874871154277,0.13167817211523314,ok
real_vs_real,original,593000,594000,6656,0.356356618225393,0.1269900393530385,ok
real_vs_real,original,594000,595000,6850,0.34961487013567427,0.1222305574199844,ok
real_vs_real,original,595000,596000,6732,0.3383700619093297,0.11449429879652362,ok
real_vs_real,original,596000,597000,6844,0.327861745455031,0.10749332413281953,ok
real_vs_real,original,597000,598000,6785,0.3168458617211758,0.10039130008983443,ok
real_vs_real,original,598000,599000,6509,0.3020594206371031,0.0912398935956224,ok
real_vs_real,original,599000,600000,6346,0.2848122269135468,0.08111800459945367,ok
real_vs_real,original,600000,601000,6301,0.2743168847976286,0.07524975328507544,ok
real_vs_real,original,601000,602000,6323,0.2607409774886455,0.06798585734173435,ok
real_vs_real,original,602000,603000,6358,0.25354063822516376,0.06428285523162336,ok
real_vs_real,original,603000,604000,6372,0.2417411367507865,0.058438777197562464,ok
real_vs_real,original,604000,605000,6187,0.22440083647793493,0.050355735411996894,ok
real_vs_real,original,605000,606000,6370,0.2158558061375509,0.046593729043291954,ok
real_vs_real,original,606000,607000,6235,0.19341425600059534,0.03740907442426383,ok
real_vs_real,original,607000,608000,5912,0.17538162740766303,0.03075871523216034,ok
real_vs_real,original,608000,609000,5850,0.16049380333138827,0.025758260907774333,ok
real_vs_real,original,609000,610000,5816,0.1377837662613201,0.018984366245154094,ok
real_vs_real,original,610000,611000,5777,0.1404123747537089,0.019715634983975994,ok
real_vs_real,original,611000,612000,5893,0.13314256321555526,0.017726942139608126,ok
real_vs_real,original,612000,613000,5642,0.1097348219373219,0.012041731145615742,ok
real_vs_real,original,613000,614000,5637,0.09730595735197,0.009468449336183404,ok
real_vs_real,original,614000,615000,5354,0.0664027864072133,0.00440933004264199,ok
real_vs_real,original,615000,616000,4988,0.036407511151784644,0.0013255068682673232,ok
real_vs_real,original,616000,617000,4906,0.013308830765238597,0.00017712497633776136,ok
real_vs_real,original,617000,618000,4567,0.027371918032823427,0.0007492218967956044,ok
real_vs_real,original,618000,619000,4363,0.06396903235941227,0.004092037100999535,ok
real_vs_real,original,619000,620000,4213,0.09905994429553673,0.00981287256383484,ok
real_vs_real,original,620000,621000,3766,0.14173747263994643,0.020089511150359562,ok
real_vs_real,original,621000,622000,3578,0.2144172076996916,0.045974738957732686,ok
real_vs_real,original,622000,623000,3562,0.2245632035192522,0.050428632374829085,ok
real_vs_real,original,623000,624000,3357,0.2585138904179861,0.06682943153904253,ok
real_vs_real,original,624000,625000,3380,0.26231740272599574,0.06881041977291225,ok
real_vs_real,original,625000,626000,3450,0.26736608092094094,0.07148462122702315,ok
real_vs_real,original,626000,627000,3264,0.27429263139271637,0.07523644763634058,ok
real_vs_real,original,627000,628000,3532,0.2515642670093055,0.06328458043592916,ok
real_vs_real,original,628000,629000,3660,0.2529480330230502,0.0639827074102301,ok
real_vs_real,original,629000,630000,3489,0.28438147192121516,0.08087282157207687,ok
real_vs_real,original,630000,631000,3685,0.2698471782892776,0.07281749963068518,ok
real_vs_real,original,631000,632000,3539,0.2999377841621532,0.0899626743681024,ok
real_vs_real,original,632000,633000,3360,0.3267756063269675,0.10678229689035723,ok
real_vs_real,original,633000,634000,3540,0.3231363902116886,0.10441712667904068,ok
real_vs_real,original,634000,635000,3535,0.3326032489612721,0.11062492121959394,ok
real_vs_real,original,635000,636000,4201,0.3343835184642648,0.11181233742054131,ok
real_vs_real,original,636000,637000,5056,0.34552255739462895,0.11938583766852467,ok
real_vs_real,original,637000,638000,5651,0.36046144665596014,0.1299324545253076,ok
real_vs_real,original,638000,639000,5923,0.3693516254239737,0.13642062320333137,ok
real_vs_real,original,639000,640000,6112,0.3764198527948383,0.14169190557808775,ok
real_vs_real,original,640000,641000,5952,0.3856052962062738,0.14869144446232818,ok
real_vs_real,original,641000,642000,6134,0.3981286347300113,0.15850640979198277,ok
real_vs_real,original,642000,643000,6167,0.4027051969437468,0.16217147564550188,ok
real_vs_real,original,643000,644000,6311,0.41669077959628126,0.17363120580055663,ok
real_vs_real,original,644000,645000,6635,0.417906917004934,0.1746461912805688,ok
real_vs_real,original,645000,646000,6609,0.4278086116104913,0.18302020816809617,ok
real_vs_real,original,646000,647000,6595,0.4367632067600804,0.19076209877934874,ok
real_vs_real,original,647000,648000,6684,0.43936313343441763,0.19303996302130988,ok
real_vs_real,original,648000,649000,6353,0.4479669701041496,0.20067440630429206,ok
real_vs_real,original,649000,650000,6448,0.4537940399002383,0.20592903064897908,ok
real_vs_real,original,650000,651000,6560,0.4537251632711125,0.2058665237853977,ok
real_vs_real,original,651000,652000,6637,0.4588966236668301,0.21058611121281628,ok
real_vs_real,original,652000,653000,6894,0.4643628014931015,0.21563281141052157,ok
real_vs_real,original,653000,654000,6971,0.46656720955899994,0.21768496103567175,ok
real_vs_real,original,654000,655000,7122,0.47236277049278813,0.2231265869476224,ok
real_vs_real,original,655000,656000,7111,0.4729937861943922,0.22372312177850642,ok
real_vs_real,original,656000,657000,7071,0.4775504735304826,0.22805445476918812,ok
real_vs_real,original,657000,658000,7268,0.48085318217136636,0.23121978280432925,ok
real_vs_real,original,658000,659000,7238,0.4851415186773512,0.23536229314456675,ok
real_vs_real,original,659000,660000,7240,0.4879585687177195,0.23810356478504538,ok
real_vs_real,original,660000,661000,7415,0.4871765439334649,0.23734098495895523,ok
real_vs_real,original,661000,662000,7541,0.4884282881121423,0.2385621926281579,ok
real_vs_real,original,662000,663000,7372,0.4901202537976722,0.24021786318269464,ok
real_vs_real,original,663000,664000,7560,0.4884920903732156,0.23862452235719384,ok
real_vs_real,original,664000,665000,7417,0.4901741823867349,0.24027072907850405,ok
real_vs_real,original,665000,666000,7328,0.49456838133154557,0.2445978838129051,ok
real_vs_real,original,666000,667000,7455,0.494310869631811,0.24434323583615725,ok
real_vs_real,original,667000,668000,7396,0.4943948364821998,0.24442625434026105,ok
real_vs_real,original,668000,669000,7238,0.4879837107641512,0.23812810197115078,ok
real_vs_real,original,669000,670000,7384,0.49148604675352714,0.24155853415341025,ok
real_vs_real,original,670000,671000,7286,0.48885738078796404,0.23898153875086847,ok
real_vs_real,original,671000,672000,6956,0.48335280757292615,0.23362993658863018,ok
real_vs_real,original,672000,673000,6999,0.4826737807675996,0.2329739786404888,ok
real_vs_real,original,673000,674000,6725,0.4845506603301416,0.23478934242637628,ok
real_vs_real,original,674000,675000,6500,0.4820622074276302,0.23238397182999954,ok
real_vs_real,original,675000,676000,6582,0.47682929732417506,0.22736617878666654,ok
real_vs_real,original,676000,677000,6597,0.476337930925932,0.226897824438798,ok
real_vs_real,original,677000,678000,6379,0.47352737638592834,0.22422817618694066,ok
real_vs_real,original,678000,679000,6439,0.4661589934179896,0.21730420714447327,ok
real_vs_real,original,679000,680000,6334,0.4630823374417553,0.21444525125051975,ok
real_vs_real,original,680000,681000,6275,0.4589106989358836,0.2105990295978212,ok
real_vs_real,original,681000,682000,6383,0.4578309230601621,0.20960915411012007,ok
real_vs_real,original,682000,683000,6242,0.4555739616108163,0.20754763449777355,ok
real_vs_real,original,683000,684000,6168,0.44472320430389783,0.19777872844632644,ok
real_vs_real,original,684000,685000,6306,0.43681651955654516,0.1908086717574936,ok
real_vs_real,original,685000,686000,6446,0.4272730216726953,0.18256223504931557,ok
real_vs_real,original,686000,687000,6474,0.4184513333426254,0.175101518376221,ok
real_vs_real,original,687000,688000,6502,0.4111631624676504,0.16905514617039946,ok
real_vs_real,original,688000,689000,6503,0.39989248817010764,0.15991400209487966,ok
real_vs_real,original,689000,690000,6597,0.3930402126864678,0.15448060878862385,ok
real_vs_real,original,690000,691000,6511,0.38853492031346387,0.15095938430298972,ok
real_vs_real,original,691000,692000,6511,0.3807140337828359,0.14494317551919833,ok
real_vs_real,original,692000,693000,6660,0.3733392217787217,0.13938217451834156,ok
real_vs_real,original,693000,694000,6647,0.3606849526220643,0.13009363504798077,ok
real_vs_real,original,694000,695000,6654,0.3471235921502831,0.12049478822731607,ok
real_vs_real,original,695000,696000,6699,0.3375644237190731,0.1139497401607899,ok
real_vs_real,original,696000,697000,6499,0.3253156962604297,0.10583030223340817,ok
real_vs_real,original,697000,698000,6652,0.31688067885054194,0.10041336462878031,ok
real_vs_real,original,698000,699000,6497,0.3068921391368438,0.09418278506398792,ok
real_vs_real,original,699000,700000,6489,0.2925664027703091,0.08559510002995874,ok
real_vs_real,original,700000,701000,6143,0.27774253167098323,0.07714091389900712,ok
real_vs_real,original,701000,702000,6252,0.26667748331988134,0.07111688010982559,ok
real_vs_real,original,702000,703000,6081,0.25025717789823615,0.06262865508958942,ok
real_vs_real,original,703000,704000,6242,0.23596692747291317,0.05568039086100707,ok
real_vs_real,original,704000,705000,5953,0.2166239119258981,0.04692591921807926,ok
real_vs_real,original,705000,706000,6154,0.20536400137618746,0.042174373061238724,ok
real_vs_real,original,706000,707000,5956,0.19676508895502098,0.038716500231477324,ok
real_vs_real,original,707000,708000,5988,0.18978153824513103,0.03601703225868813,ok
real_vs_real,original,708000,709000,5958,0.1778045300801469,0.031614450917021863,ok
real_vs_real,original,709000,710000,5928,0.1621655894931433,0.026297678415658665,ok
real_vs_real,original,710000,711000,5927,0.1453785826781737,0.021134932301514586,ok
real_vs_real,original,711000,712000,5818,0.12761545350009837,0.01628570397203577,ok
real_vs_real,original,712000,713000,5752,0.1095657665454099,0.012004657198683266,ok
real_vs_real,original,713000,714000,5501,0.0952681943847821,0.009076028861336627,ok
real_vs_real,original,714000,715000,5585,0.08749775183768418,0.007655856576648967,ok
real_vs_real,original,715000,716000,5451,0.08394151145727659,0.007046177345732096,ok
real_vs_real,original,716000,717000,5482,0.07840630270975212,0.006147548304613282,ok
real_vs_real,original,717000,718000,5187,0.06391781318947126,0.004085486842924146,ok
real_vs_real,original,718000,719000,5253,0.06738700464414284,0.004541008394909729,ok
real_vs_real,original,719000,720000,4930,0.07913519166953993,0.006262378560574822,ok
real_vs_real,original,720000,721000,4567,0.12366657694549288,0.015293422253415512,ok
real_vs_real,original,721000,722000,4372,0.1548344527735285,0.023973707765678032,ok
real_vs_real,original,722000,723000,4013,0.20876529959825635,0.04358295031634973,ok
real_vs_real,original,723000,724000,3801,0.2170329929545064,0.04710332003079082,ok
real_vs_real,original,724000,725000,3811,0.23909087290480754,0.05716444550638283,ok
real_vs_real,original,725000,726000,3693,0.2616444395513159,0.06845781274812218,ok
real_vs_real,original,726000,727000,3741,0.26545036022698965,0.07046389374463857,ok
real_vs_real,original,727000,728000,3770,0.28798232460709305,0.0829338192861051,ok
real_vs_real,original,728000,729000,3704,0.32209287867971437,0.10374382249618519,ok
real_vs_real,original,729000,730000,3771,0.313152188414665,0.09806429310889386,ok
real_vs_real,original,730000,731000,3681,0.34208745630308884,0.11702382775991771,ok
real_vs_real,original,731000,732000,3715,0.3303460200157527,0.10912849294024807,ok
real_vs_real,original,732000,733000,3663,0.33388344337841597,0.11147815376222792,ok
real_vs_real,original,733000,734000,3588,0.3514015352949322,0.12348303900763546,ok
real_vs_real,original,734000,735000,3790,0.3485789134816503,0.12150725892404785,ok
real_vs_real,original,735000,736000,3963,0.35980323998415775,0.1294583715030974,ok
real_vs_real,original,736000,737000,4164,0.36135464381482635,0.13057717860654,ok
real_vs_real,original,737000,738000,4525,0.35747606110846625,0.12778913426562388,ok
real_vs_real,original,738000,739000,4677,0.3689049116366697,0.13609083382965909,ok
real_vs_real,original,739000,740000,5064,0.37271977739671236,0.13892003246265483,ok
real_vs_real,original,740000,741000,5282,0.380697246729523,0.14493039366743932,ok
real_vs_real,original,741000,742000,5454,0.3865725311641421,0.1494383218506516,ok
real_vs_real,original,742000,743000,5807,0.3937066864539311,0.155004954958534,ok
real_vs_real,original,743000,744000,5929,0.4000420686789045,0.16003365671289738,ok
real_vs_real,original,744000,745000,5798,0.4141299454592364,0.17150361172607015,ok
real_vs_real,original,745000,746000,6131,0.4202341003400817,0.17659669908863784,ok
real_vs_real,original,746000,747000,6186,0.42464881665091186,0.18032661748301976,ok
real_vs_real,original,747000,748000,6178,0.43235139981101467,0.18692773291854387,ok
real_vs_real,original,748000,749000,6397,0.44490462458398516,0.19794012497621677,ok
real_vs_real,original,749000,750000,6399,0.45083683419211246,0.20325385106436628,ok
real_vs_real,original,750000,751000,6447,0.45334986271202,0.20552609802100738,ok
real_vs_real,original,751000,752000,7075,0.4526909765400475,0.20492912024078183,ok
real_vs_real,original,752000,753000,7243,0.45400341779544706,0.20611910336994727,ok
real_vs_real,original,753000,754000,7381,0.4612861003997187,0.21278486642197933,ok
real_vs_real,original,754000,755000,7357,0.4686550891159617,0.21963759255429,ok
real_vs_real,original,755000,756000,7518,0.47171422450530587,0.22251430960064209,ok
real_vs_real,original,756000,757000,7456,0.47924423436519903,0.2296750361722858,ok
real_vs_real,original,757000,758000,7644,0.4818368561686223,0.23216675596246164,ok
real_vs_real,original,758000,759000,7708,0.4883036022324911,0.23844040795322685,ok
real_vs_real,original,759000,760000,7817,0.48761930900461287,0.2377725905141361,ok
real_vs_real,original,760000,761000,7939,0.4898296265837391,0.23993306307916526,ok
real_vs_real,original,761000,762000,7958,0.49161113323842115,0.24168150632396468,ok
real_vs_real,original,762000,763000,7818,0.49424398394125996,0.24427711566212842,ok
real_vs_real,original,763000,764000,7816,0.4958271452397212,0.24584455795657162,ok
real_vs_real,original,764000,765000,7753,0.4940884906245544,0.24412343656765037,ok
real_vs_real,original,765000,766000,7802,0.4964810264722088,0.24649340964689812,ok
real_vs_real,original,766000,767000,7685,0.4966755851909407,0.2466866369247634,ok
real_vs_real,original,767000,768000,7589,0.49315992513930723,0.2432067117634071,ok
real_vs_real,original,768000,769000,7654,0.4903936994205893,0.2404859804314113,ok
real_vs_real,original,769000,770000,7606,0.4961319170365968,0.24614687910240857,ok
real_vs_real,original,770000,771000,7637,0.49125253301837224,0.2413290511969669,ok
real_vs_real,original,771000,772000,7343,0.48932421982860963,0.2394381921108775,ok
real_vs_real,original,772000,773000,7323,0.49167232704005887,0.2417416771769866,ok
real_vs_real,original,773000,774000,7231,0.4857051904354929,0.23590953201597842,ok
real_vs_real,original,774000,775000,7275,0.48018916592714467,0.23058163507380686,ok
real_vs_real,original,775000,776000,7122,0.4797277876124649,0.23013875020755023,ok
real_vs_real,original,776000,777000,7091,0.47452201217012224,0.22517114003398164,ok
real_vs_real,original,777000,778000,7020,0.4768930594412671,0.22742699014325188,ok
real_vs_real,original,778000,779000,7142,0.4694583300378294,0.22039112364190752,ok
real_vs_real,original,779000,780000,6853,0.4695029577561475,0.2204330273417708,ok
real_vs_real,original,780000,781000,6805,0.4640126607846953,0.21530774936849267,ok
real_vs_real,original,781000,782000,6838,0.45551193145000957,0.2074911196933182,ok
real_vs_real,original,782000,783000,6561,0.4499359782967971,0.2024423845658959,ok
real_vs_real,original,783000,784000,6641,0.44476018870771894,0.19781162545932576,ok
real_vs_real,original,784000,785000,6648,0.4364208629887536,0.19046316965184842,ok
real_vs_real,original,785000,786000,6797,0.42835644811112333,0.1834892466383775,ok
real_vs_real,original,786000,787000,6759,0.42959456584887007,0.18455149100687918,ok
real_vs_real,original,787000,788000,6740,0.4193089207482412,0.17581997101905483,ok
real_vs_real,original,788000,789000,6712,0.4154430644393226,0.17259293979073514,ok
real_vs_real,original,789000,790000,6676,0.4031616193270651,0.16253929129842137,ok
real_vs_real,original,790000,791000,6667,0.3893330416033018,0.15158021728407833,ok
real_vs_real,original,791000,792000,6569,0.37937564753256714,0.14392588194075462,ok
real_vs_real,original,792000,793000,6677,0.37214959252244656,0.138495319214623,ok
real_vs_real,original,793000,794000,6738,0.36217175831249815,0.13116838251916657,ok
real_vs_real,original,794000,795000,6881,0.3574633339327331,0.12778003510630465,ok
real_vs_real,original,795000,796000,6736,0.34655598318275666,0.12010104947976713,ok
real_vs_real,original,796000,797000,6769,0.33562870410666723,0.1126466270203208,ok
real_vs_real,original,797000,798000,6757,0.3245567613225956,0.1053370913202123,ok
real_vs_real,original,798000,799000,6512,0.3107516395536232,0.09656658148526498,ok
real_vs_real,original,799000,800000,6567,0.29992428612545413,0.08995457740786328,ok
real_vs_real,original,800000,801000,6421,0.2844583958182167,0.08091657895147325,ok
real_vs_real,original,801000,802000,6315,0.27155144458422875,0.07374018705578145,ok
real_vs_real,original,802000,803000,6386,0.26387572008319105,0.06963039564942258,ok
real_vs_real,original,803000,804000,6515,0.25175137978368684,0.06337875722299013,ok
real_vs_real,original,804000,805000,6195,0.24045674439264186,0.05781944592390831,ok
real_vs_real,original,805000,806000,6351,0.22465200419711248,0.05046852298977944,ok
real_vs_real,original,806000,807000,6198,0.2102120924133588,0.04418912379680251,ok
real_vs_real,original,807000,808000,6095,0.18433428214183004,0.033979127572743795,ok
real_vs_real,original,808000,809000,5983,0.17545684807545112,0.030785105536571933,ok
real_vs_real,original,809000,810000,5950,0.15569886955783974,0.024242137981589196,ok
real_vs_real,original,810000,811000,5867,0.1472813344356275,0.021691791473139155,ok
real_vs_real,original,811000,812000,6026,0.14460192746453518,0.020909717426458696,ok
real_vs_real,original,812000,813000,5662,0.1206042358449145,0.01454538170373576,ok
real_vs_real,original,813000,814000,5711,0.11404350172595258,0.01300592028591735,ok
real_vs_real,original,814000,815000,5505,0.09060396833102649,0.00820907907732965,ok
real_vs_real,original,815000,816000,5235,0.04813750651940936,0.0023172195339061785,ok
real_vs_real,original,816000,817000,5122,0.04086446002076253,0.001669904092788499,ok
real_vs_real,original,817000,818000,4810,0.012904707980952624,0.00016653148807366236,ok
real_vs_real,original,818000,819000,4624,0.029776323840072456,0.0008866294614288672,ok
real_vs_real,original,819000,820000,4512,0.060611776292218096,0.003673787425297892,ok
real_vs_real,original,820000,821000,4154,0.09976511885603809,0.009953078940359406,ok
real_vs_real,original,821000,822000,3818,0.16928793850144702,0.028658406122069713,ok
real_vs_real,original,822000,823000,3755,0.20054207440837887,0.04021712360801577,ok
real_vs_real,original,823000,824000,3414,0.28016096945299834,0.07849016880484389,ok
real_vs_real,original,824000,825000,3497,0.2503538863868288,0.06267706842898918,ok
real_vs_real,original,825000,826000,3389,0.26493274445112286,0.07018935908240398,ok
real_vs_real,original,826000,827000,3341,0.2848591082285425,0.08114471154076047,ok
real_vs_real,original,827000,828000,3564,0.2522227303378745,0.06361630569909216,ok
real_vs_real,original,828000,829000,3503,0.25300875276015444,0.06401342897324896,ok
real_vs_real,original,829000,830000,3496,0.2744810960610336,0.07533987209486637,ok
real_vs_real,original,830000,831000,3780,0.25851567352073035,0.06683035345587685,ok
real_vs_real,original,831000,832000,3586,0.2827694380135482,0.0799585550744979,ok
real_vs_real,original,832000,833000,3339,0.33708520824524313,0.11362643761773894,ok
real_vs_real,original,833000,834000,3515,0.3100321875850426,0.09611995733876705,ok
real_vs_real,original,834000,835000,3425,0.3499044022961069,0.12243309074619585,ok
real_vs_real,original,835000,836000,3555,0.33516499830568613,0.1123355760892506,ok
real_vs_real,original,836000,837000,4472,0.33548142043232376,0.1125477834552896,ok
real_vs_real,original,837000,838000,5091,0.3534708781309437,0.12494166168666043,ok
real_vs_real,original,838000,839000,5743,0.3651008807068099,0.13329865309288824,ok
real_vs_real,original,839000,840000,5835,0.37227579231024993,0.13858926554022433,ok
real_vs_real,original,840000,841000,5828,0.38639522730965575,0.14930127168768054,ok
real_vs_real,original,841000,842000,6062,0.3923596832386934,0.15394612103116784,ok
real_vs_real,original,842000,843000,6020,0.3994007778130257,0.1595209813176499,ok
real_vs_real,original,843000,844000,6290,0.40790116899265416,0.16638336366557382,ok
real_vs_real,original,844000,845000,6364,0.4205822595008955,0.1768894370068786,ok
real_vs_real,original,845000,846000,6507,0.42523433278289113,0.1808242377773106,ok
real_vs_real,original,846000,847000,6542,0.43310885922072084,0.1875832839354742,ok
real_vs_real,original,847000,848000,6560,0.4394335273784449,0.19310182498426248,ok
real_vs_real,original,848000,849000,6344,0.4462324967290591,0.19912344113704977,ok
real_vs_real,original,849000,850000,6291,0.4525167832956226,0.20477143916421747,ok
real_vs_real,original,850000,851000,6420,0.4565582808409325,0.20844546380442774,ok
real_vs_real,original,851000,852000,6486,0.45829782925897217,0.21003690030348598,ok
real_vs_real,original,852000,853000,6898,0.4629573152966568,0.2143294757866881,ok
real_vs_real,original,853000,854000,6837,0.4703501145248171,0.2212292302335086,ok
real_vs_real,original,854000,855000,6866,0.4735732411841078,0.22427161476562113,ok
real_vs_real,original,855000,856000,7186,0.4732208236684921,0.22393794795348612,ok
real_vs_real,original,856000,857000,7097,0.47487807392357156,0.22550918509336113,ok
real_vs_real,original,857000,858000,7052,0.4830613832444934,0.23334829998208328,ok
real_vs_real,original,858000,859000,7262,0.4846466155427097,0.23488234195700308,ok
real_vs_real,original,859000,860000,7348,0.48521746664119514,0.23543598993369932,ok
real_vs_real,original,860000,861000,7306,0.490787018785926,0.2408718978087769,ok
real_vs_real,original,861000,862000,7445,0.49169396968606893,0.24176295982564486,ok
real_vs_real,original,862000,863000,7406,0.489948182009875,0.24004922105478158,ok
real_vs_real,original,863000,864000,7532,0.4915572249511238,0.2416285054016497,ok
real_vs_real,original,864000,865000,7489,0.4916902389323356,0.24175929106133728,ok
real_vs_real,original,865000,866000,7451,0.49664790781093676,0.24665914433298072,ok
real_vs_real,original,866000,867000,7301,0.4965221433339106,0.24653423882090048,ok
real_vs_real,original,867000,868000,7474,0.4956864347995793,0.24570504164431756,ok
real_vs_real,original,868000,869000,7257,0.4994939372671882,0.24949419336667775,ok
real_vs_real,original,869000,870000,7393,0.4919137175247105,0.2419791054889807,ok
real_vs_real,original,870000,871000,7241,0.4913324439583866,0.2414075704861211,ok
real_vs_real,original,871000,872000,7121,0.49218241473666247,0.24224352937601204,ok
real_vs_real,original,872000,873000,7004,0.48789859984823414,0.2380450437338673,ok
real_vs_real,original,873000,874000,6743,0.4873191394170003,0.23747994364212574,ok
real_vs_real,original,874000,875000,6623,0.4876282740032791,0.23778133360741704,ok
real_vs_real,original,875000,876000,6650,0.4824077710523318,0.23271725757167896,ok
real_vs_real,original,876000,877000,6474,0.47902961263818855,0.229469369784293,ok
real_vs_real,original,877000,878000,6716,0.47517700539266233,0.22579318645393823,ok
real_vs_real,original,878000,879000,6439,0.46936162821742006,0.22030033804290766,ok
real_vs_real,original,879000,880000,6385,0.46632664802174423,0.2174605426551957,ok
real_vs_real,original,880000,881000,6420,0.46093084438305243,0.21245724330367372,ok
real_vs_real,original,881000,882000,6288,0.45733550532801326,0.20915576443362924,ok
real_vs_real,original,882000,883000,6337,0.4564989123564205,0.20839125698259486,ok
real_vs_real,original,883000,884000,6269,0.4506730833959607,0.20310622809762255,ok
real_vs_real,original,884000,885000,6322,0.44414858645791533,0.19726796685256429,ok
real_vs_real,original,885000,886000,6413,0.43258277213490265,0.18712785474791713,ok
real_vs_real,original,886000,887000,6539,0.4241967729281059,0.17994290216261905,ok
real_vs_real,original,887000,888000,6487,0.41843234461892576,0.17508562702329145,ok
real_vs_real,original,888000,889000,6529,0.4058992024697419,0.16475416256557257,ok
real_vs_real,original,889000,890000,6519,0.40032882471214126,0.16026316789540435,ok
real_vs_real,original,890000,891000,6521,0.39301208869748844,0.15445850186236254,ok
real_vs_real,original,891000,892000,6488,0.3864346286106579,0.14933172218945712,ok
real_vs_real,original,892000,893000,6726,0.37801741097091335,0.14289716299715238,ok
real_vs_real,original,893000,894000,6600,0.3683378693937335,0.13567278602951505,ok
real_vs_real,original,894000,895000,6684,0.3532850014596132,0.1248102922563189,ok
real_vs_real,original,895000,896000,6706,0.34394462889965766,0.11829790774892324,ok
real_vs_real,original,896000,897000,6692,0.33320604345706445,0.1110262673963111,ok
real_vs_real,original,897000,898000,6673,0.3213826922665415,0.1032868348884905,ok
real_vs_real,original,898000,899000,6518,0.31313597360407,0.09805413796496881,ok
real_vs_real,original,899000,900000,6475,0.3031591530638152,0.09190547208636973,ok
real_vs_real,original,900000,901000,6352,0.28586852180233435,0.08172081175745172,ok
real_vs_real,original,901000,902000,6311,0.2705045398935149,0.0731727061030022,ok
real_vs_real,original,902000,903000,6126,0.25638984447981833,0.06573575235238543,ok
real_vs_real,original,903000,904000,6184,0.2394938208480737,0.05735729022440922,ok
real_vs_real,original,904000,905000,6221,0.2273009460692497,0.05166572008397596,ok
real_vs_real,original,905000,906000,6016,0.21438872546037066,0.045962525604522186,ok
real_vs_real,original,906000,907000,6201,0.20421304715908745,0.04170296862999967,ok
real_vs_real,original,907000,908000,6172,0.19615006143500854,0.038474846600957624,ok
real_vs_real,original,908000,909000,6008,0.18148042584473326,0.03293514496478572,ok
real_vs_real,original,909000,910000,5941,0.16662615086324606,0.027764274151501234,ok
real_vs_real,original,910000,911000,5994,0.1513351030813821,0.022902313424652543,ok
real_vs_real,original,911000,912000,5905,0.1335833250983712,0.01784450474433713,ok
real_vs_real,original,912000,913000,5800,0.1177711118462483,0.013870034785501528,ok
real_vs_real,original,913000,914000,5814,0.1073097612921798,0.01151538486858461,ok
real_vs_real,original,914000,915000,5554,0.09579758093381384,0.009177176512770613,ok
real_vs_real,original,915000,916000,5639,0.09964932072143354,0.009929987120243122,ok
real_vs_real,original,916000,917000,5526,0.08285199860026787,0.00686445367205879,ok
real_vs_real,original,917000,918000,5422,0.07037002110272118,0.004951939869997424,ok
real_vs_real,original,918000,919000,5379,0.06947831369660486,0.004827236074123831,ok
real_vs_real,original,919000,920000,5234,0.07358030575885434,0.005414061395566494,ok
real_vs_real,original,920000,921000,4922,0.09174673583808311,0.008417463536943004,ok
real_vs_real,original,921000,922000,4619,0.1320765341555551,0.01744421087454351,ok
real_vs_real,original,922000,923000,4245,0.17885623132112738,0.03198955148239663,ok
real_vs_real,original,923000,924000,4049,0.19300565795141958,0.03725118400126037,ok
real_vs_real,original,924000,925000,3879,0.22848623396379314,0.05220595911095721,ok
real_vs_real,original,925000,926000,3910,0.22741549829345117,0.05171780886405869,ok
real_vs_real,original,926000,927000,3908,0.24552793816417504,0.06028396841915096,ok
real_vs_real,original,927000,928000,3917,0.27567721898523173,0.07599792906743141,ok
real_vs_real,original,928000,929000,3803,0.2964924232420471,0.08790775703994119,ok
real_vs_real,original,929000,930000,3720,0.3216451729278819,0.10345561726780705,ok
real_vs_real,original,930000,931000,3897,0.31273482209390974,0.09780306895010937,ok
real_vs_real,original,931000,932000,3681,0.32999568367058035,0.10889715124121374,ok
real_vs_real,original,932000,933000,3726,0.3262504380536556,0.10643934833020219,ok
real_vs_real,original,933000,934000,3745,0.33424036719392025,0.11171662306192665,ok
real_vs_real,original,934000,935000,3642,0.347440098593203,0.12071462211045464,ok
real_vs_real,original,935000,936000,4075,0.35127139350797393,0.12339159189703386,ok
real_vs_real,original,936000,937000,4153,0.3620636678730014,0.1310900995936511,ok
real_vs_real,original,937000,938000,4406,0.35870610047588053,0.1286700665186125,ok
real_vs_real,original,938000,939000,4847,0.36351779649763083,0.13214518837049294,ok
real_vs_real,original,939000,940000,5020,0.36780633569887095,0.13528150058023053,ok
real_vs_real,original,940000,941000,5235,0.3767332398171563,0.14192793398313097,ok
real_vs_real,original,941000,942000,5622,0.38128464278426316,0.14537797882312314,ok
real_vs_real,original,942000,943000,5643,0.391879615997049,0.1535696334339946,ok
real_vs_real,original,943000,944000,5978,0.3989496371019229,0.15916081294375595,ok
real_vs_real,original,944000,945000,6010,0.40515959035380344,0.1641542936556618,ok
real_vs_real,original,945000,946000,6053,0.41481734949839366,0.17207343344487247,ok
real_vs_real,original,946000,947000,6198,0.42536698331291367,0.18093707049272856,ok
real_vs_real,original,947000,948000,6304,0.4307251411800849,0.1855241472446041,ok
real_vs_real,original,948000,949000,6422,0.438229450378263,0.19204505117883447,ok
real_vs_real,original,949000,950000,6340,0.44606447516189834,0.19897351600145985,ok
real_vs_real,original,950000,951000,6541,0.4533441300797484,0.20552090027776385,ok
real_vs_real,original,951000,952000,7044,0.44799429691814224,0.20069889007118058,ok
real_vs_real,original,952000,953000,7141,0.45414637973411204,0.20624893422560028,ok
real_vs_real,original,953000,954000,7402,0.4603140875661009,0.21188905921181203,ok
real_vs_real,original,954000,955000,7326,0.46599477268373163,0.21715112816856272,ok
real_vs_real,original,955000,956000,7490,0.46889192927443196,0.2198596413386989,ok
real_vs_real,original,956000,957000,7530,0.47501822602146826,0.2256423150525827,ok
real_vs_real,original,957000,958000,7534,0.48068513676874425,0.23105820071038635,ok
real_vs_real,original,958000,959000,7802,0.48306136630054686,0.2333482836121511,ok
real_vs_real,original,959000,960000,7970,0.4874204129703546,0.23757865898019104,ok
real_vs_real,original,960000,961000,7858,0.48854060427780144,0.23867192202811938,ok
real_vs_real,original,961000,962000,7951,0.4894985278099262,0.23960880872808507,ok
real_vs_real,original,962000,963000,7884,0.4907385255689488,0.24082430047758585,ok
real_vs_real,original,963000,964000,7791,0.49455656514703683,0.2445861961300353,ok
real_vs_real,original,964000,965000,7761,0.49556990387288075,0.24558952962457625,ok
real_vs_real,original,965000,966000,7688,0.49508274403707503,0.24510692344327994,ok
real_vs_real,original,966000,967000,7651,0.4964775083549168,0.24648991630230643,ok
real_vs_real,original,967000,968000,7604,0.4945940411367592,0.24462326552799024,ok
real_vs_real,original,968000,969000,7503,0.4951864363581912,0.24520960675312495,ok
real_vs_real,original,969000,970000,7507,0.4945842344362438,0.24461356495288533,ok
real_vs_real,original,970000,971000,7456,0.49321808362427505,0.24326407801400238,ok
real_vs_real,original,971000,972000,7379,0.49076422203456,0.24084952162918688,ok
real_vs_real,original,972000,973000,7333,0.49029985164627193,0.24039394452435625,ok
real_vs_real,original,973000,974000,7218,0.4855940378042461,0.23580156955103157,ok
real_vs_real,original,974000,975000,7279,0.4808075970448525,0.23117594537604522,ok
real_vs_real,original,975000,976000,6990,0.4832743971733712,0.23355414296328533,ok
real_vs_real,original,976000,977000,7042,0.4794722325052671,0.2298936217435849,ok
real_vs_real,original,977000,978000,7010,0.4758377436376587,0.22642155827017818,ok
real_vs_real,original,978000,979000,6955,0.4732221868424777,0.22393923811997685,ok
real_vs_real,original,979000,980000,6885,0.4689953858471403,0.219956671945908,ok
real_vs_real,original,980000,981000,6866,0.46256379673000014,0.2139652660452729,ok
real_vs_real,original,981000,982000,6660,0.45716368445144223,0.20899863438121785,ok
real_vs_real,original,982000,983000,6643,0.4480111755899408,0.20071401345348078,ok
real_vs_real,original,983000,984000,6601,0.4478197813969505,0.2005425566104125,ok
real_vs_real,original,984000,985000,6556,0.43715540597095665,0.19110484896963192,ok
real_vs_real,original,985000,986000,6846,0.43244298378137636,0.18700693422173975,ok
real_vs_real,original,986000,987000,6622,0.43238047698658755,0.18695287687914897,ok
real_vs_real,original,987000,988000,6754,0.4183527102744992,0.17501899019401906,ok
real_vs_real,original,988000,989000,6772,0.41374763263573294,0.17118710351167343,ok
real_vs_real,original,989000,990000,6584,0.40235648510136157,0.16189074110312218,ok
real_vs_real,original,990000,991000,6667,0.39006087492981895,0.15214748615101586,ok
real_vs_real,original,991000,992000,6509,0.3821794486848143,0.1460611309970286,ok
real_vs_real,original,992000,993000,6602,0.37227242753361034,0.13858676030176714,ok
real_vs_real,original,993000,994000,6588,0.3646077907726996,0.1329388410921487,ok
real_vs_real,original,994000,995000,6837,0.3571098503868452,0.12752744524331494,ok
real_vs_real,original,995000,996000,6818,0.34717024801190177,0.12052718110464539,ok
real_vs_real,original,996000,997000,6786,0.33689855523468615,0.11350063651921888,ok
real_vs_real,original,997000,998000,6761,0.32867278256519833,0.10802579799915013,ok
real_vs_real,original,998000,999000,6480,0.3140553341808191,0.09863075292742596,ok
real_vs_real,original,999000,1000000,6467,0.29929080983174583,0.08957498884974224,ok
real_vs_real,original,1000000,1001000,6436,0.2866868486863624,0.08218934920971727,ok
real_vs_real,original,1001000,1002000,6341,0.27330230055800786,0.07469414749029968,ok
real_vs_real,original,1002000,1003000,6352,0.2634137063708054,0.06938678070400489,ok
real_vs_real,original,1003000,1004000,6353,0.2508796971880064,0.06294062246114579,ok
real_vs_real,original,1004000,1005000,6277,0.23975529103110535,0.05748259957741003,ok
real_vs_real,original,1005000,1006000,6409,0.22619141996527864,0.05116255846590906,ok
real_vs_real,original,1006000,1007000,6144,0.2052168486026192,0.04211395495039033,ok
real_vs_real,original,1007000,1008000,6039,0.1874523669410561,0.03513838987180434,ok
real_vs_real,original,1008000,1009000,6029,0.17693043427721694,0.03130437857352458,ok
real_vs_real,original,1009000,1010000,5976,0.1591744890990852,0.025336517979954787,ok
real_vs_real,original,1010000,1011000,5936,0.14682387519069412,0.021557250326012523,ok
real_vs_real,original,1011000,1012000,5814,0.1484649412437421,0.022041838778507794,ok
real_vs_real,original,1012000,1013000,5783,0.12846981100435867,0.016504492339495636,ok
real_vs_real,original,1013000,1014000,5616,0.10670971596127804,0.011386963480536638,ok
real_vs_real,original,1014000,1015000,5528,0.09319952514420815,0.008686151487105886,ok
v2e_vs_real,original,15000,16000,17188,0.15095959632673744,0.022788799723131525,ok
v2e_vs_real,original,16000,17000,17204,0.144942588426871,0.02100835393988132,ok
v2e_vs_real,original,17000,18000,21724,0.13701745598203063,0.0187737832437877,ok
v2e_vs_real,original,18000,19000,18075,0.13377786469577121,0.01789651708256007,ok
v2e_vs_real,original,19000,20000,17188,0.1163962978856983,0.013548098161496214,ok
v2e_vs_real,original,20000,21000,17285,0.10833309857054955,0.011736060245896407,ok
v2e_vs_real,original,21000,22000,21056,0.10206700330488795,0.010417673163640007,ok
v2e_vs_real,original,22000,23000,17390,0.09624111205125051,0.009262351648861356,ok
v2e_vs_real,original,23000,24000,17487,0.09634771466404088,0.009282882120983438,ok
v2e_vs_real,original,24000,25000,17442,0.09450763504488109,0.008931693081776437,ok
v2e_vs_real,original,25000,26000,18003,0.09208598220130788,0.008479828117979593,ok
v2e_vs_real,original,26000,27000,22478,0.08759092717543951,0.007672170523453148,ok
v2e_vs_real,original,27000,28000,17987,0.08442673269807305,0.0071278731940718765,ok
v2e_vs_real,original,28000,29000,17973,0.09280326542401633,0.008612446073360425,ok
v2e_vs_real,original,29000,30000,17565,0.10921733354774069,0.011928425947278443,ok
v2e_vs_real,original,30000,31000,21564,0.12799976059250479,0.016383938711738544,ok
v2e_vs_real,original,31000,32000,16886,0.13638442395229092,0.018600711096798228,ok
v2e_vs_real,original,32000,33000,16844,0.15454135785602316,0.023883031287983414,ok
v2e_vs_real,original,33000,34000,16661,0.18314246794000824,0.03354116356315695,ok
v2e_vs_real,original,34000,35000,15260,0.22132617919471465,0.04898527759693094,ok
v2e_vs_real,original,35000,36000,17932,0.2596802565766023,0.06743383565569,ok
v2e_vs_real,original,36000,37000,13971,0.2947959822966506,0.08690467117824713,ok
v2e_vs_real,original,37000,38000,13766,0.3206105916499367,0.10279115147812246,ok
v2e_vs_real,original,38000,39000,14309,0.3455909978912126,0.11943313782344411,ok
v2e_vs_real,original,39000,40000,18064,0.3673940726997402,0.13497840465490202,ok
v2e_vs_real,original,40000,41000,15770,0.40777871349524514,0.1662834791798372,ok
v2e_vs_real,original,41000,42000,16573,0.4331256335839794,0.18759781446752355,ok
v2e_vs_real,original,42000,43000,17698,0.4472630265026813,0.20004421487633817,ok
v2e_vs_real,original,43000,44000,22235,0.44032019272744993,0.19388187212353863,ok
v2e_vs_real,original,44000,45000,19609,0.47207768514998427,0.22285734081656766,ok
v2e_vs_real,original,45000,46000,19540,0.46344338753994485,0.21477977345449953,ok
v2e_vs_real,original,46000,47000,19696,0.46872087352693603,0.21969925727985398,ok
v2e_vs_real,original,47000,48000,20549,0.4658774195661815,0.2170417700616439,ok
v2e_vs_real,original,48000,49000,25769,0.4648410442343294,0.21607719640486178,ok
v2e_vs_real,original,49000,50000,21372,0.4709952837168176,0.2218365572834855,ok
v2e_vs_real,original,50000,51000,21014,0.46765529655422244,0.21870147639521773,ok
v2e_vs_real,original,51000,52000,21371,0.46449237399104526,0.21575316549583706,ok
v2e_vs_real,original,52000,53000,25930,0.46409534905422545,0.21538449301376336,ok
v2e_vs_real,original,53000,54000,20727,0.46604265277862156,0.2171957542089348,ok
v2e_vs_real,original,54000,55000,20154,0.46335042394119436,0.2146936153664845,ok
v2e_vs_real,original,55000,56000,19801,0.4602658507901825,0.21184465340361056,ok
v2e_vs_real,original,56000,57000,23500,0.45605813220722796,0.2079890199523454,ok
v2e_vs_real,original,57000,58000,19736,0.464079371762661,0.21536966329562612,ok
v2e_vs_real,original,58000,59000,19198,0.4615444458989077,0.21302327554012976,ok
v2e_vs_real,original,59000,60000,19084,0.4638337373631431,0.2151417359162612,ok
v2e_vs_real,original,60000,61000,19276,0.46520742229073564,0.21641794575439083,ok
v2e_vs_real,original,61000,62000,23716,0.4633226263228151,0.214667856062671,ok
v2e_vs_real,original,62000,63000,19424,0.4685247746497151,0.2195154644605663,ok
v2e_vs_real,original,63000,64000,18878,0.4675471941386806,0.21860037874695312,ok
v2e_vs_real,original,64000,65000,18365,0.46881049971545996,0.2197832846434593,ok
v2e_vs_real,original,65000,66000,21916,0.46534798533635413,0.21654874745660366,ok
v2e_vs_real,original,66000,67000,19411,0.4515421563679205,0.20389031897739154,ok
v2e_vs_real,original,67000,68000,18349,0.4498371560776181,0.20235346698799936,ok
v2e_vs_real,original,68000,69000,17706,0.4508909810916957,0.20330267682983186,ok
v2e_vs_real,original,69000,70000,21058,0.44963201291098753,0.20216894703438645,ok
v2e_vs_real,original,70000,71000,17253,0.4529919622758695,0.2052017178865428,ok
v2e_vs_real,original,71000,72000,17249,0.45491955630356823,0.2069518027074354,ok
v2e_vs_real,original,72000,73000,17593,0.4565019206286643,0.20839400353765933,ok
v2e_vs_real,original,73000,74000,17907,0.45744920916937154,0.20925977896968342,ok
v2e_vs_real,original,74000,75000,22845,0.4610964682929933,0.21260995307227135,ok
v2e_vs_real,original,75000,76000,18689,0.4648392011407988,0.216075482917216,ok
v2e_vs_real,original,76000,77000,18982,0.4690885702350778,0.2200440867251895,ok
v2e_vs_real,original,77000,78000,19453,0.47072201764952737,0.22157921790004198,ok
v2e_vs_real,original,78000,79000,24109,0.4688924592939914,0.21986013838276738,ok
v2e_vs_real,original,79000,80000,20903,0.4691503706648581,0.22010207029497372,ok
v2e_vs_real,original,80000,81000,20780,0.46699927167165645,0.21808831974185758,ok
v2e_vs_real,original,81000,82000,21408,0.4621103909654022,0.21354601343819685,ok
v2e_vs_real,original,82000,83000,26828,0.4562888694349347,0.20819953237021088,ok
v2e_vs_real,original,83000,84000,22394,0.45365355087940756,0.2058015442254952,ok
v2e_vs_real,original,84000,85000,22238,0.4487001400436674,0.2013318156752067,ok
v2e_vs_real,original,85000,86000,22225,0.44339376811772824,0.19659803360563777,ok
v2e_vs_real,original,86000,87000,22290,0.43727463257447274,0.19120910429314014,ok
v2e_vs_real,original,87000,88000,27486,0.431482980591949,0.18617756254051224,ok
v2e_vs_real,original,88000,89000,21564,0.42644791031649476,0.18185782021330515,ok
v2e_vs_real,original,89000,90000,21153,0.4206494196477437,0.1769459342499836,ok
v2e_vs_real,original,90000,91000,20700,0.41326627850202524,0.17078901694691348,ok
v2e_vs_real,original,91000,92000,24630,0.40396316373294716,0.1631862376531319,ok
v2e_vs_real,original,92000,93000,19345,0.39569103282105367,0.15657139345499216,ok
v2e_vs_real,original,93000,94000,18936,0.3858561332234079,0.1488849555461203,ok
v2e_vs_real,original,94000,95000,18278,0.3780914961625338,0.1429531794704233,ok
v2e_vs_real,original,95000,96000,22423,0.36886372063833833,0.13606044440315812,ok
v2e_vs_real,original,96000,97000,18049,0.35693836763077946,0.12740499828692547,ok
v2e_vs_real,original,97000,98000,17399,0.3510062902536752,0.12320541579764727,ok
v2e_vs_real,original,98000,99000,16736,0.3432545917770036,0.1178237147759974,ok
v2e_vs_real,original,99000,100000,17330,0.33134913946055183,0.10979225222124822,ok
v2e_vs_real,original,100000,101000,20258,0.3158735116887387,0.09977607538657574,ok
v2e_vs_real,original,101000,102000,15234,0.29698385802492994,0.08819941192737174,ok
v2e_vs_real,original,102000,103000,14751,0.2733472185632783,0.07471870189628066,ok
v2e_vs_real,original,103000,104000,14394,0.25663575997068466,0.06586191329573088,ok
v2e_vs_real,original,104000,105000,17513,0.23931495688742951,0.057271648590032254,ok
v2e_vs_real,original,105000,106000,14296,0.22542800885562447,0.050817787176611506,ok
v2e_vs_real,original,106000,107000,14186,0.21509756423899304,0.04626696214154774,ok
v2e_vs_real,original,107000,108000,14570,0.20204742951465407,0.04082316377347911,ok
v2e_vs_real,original,108000,109000,14848,0.19364356721601692,0.037497831124144065,ok
v2e_vs_real,original,109000,110000,19143,0.18212511220276958,0.03316955649487141,ok
v2e_vs_real,original,110000,111000,15843,0.17800191367052193,0.03168468127036794,ok
v2e_vs_real,original,111000,112000,15844,0.17256227576325445,0.029777739016593474,ok
v2e_vs_real,original,112000,113000,15892,0.16452787822118256,0.027069422711964275,ok
v2e_vs_real,original,113000,114000,19564,0.15386303879486576,0.023673834707190367,ok
v2e_vs_real,original,114000,115000,16065,0.15211518021242798,0.02313902805105944,ok
v2e_vs_real,original,115000,116000,16002,0.1438524458247534,0.02069352616976361,ok
v2e_vs_real,original,116000,117000,15703,0.14030639166297562,0.019685883541484317,ok
v2e_vs_real,original,117000,118000,20088,0.13328424231467814,0.017764689249397836,ok
v2e_vs_real,original,118000,119000,16350,0.1328714351025037,0.017654818266198857,ok
v2e_vs_real,original,119000,120000,15668,0.132027897975467,0.017431365843820323,ok
v2e_vs_real,original,120000,121000,15853,0.12784468047648181,0.01634426232613373,ok
v2e_vs_real,original,121000,122000,15940,0.12819560338455502,0.016434112727130135,ok
v2e_vs_real,original,122000,123000,19535,0.13752180868417357,0.01891224786376644,ok
v2e_vs_real,original,123000,124000,15836,0.14076801508913458,0.019815634072134825,ok
v2e_vs_real,original,124000,125000,15719,0.14178257578155204,0.02010229879525155,ok
v2e_vs_real,original,125000,126000,15206,0.15058461521714872,0.022675726340096736,ok
v2e_vs_real,original,126000,127000,18060,0.15537836377338182,0.02414243592889337,ok
v2e_vs_real,original,127000,128000,14606,0.16289253061405568,0.026533976529851067,ok
v2e_vs_real,original,128000,129000,14156,0.16786089455371936,0.028177279920374887,ok
v2e_vs_real,original,129000,130000,13846,0.17667675093101762,0.031214674319540836,ok
v2e_vs_real,original,130000,131000,17120,0.18378164774952946,0.03377569404953212,ok
v2e_vs_real,original,131000,132000,13653,0.20103983358753866,0.04041701468890524,ok
v2e_vs_real,original,132000,133000,14158,0.20561991713204142,0.04227955032138758,ok
v2e_vs_real,original,133000,134000,14672,0.21997312086209128,0.04838817390180822,ok
v2e_vs_real,original,134000,135000,14361,0.23826647939362336,0.056770915202631944,ok
v2e_vs_real,original,135000,136000,17809,0.2660008672479614,0.07075646137666758,ok
v2e_vs_real,original,136000,137000,14419,0.29089885721583897,0.08462214512948107,ok
v2e_vs_real,original,137000,138000,14383,0.3104942756789521,0.0964066952293971,ok
v2e_vs_real,original,138000,139000,14456,0.33159817192855834,0.10995734762636172,ok
v2e_vs_real,original,139000,140000,18058,0.35341558946970003,0.12490257888021555,ok
v2e_vs_real,original,140000,141000,14532,0.36546508832544894,0.1335647307847282,ok
v2e_vs_real,original,141000,142000,14633,0.37408027552498063,0.13993605253684543,ok
v2e_vs_real,original,142000,143000,14810,0.3891477344816891,0.1514359592522312,ok
v2e_vs_real,original,143000,144000,18970,0.3957674564013732,0.15663187954641283,ok
v2e_vs_real,original,144000,145000,16482,0.4124024524245086,0.17007578276574908,ok
v2e_vs_real,original,145000,146000,16429,0.42500758880328005,0.180631450540378,ok
v2e_vs_real,original,146000,147000,16736,0.429990418459028,0.18489175996657004,ok
v2e_vs_real,original,147000,148000,17076,0.4395351717936572,0.19319116724367977,ok
v2e_vs_real,original,148000,149000,22167,0.44247955307948345,0.19578815489341939,ok
v2e_vs_real,original,149000,150000,18424,0.4483747423766181,0.20103990960129867,ok
v2e_vs_real,original,150000,151000,18610,0.4519026795127878,0.2042160317508374,ok
v2e_vs_real,original,151000,152000,19317,0.45703192458613734,0.20887818009090875,ok
v2e_vs_real,original,152000,153000,24001,0.462351471700568,0.21376888338368116,ok
v2e_vs_real,original,153000,154000,20114,0.4669544672087065,0.21804647444616693,ok
v2e_vs_real,original,154000,155000,20181,0.46769524392579115,0.2187388411908053,ok
v2e_vs_real,original,155000,156000,20160,0.47024163542057734,0.2211271956830192,ok
v2e_vs_real,original,156000,157000,25163,0.4705243396107523,0.22139315416613456,ok
v2e_vs_real,original,157000,158000,20813,0.47375872246367556,0.22444732711041399,ok
v2e_vs_real,original,158000,159000,20848,0.4745824071265475,0.2252284611540281,ok
v2e_vs_real,original,159000,160000,21142,0.4730639445759124,0.2237894956577219,ok
v2e_vs_real,original,160000,161000,20803,0.4724581587628743,0.22321671178160532,ok
v2e_vs_real,original,161000,162000,25303,0.4736015356559681,0.22429841457569122,ok
v2e_vs_real,original,162000,163000,20197,0.47683019546677213,0.2273670353088801,ok
v2e_vs_real,original,163000,164000,19532,0.4791442323733594,0.2295791954166558,ok
v2e_vs_real,original,164000,165000,18617,0.47897235076840794,0.2294145128006148,ok
v2e_vs_real,original,165000,166000,22441,0.4751989252772422,0.22581401858464603,ok
v2e_vs_real,original,166000,167000,19457,0.4630482136061028,0.21441364812380304,ok
v2e_vs_real,original,167000,168000,19454,0.45555479852876135,0.20753017446258035,ok
v2e_vs_real,original,168000,169000,19361,0.456693302573436,0.20856877261543194,ok
v2e_vs_real,original,169000,170000,23551,0.456957136481874,0.20880982458171404,ok
v2e_vs_real,original,170000,171000,18962,0.4602887739054478,0.21186575538338046,ok
v2e_vs_real,original,171000,172000,18739,0.46360178862316725,0.21492661841459984,ok
v2e_vs_real,original,172000,173000,18574,0.46308419762668734,0.2144469740915528,ok
v2e_vs_real,original,173000,174000,18974,0.4650939951856946,0.2163124243577909,ok
v2e_vs_real,original,174000,175000,24869,0.468010552744802,0.21903387748049513,ok
v2e_vs_real,original,175000,176000,20579,0.4698620889008762,0.2207703825862949,ok
v2e_vs_real,original,176000,177000,21055,0.46979868891601323,0.22071080810720495,ok
v2e_vs_real,original,177000,178000,21320,0.4669887730238341,0.21807851413030607,ok
v2e_vs_real,original,178000,179000,26699,0.46244977857065583,0.21385979770004862,ok
v2e_vs_real,original,179000,180000,22623,0.46380687189378683,0.2151168144158996,ok
v2e_vs_real,original,180000,181000,22218,0.4591010274072002,0.21077375336634682,ok
v2e_vs_real,original,181000,182000,22395,0.4548158429263491,0.20685745097680544,ok
v2e_vs_real,original,182000,183000,27189,0.44975497716473295,0.20227953948444946,ok
v2e_vs_real,original,183000,184000,22478,0.4482481729041383,0.2009264245118983,ok
v2e_vs_real,original,184000,185000,22173,0.4411916072688203,0.19465003432444494,ok
v2e_vs_real,original,185000,186000,22252,0.4355954739264376,0.1897434169051978,ok
v2e_vs_real,original,186000,187000,22190,0.4297825842717973,0.18471306974334453,ok
v2e_vs_real,original,187000,188000,26868,0.4200034037792286,0.17640285918613777,ok
v2e_vs_real,original,188000,189000,21662,0.41425056382028586,0.17160352962542474,ok
v2e_vs_real,original,189000,190000,20972,0.4066761100806276,0.16538545851031072,ok
v2e_vs_real,original,190000,191000,21239,0.40173645747117576,0.1613921812614898,ok
v2e_vs_real,original,191000,192000,26487,0.3949251481708664,0.15596587265778078,ok
v2e_vs_real,original,192000,193000,21969,0.39255597178318924,0.15410019098264405,ok
v2e_vs_real,original,193000,194000,20692,0.3859385548480014,0.14894856811816376,ok
v2e_vs_real,original,194000,195000,20641,0.37997519467114593,0.14438114856537526,ok
v2e_vs_real,original,195000,196000,24219,0.3733979764456296,0.13942604881369097,ok
v2e_vs_real,original,196000,197000,18711,0.36652515822559967,0.1343406916123009,ok
v2e_vs_real,original,197000,198000,17757,0.36025756235459966,0.12978551123367826,ok
v2e_vs_real,original,198000,199000,16863,0.35267770559596606,0.1243815640244349,ok
v2e_vs_real,original,199000,200000,16596,0.34250452517891566,0.11730934976803448,ok
v2e_vs_real,original,200000,201000,20424,0.3152857777707452,0.09940512166450372,ok
v2e_vs_real,original,201000,202000,15853,0.2931867799763245,0.08595848795288569,ok
v2e_vs_real,original,202000,203000,15237,0.2752931901298921,0.07578634053189293,ok
v2e_vs_real,original,203000,204000,14989,0.2618369463924187,0.06855858649610636,ok
v2e_vs_real,original,204000,205000,18355,0.24227379995974838,0.058696594146936176,ok
v2e_vs_real,original,205000,206000,15686,0.2235437108796648,0.04997179067385116,ok
v2e_vs_real,original,206000,207000,15389,0.20693396203165196,0.042821664642117174,ok
v2e_vs_real,original,207000,208000,15769,0.19778951070339332,0.03912069054428774,ok
v2e_vs_real,original,208000,209000,19026,0.1871751195861155,0.03503452539207663,ok
v2e_vs_real,original,209000,210000,15686,0.18505169008659633,0.034244128003905694,ok
v2e_vs_real,original,210000,211000,15485,0.17723279539084763,0.03141146376205406,ok
v2e_vs_real,original,211000,212000,15246,0.16816578863219594,0.0282797324662884,ok
v2e_vs_real,original,212000,213000,15304,0.16037454387840436,0.02571999432420624,ok
v2e_vs_real,original,213000,214000,19228,0.14820299735221432,0.02196412842418044,ok
v2e_vs_real,original,214000,215000,15343,0.13614523022050717,0.0185355237117949,ok
v2e_vs_real,original,215000,216000,15241,0.1298073590073439,0.01684995045246146,ok
v2e_vs_real,original,216000,217000,15220,0.121133311418891,0.014673279135306028,ok
v2e_vs_real,original,217000,218000,18822,0.11236617454921558,0.012626157182824782,ok
v2e_vs_real,original,218000,219000,15111,0.10480850775208171,0.010984823297218171,ok
v2e_vs_real,original,219000,220000,15126,0.09395905364513595,0.008828303761889533,ok
v2e_vs_real,original,220000,221000,14783,0.08364939379650896,0.0069972210825234304,ok
v2e_vs_real,original,221000,222000,18383,0.07999718532379713,0.006399549659729942,ok
v2e_vs_real,original,222000,223000,14534,0.08170560247255064,0.006675805475402474,ok
v2e_vs_real,original,223000,224000,14661,0.08110697564041922,0.006578341497535556,ok
v2e_vs_real,original,224000,225000,14832,0.0766229710714723,0.005871079695819681,ok
v2e_vs_real,original,225000,226000,15009,0.07141425425759033,0.00509999571116776,ok
v2e_vs_real,original,226000,227000,18539,0.07441699960311957,0.005537889829930698,ok
v2e_vs_real,original,227000,228000,14655,0.08002053952301465,0.0064032867455543485,ok
v2e_vs_real,original,228000,229000,14492,0.08832947231036792,0.0078020956786280515,ok
v2e_vs_real,original,229000,230000,14170,0.10101358398472746,0.010203744149439586,ok
v2e_vs_real,original,230000,231000,17141,0.12013819720059483,0.014433186426609013,ok
v2e_vs_real,original,231000,232000,13648,0.13372395185702554,0.01788209530026008,ok
v2e_vs_real,original,232000,233000,13850,0.15743707247407657,0.02478643178920764,ok
v2e_vs_real,original,233000,234000,13652,0.19089139950049708,0.03643952640325837,ok
v2e_vs_real,original,234000,235000,12537,0.234825338838442,0.055142939760589094,ok
v2e_vs_real,original,235000,236000,14764,0.278324048220857,0.07746427581804594,ok
v2e_vs_real,original,236000,237000,11876,0.313237350182023,0.09811763754905528,ok
v2e_vs_real,original,237000,238000,12413,0.33775023554869177,0.11407522161319678,ok
v2e_vs_real,original,238000,239000,12731,0.36055394080874087,0.12999914423271303,ok
v2e_vs_real,original,239000,240000,16697,0.3757404865358491,0.1411809132221966,ok
v2e_vs_real,original,240000,241000,15141,0.42226788968882795,0.17831017066225618,ok
v2e_vs_real,original,241000,242000,16099,0.44377502290412885,0.1969362709535601,ok
v2e_vs_real,original,242000,243000,16937,0.4531106112938936,0.20530922606712593,ok
v2e_vs_real,original,243000,244000,21571,0.4423935420184579,0.19571204601963704,ok
v2e_vs_real,original,244000,245000,18890,0.4753997836604847,0.22600495430443562,ok
v2e_vs_real,original,245000,246000,18955,0.46181518533632226,0.2132732654072217,ok
v2e_vs_real,original,246000,247000,19325,0.4655740737588469,0.2167592181564082,ok
v2e_vs_real,original,247000,248000,19653,0.4624012932991894,0.21381495604476297,ok
v2e_vs_real,original,248000,249000,24715,0.45981007994017,0.2114253096145855,ok
v2e_vs_real,original,249000,250000,19955,0.4641413170292323,0.21542716217363028,ok
v2e_vs_real,original,250000,251000,20098,0.4605703138907786,0.21212501403745038,ok
v2e_vs_real,original,251000,252000,20435,0.4609375886461515,0.21246346062692872,ok
v2e_vs_real,original,252000,253000,25447,0.4617229479974985,0.21318808070750073,ok
v2e_vs_real,original,253000,254000,20274,0.4646643634982769,0.21591297070525878,ok
v2e_vs_real,original,254000,255000,20048,0.46301329670498637,0.21438131292561974,ok
v2e_vs_real,original,255000,256000,19685,0.45917815566055475,0.21084457863582864,ok
v2e_vs_real,original,256000,257000,23370,0.4553607352075348,0.20735339916874662,ok
v2e_vs_real,original,257000,258000,19741,0.4640647000354429,0.21535604581898563,ok
v2e_vs_real,original,258000,259000,19138,0.462838078351251,0.21421908677187879,ok
v2e_vs_real,original,259000,260000,18768,0.46198017781542927,0.21342568469437564,ok
v2e_vs_real,original,260000,261000,19150,0.46224540906638945,0.2136708182029537,ok
v2e_vs_real,original,261000,262000,23702,0.4628347383513088,0.21421599502472444,ok
v2e_vs_real,original,262000,263000,18820,0.4659767601949332,0.21713434104176632,ok
v2e_vs_real,original,263000,264000,18715,0.466517135949066,0.21763823813411937,ok
v2e_vs_real,original,264000,265000,18010,0.46722519607602114,0.21829938384827638,ok
v2e_vs_real,original,265000,266000,21826,0.4600574488432427,0.21165285623615285,ok
v2e_vs_real,original,266000,267000,21541,0.4516256413161728,0.20396571989424436,ok
v2e_vs_real,original,267000,268000,15678,0.4559882893757785,0.20792532004784872,ok
v2e_vs_real,original,268000,269000,18959,0.4542622037944471,0.2063541497961878,ok
v2e_vs_real,original,269000,270000,18436,0.45495700821907303,0.2069858793276497,ok
v2e_vs_real,original,270000,271000,18152,0.4539547865866875,0.20607494826496495,ok
v2e_vs_real,original,271000,272000,18290,0.45752717576118046,0.20933111656000214,ok
v2e_vs_real,original,272000,273000,18582,0.4609245440455786,0.21245143530362454,ok
v2e_vs_real,original,273000,274000,18568,0.46371266030070385,0.21502943132315594,ok
v2e_vs_real,original,274000,275000,19352,0.4654832307054291,0.2166746380679637,ok
v2e_vs_real,original,275000,276000,19819,0.46841309315733215,0.21941082584121951,ok
v2e_vs_real,original,276000,277000,19728,0.4707449664461894,0.221600823434424,ok
v2e_vs_real,original,277000,278000,15445,0.47124144003005086,0.22206849480159602,ok
v2e_vs_real,original,278000,279000,20609,0.4718051806795179,0.22260012851603253,ok
v2e_vs_real,original,279000,280000,21070,0.4695513551437351,0.22047847511731805,ok
v2e_vs_real,original,280000,281000,21900,0.46660337989536516,0.21771871412977845,ok
v2e_vs_real,original,281000,282000,22698,0.46166367358652194,0.2131333475094027,ok
v2e_vs_real,original,282000,283000,23238,0.45698602290052437,0.20883622512643857,ok
v2e_vs_real,original,283000,284000,23383,0.45221611065188916,0.20449941073312164,ok
v2e_vs_real,original,284000,285000,23505,0.4483290127684633,0.20099890368994494,ok
v2e_vs_real,original,285000,286000,23542,0.44196117046975714,0.19532967620299774,ok
v2e_vs_real,original,286000,287000,23562,0.43741573688384405,0.19133252687363628,ok
v2e_vs_real,original,287000,288000,17665,0.43288532129452995,0.18738970139226843,ok
v2e_vs_real,original,288000,289000,23128,0.4287845949436817,0.1838562288610172,ok
v2e_vs_real,original,289000,290000,22736,0.42096444983075143,0.17721106802130723,ok
v2e_vs_real,original,290000,291000,22024,0.4130235679075694,0.17058846764709856,ok
v2e_vs_real,original,291000,292000,21413,0.4038826124686831,0.16312116465452847,ok
v2e_vs_real,original,292000,293000,20747,0.3951142433086611,0.15611526526537584,ok
v2e_vs_real,original,293000,294000,19936,0.3842328812831013,0.1476349070591138,ok
v2e_vs_real,original,294000,295000,19525,0.37532427043011185,0.1408683079738957,ok
v2e_vs_real,original,295000,296000,19228,0.3648135929392606,0.1330889575932525,ok
v2e_vs_real,original,296000,297000,18890,0.35628724439443743,0.12694060051818157,ok
v2e_vs_real,original,297000,298000,13673,0.34855204307804266,0.12148852673387772,ok
v2e_vs_real,original,298000,299000,17577,0.34456975875382995,0.11872831864767258,ok
v2e_vs_real,original,299000,300000,18229,0.3274549412600153,0.10722673855560005,ok
v2e_vs_real,original,300000,301000,16973,0.31119983404688506,0.0968453367108088,ok
v2e_vs_real,original,301000,302000,16219,0.28805142287784136,0.08297362222194898,ok
v2e_vs_real,original,302000,303000,15728,0.26371312501015937,0.06954461230262393,ok
v2e_vs_real,original,303000,304000,15469,0.24761158836243619,0.06131149869136854,ok
v2e_vs_real,original,304000,305000,15342,0.2354124483026985,0.05541902081587069,ok
v2e_vs_real,original,305000,306000,15173,0.22232160633297096,0.04942689664247252,ok
v2e_vs_real,original,306000,307000,15488,0.21125935359835046,0.04463051448279287,ok
v2e_vs_real,original,307000,308000,11811,0.20049564510343604,0.04019850370544298,ok
v2e_vs_real,original,308000,309000,16319,0.18881743528367811,0.035652023867105975,ok
v2e_vs_real,original,309000,310000,16723,0.18350205794631136,0.03367300527053141,ok
v2e_vs_real,original,310000,311000,17121,0.1765389428364596,0.03116599833781475,ok
v2e_vs_real,original,311000,312000,17202,0.16824651890215234,0.0283068911226923,ok
v2e_vs_real,original,312000,313000,17191,0.16026795808231403,0.02568581838787437,ok
v2e_vs_real,original,313000,314000,17406,0.1536618582712819,0.023611966687383523,ok
v2e_vs_real,original,314000,315000,17138,0.14501748588317911,0.021030071211878054,ok
v2e_vs_real,original,315000,316000,17695,0.1420486230865161,0.02017781132077512,ok
v2e_vs_real,original,316000,317000,17429,0.14025872722333144,0.019672510562308898,ok
v2e_vs_real,original,317000,318000,13212,0.13400737040898641,0.017957975323931286,ok
v2e_vs_real,original,318000,319000,17325,0.13309985201544097,0.017715570606532283,ok
v2e_vs_real,original,319000,320000,17048,0.12856225409731348,0.016528253178582197,ok
v2e_vs_real,original,320000,321000,17281,0.1321402928756025,0.017461057001250002,ok
v2e_vs_real,original,321000,322000,17514,0.13278649086039093,0.01763225215501668,ok
v2e_vs_real,original,322000,323000,17419,0.13810683504845564,0.01907349788710133,ok
v2e_vs_real,original,323000,324000,17218,0.14538085096396225,0.021135591827005806,ok
v2e_vs_real,original,324000,325000,16997,0.14974305243609298,0.02242298175287849,ok
v2e_vs_real,original,325000,326000,16279,0.15448755901572028,0.023866405890635656,ok
v2e_vs_real,original,326000,327000,15284,0.15920441983536598,0.02534604729511547,ok
v2e_vs_real,original,327000,328000,11292,0.1630936182292557,0.02659952830711021,ok
v2e_vs_real,original,328000,329000,14633,0.17317894008510878,0.029990945289001703,ok
v2e_vs_real,original,329000,330000,14697,0.18257205333136808,0.03333255465763191,ok
v2e_vs_real,original,330000,331000,14364,0.1948801532310903,0.037978274123373235,ok
v2e_vs_real,original,331000,332000,13941,0.20565355131559201,0.04229338316871484,ok
v2e_vs_real,original,332000,333000,15106,0.2088258370797766,0.04360823023206939,ok
v2e_vs_real,original,333000,334000,15768,0.22525292188417348,0.05073887881735756,ok
v2e_vs_real,original,334000,335000,15475,0.2478550160902239,0.061432109001085144,ok
v2e_vs_real,original,335000,336000,15747,0.27576654911716236,0.07604718961198831,ok
v2e_vs_real,original,336000,337000,15614,0.29684840186363837,0.08811897368899613,ok
v2e_vs_real,original,337000,338000,11643,0.31630909210449454,0.1000514417479696,ok
v2e_vs_real,original,338000,339000,15574,0.33976603657096216,0.1154409596071404,ok
v2e_vs_real,original,339000,340000,15324,0.3527335533541546,0.12442095966184824,ok
v2e_vs_real,original,340000,341000,15270,0.3607690808470393,0.13015432969521756,ok
v2e_vs_real,original,341000,342000,15528,0.3732934729021901,0.13934801691137816,ok
v2e_vs_real,original,342000,343000,15847,0.3878708893201975,0.15044382678204088,ok
v2e_vs_real,original,343000,344000,16476,0.4015664138443509,0.16125558472781248,ok
v2e_vs_real,original,344000,345000,17531,0.41359677914829635,0.17106229572184461,ok
v2e_vs_real,original,345000,346000,17805,0.42897645109400656,0.1840207955932086,ok
v2e_vs_real,original,346000,347000,17932,0.43715135868108224,0.1911013103967162,ok
v2e_vs_real,original,347000,348000,13681,0.4395157134099804,0.19317406233428402,ok
v2e_vs_real,original,348000,349000,18421,0.447898139976888,0.20061274379475597,ok
v2e_vs_real,original,349000,350000,19552,0.4479715351444088,0.20067849629963827,ok
v2e_vs_real,original,350000,351000,20274,0.4525547885218221,0.20480583661403115,ok
v2e_vs_real,original,351000,352000,20622,0.4580024289532351,0.20976622492706318,ok
v2e_vs_real,original,352000,353000,21060,0.46247020372819386,0.21387868933639712,ok
v2e_vs_real,original,353000,354000,21259,0.4653557898106823,0.21655601111032394,ok
v2e_vs_real,original,354000,355000,21531,0.46667680509377263,0.21778724041253103,ok
v2e_vs_real,original,355000,356000,21733,0.4698458129214546,0.2207550879198225,ok
v2e_vs_real,original,356000,357000,21601,0.4721966288890707,0.2229696563342028,ok
v2e_vs_real,original,357000,358000,16224,0.4736946876554399,0.22438665711298478,ok
v2e_vs_real,original,358000,359000,21891,0.4744009845590453,0.2250562941505915,ok
v2e_vs_real,original,359000,360000,21731,0.4734251269396432,0.2241313508178173,ok
v2e_vs_real,original,360000,361000,21758,0.4718334974388098,0.22262684930533932,ok
v2e_vs_real,original,361000,362000,21451,0.4750894722072657,0.22571000660217833,ok
v2e_vs_real,original,362000,363000,21321,0.478178657071436,0.22865482807864196,ok
v2e_vs_real,original,363000,364000,20968,0.48062085827825723,0.23099640941212862,ok
v2e_vs_real,original,364000,365000,19768,0.4833221511884579,0.23360030182943856,ok
v2e_vs_real,original,365000,366000,19422,0.47840159007726135,0.22886808138845202,ok
v2e_vs_real,original,366000,367000,20431,0.46213782584709995,0.21357137007868449,ok
v2e_vs_real,original,367000,368000,15656,0.4541255169212779,0.20622998511901786,ok
v2e_vs_real,original,368000,369000,21049,0.4580070837049928,0.20977048872395232,ok
v2e_vs_real,original,369000,370000,21057,0.4622100926644114,0.21363816976084377,ok
v2e_vs_real,original,370000,371000,20447,0.4622524820212899,0.21367735713484293,ok
v2e_vs_real,original,371000,372000,20485,0.46504496942613816,0.21626682358855778,ok
v2e_vs_real,original,372000,373000,21020,0.46839659892620344,0.2193953738856347,ok
v2e_vs_real,original,373000,374000,21708,0.4712790844087413,0.2221039754011415,ok
v2e_vs_real,original,374000,375000,22315,0.47176363501867097,0.2225609273260298,ok
v2e_vs_real,original,375000,376000,22658,0.47236947498758164,0.2231329209000435,ok
v2e_vs_real,original,376000,377000,23260,0.47243504457865804,0.22319487134603863,ok
v2e_vs_real,original,377000,378000,17503,0.4717045802721036,0.22250521104968143,ok
v2e_vs_real,original,378000,379000,23454,0.46791540736065573,0.2189448284454884,ok
v2e_vs_real,original,379000,380000,23867,0.46378734492431256,0.21509870131194328,ok
v2e_vs_real,original,380000,381000,23993,0.460840749563912,0.21237419645862826,ok
v2e_vs_real,original,381000,382000,24536,0.45758425118817414,0.20938334693544206,ok
v2e_vs_real,original,382000,383000,24469,0.45162803480866376,0.20396788182513562,ok
v2e_vs_real,original,383000,384000,24272,0.44816855216957113,0.20085505115376961,ok
v2e_vs_real,original,384000,385000,24450,0.44288191293269813,0.196144388802926,ok
v2e_vs_real,original,385000,386000,24351,0.4359222235059525,0.1900281849463736,ok
v2e_vs_real,original,386000,387000,23994,0.42929036849663454,0.18429022048397628,ok
v2e_vs_real,original,387000,388000,17665,0.42269570067634044,0.1786716553702624,ok
v2e_vs_real,original,388000,389000,23113,0.4169905858012046,0.1738811486468318,ok
v2e_vs_real,original,389000,390000,22837,0.40899927872321545,0.1672804099961105,ok
v2e_vs_real,original,390000,391000,23140,0.40235534953250407,0.16188982729742352,ok
v2e_vs_real,original,391000,392000,23621,0.3978498098098179,0.15828447116570826,ok
v2e_vs_real,original,392000,393000,23363,0.39379180076441783,0.15507198234928293,ok
v2e_vs_real,original,393000,394000,22623,0.38767403629088537,0.1502911584140667,ok
v2e_vs_real,original,394000,395000,21842,0.38157006927855863,0.14559571776924402,ok
v2e_vs_real,original,395000,396000,21063,0.3767520775576478,0.14194212794400385,ok
v2e_vs_real,original,396000,397000,20170,0.3698563013286326,0.13679368363249628,ok
v2e_vs_real,original,397000,398000,14423,0.365308344464094,0.13345018653509716,ok
v2e_vs_real,original,398000,399000,18000,0.3579878112461698,0.1281552730008233,ok
v2e_vs_real,original,399000,400000,16712,0.3532111588815289,0.12475812275843262,ok
v2e_vs_real,original,400000,401000,19968,0.31823720112339177,0.1012749161788501,ok
v2e_vs_real,original,401000,402000,15181,0.29403385437082635,0.08645590751616433,ok
v2e_vs_real,original,402000,403000,15260,0.27698436576891405,0.07672033888040758,ok
v2e_vs_real,original,403000,404000,15232,0.25993846162392764,0.06756800383141409,ok
v2e_vs_real,original,404000,405000,15380,0.2436935312046983,0.05938653715101527,ok
v2e_vs_real,original,405000,406000,19449,0.2266307181011087,0.051361482387024204,ok
v2e_vs_real,original,406000,407000,16449,0.21543417994359376,0.04641188588796874,ok
v2e_vs_real,original,407000,408000,16021,0.2077716385305196,0.043169053777656896,ok
v2e_vs_real,original,408000,409000,15913,0.19835353340409614,0.039344124213889886,ok
v2e_vs_real,original,409000,410000,15827,0.19466474061857988,0.037894361240098984,ok
v2e_vs_real,original,410000,411000,19326,0.18551354180398094,0.034415274192657386,ok
v2e_vs_real,original,411000,412000,15654,0.17885958015875572,0.031990749414566366,ok
v2e_vs_real,original,412000,413000,15562,0.17003404491355978,0.028911576429666463,ok
v2e_vs_real,original,413000,414000,15441,0.158586671102877,0.025149732251492085,ok
v2e_vs_real,original,414000,415000,15338,0.14551829438419428,0.02117557400048503,ok
v2e_vs_real,original,415000,416000,19374,0.14118007714046,0.01993181418138623,ok
v2e_vs_real,original,416000,417000,15770,0.13841198158996126,0.019157876647659777,ok
v2e_vs_real,original,417000,418000,15377,0.12646740130561673,0.01599400359299591,ok
v2e_vs_real,original,418000,419000,14995,0.11428814926837755,0.013061781063190947,ok
v2e_vs_real,original,419000,420000,14933,0.1081946010067528,0.011706071687010433,ok
v2e_vs_real,original,420000,421000,18408,0.09497742454049533,0.009020711172345486,ok
v2e_vs_real,original,421000,422000,14686,0.0881359045835183,0.007767937676755043,ok
v2e_vs_real,original,422000,423000,14667,0.08372599119124921,0.00701004160095714,ok
v2e_vs_real,original,423000,424000,14328,0.08042939706850165,0.006468887912802701,ok
v2e_vs_real,original,424000,425000,14686,0.07849729560851117,0.0061618254178499865,ok
v2e_vs_real,original,425000,426000,18675,0.0722615468199076,0.005221731148805697,ok
v2e_vs_real,original,426000,427000,15183,0.06598430408495577,0.0043539283855759114,ok
v2e_vs_real,original,427000,428000,14672,0.07122077359601474,0.005072398591614791,ok
v2e_vs_real,original,428000,429000,14324,0.08039516880738132,0.006463383167567338,ok
v2e_vs_real,original,429000,430000,14273,0.08922033393480022,0.007960267987437264,ok
v2e_vs_real,original,430000,431000,17049,0.11184236783378253,0.012508715242667112,ok
v2e_vs_real,original,431000,432000,13272,0.12354673643290683,0.015263796083222148,ok
v2e_vs_real,original,432000,433000,13887,0.14683881230415397,0.021561636798894557,ok
v2e_vs_real,original,433000,434000,13445,0.187777351183224,0.03526033361738784,ok
v2e_vs_real,original,434000,435000,12469,0.232477046064488,0.054045576946870066,ok
v2e_vs_real,original,435000,436000,14552,0.2730692253018784,0.07456680180696801,ok
v2e_vs_real,original,436000,437000,12161,0.31238621769387753,0.09758514900508664,ok
v2e_vs_real,original,437000,438000,12563,0.3388646833324697,0.11482927361001499,ok
v2e_vs_real,original,438000,439000,12724,0.35955860495762465,0.1292823903990732,ok
v2e_vs_real,original,439000,440000,13665,0.3745806127052081,0.1403106354146091,ok
v2e_vs_real,original,440000,441000,17960,0.3984556270139665,0.15876688669909317,ok
v2e_vs_real,original,441000,442000,16222,0.4384294924229541,0.19222041982624916,ok
v2e_vs_real,original,442000,443000,16998,0.4526540847256538,0.20489572041881937,ok
v2e_vs_real,original,443000,444000,17495,0.45551508668780893,0.2074939942002021,ok
v2e_vs_real,original,444000,445000,18262,0.4603984623146897,0.21196674410173078,ok
v2e_vs_real,original,445000,446000,22413,0.45196597058952165,0.20427323857092833,ok
v2e_vs_real,original,446000,447000,19986,0.4796491087750588,0.23006326754870815,ok
v2e_vs_real,original,447000,448000,19805,0.46615641093139903,0.21730179945244338,ok
v2e_vs_real,original,448000,449000,19688,0.46505342928114296,0.21627469208615102,ok
v2e_vs_real,original,449000,450000,19961,0.46088832267442503,0.2124180459776449,ok
v2e_vs_real,original,450000,451000,24389,0.4537329923204698,0.20587362832008752,ok
v2e_vs_real,original,451000,452000,20497,0.46561593453314815,0.21679819849117687,ok
v2e_vs_real,original,452000,453000,19953,0.4615609354981343,0.21303849717791293,ok
v2e_vs_real,original,453000,454000,19800,0.46105194321249515,0.21256889434001786,ok
v2e_vs_real,original,454000,455000,19471,0.46031889773874385,0.21189348761541213,ok
v2e_vs_real,original,455000,456000,23488,0.45344885691993514,0.20561586584199582,ok
v2e_vs_real,original,456000,457000,19277,0.46335456064544206,0.21469744887093062,ok
v2e_vs_real,original,457000,458000,18983,0.46113233353970745,0.212643029035776,ok
v2e_vs_real,original,458000,459000,18979,0.4610060496165788,0.2125265777830835,ok
v2e_vs_real,original,459000,460000,18932,0.46161153504523933,0.2130852092868222,ok
v2e_vs_real,original,460000,461000,23660,0.4609548897902066,0.2124794104215015,ok
v2e_vs_real,original,461000,462000,18917,0.4660174923241492,0.21717230315208846,ok
v2e_vs_real,original,462000,463000,18867,0.46639236180162896,0.21752183514690157,ok
v2e_vs_real,original,463000,464000,18446,0.4675082463473571,0.21856396040278112,ok
v2e_vs_real,original,464000,465000,18007,0.47238310179992227,0.22314579486611572,ok
v2e_vs_real,original,465000,466000,21818,0.4626109925891913,0.21400893046435682,ok
v2e_vs_real,original,466000,467000,19091,0.4526773781583757,0.2049168086963411,ok
v2e_vs_real,original,467000,468000,17604,0.44967688927838156,0.20220930475108184,ok
v2e_vs_real,original,468000,469000,17034,0.4520686953946766,0.2043661053558449,ok
v2e_vs_real,original,469000,470000,16748,0.45228989222733124,0.2045661466110109,ok
v2e_vs_real,original,470000,471000,20801,0.4545998375150377,0.20666101226869865,ok
v2e_vs_real,original,471000,472000,16908,0.4577113992644123,0.20949972501658623,ok
v2e_vs_real,original,472000,473000,17267,0.46094688862447947,0.21247203413258828,ok
v2e_vs_real,original,473000,474000,17457,0.46159251121534806,0.2130676464100912,ok
v2e_vs_real,original,474000,475000,17798,0.4656161875573402,0.21679843411543218,ok
v2e_vs_real,original,475000,476000,22714,0.46741249599912726,0.21847444141613415,ok
v2e_vs_real,original,476000,477000,19239,0.4726632611491072,0.22341055844010907,ok
v2e_vs_real,original,477000,478000,19310,0.473790494359132,0.2244774325450707,ok
v2e_vs_real,original,478000,479000,19512,0.4734407379940983,0.22414613239239645,ok
v2e_vs_real,original,479000,480000,20140,0.4731658277029278,0.22388590050579676,ok
v2e_vs_real,original,480000,481000,25533,0.46914824326026505,0.22010007415419283,ok
v2e_vs_real,original,481000,482000,21747,0.4680021867755623,0.21902604682670831,ok
v2e_vs_real,original,482000,483000,21819,0.4633627582977058,0.2147050457772581,ok
v2e_vs_real,original,483000,484000,21952,0.45880178645928554,0.21049907925823183,ok
v2e_vs_real,original,484000,485000,21947,0.4546033805295602,0.20666423358890407,ok
v2e_vs_real,original,485000,486000,27211,0.4493055946536526,0.20187551738707238,ok
v2e_vs_real,original,486000,487000,22682,0.4424303000074001,0.19574457036463802,ok
v2e_vs_real,original,487000,488000,22372,0.4392126060199805,0.19290771328686265,ok
v2e_vs_real,original,488000,489000,21717,0.4328785819357152,0.1873838666986757,ok
v2e_vs_real,original,489000,490000,21304,0.4278873813598158,0.18308761112696043,ok
v2e_vs_real,original,490000,491000,25862,0.41959719775862675,0.17606180836689211,ok
v2e_vs_real,original,491000,492000,20226,0.41253742144853,0.17018712409540204,ok
v2e_vs_real,original,492000,493000,19709,0.4031140307592012,0.16250092179493023,ok
v2e_vs_real,original,493000,494000,18922,0.39614827659043117,0.15693345704556877,ok
v2e_vs_real,original,494000,495000,18655,0.38730121145793844,0.15000222839678673,ok
v2e_vs_real,original,495000,496000,22543,0.37636950750421966,0.14165400617896884,ok
v2e_vs_real,original,496000,497000,18039,0.3668529060455788,0.13458105467408626,ok
v2e_vs_real,original,497000,498000,17582,0.3587001134271791,0.12866577137267116,ok
v2e_vs_real,original,498000,499000,16807,0.3537397268426987,0.1251317943467471,ok
v2e_vs_real,original,499000,500000,17366,0.33783455747179375,0.1141321882221627,ok
v2e_vs_real,original,500000,501000,20133,0.3241700377107448,0.10508621334938573,ok
v2e_vs_real,original,501000,502000,15614,0.30295629112355354,0.09178251433133933,ok
v2e_vs_real,original,502000,503000,15030,0.27850775325082205,0.07756656862082079,ok
v2e_vs_real,original,503000,504000,14817,0.26298542676653575,0.06916133469157693,ok
v2e_vs_real,original,504000,505000,14451,0.24869198128388234,0.06184770155490288,ok
v2e_vs_real,original,505000,506000,17639,0.2363953255726105,0.055882749952580524,ok
v2e_vs_real,original,506000,507000,14532,0.22140140780032602,0.04901858337596626,ok
v2e_vs_real,original,507000,508000,14898,0.21048473537216134,0.04430382382468878,ok
v2e_vs_real,original,508000,509000,15116,0.19999131070352985,0.03999652435691581,ok
v2e_vs_real,original,509000,510000,15993,0.19283732332270845,0.0371862332662668,ok
v2e_vs_real,original,510000,511000,19764,0.1880821414743659,0.035374891941583386,ok
v2e_vs_real,original,511000,512000,16411,0.17903445563834616,0.03205333630571894,ok
v2e_vs_real,original,512000,513000,16442,0.17174820792905776,0.029497446926842863,ok
v2e_vs_real,original,513000,514000,16548,0.16387612320101877,0.02685538375539548,ok
v2e_vs_real,original,514000,515000,16377,0.1548767479597039,0.023986807058573645,ok
v2e_vs_real,original,515000,516000,20123,0.15316512944751495,0.023459556878674015,ok
v2e_vs_real,original,516000,517000,16916,0.14541368616298045,0.021145140123505768,ok
v2e_vs_real,original,517000,518000,16587,0.14188264077948076,0.020130683754559175,ok
v2e_vs_real,original,518000,519000,16307,0.13601049747051838,0.018498855422177884,ok
v2e_vs_real,original,519000,520000,16292,0.13286160849415532,0.01765220701165421,ok
v2e_vs_real,original,520000,521000,19591,0.13041795607990728,0.017008843268060625,ok
v2e_vs_real,original,521000,522000,16743,0.1310810211788686,0.017182234113295003,ok
v2e_vs_real,original,522000,523000,16072,0.13536663663324372,0.018324126313396638,ok
v2e_vs_real,original,523000,524000,16076,0.14053068304297264,0.019748872876524437,ok
v2e_vs_real,original,524000,525000,15915,0.14334235492825456,0.0205470307163777,ok
v2e_vs_real,original,525000,526000,19020,0.14979851658665252,0.02243959557156161,ok
v2e_vs_real,original,526000,527000,15440,0.15727345151959038,0.024734938552884944,ok
v2e_vs_real,original,527000,528000,14657,0.1578728898825728,0.02492384935987496,ok
v2e_vs_real,original,528000,529000,14558,0.16334784061664137,0.026682517034119668,ok
v2e_vs_real,original,529000,530000,14454,0.16879891723944226,0.02849307446120808,ok
v2e_vs_real,original,530000,531000,17446,0.1762800381788478,0.031074651860336033,ok
v2e_vs_real,original,531000,532000,14338,0.19101495266864588,0.03648671214300503,ok
v2e_vs_real,original,532000,533000,14640,0.20028826873665737,0.04011539059352748,ok
v2e_vs_real,original,533000,534000,15523,0.21206100509679518,0.044969869882662994,ok
v2e_vs_real,original,534000,535000,15105,0.2320390858280236,0.053842137351904906,ok
v2e_vs_real,original,535000,536000,15107,0.2571509123866827,0.06612659174130336,ok
v2e_vs_real,original,536000,537000,18294,0.2738960523219996,0.07501904747757554,ok
v2e_vs_real,original,537000,538000,15254,0.30482115826987705,0.09291593852898944,ok
v2e_vs_real,original,538000,539000,15147,0.3264950669260395,0.10659902872703902,ok
v2e_vs_real,original,539000,540000,14983,0.3430302241621113,0.11766973468870834,ok
v2e_vs_real,original,540000,541000,14732,0.35079868960929633,0.12305972063159942,ok
v2e_vs_real,original,541000,542000,14695,0.36018482710783795,0.1297331096787031,ok
v2e_vs_real,original,542000,543000,14936,0.3778155510964333,0.1427445906503016,ok
v2e_vs_real,original,543000,544000,19369,0.39049956535638686,0.15248991054352706,ok
v2e_vs_real,original,544000,545000,16752,0.4053051641638767,0.164272276097907,ok
v2e_vs_real,original,545000,546000,17055,0.42175686645300514,0.17787885440025802,ok
v2e_vs_real,original,546000,547000,17210,0.42876185530319155,0.18383672856303496,ok
v2e_vs_real,original,547000,548000,17117,0.43372979308558235,0.18812153341006208,ok
v2e_vs_real,original,548000,549000,17097,0.4345848698636602,0.18886400911441448,ok
v2e_vs_real,original,549000,550000,18300,0.4425298756160773,0.19583269081278087,ok
v2e_vs_real,original,550000,551000,18597,0.4454308955013856,0.19840868266716627,ok
v2e_vs_real,original,551000,552000,23885,0.4499442506027833,0.2024498286505003,ok
v2e_vs_real,original,552000,553000,19496,0.45706406185788395,0.20890755664202756,ok
v2e_vs_real,original,553000,554000,20205,0.45827902558191336,0.210019665288308,ok
v2e_vs_real,original,554000,555000,20246,0.46196454595990305,0.21341124172393935,ok
v2e_vs_real,original,555000,556000,20467,0.4623932567416353,0.21380752388013585,ok
v2e_vs_real,original,556000,557000,20455,0.46513355652126664,0.21634922540212234,ok
v2e_vs_real,original,557000,558000,20444,0.46941628929228263,0.220351652652936,ok
v2e_vs_real,original,558000,559000,26366,0.4695070146139384,0.22043683677169296,ok
v2e_vs_real,original,559000,560000,21246,0.46952902140677605,0.22045750194320476,ok
v2e_vs_real,original,560000,561000,20925,0.47079867140950366,0.22165138900095377,ok
v2e_vs_real,original,561000,562000,20581,0.47218664234332536,0.22296022520746347,ok
v2e_vs_real,original,562000,563000,20478,0.4758977706772784,0.22647868813560346,ok
v2e_vs_real,original,563000,564000,19449,0.47828471176744247,0.22875626551046555,ok
v2e_vs_real,original,564000,565000,18928,0.47594843456924274,0.22652691236891273,ok
v2e_vs_real,original,565000,566000,21957,0.473178621967999,0.2238980082875345,ok
v2e_vs_real,original,566000,567000,19147,0.46368653016552436,0.21500519825694375,ok
v2e_vs_real,original,567000,568000,19551,0.459153315816074,0.21082176742489536,ok
v2e_vs_real,original,568000,569000,19670,0.4597635913491451,0.21138255993026364,ok
v2e_vs_real,original,569000,570000,19496,0.462731836262484,0.21412075229085029,ok
v2e_vs_real,original,570000,571000,18833,0.46106959609672793,0.21258517244479985,ok
v2e_vs_real,original,571000,572000,19263,0.4646724235213352,0.2159204611811911,ok
v2e_vs_real,original,572000,573000,23078,0.46397266464229725,0.21527063353527362,ok
v2e_vs_real,original,573000,574000,20148,0.47246781389616754,0.22322583516782363,ok
v2e_vs_real,original,574000,575000,20418,0.47341232608635686,0.2241192304904951,ok
v2e_vs_real,original,575000,576000,20884,0.47171596218841816,0.22251594898334517,ok
v2e_vs_real,original,576000,577000,21387,0.4728305957533586,0.22356877228047603,ok
v2e_vs_real,original,577000,578000,21716,0.47108582273461186,0.22192185238154613,ok
v2e_vs_real,original,578000,579000,22306,0.46899861172309454,0.21995969779818997,ok
v2e_vs_real,original,579000,580000,27376,0.4626292925092852,0.21402586228764178,ok
v2e_vs_real,original,580000,581000,23537,0.4650399799458683,0.21626218294805363,ok
v2e_vs_real,original,581000,582000,23065,0.460125830183133,0.2117157796017174,ok
v2e_vs_real,original,582000,583000,23100,0.45620422950878975,0.20812229902170853,ok
v2e_vs_real,original,583000,584000,22757,0.45125413400892406,0.20363029346014397,ok
v2e_vs_real,original,584000,585000,22727,0.44642293795591226,0.1992934395331883,ok
v2e_vs_real,original,585000,586000,22896,0.4417513106062527,0.19514422042234197,ok
v2e_vs_real,original,586000,587000,27209,0.43174942861895005,0.18640756911278983,ok
v2e_vs_real,original,587000,588000,22818,0.42762627980836887,0.1828642351827454,ok
v2e_vs_real,original,588000,589000,22019,0.419751447746158,0.1761912778849956,ok
v2e_vs_real,original,589000,590000,21659,0.4123583679178217,0.1700394235918496,ok
v2e_vs_real,original,590000,591000,21809,0.40715775081250705,0.1657774340466996,ok
v2e_vs_real,original,591000,592000,22090,0.40261939108276956,0.16210237407586015,ok
v2e_vs_real,original,592000,593000,22205,0.39888223224653657,0.15910703520197994,ok
v2e_vs_real,original,593000,594000,26256,0.3924837870951575,0.15404352313255693,ok
v2e_vs_real,original,594000,595000,21131,0.3880601086745101,0.15059064794447258,ok
v2e_vs_real,original,595000,596000,19993,0.3819081770339085,0.1458538556853632,ok
v2e_vs_real,original,596000,597000,19254,0.37412611228383214,0.1399703478926146,ok
v2e_vs_real,original,597000,598000,18207,0.3670267519490298,0.13470863664625465,ok
v2e_vs_real,original,598000,599000,17169,0.3614068310408149,0.13061489752296412,ok
v2e_vs_real,original,599000,600000,16997,0.3499813643657893,0.12248695540333937,ok
v2e_vs_real,original,600000,601000,20804,0.32076732900259214,0.10289167935545718,ok
v2e_vs_real,original,601000,602000,16266,0.2976274558647951,0.08858210248455056,ok
v2e_vs_real,original,602000,603000,15610,0.2835418162179397,0.0803959615441679,ok
v2e_vs_real,original,603000,604000,15623,0.2657178264590813,0.07060596329813845,ok
v2e_vs_real,original,604000,605000,15903,0.24997204721562713,0.062486024389171724,ok
v2e_vs_real,original,605000,606000,16170,0.23368063560012323,0.05460663945447758,ok
v2e_vs_real,original,606000,607000,16098,0.22081115183557198,0.04875756477495202,ok
v2e_vs_real,original,607000,608000,16343,0.2105542197703269,0.04433307946309112,ok
v2e_vs_real,original,608000,609000,20136,0.2023022396199739,0.04092619615525733,ok
v2e_vs_real,original,609000,610000,16479,0.1962697666613171,0.03852182130528786,ok
v2e_vs_real,original,610000,611000,15924,0.1883418140675385,0.03547263892625124,ok
v2e_vs_real,original,611000,612000,16157,0.18298184088696795,0.03348235409438366,ok
v2e_vs_real,original,612000,613000,15925,0.17288668436969618,0.029889805632346944,ok
v2e_vs_real,original,613000,614000,15906,0.1628338440346829,0.026514860763111436,ok
v2e_vs_real,original,614000,615000,15800,0.15394679553791002,0.023699615856391076,ok
v2e_vs_real,original,615000,616000,19747,0.1402531729354561,0.01967095251846296,ok
v2e_vs_real,original,616000,617000,15792,0.13592308050912738,0.01847508381509072,ok
v2e_vs_real,original,617000,618000,15868,0.12528840896543883,0.015697185421091053,ok
v2e_vs_real,original,618000,619000,15379,0.1177660377077876,0.01386883963739205,ok
v2e_vs_real,original,619000,620000,15250,0.10471114867715337,0.010964424657288918,ok
v2e_vs_real,original,620000,621000,15342,0.09533957860351994,0.009089635248296757,ok
v2e_vs_real,original,621000,622000,15199,0.08788347261708256,0.007723504759237498,ok
v2e_vs_real,original,622000,623000,18776,0.08848456201538944,0.0078295177150553,ok
v2e_vs_real,original,623000,624000,15054,0.08096267031933455,0.006554953985237255,ok
v2e_vs_real,original,624000,625000,15213,0.07479635950578767,0.005594495395319032,ok
v2e_vs_real,original,625000,626000,15645,0.07056961165480743,0.004980070089110333,ok
v2e_vs_real,original,626000,627000,15231,0.07128617791970279,0.005081719162399523,ok
v2e_vs_real,original,627000,628000,15012,0.07063131740422078,0.004988782998255781,ok
v2e_vs_real,original,628000,629000,14767,0.08556047311534888,0.007320594559722338,ok
v2e_vs_real,original,629000,630000,17742,0.09563719076897911,0.009146472258182103,ok
v2e_vs_real,original,630000,631000,14312,0.11000676783845027,0.012101488970262697,ok
v2e_vs_real,original,631000,632000,13947,0.1277907765597275,0.016330482573738203,ok
v2e_vs_real,original,632000,633000,14237,0.14333978963298113,0.020546295292027283,ok
v2e_vs_real,original,633000,634000,14094,0.19137425608534298,0.03662410589221843,ok
v2e_vs_real,original,634000,635000,12733,0.23309697981111857,0.05433420199706501,ok
v2e_vs_real,original,635000,636000,12122,0.27560700599533144,0.07595922175371067,ok
v2e_vs_real,original,636000,637000,14692,0.30581212196104673,0.09352105393831811,ok
v2e_vs_real,original,637000,638000,12899,0.3381084306749252,0.1143173108934607,ok
v2e_vs_real,original,638000,639000,13193,0.3605404270915215,0.12998939956733674,ok
v2e_vs_real,original,639000,640000,14073,0.3815355809704616,0.14556939954646764,ok
v2e_vs_real,original,640000,641000,15405,0.4067291590065406,0.16542860878616777,ok
v2e_vs_real,original,641000,642000,16391,0.4389790380141103,0.1927025958157937,ok
v2e_vs_real,original,642000,643000,17241,0.45162189887690773,0.2039623395451839,ok
v2e_vs_real,original,643000,644000,21827,0.4396189715784604,0.1932648401717032,ok
v2e_vs_real,original,644000,645000,19418,0.4708671247840573,0.221715849202405,ok
v2e_vs_real,original,645000,646000,19792,0.4697891416664015,0.22070183762765427,ok
v2e_vs_real,original,646000,647000,19636,0.46501772796434987,0.21624148732112608,ok
v2e_vs_real,original,647000,648000,19882,0.461029500193479,0.21254820004864905,ok
v2e_vs_real,original,648000,649000,20042,0.46195258365256725,0.21340018954328213,ok
v2e_vs_real,original,649000,650000,19715,0.45959401285554946,0.21122665665266696,ok
v2e_vs_real,original,650000,651000,24466,0.4544790686632269,0.2065512238529941,ok
v2e_vs_real,original,651000,652000,21152,0.46610774031238844,0.21725642557912092,ok
v2e_vs_real,original,652000,653000,20069,0.46002457079119224,0.21162260573162064,ok
v2e_vs_real,original,653000,654000,20249,0.457232526334583,0.20906158313830514,ok
v2e_vs_real,original,654000,655000,19878,0.45287610107367354,0.2050967629236922,ok
v2e_vs_real,original,655000,656000,19638,0.4541875446136177,0.20628632568214697,ok
v2e_vs_real,original,656000,657000,19465,0.4534009930254768,0.2055724604764885,ok
v2e_vs_real,original,657000,658000,19351,0.45760184457077696,0.20939944815457753,ok
v2e_vs_real,original,658000,659000,23801,0.45604780725551575,0.20797960250256403,ok
v2e_vs_real,original,659000,660000,19283,0.45813512779467547,0.2098877953194436,ok
v2e_vs_real,original,660000,661000,19097,0.46202506637904095,0.21346716196255722,ok
v2e_vs_real,original,661000,662000,19124,0.46075668970501193,0.21229672710792064,ok
v2e_vs_real,original,662000,663000,19070,0.4633160800714876,0.2146617900528091,ok
v2e_vs_real,original,663000,664000,18633,0.46187321658238445,0.2133268681961582,ok
v2e_vs_real,original,664000,665000,18464,0.4663182230223334,0.21745268512270668,ok
v2e_vs_real,original,665000,666000,22090,0.45910592636793834,0.21077825162616282,ok
v2e_vs_real,original,666000,667000,20764,0.4464046767049699,0.19927713538406872,ok
v2e_vs_real,original,667000,668000,19683,0.4478990655718896,0.20061357294017185,ok
v2e_vs_real,original,668000,669000,18476,0.44964816363526555,0.20218347106056653,ok
v2e_vs_real,original,669000,670000,13751,0.4569684870525988,0.20882019815914113,ok
v2e_vs_real,original,670000,671000,17900,0.45551292096222595,0.20749202116353913,ok
v2e_vs_real,original,671000,672000,17903,0.45945205016880647,0.21109618640431946,ok
v2e_vs_real,original,672000,673000,18472,0.46261329392042294,0.21401105971190362,ok
v2e_vs_real,original,673000,674000,18585,0.465642422132804,0.21682286528970443,ok
v2e_vs_real,original,674000,675000,19202,0.4675567932088432,0.21860935487573693,ok
v2e_vs_real,original,675000,676000,19515,0.47120088465720095,0.22203027370172881,ok
v2e_vs_real,original,676000,677000,19812,0.4725855154579557,0.22333706942066167,ok
v2e_vs_real,original,677000,678000,19958,0.4736574774382086,0.22435140593312708,ok
v2e_vs_real,original,678000,679000,20355,0.47412139640060197,0.22479109852485676,ok
v2e_vs_real,original,679000,680000,21122,0.4737580437779995,0.22444668404435691,ok
v2e_vs_real,original,680000,681000,21756,0.4702199128883765,0.2211067664767524,ok
v2e_vs_real,original,681000,682000,22437,0.46591736960562347,0.21707899530022312,ok
v2e_vs_real,original,682000,683000,22995,0.46155357433593996,0.21303170198228208,ok
v2e_vs_real,original,683000,684000,23082,0.45733938744482416,0.20915931530840698,ok
v2e_vs_real,original,684000,685000,23049,0.4540320471675053,0.20614509985511573,ok
v2e_vs_real,original,685000,686000,23174,0.4490220836149251,0.2016208315738888,ok
v2e_vs_real,original,686000,687000,23213,0.44338333018350534,0.1965887774846153,ok
v2e_vs_real,original,687000,688000,23220,0.4407685693278561,0.19427693170732505,ok
v2e_vs_real,original,688000,689000,22826,0.4327259070904916,0.18725171066728874,ok
v2e_vs_real,original,689000,690000,22590,0.42635791607971296,0.18178107260383555,ok
v2e_vs_real,original,690000,691000,22186,0.4187450377371575,0.17534740662949344,ok
v2e_vs_real,original,691000,692000,21319,0.410368688795628,0.168402460743843,ok
v2e_vs_real,original,692000,693000,20585,0.4007543702846028,0.16060406530220855,ok
v2e_vs_real,original,693000,694000,19963,0.3914264277043916,0.1532146483054213,ok
v2e_vs_real,original,694000,695000,14548,0.3837119900648441,0.147234891319523,ok
v2e_vs_real,original,695000,696000,19202,0.37366171374169943,0.1396230763163837,ok
v2e_vs_real,original,696000,697000,18892,0.36506360775754826,0.13327143770895705,ok
v2e_vs_real,original,697000,698000,18129,0.3569744925009871,0.1274307882963373,ok
v2e_vs_real,original,698000,699000,17307,0.3512161323806331,0.12335277164441039,ok
v2e_vs_real,original,699000,700000,17944,0.3334399829924046,0.11118222225797508,ok
v2e_vs_real,original,700000,701000,16827,0.3198061044833268,0.10227594446480054,ok
v2e_vs_real,original,701000,702000,15954,0.2955407192679581,0.08734431674542203,ok
v2e_vs_real,original,702000,703000,15922,0.2710744339489922,0.07348134874076656,ok
v2e_vs_real,original,703000,704000,15299,0.2555665524176233,0.06531426271462981,ok
v2e_vs_real,original,704000,705000,15191,0.24236064963335774,0.058738684490703186,ok
v2e_vs_real,original,705000,706000,15081,0.23051062094222188,0.053135146367168706,ok
v2e_vs_real,original,706000,707000,15224,0.21975053887651855,0.04829029933652029,ok
v2e_vs_real,original,707000,708000,15789,0.20851369484970592,0.04347796093987627,ok
v2e_vs_real,original,708000,709000,16127,0.19871157305200957,0.03948628926480413,ok
v2e_vs_real,original,709000,710000,16542,0.19452611617969848,0.03784040987595755,ok
v2e_vs_real,original,710000,711000,16902,0.18485554414501662,0.03417157220115019,ok
v2e_vs_real,original,711000,712000,17168,0.17698152416323037,0.0313224598951401,ok
v2e_vs_real,original,712000,713000,17586,0.16918226495162314,0.028622638774161213,ok
v2e_vs_real,original,713000,714000,17584,0.1617264443385505,0.02615544279839027,ok
v2e_vs_real,original,714000,715000,17415,0.15187222367171996,0.023065172322992933,ok
v2e_vs_real,original,715000,716000,17668,0.14889251766714773,0.0221689818172619,ok
v2e_vs_real,original,716000,717000,17465,0.14322495677215566,0.020513388242385855,ok
v2e_vs_real,original,717000,718000,17629,0.14014598526660924,0.01964089718634865,ok
v2e_vs_real,original,718000,719000,17283,0.1364802411550541,0.018626856225741728,ok
v2e_vs_real,original,719000,720000,12815,0.13102488508489668,0.01716752051151038,ok
v2e_vs_real,original,720000,721000,17357,0.13140322329014403,0.01726680709103945,ok
v2e_vs_real,original,721000,722000,17470,0.1319983616577537,0.017423567480331137,ok
v2e_vs_real,original,722000,723000,17330,0.1391672999140539,0.019367537365368226,ok
v2e_vs_real,original,723000,724000,17380,0.14251790756153995,0.020311353975719648,ok
v2e_vs_real,original,724000,725000,16830,0.14577563315376793,0.021250535221381928,ok
v2e_vs_real,original,725000,726000,16045,0.15050371081579744,0.022651366969325182,ok
v2e_vs_real,original,726000,727000,15243,0.15165606460376013,0.022999561931099866,ok
v2e_vs_real,original,727000,728000,14619,0.15767715940556756,0.024862086598208766,ok
v2e_vs_real,original,728000,729000,14550,0.16621383223631117,0.027627038026680595,ok
v2e_vs_real,original,729000,730000,14275,0.17846563819368177,0.03184998401587813,ok
v2e_vs_real,original,730000,731000,14223,0.18816511591197596,0.03540611084616735,ok
v2e_vs_real,original,731000,732000,13722,0.19933599796758159,0.03973484008573169,ok
v2e_vs_real,original,732000,733000,14632,0.20595938161346916,0.042419266874602624,ok
v2e_vs_real,original,733000,734000,15254,0.21936000459848384,0.048118811617446855,ok
v2e_vs_real,original,734000,735000,15039,0.24339780175201178,0.05924248989771164,ok
v2e_vs_real,original,735000,736000,15279,0.26978912587611253,0.07278617244099689,ok
v2e_vs_real,original,736000,737000,15185,0.2910779626687196,0.08472638035137253,ok
v2e_vs_real,original,737000,738000,15141,0.31342797200836947,0.09823709363727923,ok
v2e_vs_real,original,738000,739000,15260,0.33818450209352613,0.1143687574562462,ok
v2e_vs_real,original,739000,740000,14952,0.3488220460264337,0.12167681979406741,ok
v2e_vs_real,original,740000,741000,14813,0.3593097154728579,0.12910347163318608,ok
v2e_vs_real,original,741000,742000,14828,0.3703859651319726,0.1371857631667428,ok
v2e_vs_real,original,742000,743000,15372,0.3861266125518087,0.14909376092073456,ok
v2e_vs_real,original,743000,744000,12022,0.39561313733877057,0.15650975443502496,ok
v2e_vs_real,original,744000,745000,16712,0.40912331473187163,0.1673818866571941,ok
v2e_vs_real,original,745000,746000,16970,0.4217749824305189,0.17789413580426455,ok
v2e_vs_real,original,746000,747000,17384,0.433632236999159,0.18803691696489477,ok
v2e_vs_real,original,747000,748000,17446,0.4366136433952299,0.190631473598857,ok
v2e_vs_real,original,748000,749000,18010,0.4441179935145028,0.19724079216334794,ok
v2e_vs_real,original,749000,750000,18914,0.44111221985927085,0.1945799905091737,ok
v2e_vs_real,original,750000,751000,19580,0.4480328133181683,0.20073340180979266,ok
v2e_vs_real,original,751000,752000,20105,0.4513105141565366,0.20368118018823744,ok
v2e_vs_real,original,752000,753000,20511,0.4576635731258331,0.20945594616630478,ok
v2e_vs_real,original,753000,754000,20744,0.45940186034851893,0.2110500692916801,ok
v2e_vs_real,original,754000,755000,20846,0.46406988365498836,0.21536085691555445,ok
v2e_vs_real,original,755000,756000,20983,0.4653579996846519,0.2165580678705005,ok
v2e_vs_real,original,756000,757000,21170,0.46666468223964797,0.21777592564983161,ok
v2e_vs_real,original,757000,758000,20849,0.4678777941175578,0.2189096302283118,ok
v2e_vs_real,original,758000,759000,21193,0.4714601890116236,0.22227470982287587,ok
v2e_vs_real,original,759000,760000,21127,0.4702312278547106,0.22111740764974877,ok
v2e_vs_real,original,760000,761000,20949,0.46995995880294134,0.2208623628780623,ok
v2e_vs_real,original,761000,762000,20963,0.4727635436603536,0.22350536821429506,ok
v2e_vs_real,original,762000,763000,21055,0.47504350534087086,0.22566633196654198,ok
v2e_vs_real,original,763000,764000,20331,0.4781693197501155,0.22864589835028823,ok
v2e_vs_real,original,764000,765000,19387,0.48029841023627434,0.23068656287549247,ok
v2e_vs_real,original,765000,766000,19007,0.4778284650342532,0.22832004199699055,ok
v2e_vs_real,original,766000,767000,19895,0.4592041599527663,0.2108684605179258,ok
v2e_vs_real,original,767000,768000,20912,0.4538152611464452,0.20594829124941627,ok
v2e_vs_real,original,768000,769000,15528,0.45859891216457654,0.210312962238533,ok
v2e_vs_real,original,769000,770000,20702,0.4619009608416302,0.2133524976264212,ok
v2e_vs_real,original,770000,771000,20551,0.4638789753659883,0.2151837037865992,ok
v2e_vs_real,original,771000,772000,20154,0.4664129055407295,0.21754099845494548,ok
v2e_vs_real,original,772000,773000,20547,0.47016095565739413,0.22105132422467413,ok
v2e_vs_real,original,773000,774000,21330,0.47231212521922267,0.22307874362909866,ok
v2e_vs_real,original,774000,775000,21709,0.4753316463124204,0.22594017398607594,ok
v2e_vs_real,original,775000,776000,22436,0.4746885264192406,0.22532919711407007,ok
v2e_vs_real,original,776000,777000,22640,0.4751982741933901,0.22581339979637635,ok
v2e_vs_real,original,777000,778000,23414,0.473270581167421,0.22398504299854843,ok
v2e_vs_real,original,778000,779000,23354,0.47129142641245336,0.22211560860988494,ok
v2e_vs_real,original,779000,780000,23641,0.4674791492923386,0.21853675502308856,ok
v2e_vs_real,original,780000,781000,23732,0.46445653842681234,0.215719876087417,ok
v2e_vs_real,original,781000,782000,24159,0.46007134273815414,0.2116656404088881,ok
v2e_vs_real,original,782000,783000,24290,0.45597257095700616,0.207910985465142,ok
v2e_vs_real,original,783000,784000,24055,0.45193219081293295,0.20424270509297726,ok
v2e_vs_real,original,784000,785000,24128,0.4473693374180314,0.20013932406184845,ok
v2e_vs_real,original,785000,786000,23896,0.44217245015293233,0.19551647567424743,ok
v2e_vs_real,original,786000,787000,23650,0.43579011616156094,0.18991302534410676,ok
v2e_vs_real,original,787000,788000,23295,0.42876096086226473,0.18383596155953252,ok
v2e_vs_real,original,788000,789000,22824,0.42148972720163297,0.17765359013650697,ok
v2e_vs_real,original,789000,790000,22699,0.4147780101726375,0.1720407977227726,ok
v2e_vs_real,original,790000,791000,23112,0.40806694938728044,0.1665186351822413,ok
v2e_vs_real,original,791000,792000,23622,0.4049568008552844,0.16399001055894646,ok
v2e_vs_real,original,792000,793000,23023,0.4003408690149169,0.16027281140361882,ok
v2e_vs_real,original,793000,794000,22378,0.39462529394655504,0.15572912262240496,ok
v2e_vs_real,original,794000,795000,16281,0.3882623678920666,0.15074766632115444,ok
v2e_vs_real,original,795000,796000,20863,0.3845368281518085,0.1478685722050535,ok
v2e_vs_real,original,796000,797000,19970,0.37894911650460883,0.1436024328996236,ok
v2e_vs_real,original,797000,798000,18937,0.3712544320417603,0.13782985331065,ok
v2e_vs_real,original,798000,799000,17851,0.3648788491239277,0.13313657453800198,ok
v2e_vs_real,original,799000,800000,16725,0.35951299345567317,0.1292495924634589,ok
v2e_vs_real,original,800000,801000,16252,0.3295227885015839,0.10858526814185959,ok
v2e_vs_real,original,801000,802000,19626,0.30086171653267585,0.09051777247498821,ok
v2e_vs_real,original,802000,803000,16597,0.2828541575899748,0.08000647446593429,ok
v2e_vs_real,original,803000,804000,16317,0.2683722451589452,0.072023661971653,ok
v2e_vs_real,original,804000,805000,16619,0.25186854657919744,0.06343776475591734,ok
v2e_vs_real,original,805000,806000,16507,0.23546962790080994,0.05544594566374589,ok
v2e_vs_real,original,806000,807000,16856,0.22443198586213955,0.05036971627802361,ok
v2e_vs_real,original,807000,808000,16767,0.2196212061826292,0.048233474205112925,ok
v2e_vs_real,original,808000,809000,16651,0.21323142161891065,0.04546763916562163,ok
v2e_vs_real,original,809000,810000,16819,0.20870784208999518,0.04355896334986237,ok
v2e_vs_real,original,810000,811000,20327,0.19553743641815807,0.03823488904098521,ok
v2e_vs_real,original,811000,812000,16331,0.19614875238874985,0.0384743330636631,ok
v2e_vs_real,original,812000,813000,16278,0.18417408318374268,0.033920092916572164,ok
v2e_vs_real,original,813000,814000,16363,0.17012342330705088,0.02894197915771002,ok
v2e_vs_real,original,814000,815000,16131,0.159648131301207,0.025487525827967428,ok
v2e_vs_real,original,815000,816000,16119,0.15538281558430375,0.02414381937890575,ok
v2e_vs_real,original,816000,817000,16040,0.1489209232145987,0.022177441371088402,ok
v2e_vs_real,original,817000,818000,16046,0.14222312725340014,0.020227417925736846,ok
v2e_vs_real,original,818000,819000,15832,0.12896919940457047,0.016633054395055857,ok
v2e_vs_real,original,819000,820000,19605,0.1154985240569942,0.013339909059344068,ok
v2e_vs_real,original,820000,821000,15413,0.10390076165544236,0.01079536827258104,ok
v2e_vs_real,original,821000,822000,15169,0.10020125496917907,0.010040291497398435,ok
v2e_vs_real,original,822000,823000,14998,0.0949451599264436,0.009014583393457953,ok
v2e_vs_real,original,823000,824000,14860,0.08778792561889594,0.0077067198844688045,ok
v2e_vs_real,original,824000,825000,15194,0.08056906459151103,0.006491374169151076,ok
v2e_vs_real,original,825000,826000,15248,0.07348705357740509,0.005400347043488407,ok
v2e_vs_real,original,826000,827000,15301,0.07026102033464916,0.004936610978465983,ok
v2e_vs_real,original,827000,828000,15071,0.07683047080087911,0.005902921243484738,ok
v2e_vs_real,original,828000,829000,18090,0.08172718428744817,0.006679332651554515,ok
v2e_vs_real,original,829000,830000,14755,0.08696873093923811,0.007563560161181593,ok
v2e_vs_real,original,830000,831000,14242,0.10002597811133551,0.01000519629712937,ok
v2e_vs_real,original,831000,832000,13644,0.11770799652542924,0.013855172446030461,ok
v2e_vs_real,original,832000,833000,14112,0.140634949324472,0.019778188971496802,ok
v2e_vs_real,original,833000,834000,13792,0.1846403955472335,0.03409207566783884,ok
v2e_vs_real,original,834000,835000,12483,0.22932442285741222,0.05258969091888521,ok
v2e_vs_real,original,835000,836000,11921,0.2721196077630805,0.07404908092913276,ok
v2e_vs_real,original,836000,837000,11948,0.3058660451305889,0.09355403756382746,ok
v2e_vs_real,original,837000,838000,15180,0.3260061736047595,0.10628002522841656,ok
v2e_vs_real,original,838000,839000,13210,0.3565970186230643,0.12716143369085808,ok
v2e_vs_real,original,839000,840000,14213,0.3814730990934252,0.1455217253319422,ok
v2e_vs_real,original,840000,841000,15080,0.40787592136963924,0.16636276723313215,ok
v2e_vs_real,original,841000,842000,16229,0.4344929301513581,0.18878410635151294,ok
v2e_vs_real,original,842000,843000,17104,0.44787789966912356,0.20059461301202552,ok
v2e_vs_real,original,843000,844000,17696,0.4566341568602207,0.20851475321144464,ok
v2e_vs_real,original,844000,845000,18560,0.45901486107437717,0.21069464268712979,ok
v2e_vs_real,original,845000,846000,19101,0.4601540765315853,0.21174177414863604,ok
v2e_vs_real,original,846000,847000,23249,0.4497422734273838,0.20226811250763166,ok
v2e_vs_real,original,847000,848000,20383,0.46913098697782646,0.22008388294278958,ok
v2e_vs_real,original,848000,849000,20393,0.4681455030110722,0.21916021198948982,ok
v2e_vs_real,original,849000,850000,20092,0.4590384073314398,0.21071625940538483,ok
v2e_vs_real,original,850000,851000,20215,0.4562966052338381,0.2082065919479251,ok
v2e_vs_real,original,851000,852000,20185,0.4563122799993571,0.20822089687821166,ok
v2e_vs_real,original,852000,853000,19927,0.45564493320219945,0.20761230515283682,ok
v2e_vs_real,original,853000,854000,19904,0.4550336440427887,0.20705561721085933,ok
v2e_vs_real,original,854000,855000,19461,0.4534195515391444,0.20558928971795884,ok
v2e_vs_real,original,855000,856000,23449,0.4483529853586312,0.20102039947999698,ok
v2e_vs_real,original,856000,857000,19398,0.45660991639361853,0.2084926157489873,ok
v2e_vs_real,original,857000,858000,19159,0.45715714528134166,0.20899265548178575,ok
v2e_vs_real,original,858000,859000,19022,0.458119624692728,0.20987359052860596,ok
v2e_vs_real,original,859000,860000,19232,0.4572891099353984,0.2091133300655089,ok
v2e_vs_real,original,860000,861000,19189,0.46241557475799333,0.21382816377876532,ok
v2e_vs_real,original,861000,862000,19191,0.46471316886185865,0.21595832931363038,ok
v2e_vs_real,original,862000,863000,18920,0.46346650720377847,0.21480120329967003,ok
v2e_vs_real,original,863000,864000,18688,0.4667766465815017,0.21788043779387212,ok
v2e_vs_real,original,864000,865000,21845,0.46244913585922287,0.21385920325694197,ok
v2e_vs_real,original,865000,866000,18062,0.4662250817104666,0.21736582681593125,ok
v2e_vs_real,original,866000,867000,18940,0.445497166092614,0.19846772499655013,ok
v2e_vs_real,original,867000,868000,17740,0.44882424859216985,0.20144320612432587,ok
v2e_vs_real,original,868000,869000,17228,0.45006729996886313,0.20256057450126264,ok
v2e_vs_real,original,869000,870000,16982,0.4509307177138731,0.20333851217794874,ok
v2e_vs_real,original,870000,871000,16775,0.4551226947344827,0.20713666726237712,ok
v2e_vs_real,original,871000,872000,17557,0.4585115984821783,0.2102328859426823,ok
v2e_vs_real,original,872000,873000,17648,0.46138661309397183,0.21287760674232648,ok
v2e_vs_real,original,873000,874000,18013,0.46425413086287337,0.21553189802324194,ok
v2e_vs_real,original,874000,875000,22948,0.46741581393940446,0.21847754312063594,ok
v2e_vs_real,original,875000,876000,19426,0.47128093438372354,0.22210571911359553,ok
v2e_vs_real,original,876000,877000,19161,0.4746160372042668,0.225260382771482,ok
v2e_vs_real,original,877000,878000,19733,0.47561289069948076,0.22620762179951626,ok
v2e_vs_real,original,878000,879000,20068,0.4774087867913919,0.2279191497056287,ok
v2e_vs_real,original,879000,880000,20708,0.4757818931708088,0.22636840986919893,ok
v2e_vs_real,original,880000,881000,21167,0.4743356436551778,0.22499430284177177,ok
v2e_vs_real,original,881000,882000,21333,0.4707862746995026,0.22163971644543554,ok
v2e_vs_real,original,882000,883000,22660,0.4670850661344389,0.21816845900581316,ok
v2e_vs_real,original,883000,884000,27342,0.46186607332833934,0.21332026969173892,ok
v2e_vs_real,original,884000,885000,23232,0.4593251708208771,0.2109796125496279,ok
v2e_vs_real,original,885000,886000,22683,0.45289132911763497,0.20511055598993794,ok
v2e_vs_real,original,886000,887000,22731,0.44885773371343174,0.20147326511435798,ok
v2e_vs_real,original,887000,888000,22656,0.44351941376012916,0.19670947038212863,ok
v2e_vs_real,original,888000,889000,21751,0.439655985699596,0.1932973857614834,ok
v2e_vs_real,original,889000,890000,21959,0.43181522796912297,0.18646439110602564,ok
v2e_vs_real,original,890000,891000,21152,0.4265650865302465,0.1819577730465567,ok
v2e_vs_real,original,891000,892000,20512,0.41872298526148377,0.17532893838628877,ok
v2e_vs_real,original,892000,893000,24787,0.408971396657743,0.16725760328418499,ok
v2e_vs_real,original,893000,894000,19427,0.40049109789229914,0.16039311949097912,ok
v2e_vs_real,original,894000,895000,18738,0.39343618078320036,0.15479202834927114,ok
v2e_vs_real,original,895000,896000,18896,0.3819128717881469,0.14585744163746955,ok
v2e_vs_real,original,896000,897000,18515,0.3748723636426216,0.14052928902300593,ok
v2e_vs_real,original,897000,898000,17813,0.3676519407818502,0.13516794956066108,ok
v2e_vs_real,original,898000,899000,17159,0.3606296379707369,0.13005373578290474,ok
v2e_vs_real,original,899000,900000,17622,0.34529551009995885,0.11922898929519077,ok
v2e_vs_real,original,900000,901000,16830,0.3333378932364979,0.11111415106734684,ok
v2e_vs_real,original,901000,902000,19349,0.30968057719646164,0.09590205989273365,ok
v2e_vs_real,original,902000,903000,15573,0.2834582888546444,0.08034860152040302,ok
v2e_vs_real,original,903000,904000,15036,0.2669580864425567,0.07126661991707156,ok
v2e_vs_real,original,904000,905000,15239,0.25310808205329144,0.06406370120069571,ok
v2e_vs_real,original,905000,906000,14816,0.24104365256906324,0.05810204244383527,ok
v2e_vs_real,original,906000,907000,14800,0.22806070112641175,0.0520116833982705,ok
v2e_vs_real,original,907000,908000,15377,0.21671362603173694,0.046964795707823526,ok
v2e_vs_real,original,908000,909000,15790,0.2057577527100308,0.04233625280028219,ok
v2e_vs_real,original,909000,910000,16463,0.20091283887503478,0.04036596882482568,ok
v2e_vs_real,original,910000,911000,20440,0.19491191362488444,0.03799065407291441,ok
v2e_vs_real,original,911000,912000,17245,0.18508720622798855,0.03425727390928196,ok
v2e_vs_real,original,912000,913000,17344,0.17921055801550012,0.03211642410422694,ok
v2e_vs_real,original,913000,914000,17423,0.16971432152575786,0.028802950930948312,ok
v2e_vs_real,original,914000,915000,17066,0.16297159062707442,0.02655973935151873,ok
v2e_vs_real,original,915000,916000,17281,0.1550214726814157,0.02403165699231491,ok
v2e_vs_real,original,916000,917000,16882,0.15266738043308206,0.023307329048299408,ok
v2e_vs_real,original,917000,918000,17669,0.14374310631402698,0.020662080612805667,ok
v2e_vs_real,original,918000,919000,16396,0.14447186930258554,0.020872121019783363,ok
v2e_vs_real,original,919000,920000,20292,0.13745925928347008,0.01889504796276026,ok
v2e_vs_real,original,920000,921000,17524,0.1351509441486888,0.018265777704282005,ok
v2e_vs_real,original,921000,922000,17079,0.13141895688119373,0.01727094222774106,ok
v2e_vs_real,original,922000,923000,16890,0.1366532061299486,0.018674098745594225,ok
v2e_vs_real,original,923000,924000,16672,0.141051704674587,0.019895583391606908,ok
v2e_vs_real,original,924000,925000,16914,0.14302933471710266,0.020457390589616986,ok
v2e_vs_real,original,925000,926000,16225,0.14648225819918503,0.021457051967132712,ok
v2e_vs_real,original,926000,927000,15694,0.15032797107512125,0.02259849888756249,ok
v2e_vs_real,original,927000,928000,15135,0.1538621567292588,0.023673563273378995,ok
v2e_vs_real,original,928000,929000,14937,0.15986900005954577,0.02555809718003904,ok
v2e_vs_real,original,929000,930000,18330,0.16539124716663345,0.027354264639334436,ok
v2e_vs_real,original,930000,931000,14803,0.17788257123722992,0.03164220914996818,ok
v2e_vs_real,original,931000,932000,14211,0.1883658517698648,0.035481694112986684,ok
v2e_vs_real,original,932000,933000,14883,0.19389024064687263,0.03759342541810218,ok
v2e_vs_real,original,933000,934000,15236,0.20932291412821202,0.04381608237912682,ok
v2e_vs_real,original,934000,935000,14958,0.2280299107855465,0.05199764021286429,ok
v2e_vs_real,original,935000,936000,14738,0.2557771534423105,0.06542195222305125,ok
v2e_vs_real,original,936000,937000,14722,0.2757088968133299,0.07601539578202338,ok
v2e_vs_real,original,937000,938000,17975,0.29328933612133484,0.08601863468249332,ok
v2e_vs_real,original,938000,939000,15127,0.331393567211112,0.10982169638890582,ok
v2e_vs_real,original,939000,940000,14867,0.34040698997806423,0.11587691882592593,ok
v2e_vs_real,original,940000,941000,14138,0.3477691472604643,0.12094337978627051,ok
v2e_vs_real,original,941000,942000,14775,0.36037303017407113,0.12986872087684198,ok
v2e_vs_real,original,942000,943000,14721,0.3736867108866411,0.1396417578932761,ok
v2e_vs_real,original,943000,944000,15377,0.3855673432737958,0.14866217619921313,ok
v2e_vs_real,original,944000,945000,16057,0.40069930610901205,0.16055993391624374,ok
v2e_vs_real,original,945000,946000,16380,0.41224324506302334,0.1699444931000919,ok
v2e_vs_real,original,946000,947000,16564,0.4204684355660322,0.17679370530734656,ok
v2e_vs_real,original,947000,948000,20969,0.42744323431642,0.18270771856288195,ok
v2e_vs_real,original,948000,949000,17572,0.43742256951529984,0.19133850432136734,ok
v2e_vs_real,original,949000,950000,18173,0.435885847444715,0.18999647200259734,ok
v2e_vs_real,original,950000,951000,18364,0.4410073451136601,0.19448747844419886,ok
v2e_vs_real,original,951000,952000,18600,0.4439528683315788,0.19709414929983618,ok
v2e_vs_real,original,952000,953000,19049,0.4499745969799549,0.20247713792727284,ok
v2e_vs_real,original,953000,954000,19399,0.456975808236219,0.2088268893131456,ok
v2e_vs_real,original,954000,955000,19583,0.4566286030200555,0.2085096810960474,ok
v2e_vs_real,original,955000,956000,19832,0.4593912385091209,0.211040310018944,ok
v2e_vs_real,original,956000,957000,25372,0.46297455162670725,0.21434543545395063,ok
v2e_vs_real,original,957000,958000,20252,0.4655986466943609,0.2167820998036203,ok
v2e_vs_real,original,958000,959000,20660,0.4690096656933059,0.21997006651374656,ok
v2e_vs_real,original,959000,960000,20686,0.4674660690000395,0.21852452566634972,ok
v2e_vs_real,original,960000,961000,20224,0.46854433142237,0.21953379050803573,ok
v2e_vs_real,original,961000,962000,20073,0.46862603264762176,0.21961035847504987,ok
v2e_vs_real,original,962000,963000,20003,0.4720747474272967,0.22285456715854599,ok
v2e_vs_real,original,963000,964000,19482,0.47469021490673646,0.22533080012820367,ok
v2e_vs_real,original,964000,965000,18532,0.47633072930726916,0.22689096368239495,ok
v2e_vs_real,original,965000,966000,22173,0.4730134704510587,0.22374174322815454,ok
v2e_vs_real,original,966000,967000,18948,0.46013586760312575,0.21172501665488128,ok
v2e_vs_real,original,967000,968000,19265,0.45359669975862615,0.20574996603191723,ok
v2e_vs_real,original,968000,969000,19347,0.45605201129169526,0.20798343700320054,ok
v2e_vs_real,original,969000,970000,19139,0.45919927694205553,0.21086397594410664,ok
v2e_vs_real,original,970000,971000,18885,0.461721697286412,0.21318692574504505,ok
v2e_vs_real,original,971000,972000,19059,0.46535543509339683,0.21655568097096467,ok
v2e_vs_real,original,972000,973000,19271,0.4689237027487394,0.21988943899958813,ok
v2e_vs_real,original,973000,974000,19591,0.4691815827626407,0.22013135760365668,ok
v2e_vs_real,original,974000,975000,24496,0.4692651320892465,0.22020976419473795,ok
v2e_vs_real,original,975000,976000,21111,0.4766352068640417,0.22718112042232785,ok
v2e_vs_real,original,976000,977000,21330,0.4745565619741578,0.22520393051273266,ok
v2e_vs_real,original,977000,978000,22277,0.47558529086669155,0.22618136888875562,ok
v2e_vs_real,original,978000,979000,21638,0.4705570283545326,0.22142391693384839,ok
v2e_vs_real,original,979000,980000,22422,0.46849920007290446,0.21949150046895136,ok
v2e_vs_real,original,980000,981000,22959,0.46595403490527726,0.21711316264450833,ok
v2e_vs_real,original,981000,982000,22883,0.46208903293153736,0.2135262743556034,ok
v2e_vs_real,original,982000,983000,23178,0.45882432782877086,0.21051976380752338,ok
v2e_vs_real,original,983000,984000,28673,0.455225584733178,0.20723033299566382,ok
v2e_vs_real,original,984000,985000,22821,0.45069880856708655,0.2031294160437913,ok
v2e_vs_real,original,985000,986000,23558,0.44812819892383843,0.2008188826707233,ok
v2e_vs_real,original,986000,987000,23043,0.43936140083204,0.1930384405410925,ok
v2e_vs_real,original,987000,988000,22341,0.43105745549942776,0.18581052994164116,ok
v2e_vs_real,original,988000,989000,22009,0.42466593352797066,0.1803411550991828,ok
v2e_vs_real,original,989000,990000,21741,0.4184419005447799,0.1750936241315275,ok
v2e_vs_real,original,990000,991000,22061,0.41377663447906116,0.17121110324081856,ok
v2e_vs_real,original,991000,992000,22444,0.4081723417616026,0.16660466057915052,ok
v2e_vs_real,original,992000,993000,27284,0.4037360753303445,0.16300281852314963,ok
v2e_vs_real,original,993000,994000,22141,0.40025154588727857,0.16020129998515625,ok
v2e_vs_real,original,994000,995000,21211,0.39405375600642484,0.155278362622771,ok
v2e_vs_real,original,995000,996000,20271,0.3889025482343429,0.1512451920231654,ok
v2e_vs_real,original,996000,997000,19639,0.3821709810405099,0.14605465874946577,ok
v2e_vs_real,original,997000,998000,18767,0.3756944565759323,0.1411463247018851,ok
v2e_vs_real,original,998000,999000,16879,0.36898936201275456,0.13615314927857963,ok
v2e_vs_real,original,999000,1000000,17239,0.35912867800219755,0.12897340736360607,ok
v2e_vs_real,original,1000000,1001000,17082,0.33104240083011816,0.1095890711473686,ok
v2e_vs_real,original,1001000,1002000,20414,0.3062100063622066,0.09376456799634258,ok
v2e_vs_real,original,1002000,1003000,16437,0.2908772676814184,0.08460958485380754,ok
v2e_vs_real,original,1003000,1004000,16463,0.27296204078600067,0.0745082757100583,ok
v2e_vs_real,original,1004000,1005000,16707,0.256425644527591,0.06575411117139046,ok
v2e_vs_real,original,1005000,1006000,16696,0.24270340448300554,0.05890494254764139,ok
v2e_vs_real,original,1006000,1007000,16586,0.22885026601499842,0.05237244425513554,ok
v2e_vs_real,original,1007000,1008000,16687,0.2221636734687684,0.04935669780913754,ok
v2e_vs_real,original,1008000,1009000,16828,0.21353950651101505,0.045599120840967844,ok
v2e_vs_real,original,1009000,1010000,16671,0.212005273687531,0.04494623607132492,ok
v2e_vs_real,original,1010000,1011000,20313,0.19799956856169335,0.03920382915061671,ok
v2e_vs_real,original,1011000,1012000,16825,0.20034728724405618,0.040139035506052356,ok
v2e_vs_real,original,1012000,1013000,16414,0.1859609164857651,0.0345814624602257,ok
v2e_vs_real,original,1013000,1014000,16368,0.1760176507902844,0.030982213389730506,ok
v2e_vs_real,original,1014000,1015000,16049,0.16337258825444667,0.02669060259295697,ok
