comparison_set,variant,window_start,window_end,n_events,kernel_index,rbf_kernel_max_distance,rbf_kernel_target_similarity,weight_method,weight,mmd,mmd_squared,status
real_vs_real,original,16000,17000,6166,0,15,0.5,uniform,1.0,0.030011945165410656,0.000900716852611616,ok
real_vs_real,original,17000,18000,6186,0,15,0.5,uniform,1.0,0.05489213094951828,0.0030131460401790627,ok
real_vs_real,original,18000,19000,6141,0,15,0.5,uniform,1.0,0.08031873651510653,0.006451099435383106,ok
real_vs_real,original,19000,20000,5941,0,15,0.5,uniform,1.0,0.10570339804380655,0.011173208358007405,ok
real_vs_real,original,20000,21000,5943,0,15,0.5,uniform,1.0,0.12914076797286178,0.016677337952620525,ok
real_vs_real,original,21000,22000,5867,0,15,0.5,uniform,1.0,0.14706590242397807,0.02162837965577904,ok
real_vs_real,original,22000,23000,5827,0,15,0.5,uniform,1.0,0.1652962816757711,0.027322860735835855,ok
real_vs_real,original,23000,24000,5781,0,15,0.5,uniform,1.0,0.17979133440309722,0.03232492392644633,ok
real_vs_real,original,24000,25000,5741,0,15,0.5,uniform,1.0,0.19447392508389497,0.03782010753753639,ok
real_vs_real,original,25000,26000,5606,0,15,0.5,uniform,1.0,0.20700166558521607,0.042849689555053624,ok
real_vs_real,original,26000,27000,5736,0,15,0.5,uniform,1.0,0.21539464668202712,0.0463948538192753,ok
real_vs_real,original,27000,28000,5434,0,15,0.5,uniform,1.0,0.22782714015135724,0.051905205789546174,ok
real_vs_real,original,28000,29000,5344,0,15,0.5,uniform,1.0,0.2359439051488721,0.055669526376899946,ok
real_vs_real,original,29000,30000,5340,0,15,0.5,uniform,1.0,0.24325385472130223,0.05917243783677241,ok
real_vs_real,original,30000,31000,5344,0,15,0.5,uniform,1.0,0.24647852447874377,0.06075166302921869,ok
real_vs_real,original,31000,32000,5263,0,15,0.5,uniform,1.0,0.2514230434699128,0.06321354678767364,ok
real_vs_real,original,32000,33000,5368,0,15,0.5,uniform,1.0,0.2530531081254476,0.06403587553194949,ok
real_vs_real,original,33000,34000,5210,0,15,0.5,uniform,1.0,0.256465632552824,0.06577462068072014,ok
real_vs_real,original,34000,35000,5314,0,15,0.5,uniform,1.0,0.25844696919902554,0.06679483588816205,ok
real_vs_real,original,35000,36000,5379,0,15,0.5,uniform,1.0,0.25934647989431664,0.06726059663357317,ok
real_vs_real,original,36000,37000,5171,0,15,0.5,uniform,1.0,0.26335739612357445,0.0693571180929893,ok
real_vs_real,original,37000,38000,5192,0,15,0.5,uniform,1.0,0.2642089347857369,0.06980636122061379,ok
real_vs_real,original,38000,39000,5268,0,15,0.5,uniform,1.0,0.2657288225787726,0.07061180714910083,ok
real_vs_real,original,39000,40000,5368,0,15,0.5,uniform,1.0,0.2629760512328141,0.06915640352200365,ok
real_vs_real,original,40000,41000,5281,0,15,0.5,uniform,1.0,0.26426514167599546,0.06983606510503394,ok
real_vs_real,original,41000,42000,5289,0,15,0.5,uniform,1.0,0.2661771399820935,0.070850269849047,ok
real_vs_real,original,42000,43000,5387,0,15,0.5,uniform,1.0,0.26569493088846524,0.07059379629982633,ok
real_vs_real,original,43000,44000,5341,0,15,0.5,uniform,1.0,0.2658451862955359,0.07067366307650819,ok
real_vs_real,original,44000,45000,5405,0,15,0.5,uniform,1.0,0.2688215821083317,0.07226504300722651,ok
real_vs_real,original,45000,46000,5439,0,15,0.5,uniform,1.0,0.2668184811576973,0.07119210188730048,ok
real_vs_real,original,46000,47000,5361,0,15,0.5,uniform,1.0,0.26849942649448055,0.07209194202786497,ok
real_vs_real,original,47000,48000,5386,0,15,0.5,uniform,1.0,0.2659648771855632,0.07073731589633171,ok
real_vs_real,original,48000,49000,5506,0,15,0.5,uniform,1.0,0.2674252183326511,0.07151624740026612,ok
real_vs_real,original,49000,50000,5456,0,15,0.5,uniform,1.0,0.26753323182931876,0.07157403013304,ok
real_vs_real,original,50000,51000,5400,0,15,0.5,uniform,1.0,0.2675459575318775,0.07158083939164918,ok
real_vs_real,original,51000,52000,5625,0,15,0.5,uniform,1.0,0.2651524233465533,0.07030580760654984,ok
real_vs_real,original,52000,53000,5465,0,15,0.5,uniform,1.0,0.2678767489918904,0.07175795265046425,ok
real_vs_real,original,53000,54000,5459,0,15,0.5,uniform,1.0,0.26642371135449155,0.07098159397190144,ok
real_vs_real,original,54000,55000,5471,0,15,0.5,uniform,1.0,0.2665632435258907,0.07105596279904332,ok
real_vs_real,original,55000,56000,5457,0,15,0.5,uniform,1.0,0.2645554376546983,0.06998957959266897,ok
real_vs_real,original,56000,57000,5402,0,15,0.5,uniform,1.0,0.26526718129568483,0.07036667747255773,ok
real_vs_real,original,57000,58000,5352,0,15,0.5,uniform,1.0,0.26486164073397317,0.07015168873229229,ok
real_vs_real,original,58000,59000,5236,0,15,0.5,uniform,1.0,0.26447097541745446,0.06994489683825979,ok
real_vs_real,original,59000,60000,5305,0,15,0.5,uniform,1.0,0.26489569518729955,0.07016972932876271,ok
real_vs_real,original,60000,61000,5017,0,15,0.5,uniform,1.0,0.2648260752113118,0.07013285011182738,ok
real_vs_real,original,61000,62000,5158,0,15,0.5,uniform,1.0,0.2657782850039659,0.07063809677964931,ok
real_vs_real,original,62000,63000,5085,0,15,0.5,uniform,1.0,0.2670063748102856,0.07129240418933072,ok
real_vs_real,original,63000,64000,4961,0,15,0.5,uniform,1.0,0.2674641974937702,0.0715370969409865,ok
real_vs_real,original,64000,65000,5130,0,15,0.5,uniform,1.0,0.2659764902875595,0.07074349338568822,ok
real_vs_real,original,65000,66000,5083,0,15,0.5,uniform,1.0,0.26645562593977357,0.07099860059495652,ok
real_vs_real,original,66000,67000,5145,0,15,0.5,uniform,1.0,0.26567089490005785,0.07058102439699758,ok
real_vs_real,original,67000,68000,5059,0,15,0.5,uniform,1.0,0.26658857579657264,0.07106946874524496,ok
real_vs_real,original,68000,69000,5008,0,15,0.5,uniform,1.0,0.2673443460513702,0.07147299936563477,ok
real_vs_real,original,69000,70000,4854,0,15,0.5,uniform,1.0,0.26897277868307257,0.07234635567249315,ok
real_vs_real,original,70000,71000,4969,0,15,0.5,uniform,1.0,0.269050801567452,0.07238833382408844,ok
real_vs_real,original,71000,72000,4896,0,15,0.5,uniform,1.0,0.26819710515536077,0.07192968721371565,ok
real_vs_real,original,72000,73000,5020,0,15,0.5,uniform,1.0,0.2661221855856712,0.07082101766089442,ok
real_vs_real,original,73000,74000,4752,0,15,0.5,uniform,1.0,0.2719801757471649,0.07397321599945869,ok
real_vs_real,original,74000,75000,4901,0,15,0.5,uniform,1.0,0.26904130829572553,0.07238322556947564,ok
real_vs_real,original,75000,76000,4719,0,15,0.5,uniform,1.0,0.2725109030977002,0.07426219230712415,ok
real_vs_real,original,76000,77000,4634,0,15,0.5,uniform,1.0,0.2737332782205327,0.07492990760535957,ok
real_vs_real,original,77000,78000,4680,0,15,0.5,uniform,1.0,0.27234419834197227,0.07417136237053153,ok
real_vs_real,original,78000,79000,4507,0,15,0.5,uniform,1.0,0.2753510228635402,0.07581818579199784,ok
real_vs_real,original,79000,80000,4472,0,15,0.5,uniform,1.0,0.2763918463505779,0.07639245272908148,ok
real_vs_real,original,80000,81000,4517,0,15,0.5,uniform,1.0,0.27337307937644856,0.07473284052776204,ok
real_vs_real,original,81000,82000,4407,0,15,0.5,uniform,1.0,0.27394468099104435,0.07504568824328506,ok
real_vs_real,original,82000,83000,4229,0,15,0.5,uniform,1.0,0.2736113516320744,0.07486317174193065,ok
real_vs_real,original,83000,84000,3962,0,15,0.5,uniform,1.0,0.2771067091554636,0.07678812825897068,ok
real_vs_real,original,84000,85000,3745,0,15,0.5,uniform,1.0,0.279048646624026,0.07786814718270053,ok
real_vs_real,original,85000,86000,3481,0,15,0.5,uniform,1.0,0.275789949874367,0.07606009645170586,ok
real_vs_real,original,86000,87000,3435,0,15,0.5,uniform,1.0,0.274811545622197,0.07552138560726088,ok
real_vs_real,original,87000,88000,3230,0,15,0.5,uniform,1.0,0.2795187316676787,0.07813072135310778,ok
real_vs_real,original,88000,89000,3315,0,15,0.5,uniform,1.0,0.2775471969567695,0.07703244653855978,ok
real_vs_real,original,89000,90000,3264,0,15,0.5,uniform,1.0,0.277315914557889,0.0769041164670784,ok
real_vs_real,original,90000,91000,3262,0,15,0.5,uniform,1.0,0.2817324266625681,0.07937316023317931,ok
real_vs_real,original,91000,92000,3174,0,15,0.5,uniform,1.0,0.28373081993296173,0.08050317817983074,ok
real_vs_real,original,92000,93000,3141,0,15,0.5,uniform,1.0,0.28746329872794446,0.08263514811555144,ok
real_vs_real,original,93000,94000,3155,0,15,0.5,uniform,1.0,0.2840426169853242,0.08068020826387158,ok
real_vs_real,original,94000,95000,3158,0,15,0.5,uniform,1.0,0.2812127804886509,0.07908062791015814,ok
real_vs_real,original,95000,96000,3161,0,15,0.5,uniform,1.0,0.2796741954670539,0.07821765561014389,ok
real_vs_real,original,96000,97000,3077,0,15,0.5,uniform,1.0,0.2833490832210537,0.08028670296221162,ok
real_vs_real,original,97000,98000,3169,0,15,0.5,uniform,1.0,0.2812896133564982,0.07912384658224826,ok
real_vs_real,original,98000,99000,3243,0,15,0.5,uniform,1.0,0.2825249608849395,0.07982035352303661,ok
real_vs_real,original,99000,100000,3161,0,15,0.5,uniform,1.0,0.283967593910316,0.08063759439121415,ok
real_vs_real,original,100000,101000,3188,0,15,0.5,uniform,1.0,0.2843765037625884,0.08086999589223345,ok
real_vs_real,original,101000,102000,3137,0,15,0.5,uniform,1.0,0.28665138915467436,0.08216901890430456,ok
real_vs_real,original,102000,103000,3313,0,15,0.5,uniform,1.0,0.2774794874967127,0.07699486598143834,ok
real_vs_real,original,103000,104000,3520,0,15,0.5,uniform,1.0,0.277068631828381,0.07676702674325092,ok
real_vs_real,original,104000,105000,3779,0,15,0.5,uniform,1.0,0.27509245352490685,0.07567585798635303,ok
real_vs_real,original,105000,106000,4122,0,15,0.5,uniform,1.0,0.27068671169143527,0.0732712958863222,ok
real_vs_real,original,106000,107000,4274,0,15,0.5,uniform,1.0,0.27419982927502984,0.0751855463744555,ok
real_vs_real,original,107000,108000,4426,0,15,0.5,uniform,1.0,0.2722922126061613,0.07414304904595896,ok
real_vs_real,original,108000,109000,4482,0,15,0.5,uniform,1.0,0.27040094777737506,0.07311667255890271,ok
real_vs_real,original,109000,110000,4733,0,15,0.5,uniform,1.0,0.2673746463719705,0.07148920152253627,ok
real_vs_real,original,110000,111000,4721,0,15,0.5,uniform,1.0,0.2689403753998408,0.07232892552020728,ok
real_vs_real,original,111000,112000,4895,0,15,0.5,uniform,1.0,0.2664081310928777,0.0709732923123999,ok
real_vs_real,original,112000,113000,5037,0,15,0.5,uniform,1.0,0.2660777437986222,0.07079736574496524,ok
real_vs_real,original,113000,114000,5028,0,15,0.5,uniform,1.0,0.26350481081050803,0.06943478532028162,ok
real_vs_real,original,114000,115000,5199,0,15,0.5,uniform,1.0,0.26166047147804883,0.06846620233411481,ok
real_vs_real,original,115000,116000,5189,0,15,0.5,uniform,1.0,0.2617268594461534,0.06850094895554654,ok
real_vs_real,original,116000,117000,5190,0,15,0.5,uniform,1.0,0.259894309781643,0.06754505225687661,ok
real_vs_real,original,117000,118000,5310,0,15,0.5,uniform,1.0,0.25934695021039783,0.06726084058343457,ok
real_vs_real,original,118000,119000,5204,0,15,0.5,uniform,1.0,0.2580772625253235,0.06660387343256474,ok
real_vs_real,original,119000,120000,5318,0,15,0.5,uniform,1.0,0.2586026484842667,0.0668753298030772,ok
real_vs_real,original,120000,121000,5478,0,15,0.5,uniform,1.0,0.2535486144158793,0.06428689987221223,ok
real_vs_real,original,121000,122000,5770,0,15,0.5,uniform,1.0,0.24978211237689607,0.062391103663464335,ok
real_vs_real,original,122000,123000,5966,0,15,0.5,uniform,1.0,0.24795816383540054,0.061483251012623336,ok
real_vs_real,original,123000,124000,6145,0,15,0.5,uniform,1.0,0.24408929430317503,0.059579583593422,ok
real_vs_real,original,124000,125000,6067,0,15,0.5,uniform,1.0,0.24224652552391537,0.05868337912840898,ok
real_vs_real,original,125000,126000,6197,0,15,0.5,uniform,1.0,0.23709043217740888,0.056211873030070525,ok
real_vs_real,original,126000,127000,6232,0,15,0.5,uniform,1.0,0.23344136926918152,0.05449487288627036,ok
real_vs_real,original,127000,128000,6191,0,15,0.5,uniform,1.0,0.22602678159881845,0.051088105999919975,ok
real_vs_real,original,128000,129000,6390,0,15,0.5,uniform,1.0,0.21708047274157885,0.04712393164570736,ok
real_vs_real,original,129000,130000,6412,0,15,0.5,uniform,1.0,0.2074574262988624,0.04303858372654793,ok
real_vs_real,original,130000,131000,6510,0,15,0.5,uniform,1.0,0.1961899363062246,0.038490491107840474,ok
real_vs_real,original,131000,132000,6485,0,15,0.5,uniform,1.0,0.18599155891559546,0.034592859987853414,ok
real_vs_real,original,132000,133000,6504,0,15,0.5,uniform,1.0,0.17103112110207563,0.02925164438543286,ok
real_vs_real,original,133000,134000,6510,0,15,0.5,uniform,1.0,0.1542606909015327,0.023796360757418214,ok
real_vs_real,original,134000,135000,6554,0,15,0.5,uniform,1.0,0.1377638136955272,0.018978868363935926,ok
real_vs_real,original,135000,136000,6535,0,15,0.5,uniform,1.0,0.12033896850049058,0.014481467339762064,ok
real_vs_real,original,136000,137000,6473,0,15,0.5,uniform,1.0,0.10398781167458443,0.010813464976868838,ok
real_vs_real,original,137000,138000,6463,0,15,0.5,uniform,1.0,0.0905366058346136,0.008196876996052191,ok
real_vs_real,original,138000,139000,6492,0,15,0.5,uniform,1.0,0.07972133917158332,0.0063554919193106255,ok
real_vs_real,original,139000,140000,6401,0,15,0.5,uniform,1.0,0.07793145976037509,0.006073312420382962,ok
real_vs_real,original,140000,141000,6369,0,15,0.5,uniform,1.0,0.08482668256725572,0.007195566075365964,ok
real_vs_real,original,141000,142000,6392,0,15,0.5,uniform,1.0,0.09690374012867345,0.009390334850925476,ok
real_vs_real,original,142000,143000,6331,0,15,0.5,uniform,1.0,0.11210694137705873,0.012567966304919284,ok
real_vs_real,original,143000,144000,6255,0,15,0.5,uniform,1.0,0.12329118831422702,0.015200717115934188,ok
real_vs_real,original,144000,145000,6064,0,15,0.5,uniform,1.0,0.14220318279686625,0.020221745197558955,ok
real_vs_real,original,145000,146000,6052,0,15,0.5,uniform,1.0,0.15703153872935963,0.02465890415571037,ok
real_vs_real,original,146000,147000,6039,0,15,0.5,uniform,1.0,0.17132085776640943,0.029350836305818293,ok
real_vs_real,original,147000,148000,6014,0,15,0.5,uniform,1.0,0.18545722072596404,0.034394380719398945,ok
real_vs_real,original,148000,149000,6013,0,15,0.5,uniform,1.0,0.1992362110195084,0.039695067781410076,ok
real_vs_real,original,149000,150000,6131,0,15,0.5,uniform,1.0,0.20869391222443393,0.04355314899953973,ok
real_vs_real,original,150000,151000,6114,0,15,0.5,uniform,1.0,0.2176193597427184,0.047358185734830686,ok
real_vs_real,original,151000,152000,5968,0,15,0.5,uniform,1.0,0.22393278274206901,0.050145891186606686,ok
real_vs_real,original,152000,153000,5763,0,15,0.5,uniform,1.0,0.2334995293434554,0.05452203020361518,ok
real_vs_real,original,153000,154000,5738,0,15,0.5,uniform,1.0,0.2376552517030184,0.05648001866202504,ok
real_vs_real,original,154000,155000,5673,0,15,0.5,uniform,1.0,0.24376915291623172,0.05942339991349717,ok
real_vs_real,original,155000,156000,5681,0,15,0.5,uniform,1.0,0.2476862488535613,0.06134847787114829,ok
real_vs_real,original,156000,157000,5707,0,15,0.5,uniform,1.0,0.24953405036324183,0.062267242290684914,ok
real_vs_real,original,157000,158000,5604,0,15,0.5,uniform,1.0,0.25742124992352633,0.06626569991219061,ok
real_vs_real,original,158000,159000,5599,0,15,0.5,uniform,1.0,0.25817201354077574,0.0666527885756985,ok
real_vs_real,original,159000,160000,5586,0,15,0.5,uniform,1.0,0.26216786317689506,0.06873198848273916,ok
real_vs_real,original,160000,161000,5601,0,15,0.5,uniform,1.0,0.26234171707409454,0.06882317651738427,ok
real_vs_real,original,161000,162000,5413,0,15,0.5,uniform,1.0,0.2643082452657609,0.06985884851546562,ok
real_vs_real,original,162000,163000,5509,0,15,0.5,uniform,1.0,0.26264051783865144,0.068980041610555,ok
real_vs_real,original,163000,164000,5321,0,15,0.5,uniform,1.0,0.26415643762011354,0.06977862353614893,ok
real_vs_real,original,164000,165000,5544,0,15,0.5,uniform,1.0,0.26433282720386425,0.06987184353758796,ok
real_vs_real,original,165000,166000,5564,0,15,0.5,uniform,1.0,0.26771717564764275,0.07167248613675078,ok
real_vs_real,original,166000,167000,5555,0,15,0.5,uniform,1.0,0.2672670984332778,0.07143170190494338,ok
real_vs_real,original,167000,168000,5650,0,15,0.5,uniform,1.0,0.2665211425941417,0.07103351944968682,ok
real_vs_real,original,168000,169000,5534,0,15,0.5,uniform,1.0,0.26817373477653544,0.07191715202399558,ok
real_vs_real,original,169000,170000,5436,0,15,0.5,uniform,1.0,0.268494987100068,0.07208955809786569,ok
real_vs_real,original,170000,171000,5455,0,15,0.5,uniform,1.0,0.267420887187658,0.07151393090423411,ok
real_vs_real,original,171000,172000,5488,0,15,0.5,uniform,1.0,0.2685276696818342,0.07210710938475626,ok
real_vs_real,original,172000,173000,5421,0,15,0.5,uniform,1.0,0.26964637309706463,0.07270916652440138,ok
real_vs_real,original,173000,174000,5639,0,15,0.5,uniform,1.0,0.26669096771898976,0.07112407226289125,ok
real_vs_real,original,174000,175000,5526,0,15,0.5,uniform,1.0,0.2677740268728042,0.07170292946767728,ok
real_vs_real,original,175000,176000,5709,0,15,0.5,uniform,1.0,0.26785027729484584,0.0717437710469258,ok
real_vs_real,original,176000,177000,5713,0,15,0.5,uniform,1.0,0.2659331494655079,0.07072043998464415,ok
real_vs_real,original,177000,178000,5461,0,15,0.5,uniform,1.0,0.26741283380853575,0.07150962368551157,ok
real_vs_real,original,178000,179000,5483,0,15,0.5,uniform,1.0,0.2679613490255777,0.07180328457160748,ok
real_vs_real,original,179000,180000,5382,0,15,0.5,uniform,1.0,0.26763322964611663,0.07162754561081101,ok
real_vs_real,original,180000,181000,5358,0,15,0.5,uniform,1.0,0.2681690078371894,0.07191461676438254,ok
real_vs_real,original,181000,182000,5455,0,15,0.5,uniform,1.0,0.2671128628717239,0.07134928151152839,ok
real_vs_real,original,182000,183000,5462,0,15,0.5,uniform,1.0,0.26772951576221593,0.07167909361027062,ok
real_vs_real,original,183000,184000,5358,0,15,0.5,uniform,1.0,0.26679750627598553,0.07118090935508453,ok
real_vs_real,original,184000,185000,5457,0,15,0.5,uniform,1.0,0.2657642534750512,0.07063063842515128,ok
real_vs_real,original,185000,186000,5335,0,15,0.5,uniform,1.0,0.2674058774084807,0.07150590327259942,ok
real_vs_real,original,186000,187000,5041,0,15,0.5,uniform,1.0,0.2707273636440723,0.07329330542566977,ok
real_vs_real,original,187000,188000,5151,0,15,0.5,uniform,1.0,0.26881180240093183,0.07225978511003762,ok
real_vs_real,original,188000,189000,5047,0,15,0.5,uniform,1.0,0.2697829123121277,0.07278281977561318,ok
real_vs_real,original,189000,190000,5096,0,15,0.5,uniform,1.0,0.27019822215413747,0.07300707925525664,ok
real_vs_real,original,190000,191000,5212,0,15,0.5,uniform,1.0,0.2709003856034594,0.07338701892010299,ok
real_vs_real,original,191000,192000,4970,0,15,0.5,uniform,1.0,0.2733719398762326,0.07473221751169454,ok
real_vs_real,original,192000,193000,5224,0,15,0.5,uniform,1.0,0.27031211554627527,0.07306863981110287,ok
real_vs_real,original,193000,194000,5005,0,15,0.5,uniform,1.0,0.270983302848837,0.0734319504228645,ok
real_vs_real,original,194000,195000,4824,0,15,0.5,uniform,1.0,0.2741126872505364,0.07513776531171039,ok
real_vs_real,original,195000,196000,4802,0,15,0.5,uniform,1.0,0.2740833822827759,0.07512170044356628,ok
real_vs_real,original,196000,197000,4698,0,15,0.5,uniform,1.0,0.2754018044953237,0.0758461539192805,ok
real_vs_real,original,197000,198000,4664,0,15,0.5,uniform,1.0,0.2774480253729459,0.07697740678334682,ok
real_vs_real,original,198000,199000,4628,0,15,0.5,uniform,1.0,0.27787039194277885,0.07721195471843355,ok
real_vs_real,original,199000,200000,4519,0,15,0.5,uniform,1.0,0.2799638706064065,0.0783797688449207,ok
real_vs_real,original,200000,201000,4650,0,15,0.5,uniform,1.0,0.27538804103889086,0.07583857314723783,ok
real_vs_real,original,201000,202000,4482,0,15,0.5,uniform,1.0,0.2771482119186152,0.07681113136968565,ok
real_vs_real,original,202000,203000,4189,0,15,0.5,uniform,1.0,0.2814581054269546,0.07921866511053069,ok
real_vs_real,original,203000,204000,4037,0,15,0.5,uniform,1.0,0.2837176119785199,0.08049568334679398,ok
real_vs_real,original,204000,205000,3946,0,15,0.5,uniform,1.0,0.2790196914454872,0.0778519882143349,ok
real_vs_real,original,205000,206000,3701,0,15,0.5,uniform,1.0,0.284585621383966,0.08098897589849803,ok
real_vs_real,original,206000,207000,3510,0,15,0.5,uniform,1.0,0.2799488852165905,0.07837137833401175,ok
real_vs_real,original,207000,208000,3245,0,15,0.5,uniform,1.0,0.2773246846391238,0.07690898071018946,ok
real_vs_real,original,208000,209000,3041,0,15,0.5,uniform,1.0,0.2731454684110255,0.07460844691347852,ok
real_vs_real,original,209000,210000,3114,0,15,0.5,uniform,1.0,0.26894592180379606,0.0723319088548936,ok
real_vs_real,original,210000,211000,2931,0,15,0.5,uniform,1.0,0.27107200669704307,0.07348003281476177,ok
real_vs_real,original,211000,212000,2709,0,15,0.5,uniform,1.0,0.28634740963225286,0.08199483900310121,ok
real_vs_real,original,212000,213000,2880,0,15,0.5,uniform,1.0,0.2790768696401955,0.07788389916817068,ok
real_vs_real,original,213000,214000,2762,0,15,0.5,uniform,1.0,0.28278275152324545,0.07996608455905758,ok
real_vs_real,original,214000,215000,2745,0,15,0.5,uniform,1.0,0.2804984388572466,0.07867937420135253,ok
real_vs_real,original,215000,216000,2891,0,15,0.5,uniform,1.0,0.2760584139293618,0.07620824790119488,ok
real_vs_real,original,216000,217000,2888,0,15,0.5,uniform,1.0,0.27297814525281283,0.07451706778566577,ok
real_vs_real,original,217000,218000,3022,0,15,0.5,uniform,1.0,0.26905974161996843,0.07239314456060418,ok
real_vs_real,original,218000,219000,3063,0,15,0.5,uniform,1.0,0.2675524646217492,0.07158432132517237,ok
real_vs_real,original,219000,220000,2915,0,15,0.5,uniform,1.0,0.2778934919494296,0.0772247928678477,ok
real_vs_real,original,220000,221000,2885,0,15,0.5,uniform,1.0,0.27706525468760185,0.07676515535510568,ok
real_vs_real,original,221000,222000,2875,0,15,0.5,uniform,1.0,0.28318644265429954,0.08019456130319687,ok
real_vs_real,original,222000,223000,2774,0,15,0.5,uniform,1.0,0.28136757096049136,0.07916770998820713,ok
real_vs_real,original,223000,224000,2921,0,15,0.5,uniform,1.0,0.2781519109128986,0.07736848554449707,ok
real_vs_real,original,224000,225000,2965,0,15,0.5,uniform,1.0,0.27242877282650846,0.07421743626375736,ok
real_vs_real,original,225000,226000,2850,0,15,0.5,uniform,1.0,0.2713530940887068,0.07363250167151457,ok
real_vs_real,original,226000,227000,3546,0,15,0.5,uniform,1.0,0.2701645103745104,0.07298886266589893,ok
real_vs_real,original,227000,228000,3791,0,15,0.5,uniform,1.0,0.28637109563911967,0.08200840441754982,ok
real_vs_real,original,228000,229000,4253,0,15,0.5,uniform,1.0,0.2928018008658153,0.08573289459026458,ok
real_vs_real,original,229000,230000,4540,0,15,0.5,uniform,1.0,0.2890581826244748,0.08355463294216424,ok
real_vs_real,original,230000,231000,4628,0,15,0.5,uniform,1.0,0.2875587091184301,0.0826900111898579,ok
real_vs_real,original,231000,232000,4854,0,15,0.5,uniform,1.0,0.28443024739124445,0.08090056563104452,ok
real_vs_real,original,232000,233000,5077,0,15,0.5,uniform,1.0,0.2810996795839587,0.07901702986220425,ok
real_vs_real,original,233000,234000,4998,0,15,0.5,uniform,1.0,0.2810282237098853,0.07897686252153333,ok
real_vs_real,original,234000,235000,5202,0,15,0.5,uniform,1.0,0.277953334694184,0.07725805626761706,ok
real_vs_real,original,235000,236000,5153,0,15,0.5,uniform,1.0,0.2751777462394114,0.07572279202540187,ok
real_vs_real,original,236000,237000,5133,0,15,0.5,uniform,1.0,0.27750675613813014,0.07700999970230762,ok
real_vs_real,original,237000,238000,5214,0,15,0.5,uniform,1.0,0.27462291514898846,0.07541774552492851,ok
real_vs_real,original,238000,239000,5271,0,15,0.5,uniform,1.0,0.2729438772803035,0.07449836014480539,ok
real_vs_real,original,239000,240000,5371,0,15,0.5,uniform,1.0,0.27209937105894016,0.07403806773067081,ok
real_vs_real,original,240000,241000,5495,0,15,0.5,uniform,1.0,0.27082464599991424,0.07334598888097886,ok
real_vs_real,original,241000,242000,5434,0,15,0.5,uniform,1.0,0.2712976592123745,0.07360241989411367,ok
real_vs_real,original,242000,243000,5473,0,15,0.5,uniform,1.0,0.26959508545449995,0.07268151010121912,ok
real_vs_real,original,243000,244000,5429,0,15,0.5,uniform,1.0,0.2665052866830801,0.07102506783003071,ok
real_vs_real,original,244000,245000,5393,0,15,0.5,uniform,1.0,0.26401250109450297,0.06970260073417493,ok
real_vs_real,original,245000,246000,5371,0,15,0.5,uniform,1.0,0.26267218346503873,0.06899667596629097,ok
real_vs_real,original,246000,247000,5503,0,15,0.5,uniform,1.0,0.2580965009697258,0.06661380381281566,ok
real_vs_real,original,247000,248000,5496,0,15,0.5,uniform,1.0,0.2563730348529514,0.06572713299971261,ok
real_vs_real,original,248000,249000,5723,0,15,0.5,uniform,1.0,0.25303536804059,0.06402689747943685,ok
real_vs_real,original,249000,250000,5729,0,15,0.5,uniform,1.0,0.24669790160719296,0.06085985465739226,ok
real_vs_real,original,250000,251000,5998,0,15,0.5,uniform,1.0,0.2403399310426062,0.0577632824535647,ok
real_vs_real,original,251000,252000,6047,0,15,0.5,uniform,1.0,0.23294517353071384,0.05426345387125438,ok
real_vs_real,original,252000,253000,5739,0,15,0.5,uniform,1.0,0.22638485449116597,0.05125010234298638,ok
real_vs_real,original,253000,254000,5944,0,15,0.5,uniform,1.0,0.21685793022779523,0.04702736190268331,ok
real_vs_real,original,254000,255000,5928,0,15,0.5,uniform,1.0,0.20503673962962296,0.0420400645979458,ok
real_vs_real,original,255000,256000,5991,0,15,0.5,uniform,1.0,0.19240900779630432,0.0370212262811583,ok
real_vs_real,original,256000,257000,6128,0,15,0.5,uniform,1.0,0.17686933076934913,0.03128276016679743,ok
real_vs_real,original,257000,258000,6176,0,15,0.5,uniform,1.0,0.15914366871519417,0.02532670729213147,ok
real_vs_real,original,258000,259000,6170,0,15,0.5,uniform,1.0,0.13947939416403546,0.01945450139636637,ok
real_vs_real,original,259000,260000,6249,0,15,0.5,uniform,1.0,0.11807537074452738,0.013941793176457593,ok
real_vs_real,original,260000,261000,6107,0,15,0.5,uniform,1.0,0.0923133606228203,0.00852175654947887,ok
real_vs_real,original,261000,262000,6144,0,15,0.5,uniform,1.0,0.06907243416043277,0.0047710011608473185,ok
real_vs_real,original,262000,263000,6044,0,15,0.5,uniform,1.0,0.04486163993628481,0.002012566737772864,ok
real_vs_real,original,263000,264000,6171,0,15,0.5,uniform,1.0,0.026334307601624845,0.000693495756856996,ok
real_vs_real,original,264000,265000,6143,0,15,0.5,uniform,1.0,0.020618923690465477,0.00042514001415323854,ok
real_vs_real,original,265000,266000,6227,0,15,0.5,uniform,1.0,0.0430295857471919,0.0018515452495749402,ok
real_vs_real,original,266000,267000,6143,0,15,0.5,uniform,1.0,0.06808948951806455,0.004636178582830622,ok
real_vs_real,original,267000,268000,6133,0,15,0.5,uniform,1.0,0.08998852884510193,0.008097935323705743,ok
real_vs_real,original,268000,269000,6013,0,15,0.5,uniform,1.0,0.1147047633981999,0.01315718274623702,ok
real_vs_real,original,269000,270000,5940,0,15,0.5,uniform,1.0,0.13595678319884202,0.018484246897776932,ok
real_vs_real,original,270000,271000,5878,0,15,0.5,uniform,1.0,0.1558825477689397,0.024299368698935765,ok
real_vs_real,original,271000,272000,5710,0,15,0.5,uniform,1.0,0.17391477581289788,0.030246349246050533,ok
real_vs_real,original,272000,273000,5624,0,15,0.5,uniform,1.0,0.18816747292943659,0.03540699786865025,ok
real_vs_real,original,273000,274000,5678,0,15,0.5,uniform,1.0,0.19964142735358203,0.03985669951577558,ok
real_vs_real,original,274000,275000,5558,0,15,0.5,uniform,1.0,0.21194399394008406,0.044920256567274386,ok
real_vs_real,original,275000,276000,5502,0,15,0.5,uniform,1.0,0.22048043032181175,0.04861162015489129,ok
real_vs_real,original,276000,277000,5569,0,15,0.5,uniform,1.0,0.22664406896876713,0.05136753399871927,ok
real_vs_real,original,277000,278000,5335,0,15,0.5,uniform,1.0,0.23799717605662082,0.056642655810926174,ok
real_vs_real,original,278000,279000,5407,0,15,0.5,uniform,1.0,0.24253090897983623,0.05882124181058561,ok
real_vs_real,original,279000,280000,5250,0,15,0.5,uniform,1.0,0.24865233551315677,0.061827983956147484,ok
real_vs_real,original,280000,281000,5223,0,15,0.5,uniform,1.0,0.25436088548616265,0.06469946006530475,ok
real_vs_real,original,281000,282000,5237,0,15,0.5,uniform,1.0,0.2546699889264155,0.0648568032597806,ok
real_vs_real,original,282000,283000,5183,0,15,0.5,uniform,1.0,0.258787128109454,0.06697077767513894,ok
real_vs_real,original,283000,284000,5221,0,15,0.5,uniform,1.0,0.25997638157194447,0.06758771897524128,ok
real_vs_real,original,284000,285000,5232,0,15,0.5,uniform,1.0,0.26090260091931144,0.06807016716646148,ok
real_vs_real,original,285000,286000,5203,0,15,0.5,uniform,1.0,0.2600461941607848,0.06762402309750859,ok
real_vs_real,original,286000,287000,5208,0,15,0.5,uniform,1.0,0.2624505564989005,0.06888029460658256,ok
real_vs_real,original,287000,288000,5203,0,15,0.5,uniform,1.0,0.2644773679431036,0.06994827815411182,ok
real_vs_real,original,288000,289000,5364,0,15,0.5,uniform,1.0,0.2632618181834494,0.06930678491325556,ok
real_vs_real,original,289000,290000,5308,0,15,0.5,uniform,1.0,0.2626786918774078,0.06900009516642612,ok
real_vs_real,original,290000,291000,5186,0,15,0.5,uniform,1.0,0.26677324115668294,0.07116796219724171,ok
real_vs_real,original,291000,292000,5326,0,15,0.5,uniform,1.0,0.2663904434956216,0.07096386838579397,ok
real_vs_real,original,292000,293000,5455,0,15,0.5,uniform,1.0,0.2649571228088317,0.07020227692713434,ok
real_vs_real,original,293000,294000,5426,0,15,0.5,uniform,1.0,0.2654090347915274,0.0704419557489702,ok
real_vs_real,original,294000,295000,5399,0,15,0.5,uniform,1.0,0.2669846698714444,0.07128081394636417,ok
real_vs_real,original,295000,296000,5355,0,15,0.5,uniform,1.0,0.265909067464575,0.07070763215987991,ok
real_vs_real,original,296000,297000,5394,0,15,0.5,uniform,1.0,0.2670482850206775,0.07131478653248502,ok
real_vs_real,original,297000,298000,5458,0,15,0.5,uniform,1.0,0.2661364899688206,0.07082863129292416,ok
real_vs_real,original,298000,299000,5482,0,15,0.5,uniform,1.0,0.2672690284877197,0.07143273358876953,ok
real_vs_real,original,299000,300000,5342,0,15,0.5,uniform,1.0,0.2674936209170338,0.0715528372313058,ok
real_vs_real,original,300000,301000,5430,0,15,0.5,uniform,1.0,0.26618327651671114,0.07085353669717191,ok
real_vs_real,original,301000,302000,5489,0,15,0.5,uniform,1.0,0.2662537743887079,0.07089107237623296,ok
real_vs_real,original,302000,303000,5413,0,15,0.5,uniform,1.0,0.26690462903394024,0.07123808099974525,ok
real_vs_real,original,303000,304000,5404,0,15,0.5,uniform,1.0,0.26652702043762216,0.07103665262335668,ok
real_vs_real,original,304000,305000,5355,0,15,0.5,uniform,1.0,0.26700181464534395,0.0712899690239066,ok
real_vs_real,original,305000,306000,5431,0,15,0.5,uniform,1.0,0.2626089979873548,0.06896348582392253,ok
real_vs_real,original,306000,307000,5200,0,15,0.5,uniform,1.0,0.2645267898736713,0.06997442256086944,ok
real_vs_real,original,307000,308000,5291,0,15,0.5,uniform,1.0,0.26463221844429896,0.07003021103875115,ok
real_vs_real,original,308000,309000,5079,0,15,0.5,uniform,1.0,0.26587430900766973,0.07068914819030586,ok
real_vs_real,original,309000,310000,5126,0,15,0.5,uniform,1.0,0.2636089216903258,0.06948966359473632,ok
real_vs_real,original,310000,311000,4982,0,15,0.5,uniform,1.0,0.2654292262395648,0.07045267414213408,ok
real_vs_real,original,311000,312000,4991,0,15,0.5,uniform,1.0,0.268292672141031,0.07198095792457475,ok
real_vs_real,original,312000,313000,4996,0,15,0.5,uniform,1.0,0.266983804078067,0.07128035163999567,ok
real_vs_real,original,313000,314000,5042,0,15,0.5,uniform,1.0,0.26602788445973635,0.07077083531012282,ok
real_vs_real,original,314000,315000,5097,0,15,0.5,uniform,1.0,0.2659676634186945,0.07073879798439997,ok
real_vs_real,original,315000,316000,4997,0,15,0.5,uniform,1.0,0.26617852590419155,0.07085100765252837,ok
real_vs_real,original,316000,317000,4979,0,15,0.5,uniform,1.0,0.2678549561573224,0.07174627753804112,ok
real_vs_real,original,317000,318000,4808,0,15,0.5,uniform,1.0,0.27037348580021053,0.07310182182375664,ok
real_vs_real,original,318000,319000,4887,0,15,0.5,uniform,1.0,0.2691156877401399,0.07242325338784847,ok
real_vs_real,original,319000,320000,4699,0,15,0.5,uniform,1.0,0.272491733121502,0.07425174461955986,ok
real_vs_real,original,320000,321000,4811,0,15,0.5,uniform,1.0,0.2714221798632862,0.07366999972173809,ok
real_vs_real,original,321000,322000,4728,0,15,0.5,uniform,1.0,0.2716545141357192,0.07379617505031368,ok
real_vs_real,original,322000,323000,4819,0,15,0.5,uniform,1.0,0.26995651900077433,0.07287652215101542,ok
real_vs_real,original,323000,324000,4754,0,15,0.5,uniform,1.0,0.2711196144459944,0.07350584533734465,ok
real_vs_real,original,324000,325000,4692,0,15,0.5,uniform,1.0,0.27252308392551206,0.07426883127227168,ok
real_vs_real,original,325000,326000,4553,0,15,0.5,uniform,1.0,0.27515727144519186,0.07571152402916301,ok
real_vs_real,original,326000,327000,4445,0,15,0.5,uniform,1.0,0.2756390588552949,0.07597689076663271,ok
real_vs_real,original,327000,328000,4495,0,15,0.5,uniform,1.0,0.2767973663770753,0.07661678203328486,ok
real_vs_real,original,328000,329000,4400,0,15,0.5,uniform,1.0,0.27482828857893105,0.0755305882032242,ok
real_vs_real,original,329000,330000,4405,0,15,0.5,uniform,1.0,0.275228687385263,0.07575083035981484,ok
real_vs_real,original,330000,331000,4268,0,15,0.5,uniform,1.0,0.27558639698022785,0.07594786220054373,ok
real_vs_real,original,331000,332000,4114,0,15,0.5,uniform,1.0,0.2736907634252391,0.0749066339842902,ok
real_vs_real,original,332000,333000,3906,0,15,0.5,uniform,1.0,0.2782181298080021,0.07740532775386229,ok
real_vs_real,original,333000,334000,3547,0,15,0.5,uniform,1.0,0.2820689903873575,0.07956291533814318,ok
real_vs_real,original,334000,335000,3509,0,15,0.5,uniform,1.0,0.2785301237461957,0.07757902983407107,ok
real_vs_real,original,335000,336000,3231,0,15,0.5,uniform,1.0,0.28230522603835484,0.07969624064856662,ok
real_vs_real,original,336000,337000,3179,0,15,0.5,uniform,1.0,0.281682027638991,0.07934476469481329,ok
real_vs_real,original,337000,338000,3112,0,15,0.5,uniform,1.0,0.28515539311686283,0.08131359822363259,ok
real_vs_real,original,338000,339000,3123,0,15,0.5,uniform,1.0,0.2817259756319309,0.07936952534576332,ok
real_vs_real,original,339000,340000,3341,0,15,0.5,uniform,1.0,0.2755044015088495,0.07590267525074935,ok
real_vs_real,original,340000,341000,3112,0,15,0.5,uniform,1.0,0.2883409831024009,0.08314052253645905,ok
real_vs_real,original,341000,342000,3041,0,15,0.5,uniform,1.0,0.2897051495697068,0.08392907368720616,ok
real_vs_real,original,342000,343000,3113,0,15,0.5,uniform,1.0,0.28616763723815697,0.08189191660246939,ok
real_vs_real,original,343000,344000,3114,0,15,0.5,uniform,1.0,0.2905334162017201,0.08440966592984189,ok
real_vs_real,original,344000,345000,3072,0,15,0.5,uniform,1.0,0.2838928609127094,0.08059515647720296,ok
real_vs_real,original,345000,346000,3122,0,15,0.5,uniform,1.0,0.28281701285531374,0.0799854627604027,ok
real_vs_real,original,346000,347000,3078,0,15,0.5,uniform,1.0,0.2840882683629782,0.08070614422147551,ok
real_vs_real,original,347000,348000,3182,0,15,0.5,uniform,1.0,0.2782736889214377,0.07743624594594509,ok
real_vs_real,original,348000,349000,3195,0,15,0.5,uniform,1.0,0.2825833961893879,0.07985337580192856,ok
real_vs_real,original,349000,350000,3082,0,15,0.5,uniform,1.0,0.28405176397748805,0.08068540461872258,ok
real_vs_real,original,350000,351000,3140,0,15,0.5,uniform,1.0,0.2907320462230941,0.08452512270106732,ok
real_vs_real,original,351000,352000,3253,0,15,0.5,uniform,1.0,0.2853369556595211,0.08141717826504352,ok
real_vs_real,original,352000,353000,3387,0,15,0.5,uniform,1.0,0.2778157944221386,0.07718161563040397,ok
real_vs_real,original,353000,354000,3682,0,15,0.5,uniform,1.0,0.27659952078639155,0.07650729489926145,ok
real_vs_real,original,354000,355000,3961,0,15,0.5,uniform,1.0,0.27396531364681603,0.07505699308159827,ok
real_vs_real,original,355000,356000,4065,0,15,0.5,uniform,1.0,0.27454350306249087,0.07537413507382394,ok
real_vs_real,original,356000,357000,4361,0,15,0.5,uniform,1.0,0.2715954828846894,0.07376410632336759,ok
real_vs_real,original,357000,358000,4452,0,15,0.5,uniform,1.0,0.2728513675335917,0.07444786876495113,ok
real_vs_real,original,358000,359000,4639,0,15,0.5,uniform,1.0,0.2694043573578013,0.07257870776336993,ok
real_vs_real,original,359000,360000,4634,0,15,0.5,uniform,1.0,0.27120717063233957,0.07355332940239893,ok
real_vs_real,original,360000,361000,4646,0,15,0.5,uniform,1.0,0.27072679589412835,0.07329299801510103,ok
real_vs_real,original,361000,362000,4871,0,15,0.5,uniform,1.0,0.26731417604050867,0.07145686871221604,ok
real_vs_real,original,362000,363000,4879,0,15,0.5,uniform,1.0,0.26782457672144133,0.07173000389601922,ok
real_vs_real,original,363000,364000,5032,0,15,0.5,uniform,1.0,0.26368013175383437,0.06952721188171945,ok
real_vs_real,original,364000,365000,5135,0,15,0.5,uniform,1.0,0.2619185622612916,0.06860133325702208,ok
real_vs_real,original,365000,366000,5197,0,15,0.5,uniform,1.0,0.26213546349646444,0.06871500122250625,ok
real_vs_real,original,366000,367000,5241,0,15,0.5,uniform,1.0,0.26003766341257883,0.06761958639307365,ok
real_vs_real,original,367000,368000,5247,0,15,0.5,uniform,1.0,0.257986239831397,0.0665568999423431,ok
real_vs_real,original,368000,369000,5242,0,15,0.5,uniform,1.0,0.2583828484314893,0.06676169636356998,ok
real_vs_real,original,369000,370000,5380,0,15,0.5,uniform,1.0,0.25550563699790496,0.06528313053770517,ok
real_vs_real,original,370000,371000,5587,0,15,0.5,uniform,1.0,0.2532805352857201,0.06415102955462089,ok
real_vs_real,original,371000,372000,5905,0,15,0.5,uniform,1.0,0.24728811625016045,0.06115141243855286,ok
real_vs_real,original,372000,373000,6038,0,15,0.5,uniform,1.0,0.2456525302229724,0.06034516560494837,ok
real_vs_real,original,373000,374000,6060,0,15,0.5,uniform,1.0,0.2446352784288938,0.059846419451982394,ok
real_vs_real,original,374000,375000,6190,0,15,0.5,uniform,1.0,0.23934135832336412,0.05728428580407298,ok
real_vs_real,original,375000,376000,6058,0,15,0.5,uniform,1.0,0.23557940547111675,0.05549765628212483,ok
real_vs_real,original,376000,377000,6263,0,15,0.5,uniform,1.0,0.22825085096736117,0.05209845096732452,ok
real_vs_real,original,377000,378000,6286,0,15,0.5,uniform,1.0,0.22148370855661523,0.049055033155991676,ok
real_vs_real,original,378000,379000,6300,0,15,0.5,uniform,1.0,0.21140279170365547,0.04469114034009915,ok
real_vs_real,original,379000,380000,6358,0,15,0.5,uniform,1.0,0.20162370040069005,0.04065211656326723,ok
real_vs_real,original,380000,381000,6476,0,15,0.5,uniform,1.0,0.19028201798622274,0.03620724636890919,ok
real_vs_real,original,381000,382000,6687,0,15,0.5,uniform,1.0,0.1766190695696145,0.031194295735636333,ok
real_vs_real,original,382000,383000,6402,0,15,0.5,uniform,1.0,0.16187092982896703,0.026202197923694368,ok
real_vs_real,original,383000,384000,6553,0,15,0.5,uniform,1.0,0.14387407260446217,0.020699748767794054,ok
real_vs_real,original,384000,385000,6443,0,15,0.5,uniform,1.0,0.1282628656743778,0.016451362711003482,ok
real_vs_real,original,385000,386000,6434,0,15,0.5,uniform,1.0,0.11065563832357836,0.012244670292798583,ok
real_vs_real,original,386000,387000,6452,0,15,0.5,uniform,1.0,0.09530614642242063,0.009083261545891883,ok
real_vs_real,original,387000,388000,6371,0,15,0.5,uniform,1.0,0.08411178437547062,0.007074792270825664,ok
real_vs_real,original,388000,389000,6412,0,15,0.5,uniform,1.0,0.07691969625941088,0.005916639672640028,ok
real_vs_real,original,389000,390000,6496,0,15,0.5,uniform,1.0,0.08005629136365004,0.006409009786901627,ok
real_vs_real,original,390000,391000,6372,0,15,0.5,uniform,1.0,0.09165173756654152,0.008400040998966199,ok
real_vs_real,original,391000,392000,6369,0,15,0.5,uniform,1.0,0.10430283389191014,0.0108790811578834,ok
real_vs_real,original,392000,393000,6360,0,15,0.5,uniform,1.0,0.11935440527066059,0.014245474057513093,ok
real_vs_real,original,393000,394000,6221,0,15,0.5,uniform,1.0,0.13505034512465805,0.01823859571828925,ok
real_vs_real,original,394000,395000,6213,0,15,0.5,uniform,1.0,0.15009649935728964,0.022528959119312852,ok
real_vs_real,original,395000,396000,6026,0,15,0.5,uniform,1.0,0.164777338095042,0.027151571149687782,ok
real_vs_real,original,396000,397000,6083,0,15,0.5,uniform,1.0,0.1772963335593841,0.031433989893600384,ok
real_vs_real,original,397000,398000,6138,0,15,0.5,uniform,1.0,0.18911327539988299,0.035763830932471985,ok
real_vs_real,original,398000,399000,6089,0,15,0.5,uniform,1.0,0.20362897116578377,0.041464757898035595,ok
real_vs_real,original,399000,400000,6029,0,15,0.5,uniform,1.0,0.21193013839893807,0.04491438356179304,ok
real_vs_real,original,400000,401000,6068,0,15,0.5,uniform,1.0,0.22207663766495844,0.04931803299657324,ok
real_vs_real,original,401000,402000,5964,0,15,0.5,uniform,1.0,0.2299106692707343,0.05285891584451698,ok
real_vs_real,original,402000,403000,5751,0,15,0.5,uniform,1.0,0.23791845420422011,0.05660519085092558,ok
real_vs_real,original,403000,404000,5818,0,15,0.5,uniform,1.0,0.2398220224267213,0.05751460244084281,ok
real_vs_real,original,404000,405000,5664,0,15,0.5,uniform,1.0,0.2467027827740143,0.060862263028442484,ok
real_vs_real,original,405000,406000,5718,0,15,0.5,uniform,1.0,0.24594912592925733,0.06049097254536567,ok
real_vs_real,original,406000,407000,5634,0,15,0.5,uniform,1.0,0.25456862700451227,0.0648051858549625,ok
real_vs_real,original,407000,408000,5660,0,15,0.5,uniform,1.0,0.25436081641493596,0.06469942492727276,ok
real_vs_real,original,408000,409000,5691,0,15,0.5,uniform,1.0,0.2578408905875163,0.06648192485896355,ok
real_vs_real,original,409000,410000,5809,0,15,0.5,uniform,1.0,0.25946411267777625,0.06732162576766577,ok
real_vs_real,original,410000,411000,5512,0,15,0.5,uniform,1.0,0.2615569792225538,0.06841205338002744,ok
real_vs_real,original,411000,412000,5456,0,15,0.5,uniform,1.0,0.2621194850892167,0.06870662446343609,ok
real_vs_real,original,412000,413000,5551,0,15,0.5,uniform,1.0,0.2591960066643711,0.06718256987075671,ok
real_vs_real,original,413000,414000,5376,0,15,0.5,uniform,1.0,0.26391906706503043,0.06965327396047603,ok
real_vs_real,original,414000,415000,5538,0,15,0.5,uniform,1.0,0.2646511976449862,0.07004025641492555,ok
real_vs_real,original,415000,416000,5627,0,15,0.5,uniform,1.0,0.266032025650659,0.07077303867179288,ok
real_vs_real,original,416000,417000,5501,0,15,0.5,uniform,1.0,0.26756908325362266,0.07159321431318405,ok
real_vs_real,original,417000,418000,5706,0,15,0.5,uniform,1.0,0.2668242659140075,0.07119518888054899,ok
real_vs_real,original,418000,419000,5592,0,15,0.5,uniform,1.0,0.26611650205454934,0.07081799266574897,ok
real_vs_real,original,419000,420000,5505,0,15,0.5,uniform,1.0,0.2662315558139263,0.07087924131110376,ok
real_vs_real,original,420000,421000,5452,0,15,0.5,uniform,1.0,0.2682141223759542,0.07193881544190335,ok
real_vs_real,original,421000,422000,5415,0,15,0.5,uniform,1.0,0.2668628502034698,0.07121578081871956,ok
real_vs_real,original,422000,423000,5504,0,15,0.5,uniform,1.0,0.26704961413086276,0.07131549640744268,ok
real_vs_real,original,423000,424000,5556,0,15,0.5,uniform,1.0,0.2670545780795816,0.07131814767326335,ok
real_vs_real,original,424000,425000,5640,0,15,0.5,uniform,1.0,0.2674443852899909,0.07152649922314112,ok
real_vs_real,original,425000,426000,5720,0,15,0.5,uniform,1.0,0.26572780065512,0.07061126404100719,ok
real_vs_real,original,426000,427000,5784,0,15,0.5,uniform,1.0,0.2639894609581552,0.06969043549697733,ok
real_vs_real,original,427000,428000,5403,0,15,0.5,uniform,1.0,0.2671133035259193,0.07134951692052988,ok
real_vs_real,original,428000,429000,5459,0,15,0.5,uniform,1.0,0.2658192544294199,0.07065987602541265,ok
real_vs_real,original,429000,430000,5454,0,15,0.5,uniform,1.0,0.2656684747061266,0.07057973845267983,ok
real_vs_real,original,430000,431000,5353,0,15,0.5,uniform,1.0,0.2662277667214439,0.07087722377348754,ok
real_vs_real,original,431000,432000,5495,0,15,0.5,uniform,1.0,0.26404432462379007,0.06971940536603344,ok
real_vs_real,original,432000,433000,5403,0,15,0.5,uniform,1.0,0.26586292552670654,0.0706830951696191,ok
real_vs_real,original,433000,434000,5313,0,15,0.5,uniform,1.0,0.26703661984116916,0.07130855633619711,ok
real_vs_real,original,434000,435000,5425,0,15,0.5,uniform,1.0,0.26589415032036523,0.07069969917458897,ok
real_vs_real,original,435000,436000,5189,0,15,0.5,uniform,1.0,0.26719383090583004,0.07139254327413329,ok
real_vs_real,original,436000,437000,5122,0,15,0.5,uniform,1.0,0.27055496972443194,0.0731999916425883,ok
real_vs_real,original,437000,438000,5097,0,15,0.5,uniform,1.0,0.2678662104288958,0.07175230668953748,ok
real_vs_real,original,438000,439000,5053,0,15,0.5,uniform,1.0,0.2689311647752692,0.07232397138738299,ok
real_vs_real,original,439000,440000,5118,0,15,0.5,uniform,1.0,0.26875127949392713,0.07222725022962294,ok
real_vs_real,original,440000,441000,5182,0,15,0.5,uniform,1.0,0.2699558531637023,0.07287616265734238,ok
real_vs_real,original,441000,442000,5003,0,15,0.5,uniform,1.0,0.27129758118331304,0.07360237755591632,ok
real_vs_real,original,442000,443000,5137,0,15,0.5,uniform,1.0,0.2705511448489069,0.07319792197905421,ok
real_vs_real,original,443000,444000,4991,0,15,0.5,uniform,1.0,0.27206513309456165,0.07401943664576154,ok
real_vs_real,original,444000,445000,4821,0,15,0.5,uniform,1.0,0.27352593728073216,0.07481643836530301,ok
real_vs_real,original,445000,446000,4772,0,15,0.5,uniform,1.0,0.27429009888612177,0.07523505834695847,ok
real_vs_real,original,446000,447000,4684,0,15,0.5,uniform,1.0,0.2768940729225313,0.07667032761962808,ok
real_vs_real,original,447000,448000,4604,0,15,0.5,uniform,1.0,0.27537604115650616,0.07583196404302976,ok
real_vs_real,original,448000,449000,4585,0,15,0.5,uniform,1.0,0.2787381291960057,0.07769494466768918,ok
real_vs_real,original,449000,450000,4458,0,15,0.5,uniform,1.0,0.2793889400296659,0.07805817981090027,ok
real_vs_real,original,450000,451000,4531,0,15,0.5,uniform,1.0,0.27775436550285537,0.07714748755589376,ok
real_vs_real,original,451000,452000,4465,0,15,0.5,uniform,1.0,0.2748675702360489,0.07555218116746928,ok
real_vs_real,original,452000,453000,4233,0,15,0.5,uniform,1.0,0.2782384887952992,0.07741665664709184,ok
real_vs_real,original,453000,454000,3916,0,15,0.5,uniform,1.0,0.2840885164709766,0.08070628519068035,ok
real_vs_real,original,454000,455000,3886,0,15,0.5,uniform,1.0,0.27780781006046684,0.07717717933059243,ok
real_vs_real,original,455000,456000,3645,0,15,0.5,uniform,1.0,0.2794482956366345,0.07809134993421986,ok
real_vs_real,original,456000,457000,3382,0,15,0.5,uniform,1.0,0.27900060944492294,0.07784134007063842,ok
real_vs_real,original,457000,458000,3239,0,15,0.5,uniform,1.0,0.27298195076002324,0.07451914544074777,ok
real_vs_real,original,458000,459000,2972,0,15,0.5,uniform,1.0,0.271571579025406,0.07375112253435234,ok
real_vs_real,original,459000,460000,3017,0,15,0.5,uniform,1.0,0.26937734123596013,0.07256415197135492,ok
real_vs_real,original,460000,461000,2921,0,15,0.5,uniform,1.0,0.2731279253211175,0.07459886359021796,ok
real_vs_real,original,461000,462000,2908,0,15,0.5,uniform,1.0,0.2790252705111847,0.0778551015838398,ok
real_vs_real,original,462000,463000,2820,0,15,0.5,uniform,1.0,0.27994434774194177,0.07836883783266123,ok
real_vs_real,original,463000,464000,2733,0,15,0.5,uniform,1.0,0.28059724630353455,0.07873481463312643,ok
real_vs_real,original,464000,465000,2839,0,15,0.5,uniform,1.0,0.27824768042143544,0.07742177165990927,ok
real_vs_real,original,465000,466000,2943,0,15,0.5,uniform,1.0,0.27242280107796013,0.07421418254716183,ok
real_vs_real,original,466000,467000,2970,0,15,0.5,uniform,1.0,0.2667661617730178,0.07116418506710791,ok
real_vs_real,original,467000,468000,2926,0,15,0.5,uniform,1.0,0.2722014674753612,0.07409363889574012,ok
real_vs_real,original,468000,469000,3105,0,15,0.5,uniform,1.0,0.26688869921625874,0.07122957776934663,ok
real_vs_real,original,469000,470000,2853,0,15,0.5,uniform,1.0,0.2779703069638156,0.07726749155355786,ok
real_vs_real,original,470000,471000,2823,0,15,0.5,uniform,1.0,0.27696039904401853,0.07670706263862198,ok
real_vs_real,original,471000,472000,2861,0,15,0.5,uniform,1.0,0.28289057535946655,0.08002707762721004,ok
real_vs_real,original,472000,473000,2788,0,15,0.5,uniform,1.0,0.2790642344697833,0.07787684696020618,ok
real_vs_real,original,473000,474000,2993,0,15,0.5,uniform,1.0,0.2702379151741415,0.0730285307976665,ok
real_vs_real,original,474000,475000,2872,0,15,0.5,uniform,1.0,0.2767233083864632,0.07657578940434961,ok
real_vs_real,original,475000,476000,3034,0,15,0.5,uniform,1.0,0.2708804712938408,0.0733762297283733,ok
real_vs_real,original,476000,477000,3725,0,15,0.5,uniform,1.0,0.27600136495651084,0.07617675345785709,ok
real_vs_real,original,477000,478000,4183,0,15,0.5,uniform,1.0,0.28573320000066676,0.08164346158262104,ok
real_vs_real,original,478000,479000,4463,0,15,0.5,uniform,1.0,0.29119238380258217,0.08479300438463032,ok
real_vs_real,original,479000,480000,4571,0,15,0.5,uniform,1.0,0.2897942153559086,0.08398068725374673,ok
real_vs_real,original,480000,481000,4676,0,15,0.5,uniform,1.0,0.28614339336976846,0.08187804156916605,ok
real_vs_real,original,481000,482000,4827,0,15,0.5,uniform,1.0,0.28529771150557304,0.08139478419031718,ok
real_vs_real,original,482000,483000,5011,0,15,0.5,uniform,1.0,0.2819522828977558,0.07949708983125611,ok
real_vs_real,original,483000,484000,5061,0,15,0.5,uniform,1.0,0.2799014723948067,0.07834483424878075,ok
real_vs_real,original,484000,485000,5307,0,15,0.5,uniform,1.0,0.2778286721413411,0.0771887710638208,ok
real_vs_real,original,485000,486000,5110,0,15,0.5,uniform,1.0,0.2756649802524999,0.07599118133761115,ok
real_vs_real,original,486000,487000,5169,0,15,0.5,uniform,1.0,0.27605447265708827,0.0762060718739831,ok
real_vs_real,original,487000,488000,5245,0,15,0.5,uniform,1.0,0.2756454869921106,0.07598043449911782,ok
real_vs_real,original,488000,489000,5065,0,15,0.5,uniform,1.0,0.2755593594839693,0.07593296059921543,ok
real_vs_real,original,489000,490000,5389,0,15,0.5,uniform,1.0,0.2729403167492935,0.07449641650720466,ok
real_vs_real,original,490000,491000,5461,0,15,0.5,uniform,1.0,0.27219340404412556,0.07408924920512859,ok
real_vs_real,original,491000,492000,5378,0,15,0.5,uniform,1.0,0.2730938402343211,0.07458024557392888,ok
real_vs_real,original,492000,493000,5335,0,15,0.5,uniform,1.0,0.2689046993018366,0.07230973730661114,ok
real_vs_real,original,493000,494000,5520,0,15,0.5,uniform,1.0,0.2654007857249025,0.07043757706339562,ok
real_vs_real,original,494000,495000,5283,0,15,0.5,uniform,1.0,0.26358858011743624,0.06947893956832611,ok
real_vs_real,original,495000,496000,5519,0,15,0.5,uniform,1.0,0.2610798456429541,0.06816268580094874,ok
real_vs_real,original,496000,497000,5453,0,15,0.5,uniform,1.0,0.2578244100632061,0.06647342642444026,ok
real_vs_real,original,497000,498000,5560,0,15,0.5,uniform,1.0,0.25357893776143553,0.064302277676218,ok
real_vs_real,original,498000,499000,5755,0,15,0.5,uniform,1.0,0.2502824508543895,0.06264130520567988,ok
real_vs_real,original,499000,500000,5746,0,15,0.5,uniform,1.0,0.24409784495505524,0.05958375791170219,ok
real_vs_real,original,500000,501000,5826,0,15,0.5,uniform,1.0,0.23873520599204834,0.05699449858006575,ok
real_vs_real,original,501000,502000,6066,0,15,0.5,uniform,1.0,0.22841617555716162,0.052173949256160077,ok
real_vs_real,original,502000,503000,5886,0,15,0.5,uniform,1.0,0.2184416012360284,0.04771673315056005,ok
real_vs_real,original,503000,504000,5983,0,15,0.5,uniform,1.0,0.2089965211839185,0.0436795458669801,ok
real_vs_real,original,504000,505000,6050,0,15,0.5,uniform,1.0,0.19508087384801737,0.03805654734130606,ok
real_vs_real,original,505000,506000,6139,0,15,0.5,uniform,1.0,0.18068942773905758,0.03264866929666811,ok
real_vs_real,original,506000,507000,6095,0,15,0.5,uniform,1.0,0.1645883411551808,0.027089322044214187,ok
real_vs_real,original,507000,508000,6101,0,15,0.5,uniform,1.0,0.14547642104486241,0.02116338908002209,ok
real_vs_real,original,508000,509000,6117,0,15,0.5,uniform,1.0,0.12501605782690603,0.015629014714580315,ok
real_vs_real,original,509000,510000,6187,0,15,0.5,uniform,1.0,0.09931707854201095,0.009863882090119971,ok
real_vs_real,original,510000,511000,6135,0,15,0.5,uniform,1.0,0.07380582602232955,0.005447299954838378,ok
real_vs_real,original,511000,512000,5942,0,15,0.5,uniform,1.0,0.05015564266718964,0.002515588491358814,ok
real_vs_real,original,512000,513000,6137,0,15,0.5,uniform,1.0,0.024356055114917632,0.0005932174207609053,ok
real_vs_real,original,513000,514000,6055,0,15,0.5,uniform,1.0,0.01807113524815547,0.0003265659291571271,ok
real_vs_real,original,514000,515000,6092,0,15,0.5,uniform,1.0,0.03802357073370274,0.0014457919313408951,ok
real_vs_real,original,515000,516000,6151,0,15,0.5,uniform,1.0,0.060959699060514225,0.003716084909548459,ok
real_vs_real,original,516000,517000,6134,0,15,0.5,uniform,1.0,0.0867692008974044,0.007528894224374125,ok
real_vs_real,original,517000,518000,6053,0,15,0.5,uniform,1.0,0.10951289263174,0.011993073652571011,ok
real_vs_real,original,518000,519000,6080,0,15,0.5,uniform,1.0,0.13080127680133188,0.017108974012858644,ok
real_vs_real,original,519000,520000,5856,0,15,0.5,uniform,1.0,0.1526535002728888,0.023303091145564857,ok
real_vs_real,original,520000,521000,5788,0,15,0.5,uniform,1.0,0.1708840344559765,0.02920135323195136,ok
real_vs_real,original,521000,522000,5723,0,15,0.5,uniform,1.0,0.18641066010483182,0.03474893420071913,ok
real_vs_real,original,522000,523000,5571,0,15,0.5,uniform,1.0,0.20041608125826718,0.04016660562692035,ok
real_vs_real,original,523000,524000,5618,0,15,0.5,uniform,1.0,0.21007190800190295,0.044130206531559975,ok
real_vs_real,original,524000,525000,5564,0,15,0.5,uniform,1.0,0.21882065579311402,0.04788247940172849,ok
real_vs_real,original,525000,526000,5558,0,15,0.5,uniform,1.0,0.22873933886156647,0.05232168514282653,ok
real_vs_real,original,526000,527000,5498,0,15,0.5,uniform,1.0,0.23401793756523193,0.054764395102284785,ok
real_vs_real,original,527000,528000,5325,0,15,0.5,uniform,1.0,0.24413369570949756,0.05960126138077755,ok
real_vs_real,original,528000,529000,5359,0,15,0.5,uniform,1.0,0.2509153883574468,0.06295853211456835,ok
real_vs_real,original,529000,530000,5211,0,15,0.5,uniform,1.0,0.25342343951209495,0.06422343969414046,ok
real_vs_real,original,530000,531000,5187,0,15,0.5,uniform,1.0,0.2555732527803231,0.06531768753671494,ok
real_vs_real,original,531000,532000,5362,0,15,0.5,uniform,1.0,0.2568758010038273,0.06598517714135788,ok
real_vs_real,original,532000,533000,5267,0,15,0.5,uniform,1.0,0.2588770740580748,0.06701733947286995,ok
real_vs_real,original,533000,534000,5416,0,15,0.5,uniform,1.0,0.25938473879109286,0.06728044271772349,ok
real_vs_real,original,534000,535000,5160,0,15,0.5,uniform,1.0,0.26403142517833383,0.06971259348170211,ok
real_vs_real,original,535000,536000,5155,0,15,0.5,uniform,1.0,0.2632793341053559,0.06931600776695963,ok
real_vs_real,original,536000,537000,5231,0,15,0.5,uniform,1.0,0.26497497447403306,0.07021173709751447,ok
real_vs_real,original,537000,538000,5338,0,15,0.5,uniform,1.0,0.2642776207885444,0.06984266084965367,ok
real_vs_real,original,538000,539000,5193,0,15,0.5,uniform,1.0,0.2670128280106511,0.07129585032224557,ok
real_vs_real,original,539000,540000,5233,0,15,0.5,uniform,1.0,0.2666186173670328,0.07108548712670824,ok
real_vs_real,original,540000,541000,5391,0,15,0.5,uniform,1.0,0.2670095147130335,0.07129408094728966,ok
real_vs_real,original,541000,542000,5416,0,15,0.5,uniform,1.0,0.2651633848926911,0.07031162068774945,ok
real_vs_real,original,542000,543000,5356,0,15,0.5,uniform,1.0,0.26705297174245846,0.07131728971647831,ok
real_vs_real,original,543000,544000,5372,0,15,0.5,uniform,1.0,0.26743186884650955,0.07151980447473667,ok
real_vs_real,original,544000,545000,5397,0,15,0.5,uniform,1.0,0.2690104764592536,0.07236663644483461,ok
real_vs_real,original,545000,546000,5330,0,15,0.5,uniform,1.0,0.2676169436993812,0.07161882855499777,ok
real_vs_real,original,546000,547000,5606,0,15,0.5,uniform,1.0,0.26501167528903863,0.07023118803950286,ok
real_vs_real,original,547000,548000,5485,0,15,0.5,uniform,1.0,0.26589718734005,0.07070131423534967,ok
real_vs_real,original,548000,549000,5537,0,15,0.5,uniform,1.0,0.2668881077914928,0.07122926208052348,ok
real_vs_real,original,549000,550000,5463,0,15,0.5,uniform,1.0,0.2675802825227422,0.07159920759495052,ok
real_vs_real,original,550000,551000,5520,0,15,0.5,uniform,1.0,0.26724334132790045,0.07141900348410071,ok
real_vs_real,original,551000,552000,5471,0,15,0.5,uniform,1.0,0.26533736717386236,0.07040391841875705,ok
real_vs_real,original,552000,553000,5505,0,15,0.5,uniform,1.0,0.2650885871819675,0.07027195905413157,ok
real_vs_real,original,553000,554000,5458,0,15,0.5,uniform,1.0,0.26457761586109907,0.07000131481474331,ok
real_vs_real,original,554000,555000,5364,0,15,0.5,uniform,1.0,0.2661734226980447,0.070848290950792,ok
real_vs_real,original,555000,556000,5370,0,15,0.5,uniform,1.0,0.2627951443605767,0.06906128789949637,ok
real_vs_real,original,556000,557000,5136,0,15,0.5,uniform,1.0,0.2657895294796606,0.07064407398101938,ok
real_vs_real,original,557000,558000,5204,0,15,0.5,uniform,1.0,0.2654498686277177,0.0704636327544726,ok
real_vs_real,original,558000,559000,5035,0,15,0.5,uniform,1.0,0.26533441873906377,0.07040235376759683,ok
real_vs_real,original,559000,560000,5080,0,15,0.5,uniform,1.0,0.26720581681913563,0.07139894854198148,ok
real_vs_real,original,560000,561000,5013,0,15,0.5,uniform,1.0,0.2669251887858256,0.07124905640834865,ok
real_vs_real,original,561000,562000,5031,0,15,0.5,uniform,1.0,0.2668067040479606,0.07118581732493602,ok
real_vs_real,original,562000,563000,5173,0,15,0.5,uniform,1.0,0.26509231773153347,0.07027393692027628,ok
real_vs_real,original,563000,564000,5117,0,15,0.5,uniform,1.0,0.2657704570972404,0.07063393586567611,ok
real_vs_real,original,564000,565000,5131,0,15,0.5,uniform,1.0,0.26652662643417147,0.07103644259838039,ok
real_vs_real,original,565000,566000,4961,0,15,0.5,uniform,1.0,0.2674908741518656,0.07155136775452922,ok
real_vs_real,original,566000,567000,5035,0,15,0.5,uniform,1.0,0.26588217366931743,0.07069333027512108,ok
real_vs_real,original,567000,568000,4891,0,15,0.5,uniform,1.0,0.27051835580263023,0.07318018082615843,ok
real_vs_real,original,568000,569000,4889,0,15,0.5,uniform,1.0,0.26825988549546725,0.0719633661660412,ok
real_vs_real,original,569000,570000,4895,0,15,0.5,uniform,1.0,0.2696488799047207,0.07271051843387048,ok
real_vs_real,original,570000,571000,4881,0,15,0.5,uniform,1.0,0.26904289655587027,0.07238408018717273,ok
real_vs_real,original,571000,572000,4895,0,15,0.5,uniform,1.0,0.26937034984071584,0.07256038537330964,ok
real_vs_real,original,572000,573000,4708,0,15,0.5,uniform,1.0,0.2709113925380233,0.07339298260689096,ok
real_vs_real,original,573000,574000,4679,0,15,0.5,uniform,1.0,0.27268084784800756,0.07435484478310826,ok
real_vs_real,original,574000,575000,4651,0,15,0.5,uniform,1.0,0.27307727096323203,0.07457119591672644,ok
real_vs_real,original,575000,576000,4700,0,15,0.5,uniform,1.0,0.27265079852909446,0.07433845793855287,ok
real_vs_real,original,576000,577000,4563,0,15,0.5,uniform,1.0,0.27453548126970434,0.07536973047598818,ok
real_vs_real,original,577000,578000,4541,0,15,0.5,uniform,1.0,0.27569961111913044,0.07601027557123977,ok
real_vs_real,original,578000,579000,4340,0,15,0.5,uniform,1.0,0.27544833597535284,0.07587178579159087,ok
real_vs_real,original,579000,580000,4244,0,15,0.5,uniform,1.0,0.27507329458640545,0.0756653173946194,ok
real_vs_real,original,580000,581000,4198,0,15,0.5,uniform,1.0,0.27242473244426396,0.0742152348473288,ok
real_vs_real,original,581000,582000,3915,0,15,0.5,uniform,1.0,0.2750832078675494,0.0756707712507014,ok
real_vs_real,original,582000,583000,3920,0,15,0.5,uniform,1.0,0.2720293185680698,0.07399995016060838,ok
real_vs_real,original,583000,584000,3524,0,15,0.5,uniform,1.0,0.27678816616089985,0.07661168892671391,ok
real_vs_real,original,584000,585000,3417,0,15,0.5,uniform,1.0,0.28069674049216575,0.07879066012292625,ok
real_vs_real,original,585000,586000,3276,0,15,0.5,uniform,1.0,0.2822604420741508,0.07967095715989504,ok
real_vs_real,original,586000,587000,3115,0,15,0.5,uniform,1.0,0.2799549705407005,0.07837478553044448,ok
real_vs_real,original,587000,588000,3199,0,15,0.5,uniform,1.0,0.2789952999533576,0.07783837739606396,ok
real_vs_real,original,588000,589000,3247,0,15,0.5,uniform,1.0,0.27626871747049114,0.07632440425279005,ok
real_vs_real,original,589000,590000,3223,0,15,0.5,uniform,1.0,0.28033692123904946,0.07858878940978901,ok
real_vs_real,original,590000,591000,3145,0,15,0.5,uniform,1.0,0.28143857921843096,0.07920767387248905,ok
real_vs_real,original,591000,592000,3199,0,15,0.5,uniform,1.0,0.2847717672245894,0.08109495940821575,ok
real_vs_real,original,592000,593000,3210,0,15,0.5,uniform,1.0,0.28442616245784297,0.08089824189049527,ok
real_vs_real,original,593000,594000,3246,0,15,0.5,uniform,1.0,0.28318925951026,0.0801961567019694,ok
real_vs_real,original,594000,595000,3080,0,15,0.5,uniform,1.0,0.2839317332300569,0.08061722913502418,ok
real_vs_real,original,595000,596000,3160,0,15,0.5,uniform,1.0,0.28178329542876046,0.0794018255826921,ok
real_vs_real,original,596000,597000,3062,0,15,0.5,uniform,1.0,0.2791061187835182,0.07790022554239938,ok
real_vs_real,original,597000,598000,3144,0,15,0.5,uniform,1.0,0.2801561959509257,0.07848749412969348,ok
real_vs_real,original,598000,599000,3136,0,15,0.5,uniform,1.0,0.28505665042879463,0.08125729395368401,ok
real_vs_real,original,599000,600000,3214,0,15,0.5,uniform,1.0,0.2895393175131704,0.08383301638599251,ok
real_vs_real,original,600000,601000,3353,0,15,0.5,uniform,1.0,0.2815048595948789,0.07924498597553249,ok
real_vs_real,original,601000,602000,3680,0,15,0.5,uniform,1.0,0.27851762618079423,0.07757206809338463,ok
real_vs_real,original,602000,603000,3862,0,15,0.5,uniform,1.0,0.27453465860366966,0.07536927877463344,ok
real_vs_real,original,603000,604000,4079,0,15,0.5,uniform,1.0,0.2729214252296031,0.07448610434935783,ok
real_vs_real,original,604000,605000,4253,0,15,0.5,uniform,1.0,0.27379396132463346,0.0749631332578349,ok
real_vs_real,original,605000,606000,4467,0,15,0.5,uniform,1.0,0.27080599616544093,0.07333588755915682,ok
real_vs_real,original,606000,607000,4588,0,15,0.5,uniform,1.0,0.2698949401160094,0.0728432787002243,ok
real_vs_real,original,607000,608000,4760,0,15,0.5,uniform,1.0,0.2677736310953426,0.07170271750998462,ok
real_vs_real,original,608000,609000,4837,0,15,0.5,uniform,1.0,0.267121849237798,0.07135408234022089,ok
real_vs_real,original,609000,610000,4923,0,15,0.5,uniform,1.0,0.2665456009696712,0.0710465573962832,ok
real_vs_real,original,610000,611000,4957,0,15,0.5,uniform,1.0,0.2645436050616693,0.06998331897902445,ok
real_vs_real,original,611000,612000,5123,0,15,0.5,uniform,1.0,0.2636074191841562,0.06948887144893146,ok
real_vs_real,original,612000,613000,5127,0,15,0.5,uniform,1.0,0.26195668570744973,0.06862130518683159,ok
real_vs_real,original,613000,614000,5251,0,15,0.5,uniform,1.0,0.2605767161276456,0.0679002249878676,ok
real_vs_real,original,614000,615000,5243,0,15,0.5,uniform,1.0,0.25949697802513394,0.06733868160417684,ok
real_vs_real,original,615000,616000,5328,0,15,0.5,uniform,1.0,0.25912209035601624,0.06714425771047146,ok
real_vs_real,original,616000,617000,5253,0,15,0.5,uniform,1.0,0.25724382243620514,0.06617438418158984,ok
real_vs_real,original,617000,618000,5429,0,15,0.5,uniform,1.0,0.2564268411696821,0.06575472487226137,ok
real_vs_real,original,618000,619000,5604,0,15,0.5,uniform,1.0,0.2509225942142437,0.06296214828720599,ok
real_vs_real,original,619000,620000,5861,0,15,0.5,uniform,1.0,0.24982788411076234,0.0624139716792605,ok
real_vs_real,original,620000,621000,5997,0,15,0.5,uniform,1.0,0.24693436987378417,0.06097658302496285,ok
real_vs_real,original,621000,622000,6021,0,15,0.5,uniform,1.0,0.24507718605796056,0.060062827126088215,ok
real_vs_real,original,622000,623000,6075,0,15,0.5,uniform,1.0,0.24085728114960747,0.05801222988278106,ok
real_vs_real,original,623000,624000,6299,0,15,0.5,uniform,1.0,0.2345885531578858,0.05503178927271021,ok
real_vs_real,original,624000,625000,6219,0,15,0.5,uniform,1.0,0.23118662332585033,0.05344725480480861,ok
real_vs_real,original,625000,626000,6408,0,15,0.5,uniform,1.0,0.2229579548272193,0.04971024962073636,ok
real_vs_real,original,626000,627000,6338,0,15,0.5,uniform,1.0,0.21381893158631568,0.04571853550471354,ok
real_vs_real,original,627000,628000,6372,0,15,0.5,uniform,1.0,0.20490333753655499,0.04198537773361938,ok
real_vs_real,original,628000,629000,6528,0,15,0.5,uniform,1.0,0.19167068492914413,0.03673765146120724,ok
real_vs_real,original,629000,630000,6479,0,15,0.5,uniform,1.0,0.18046637356190534,0.032568111986585165,ok
real_vs_real,original,630000,631000,6544,0,15,0.5,uniform,1.0,0.16517050262698357,0.027281294938050392,ok
real_vs_real,original,631000,632000,6534,0,15,0.5,uniform,1.0,0.1489490432153102,0.022185817474756342,ok
real_vs_real,original,632000,633000,6605,0,15,0.5,uniform,1.0,0.1327209336141605,0.0176148462194144,ok
real_vs_real,original,633000,634000,6470,0,15,0.5,uniform,1.0,0.11377422498439377,0.012944574270799453,ok
real_vs_real,original,634000,635000,6530,0,15,0.5,uniform,1.0,0.09915057479839612,0.009830836482852344,ok
real_vs_real,original,635000,636000,6489,0,15,0.5,uniform,1.0,0.08618703584788212,0.007428205148244119,ok
real_vs_real,original,636000,637000,6342,0,15,0.5,uniform,1.0,0.07872583805332405,0.006197757577198204,ok
real_vs_real,original,637000,638000,6290,0,15,0.5,uniform,1.0,0.0782294893642501,0.00611985300619132,ok
real_vs_real,original,638000,639000,6326,0,15,0.5,uniform,1.0,0.08561829407055886,0.0073304922795526944,ok
real_vs_real,original,639000,640000,6249,0,15,0.5,uniform,1.0,0.1010570205596724,0.010212521404398052,ok
real_vs_real,original,640000,641000,6283,0,15,0.5,uniform,1.0,0.11565949516267868,0.013377118821285693,ok
real_vs_real,original,641000,642000,6209,0,15,0.5,uniform,1.0,0.13303583509880357,0.017698533420436056,ok
real_vs_real,original,642000,643000,6343,0,15,0.5,uniform,1.0,0.14701471963968,0.02161332779073371,ok
real_vs_real,original,643000,644000,6179,0,15,0.5,uniform,1.0,0.1624195200970002,0.026380100508539853,ok
real_vs_real,original,644000,645000,5880,0,15,0.5,uniform,1.0,0.17943441941732594,0.03219671087163283,ok
real_vs_real,original,645000,646000,6005,0,15,0.5,uniform,1.0,0.18862735761448618,0.03558028004062326,ok
real_vs_real,original,646000,647000,5882,0,15,0.5,uniform,1.0,0.20174837212901703,0.04070240565670833,ok
real_vs_real,original,647000,648000,6029,0,15,0.5,uniform,1.0,0.212045724225193,0.044963389162186604,ok
real_vs_real,original,648000,649000,6089,0,15,0.5,uniform,1.0,0.21830250480657593,0.047655983604825106,ok
real_vs_real,original,649000,650000,5861,0,15,0.5,uniform,1.0,0.2289778869677413,0.052430872720211706,ok
real_vs_real,original,650000,651000,5933,0,15,0.5,uniform,1.0,0.23611630891205027,0.05575091133425075,ok
real_vs_real,original,651000,652000,5788,0,15,0.5,uniform,1.0,0.24355792996442976,0.05932046524855808,ok
real_vs_real,original,652000,653000,5637,0,15,0.5,uniform,1.0,0.24727846568333597,0.06114663959070477,ok
real_vs_real,original,653000,654000,5612,0,15,0.5,uniform,1.0,0.2498934598999254,0.06244674130075563,ok
real_vs_real,original,654000,655000,5528,0,15,0.5,uniform,1.0,0.25239141491374156,0.06370142632216044,ok
real_vs_real,original,655000,656000,5570,0,15,0.5,uniform,1.0,0.25397561315243244,0.06450361207615402,ok
real_vs_real,original,656000,657000,5612,0,15,0.5,uniform,1.0,0.2587522023857067,0.06695270223945371,ok
real_vs_real,original,657000,658000,5568,0,15,0.5,uniform,1.0,0.2621809336600258,0.06873884197484287,ok
real_vs_real,original,658000,659000,5609,0,15,0.5,uniform,1.0,0.2635876798763249,0.06947846498258395,ok
real_vs_real,original,659000,660000,5612,0,15,0.5,uniform,1.0,0.26352348751503435,0.06944462847208648,ok
real_vs_real,original,660000,661000,5479,0,15,0.5,uniform,1.0,0.2644090193434987,0.06991212951019066,ok
real_vs_real,original,661000,662000,5476,0,15,0.5,uniform,1.0,0.2645947635955222,0.07001038892217029,ok
real_vs_real,original,662000,663000,5460,0,15,0.5,uniform,1.0,0.2658132561451155,0.07065668714246878,ok
real_vs_real,original,663000,664000,5498,0,15,0.5,uniform,1.0,0.2645626475336358,0.06999339447000681,ok
real_vs_real,original,664000,665000,5456,0,15,0.5,uniform,1.0,0.266406793576601,0.07097257966376572,ok
real_vs_real,original,665000,666000,5590,0,15,0.5,uniform,1.0,0.2680348752238539,0.07184269433626692,ok
real_vs_real,original,666000,667000,5574,0,15,0.5,uniform,1.0,0.26926256638820384,0.07250232965796188,ok
real_vs_real,original,667000,668000,5549,0,15,0.5,uniform,1.0,0.2677641910470724,0.07169766200709309,ok
real_vs_real,original,668000,669000,5618,0,15,0.5,uniform,1.0,0.26806858293266955,0.07186076515552954,ok
real_vs_real,original,669000,670000,5486,0,15,0.5,uniform,1.0,0.26717239479205224,0.07138108853892021,ok
real_vs_real,original,670000,671000,5533,0,15,0.5,uniform,1.0,0.2676058575275373,0.0716128949830486,ok
real_vs_real,original,671000,672000,5409,0,15,0.5,uniform,1.0,0.2699474267732939,0.07287161322152287,ok
real_vs_real,original,672000,673000,5491,0,15,0.5,uniform,1.0,0.26597710790468926,0.07074382192934273,ok
real_vs_real,original,673000,674000,5655,0,15,0.5,uniform,1.0,0.2693668260270618,0.07255848696389337,ok
real_vs_real,original,674000,675000,5450,0,15,0.5,uniform,1.0,0.268286908315154,0.07197786517330386,ok
real_vs_real,original,675000,676000,5632,0,15,0.5,uniform,1.0,0.2669344830574388,0.07125401824514206,ok
real_vs_real,original,676000,677000,5724,0,15,0.5,uniform,1.0,0.26493445720439246,0.07019026661418605,ok
real_vs_real,original,677000,678000,5494,0,15,0.5,uniform,1.0,0.26536855585461444,0.07042047043636362,ok
real_vs_real,original,678000,679000,5381,0,15,0.5,uniform,1.0,0.26776694895277153,0.07169913895147616,ok
real_vs_real,original,679000,680000,5291,0,15,0.5,uniform,1.0,0.2677903014127729,0.07171164553074375,ok
real_vs_real,original,680000,681000,5229,0,15,0.5,uniform,1.0,0.26779133905879193,0.07171220127490086,ok
real_vs_real,original,681000,682000,5323,0,15,0.5,uniform,1.0,0.2683281372788487,0.07199998925553668,ok
real_vs_real,original,682000,683000,5257,0,15,0.5,uniform,1.0,0.2695574274217587,0.07266120667823672,ok
real_vs_real,original,683000,684000,5249,0,15,0.5,uniform,1.0,0.26957230369881235,0.07266922692148473,ok
real_vs_real,original,684000,685000,5356,0,15,0.5,uniform,1.0,0.26798383328932807,0.07181533490444238,ok
real_vs_real,original,685000,686000,5119,0,15,0.5,uniform,1.0,0.2686987324420588,0.07219900881596909,ok
real_vs_real,original,686000,687000,5107,0,15,0.5,uniform,1.0,0.2692389735447247,0.07248962487541696,ok
real_vs_real,original,687000,688000,5200,0,15,0.5,uniform,1.0,0.2697791326948355,0.07278078043757767,ok
real_vs_real,original,688000,689000,4906,0,15,0.5,uniform,1.0,0.2714396264045284,0.07367947078262996,ok
real_vs_real,original,689000,690000,5030,0,15,0.5,uniform,1.0,0.27276767831371884,0.0744022063326564,ok
real_vs_real,original,690000,691000,4971,0,15,0.5,uniform,1.0,0.27219287889780797,0.07408896332267675,ok
real_vs_real,original,691000,692000,5010,0,15,0.5,uniform,1.0,0.2740832825367643,0.07512164576612776,ok
real_vs_real,original,692000,693000,4881,0,15,0.5,uniform,1.0,0.2748395270608511,0.07553676563503228,ok
real_vs_real,original,693000,694000,4939,0,15,0.5,uniform,1.0,0.27331151503527246,0.07469918425087596,ok
real_vs_real,original,694000,695000,4700,0,15,0.5,uniform,1.0,0.2758076182723143,0.07606984229704664,ok
real_vs_real,original,695000,696000,4575,0,15,0.5,uniform,1.0,0.27826590617440167,0.0774319145390609,ok
real_vs_real,original,696000,697000,4518,0,15,0.5,uniform,1.0,0.27988049081229555,0.07833308913733145,ok
real_vs_real,original,697000,698000,4439,0,15,0.5,uniform,1.0,0.2802576231958121,0.07854433535936581,ok
real_vs_real,original,698000,699000,4468,0,15,0.5,uniform,1.0,0.2784131760629107,0.07751389660543731,ok
real_vs_real,original,699000,700000,4327,0,15,0.5,uniform,1.0,0.27869851652952365,0.07767286311575716,ok
real_vs_real,original,700000,701000,4341,0,15,0.5,uniform,1.0,0.28072805793201266,0.07880824251027944,ok
real_vs_real,original,701000,702000,4189,0,15,0.5,uniform,1.0,0.2785584221061923,0.0775947945262916,ok
real_vs_real,original,702000,703000,3834,0,15,0.5,uniform,1.0,0.28139552318547917,0.07918344046882954,ok
real_vs_real,original,703000,704000,3608,0,15,0.5,uniform,1.0,0.2835875367567137,0.08042189100374045,ok
real_vs_real,original,704000,705000,3377,0,15,0.5,uniform,1.0,0.2795919745358367,0.07817167222484794,ok
real_vs_real,original,705000,706000,3072,0,15,0.5,uniform,1.0,0.28176152452943753,0.07938955670515283,ok
real_vs_real,original,706000,707000,2988,0,15,0.5,uniform,1.0,0.27754792916690973,0.07703285298483996,ok
real_vs_real,original,707000,708000,2883,0,15,0.5,uniform,1.0,0.2732550493440446,0.07466832199201626,ok
real_vs_real,original,708000,709000,2850,0,15,0.5,uniform,1.0,0.27432363951951594,0.07525345919923333,ok
real_vs_real,original,709000,710000,3045,0,15,0.5,uniform,1.0,0.2673689471444152,0.07148615389711309,ok
real_vs_real,original,710000,711000,2908,0,15,0.5,uniform,1.0,0.2786625056502912,0.07765279205529858,ok
real_vs_real,original,711000,712000,2874,0,15,0.5,uniform,1.0,0.28013707447210356,0.0784767804937889,ok
real_vs_real,original,712000,713000,2865,0,15,0.5,uniform,1.0,0.28065791732019996,0.0787688665545122,ok
real_vs_real,original,713000,714000,2806,0,15,0.5,uniform,1.0,0.2802423842704656,0.07853579394159532,ok
real_vs_real,original,714000,715000,2848,0,15,0.5,uniform,1.0,0.2745134538128797,0.07535763632427604,ok
real_vs_real,original,715000,716000,2907,0,15,0.5,uniform,1.0,0.2728396002439172,0.07444144746126052,ok
real_vs_real,original,716000,717000,2917,0,15,0.5,uniform,1.0,0.2720843919463879,0.07402991634083564,ok
real_vs_real,original,717000,718000,3061,0,15,0.5,uniform,1.0,0.27023304646141677,0.07302589939981823,ok
real_vs_real,original,718000,719000,2993,0,15,0.5,uniform,1.0,0.2727475943107713,0.07439125020231308,ok
real_vs_real,original,719000,720000,2811,0,15,0.5,uniform,1.0,0.27958566224059017,0.07816814253050938,ok
real_vs_real,original,720000,721000,2978,0,15,0.5,uniform,1.0,0.2765863819674895,0.07650002668986601,ok
real_vs_real,original,721000,722000,2894,0,15,0.5,uniform,1.0,0.27908414812084736,0.07788796173233907,ok
real_vs_real,original,722000,723000,2761,0,15,0.5,uniform,1.0,0.2824534503668254,0.07977995162412468,ok
real_vs_real,original,723000,724000,2974,0,15,0.5,uniform,1.0,0.2755712533232294,0.07593951565813546,ok
real_vs_real,original,724000,725000,3567,0,15,0.5,uniform,1.0,0.27675604407636273,0.07659390793279762,ok
real_vs_real,original,725000,726000,4188,0,15,0.5,uniform,1.0,0.28591835943053884,0.08174930825945079,ok
real_vs_real,original,726000,727000,4532,0,15,0.5,uniform,1.0,0.2903213246411834,0.08428647154141139,ok
real_vs_real,original,727000,728000,4587,0,15,0.5,uniform,1.0,0.2886047188379701,0.08329268373554378,ok
real_vs_real,original,728000,729000,4681,0,15,0.5,uniform,1.0,0.2870107122636978,0.08237514895411513,ok
real_vs_real,original,729000,730000,4832,0,15,0.5,uniform,1.0,0.2827723510349813,0.07996020250985068,ok
real_vs_real,original,730000,731000,4838,0,15,0.5,uniform,1.0,0.282406856722041,0.0797536327236234,ok
real_vs_real,original,731000,732000,5073,0,15,0.5,uniform,1.0,0.28116889765125436,0.07905594900642154,ok
real_vs_real,original,732000,733000,5150,0,15,0.5,uniform,1.0,0.2770819850006063,0.07677442641187622,ok
real_vs_real,original,733000,734000,5205,0,15,0.5,uniform,1.0,0.2774276158201014,0.07696608201962578,ok
real_vs_real,original,734000,735000,5479,0,15,0.5,uniform,1.0,0.2738788472705954,0.07500962298227012,ok
real_vs_real,original,735000,736000,5241,0,15,0.5,uniform,1.0,0.2726034362278012,0.07431263344320488,ok
real_vs_real,original,736000,737000,5276,0,15,0.5,uniform,1.0,0.2732692962228385,0.07467610825812546,ok
real_vs_real,original,737000,738000,5292,0,15,0.5,uniform,1.0,0.27335825841062683,0.07472473744129104,ok
real_vs_real,original,738000,739000,5234,0,15,0.5,uniform,1.0,0.2704482298509902,0.07314224502953404,ok
real_vs_real,original,739000,740000,5500,0,15,0.5,uniform,1.0,0.26914154689696435,0.07243717226609087,ok
real_vs_real,original,740000,741000,5360,0,15,0.5,uniform,1.0,0.27032007033904326,0.0730729404281053,ok
real_vs_real,original,741000,742000,5437,0,15,0.5,uniform,1.0,0.2662714087968079,0.07090046314263677,ok
real_vs_real,original,742000,743000,5583,0,15,0.5,uniform,1.0,0.2631434658500465,0.06924448361957458,ok
real_vs_real,original,743000,744000,5546,0,15,0.5,uniform,1.0,0.25924556291144035,0.06720826188926957,ok
real_vs_real,original,744000,745000,5532,0,15,0.5,uniform,1.0,0.2589225380531948,0.06704088071190813,ok
real_vs_real,original,745000,746000,5583,0,15,0.5,uniform,1.0,0.25403618479196194,0.06453438318365584,ok
real_vs_real,original,746000,747000,5583,0,15,0.5,uniform,1.0,0.2499088424867533,0.06245442955306887,ok
real_vs_real,original,747000,748000,5682,0,15,0.5,uniform,1.0,0.24444810714611107,0.05975487708731659,ok
real_vs_real,original,748000,749000,5961,0,15,0.5,uniform,1.0,0.23791736302564526,0.056604671629076675,ok
real_vs_real,original,749000,750000,5867,0,15,0.5,uniform,1.0,0.23135098027421158,0.05352327607383864,ok
real_vs_real,original,750000,751000,5981,0,15,0.5,uniform,1.0,0.22234682122694543,0.04943810890972723,ok
real_vs_real,original,751000,752000,6175,0,15,0.5,uniform,1.0,0.21170625945746582,0.044819540293471835,ok
real_vs_real,original,752000,753000,5884,0,15,0.5,uniform,1.0,0.1998968256939559,0.03995874092251979,ok
real_vs_real,original,753000,754000,6081,0,15,0.5,uniform,1.0,0.18583305838884048,0.0345339255901502,ok
real_vs_real,original,754000,755000,6071,0,15,0.5,uniform,1.0,0.16862428873011184,0.028434150749736126,ok
real_vs_real,original,755000,756000,6066,0,15,0.5,uniform,1.0,0.14978641389810793,0.0224359697884553,ok
real_vs_real,original,756000,757000,6146,0,15,0.5,uniform,1.0,0.13074261668127646,0.01709363181666719,ok
real_vs_real,original,757000,758000,6130,0,15,0.5,uniform,1.0,0.10883608997190615,0.011845294480372852,ok
real_vs_real,original,758000,759000,6275,0,15,0.5,uniform,1.0,0.08406165188251209,0.007066361317216649,ok
real_vs_real,original,759000,760000,6330,0,15,0.5,uniform,1.0,0.06019851077868103,0.0036238606999709766,ok
real_vs_real,original,760000,761000,6155,0,15,0.5,uniform,1.0,0.034149472950827105,0.001166186502819272,ok
real_vs_real,original,761000,762000,6039,0,15,0.5,uniform,1.0,0.01806002012113433,0.0003261643267757769,ok
real_vs_real,original,762000,763000,6146,0,15,0.5,uniform,1.0,0.0303609607584948,0.0009217879381788613,ok
real_vs_real,original,763000,764000,6121,0,15,0.5,uniform,1.0,0.056375781923913286,0.0031782287875326276,ok
real_vs_real,original,764000,765000,6119,0,15,0.5,uniform,1.0,0.07772015313969817,0.006040422204058135,ok
real_vs_real,original,765000,766000,6229,0,15,0.5,uniform,1.0,0.10156001584273791,0.010314436817977175,ok
real_vs_real,original,766000,767000,5979,0,15,0.5,uniform,1.0,0.12214568277797323,0.014919567821297268,ok
real_vs_real,original,767000,768000,6003,0,15,0.5,uniform,1.0,0.14215435813937913,0.020207861538018866,ok
real_vs_real,original,768000,769000,5824,0,15,0.5,uniform,1.0,0.16374958799250597,0.02681392756771546,ok
real_vs_real,original,769000,770000,5686,0,15,0.5,uniform,1.0,0.17960602584326504,0.032258324519211595,ok
real_vs_real,original,770000,771000,5666,0,15,0.5,uniform,1.0,0.19378658434334914,0.03755324027146197,ok
real_vs_real,original,771000,772000,5533,0,15,0.5,uniform,1.0,0.20677010987975036,0.04275387833968404,ok
real_vs_real,original,772000,773000,5542,0,15,0.5,uniform,1.0,0.2163557040869014,0.04680979069093885,ok
real_vs_real,original,773000,774000,5439,0,15,0.5,uniform,1.0,0.2243320258010226,0.050324857799990665,ok
real_vs_real,original,774000,775000,5401,0,15,0.5,uniform,1.0,0.23434037864053545,0.05491541306138952,ok
real_vs_real,original,775000,776000,5395,0,15,0.5,uniform,1.0,0.2396668019787143,0.05744017597070425,ok
real_vs_real,original,776000,777000,5451,0,15,0.5,uniform,1.0,0.24263836785628934,0.05887337755596399,ok
real_vs_real,original,777000,778000,5223,0,15,0.5,uniform,1.0,0.2515295025322582,0.06326709064412529,ok
real_vs_real,original,778000,779000,5142,0,15,0.5,uniform,1.0,0.25722092237352223,0.06616260290668555,ok
real_vs_real,original,779000,780000,5252,0,15,0.5,uniform,1.0,0.25600428038935047,0.06553819157766919,ok
real_vs_real,original,780000,781000,5143,0,15,0.5,uniform,1.0,0.26191227015253626,0.06859803725645515,ok
real_vs_real,original,781000,782000,5206,0,15,0.5,uniform,1.0,0.26181765643554405,0.06854848522140057,ok
real_vs_real,original,782000,783000,5156,0,15,0.5,uniform,1.0,0.26389663603489005,0.06964143451053123,ok
real_vs_real,original,783000,784000,5122,0,15,0.5,uniform,1.0,0.26356839003193633,0.06946829622402691,ok
real_vs_real,original,784000,785000,5202,0,15,0.5,uniform,1.0,0.2627078634674693,0.06901542152764249,ok
real_vs_real,original,785000,786000,5197,0,15,0.5,uniform,1.0,0.26503964096070104,0.07024601128057732,ok
real_vs_real,original,786000,787000,5242,0,15,0.5,uniform,1.0,0.2646837232294742,0.0700574733426169,ok
real_vs_real,original,787000,788000,5248,0,15,0.5,uniform,1.0,0.26666841865591695,0.07111204550844741,ok
real_vs_real,original,788000,789000,5241,0,15,0.5,uniform,1.0,0.2662108059561753,0.07086819320783641,ok
real_vs_real,original,789000,790000,5429,0,15,0.5,uniform,1.0,0.2659418394570471,0.07072506197379781,ok
real_vs_real,original,790000,791000,5453,0,15,0.5,uniform,1.0,0.2634909811117008,0.06942749712720664,ok
real_vs_real,original,791000,792000,5423,0,15,0.5,uniform,1.0,0.2653145623267601,0.07039181698264027,ok
real_vs_real,original,792000,793000,5424,0,15,0.5,uniform,1.0,0.2663535684998775,0.07094422345261896,ok
real_vs_real,original,793000,794000,5421,0,15,0.5,uniform,1.0,0.26645854193608715,0.0710001545707055,ok
real_vs_real,original,794000,795000,5378,0,15,0.5,uniform,1.0,0.26629821091824396,0.07091473713825754,ok
real_vs_real,original,795000,796000,5452,0,15,0.5,uniform,1.0,0.2664293715911982,0.07098461004648078,ok
real_vs_real,original,796000,797000,5392,0,15,0.5,uniform,1.0,0.26764643476348066,0.07163461404160211,ok
real_vs_real,original,797000,798000,5433,0,15,0.5,uniform,1.0,0.2670375587922855,0.07130905780574334,ok
real_vs_real,original,798000,799000,5448,0,15,0.5,uniform,1.0,0.26735454009204496,0.07147845010782888,ok
real_vs_real,original,799000,800000,5373,0,15,0.5,uniform,1.0,0.26645322766009244,0.07099732253048106,ok
real_vs_real,original,800000,801000,5449,0,15,0.5,uniform,1.0,0.26612490790171467,0.07082246660569612,ok
real_vs_real,original,801000,802000,5484,0,15,0.5,uniform,1.0,0.26505497963588787,0.07025414222978092,ok
real_vs_real,original,802000,803000,5386,0,15,0.5,uniform,1.0,0.26462356476886184,0.07002563103098002,ok
real_vs_real,original,803000,804000,5308,0,15,0.5,uniform,1.0,0.26582177815671315,0.07066121774239682,ok
real_vs_real,original,804000,805000,5212,0,15,0.5,uniform,1.0,0.26452118918790013,0.06997145952938084,ok
real_vs_real,original,805000,806000,5130,0,15,0.5,uniform,1.0,0.26480132811084406,0.07011974336926688,ok
real_vs_real,original,806000,807000,5134,0,15,0.5,uniform,1.0,0.2646802310367572,0.07005562470167118,ok
real_vs_real,original,807000,808000,5104,0,15,0.5,uniform,1.0,0.2642937796878819,0.06985120198170666,ok
real_vs_real,original,808000,809000,5057,0,15,0.5,uniform,1.0,0.26628133590181274,0.07090574984965403,ok
real_vs_real,original,809000,810000,4999,0,15,0.5,uniform,1.0,0.26715120821120353,0.07136976804870582,ok
real_vs_real,original,810000,811000,5001,0,15,0.5,uniform,1.0,0.26660865440992504,0.07108017460627084,ok
real_vs_real,original,811000,812000,4868,0,15,0.5,uniform,1.0,0.26777398338184555,0.07170290617618089,ok
real_vs_real,original,812000,813000,5083,0,15,0.5,uniform,1.0,0.2658062100549712,0.07065294130378746,ok
real_vs_real,original,813000,814000,5185,0,15,0.5,uniform,1.0,0.263949198860444,0.06966917957907022,ok
real_vs_real,original,814000,815000,4926,0,15,0.5,uniform,1.0,0.2669640400676738,0.07126979868925455,ok
real_vs_real,original,815000,816000,4810,0,15,0.5,uniform,1.0,0.2699526359117404,0.07287442563569668,ok
real_vs_real,original,816000,817000,4754,0,15,0.5,uniform,1.0,0.2724007480082736,0.07420216751546695,ok
real_vs_real,original,817000,818000,4876,0,15,0.5,uniform,1.0,0.2692089533521243,0.07247346056494625,ok
real_vs_real,original,818000,819000,4778,0,15,0.5,uniform,1.0,0.2714172702596517,0.0736673345952008,ok
real_vs_real,original,819000,820000,4739,0,15,0.5,uniform,1.0,0.27184952386661315,0.07390216362650427,ok
real_vs_real,original,820000,821000,4617,0,15,0.5,uniform,1.0,0.2723730440895899,0.07418707514662969,ok
real_vs_real,original,821000,822000,4673,0,15,0.5,uniform,1.0,0.2722678448256267,0.07412977932599156,ok
real_vs_real,original,822000,823000,4670,0,15,0.5,uniform,1.0,0.27314082488323543,0.07460591021789428,ok
real_vs_real,original,823000,824000,4702,0,15,0.5,uniform,1.0,0.27189440552687116,0.07392656775681068,ok
real_vs_real,original,824000,825000,4572,0,15,0.5,uniform,1.0,0.2754501852213745,0.0758728045384895,ok
real_vs_real,original,825000,826000,4402,0,15,0.5,uniform,1.0,0.2775057715811377,0.07700945326084258,ok
real_vs_real,original,826000,827000,4413,0,15,0.5,uniform,1.0,0.2764158067871178,0.07640569824177323,ok
real_vs_real,original,827000,828000,4219,0,15,0.5,uniform,1.0,0.27863952421335486,0.07763998445384478,ok
real_vs_real,original,828000,829000,4054,0,15,0.5,uniform,1.0,0.2784622218004354,0.07754120897003489,ok
real_vs_real,original,829000,830000,3880,0,15,0.5,uniform,1.0,0.2774649846504905,0.07698681770709695,ok
real_vs_real,original,830000,831000,3786,0,15,0.5,uniform,1.0,0.27755724603811005,0.07703802482825996,ok
real_vs_real,original,831000,832000,3590,0,15,0.5,uniform,1.0,0.27549523889909877,0.07589762665607151,ok
real_vs_real,original,832000,833000,3436,0,15,0.5,uniform,1.0,0.2786675667651866,0.07765561276682974,ok
real_vs_real,original,833000,834000,3388,0,15,0.5,uniform,1.0,0.28008626054353586,0.07844831334526146,ok
real_vs_real,original,834000,835000,3293,0,15,0.5,uniform,1.0,0.2824811105724039,0.07979557783021868,ok
real_vs_real,original,835000,836000,3025,0,15,0.5,uniform,1.0,0.29032716388605145,0.08428986209011818,ok
real_vs_real,original,836000,837000,3112,0,15,0.5,uniform,1.0,0.28484700670042734,0.0811378172261933,ok
real_vs_real,original,837000,838000,3014,0,15,0.5,uniform,1.0,0.28512017642704174,0.08129351500578742,ok
real_vs_real,original,838000,839000,3058,0,15,0.5,uniform,1.0,0.281842555348601,0.07943522600542921,ok
real_vs_real,original,839000,840000,3085,0,15,0.5,uniform,1.0,0.28568887944578125,0.08161813583898614,ok
real_vs_real,original,840000,841000,3132,0,15,0.5,uniform,1.0,0.28576959703424526,0.08166426258911491,ok
real_vs_real,original,841000,842000,3093,0,15,0.5,uniform,1.0,0.2884061319595057,0.08317809695184382,ok
real_vs_real,original,842000,843000,3076,0,15,0.5,uniform,1.0,0.2925650651231763,0.08559431733052839,ok
real_vs_real,original,843000,844000,3055,0,15,0.5,uniform,1.0,0.28925291104317064,0.08366724654694838,ok
real_vs_real,original,844000,845000,2965,0,15,0.5,uniform,1.0,0.2880954557803657,0.08299899164129665,ok
real_vs_real,original,845000,846000,3085,0,15,0.5,uniform,1.0,0.28252789395210537,0.0798220108610121,ok
real_vs_real,original,846000,847000,3027,0,15,0.5,uniform,1.0,0.282476023244012,0.07979270370775161,ok
real_vs_real,original,847000,848000,3118,0,15,0.5,uniform,1.0,0.27997663874789974,0.07838691824457195,ok
real_vs_real,original,848000,849000,3071,0,15,0.5,uniform,1.0,0.28899280864259524,0.08351684344713567,ok
real_vs_real,original,849000,850000,3325,0,15,0.5,uniform,1.0,0.2842941526147396,0.08082316521093287,ok
real_vs_real,original,850000,851000,3605,0,15,0.5,uniform,1.0,0.27700037657203685,0.07672920862105023,ok
real_vs_real,original,851000,852000,3785,0,15,0.5,uniform,1.0,0.27789124043623786,0.07722354151119096,ok
real_vs_real,original,852000,853000,3968,0,15,0.5,uniform,1.0,0.27623573739278723,0.0763061826129369,ok
real_vs_real,original,853000,854000,4152,0,15,0.5,uniform,1.0,0.27364853509905873,0.07488352076186078,ok
real_vs_real,original,854000,855000,4266,0,15,0.5,uniform,1.0,0.2753769943066842,0.07583248899338359,ok
real_vs_real,original,855000,856000,4520,0,15,0.5,uniform,1.0,0.27011865442823146,0.07296408747011832,ok
real_vs_real,original,856000,857000,4549,0,15,0.5,uniform,1.0,0.2679890966861555,0.07181815594266161,ok
real_vs_real,original,857000,858000,4736,0,15,0.5,uniform,1.0,0.27186313618499436,0.0739095648163408,ok
real_vs_real,original,858000,859000,4839,0,15,0.5,uniform,1.0,0.2663405077559944,0.0709372660717209,ok
real_vs_real,original,859000,860000,4927,0,15,0.5,uniform,1.0,0.2672412759754449,0.0714178995849839,ok
real_vs_real,original,860000,861000,4973,0,15,0.5,uniform,1.0,0.2659915627950151,0.07075151147813447,ok
real_vs_real,original,861000,862000,5013,0,15,0.5,uniform,1.0,0.26379585911529063,0.06958825528637426,ok
real_vs_real,original,862000,863000,5218,0,15,0.5,uniform,1.0,0.2612979995807539,0.06827664458490366,ok
real_vs_real,original,863000,864000,5205,0,15,0.5,uniform,1.0,0.26108469281794777,0.06816521682384216,ok
real_vs_real,original,864000,865000,5369,0,15,0.5,uniform,1.0,0.2579713248375452,0.06654920443843827,ok
real_vs_real,original,865000,866000,5180,0,15,0.5,uniform,1.0,0.26002609926112136,0.06761357229695453,ok
real_vs_real,original,866000,867000,5262,0,15,0.5,uniform,1.0,0.25690785113643727,0.06600164397554181,ok
real_vs_real,original,867000,868000,5386,0,15,0.5,uniform,1.0,0.2528834908149326,0.06395005992674611,ok
real_vs_real,original,868000,869000,5753,0,15,0.5,uniform,1.0,0.2503405344044546,0.06267038316590792,ok
real_vs_real,original,869000,870000,5913,0,15,0.5,uniform,1.0,0.24911962070060573,0.06206058541801367,ok
real_vs_real,original,870000,871000,5899,0,15,0.5,uniform,1.0,0.24626225737487964,0.06064509940737146,ok
real_vs_real,original,871000,872000,6169,0,15,0.5,uniform,1.0,0.24163574706880311,0.058387834261498586,ok
real_vs_real,original,872000,873000,6178,0,15,0.5,uniform,1.0,0.23800144137240967,0.05664468609534455,ok
real_vs_real,original,873000,874000,6214,0,15,0.5,uniform,1.0,0.23190425349119395,0.05377958278730795,ok
real_vs_real,original,874000,875000,6215,0,15,0.5,uniform,1.0,0.22558726864943496,0.05088961577671234,ok
real_vs_real,original,875000,876000,6162,0,15,0.5,uniform,1.0,0.2185803812853693,0.04777738308285742,ok
real_vs_real,original,876000,877000,6324,0,15,0.5,uniform,1.0,0.20893834144713055,0.04365523052667772,ok
real_vs_real,original,877000,878000,6571,0,15,0.5,uniform,1.0,0.1962289240899443,0.03850579064949713,ok
real_vs_real,original,878000,879000,6475,0,15,0.5,uniform,1.0,0.18398753288514136,0.03385141225716098,ok
real_vs_real,original,879000,880000,6410,0,15,0.5,uniform,1.0,0.16978657522474705,0.02882748112654869,ok
real_vs_real,original,880000,881000,6643,0,15,0.5,uniform,1.0,0.1539355513818473,0.02369615397923335,ok
real_vs_real,original,881000,882000,6478,0,15,0.5,uniform,1.0,0.13767106298823897,0.018953321584311664,ok
real_vs_real,original,882000,883000,6415,0,15,0.5,uniform,1.0,0.12124473884203725,0.014700286696873816,ok
real_vs_real,original,883000,884000,6519,0,15,0.5,uniform,1.0,0.10372491709392827,0.010758858426142291,ok
real_vs_real,original,884000,885000,6591,0,15,0.5,uniform,1.0,0.09107210258265111,0.008294127868824927,ok
real_vs_real,original,885000,886000,6412,0,15,0.5,uniform,1.0,0.07808758048066283,0.006097670225323995,ok
real_vs_real,original,886000,887000,6296,0,15,0.5,uniform,1.0,0.07929361237178766,0.006287476962967317,ok
real_vs_real,original,887000,888000,6382,0,15,0.5,uniform,1.0,0.0816853178630925,0.006672491154394458,ok
real_vs_real,original,888000,889000,6280,0,15,0.5,uniform,1.0,0.0934668784506521,0.008736057367308973,ok
real_vs_real,original,889000,890000,6407,0,15,0.5,uniform,1.0,0.10876376225942166,0.011829555980823997,ok
real_vs_real,original,890000,891000,6274,0,15,0.5,uniform,1.0,0.1268172160757303,0.016082606293198465,ok
real_vs_real,original,891000,892000,6257,0,15,0.5,uniform,1.0,0.14139572475304402,0.019992750978438584,ok
real_vs_real,original,892000,893000,6375,0,15,0.5,uniform,1.0,0.15720698486342685,0.02471403608984972,ok
real_vs_real,original,893000,894000,6104,0,15,0.5,uniform,1.0,0.17252144844226888,0.029763650172618436,ok
real_vs_real,original,894000,895000,6003,0,15,0.5,uniform,1.0,0.18315935839273986,0.03354735056684013,ok
real_vs_real,original,895000,896000,5982,0,15,0.5,uniform,1.0,0.19717669095860763,0.03887864745738626,ok
real_vs_real,original,896000,897000,5999,0,15,0.5,uniform,1.0,0.20581304050113683,0.04235900764032259,ok
real_vs_real,original,897000,898000,6040,0,15,0.5,uniform,1.0,0.21584443637664627,0.046588820714752094,ok
real_vs_real,original,898000,899000,5898,0,15,0.5,uniform,1.0,0.2263586102334942,0.05123822042683895,ok
real_vs_real,original,899000,900000,5934,0,15,0.5,uniform,1.0,0.23001245976742526,0.05290573164826142,ok
real_vs_real,original,900000,901000,5947,0,15,0.5,uniform,1.0,0.2392708996289944,0.057250563409268304,ok
real_vs_real,original,901000,902000,5793,0,15,0.5,uniform,1.0,0.24387541898728113,0.05947521998622192,ok
real_vs_real,original,902000,903000,5798,0,15,0.5,uniform,1.0,0.24484291511941017,0.0599480530841707,ok
real_vs_real,original,903000,904000,5523,0,15,0.5,uniform,1.0,0.2514936562423245,0.06324905913013248,ok
real_vs_real,original,904000,905000,5587,0,15,0.5,uniform,1.0,0.253883347037044,0.06445675390273213,ok
real_vs_real,original,905000,906000,5522,0,15,0.5,uniform,1.0,0.25600334196873986,0.06553771109916356,ok
real_vs_real,original,906000,907000,5581,0,15,0.5,uniform,1.0,0.25931833224006134,0.06724599743576683,ok
real_vs_real,original,907000,908000,5718,0,15,0.5,uniform,1.0,0.259939740968914,0.0675686689349861,ok
real_vs_real,original,908000,909000,5535,0,15,0.5,uniform,1.0,0.26155569365950093,0.0684113808857027,ok
real_vs_real,original,909000,910000,5734,0,15,0.5,uniform,1.0,0.2620099276740536,0.06864920219976281,ok
real_vs_real,original,910000,911000,5409,0,15,0.5,uniform,1.0,0.2639673472526983,0.06967876041562662,ok
real_vs_real,original,911000,912000,5536,0,15,0.5,uniform,1.0,0.2636328668232883,0.06950228846946566,ok
real_vs_real,original,912000,913000,5514,0,15,0.5,uniform,1.0,0.26475097266598197,0.07009307752758352,ok
real_vs_real,original,913000,914000,5385,0,15,0.5,uniform,1.0,0.2666271764959004,0.07109005124617603,ok
real_vs_real,original,914000,915000,5625,0,15,0.5,uniform,1.0,0.2648427213607927,0.07014166705779046,ok
real_vs_real,original,915000,916000,5563,0,15,0.5,uniform,1.0,0.2653945532889702,0.07043426891545204,ok
real_vs_real,original,916000,917000,5662,0,15,0.5,uniform,1.0,0.2674644522562125,0.0715372332207158,ok
real_vs_real,original,917000,918000,5630,0,15,0.5,uniform,1.0,0.2664093119458733,0.07097392149147362,ok
real_vs_real,original,918000,919000,5553,0,15,0.5,uniform,1.0,0.267837811337048,0.0717370931818201,ok
real_vs_real,original,919000,920000,5451,0,15,0.5,uniform,1.0,0.2678047888207118,0.07171940491530605,ok
real_vs_real,original,920000,921000,5483,0,15,0.5,uniform,1.0,0.2686896364200471,0.0721941207195371,ok
real_vs_real,original,921000,922000,5457,0,15,0.5,uniform,1.0,0.2674849185660521,0.07154818166028754,ok
real_vs_real,original,922000,923000,5460,0,15,0.5,uniform,1.0,0.2678743458338137,0.07175666515589361,ok
real_vs_real,original,923000,924000,5640,0,15,0.5,uniform,1.0,0.26759017466378066,0.07160450157659265,ok
real_vs_real,original,924000,925000,5620,0,15,0.5,uniform,1.0,0.2661251122175407,0.07082257535279862,ok
real_vs_real,original,925000,926000,5571,0,15,0.5,uniform,1.0,0.26451865299996746,0.0699701177849172,ok
real_vs_real,original,926000,927000,5703,0,15,0.5,uniform,1.0,0.26463079720850413,0.07002945883120845,ok
real_vs_real,original,927000,928000,5421,0,15,0.5,uniform,1.0,0.266789626614614,0.07117670486916515,ok
real_vs_real,original,928000,929000,5308,0,15,0.5,uniform,1.0,0.26611853004004293,0.07081907203067324,ok
real_vs_real,original,929000,930000,5320,0,15,0.5,uniform,1.0,0.26698173782037,0.0712792483295848,ok
real_vs_real,original,930000,931000,5209,0,15,0.5,uniform,1.0,0.26744243473327955,0.07152545589606449,ok
real_vs_real,original,931000,932000,5331,0,15,0.5,uniform,1.0,0.26787249637493254,0.07175567431413823,ok
real_vs_real,original,932000,933000,5295,0,15,0.5,uniform,1.0,0.267431120283302,0.07151940409598195,ok
real_vs_real,original,933000,934000,5259,0,15,0.5,uniform,1.0,0.2688170417924862,0.07226260195806329,ok
real_vs_real,original,934000,935000,5245,0,15,0.5,uniform,1.0,0.2675578274816624,0.07158719104670702,ok
real_vs_real,original,935000,936000,5152,0,15,0.5,uniform,1.0,0.26790748352109706,0.07177441972660689,ok
real_vs_real,original,936000,937000,5019,0,15,0.5,uniform,1.0,0.2684808756024383,0.07208198056425193,ok
real_vs_real,original,937000,938000,5080,0,15,0.5,uniform,1.0,0.2698277121015674,0.07280699421796634,ok
real_vs_real,original,938000,939000,5001,0,15,0.5,uniform,1.0,0.26921139331461263,0.07247477429039507,ok
real_vs_real,original,939000,940000,5033,0,15,0.5,uniform,1.0,0.27044305498781196,0.07313944599114068,ok
real_vs_real,original,940000,941000,4974,0,15,0.5,uniform,1.0,0.27191626099868293,0.07393845299550385,ok
real_vs_real,original,941000,942000,4976,0,15,0.5,uniform,1.0,0.27307727990350356,0.07457120079949643,ok
real_vs_real,original,942000,943000,5001,0,15,0.5,uniform,1.0,0.2726436667534039,0.07433456902074115,ok
real_vs_real,original,943000,944000,4816,0,15,0.5,uniform,1.0,0.27559408996649226,0.07595210242445902,ok
real_vs_real,original,944000,945000,4582,0,15,0.5,uniform,1.0,0.2770817025613563,0.07677426989429992,ok
real_vs_real,original,945000,946000,4526,0,15,0.5,uniform,1.0,0.27859887631877533,0.07761733388608427,ok
real_vs_real,original,946000,947000,4479,0,15,0.5,uniform,1.0,0.27802444623201933,0.07729759270262102,ok
real_vs_real,original,947000,948000,4399,0,15,0.5,uniform,1.0,0.27887768888524767,0.07777276535797699,ok
real_vs_real,original,948000,949000,4321,0,15,0.5,uniform,1.0,0.2795180420396156,0.07813033582566031,ok
real_vs_real,original,949000,950000,4258,0,15,0.5,uniform,1.0,0.2805646776840087,0.0787165383639317,ok
real_vs_real,original,950000,951000,4226,0,15,0.5,uniform,1.0,0.279816652504944,0.07829735901907257,ok
real_vs_real,original,951000,952000,4111,0,15,0.5,uniform,1.0,0.2773600933998259,0.07692862141076016,ok
real_vs_real,original,952000,953000,3780,0,15,0.5,uniform,1.0,0.2783704419143215,0.07749010293157464,ok
real_vs_real,original,953000,954000,3434,0,15,0.5,uniform,1.0,0.2785344247089494,0.0775814257479454,ok
real_vs_real,original,954000,955000,3330,0,15,0.5,uniform,1.0,0.2810902805071938,0.07901174579561289,ok
real_vs_real,original,955000,956000,3066,0,15,0.5,uniform,1.0,0.2753814151684218,0.07583492382016269,ok
real_vs_real,original,956000,957000,2902,0,15,0.5,uniform,1.0,0.27310774685325423,0.07458784139126119,ok
real_vs_real,original,957000,958000,2866,0,15,0.5,uniform,1.0,0.2757257477137068,0.07602468795228269,ok
real_vs_real,original,958000,959000,2857,0,15,0.5,uniform,1.0,0.27473494553530914,0.07547929029828929,ok
real_vs_real,original,959000,960000,3005,0,15,0.5,uniform,1.0,0.26901095948539566,0.07236689632325317,ok
real_vs_real,original,960000,961000,2997,0,15,0.5,uniform,1.0,0.27185777152723534,0.07390664793975449,ok
real_vs_real,original,961000,962000,2855,0,15,0.5,uniform,1.0,0.27755277089048747,0.07703554062898742,ok
real_vs_real,original,962000,963000,2880,0,15,0.5,uniform,1.0,0.2742639832039912,0.07522073248291918,ok
real_vs_real,original,963000,964000,2957,0,15,0.5,uniform,1.0,0.27758714710646026,0.0770546242387036,ok
real_vs_real,original,964000,965000,2799,0,15,0.5,uniform,1.0,0.2728499353064453,0.07444708719673138,ok
real_vs_real,original,965000,966000,2909,0,15,0.5,uniform,1.0,0.2720191265840965,0.07399440522757472,ok
real_vs_real,original,966000,967000,2921,0,15,0.5,uniform,1.0,0.2758173202785838,0.07607519416565889,ok
real_vs_real,original,967000,968000,2949,0,15,0.5,uniform,1.0,0.2702782723036182,0.0730503444794288,ok
real_vs_real,original,968000,969000,3076,0,15,0.5,uniform,1.0,0.26969908585399244,0.07273759691047918,ok
real_vs_real,original,969000,970000,2821,0,15,0.5,uniform,1.0,0.2809094392522414,0.0789101130610087,ok
real_vs_real,original,970000,971000,2848,0,15,0.5,uniform,1.0,0.28108076856492803,0.07900639845705064,ok
real_vs_real,original,971000,972000,2790,0,15,0.5,uniform,1.0,0.2803511294868533,0.07859675580455439,ok
real_vs_real,original,972000,973000,2915,0,15,0.5,uniform,1.0,0.2783804587195646,0.07749567979691521,ok
real_vs_real,original,973000,974000,3183,0,15,0.5,uniform,1.0,0.2738635292747891,0.07500123266684326,ok
real_vs_real,original,974000,975000,3735,0,15,0.5,uniform,1.0,0.2841004948339894,0.08071309116491765,ok
real_vs_real,original,975000,976000,4203,0,15,0.5,uniform,1.0,0.2920104141637555,0.08527008198008801,ok
real_vs_real,original,976000,977000,4800,0,15,0.5,uniform,1.0,0.2851483100338355,0.08130955871515237,ok
real_vs_real,original,977000,978000,4727,0,15,0.5,uniform,1.0,0.28656073229165235,0.08211705329152805,ok
real_vs_real,original,978000,979000,4742,0,15,0.5,uniform,1.0,0.2860804059269455,0.0818419986553259,ok
real_vs_real,original,979000,980000,4900,0,15,0.5,uniform,1.0,0.2823597738222194,0.07972704187293488,ok
real_vs_real,original,980000,981000,4896,0,15,0.5,uniform,1.0,0.281875732029798,0.07945392830733448,ok
real_vs_real,original,981000,982000,5181,0,15,0.5,uniform,1.0,0.27862259457406974,0.07763055020718644,ok
real_vs_real,original,982000,983000,5187,0,15,0.5,uniform,1.0,0.27706392686090414,0.07676441956758444,ok
real_vs_real,original,983000,984000,5183,0,15,0.5,uniform,1.0,0.2775718882649611,0.07704615315497605,ok
real_vs_real,original,984000,985000,5477,0,15,0.5,uniform,1.0,0.2753752564319895,0.07583153185498398,ok
real_vs_real,original,985000,986000,5282,0,15,0.5,uniform,1.0,0.27310506120316536,0.07458637445478469,ok
real_vs_real,original,986000,987000,5229,0,15,0.5,uniform,1.0,0.27354468298599627,0.0748266935899092,ok
real_vs_real,original,987000,988000,5307,0,15,0.5,uniform,1.0,0.27251468280246594,0.07426425234292862,ok
real_vs_real,original,988000,989000,5175,0,15,0.5,uniform,1.0,0.27165178001079354,0.07379468958303256,ok
real_vs_real,original,989000,990000,5358,0,15,0.5,uniform,1.0,0.271279206982721,0.073592408141174,ok
real_vs_real,original,990000,991000,5336,0,15,0.5,uniform,1.0,0.2706766870939719,0.07326586893616797,ok
real_vs_real,original,991000,992000,5276,0,15,0.5,uniform,1.0,0.26820710851559904,0.07193505305829831,ok
real_vs_real,original,992000,993000,5568,0,15,0.5,uniform,1.0,0.2632892575396718,0.06932123313579162,ok
real_vs_real,original,993000,994000,5635,0,15,0.5,uniform,1.0,0.25766755855903634,0.06639257073377441,ok
real_vs_real,original,994000,995000,5422,0,15,0.5,uniform,1.0,0.2565509692556825,0.06581839982603013,ok
real_vs_real,original,995000,996000,5560,0,15,0.5,uniform,1.0,0.2529940719806391,0.06400600045734481,ok
real_vs_real,original,996000,997000,5550,0,15,0.5,uniform,1.0,0.24840219755918566,0.061703651752232705,ok
real_vs_real,original,997000,998000,5693,0,15,0.5,uniform,1.0,0.24221849283871316,0.058669798273057745,ok
real_vs_real,original,998000,999000,5902,0,15,0.5,uniform,1.0,0.23517605850817588,0.05530777849544097,ok
real_vs_real,original,999000,1000000,5890,0,15,0.5,uniform,1.0,0.2262591749971649,0.0511932142703977,ok
real_vs_real,original,1000000,1001000,6151,0,15,0.5,uniform,1.0,0.2153905439710654,0.04639308643215147,ok
real_vs_real,original,1001000,1002000,6236,0,15,0.5,uniform,1.0,0.20349851790042248,0.041411646787668566,ok
real_vs_real,original,1002000,1003000,6160,0,15,0.5,uniform,1.0,0.18894472640438387,0.035700109636027474,ok
real_vs_real,original,1003000,1004000,6006,0,15,0.5,uniform,1.0,0.17532980342630333,0.030740539969506167,ok
real_vs_real,original,1004000,1005000,6067,0,15,0.5,uniform,1.0,0.15591449348302858,0.024309329278069357,ok
real_vs_real,original,1005000,1006000,6030,0,15,0.5,uniform,1.0,0.1362073347796554,0.018552438047777127,ok
real_vs_real,original,1006000,1007000,6179,0,15,0.5,uniform,1.0,0.1157008463141008,0.013386685837799173,ok
real_vs_real,original,1007000,1008000,6099,0,15,0.5,uniform,1.0,0.09116894573188299,0.008311776665863024,ok
real_vs_real,original,1008000,1009000,6092,0,15,0.5,uniform,1.0,0.0658390780279174,0.004334784195566196,ok
real_vs_real,original,1009000,1010000,6300,0,15,0.5,uniform,1.0,0.04199514696160491,0.001763592368326794,ok
real_vs_real,original,1010000,1011000,6201,0,15,0.5,uniform,1.0,0.01602458588343676,0.0002567873527356407,ok
real_vs_real,original,1011000,1012000,6032,0,15,0.5,uniform,1.0,0.023893461708668136,0.0005708975124235904,ok
real_vs_real,original,1012000,1013000,6145,0,15,0.5,uniform,1.0,0.04882624341017159,0.0023840020455493244,ok
real_vs_real,original,1013000,1014000,6058,0,15,0.5,uniform,1.0,0.07379316297777581,0.005445430902264584,ok
real_vs_real,original,1014000,1015000,5940,0,15,0.5,uniform,1.0,0.09674033008189115,0.009358691464353253,ok
v2e_vs_real,original,15000,16000,21529,0,15,0.5,uniform,1.0,0.09779359684433962,0.009563587583753232,ok
v2e_vs_real,original,16000,17000,16314,0,15,0.5,uniform,1.0,0.09541288723419185,0.009103619050364609,ok
v2e_vs_real,original,17000,18000,21922,0,15,0.5,uniform,1.0,0.09421593356559664,0.00887664213763692,ok
v2e_vs_real,original,18000,19000,16581,0,15,0.5,uniform,1.0,0.09696439225773112,0.009402093365911149,ok
v2e_vs_real,original,19000,20000,22096,0,15,0.5,uniform,1.0,0.10108574398261262,0.010218327636518303,ok
v2e_vs_real,original,20000,21000,16500,0,15,0.5,uniform,1.0,0.10888087481750305,0.01185504490102477,ok
v2e_vs_real,original,21000,22000,21884,0,15,0.5,uniform,1.0,0.11684666650528298,0.013653143473396821,ok
v2e_vs_real,original,22000,23000,21796,0,15,0.5,uniform,1.0,0.12589359699389777,0.015849197764061948,ok
v2e_vs_real,original,23000,24000,16476,0,15,0.5,uniform,1.0,0.13705908951128037,0.01878519401766117,ok
v2e_vs_real,original,24000,25000,21799,0,15,0.5,uniform,1.0,0.14332794862516746,0.020542900857098638,ok
v2e_vs_real,original,25000,26000,16463,0,15,0.5,uniform,1.0,0.15586106094719468,0.02429267031958514,ok
v2e_vs_real,original,26000,27000,21695,0,15,0.5,uniform,1.0,0.1623750307910443,0.026365650624392577,ok
v2e_vs_real,original,27000,28000,16167,0,15,0.5,uniform,1.0,0.17489876681725613,0.030589578634196937,ok
v2e_vs_real,original,28000,29000,21495,0,15,0.5,uniform,1.0,0.17893732848410118,0.03201856752502713,ok
v2e_vs_real,original,29000,30000,20954,0,15,0.5,uniform,1.0,0.18631447358747177,0.03471308306817672,ok
v2e_vs_real,original,30000,31000,15348,0,15,0.5,uniform,1.0,0.19717732358492504,0.03887889693611424,ok
v2e_vs_real,original,31000,32000,19952,0,15,0.5,uniform,1.0,0.198964545337299,0.0395868903012781,ok
v2e_vs_real,original,32000,33000,15110,0,15,0.5,uniform,1.0,0.205595760003802,0.042269616531540946,ok
v2e_vs_real,original,33000,34000,20274,0,15,0.5,uniform,1.0,0.20414665216383696,0.04167585558970263,ok
v2e_vs_real,original,34000,35000,14602,0,15,0.5,uniform,1.0,0.21230292898173933,0.045072533654225456,ok
v2e_vs_real,original,35000,36000,18495,0,15,0.5,uniform,1.0,0.21374681325877296,0.04568770017828076,ok
v2e_vs_real,original,36000,37000,17494,0,15,0.5,uniform,1.0,0.22062524574845652,0.04867549906156683,ok
v2e_vs_real,original,37000,38000,12783,0,15,0.5,uniform,1.0,0.23207453653733098,0.05385859050901697,ok
v2e_vs_real,original,38000,39000,16813,0,15,0.5,uniform,1.0,0.23281527871245492,0.05420295400195806,ok
v2e_vs_real,original,39000,40000,12649,0,15,0.5,uniform,1.0,0.24457450542475917,0.05981668870376555,ok
v2e_vs_real,original,40000,41000,17189,0,15,0.5,uniform,1.0,0.24226007579407746,0.05868994432375216,ok
v2e_vs_real,original,41000,42000,13108,0,15,0.5,uniform,1.0,0.2513601384721952,0.06318191921276115,ok
v2e_vs_real,original,42000,43000,17778,0,15,0.5,uniform,1.0,0.24585223885209423,0.06044332334858719,ok
v2e_vs_real,original,43000,44000,18401,0,15,0.5,uniform,1.0,0.2467758721164835,0.06089833105885102,ok
v2e_vs_real,original,44000,45000,14036,0,15,0.5,uniform,1.0,0.2545035093279366,0.0647720362602351,ok
v2e_vs_real,original,45000,46000,18992,0,15,0.5,uniform,1.0,0.24882801624458142,0.06191538166821367,ok
v2e_vs_real,original,46000,47000,14936,0,15,0.5,uniform,1.0,0.2545391660191513,0.06479018703772506,ok
v2e_vs_real,original,47000,48000,20238,0,15,0.5,uniform,1.0,0.2476911319674976,0.0613508968553403,ok
v2e_vs_real,original,48000,49000,15549,0,15,0.5,uniform,1.0,0.2535991181259096,0.06431251271423905,ok
v2e_vs_real,original,49000,50000,20705,0,15,0.5,uniform,1.0,0.24731394730232778,0.06116418853025857,ok
v2e_vs_real,original,50000,51000,20716,0,15,0.5,uniform,1.0,0.2471594295216349,0.061087783601460006,ok
v2e_vs_real,original,51000,52000,15561,0,15,0.5,uniform,1.0,0.25314414252211986,0.06408195689325932,ok
v2e_vs_real,original,52000,53000,20629,0,15,0.5,uniform,1.0,0.24673109548391214,0.060876233478691366,ok
v2e_vs_real,original,53000,54000,15559,0,15,0.5,uniform,1.0,0.25219722700934755,0.06360344131120439,ok
v2e_vs_real,original,54000,55000,20615,0,15,0.5,uniform,1.0,0.24585821687563164,0.06044626280526512,ok
v2e_vs_real,original,55000,56000,15432,0,15,0.5,uniform,1.0,0.2513456859242249,0.06317465383271911,ok
v2e_vs_real,original,56000,57000,20537,0,15,0.5,uniform,1.0,0.24509118723586185,0.060069690060684286,ok
v2e_vs_real,original,57000,58000,15165,0,15,0.5,uniform,1.0,0.2512976093195715,0.06315048844973199,ok
v2e_vs_real,original,58000,59000,19848,0,15,0.5,uniform,1.0,0.24461341932829872,0.0598357249154821,ok
v2e_vs_real,original,59000,60000,19144,0,15,0.5,uniform,1.0,0.24469944253896142,0.05987781717887848,ok
v2e_vs_real,original,60000,61000,13973,0,15,0.5,uniform,1.0,0.2511672794990095,0.06308500229093357,ok
v2e_vs_real,original,61000,62000,18443,0,15,0.5,uniform,1.0,0.2445493602484941,0.05980438959794775,ok
v2e_vs_real,original,62000,63000,13463,0,15,0.5,uniform,1.0,0.251676744871892,0.06334118390931143,ok
v2e_vs_real,original,63000,64000,17084,0,15,0.5,uniform,1.0,0.24678030000676845,0.06090051647143064,ok
v2e_vs_real,original,64000,65000,16453,0,15,0.5,uniform,1.0,0.24752530717264384,0.061268777690911685,ok
v2e_vs_real,original,65000,66000,12231,0,15,0.5,uniform,1.0,0.2491863075168182,0.06209381585386629,ok
v2e_vs_real,original,66000,67000,16545,0,15,0.5,uniform,1.0,0.23817830809973586,0.0567289064492527,ok
v2e_vs_real,original,67000,68000,11403,0,15,0.5,uniform,1.0,0.24670740198408161,0.060864542193735244,ok
v2e_vs_real,original,68000,69000,14493,0,15,0.5,uniform,1.0,0.24147194365469396,0.0583086995723757,ok
v2e_vs_real,original,69000,70000,10748,0,15,0.5,uniform,1.0,0.2502100186035274,0.06260505340957752,ok
v2e_vs_real,original,70000,71000,14166,0,15,0.5,uniform,1.0,0.24711961817686715,0.06106810568788061,ok
v2e_vs_real,original,71000,72000,10672,0,15,0.5,uniform,1.0,0.2548832480918449,0.06496547015784898,ok
v2e_vs_real,original,72000,73000,14169,0,15,0.5,uniform,1.0,0.25107196649304137,0.06303713235868288,ok
v2e_vs_real,original,73000,74000,14202,0,15,0.5,uniform,1.0,0.25340492103656037,0.0642140540055454,ok
v2e_vs_real,original,74000,75000,11155,0,15,0.5,uniform,1.0,0.2592060478778553,0.067187775256457,ok
v2e_vs_real,original,75000,76000,15101,0,15,0.5,uniform,1.0,0.25083030740008133,0.06291584311041928,ok
v2e_vs_real,original,76000,77000,11184,0,15,0.5,uniform,1.0,0.25834069046774566,0.06673991235135159,ok
v2e_vs_real,original,77000,78000,14607,0,15,0.5,uniform,1.0,0.25300731513417213,0.06401270151140227,ok
v2e_vs_real,original,78000,79000,10701,0,15,0.5,uniform,1.0,0.26410532010099597,0.06975162010564954,ok
v2e_vs_real,original,79000,80000,14554,0,15,0.5,uniform,1.0,0.256082400477983,0.06557819583456606,ok
v2e_vs_real,original,80000,81000,14691,0,15,0.5,uniform,1.0,0.25432941142123705,0.06468344951387285,ok
v2e_vs_real,original,81000,82000,10761,0,15,0.5,uniform,1.0,0.2630194299486606,0.06917922053051838,ok
v2e_vs_real,original,82000,83000,14651,0,15,0.5,uniform,1.0,0.25363718736163565,0.06433182281272146,ok
v2e_vs_real,original,83000,84000,10853,0,15,0.5,uniform,1.0,0.26357589715249746,0.06947225355974392,ok
v2e_vs_real,original,84000,85000,14644,0,15,0.5,uniform,1.0,0.2559971972615038,0.06553456500574527,ok
v2e_vs_real,original,85000,86000,10801,0,15,0.5,uniform,1.0,0.2661649783351698,0.07084379569216138,ok
v2e_vs_real,original,86000,87000,14349,0,15,0.5,uniform,1.0,0.2616351264583343,0.06845293939686858,ok
v2e_vs_real,original,87000,88000,14183,0,15,0.5,uniform,1.0,0.2654842375760532,0.07048188040133826,ok
v2e_vs_real,original,88000,89000,10728,0,15,0.5,uniform,1.0,0.27444696560933074,0.07532113693216917,ok
v2e_vs_real,original,89000,90000,13779,0,15,0.5,uniform,1.0,0.269633214030014,0.07270207010815534,ok
v2e_vs_real,original,90000,91000,10042,0,15,0.5,uniform,1.0,0.2794793740995841,0.07810872054709528,ok
v2e_vs_real,original,91000,92000,12803,0,15,0.5,uniform,1.0,0.27128558195025243,0.07359586697408714,ok
v2e_vs_real,original,92000,93000,9377,0,15,0.5,uniform,1.0,0.27856563587796657,0.07759881349209585,ok
v2e_vs_real,original,93000,94000,12002,0,15,0.5,uniform,1.0,0.2687133152044797,0.07220684576818208,ok
v2e_vs_real,original,94000,95000,11820,0,15,0.5,uniform,1.0,0.26634249308994845,0.07093832362536923,ok
v2e_vs_real,original,95000,96000,8860,0,15,0.5,uniform,1.0,0.2717040620531168,0.07382309733616395,ok
v2e_vs_real,original,96000,97000,12087,0,15,0.5,uniform,1.0,0.2602315381805354,0.06772045346380746,ok
v2e_vs_real,original,97000,98000,9084,0,15,0.5,uniform,1.0,0.26486830684304935,0.07015521996990375,ok
v2e_vs_real,original,98000,99000,11852,0,15,0.5,uniform,1.0,0.2541979601382723,0.06461660293845867,ok
v2e_vs_real,original,99000,100000,10673,0,15,0.5,uniform,1.0,0.2462678704115857,0.06064786399705758,ok
v2e_vs_real,original,100000,101000,13786,0,15,0.5,uniform,1.0,0.24131600846151208,0.058233415939796564,ok
v2e_vs_real,original,101000,102000,14253,0,15,0.5,uniform,1.0,0.2414384724773383,0.05829253599219045,ok
v2e_vs_real,original,102000,103000,10725,0,15,0.5,uniform,1.0,0.24886110770065678,0.0619318509259979,ok
v2e_vs_real,original,103000,104000,14301,0,15,0.5,uniform,1.0,0.24435032719436514,0.0597070823999933,ok
v2e_vs_real,original,104000,105000,10888,0,15,0.5,uniform,1.0,0.2523561530064239,0.06368362796020163,ok
v2e_vs_real,original,105000,106000,14318,0,15,0.5,uniform,1.0,0.2474058254728205,0.061209642477887724,ok
v2e_vs_real,original,106000,107000,10550,0,15,0.5,uniform,1.0,0.2537879326904106,0.06440831477927239,ok
v2e_vs_real,original,107000,108000,14078,0,15,0.5,uniform,1.0,0.2475955286516091,0.061303545808269785,ok
v2e_vs_real,original,108000,109000,14368,0,15,0.5,uniform,1.0,0.2466731772193055,0.0608476563594669,ok
v2e_vs_real,original,109000,110000,10955,0,15,0.5,uniform,1.0,0.2519845801949024,0.06349622865600119,ok
v2e_vs_real,original,110000,111000,14869,0,15,0.5,uniform,1.0,0.24450178576502238,0.059781123242284906,ok
v2e_vs_real,original,111000,112000,11601,0,15,0.5,uniform,1.0,0.24944042274578768,0.062220524499597266,ok
v2e_vs_real,original,112000,113000,15627,0,15,0.5,uniform,1.0,0.23964196307901164,0.05742827046836238,ok
v2e_vs_real,original,113000,114000,11734,0,15,0.5,uniform,1.0,0.24349869498313367,0.05929161445848917,ok
v2e_vs_real,original,114000,115000,16201,0,15,0.5,uniform,1.0,0.23593954746414963,0.055667470057587716,ok
v2e_vs_real,original,115000,116000,17421,0,15,0.5,uniform,1.0,0.23165173368664238,0.05366252572002708,ok
v2e_vs_real,original,116000,117000,13489,0,15,0.5,uniform,1.0,0.23547291715891344,0.05544749471532852,ok
v2e_vs_real,original,117000,118000,18425,0,15,0.5,uniform,1.0,0.22641759016127289,0.05126492513443813,ok
v2e_vs_real,original,118000,119000,14088,0,15,0.5,uniform,1.0,0.23014296336919596,0.05296578358835507,ok
v2e_vs_real,original,119000,120000,19145,0,15,0.5,uniform,1.0,0.22243992234254495,0.04947951905175743,ok
v2e_vs_real,original,120000,121000,14442,0,15,0.5,uniform,1.0,0.22619530379963695,0.05116431546101006,ok
v2e_vs_real,original,121000,122000,19337,0,15,0.5,uniform,1.0,0.21730057231067307,0.04721953872654606,ok
v2e_vs_real,original,122000,123000,19359,0,15,0.5,uniform,1.0,0.21334997352242455,0.04551821120201926,ok
v2e_vs_real,original,123000,124000,14627,0,15,0.5,uniform,1.0,0.21668862799086155,0.04695396150056199,ok
v2e_vs_real,original,124000,125000,19759,0,15,0.5,uniform,1.0,0.20953815361618652,0.043906237820880586,ok
v2e_vs_real,original,125000,126000,15007,0,15,0.5,uniform,1.0,0.21052217843808493,0.04431958761431687,ok
v2e_vs_real,original,126000,127000,19728,0,15,0.5,uniform,1.0,0.20323720541912701,0.04130536166657643,ok
v2e_vs_real,original,127000,128000,14694,0,15,0.5,uniform,1.0,0.20259474162348307,0.04104462933348586,ok
v2e_vs_real,original,128000,129000,19407,0,15,0.5,uniform,1.0,0.1918972357394396,0.03682454908443805,ok
v2e_vs_real,original,129000,130000,18885,0,15,0.5,uniform,1.0,0.1863726588795637,0.03473476797783821,ok
v2e_vs_real,original,130000,131000,13949,0,15,0.5,uniform,1.0,0.18429589204808453,0.03396497582579923,ok
v2e_vs_real,original,131000,132000,17640,0,15,0.5,uniform,1.0,0.17573347417539706,0.03088225394575494,ok
v2e_vs_real,original,132000,133000,12828,0,15,0.5,uniform,1.0,0.17494583121709203,0.030606043860239254,ok
v2e_vs_real,original,133000,134000,17169,0,15,0.5,uniform,1.0,0.15902111703810587,0.02528771566404697,ok
v2e_vs_real,original,134000,135000,14036,0,15,0.5,uniform,1.0,0.14865431559981468,0.02209810554644931,ok
v2e_vs_real,original,135000,136000,16716,0,15,0.5,uniform,1.0,0.1391220501481894,0.01935494483743533,ok
v2e_vs_real,original,136000,137000,13672,0,15,0.5,uniform,1.0,0.13436480267752818,0.01805390019857108,ok
v2e_vs_real,original,137000,138000,16882,0,15,0.5,uniform,1.0,0.1312605544648257,0.017229333158413476,ok
v2e_vs_real,original,138000,139000,14049,0,15,0.5,uniform,1.0,0.13268811108553208,0.0176061348234465,ok
v2e_vs_real,original,139000,140000,17402,0,15,0.5,uniform,1.0,0.13068813403655602,0.017079388377956833,ok
v2e_vs_real,original,140000,141000,14693,0,15,0.5,uniform,1.0,0.13251096070088403,0.01755915470587123,ok
v2e_vs_real,original,141000,142000,15323,0,15,0.5,uniform,1.0,0.13580594065333015,0.018443253516735834,ok
v2e_vs_real,original,142000,143000,19750,0,15,0.5,uniform,1.0,0.1370614614351723,0.018785844210745223,ok
v2e_vs_real,original,143000,144000,16574,0,15,0.5,uniform,1.0,0.14319542147491182,0.020504928731377638,ok
v2e_vs_real,original,144000,145000,20801,0,15,0.5,uniform,1.0,0.1451826367137949,0.021077998003169743,ok
v2e_vs_real,original,145000,146000,17118,0,15,0.5,uniform,1.0,0.15445986256326205,0.0238578491430618,ok
v2e_vs_real,original,146000,147000,21293,0,15,0.5,uniform,1.0,0.15541082545227866,0.02415252466775862,ok
v2e_vs_real,original,147000,148000,17683,0,15,0.5,uniform,1.0,0.1652327030302485,0.02730184615068229,ok
v2e_vs_real,original,148000,149000,17637,0,15,0.5,uniform,1.0,0.16745459925629985,0.028041042812087975,ok
v2e_vs_real,original,149000,150000,22626,0,15,0.5,uniform,1.0,0.17213834223849322,0.029631608868616623,ok
v2e_vs_real,original,150000,151000,18080,0,15,0.5,uniform,1.0,0.1780652165936892,0.03170722136055745,ok
v2e_vs_real,original,151000,152000,22444,0,15,0.5,uniform,1.0,0.18063322645667784,0.03262836250014946,ok
v2e_vs_real,original,152000,153000,17545,0,15,0.5,uniform,1.0,0.18758818948549094,0.03518932883444445,ok
v2e_vs_real,original,153000,154000,21845,0,15,0.5,uniform,1.0,0.18670330936609061,0.03485812572825014,ok
v2e_vs_real,original,154000,155000,17441,0,15,0.5,uniform,1.0,0.19487005319692605,0.03797433763297278,ok
v2e_vs_real,original,155000,156000,21220,0,15,0.5,uniform,1.0,0.19531614589806845,0.03814839684847556,ok
v2e_vs_real,original,156000,157000,17175,0,15,0.5,uniform,1.0,0.20209266229693118,0.04084144415426147,ok
v2e_vs_real,original,157000,158000,17234,0,15,0.5,uniform,1.0,0.2050532448458454,0.042046833221810215,ok
v2e_vs_real,original,158000,159000,21602,0,15,0.5,uniform,1.0,0.20322449575024001,0.04130019567293933,ok
v2e_vs_real,original,159000,160000,17364,0,15,0.5,uniform,1.0,0.21116232885457561,0.04458952912728793,ok
v2e_vs_real,original,160000,161000,20929,0,15,0.5,uniform,1.0,0.2110135375127703,0.04452671301365332,ok
v2e_vs_real,original,161000,162000,16223,0,15,0.5,uniform,1.0,0.21759529671712408,0.04734771315341327,ok
v2e_vs_real,original,162000,163000,19544,0,15,0.5,uniform,1.0,0.21565812093039544,0.04650842512322906,ok
v2e_vs_real,original,163000,164000,14989,0,15,0.5,uniform,1.0,0.22199083449442503,0.04927993059953121,ok
v2e_vs_real,original,164000,165000,17847,0,15,0.5,uniform,1.0,0.221045456637321,0.048861093900001755,ok
v2e_vs_real,original,165000,166000,13641,0,15,0.5,uniform,1.0,0.2247132945050947,0.05049606472733342,ok
v2e_vs_real,original,166000,167000,14046,0,15,0.5,uniform,1.0,0.21982584947706285,0.04832340409831229,ok
v2e_vs_real,original,167000,168000,17456,0,15,0.5,uniform,1.0,0.22076174696304224,0.04873574892217429,ok
v2e_vs_real,original,168000,169000,13984,0,15,0.5,uniform,1.0,0.23095673678001172,0.05334101426407162,ok
v2e_vs_real,original,169000,170000,16980,0,15,0.5,uniform,1.0,0.22951571977749094,0.05267746562497974,ok
v2e_vs_real,original,170000,171000,14412,0,15,0.5,uniform,1.0,0.2396923649956681,0.05745242983721657,ok
v2e_vs_real,original,171000,172000,17558,0,15,0.5,uniform,1.0,0.23544907251698824,0.05543626574910998,ok
v2e_vs_real,original,172000,173000,14836,0,15,0.5,uniform,1.0,0.24291350647671103,0.059006971628811127,ok
v2e_vs_real,original,173000,174000,14660,0,15,0.5,uniform,1.0,0.2438717482870674,0.05947342961259076,ok
v2e_vs_real,original,174000,175000,18537,0,15,0.5,uniform,1.0,0.24029685294900996,0.057742577537198116,ok
v2e_vs_real,original,175000,176000,14999,0,15,0.5,uniform,1.0,0.24816171583345742,0.06158423720540567,ok
v2e_vs_real,original,176000,177000,18771,0,15,0.5,uniform,1.0,0.24342180663293153,0.05925417594444031,ok
v2e_vs_real,original,177000,178000,14956,0,15,0.5,uniform,1.0,0.2490590171813126,0.06203039403932137,ok
v2e_vs_real,original,178000,179000,18364,0,15,0.5,uniform,1.0,0.2447697362989666,0.059912223807865636,ok
v2e_vs_real,original,179000,180000,15331,0,15,0.5,uniform,1.0,0.2503132894235372,0.06265674286203149,ok
v2e_vs_real,original,180000,181000,18640,0,15,0.5,uniform,1.0,0.24485421867944407,0.05995358840512102,ok
v2e_vs_real,original,181000,182000,15242,0,15,0.5,uniform,1.0,0.2503589653534523,0.06267961153285115,ok
v2e_vs_real,original,182000,183000,15450,0,15,0.5,uniform,1.0,0.24546085563036943,0.06025103164679306,ok
v2e_vs_real,original,183000,184000,19464,0,15,0.5,uniform,1.0,0.24225233443728308,0.05868619354031326,ok
v2e_vs_real,original,184000,185000,15445,0,15,0.5,uniform,1.0,0.2470227161534508,0.061020222295828326,ok
v2e_vs_real,original,185000,186000,18940,0,15,0.5,uniform,1.0,0.2428268180676928,0.058964863572880374,ok
v2e_vs_real,original,186000,187000,14737,0,15,0.5,uniform,1.0,0.2483554317790461,0.06168042049415642,ok
v2e_vs_real,original,187000,188000,18179,0,15,0.5,uniform,1.0,0.24350319914403898,0.0592938079933815,ok
v2e_vs_real,original,188000,189000,14602,0,15,0.5,uniform,1.0,0.25025038571797237,0.06262525555199394,ok
v2e_vs_real,original,189000,190000,18071,0,15,0.5,uniform,1.0,0.2461801208772133,0.06060465191511935,ok
v2e_vs_real,original,190000,191000,14516,0,15,0.5,uniform,1.0,0.2515783208929474,0.06329165154331481,ok
v2e_vs_real,original,191000,192000,14513,0,15,0.5,uniform,1.0,0.2515803507191114,0.0632926728679511,ok
v2e_vs_real,original,192000,193000,17778,0,15,0.5,uniform,1.0,0.24735150727129535,0.06118276814938167,ok
v2e_vs_real,original,193000,194000,13984,0,15,0.5,uniform,1.0,0.2527032703281065,0.06385894283452008,ok
v2e_vs_real,original,194000,195000,16611,0,15,0.5,uniform,1.0,0.24712816533379245,0.06107233010124626,ok
v2e_vs_real,original,195000,196000,12973,0,15,0.5,uniform,1.0,0.25236317810055164,0.06368717366101075,ok
v2e_vs_real,original,196000,197000,15535,0,15,0.5,uniform,1.0,0.24583413095331505,0.06043441994157166,ok
v2e_vs_real,original,197000,198000,12025,0,15,0.5,uniform,1.0,0.2504542067835394,0.06272730969557191,ok
v2e_vs_real,original,198000,199000,11411,0,15,0.5,uniform,1.0,0.25165520174600303,0.0633303405658215,ok
v2e_vs_real,original,199000,200000,13917,0,15,0.5,uniform,1.0,0.2399389136882055,0.057570682301876126,ok
v2e_vs_real,original,200000,201000,10441,0,15,0.5,uniform,1.0,0.24451187799247104,0.059786058479405046,ok
v2e_vs_real,original,201000,202000,12059,0,15,0.5,uniform,1.0,0.24382427629305847,0.059450277709833715,ok
v2e_vs_real,original,202000,203000,8971,0,15,0.5,uniform,1.0,0.25189916769294723,0.06345319068439954,ok
v2e_vs_real,original,203000,204000,10794,0,15,0.5,uniform,1.0,0.25024793151328695,0.06262402722667876,ok
v2e_vs_real,original,204000,205000,8404,0,15,0.5,uniform,1.0,0.2583369265073656,0.06673796759727202,ok
v2e_vs_real,original,205000,206000,8403,0,15,0.5,uniform,1.0,0.2582281702049888,0.06668178788741666,ok
v2e_vs_real,original,206000,207000,11033,0,15,0.5,uniform,1.0,0.24881420383679045,0.06190850803093591,ok
v2e_vs_real,original,207000,208000,9251,0,15,0.5,uniform,1.0,0.2530022442897584,0.06401013561565459,ok
v2e_vs_real,original,208000,209000,11659,0,15,0.5,uniform,1.0,0.24825862584705344,0.061632345307467265,ok
v2e_vs_real,original,209000,210000,9764,0,15,0.5,uniform,1.0,0.2520485464944393,0.06352846978995955,ok
v2e_vs_real,original,210000,211000,12507,0,15,0.5,uniform,1.0,0.24631308117091363,0.06067013395590909,ok
v2e_vs_real,original,211000,212000,9885,0,15,0.5,uniform,1.0,0.2524014664520494,0.06370650026714501,ok
v2e_vs_real,original,212000,213000,12567,0,15,0.5,uniform,1.0,0.24751518200309874,0.06126376532202709,ok
v2e_vs_real,original,213000,214000,10400,0,15,0.5,uniform,1.0,0.25202831219491134,0.06351827014781569,ok
v2e_vs_real,original,214000,215000,13250,0,15,0.5,uniform,1.0,0.24662229238724323,0.06082255510233889,ok
v2e_vs_real,original,215000,216000,10775,0,15,0.5,uniform,1.0,0.2509877356924867,0.06299484346804159,ok
v2e_vs_real,original,216000,217000,10809,0,15,0.5,uniform,1.0,0.24985133253284914,0.062425688368440355,ok
v2e_vs_real,original,217000,218000,13981,0,15,0.5,uniform,1.0,0.24539481225240103,0.060218613880391146,ok
v2e_vs_real,original,218000,219000,11334,0,15,0.5,uniform,1.0,0.2508085957349239,0.06290495169452451,ok
v2e_vs_real,original,219000,220000,13865,0,15,0.5,uniform,1.0,0.2464468974401978,0.06073607325789937,ok
v2e_vs_real,original,220000,221000,11124,0,15,0.5,uniform,1.0,0.2518535824636124,0.06343022699975562,ok
v2e_vs_real,original,221000,222000,13990,0,15,0.5,uniform,1.0,0.24596917006369534,0.06050083262182308,ok
v2e_vs_real,original,222000,223000,10953,0,15,0.5,uniform,1.0,0.2519790832792971,0.06349345841027494,ok
v2e_vs_real,original,223000,224000,11160,0,15,0.5,uniform,1.0,0.2510143936346227,0.06300822581175732,ok
v2e_vs_real,original,224000,225000,14084,0,15,0.5,uniform,1.0,0.24674932245751216,0.06088522813324132,ok
v2e_vs_real,original,225000,226000,11386,0,15,0.5,uniform,1.0,0.25068519793703425,0.06284306846473003,ok
v2e_vs_real,original,226000,227000,13606,0,15,0.5,uniform,1.0,0.24660837658004348,0.06081569139944454,ok
v2e_vs_real,original,227000,228000,11046,0,15,0.5,uniform,1.0,0.25066871686429204,0.0628348056143906,ok
v2e_vs_real,original,228000,229000,13741,0,15,0.5,uniform,1.0,0.24379865183853053,0.05943778263828503,ok
v2e_vs_real,original,229000,230000,11026,0,15,0.5,uniform,1.0,0.24707498288690768,0.06104604716856573,ok
v2e_vs_real,original,230000,231000,10670,0,15,0.5,uniform,1.0,0.24733127237343017,0.0611727582938599,ok
v2e_vs_real,original,231000,232000,12662,0,15,0.5,uniform,1.0,0.24493508200296976,0.059993194395801516,ok
v2e_vs_real,original,232000,233000,10140,0,15,0.5,uniform,1.0,0.24595248217823817,0.06049262348963656,ok
v2e_vs_real,original,233000,234000,13083,0,15,0.5,uniform,1.0,0.23521486181323165,0.05532603121781766,ok
v2e_vs_real,original,234000,235000,10473,0,15,0.5,uniform,1.0,0.23921246772146804,0.05722260471339438,ok
v2e_vs_real,original,235000,236000,13004,0,15,0.5,uniform,1.0,0.23637062205966722,0.05587107097287404,ok
v2e_vs_real,original,236000,237000,10552,0,15,0.5,uniform,1.0,0.2423108288261037,0.05871453776639332,ok
v2e_vs_real,original,237000,238000,13401,0,15,0.5,uniform,1.0,0.23951492856310624,0.05736740100458988,ok
v2e_vs_real,original,238000,239000,11419,0,15,0.5,uniform,1.0,0.24436843656593446,0.05971593278967914,ok
v2e_vs_real,original,239000,240000,14313,0,15,0.5,uniform,1.0,0.23691423796213296,0.05612835614917816,ok
v2e_vs_real,original,240000,241000,12134,0,15,0.5,uniform,1.0,0.24235634689507876,0.058736598880327756,ok
v2e_vs_real,original,241000,242000,12570,0,15,0.5,uniform,1.0,0.24040179985679225,0.057793025374385194,ok
v2e_vs_real,original,242000,243000,16566,0,15,0.5,uniform,1.0,0.23369802257233901,0.05461476575422147,ok
v2e_vs_real,original,243000,244000,13732,0,15,0.5,uniform,1.0,0.23688334448262835,0.05611371889327557,ok
v2e_vs_real,original,244000,245000,17967,0,15,0.5,uniform,1.0,0.22725892415847895,0.051646618609669286,ok
v2e_vs_real,original,245000,246000,15319,0,15,0.5,uniform,1.0,0.2306803624756068,0.05321342963187735,ok
v2e_vs_real,original,246000,247000,19125,0,15,0.5,uniform,1.0,0.21889339714461778,0.047914319313511367,ok
v2e_vs_real,original,247000,248000,16001,0,15,0.5,uniform,1.0,0.22200002412408376,0.04928401071109377,ok
v2e_vs_real,original,248000,249000,15807,0,15,0.5,uniform,1.0,0.2148598009377555,0.04616473405901192,ok
v2e_vs_real,original,249000,250000,20003,0,15,0.5,uniform,1.0,0.2034193954240958,0.041379450434704645,ok
v2e_vs_real,original,250000,251000,16382,0,15,0.5,uniform,1.0,0.1997109585752834,0.03988446697505856,ok
v2e_vs_real,original,251000,252000,20452,0,15,0.5,uniform,1.0,0.18929939950299862,0.03583426265219588,ok
v2e_vs_real,original,252000,253000,16093,0,15,0.5,uniform,1.0,0.1847278819147701,0.03412439035671725,ok
v2e_vs_real,original,253000,254000,19765,0,15,0.5,uniform,1.0,0.1741820860565038,0.03033939910299529,ok
v2e_vs_real,original,254000,255000,15593,0,15,0.5,uniform,1.0,0.170223713087117,0.028976112497165134,ok
v2e_vs_real,original,255000,256000,19075,0,15,0.5,uniform,1.0,0.15897010976002382,0.02527149579711402,ok
v2e_vs_real,original,256000,257000,15191,0,15,0.5,uniform,1.0,0.1550992667986754,0.024055782561486688,ok
v2e_vs_real,original,257000,258000,15322,0,15,0.5,uniform,1.0,0.14641133823436298,0.02143627996357704,ok
v2e_vs_real,original,258000,259000,18947,0,15,0.5,uniform,1.0,0.1373861994367533,0.01887496779567535,ok
v2e_vs_real,original,259000,260000,15006,0,15,0.5,uniform,1.0,0.13164926120380493,0.01733152797550766,ok
v2e_vs_real,original,260000,261000,18679,0,15,0.5,uniform,1.0,0.12277217767754944,0.01507300761168777,ok
v2e_vs_real,original,261000,262000,14976,0,15,0.5,uniform,1.0,0.11984925922165231,0.014363844935978809,ok
v2e_vs_real,original,262000,263000,18576,0,15,0.5,uniform,1.0,0.11471976709821922,0.013160624963069661,ok
v2e_vs_real,original,263000,264000,15157,0,15,0.5,uniform,1.0,0.11643609701014494,0.013557364686955883,ok
v2e_vs_real,original,264000,265000,17813,0,15,0.5,uniform,1.0,0.1125633010148052,0.012670496735349646,ok
v2e_vs_real,original,265000,266000,14332,0,15,0.5,uniform,1.0,0.11606610402760467,0.01347134050414675,ok
v2e_vs_real,original,266000,267000,16028,0,15,0.5,uniform,1.0,0.12005363257917903,0.014412874695456518,ok
v2e_vs_real,original,267000,268000,15487,0,15,0.5,uniform,1.0,0.12352910383449964,0.015259439494154592,ok
v2e_vs_real,original,268000,269000,14598,0,15,0.5,uniform,1.0,0.13074781059419957,0.017094989975176687,ok
v2e_vs_real,original,269000,270000,14570,0,15,0.5,uniform,1.0,0.13907482033274896,0.0193418056505864,ok
v2e_vs_real,original,270000,271000,17270,0,15,0.5,uniform,1.0,0.1456852919113361,0.02122420427929122,ok
v2e_vs_real,original,271000,272000,15142,0,15,0.5,uniform,1.0,0.16109531598974577,0.025951700833836043,ok
v2e_vs_real,original,272000,273000,14542,0,15,0.5,uniform,1.0,0.17112482420857897,0.02928370546041706,ok
v2e_vs_real,original,273000,274000,14588,0,15,0.5,uniform,1.0,0.18189085867356058,0.03308428446900519,ok
v2e_vs_real,original,274000,275000,14874,0,15,0.5,uniform,1.0,0.18979522596701398,0.036022227799869896,ok
v2e_vs_real,original,275000,276000,15314,0,15,0.5,uniform,1.0,0.19655042045821,0.03863206778229914,ok
v2e_vs_real,original,276000,277000,15465,0,15,0.5,uniform,1.0,0.20303368578015907,0.041222677561476365,ok
v2e_vs_real,original,277000,278000,15558,0,15,0.5,uniform,1.0,0.2080026840968464,0.04326511659149248,ok
v2e_vs_real,original,278000,279000,15735,0,15,0.5,uniform,1.0,0.214258913309567,0.04590688193259655,ok
v2e_vs_real,original,279000,280000,18875,0,15,0.5,uniform,1.0,0.21213953120750673,0.045003180700940726,ok
v2e_vs_real,original,280000,281000,16495,0,15,0.5,uniform,1.0,0.2232780731026726,0.049853097928442405,ok
v2e_vs_real,original,281000,282000,16481,0,15,0.5,uniform,1.0,0.2257875946286714,0.05098003788820125,ok
v2e_vs_real,original,282000,283000,16756,0,15,0.5,uniform,1.0,0.22812976236804922,0.0520431884781026,ok
v2e_vs_real,original,283000,284000,17027,0,15,0.5,uniform,1.0,0.23111652640295827,0.0534148487765693,ok
v2e_vs_real,original,284000,285000,16563,0,15,0.5,uniform,1.0,0.23160570988489323,0.05364120485128533,ok
v2e_vs_real,original,285000,286000,16838,0,15,0.5,uniform,1.0,0.23361428771006526,0.05457563542228115,ok
v2e_vs_real,original,286000,287000,16989,0,15,0.5,uniform,1.0,0.23564476232969392,0.05552845401341794,ok
v2e_vs_real,original,287000,288000,17255,0,15,0.5,uniform,1.0,0.23826248723072607,0.05676901282137191,ok
v2e_vs_real,original,288000,289000,21141,0,15,0.5,uniform,1.0,0.23442812105719082,0.054956543942404915,ok
v2e_vs_real,original,289000,290000,18128,0,15,0.5,uniform,1.0,0.24344006850149624,0.05926306695201318,ok
v2e_vs_real,original,290000,291000,17071,0,15,0.5,uniform,1.0,0.24307155458932087,0.05908378065046919,ok
v2e_vs_real,original,291000,292000,16760,0,15,0.5,uniform,1.0,0.24419753276805872,0.05963243501000711,ok
v2e_vs_real,original,292000,293000,16321,0,15,0.5,uniform,1.0,0.2440420608052238,0.05955652744206055,ok
v2e_vs_real,original,293000,294000,15932,0,15,0.5,uniform,1.0,0.24402820490926608,0.059549764791238746,ok
v2e_vs_real,original,294000,295000,15703,0,15,0.5,uniform,1.0,0.24382827935510792,0.059452229813272556,ok
v2e_vs_real,original,295000,296000,14978,0,15,0.5,uniform,1.0,0.24366042034989027,0.059370400445085215,ok
v2e_vs_real,original,296000,297000,14613,0,15,0.5,uniform,1.0,0.24575603217346922,0.06039602734964725,ok
v2e_vs_real,original,297000,298000,17484,0,15,0.5,uniform,1.0,0.2416019548696702,0.058371504596846154,ok
v2e_vs_real,original,298000,299000,14097,0,15,0.5,uniform,1.0,0.24965882345464663,0.062329528128758416,ok
v2e_vs_real,original,299000,300000,15158,0,15,0.5,uniform,1.0,0.23419098892080142,0.05484541929170293,ok
v2e_vs_real,original,300000,301000,14218,0,15,0.5,uniform,1.0,0.23585994019875825,0.055629911390561816,ok
v2e_vs_real,original,301000,302000,13795,0,15,0.5,uniform,1.0,0.23649598377596157,0.055930350342159874,ok
v2e_vs_real,original,302000,303000,13521,0,15,0.5,uniform,1.0,0.23987299349989985,0.057539053010603,ok
v2e_vs_real,original,303000,304000,13278,0,15,0.5,uniform,1.0,0.24248756113300132,0.05880021730423106,ok
v2e_vs_real,original,304000,305000,13306,0,15,0.5,uniform,1.0,0.24489458386596746,0.059973357206885375,ok
v2e_vs_real,original,305000,306000,13361,0,15,0.5,uniform,1.0,0.24812064613941676,0.061563855040641664,ok
v2e_vs_real,original,306000,307000,13108,0,15,0.5,uniform,1.0,0.24935400841907465,0.06217742151465996,ok
v2e_vs_real,original,307000,308000,16691,0,15,0.5,uniform,1.0,0.24435556316760884,0.059709641250959275,ok
v2e_vs_real,original,308000,309000,14004,0,15,0.5,uniform,1.0,0.2521257934453338,0.06356741572043913,ok
v2e_vs_real,original,309000,310000,14476,0,15,0.5,uniform,1.0,0.2523381642886719,0.06367454915657678,ok
v2e_vs_real,original,310000,311000,14533,0,15,0.5,uniform,1.0,0.25275194357820663,0.06388354498256095,ok
v2e_vs_real,original,311000,312000,14509,0,15,0.5,uniform,1.0,0.2512765206514064,0.06313988983067666,ok
v2e_vs_real,original,312000,313000,14481,0,15,0.5,uniform,1.0,0.2517776033653688,0.06339196155640897,ok
v2e_vs_real,original,313000,314000,14644,0,15,0.5,uniform,1.0,0.2517652906554426,0.06338576157881949,ok
v2e_vs_real,original,314000,315000,15627,0,15,0.5,uniform,1.0,0.2525798863289845,0.06379659897796273,ok
v2e_vs_real,original,315000,316000,15147,0,15,0.5,uniform,1.0,0.2503862550832444,0.06269327673461154,ok
v2e_vs_real,original,316000,317000,19299,0,15,0.5,uniform,1.0,0.24538038735134274,0.060211534496695,ok
v2e_vs_real,original,317000,318000,16592,0,15,0.5,uniform,1.0,0.2544970373135699,0.06476874200138456,ok
v2e_vs_real,original,318000,319000,16208,0,15,0.5,uniform,1.0,0.2540569783608273,0.06454494825383386,ok
v2e_vs_real,original,319000,320000,15751,0,15,0.5,uniform,1.0,0.255774978500023,0.06542083962668724,ok
v2e_vs_real,original,320000,321000,15380,0,15,0.5,uniform,1.0,0.2567697097166982,0.06593068382799745,ok
v2e_vs_real,original,321000,322000,15131,0,15,0.5,uniform,1.0,0.25891240856067865,0.06703563530669178,ok
v2e_vs_real,original,322000,323000,14874,0,15,0.5,uniform,1.0,0.2612004411042152,0.06822567043303658,ok
v2e_vs_real,original,323000,324000,14580,0,15,0.5,uniform,1.0,0.26040484362343896,0.06781068258254769,ok
v2e_vs_real,original,324000,325000,14240,0,15,0.5,uniform,1.0,0.26038700155639494,0.06780139057953002,ok
v2e_vs_real,original,325000,326000,16597,0,15,0.5,uniform,1.0,0.2523664753888528,0.06368883790019245,ok
v2e_vs_real,original,326000,327000,12937,0,15,0.5,uniform,1.0,0.25885821372947815,0.0670075748152162,ok
v2e_vs_real,original,327000,328000,12834,0,15,0.5,uniform,1.0,0.25825031838941137,0.06669322694823233,ok
v2e_vs_real,original,328000,329000,12274,0,15,0.5,uniform,1.0,0.25887917303619806,0.06701842623190576,ok
v2e_vs_real,original,329000,330000,12207,0,15,0.5,uniform,1.0,0.25860595742046383,0.06687704121335476,ok
v2e_vs_real,original,330000,331000,11861,0,15,0.5,uniform,1.0,0.25920817554305026,0.06718887826835676,ok
v2e_vs_real,original,331000,332000,11590,0,15,0.5,uniform,1.0,0.25883547828777237,0.06699580482045987,ok
v2e_vs_real,original,332000,333000,11922,0,15,0.5,uniform,1.0,0.2506746268232424,0.06283776853297182,ok
v2e_vs_real,original,333000,334000,12300,0,15,0.5,uniform,1.0,0.24403529876233154,0.059553227042020415,ok
v2e_vs_real,original,334000,335000,14111,0,15,0.5,uniform,1.0,0.2396788917941615,0.05744597117167738,ok
v2e_vs_real,original,335000,336000,11566,0,15,0.5,uniform,1.0,0.24904290110815994,0.06202236659236873,ok
v2e_vs_real,original,336000,337000,11622,0,15,0.5,uniform,1.0,0.25022699969680184,0.06261355137726328,ok
v2e_vs_real,original,337000,338000,11289,0,15,0.5,uniform,1.0,0.2509147346112498,0.06295820404503392,ok
v2e_vs_real,original,338000,339000,11143,0,15,0.5,uniform,1.0,0.25406914449739815,0.06455113018563977,ok
v2e_vs_real,original,339000,340000,11217,0,15,0.5,uniform,1.0,0.25267877387727583,0.06384656276812348,ok
v2e_vs_real,original,340000,341000,11139,0,15,0.5,uniform,1.0,0.2535196421790798,0.06427220897060865,ok
v2e_vs_real,original,341000,342000,11319,0,15,0.5,uniform,1.0,0.25554214884645693,0.06530178983706475,ok
v2e_vs_real,original,342000,343000,11007,0,15,0.5,uniform,1.0,0.25544031657065325,0.06524975532971555,ok
v2e_vs_real,original,343000,344000,13553,0,15,0.5,uniform,1.0,0.2460193822052224,0.0605255364206393,ok
v2e_vs_real,original,344000,345000,11434,0,15,0.5,uniform,1.0,0.25571614270774046,0.06539074564132548,ok
v2e_vs_real,original,345000,346000,11191,0,15,0.5,uniform,1.0,0.2565023376187176,0.0657934492038666,ok
v2e_vs_real,original,346000,347000,10912,0,15,0.5,uniform,1.0,0.25685782819004727,0.06597594390250784,ok
v2e_vs_real,original,347000,348000,11130,0,15,0.5,uniform,1.0,0.2566702633296997,0.0658796240777374,ok
v2e_vs_real,original,348000,349000,11182,0,15,0.5,uniform,1.0,0.2562759500319964,0.0656773625648023,ok
v2e_vs_real,original,349000,350000,11702,0,15,0.5,uniform,1.0,0.2552092946306362,0.06513178406586688,ok
v2e_vs_real,original,350000,351000,11589,0,15,0.5,uniform,1.0,0.25605620878923063,0.06556478205951406,ok
v2e_vs_real,original,351000,352000,11510,0,15,0.5,uniform,1.0,0.2579156807489845,0.0665204983762121,ok
v2e_vs_real,original,352000,353000,13922,0,15,0.5,uniform,1.0,0.25060294260587396,0.06280183484272296,ok
v2e_vs_real,original,353000,354000,11907,0,15,0.5,uniform,1.0,0.2599216171836098,0.06755924707934301,ok
v2e_vs_real,original,354000,355000,11572,0,15,0.5,uniform,1.0,0.2590273018508584,0.06709514310413572,ok
v2e_vs_real,original,355000,356000,11557,0,15,0.5,uniform,1.0,0.2590515447060763,0.06710770281460422,ok
v2e_vs_real,original,356000,357000,11166,0,15,0.5,uniform,1.0,0.2569065931544195,0.06600099760621043,ok
v2e_vs_real,original,357000,358000,11108,0,15,0.5,uniform,1.0,0.2564348312211042,0.06575882266339621,ok
v2e_vs_real,original,358000,359000,10829,0,15,0.5,uniform,1.0,0.2521178069638324,0.06356338858825225,ok
v2e_vs_real,original,359000,360000,11099,0,15,0.5,uniform,1.0,0.25388296349347705,0.06445655915223021,ok
v2e_vs_real,original,360000,361000,10907,0,15,0.5,uniform,1.0,0.25484164892961264,0.06494426602916394,ok
v2e_vs_real,original,361000,362000,13316,0,15,0.5,uniform,1.0,0.24754134686435816,0.06127671840742049,ok
v2e_vs_real,original,362000,363000,11276,0,15,0.5,uniform,1.0,0.25403172550657505,0.0645321175638479,ok
v2e_vs_real,original,363000,364000,11112,0,15,0.5,uniform,1.0,0.2527596727381093,0.06388745216267612,ok
v2e_vs_real,original,364000,365000,10893,0,15,0.5,uniform,1.0,0.2526453607898364,0.06382967832862661,ok
v2e_vs_real,original,365000,366000,11352,0,15,0.5,uniform,1.0,0.24999748026148752,0.06249874013709285,ok
v2e_vs_real,original,366000,367000,12736,0,15,0.5,uniform,1.0,0.2352375691347935,0.05533671393244674,ok
v2e_vs_real,original,367000,368000,12759,0,15,0.5,uniform,1.0,0.22999529391634405,0.05289783522366548,ok
v2e_vs_real,original,368000,369000,12891,0,15,0.5,uniform,1.0,0.22797408475394987,0.05197218331940112,ok
v2e_vs_real,original,369000,370000,12981,0,15,0.5,uniform,1.0,0.22589807329453196,0.05102993951818173,ok
v2e_vs_real,original,370000,371000,15723,0,15,0.5,uniform,1.0,0.21748141895803252,0.04729816759199927,ok
v2e_vs_real,original,371000,372000,13320,0,15,0.5,uniform,1.0,0.22183774384300095,0.04921198459335291,ok
v2e_vs_real,original,372000,373000,13304,0,15,0.5,uniform,1.0,0.21773036521353897,0.047406511936021065,ok
v2e_vs_real,original,373000,374000,13316,0,15,0.5,uniform,1.0,0.21436601456939677,0.045952788202366826,ok
v2e_vs_real,original,374000,375000,13633,0,15,0.5,uniform,1.0,0.21317043121053747,0.045441632742486485,ok
v2e_vs_real,original,375000,376000,13870,0,15,0.5,uniform,1.0,0.20968999193184612,0.04396989271637769,ok
v2e_vs_real,original,376000,377000,14202,0,15,0.5,uniform,1.0,0.20527919773306635,0.04213954902193136,ok
v2e_vs_real,original,377000,378000,14904,0,15,0.5,uniform,1.0,0.1940601129555824,0.0376593274403334,ok
v2e_vs_real,original,378000,379000,15323,0,15,0.5,uniform,1.0,0.18544269978846548,0.034388994904834935,ok
v2e_vs_real,original,379000,380000,19553,0,15,0.5,uniform,1.0,0.1722697686849654,0.02967687320277149,ok
v2e_vs_real,original,380000,381000,17072,0,15,0.5,uniform,1.0,0.1655789568687632,0.027416390957747748,ok
v2e_vs_real,original,381000,382000,17693,0,15,0.5,uniform,1.0,0.15748057445069719,0.02480013132932158,ok
v2e_vs_real,original,382000,383000,18425,0,15,0.5,uniform,1.0,0.1493337152020585,0.022300558496049512,ok
v2e_vs_real,original,383000,384000,19184,0,15,0.5,uniform,1.0,0.14403537860721183,0.020746190290522853,ok
v2e_vs_real,original,384000,385000,19634,0,15,0.5,uniform,1.0,0.13818398519339792,0.019094813763929214,ok
v2e_vs_real,original,385000,386000,19706,0,15,0.5,uniform,1.0,0.13365321606368316,0.017863182164165575,ok
v2e_vs_real,original,386000,387000,19814,0,15,0.5,uniform,1.0,0.13058945923119816,0.017053606862296768,ok
v2e_vs_real,original,387000,388000,19938,0,15,0.5,uniform,1.0,0.13015459311603605,0.0169402181092009,ok
v2e_vs_real,original,388000,389000,24530,0,15,0.5,uniform,1.0,0.12797212445232775,0.016376864636842063,ok
v2e_vs_real,original,389000,390000,20534,0,15,0.5,uniform,1.0,0.13130958964020617,0.01724220833147934,ok
v2e_vs_real,original,390000,391000,20435,0,15,0.5,uniform,1.0,0.13256438540935106,0.017573316278958966,ok
v2e_vs_real,original,391000,392000,20709,0,15,0.5,uniform,1.0,0.13299852468675477,0.01768860756885332,ok
v2e_vs_real,original,392000,393000,20328,0,15,0.5,uniform,1.0,0.13335643902224723,0.01778393982869434,ok
v2e_vs_real,original,393000,394000,20402,0,15,0.5,uniform,1.0,0.13563729217858816,0.018397475029539694,ok
v2e_vs_real,original,394000,395000,20872,0,15,0.5,uniform,1.0,0.1370494513746488,0.018782552122092226,ok
v2e_vs_real,original,395000,396000,20485,0,15,0.5,uniform,1.0,0.13966093093338902,0.01950517562918086,ok
v2e_vs_real,original,396000,397000,20090,0,15,0.5,uniform,1.0,0.14216632828439368,0.020211264897865996,ok
v2e_vs_real,original,397000,398000,23888,0,15,0.5,uniform,1.0,0.1430936607229867,0.020475795739105226,ok
v2e_vs_real,original,398000,399000,18990,0,15,0.5,uniform,1.0,0.15089821165399464,0.022770270280373768,ok
v2e_vs_real,original,399000,400000,21757,0,15,0.5,uniform,1.0,0.1542510090667894,0.023793373798122748,ok
v2e_vs_real,original,400000,401000,17026,0,15,0.5,uniform,1.0,0.16584813820448055,0.02750560494589248,ok
v2e_vs_real,original,401000,402000,20402,0,15,0.5,uniform,1.0,0.17188167003500512,0.029543308494022383,ok
v2e_vs_real,original,402000,403000,19694,0,15,0.5,uniform,1.0,0.18195078624857053,0.033106088616473,ok
v2e_vs_real,original,403000,404000,18868,0,15,0.5,uniform,1.0,0.19369579685283245,0.03751806171845373,ok
v2e_vs_real,original,404000,405000,13891,0,15,0.5,uniform,1.0,0.2048612944010666,0.04196814994368048,ok
v2e_vs_real,original,405000,406000,18592,0,15,0.5,uniform,1.0,0.20681468710862036,0.042772314803836545,ok
v2e_vs_real,original,406000,407000,18541,0,15,0.5,uniform,1.0,0.21446107172301582,0.04599355128458453,ok
v2e_vs_real,original,407000,408000,18448,0,15,0.5,uniform,1.0,0.22149790807203992,0.04906132328028985,ok
v2e_vs_real,original,408000,409000,14235,0,15,0.5,uniform,1.0,0.23120039471774376,0.05345362251764052,ok
v2e_vs_real,original,409000,410000,18903,0,15,0.5,uniform,1.0,0.2290840948899085,0.0524795225315286,ok
v2e_vs_real,original,410000,411000,18697,0,15,0.5,uniform,1.0,0.2328617740255024,0.05422460580230415,ok
v2e_vs_real,original,411000,412000,19022,0,15,0.5,uniform,1.0,0.23489705441704567,0.05517662617380452,ok
v2e_vs_real,original,412000,413000,14230,0,15,0.5,uniform,1.0,0.2419592869979832,0.0585442965645724,ok
v2e_vs_real,original,413000,414000,19190,0,15,0.5,uniform,1.0,0.23774788768703903,0.05652405809964892,ok
v2e_vs_real,original,414000,415000,18975,0,15,0.5,uniform,1.0,0.23944836574900402,0.0573355198598688,ok
v2e_vs_real,original,415000,416000,19093,0,15,0.5,uniform,1.0,0.2372481297814984,0.0562866750848187,ok
v2e_vs_real,original,416000,417000,14317,0,15,0.5,uniform,1.0,0.24349802361068698,0.05929128750231067,ok
v2e_vs_real,original,417000,418000,18649,0,15,0.5,uniform,1.0,0.23919438217551917,0.057213952464328324,ok
v2e_vs_real,original,418000,419000,18314,0,15,0.5,uniform,1.0,0.23996270543454606,0.05758209999946673,ok
v2e_vs_real,original,419000,420000,17736,0,15,0.5,uniform,1.0,0.24123226035068907,0.05819300343390263,ok
v2e_vs_real,original,420000,421000,13273,0,15,0.5,uniform,1.0,0.24715270709034698,0.06108446062208685,ok
v2e_vs_real,original,421000,422000,17596,0,15,0.5,uniform,1.0,0.2424584385051251,0.05878609440234354,ok
v2e_vs_real,original,422000,423000,17646,0,15,0.5,uniform,1.0,0.24402026105611063,0.05954588780589238,ok
v2e_vs_real,original,423000,424000,17869,0,15,0.5,uniform,1.0,0.24592786099841418,0.06048051281525533,ok
v2e_vs_real,original,424000,425000,13709,0,15,0.5,uniform,1.0,0.2524216749374758,0.0637167019782407,ok
v2e_vs_real,original,425000,426000,18400,0,15,0.5,uniform,1.0,0.24679462583886935,0.06090758734294752,ok
v2e_vs_real,original,426000,427000,18253,0,15,0.5,uniform,1.0,0.24680528210342795,0.06091284727415266,ok
v2e_vs_real,original,427000,428000,17647,0,15,0.5,uniform,1.0,0.24670825174202407,0.06086496147760593,ok
v2e_vs_real,original,428000,429000,12797,0,15,0.5,uniform,1.0,0.25178768842451316,0.06339704004215971,ok
v2e_vs_real,original,429000,430000,16478,0,15,0.5,uniform,1.0,0.24616919034871337,0.06059927027694107,ok
v2e_vs_real,original,430000,431000,15569,0,15,0.5,uniform,1.0,0.24572184522086934,0.06037922521874887,ok
v2e_vs_real,original,431000,432000,11183,0,15,0.5,uniform,1.0,0.2514566310256056,0.06323043728674756,ok
v2e_vs_real,original,432000,433000,14448,0,15,0.5,uniform,1.0,0.23952817361701878,0.05737374595630469,ok
v2e_vs_real,original,433000,434000,14327,0,15,0.5,uniform,1.0,0.23489840262272438,0.05517725955470753,ok
v2e_vs_real,original,434000,435000,14300,0,15,0.5,uniform,1.0,0.24246252885166406,0.05878807789714402,ok
v2e_vs_real,original,435000,436000,10607,0,15,0.5,uniform,1.0,0.25306268726918246,0.06404072368790004,ok
v2e_vs_real,original,436000,437000,14128,0,15,0.5,uniform,1.0,0.24931675582065368,0.062158844732935446,ok
v2e_vs_real,original,437000,438000,14186,0,15,0.5,uniform,1.0,0.2517202218185079,0.06336307007235881,ok
v2e_vs_real,original,438000,439000,14395,0,15,0.5,uniform,1.0,0.24997319583081432,0.06248659863387065,ok
v2e_vs_real,original,439000,440000,14693,0,15,0.5,uniform,1.0,0.2486215731045674,0.061812686612989755,ok
v2e_vs_real,original,440000,441000,10763,0,15,0.5,uniform,1.0,0.2564634231559525,0.06577348741686916,ok
v2e_vs_real,original,441000,442000,14400,0,15,0.5,uniform,1.0,0.2501841299664,0.06259209888704452,ok
v2e_vs_real,original,442000,443000,14312,0,15,0.5,uniform,1.0,0.25070766368094116,0.06285433262835591,ok
v2e_vs_real,original,443000,444000,14072,0,15,0.5,uniform,1.0,0.2526074827626166,0.06381054034766562,ok
v2e_vs_real,original,444000,445000,10471,0,15,0.5,uniform,1.0,0.2595646364135649,0.06737380047650614,ok
v2e_vs_real,original,445000,446000,14014,0,15,0.5,uniform,1.0,0.25257622123581425,0.06379474753376299,ok
v2e_vs_real,original,446000,447000,13914,0,15,0.5,uniform,1.0,0.25262184358164297,0.06381779585458809,ok
v2e_vs_real,original,447000,448000,13954,0,15,0.5,uniform,1.0,0.25311339584759146,0.06406639115749954,ok
v2e_vs_real,original,448000,449000,10644,0,15,0.5,uniform,1.0,0.2571120104118392,0.0661065858980177,ok
v2e_vs_real,original,449000,450000,14448,0,15,0.5,uniform,1.0,0.2483485541040082,0.06167700432555148,ok
v2e_vs_real,original,450000,451000,14240,0,15,0.5,uniform,1.0,0.24866715965665037,0.06183535629170605,ok
v2e_vs_real,original,451000,452000,13919,0,15,0.5,uniform,1.0,0.24973422397144251,0.06236718262261862,ok
v2e_vs_real,original,452000,453000,10253,0,15,0.5,uniform,1.0,0.255978023420355,0.06552474847419182,ok
v2e_vs_real,original,453000,454000,13421,0,15,0.5,uniform,1.0,0.2512088275911895,0.06310587505973998,ok
v2e_vs_real,original,454000,455000,13107,0,15,0.5,uniform,1.0,0.25309367084747286,0.06405640622304892,ok
v2e_vs_real,original,455000,456000,12936,0,15,0.5,uniform,1.0,0.253948395411241,0.064489787531944,ok
v2e_vs_real,original,456000,457000,9525,0,15,0.5,uniform,1.0,0.2608277935291792,0.06803113787730011,ok
v2e_vs_real,original,457000,458000,12682,0,15,0.5,uniform,1.0,0.25512540657879934,0.06508897308199767,ok
v2e_vs_real,original,458000,459000,12749,0,15,0.5,uniform,1.0,0.25616410732205797,0.06562004988010682,ok
v2e_vs_real,original,459000,460000,13020,0,15,0.5,uniform,1.0,0.2566410442092095,0.06586462557279343,ok
v2e_vs_real,original,460000,461000,9506,0,15,0.5,uniform,1.0,0.2640093421289827,0.06970093273137823,ok
v2e_vs_real,original,461000,462000,12430,0,15,0.5,uniform,1.0,0.2579202128911668,0.0665228362178248,ok
v2e_vs_real,original,462000,463000,12295,0,15,0.5,uniform,1.0,0.2556952932071714,0.06538008296830135,ok
v2e_vs_real,original,463000,464000,12125,0,15,0.5,uniform,1.0,0.25397948195415904,0.06450557725370298,ok
v2e_vs_real,original,464000,465000,9009,0,15,0.5,uniform,1.0,0.2600885950831856,0.06764607729234529,ok
v2e_vs_real,original,465000,466000,12191,0,15,0.5,uniform,1.0,0.24942699470686544,0.062213825688498675,ok
v2e_vs_real,original,466000,467000,12129,0,15,0.5,uniform,1.0,0.24331206797938218,0.05920076242440349,ok
v2e_vs_real,original,467000,468000,8435,0,15,0.5,uniform,1.0,0.25292419515478054,0.0639706484946935,ok
v2e_vs_real,original,468000,469000,10473,0,15,0.5,uniform,1.0,0.2519980868434117,0.06350303577273966,ok
v2e_vs_real,original,469000,470000,10342,0,15,0.5,uniform,1.0,0.2564539327357629,0.06576861961563919,ok
v2e_vs_real,original,470000,471000,10747,0,15,0.5,uniform,1.0,0.25860884737019885,0.0668785359381428,ok
v2e_vs_real,original,471000,472000,11261,0,15,0.5,uniform,1.0,0.2624292777570688,0.06886912582409677,ok
v2e_vs_real,original,472000,473000,8904,0,15,0.5,uniform,1.0,0.27213317316233937,0.07405646393540379,ok
v2e_vs_real,original,473000,474000,12597,0,15,0.5,uniform,1.0,0.26810370317548904,0.07187959565641074,ok
v2e_vs_real,original,474000,475000,13615,0,15,0.5,uniform,1.0,0.26966730449552956,0.07272045511388467,ok
v2e_vs_real,original,475000,476000,14416,0,15,0.5,uniform,1.0,0.2709405089640431,0.07340875939769473,ok
v2e_vs_real,original,476000,477000,11528,0,15,0.5,uniform,1.0,0.27979401144402993,0.07828468883994197,ok
v2e_vs_real,original,477000,478000,15844,0,15,0.5,uniform,1.0,0.2702321980419494,0.07302544085858337,ok
v2e_vs_real,original,478000,479000,16042,0,15,0.5,uniform,1.0,0.2695902665175034,0.0726789118009785,ok
v2e_vs_real,original,479000,480000,16147,0,15,0.5,uniform,1.0,0.26770579873457634,0.07166639467611749,ok
v2e_vs_real,original,480000,481000,12326,0,15,0.5,uniform,1.0,0.2726436096459991,0.07433453788079993,ok
v2e_vs_real,original,481000,482000,16386,0,15,0.5,uniform,1.0,0.2635374391938754,0.06945198185686557,ok
v2e_vs_real,original,482000,483000,16546,0,15,0.5,uniform,1.0,0.2590697872362199,0.06711715465862023,ok
v2e_vs_real,original,483000,484000,16459,0,15,0.5,uniform,1.0,0.2559380786493062,0.06550430010269843,ok
v2e_vs_real,original,484000,485000,12543,0,15,0.5,uniform,1.0,0.2591104911060572,0.06713824660122217,ok
v2e_vs_real,original,485000,486000,16530,0,15,0.5,uniform,1.0,0.250788439528516,0.06289484140114811,ok
v2e_vs_real,original,486000,487000,16397,0,15,0.5,uniform,1.0,0.24867781063563327,0.06184065350253188,ok
v2e_vs_real,original,487000,488000,16257,0,15,0.5,uniform,1.0,0.24671587795573763,0.06086872443547042,ok
v2e_vs_real,original,488000,489000,12267,0,15,0.5,uniform,1.0,0.2505298262186125,0.06276519382512816,ok
v2e_vs_real,original,489000,490000,15989,0,15,0.5,uniform,1.0,0.24361014392120134,0.05934590222130843,ok
v2e_vs_real,original,490000,491000,15896,0,15,0.5,uniform,1.0,0.2429252027621826,0.059012654137047524,ok
v2e_vs_real,original,491000,492000,15896,0,15,0.5,uniform,1.0,0.24195516554306296,0.05854230213297099,ok
v2e_vs_real,original,492000,493000,11930,0,15,0.5,uniform,1.0,0.24702790498345115,0.06102278584051297,ok
v2e_vs_real,original,493000,494000,15860,0,15,0.5,uniform,1.0,0.23903551294510686,0.057137976448930344,ok
v2e_vs_real,original,494000,495000,15802,0,15,0.5,uniform,1.0,0.23617655717288288,0.05577936615803601,ok
v2e_vs_real,original,495000,496000,15633,0,15,0.5,uniform,1.0,0.23467454913259073,0.05507214401058474,ok
v2e_vs_real,original,496000,497000,11511,0,15,0.5,uniform,1.0,0.23885060387006382,0.05704961096909415,ok
v2e_vs_real,original,497000,498000,14971,0,15,0.5,uniform,1.0,0.2317146838935309,0.053691694731878944,ok
v2e_vs_real,original,498000,499000,14027,0,15,0.5,uniform,1.0,0.23171593174078656,0.053692273022500854,ok
v2e_vs_real,original,499000,500000,16193,0,15,0.5,uniform,1.0,0.2146168762439138,0.04606040356869541,ok
v2e_vs_real,original,500000,501000,12076,0,15,0.5,uniform,1.0,0.20659995952791083,0.042683543276934396,ok
v2e_vs_real,original,501000,502000,15982,0,15,0.5,uniform,1.0,0.19315328980315757,0.03730819336178258,ok
v2e_vs_real,original,502000,503000,15771,0,15,0.5,uniform,1.0,0.18487618061053057,0.03417920215713752,ok
v2e_vs_real,original,503000,504000,11935,0,15,0.5,uniform,1.0,0.1795537991894011,0.03223956680334777,ok
v2e_vs_real,original,504000,505000,15873,0,15,0.5,uniform,1.0,0.16752349627881308,0.0280641218054775,ok
v2e_vs_real,original,505000,506000,16096,0,15,0.5,uniform,1.0,0.15558342037178105,0.024206200694582333,ok
v2e_vs_real,original,506000,507000,16353,0,15,0.5,uniform,1.0,0.14487104126281508,0.02098761859657227,ok
v2e_vs_real,original,507000,508000,16846,0,15,0.5,uniform,1.0,0.13477898361671578,0.018165374424754938,ok
v2e_vs_real,original,508000,509000,12825,0,15,0.5,uniform,1.0,0.12403499740763296,0.015384680581911517,ok
v2e_vs_real,original,509000,510000,17306,0,15,0.5,uniform,1.0,0.1137345628845461,0.012935550794538772,ok
v2e_vs_real,original,510000,511000,17351,0,15,0.5,uniform,1.0,0.10393709191792892,0.010802919076356006,ok
v2e_vs_real,original,511000,512000,17550,0,15,0.5,uniform,1.0,0.0986606974589766,0.009733933223091712,ok
v2e_vs_real,original,512000,513000,13198,0,15,0.5,uniform,1.0,0.09116728041814877,0.008311473018841373,ok
v2e_vs_real,original,513000,514000,18009,0,15,0.5,uniform,1.0,0.08684978011755962,0.0075428843064684545,ok
v2e_vs_real,original,514000,515000,18309,0,15,0.5,uniform,1.0,0.08735155715848247,0.007630294538011631,ok
v2e_vs_real,original,515000,516000,18866,0,15,0.5,uniform,1.0,0.09525282459470132,0.009073100593268935,ok
v2e_vs_real,original,516000,517000,14138,0,15,0.5,uniform,1.0,0.10423420418771569,0.010864769322646406,ok
v2e_vs_real,original,517000,518000,19139,0,15,0.5,uniform,1.0,0.11030608474539455,0.012167432331858165,ok
v2e_vs_real,original,518000,519000,19181,0,15,0.5,uniform,1.0,0.12014560972144363,0.014434967535337448,ok
v2e_vs_real,original,519000,520000,19275,0,15,0.5,uniform,1.0,0.1311726230566439,0.017206257039560385,ok
v2e_vs_real,original,520000,521000,14421,0,15,0.5,uniform,1.0,0.14243261624014464,0.020287050169012312,ok
v2e_vs_real,original,521000,522000,19065,0,15,0.5,uniform,1.0,0.14972062657219892,0.02241626602117184,ok
v2e_vs_real,original,522000,523000,19022,0,15,0.5,uniform,1.0,0.15895134528778873,0.025265530168797838,ok
v2e_vs_real,original,523000,524000,18643,0,15,0.5,uniform,1.0,0.16976804055470332,0.02882118759378339,ok
v2e_vs_real,original,524000,525000,14002,0,15,0.5,uniform,1.0,0.17993988262004898,0.032378361357317004,ok
v2e_vs_real,original,525000,526000,18684,0,15,0.5,uniform,1.0,0.18343480702200574,0.03364832842720049,ok
v2e_vs_real,original,526000,527000,18458,0,15,0.5,uniform,1.0,0.19013372379741847,0.03615083292507302,ok
v2e_vs_real,original,527000,528000,18097,0,15,0.5,uniform,1.0,0.1961382512449047,0.038470213601409356,ok
v2e_vs_real,original,528000,529000,13452,0,15,0.5,uniform,1.0,0.2055268294988991,0.04224127764386954,ok
v2e_vs_real,original,529000,530000,17913,0,15,0.5,uniform,1.0,0.20563742277984742,0.042286749647537716,ok
v2e_vs_real,original,530000,531000,17734,0,15,0.5,uniform,1.0,0.2090826434813812,0.04371555180516236,ok
v2e_vs_real,original,531000,532000,17094,0,15,0.5,uniform,1.0,0.21291226116574005,0.045331630954708296,ok
v2e_vs_real,original,532000,533000,12988,0,15,0.5,uniform,1.0,0.21654500572570964,0.04689173950474762,ok
v2e_vs_real,original,533000,534000,16592,0,15,0.5,uniform,1.0,0.2146819113703204,0.04608832306961409,ok
v2e_vs_real,original,534000,535000,15509,0,15,0.5,uniform,1.0,0.22030201628481125,0.04853297837915324,ok
v2e_vs_real,original,535000,536000,11011,0,15,0.5,uniform,1.0,0.23242572241175435,0.05402171643862589,ok
v2e_vs_real,original,536000,537000,14391,0,15,0.5,uniform,1.0,0.23113149154577178,0.05342176638417317,ok
v2e_vs_real,original,537000,538000,14298,0,15,0.5,uniform,1.0,0.2378303142706672,0.05656325838608433,ok
v2e_vs_real,original,538000,539000,14142,0,15,0.5,uniform,1.0,0.24366249806643717,0.059371412963976494,ok
v2e_vs_real,original,539000,540000,10982,0,15,0.5,uniform,1.0,0.25426115175163855,0.06464873329006976,ok
v2e_vs_real,original,540000,541000,14976,0,15,0.5,uniform,1.0,0.2506813266410845,0.06284112752653409,ok
v2e_vs_real,original,541000,542000,15586,0,15,0.5,uniform,1.0,0.25348346265219435,0.0642538658381464,ok
v2e_vs_real,original,542000,543000,11960,0,15,0.5,uniform,1.0,0.2598620125586916,0.0675282655710536,ok
v2e_vs_real,original,543000,544000,16355,0,15,0.5,uniform,1.0,0.2523632051118433,0.06368718729432228,ok
v2e_vs_real,original,544000,545000,16894,0,15,0.5,uniform,1.0,0.2528028657580759,0.06390928893549574,ok
v2e_vs_real,original,545000,546000,17797,0,15,0.5,uniform,1.0,0.251700964482483,0.0633533755214122,ok
v2e_vs_real,original,546000,547000,13770,0,15,0.5,uniform,1.0,0.2580963573701524,0.06661372968774142,ok
v2e_vs_real,original,547000,548000,19167,0,15,0.5,uniform,1.0,0.25009639959512286,0.06254820909044338,ok
v2e_vs_real,original,548000,549000,19484,0,15,0.5,uniform,1.0,0.24978268289082606,0.06239138867213897,ok
v2e_vs_real,original,549000,550000,14621,0,15,0.5,uniform,1.0,0.25506501100730217,0.06505815984015519,ok
v2e_vs_real,original,550000,551000,19509,0,15,0.5,uniform,1.0,0.24854622592093512,0.061775226419540516,ok
v2e_vs_real,original,551000,552000,19568,0,15,0.5,uniform,1.0,0.24889944522644677,0.061950933834032974,ok
v2e_vs_real,original,552000,553000,19698,0,15,0.5,uniform,1.0,0.24823228116542012,0.06161926541258819,ok
v2e_vs_real,original,553000,554000,14483,0,15,0.5,uniform,1.0,0.25421076202188736,0.06462311152774866,ok
v2e_vs_real,original,554000,555000,19233,0,15,0.5,uniform,1.0,0.24747902333034372,0.061245866988540815,ok
v2e_vs_real,original,555000,556000,19174,0,15,0.5,uniform,1.0,0.24684463027075457,0.06093227149350552,ok
v2e_vs_real,original,556000,557000,18952,0,15,0.5,uniform,1.0,0.24738178577309644,0.061197747932286176,ok
v2e_vs_real,original,557000,558000,14131,0,15,0.5,uniform,1.0,0.2530799273545974,0.06404944962980828,ok
v2e_vs_real,original,558000,559000,18337,0,15,0.5,uniform,1.0,0.24744124599115644,0.06122717021765599,ok
v2e_vs_real,original,559000,560000,17762,0,15,0.5,uniform,1.0,0.2470100760007264,0.06101397764588463,ok
v2e_vs_real,original,560000,561000,12980,0,15,0.5,uniform,1.0,0.25377428832715276,0.06440138941595286,ok
v2e_vs_real,original,561000,562000,16820,0,15,0.5,uniform,1.0,0.24840324791305832,0.06170417357375631,ok
v2e_vs_real,original,562000,563000,16504,0,15,0.5,uniform,1.0,0.24814758466404518,0.06157722377459947,ok
v2e_vs_real,original,563000,564000,15989,0,15,0.5,uniform,1.0,0.2484685120444667,0.061736601477591295,ok
v2e_vs_real,original,564000,565000,11582,0,15,0.5,uniform,1.0,0.2550213425729512,0.06503588516771056,ok
v2e_vs_real,original,565000,566000,15309,0,15,0.5,uniform,1.0,0.245343878831686,0.06019361888017703,ok
v2e_vs_real,original,566000,567000,15559,0,15,0.5,uniform,1.0,0.23904794402220395,0.057143919541242746,ok
v2e_vs_real,original,567000,568000,10765,0,15,0.5,uniform,1.0,0.2461088529248382,0.06056956748797964,ok
v2e_vs_real,original,568000,569000,13599,0,15,0.5,uniform,1.0,0.24333771714628843,0.05921324458596708,ok
v2e_vs_real,original,569000,570000,13193,0,15,0.5,uniform,1.0,0.24661024680764826,0.06081661383052919,ok
v2e_vs_real,original,570000,571000,12860,0,15,0.5,uniform,1.0,0.24960368483603662,0.0623019994837275,ok
v2e_vs_real,original,571000,572000,9667,0,15,0.5,uniform,1.0,0.2583700770464797,0.06675509671300385,ok
v2e_vs_real,original,572000,573000,13049,0,15,0.5,uniform,1.0,0.25204925811329204,0.0635288285154609,ok
v2e_vs_real,original,573000,574000,13323,0,15,0.5,uniform,1.0,0.25336080320757426,0.06419169660198717,ok
v2e_vs_real,original,574000,575000,10441,0,15,0.5,uniform,1.0,0.2591028400825797,0.0671342817388589,ok
v2e_vs_real,original,575000,576000,13730,0,15,0.5,uniform,1.0,0.25403968832327467,0.06453616324338653,ok
v2e_vs_real,original,576000,577000,13845,0,15,0.5,uniform,1.0,0.2526166578019625,0.06381517579903383,ok
v2e_vs_real,original,577000,578000,13807,0,15,0.5,uniform,1.0,0.2521353179619158,0.06357221856375639,ok
v2e_vs_real,original,578000,579000,10260,0,15,0.5,uniform,1.0,0.2607027818704129,0.06796594047497209,ok
v2e_vs_real,original,579000,580000,13762,0,15,0.5,uniform,1.0,0.25608549052613644,0.06557977845801193,ok
v2e_vs_real,original,580000,581000,13661,0,15,0.5,uniform,1.0,0.25670192299229805,0.06589587726794371,ok
v2e_vs_real,original,581000,582000,13475,0,15,0.5,uniform,1.0,0.25731911461310464,0.06621312674527209,ok
v2e_vs_real,original,582000,583000,10267,0,15,0.5,uniform,1.0,0.2631726516276354,0.06925984456472074,ok
v2e_vs_real,original,583000,584000,13281,0,15,0.5,uniform,1.0,0.2584718449068409,0.06680769460954601,ok
v2e_vs_real,original,584000,585000,13596,0,15,0.5,uniform,1.0,0.25854443263073723,0.06684522364434983,ok
v2e_vs_real,original,585000,586000,10257,0,15,0.5,uniform,1.0,0.2689114076645377,0.07231334517212319,ok
v2e_vs_real,original,586000,587000,13580,0,15,0.5,uniform,1.0,0.26305551336883654,0.06919820311374213,ok
v2e_vs_real,original,587000,588000,13587,0,15,0.5,uniform,1.0,0.26485721953786745,0.07014934674133011,ok
v2e_vs_real,original,588000,589000,13170,0,15,0.5,uniform,1.0,0.26678757935371233,0.07117561249741336,ok
v2e_vs_real,original,589000,590000,9520,0,15,0.5,uniform,1.0,0.2751772921957443,0.07572254214018205,ok
v2e_vs_real,original,590000,591000,12194,0,15,0.5,uniform,1.0,0.26970572810950755,0.0727411797750796,ok
v2e_vs_real,original,591000,592000,11522,0,15,0.5,uniform,1.0,0.27054793142440103,0.0731961831980224,ok
v2e_vs_real,original,592000,593000,8573,0,15,0.5,uniform,1.0,0.27497615198213143,0.07561188415890024,ok
v2e_vs_real,original,593000,594000,10730,0,15,0.5,uniform,1.0,0.2683059543626027,0.07198808514642704,ok
v2e_vs_real,original,594000,595000,10545,0,15,0.5,uniform,1.0,0.26673464731783514,0.0711473720797699,ok
v2e_vs_real,original,595000,596000,10892,0,15,0.5,uniform,1.0,0.2610407640421099,0.06814228049168851,ok
v2e_vs_real,original,596000,597000,8236,0,15,0.5,uniform,1.0,0.26642214958123694,0.070980761787487,ok
v2e_vs_real,original,597000,598000,10849,0,15,0.5,uniform,1.0,0.2587843972282843,0.06696936424880642,ok
v2e_vs_real,original,598000,599000,10592,0,15,0.5,uniform,1.0,0.2572639281338208,0.06618472871884373,ok
v2e_vs_real,original,599000,600000,9455,0,15,0.5,uniform,1.0,0.2505098399789381,0.06275517992627319,ok
v2e_vs_real,original,600000,601000,12362,0,15,0.5,uniform,1.0,0.24376340250226192,0.059420596399479754,ok
v2e_vs_real,original,601000,602000,12888,0,15,0.5,uniform,1.0,0.24396236176534844,0.059517633958126745,ok
v2e_vs_real,original,602000,603000,13254,0,15,0.5,uniform,1.0,0.24530040224623292,0.06017228734216368,ok
v2e_vs_real,original,603000,604000,9992,0,15,0.5,uniform,1.0,0.25154068364559096,0.06327271552889126,ok
v2e_vs_real,original,604000,605000,13496,0,15,0.5,uniform,1.0,0.2462114784123979,0.06062009210201868,ok
v2e_vs_real,original,605000,606000,13583,0,15,0.5,uniform,1.0,0.24656649977639097,0.060795038811981006,ok
v2e_vs_real,original,606000,607000,13432,0,15,0.5,uniform,1.0,0.2469784401342329,0.060998349891138864,ok
v2e_vs_real,original,607000,608000,10308,0,15,0.5,uniform,1.0,0.2532541770166253,0.06413767817636816,ok
v2e_vs_real,original,608000,609000,13840,0,15,0.5,uniform,1.0,0.24650651621032083,0.06076546253414916,ok
v2e_vs_real,original,609000,610000,14059,0,15,0.5,uniform,1.0,0.2456103083696768,0.060324423577447724,ok
v2e_vs_real,original,610000,611000,11016,0,15,0.5,uniform,1.0,0.24951047861039408,0.062255478936387915,ok
v2e_vs_real,original,611000,612000,15115,0,15,0.5,uniform,1.0,0.23965893906205835,0.0574364070723514,ok
v2e_vs_real,original,612000,613000,15297,0,15,0.5,uniform,1.0,0.23533275443047405,0.055381505307833805,ok
v2e_vs_real,original,613000,614000,15540,0,15,0.5,uniform,1.0,0.23391055178958506,0.05471414623850815,ok
v2e_vs_real,original,614000,615000,11920,0,15,0.5,uniform,1.0,0.2373445824808515,0.05633245083300972,ok
v2e_vs_real,original,615000,616000,16785,0,15,0.5,uniform,1.0,0.22631181815923804,0.05121703903854002,ok
v2e_vs_real,original,616000,617000,17511,0,15,0.5,uniform,1.0,0.2226120828471234,0.04955613942953453,ok
v2e_vs_real,original,617000,618000,13777,0,15,0.5,uniform,1.0,0.22291324606085286,0.04969031526938633,ok
v2e_vs_real,original,618000,619000,18657,0,15,0.5,uniform,1.0,0.21655435599153783,0.04689578909890969,ok
v2e_vs_real,original,619000,620000,19060,0,15,0.5,uniform,1.0,0.21263343742375948,0.045212978710643836,ok
v2e_vs_real,original,620000,621000,19489,0,15,0.5,uniform,1.0,0.20868408220853102,0.04354904616721693,ok
v2e_vs_real,original,621000,622000,14544,0,15,0.5,uniform,1.0,0.20942551605176907,0.043859046773549785,ok
v2e_vs_real,original,622000,623000,19482,0,15,0.5,uniform,1.0,0.20118867815325528,0.04047688421705414,ok
v2e_vs_real,original,623000,624000,19548,0,15,0.5,uniform,1.0,0.198593505485455,0.03943938042100145,ok
v2e_vs_real,original,624000,625000,14988,0,15,0.5,uniform,1.0,0.20051328461560705,0.04020557730733944,ok
v2e_vs_real,original,625000,626000,20025,0,15,0.5,uniform,1.0,0.19331335043959266,0.037370051458180766,ok
v2e_vs_real,original,626000,627000,20015,0,15,0.5,uniform,1.0,0.1878480916367605,0.035286905531572765,ok
v2e_vs_real,original,627000,628000,19603,0,15,0.5,uniform,1.0,0.18288426955351914,0.03344665605012425,ok
v2e_vs_real,original,628000,629000,14654,0,15,0.5,uniform,1.0,0.17993173495078885,0.03237542924240093,ok
v2e_vs_real,original,629000,630000,19184,0,15,0.5,uniform,1.0,0.16996113108530808,0.028886786079797278,ok
v2e_vs_real,original,630000,631000,18385,0,15,0.5,uniform,1.0,0.16434525153478963,0.027009361702033274,ok
v2e_vs_real,original,631000,632000,17616,0,15,0.5,uniform,1.0,0.15977543425554425,0.025528189391547745,ok
v2e_vs_real,original,632000,633000,13471,0,15,0.5,uniform,1.0,0.15730421622044471,0.024744616440728423,ok
v2e_vs_real,original,633000,634000,17531,0,15,0.5,uniform,1.0,0.14574848029439008,0.021242619508124214,ok
v2e_vs_real,original,634000,635000,17101,0,15,0.5,uniform,1.0,0.13826154199572513,0.019116253995035665,ok
v2e_vs_real,original,635000,636000,12489,0,15,0.5,uniform,1.0,0.1364189647091911,0.01861013393232753,ok
v2e_vs_real,original,636000,637000,16751,0,15,0.5,uniform,1.0,0.1356818633519878,0.018409568042667496,ok
v2e_vs_real,original,637000,638000,16787,0,15,0.5,uniform,1.0,0.13693893782792782,0.018752272693441083,ok
v2e_vs_real,original,638000,639000,16961,0,15,0.5,uniform,1.0,0.1423654172155434,0.020267912018955746,ok
v2e_vs_real,original,639000,640000,13056,0,15,0.5,uniform,1.0,0.1463083260285245,0.02140612626526902,ok
v2e_vs_real,original,640000,641000,17864,0,15,0.5,uniform,1.0,0.14624835520206947,0.02138858139931068,ok
v2e_vs_real,original,641000,642000,19079,0,15,0.5,uniform,1.0,0.1519255966447812,0.023081386915872755,ok
v2e_vs_real,original,642000,643000,14942,0,15,0.5,uniform,1.0,0.1595131227763458,0.025444436337861566,ok
v2e_vs_real,original,643000,644000,20408,0,15,0.5,uniform,1.0,0.1628118007494132,0.026507682463266624,ok
v2e_vs_real,original,644000,645000,20588,0,15,0.5,uniform,1.0,0.16797047961055897,0.028214082020601203,ok
v2e_vs_real,original,645000,646000,20798,0,15,0.5,uniform,1.0,0.1736719789971658,0.030161956288791994,ok
v2e_vs_real,original,646000,647000,15648,0,15,0.5,uniform,1.0,0.18136565030523638,0.03289349911064129,ok
v2e_vs_real,original,647000,648000,20756,0,15,0.5,uniform,1.0,0.1815254536567821,0.03295149032530054,ok
v2e_vs_real,original,648000,649000,20856,0,15,0.5,uniform,1.0,0.18545124193854493,0.03439216313654872,ok
v2e_vs_real,original,649000,650000,21326,0,15,0.5,uniform,1.0,0.1888970017678068,0.0356820772768668,ok
v2e_vs_real,original,650000,651000,15983,0,15,0.5,uniform,1.0,0.19781543686512829,0.039130947062141555,ok
v2e_vs_real,original,651000,652000,21060,0,15,0.5,uniform,1.0,0.19614312824397442,0.03847212675733219,ok
v2e_vs_real,original,652000,653000,20729,0,15,0.5,uniform,1.0,0.19983887945375042,0.039935577741330594,ok
v2e_vs_real,original,653000,654000,15376,0,15,0.5,uniform,1.0,0.20678769069700723,0.042761149023801126,ok
v2e_vs_real,original,654000,655000,19890,0,15,0.5,uniform,1.0,0.20558448007234204,0.0422649784466152,ok
v2e_vs_real,original,655000,656000,19784,0,15,0.5,uniform,1.0,0.20950575247355482,0.04389266031951042,ok
v2e_vs_real,original,656000,657000,19407,0,15,0.5,uniform,1.0,0.21377004483913556,0.04569763207052603,ok
v2e_vs_real,original,657000,658000,15088,0,15,0.5,uniform,1.0,0.22023772988402143,0.04850465766446718,ok
v2e_vs_real,original,658000,659000,19990,0,15,0.5,uniform,1.0,0.2171805634969101,0.04716739716083539,ok
v2e_vs_real,original,659000,660000,19702,0,15,0.5,uniform,1.0,0.2205468060360205,0.04864089365269005,ok
v2e_vs_real,original,660000,661000,14534,0,15,0.5,uniform,1.0,0.2262895255757147,0.05120694938528203,ok
v2e_vs_real,original,661000,662000,18778,0,15,0.5,uniform,1.0,0.22250433318751675,0.04950817828722147,ok
v2e_vs_real,original,662000,663000,17992,0,15,0.5,uniform,1.0,0.22573019920575588,0.050954122833470235,ok
v2e_vs_real,original,663000,664000,16942,0,15,0.5,uniform,1.0,0.22730266784002975,0.0516665028071949,ok
v2e_vs_real,original,664000,665000,12203,0,15,0.5,uniform,1.0,0.23372575903148482,0.0546277304348437,ok
v2e_vs_real,original,665000,666000,15341,0,15,0.5,uniform,1.0,0.22671428083976736,0.0513993651366929,ok
v2e_vs_real,original,666000,667000,12716,0,15,0.5,uniform,1.0,0.2211257618118224,0.048896602536858805,ok
v2e_vs_real,original,667000,668000,15917,0,15,0.5,uniform,1.0,0.22346467942452716,0.049936462950306695,ok
v2e_vs_real,original,668000,669000,13059,0,15,0.5,uniform,1.0,0.2327897666834575,0.054191075472538576,ok
v2e_vs_real,original,669000,670000,16437,0,15,0.5,uniform,1.0,0.23389733711450292,0.05470796430925542,ok
v2e_vs_real,original,670000,671000,13563,0,15,0.5,uniform,1.0,0.2415123750303067,0.05832822729277952,ok
v2e_vs_real,original,671000,672000,17273,0,15,0.5,uniform,1.0,0.23842225951554388,0.05684517383249736,ok
v2e_vs_real,original,672000,673000,14225,0,15,0.5,uniform,1.0,0.24423881223342614,0.059652597401194794,ok
v2e_vs_real,original,673000,674000,17885,0,15,0.5,uniform,1.0,0.2398105856048074,0.05750911696812065,ok
v2e_vs_real,original,674000,675000,14670,0,15,0.5,uniform,1.0,0.24758231658263966,0.061297003484426404,ok
v2e_vs_real,original,675000,676000,17934,0,15,0.5,uniform,1.0,0.2432301591158326,0.059160910303513246,ok
v2e_vs_real,original,676000,677000,14662,0,15,0.5,uniform,1.0,0.2502504362067885,0.06262528082168792,ok
v2e_vs_real,original,677000,678000,18223,0,15,0.5,uniform,1.0,0.24517002155000656,0.060108339466830675,ok
v2e_vs_real,original,678000,679000,14954,0,15,0.5,uniform,1.0,0.2516016705816651,0.06330340063948471,ok
v2e_vs_real,original,679000,680000,18358,0,15,0.5,uniform,1.0,0.2461057141939777,0.060568022558927834,ok
v2e_vs_real,original,680000,681000,15069,0,15,0.5,uniform,1.0,0.2516948214143222,0.06335028312678753,ok
v2e_vs_real,original,681000,682000,14761,0,15,0.5,uniform,1.0,0.25125119453580175,0.06312716275566731,ok
v2e_vs_real,original,682000,683000,19090,0,15,0.5,uniform,1.0,0.2424377619706756,0.05877606842934996,ok
v2e_vs_real,original,683000,684000,15289,0,15,0.5,uniform,1.0,0.2477060906940951,0.06135830736695127,ok
v2e_vs_real,original,684000,685000,19101,0,15,0.5,uniform,1.0,0.24283947650769724,0.05897101135053245,ok
v2e_vs_real,original,685000,686000,14910,0,15,0.5,uniform,1.0,0.24796077286556792,0.06148454488008976,ok
v2e_vs_real,original,686000,687000,18309,0,15,0.5,uniform,1.0,0.24410019380923434,0.05958490461770577,ok
v2e_vs_real,original,687000,688000,14533,0,15,0.5,uniform,1.0,0.24935487838181855,0.06217785537281152,ok
v2e_vs_real,original,688000,689000,17743,0,15,0.5,uniform,1.0,0.24499345652923282,0.060021793742141095,ok
v2e_vs_real,original,689000,690000,14233,0,15,0.5,uniform,1.0,0.2519073374249937,0.06345730664854965,ok
v2e_vs_real,original,690000,691000,17450,0,15,0.5,uniform,1.0,0.2461743050736138,0.06060178847847667,ok
v2e_vs_real,original,691000,692000,13974,0,15,0.5,uniform,1.0,0.2529389873052388,0.06397813129899974,ok
v2e_vs_real,original,692000,693000,17147,0,15,0.5,uniform,1.0,0.24745502203478717,0.06123398793023701,ok
v2e_vs_real,original,693000,694000,13413,0,15,0.5,uniform,1.0,0.25389049554734583,0.06446038372927683,ok
v2e_vs_real,original,694000,695000,16234,0,15,0.5,uniform,1.0,0.24779994133579103,0.06140481092602147,ok
v2e_vs_real,original,695000,696000,12449,0,15,0.5,uniform,1.0,0.25229612226567444,0.06365333331029614,ok
v2e_vs_real,original,696000,697000,11978,0,15,0.5,uniform,1.0,0.2518380698359082,0.06342241341867576,ok
v2e_vs_real,original,697000,698000,14245,0,15,0.5,uniform,1.0,0.24725839692499263,0.0611367148499172,ok
v2e_vs_real,original,698000,699000,11009,0,15,0.5,uniform,1.0,0.25246763750372037,0.06373990798670995,ok
v2e_vs_real,original,699000,700000,13710,0,15,0.5,uniform,1.0,0.23931331104785628,0.057270860844688014,ok
v2e_vs_real,original,700000,701000,10254,0,15,0.5,uniform,1.0,0.2447099871454154,0.05988297780870936,ok
v2e_vs_real,original,701000,702000,11866,0,15,0.5,uniform,1.0,0.24432022762509184,0.059692373626776686,ok
v2e_vs_real,original,702000,703000,8758,0,15,0.5,uniform,1.0,0.25218810559608074,0.06359884060413998,ok
v2e_vs_real,original,703000,704000,10769,0,15,0.5,uniform,1.0,0.24977843576202866,0.06238926697172588,ok
v2e_vs_real,original,704000,705000,8489,0,15,0.5,uniform,1.0,0.25740659583979975,0.06625815558183402,ok
v2e_vs_real,original,705000,706000,10574,0,15,0.5,uniform,1.0,0.25318930516637406,0.0641048242506313,ok
v2e_vs_real,original,706000,707000,8916,0,15,0.5,uniform,1.0,0.25772048162961636,0.06641984665140141,ok
v2e_vs_real,original,707000,708000,11620,0,15,0.5,uniform,1.0,0.251567420166944,0.06328616688945175,ok
v2e_vs_real,original,708000,709000,9581,0,15,0.5,uniform,1.0,0.2591014091997511,0.06713354024929687,ok
v2e_vs_real,original,709000,710000,12123,0,15,0.5,uniform,1.0,0.253603971774201,0.06431497449964975,ok
v2e_vs_real,original,710000,711000,10149,0,15,0.5,uniform,1.0,0.25920849820727204,0.06718904554286935,ok
v2e_vs_real,original,711000,712000,12693,0,15,0.5,uniform,1.0,0.2534408949788589,0.06423228724768498,ok
v2e_vs_real,original,712000,713000,10458,0,15,0.5,uniform,1.0,0.2590179116939731,0.06709027857830684,ok
v2e_vs_real,original,713000,714000,10708,0,15,0.5,uniform,1.0,0.25722609539227087,0.06616526415075363,ok
v2e_vs_real,original,714000,715000,13324,0,15,0.5,uniform,1.0,0.2526778482207102,0.06384609498144826,ok
v2e_vs_real,original,715000,716000,10858,0,15,0.5,uniform,1.0,0.25604862503724446,0.0655608983834634,ok
v2e_vs_real,original,716000,717000,13797,0,15,0.5,uniform,1.0,0.24869060404411422,0.061847016539826404,ok
v2e_vs_real,original,717000,718000,11170,0,15,0.5,uniform,1.0,0.2527997983510977,0.06390773804635567,ok
v2e_vs_real,original,718000,719000,13827,0,15,0.5,uniform,1.0,0.24767254892153068,0.061341691489288,ok
v2e_vs_real,original,719000,720000,11193,0,15,0.5,uniform,1.0,0.2534467833169405,0.06423527197370418,ok
v2e_vs_real,original,720000,721000,13917,0,15,0.5,uniform,1.0,0.24748682802279276,0.0612497300447834,ok
v2e_vs_real,original,721000,722000,11180,0,15,0.5,uniform,1.0,0.25289344683363657,0.06395509545139735,ok
v2e_vs_real,original,722000,723000,13735,0,15,0.5,uniform,1.0,0.24708141119993626,0.06104922376055199,ok
v2e_vs_real,original,723000,724000,10977,0,15,0.5,uniform,1.0,0.25277747999435496,0.06389645439229653,ok
v2e_vs_real,original,724000,725000,13873,0,15,0.5,uniform,1.0,0.24796619245407742,0.06148723260017256,ok
v2e_vs_real,original,725000,726000,11216,0,15,0.5,uniform,1.0,0.25311658017444927,0.0640680031592084,ok
v2e_vs_real,original,726000,727000,13554,0,15,0.5,uniform,1.0,0.24796164788325165,0.06148497882097767,ok
v2e_vs_real,original,727000,728000,10983,0,15,0.5,uniform,1.0,0.2518732282127923,0.06344012309033334,ok
v2e_vs_real,original,728000,729000,10938,0,15,0.5,uniform,1.0,0.2506847508080719,0.0628428442877051,ok
v2e_vs_real,original,729000,730000,13748,0,15,0.5,uniform,1.0,0.2440730946963757,0.05957167555466598,ok
v2e_vs_real,original,730000,731000,10737,0,15,0.5,uniform,1.0,0.24867415212832003,0.061838833936738856,ok
v2e_vs_real,original,731000,732000,12887,0,15,0.5,uniform,1.0,0.2450437203332748,0.060046424874772186,ok
v2e_vs_real,original,732000,733000,10549,0,15,0.5,uniform,1.0,0.24474876712686783,0.05990195901012178,ok
v2e_vs_real,original,733000,734000,13817,0,15,0.5,uniform,1.0,0.23433671358420016,0.054913695333443466,ok
v2e_vs_real,original,734000,735000,10891,0,15,0.5,uniform,1.0,0.23714300812323452,0.056236806301736476,ok
v2e_vs_real,original,735000,736000,13480,0,15,0.5,uniform,1.0,0.2339881304865991,0.05475044520861373,ok
v2e_vs_real,original,736000,737000,10701,0,15,0.5,uniform,1.0,0.2395813163855189,0.057399207161018116,ok
v2e_vs_real,original,737000,738000,13710,0,15,0.5,uniform,1.0,0.23602346470687027,0.05570707589223524,ok
v2e_vs_real,original,738000,739000,11206,0,15,0.5,uniform,1.0,0.24038712307663224,0.05778596894105993,ok
v2e_vs_real,original,739000,740000,14565,0,15,0.5,uniform,1.0,0.2323273079447729,0.053975978016865336,ok
v2e_vs_real,original,740000,741000,11990,0,15,0.5,uniform,1.0,0.23764624934285275,0.056475739826725345,ok
v2e_vs_real,original,741000,742000,15640,0,15,0.5,uniform,1.0,0.22774021940538208,0.05186560753481157,ok
v2e_vs_real,original,742000,743000,13147,0,15,0.5,uniform,1.0,0.23293017906230706,0.054256468317998435,ok
v2e_vs_real,original,743000,744000,17108,0,15,0.5,uniform,1.0,0.22327977607469102,0.04985385840396417,ok
v2e_vs_real,original,744000,745000,14699,0,15,0.5,uniform,1.0,0.22623652906356292,0.05118296708272835,ok
v2e_vs_real,original,745000,746000,18554,0,15,0.5,uniform,1.0,0.21542846351141937,0.04640942289089095,ok
v2e_vs_real,original,746000,747000,15566,0,15,0.5,uniform,1.0,0.2173031145170267,0.047220643578800015,ok
v2e_vs_real,original,747000,748000,15488,0,15,0.5,uniform,1.0,0.20901431734148027,0.04368698485372502,ok
v2e_vs_real,original,748000,749000,19668,0,15,0.5,uniform,1.0,0.19872522083511476,0.03949171339596513,ok
v2e_vs_real,original,749000,750000,16191,0,15,0.5,uniform,1.0,0.19422555634914715,0.03772356673913574,ok
v2e_vs_real,original,750000,751000,20593,0,15,0.5,uniform,1.0,0.1821538003786803,0.03318000699239611,ok
v2e_vs_real,original,751000,752000,16454,0,15,0.5,uniform,1.0,0.1755067802939333,0.03080262992914297,ok
v2e_vs_real,original,752000,753000,20364,0,15,0.5,uniform,1.0,0.16450388871543312,0.027061529402499604,ok
v2e_vs_real,original,753000,754000,15798,0,15,0.5,uniform,1.0,0.15832639862015782,0.02506724850002911,ok
v2e_vs_real,original,754000,755000,19588,0,15,0.5,uniform,1.0,0.1470153094964671,0.021613501226342008,ok
v2e_vs_real,original,755000,756000,15418,0,15,0.5,uniform,1.0,0.14052546276976144,0.01974740568665561,ok
v2e_vs_real,original,756000,757000,19178,0,15,0.5,uniform,1.0,0.13043577427445735,0.017013491210577193,ok
v2e_vs_real,original,757000,758000,15324,0,15,0.5,uniform,1.0,0.12453636127486176,0.015509305279582886,ok
v2e_vs_real,original,758000,759000,18887,0,15,0.5,uniform,1.0,0.11507138822623841,0.013241424388313681,ok
v2e_vs_real,original,759000,760000,15186,0,15,0.5,uniform,1.0,0.11138981431690265,0.01240769073355405,ok
v2e_vs_real,original,760000,761000,18488,0,15,0.5,uniform,1.0,0.10575822094028334,0.011184801296453786,ok
v2e_vs_real,original,761000,762000,15018,0,15,0.5,uniform,1.0,0.1075301598730689,0.011562735282327756,ok
v2e_vs_real,original,762000,763000,18711,0,15,0.5,uniform,1.0,0.10656019694214543,0.01135507557234882,ok
v2e_vs_real,original,763000,764000,14944,0,15,0.5,uniform,1.0,0.11171826261958966,0.012480970202739604,ok
v2e_vs_real,original,764000,765000,14441,0,15,0.5,uniform,1.0,0.11314214713701244,0.012801145458773373,ok
v2e_vs_real,original,765000,766000,17781,0,15,0.5,uniform,1.0,0.1169755916427209,0.013683289040164595,ok
v2e_vs_real,original,766000,767000,14967,0,15,0.5,uniform,1.0,0.12439667207741208,0.015474532023935193,ok
v2e_vs_real,original,767000,768000,17886,0,15,0.5,uniform,1.0,0.13490445836920054,0.01819921288788736,ok
v2e_vs_real,original,768000,769000,13551,0,15,0.5,uniform,1.0,0.1466875005153746,0.02151722280744802,ok
v2e_vs_real,original,769000,770000,16587,0,15,0.5,uniform,1.0,0.15483124020683794,0.023972712943987555,ok
v2e_vs_real,original,770000,771000,13174,0,15,0.5,uniform,1.0,0.168098550464211,0.028257122668168884,ok
v2e_vs_real,original,771000,772000,16391,0,15,0.5,uniform,1.0,0.17709524362205714,0.031362725313555766,ok
v2e_vs_real,original,772000,773000,13481,0,15,0.5,uniform,1.0,0.1898302197755334,0.03603551234002732,ok
v2e_vs_real,original,773000,774000,16705,0,15,0.5,uniform,1.0,0.1950273509015523,0.038035667599677206,ok
v2e_vs_real,original,774000,775000,13866,0,15,0.5,uniform,1.0,0.20594225580021847,0.04241221272408261,ok
v2e_vs_real,original,775000,776000,17663,0,15,0.5,uniform,1.0,0.20849169138169366,0.043468785375199395,ok
v2e_vs_real,original,776000,777000,14277,0,15,0.5,uniform,1.0,0.21836799988861127,0.04768458337535253,ok
v2e_vs_real,original,777000,778000,17928,0,15,0.5,uniform,1.0,0.2181238321358509,0.04757800614562886,ok
v2e_vs_real,original,778000,779000,14503,0,15,0.5,uniform,1.0,0.22705898279863662,0.05155578166955156,ok
v2e_vs_real,original,779000,780000,14589,0,15,0.5,uniform,1.0,0.22962642364393834,0.052728294435505446,ok
v2e_vs_real,original,780000,781000,18732,0,15,0.5,uniform,1.0,0.22892613584203741,0.05240717567156697,ok
v2e_vs_real,original,781000,782000,15158,0,15,0.5,uniform,1.0,0.23588235663524157,0.055640486171795296,ok
v2e_vs_real,original,782000,783000,19387,0,15,0.5,uniform,1.0,0.23210795818977847,0.05387410425502795,ok
v2e_vs_real,original,783000,784000,15704,0,15,0.5,uniform,1.0,0.23763355684672086,0.05646970733962371,ok
v2e_vs_real,original,784000,785000,19665,0,15,0.5,uniform,1.0,0.23457574509797446,0.055025780188269896,ok
v2e_vs_real,original,785000,786000,15816,0,15,0.5,uniform,1.0,0.24016743004149718,0.05768039445273744,ok
v2e_vs_real,original,786000,787000,20083,0,15,0.5,uniform,1.0,0.23743930104452207,0.056377421680511186,ok
v2e_vs_real,original,787000,788000,16124,0,15,0.5,uniform,1.0,0.24394282533569478,0.05950810203276129,ok
v2e_vs_real,original,788000,789000,20144,0,15,0.5,uniform,1.0,0.23895552646079965,0.05709974362615792,ok
v2e_vs_real,original,789000,790000,16175,0,15,0.5,uniform,1.0,0.24501732840185772,0.06003349121718379,ok
v2e_vs_real,original,790000,791000,19655,0,15,0.5,uniform,1.0,0.24133232979651723,0.05824129340501496,ok
v2e_vs_real,original,791000,792000,15637,0,15,0.5,uniform,1.0,0.24553140045592262,0.06028566860984663,ok
v2e_vs_real,original,792000,793000,18860,0,15,0.5,uniform,1.0,0.24139657161736575,0.05827230478861799,ok
v2e_vs_real,original,793000,794000,14805,0,15,0.5,uniform,1.0,0.24639718537518487,0.06071157296081321,ok
v2e_vs_real,original,794000,795000,17952,0,15,0.5,uniform,1.0,0.2409668883125087,0.05806504126301305,ok
v2e_vs_real,original,795000,796000,14061,0,15,0.5,uniform,1.0,0.2464373337767594,0.06073135947899791,ok
v2e_vs_real,original,796000,797000,13661,0,15,0.5,uniform,1.0,0.24759284852526606,0.06130221864085535,ok
v2e_vs_real,original,797000,798000,16648,0,15,0.5,uniform,1.0,0.2437570850576384,0.05941751651579677,ok
v2e_vs_real,original,798000,799000,12534,0,15,0.5,uniform,1.0,0.24927990265194683,0.06214046986616409,ok
v2e_vs_real,original,799000,800000,18329,0,15,0.5,uniform,1.0,0.23429522783025947,0.05489425378403319,ok
v2e_vs_real,original,800000,801000,14908,0,15,0.5,uniform,1.0,0.24376814633143898,0.05942290916586585,ok
v2e_vs_real,original,801000,802000,14103,0,15,0.5,uniform,1.0,0.24491942139341344,0.05998552297568443,ok
v2e_vs_real,original,802000,803000,13304,0,15,0.5,uniform,1.0,0.24418789961502704,0.05962773031839853,ok
v2e_vs_real,original,803000,804000,13297,0,15,0.5,uniform,1.0,0.24554407361251165,0.060291892086226546,ok
v2e_vs_real,original,804000,805000,13633,0,15,0.5,uniform,1.0,0.2508604965696991,0.06293098873919603,ok
v2e_vs_real,original,805000,806000,13586,0,15,0.5,uniform,1.0,0.25281176773793146,0.0639137899067778,ok
v2e_vs_real,original,806000,807000,12875,0,15,0.5,uniform,1.0,0.2500989484016298,0.06254948399160108,ok
v2e_vs_real,original,807000,808000,13247,0,15,0.5,uniform,1.0,0.2482496323863502,0.061627879979958014,ok
v2e_vs_real,original,808000,809000,14707,0,15,0.5,uniform,1.0,0.25286561606896213,0.06394101978993576,ok
v2e_vs_real,original,809000,810000,14847,0,15,0.5,uniform,1.0,0.2527733092040084,0.06389434584594524,ok
v2e_vs_real,original,810000,811000,14915,0,15,0.5,uniform,1.0,0.25305633402484373,0.06403750819009328,ok
v2e_vs_real,original,811000,812000,14850,0,15,0.5,uniform,1.0,0.2541272047116732,0.06458063617456868,ok
v2e_vs_real,original,812000,813000,11438,0,15,0.5,uniform,1.0,0.25891257540655277,0.06703572170365386,ok
v2e_vs_real,original,813000,814000,14966,0,15,0.5,uniform,1.0,0.25565127676238386,0.065357575310237,ok
v2e_vs_real,original,814000,815000,14984,0,15,0.5,uniform,1.0,0.25539354548771176,0.0652258630767839,ok
v2e_vs_real,original,815000,816000,15125,0,15,0.5,uniform,1.0,0.2541460502446729,0.0645902148549678,ok
v2e_vs_real,original,816000,817000,15036,0,15,0.5,uniform,1.0,0.25528562626559653,0.06517075097781784,ok
v2e_vs_real,original,817000,818000,15019,0,15,0.5,uniform,1.0,0.2563017838356864,0.06569060439735493,ok
v2e_vs_real,original,818000,819000,14934,0,15,0.5,uniform,1.0,0.2576646984266872,0.06639109681531566,ok
v2e_vs_real,original,819000,820000,14794,0,15,0.5,uniform,1.0,0.2579151294816385,0.06652021401553036,ok
v2e_vs_real,original,820000,821000,14769,0,15,0.5,uniform,1.0,0.2596277074476229,0.06740654647450849,ok
v2e_vs_real,original,821000,822000,14736,0,15,0.5,uniform,1.0,0.2622892251491186,0.06879563762932504,ok
v2e_vs_real,original,822000,823000,14889,0,15,0.5,uniform,1.0,0.2638199508556898,0.06960096646949858,ok
v2e_vs_real,original,823000,824000,13116,0,15,0.5,uniform,1.0,0.25955477696286766,0.06736868224424397,ok
v2e_vs_real,original,824000,825000,14020,0,15,0.5,uniform,1.0,0.2615362270026049,0.06840119803475808,ok
v2e_vs_real,original,825000,826000,14372,0,15,0.5,uniform,1.0,0.26493355246532,0.07018978722189448,ok
v2e_vs_real,original,826000,827000,14657,0,15,0.5,uniform,1.0,0.2685686755677979,0.07212913349624107,ok
v2e_vs_real,original,827000,828000,14001,0,15,0.5,uniform,1.0,0.267917823093434,0.0717799599311246,ok
v2e_vs_real,original,828000,829000,13569,0,15,0.5,uniform,1.0,0.2674069974110083,0.071506502264371,ok
v2e_vs_real,original,829000,830000,13102,0,15,0.5,uniform,1.0,0.26650745273817306,0.07102622236498954,ok
v2e_vs_real,original,830000,831000,12613,0,15,0.5,uniform,1.0,0.265679118896479,0.07058539421760941,ok
v2e_vs_real,original,831000,832000,12071,0,15,0.5,uniform,1.0,0.2650806078642407,0.07026772866567535,ok
v2e_vs_real,original,832000,833000,12290,0,15,0.5,uniform,1.0,0.2577676948565491,0.066444184511659,ok
v2e_vs_real,original,833000,834000,12481,0,15,0.5,uniform,1.0,0.25113225909071735,0.06306741155600719,ok
v2e_vs_real,original,834000,835000,11864,0,15,0.5,uniform,1.0,0.251268908933225,0.06313606459649333,ok
v2e_vs_real,original,835000,836000,11676,0,15,0.5,uniform,1.0,0.2510752633799558,0.06303878788131417,ok
v2e_vs_real,original,836000,837000,11469,0,15,0.5,uniform,1.0,0.25232455575893076,0.06366768143894175,ok
v2e_vs_real,original,837000,838000,11539,0,15,0.5,uniform,1.0,0.25320817191647,0.06411437832528062,ok
v2e_vs_real,original,838000,839000,10858,0,15,0.5,uniform,1.0,0.2530631876748393,0.06404097695615094,ok
v2e_vs_real,original,839000,840000,11391,0,15,0.5,uniform,1.0,0.25534088610248235,0.06519896811560087,ok
v2e_vs_real,original,840000,841000,11319,0,15,0.5,uniform,1.0,0.2558045919046347,0.06543598923949671,ok
v2e_vs_real,original,841000,842000,11091,0,15,0.5,uniform,1.0,0.2562265346191006,0.06565203704291317,ok
v2e_vs_real,original,842000,843000,11146,0,15,0.5,uniform,1.0,0.25594306967884134,0.06550685491662823,ok
v2e_vs_real,original,843000,844000,11357,0,15,0.5,uniform,1.0,0.25429588295574646,0.06466639608824269,ok
v2e_vs_real,original,844000,845000,11210,0,15,0.5,uniform,1.0,0.25595702982523333,0.06551400111695538,ok
v2e_vs_real,original,845000,846000,10998,0,15,0.5,uniform,1.0,0.2560706985441969,0.06557220265291296,ok
v2e_vs_real,original,846000,847000,10884,0,15,0.5,uniform,1.0,0.25673228641153195,0.06591146688609287,ok
v2e_vs_real,original,847000,848000,11256,0,15,0.5,uniform,1.0,0.25947324419113227,0.06732636445107096,ok
v2e_vs_real,original,848000,849000,11775,0,15,0.5,uniform,1.0,0.2572218629405962,0.06616308677463084,ok
v2e_vs_real,original,849000,850000,11766,0,15,0.5,uniform,1.0,0.2550216155511755,0.06503602439833155,ok
v2e_vs_real,original,850000,851000,12295,0,15,0.5,uniform,1.0,0.2595113166805877,0.06734612348529226,ok
v2e_vs_real,original,851000,852000,12155,0,15,0.5,uniform,1.0,0.25524863888174043,0.06515186765098113,ok
v2e_vs_real,original,852000,853000,12512,0,15,0.5,uniform,1.0,0.26015445970174833,0.0676803429027086,ok
v2e_vs_real,original,853000,854000,11528,0,15,0.5,uniform,1.0,0.252062855198347,0.06353568297074284,ok
v2e_vs_real,original,854000,855000,12317,0,15,0.5,uniform,1.0,0.2549156248033055,0.06498197576885961,ok
v2e_vs_real,original,855000,856000,12279,0,15,0.5,uniform,1.0,0.25588222806390315,0.06547571463894734,ok
v2e_vs_real,original,856000,857000,12574,0,15,0.5,uniform,1.0,0.2599421597920392,0.06756992643735006,ok
v2e_vs_real,original,857000,858000,12552,0,15,0.5,uniform,1.0,0.2565000926832648,0.06579229754652344,ok
v2e_vs_real,original,858000,859000,12213,0,15,0.5,uniform,1.0,0.2558444774568252,0.06545639664515594,ok
v2e_vs_real,original,859000,860000,11959,0,15,0.5,uniform,1.0,0.25509062561118845,0.0650712272747075,ok
v2e_vs_real,original,860000,861000,11902,0,15,0.5,uniform,1.0,0.2536962936157358,0.06436180939436165,ok
v2e_vs_real,original,861000,862000,11765,0,15,0.5,uniform,1.0,0.2538754628988596,0.06445275066211023,ok
v2e_vs_real,original,862000,863000,11908,0,15,0.5,uniform,1.0,0.25205749180320636,0.06353297917412343,ok
v2e_vs_real,original,863000,864000,11763,0,15,0.5,uniform,1.0,0.2510556671924413,0.06302894802944187,ok
v2e_vs_real,original,864000,865000,11460,0,15,0.5,uniform,1.0,0.2507334881316078,0.06286728207064311,ok
v2e_vs_real,original,865000,866000,11633,0,15,0.5,uniform,1.0,0.24541801240478608,0.060230000812715734,ok
v2e_vs_real,original,866000,867000,12957,0,15,0.5,uniform,1.0,0.22949144221682982,0.05266632205076054,ok
v2e_vs_real,original,867000,868000,13246,0,15,0.5,uniform,1.0,0.22172004274211826,0.049159777353566754,ok
v2e_vs_real,original,868000,869000,13502,0,15,0.5,uniform,1.0,0.21971970384641326,0.04827674825835555,ok
v2e_vs_real,original,869000,870000,13660,0,15,0.5,uniform,1.0,0.21705352310661793,0.04711223189299512,ok
v2e_vs_real,original,870000,871000,13208,0,15,0.5,uniform,1.0,0.2152474835030734,0.04633147915440586,ok
v2e_vs_real,original,871000,872000,13998,0,15,0.5,uniform,1.0,0.21130664402415292,0.04465049780875008,ok
v2e_vs_real,original,872000,873000,14232,0,15,0.5,uniform,1.0,0.2044085858495383,0.041782869969008075,ok
v2e_vs_real,original,873000,874000,14348,0,15,0.5,uniform,1.0,0.20250215348570216,0.04100712216634688,ok
v2e_vs_real,original,874000,875000,14394,0,15,0.5,uniform,1.0,0.19794732124106937,0.03918314198651512,ok
v2e_vs_real,original,875000,876000,15370,0,15,0.5,uniform,1.0,0.19402026435704528,0.037643862981177736,ok
v2e_vs_real,original,876000,877000,15881,0,15,0.5,uniform,1.0,0.18494023914822547,0.034202892056202826,ok
v2e_vs_real,original,877000,878000,16268,0,15,0.5,uniform,1.0,0.17535758944562327,0.03075028417617976,ok
v2e_vs_real,original,878000,879000,16821,0,15,0.5,uniform,1.0,0.16659239739326295,0.027753026869234844,ok
v2e_vs_real,original,879000,880000,17248,0,15,0.5,uniform,1.0,0.15856123098900632,0.025141663972749015,ok
v2e_vs_real,original,880000,881000,17842,0,15,0.5,uniform,1.0,0.15285206001005813,0.023363752249318415,ok
v2e_vs_real,original,881000,882000,18825,0,15,0.5,uniform,1.0,0.14713411396846954,0.02164844749328658,ok
v2e_vs_real,original,882000,883000,19710,0,15,0.5,uniform,1.0,0.14232590755842564,0.020256663962329523,ok
v2e_vs_real,original,883000,884000,19220,0,15,0.5,uniform,1.0,0.14007533840908942,0.019621100430420924,ok
v2e_vs_real,original,884000,885000,20229,0,15,0.5,uniform,1.0,0.1381974948671452,0.019098547587554623,ok
v2e_vs_real,original,885000,886000,20250,0,15,0.5,uniform,1.0,0.13508961832253746,0.018249204978528846,ok
v2e_vs_real,original,886000,887000,20193,0,15,0.5,uniform,1.0,0.13511982192221197,0.018257366276290272,ok
v2e_vs_real,original,887000,888000,20272,0,15,0.5,uniform,1.0,0.13535433914383405,0.01832079712506405,ok
v2e_vs_real,original,888000,889000,20342,0,15,0.5,uniform,1.0,0.13665968222722152,0.018675868746445168,ok
v2e_vs_real,original,889000,890000,20308,0,15,0.5,uniform,1.0,0.137957255460242,0.019032204334122477,ok
v2e_vs_real,original,890000,891000,20590,0,15,0.5,uniform,1.0,0.14041338510885545,0.01971591871772775,ok
v2e_vs_real,original,891000,892000,20779,0,15,0.5,uniform,1.0,0.1415250774186443,0.020029347538353268,ok
v2e_vs_real,original,892000,893000,20840,0,15,0.5,uniform,1.0,0.1433029092976569,0.02053572381317248,ok
v2e_vs_real,original,893000,894000,21149,0,15,0.5,uniform,1.0,0.14658707603861978,0.021487770861552097,ok
v2e_vs_real,original,894000,895000,21044,0,15,0.5,uniform,1.0,0.14893349316190377,0.022181185385406837,ok
v2e_vs_real,original,895000,896000,21086,0,15,0.5,uniform,1.0,0.1508262622960649,0.022748561398201368,ok
v2e_vs_real,original,896000,897000,20799,0,15,0.5,uniform,1.0,0.15322393926244093,0.023477575563100185,ok
v2e_vs_real,original,897000,898000,19962,0,15,0.5,uniform,1.0,0.15737957739543695,0.024768331381166332,ok
v2e_vs_real,original,898000,899000,19179,0,15,0.5,uniform,1.0,0.16022681975620998,0.025672633769188997,ok
v2e_vs_real,original,899000,900000,19896,0,15,0.5,uniform,1.0,0.15981953505391808,0.025542283784850545,ok
v2e_vs_real,original,900000,901000,19009,0,15,0.5,uniform,1.0,0.16994311011067276,0.02888066067408825,ok
v2e_vs_real,original,901000,902000,18495,0,15,0.5,uniform,1.0,0.18190732763296322,0.03309027584656622,ok
v2e_vs_real,original,902000,903000,18184,0,15,0.5,uniform,1.0,0.19186141268538318,0.036810801677630914,ok
v2e_vs_real,original,903000,904000,17796,0,15,0.5,uniform,1.0,0.20101611716362966,0.04040747935954209,ok
v2e_vs_real,original,904000,905000,17594,0,15,0.5,uniform,1.0,0.20904206467010608,0.04369858480154081,ok
v2e_vs_real,original,905000,906000,17392,0,15,0.5,uniform,1.0,0.21596629294064032,0.046641439686522464,ok
v2e_vs_real,original,906000,907000,17335,0,15,0.5,uniform,1.0,0.2218806712235885,0.049231032262630176,ok
v2e_vs_real,original,907000,908000,17407,0,15,0.5,uniform,1.0,0.22789368898571338,0.051935533479517064,ok
v2e_vs_real,original,908000,909000,17663,0,15,0.5,uniform,1.0,0.2335807900934696,0.05455998550068951,ok
v2e_vs_real,original,909000,910000,17492,0,15,0.5,uniform,1.0,0.23757177887449374,0.056440350117591354,ok
v2e_vs_real,original,910000,911000,17595,0,15,0.5,uniform,1.0,0.23953492122916173,0.05737697848826072,ok
v2e_vs_real,original,911000,912000,13150,0,15,0.5,uniform,1.0,0.2449909256483661,0.06002055365004325,ok
v2e_vs_real,original,912000,913000,17620,0,15,0.5,uniform,1.0,0.24103902192503648,0.05809981009057822,ok
v2e_vs_real,original,913000,914000,17617,0,15,0.5,uniform,1.0,0.24173074545195936,0.05843375329675997,ok
v2e_vs_real,original,914000,915000,17631,0,15,0.5,uniform,1.0,0.24348008821079423,0.059282553355136144,ok
v2e_vs_real,original,915000,916000,17626,0,15,0.5,uniform,1.0,0.24206044105842048,0.05859325712539705,ok
v2e_vs_real,original,916000,917000,17766,0,15,0.5,uniform,1.0,0.2403015554698463,0.05774483756122761,ok
v2e_vs_real,original,917000,918000,16942,0,15,0.5,uniform,1.0,0.24025937855274193,0.057724568982549754,ok
v2e_vs_real,original,918000,919000,17139,0,15,0.5,uniform,1.0,0.24211149364233367,0.05861797535372178,ok
v2e_vs_real,original,919000,920000,16892,0,15,0.5,uniform,1.0,0.24279532723264807,0.058949570926008665,ok
v2e_vs_real,original,920000,921000,16702,0,15,0.5,uniform,1.0,0.24339035335099624,0.05923886410432281,ok
v2e_vs_real,original,921000,922000,16643,0,15,0.5,uniform,1.0,0.24488806226222817,0.05997016303854894,ok
v2e_vs_real,original,922000,923000,16839,0,15,0.5,uniform,1.0,0.2454747296211105,0.06025784288255731,ok
v2e_vs_real,original,923000,924000,16805,0,15,0.5,uniform,1.0,0.24808353016884327,0.06154543794103537,ok
v2e_vs_real,original,924000,925000,17214,0,15,0.5,uniform,1.0,0.2476018411808152,0.061306671756129645,ok
v2e_vs_real,original,925000,926000,17369,0,15,0.5,uniform,1.0,0.24833376358268078,0.061669658135138784,ok
v2e_vs_real,original,926000,927000,17084,0,15,0.5,uniform,1.0,0.24834007797509686,0.06167279432867719,ok
v2e_vs_real,original,927000,928000,16682,0,15,0.5,uniform,1.0,0.2480396278448327,0.0615236569814031,ok
v2e_vs_real,original,928000,929000,16097,0,15,0.5,uniform,1.0,0.2472764130568646,0.06114562445426912,ok
v2e_vs_real,original,929000,930000,15443,0,15,0.5,uniform,1.0,0.24661585697648417,0.060819380912245695,ok
v2e_vs_real,original,930000,931000,14741,0,15,0.5,uniform,1.0,0.2467559358051571,0.0608884918550788,ok
v2e_vs_real,original,931000,932000,13805,0,15,0.5,uniform,1.0,0.24673217684794638,0.06087676709212629,ok
v2e_vs_real,original,932000,933000,13726,0,15,0.5,uniform,1.0,0.24046061439779126,0.05782130707656326,ok
v2e_vs_real,original,933000,934000,13699,0,15,0.5,uniform,1.0,0.236136308037096,0.055760355973390296,ok
v2e_vs_real,original,934000,935000,13697,0,15,0.5,uniform,1.0,0.24071803412815973,0.05794517195452587,ok
v2e_vs_real,original,935000,936000,13253,0,15,0.5,uniform,1.0,0.24643388816828993,0.06072966123774122,ok
v2e_vs_real,original,936000,937000,9922,0,15,0.5,uniform,1.0,0.25442056064943,0.06472982168117031,ok
v2e_vs_real,original,937000,938000,12984,0,15,0.5,uniform,1.0,0.25199092968464465,0.06349942864333152,ok
v2e_vs_real,original,938000,939000,13435,0,15,0.5,uniform,1.0,0.25018530610440215,0.06259268739055342,ok
v2e_vs_real,original,939000,940000,13525,0,15,0.5,uniform,1.0,0.2490444502028442,0.06202313817683693,ok
v2e_vs_real,original,940000,941000,13343,0,15,0.5,uniform,1.0,0.2489252498875344,0.06196378003157144,ok
v2e_vs_real,original,941000,942000,13032,0,15,0.5,uniform,1.0,0.2509608103001958,0.06298132830653086,ok
v2e_vs_real,original,942000,943000,10019,0,15,0.5,uniform,1.0,0.2563367426165209,0.06570852561524847,ok
v2e_vs_real,original,943000,944000,13224,0,15,0.5,uniform,1.0,0.2515915499673607,0.06329830801497897,ok
v2e_vs_real,original,944000,945000,12821,0,15,0.5,uniform,1.0,0.2527633981581718,0.06388933544846649,ok
v2e_vs_real,original,945000,946000,12606,0,15,0.5,uniform,1.0,0.2542768509936318,0.06465671695123762,ok
v2e_vs_real,original,946000,947000,13166,0,15,0.5,uniform,1.0,0.2519328153268063,0.06347014343849067,ok
v2e_vs_real,original,947000,948000,9680,0,15,0.5,uniform,1.0,0.26039568146896763,0.06780591092768805,ok
v2e_vs_real,original,948000,949000,13236,0,15,0.5,uniform,1.0,0.2530101557576162,0.06401413891649321,ok
v2e_vs_real,original,949000,950000,13300,0,15,0.5,uniform,1.0,0.2511710462118254,0.06308689445514294,ok
v2e_vs_real,original,950000,951000,13267,0,15,0.5,uniform,1.0,0.25081713572675146,0.06290923557417166,ok
v2e_vs_real,original,951000,952000,12918,0,15,0.5,uniform,1.0,0.25189044243547004,0.06344879499033686,ok
v2e_vs_real,original,952000,953000,9638,0,15,0.5,uniform,1.0,0.25783076623411316,0.0664767040168699,ok
v2e_vs_real,original,953000,954000,12661,0,15,0.5,uniform,1.0,0.2528871526182829,0.0639519119593827,ok
v2e_vs_real,original,954000,955000,12249,0,15,0.5,uniform,1.0,0.2552980931227201,0.06517711635209708,ok
v2e_vs_real,original,955000,956000,11921,0,15,0.5,uniform,1.0,0.2566226851906962,0.06585520255448317,ok
v2e_vs_real,original,956000,957000,11923,0,15,0.5,uniform,1.0,0.25533481697963967,0.0651958687620261,ok
v2e_vs_real,original,957000,958000,9010,0,15,0.5,uniform,1.0,0.263065201921825,0.06920330046217056,ok
v2e_vs_real,original,958000,959000,12329,0,15,0.5,uniform,1.0,0.2570334499318348,0.06606619438386102,ok
v2e_vs_real,original,959000,960000,12213,0,15,0.5,uniform,1.0,0.25896571297382015,0.06706324049603901,ok
v2e_vs_real,original,960000,961000,12032,0,15,0.5,uniform,1.0,0.25895287141620826,0.06705658961469928,ok
v2e_vs_real,original,961000,962000,12203,0,15,0.5,uniform,1.0,0.25598638127660206,0.06552902739908988,ok
v2e_vs_real,original,962000,963000,11961,0,15,0.5,uniform,1.0,0.25678786966087763,0.06594001000497189,ok
v2e_vs_real,original,963000,964000,8934,0,15,0.5,uniform,1.0,0.26109872309735804,0.06817254320307084,ok
v2e_vs_real,original,964000,965000,11850,0,15,0.5,uniform,1.0,0.2531156434056264,0.06406752893664425,ok
v2e_vs_real,original,965000,966000,11829,0,15,0.5,uniform,1.0,0.25147231160740136,0.06323832350516997,ok
v2e_vs_real,original,966000,967000,11936,0,15,0.5,uniform,1.0,0.2449847479535972,0.06001752672988755,ok
v2e_vs_real,original,967000,968000,11024,0,15,0.5,uniform,1.0,0.2481299888990658,0.061568491391050514,ok
v2e_vs_real,original,968000,969000,7822,0,15,0.5,uniform,1.0,0.2595552105286362,0.06736890731256466,ok
v2e_vs_real,original,969000,970000,10245,0,15,0.5,uniform,1.0,0.2575653737603657,0.06633992176031689,ok
v2e_vs_real,original,970000,971000,10726,0,15,0.5,uniform,1.0,0.2605255653899231,0.0678735702217391,ok
v2e_vs_real,original,971000,972000,11246,0,15,0.5,uniform,1.0,0.2634328249360026,0.06939685325376259,ok
v2e_vs_real,original,972000,973000,12191,0,15,0.5,uniform,1.0,0.26499467282217065,0.07022217662412926,ok
v2e_vs_real,original,973000,974000,9847,0,15,0.5,uniform,1.0,0.27640404280069053,0.07639919487656595,ok
v2e_vs_real,original,974000,975000,13966,0,15,0.5,uniform,1.0,0.2699861428108319,0.07289251730987091,ok
v2e_vs_real,original,975000,976000,14610,0,15,0.5,uniform,1.0,0.2721080087996385,0.07404276845290413,ok
v2e_vs_real,original,976000,977000,15678,0,15,0.5,uniform,1.0,0.27091521775691013,0.07339505521227405,ok
v2e_vs_real,original,977000,978000,16190,0,15,0.5,uniform,1.0,0.27035836588576684,0.07309364600442218,ok
v2e_vs_real,original,978000,979000,16539,0,15,0.5,uniform,1.0,0.2693472068377452,0.07254791783129509,ok
v2e_vs_real,original,979000,980000,12451,0,15,0.5,uniform,1.0,0.27551195401221634,0.0759068368036296,ok
v2e_vs_real,original,980000,981000,16790,0,15,0.5,uniform,1.0,0.26490564144505024,0.07017499886941353,ok
v2e_vs_real,original,981000,982000,16808,0,15,0.5,uniform,1.0,0.262750216255268,0.06903767614219011,ok
v2e_vs_real,original,982000,983000,16755,0,15,0.5,uniform,1.0,0.2585855074579451,0.066866464667283,ok
v2e_vs_real,original,983000,984000,16761,0,15,0.5,uniform,1.0,0.2537789419169069,0.06440375136046482,ok
v2e_vs_real,original,984000,985000,12303,0,15,0.5,uniform,1.0,0.25726526202589284,0.06618541504525129,ok
v2e_vs_real,original,985000,986000,16700,0,15,0.5,uniform,1.0,0.24670697396900007,0.06086433100494088,ok
v2e_vs_real,original,986000,987000,16556,0,15,0.5,uniform,1.0,0.24482129585223156,0.0599374669027659,ok
v2e_vs_real,original,987000,988000,16650,0,15,0.5,uniform,1.0,0.24159816635558934,0.05836967398638302,ok
v2e_vs_real,original,988000,989000,16733,0,15,0.5,uniform,1.0,0.2386436064541939,0.05695077090146418,ok
v2e_vs_real,original,989000,990000,12261,0,15,0.5,uniform,1.0,0.24482841414769707,0.05994095237407627,ok
v2e_vs_real,original,990000,991000,16378,0,15,0.5,uniform,1.0,0.23713596340609858,0.05623346514053853,ok
v2e_vs_real,original,991000,992000,16544,0,15,0.5,uniform,1.0,0.23460431826111008,0.05503918614676023,ok
v2e_vs_real,original,992000,993000,16513,0,15,0.5,uniform,1.0,0.23311903970260986,0.054344486671867,ok
v2e_vs_real,original,993000,994000,16461,0,15,0.5,uniform,1.0,0.2301897209718628,0.052987307641104056,ok
v2e_vs_real,original,994000,995000,12179,0,15,0.5,uniform,1.0,0.2336166890991376,0.05457675742564312,ok
v2e_vs_real,original,995000,996000,15877,0,15,0.5,uniform,1.0,0.22638418710906447,0.05124980017303191,ok
v2e_vs_real,original,996000,997000,15771,0,15,0.5,uniform,1.0,0.22293691079614927,0.04970086619533022,ok
v2e_vs_real,original,997000,998000,15088,0,15,0.5,uniform,1.0,0.22218209852398468,0.049364884904521636,ok
v2e_vs_real,original,998000,999000,14454,0,15,0.5,uniform,1.0,0.2204545860241073,0.04860022449906053,ok
v2e_vs_real,original,999000,1000000,16380,0,15,0.5,uniform,1.0,0.202940017924471,0.04118465087518461,ok
v2e_vs_real,original,1000000,1001000,12076,0,15,0.5,uniform,1.0,0.1911992453601944,0.03655715142630782,ok
v2e_vs_real,original,1001000,1002000,15728,0,15,0.5,uniform,1.0,0.17590877332414542,0.03094389653240558,ok
v2e_vs_real,original,1002000,1003000,15632,0,15,0.5,uniform,1.0,0.16360024388372868,0.026765039798815504,ok
v2e_vs_real,original,1003000,1004000,15516,0,15,0.5,uniform,1.0,0.15247347866029634,0.023248161694771848,ok
v2e_vs_real,original,1004000,1005000,15747,0,15,0.5,uniform,1.0,0.14170787121372985,0.020081120763927048,ok
v2e_vs_real,original,1005000,1006000,11961,0,15,0.5,uniform,1.0,0.13142419818252582,0.01727231986791982,ok
v2e_vs_real,original,1006000,1007000,16252,0,15,0.5,uniform,1.0,0.11870451376172687,0.014090761587408004,ok
v2e_vs_real,original,1007000,1008000,16695,0,15,0.5,uniform,1.0,0.10776015106802801,0.011612250158204218,ok
v2e_vs_real,original,1008000,1009000,17071,0,15,0.5,uniform,1.0,0.09976383310037064,0.009952822394878609,ok
v2e_vs_real,original,1009000,1010000,17028,0,15,0.5,uniform,1.0,0.09578194323973285,0.009174180650779407,ok
v2e_vs_real,original,1010000,1011000,12766,0,15,0.5,uniform,1.0,0.09465526284589787,0.008959618784426013,ok
v2e_vs_real,original,1011000,1012000,17345,0,15,0.5,uniform,1.0,0.09114601511245632,0.008307596070880115,ok
v2e_vs_real,original,1012000,1013000,17502,0,15,0.5,uniform,1.0,0.0885024045025991,0.007832675602741673,ok
v2e_vs_real,original,1013000,1014000,17967,0,15,0.5,uniform,1.0,0.09274210406243617,0.008601097865927741,ok
v2e_vs_real,original,1014000,1015000,17818,0,15,0.5,uniform,1.0,0.10224455625310575,0.010453949283394506,ok
