comparison_set,variant,window_start,window_end,n_events,distance,distance_squared,status
real_vs_real,original,16000,17000,4675,6.061004151233039,,ok
real_vs_real,original,17000,18000,4381,10.887743738897878,,ok
real_vs_real,original,18000,19000,4066,18.672965311977993,,ok
real_vs_real,original,19000,20000,3949,26.474775569318744,,ok
real_vs_real,original,20000,21000,3648,33.87790194540325,,ok
real_vs_real,original,21000,22000,3526,34.222240922345186,,ok
real_vs_real,original,22000,23000,3695,35.05274442667646,,ok
real_vs_real,original,23000,24000,3423,38.51165865098361,,ok
real_vs_real,original,24000,25000,3360,41.534731590177714,,ok
real_vs_real,original,25000,26000,3458,38.93854673825962,,ok
real_vs_real,original,26000,27000,3352,39.6138608184156,,ok
real_vs_real,original,27000,28000,3498,36.92623343014869,,ok
real_vs_real,original,28000,29000,3618,36.27163554284773,,ok
real_vs_real,original,29000,30000,3510,38.61565343204106,,ok
real_vs_real,original,30000,31000,3653,35.41220019892217,,ok
real_vs_real,original,31000,32000,3473,38.5964150813467,,ok
real_vs_real,original,32000,33000,3466,41.64890120016139,,ok
real_vs_real,original,33000,34000,3537,44.22937457259475,,ok
real_vs_real,original,34000,35000,4110,48.552373138477684,,ok
real_vs_real,original,35000,36000,4951,51.16283938713931,,ok
real_vs_real,original,36000,37000,5577,48.904889666530465,,ok
real_vs_real,original,37000,38000,5907,47.866683779584534,,ok
real_vs_real,original,38000,39000,6165,48.612769377458434,,ok
real_vs_real,original,39000,40000,6115,46.33442333342968,,ok
real_vs_real,original,40000,41000,6104,47.597771857533935,,ok
real_vs_real,original,41000,42000,6097,46.424938635995666,,ok
real_vs_real,original,42000,43000,6192,46.76908525288107,,ok
real_vs_real,original,43000,44000,6257,46.848479897690616,,ok
real_vs_real,original,44000,45000,6675,45.9923428988583,,ok
real_vs_real,original,45000,46000,6576,45.7575561773735,,ok
real_vs_real,original,46000,47000,6608,47.73232065916921,,ok
real_vs_real,original,47000,48000,6542,47.63158519633521,,ok
real_vs_real,original,48000,49000,6307,47.483718261376325,,ok
real_vs_real,original,49000,50000,6433,47.66912019067673,,ok
real_vs_real,original,50000,51000,6720,46.44236941973726,,ok
real_vs_real,original,51000,52000,6714,48.6760987132479,,ok
real_vs_real,original,52000,53000,6787,48.897758328793735,,ok
real_vs_real,original,53000,54000,7124,49.8378513530681,,ok
real_vs_real,original,54000,55000,7146,50.36964470965679,,ok
real_vs_real,original,55000,56000,7339,49.36729339819245,,ok
real_vs_real,original,56000,57000,7187,50.15229583565769,,ok
real_vs_real,original,57000,58000,7248,50.04289716119472,,ok
real_vs_real,original,58000,59000,7428,48.906080253887794,,ok
real_vs_real,original,59000,60000,7223,49.397638293980705,,ok
real_vs_real,original,60000,61000,7387,49.431349318766934,,ok
real_vs_real,original,61000,62000,7483,48.63354844463187,,ok
real_vs_real,original,62000,63000,7357,48.75583344959484,,ok
real_vs_real,original,63000,64000,7534,48.6289413786634,,ok
real_vs_real,original,64000,65000,7511,48.93385931120266,,ok
real_vs_real,original,65000,66000,7323,49.4071687258518,,ok
real_vs_real,original,66000,67000,7297,48.36001762433092,,ok
real_vs_real,original,67000,68000,7158,47.337561871452294,,ok
real_vs_real,original,68000,69000,7253,46.376888707796965,,ok
real_vs_real,original,69000,70000,7134,45.33491679610423,,ok
real_vs_real,original,70000,71000,7033,44.29401082691539,,ok
real_vs_real,original,71000,72000,6941,43.34820220308531,,ok
real_vs_real,original,72000,73000,6857,42.061616475286854,,ok
real_vs_real,original,73000,74000,6681,41.63817680250787,,ok
real_vs_real,original,74000,75000,6518,40.72726949757038,,ok
real_vs_real,original,75000,76000,6435,39.75001863072133,,ok
real_vs_real,original,76000,77000,6495,39.39740049695539,,ok
real_vs_real,original,77000,78000,6460,37.96159847765515,,ok
real_vs_real,original,78000,79000,6383,37.636306466951936,,ok
real_vs_real,original,79000,80000,6536,36.82993627911159,,ok
real_vs_real,original,80000,81000,6397,35.69782748210351,,ok
real_vs_real,original,81000,82000,6349,36.020080714000805,,ok
real_vs_real,original,82000,83000,6368,36.584579095573204,,ok
real_vs_real,original,83000,84000,6346,36.69653569246346,,ok
real_vs_real,original,84000,85000,6492,36.71025442864796,,ok
real_vs_real,original,85000,86000,6446,36.722698620011975,,ok
real_vs_real,original,86000,87000,6497,35.33216323111562,,ok
real_vs_real,original,87000,88000,6498,36.37499532051709,,ok
real_vs_real,original,88000,89000,6660,35.70158943471856,,ok
real_vs_real,original,89000,90000,6531,36.42598051240009,,ok
real_vs_real,original,90000,91000,6644,37.08060991709836,,ok
real_vs_real,original,91000,92000,6531,36.551574318097074,,ok
real_vs_real,original,92000,93000,6709,37.06089235685806,,ok
real_vs_real,original,93000,94000,6680,36.52773531864182,,ok
real_vs_real,original,94000,95000,6656,36.23133294537674,,ok
real_vs_real,original,95000,96000,6666,35.65253449181501,,ok
real_vs_real,original,96000,97000,6620,34.467149425603026,,ok
real_vs_real,original,97000,98000,6580,32.15208488511509,,ok
real_vs_real,original,98000,99000,6373,29.614995482682534,,ok
real_vs_real,original,99000,100000,6236,27.983871491806024,,ok
real_vs_real,original,100000,101000,6281,26.468679563073174,,ok
real_vs_real,original,101000,102000,6171,24.17263817176949,,ok
real_vs_real,original,102000,103000,6244,23.016515431744665,,ok
real_vs_real,original,103000,104000,6074,21.147527191675064,,ok
real_vs_real,original,104000,105000,6160,22.153971651906097,,ok
real_vs_real,original,105000,106000,6248,21.024058191375474,,ok
real_vs_real,original,106000,107000,6030,18.32274884721577,,ok
real_vs_real,original,107000,108000,5969,16.488380593466704,,ok
real_vs_real,original,108000,109000,5985,15.818784356054723,,ok
real_vs_real,original,109000,110000,5958,16.565176163006978,,ok
real_vs_real,original,110000,111000,5826,13.113411760814396,,ok
real_vs_real,original,111000,112000,5838,12.840345367616735,,ok
real_vs_real,original,112000,113000,5684,9.421832786124199,,ok
real_vs_real,original,113000,114000,5691,10.083415868943915,,ok
real_vs_real,original,114000,115000,5533,8.861089106563268,,ok
real_vs_real,original,115000,116000,5338,10.376858605264976,,ok
real_vs_real,original,116000,117000,5399,9.383680011357047,,ok
real_vs_real,original,117000,118000,5271,7.9358990174022015,,ok
real_vs_real,original,118000,119000,4951,8.857765828391583,,ok
real_vs_real,original,119000,120000,4658,17.69451363003441,,ok
real_vs_real,original,120000,121000,4383,21.767598559484185,,ok
real_vs_real,original,121000,122000,4165,27.921304029797643,,ok
real_vs_real,original,122000,123000,3907,33.097927988203836,,ok
real_vs_real,original,123000,124000,3887,32.5797960451417,,ok
real_vs_real,original,124000,125000,3711,34.42556945955426,,ok
real_vs_real,original,125000,126000,3758,34.313263557974665,,ok
real_vs_real,original,126000,127000,3917,34.40889112381749,,ok
real_vs_real,original,127000,128000,3821,37.573901335304285,,ok
real_vs_real,original,128000,129000,3888,40.092507199793516,,ok
real_vs_real,original,129000,130000,3900,40.900634880265784,,ok
real_vs_real,original,130000,131000,3700,43.162666166506945,,ok
real_vs_real,original,131000,132000,3705,39.63195163136555,,ok
real_vs_real,original,132000,133000,3658,40.75108792105129,,ok
real_vs_real,original,133000,134000,3735,43.798355615323985,,ok
real_vs_real,original,134000,135000,4161,44.85882606419077,,ok
real_vs_real,original,135000,136000,4587,41.604687680185,,ok
real_vs_real,original,136000,137000,4770,43.310151591206214,,ok
real_vs_real,original,137000,138000,4969,43.56857074302496,,ok
real_vs_real,original,138000,139000,5263,47.0743615786563,,ok
real_vs_real,original,139000,140000,5491,46.8057534052183,,ok
real_vs_real,original,140000,141000,5729,47.291628150666284,,ok
real_vs_real,original,141000,142000,5844,50.35969622326709,,ok
real_vs_real,original,142000,143000,5889,48.68671448150583,,ok
real_vs_real,original,143000,144000,6226,48.38102964586261,,ok
real_vs_real,original,144000,145000,6139,47.93224336555225,,ok
real_vs_real,original,145000,146000,6300,48.36195330959257,,ok
real_vs_real,original,146000,147000,6385,47.488226026190986,,ok
real_vs_real,original,147000,148000,6372,50.20984120317511,,ok
real_vs_real,original,148000,149000,6560,49.91057616947112,,ok
real_vs_real,original,149000,150000,6880,49.97769518320118,,ok
real_vs_real,original,150000,151000,7124,50.440898234368944,,ok
real_vs_real,original,151000,152000,7464,50.55524401155689,,ok
real_vs_real,original,152000,153000,7450,50.353309833920946,,ok
real_vs_real,original,153000,154000,7641,50.253387233329406,,ok
real_vs_real,original,154000,155000,7649,51.07157001051629,,ok
real_vs_real,original,155000,156000,7610,50.56533802268858,,ok
real_vs_real,original,156000,157000,7821,51.31224251464099,,ok
real_vs_real,original,157000,158000,7779,52.05884481371641,,ok
real_vs_real,original,158000,159000,7747,51.114710386914616,,ok
real_vs_real,original,159000,160000,7927,51.09784040861211,,ok
real_vs_real,original,160000,161000,7944,50.73045970464337,,ok
real_vs_real,original,161000,162000,7837,49.46165595129516,,ok
real_vs_real,original,162000,163000,7738,49.5602801945817,,ok
real_vs_real,original,163000,164000,7891,48.961540138122785,,ok
real_vs_real,original,164000,165000,7638,48.41689443324511,,ok
real_vs_real,original,165000,166000,7699,48.156172480337354,,ok
real_vs_real,original,166000,167000,7482,47.562667931874635,,ok
real_vs_real,original,167000,168000,7392,46.86108981997286,,ok
real_vs_real,original,168000,169000,7461,46.27209918816015,,ok
real_vs_real,original,169000,170000,7463,45.61574057189364,,ok
real_vs_real,original,170000,171000,7317,45.03620191527058,,ok
real_vs_real,original,171000,172000,7387,44.17975654456908,,ok
real_vs_real,original,172000,173000,7328,43.59446092123869,,ok
real_vs_real,original,173000,174000,7050,43.14722441186574,,ok
real_vs_real,original,174000,175000,6973,42.424864057500756,,ok
real_vs_real,original,175000,176000,6971,41.93470555052227,,ok
real_vs_real,original,176000,177000,6997,40.58716470482957,,ok
real_vs_real,original,177000,178000,6729,40.81173132637944,,ok
real_vs_real,original,178000,179000,6923,40.339278076016996,,ok
real_vs_real,original,179000,180000,6687,39.166686929990675,,ok
real_vs_real,original,180000,181000,6849,38.62457041234717,,ok
real_vs_real,original,181000,182000,6637,37.21462967678385,,ok
real_vs_real,original,182000,183000,6553,36.604004687745544,,ok
real_vs_real,original,183000,184000,6624,36.68566842572233,,ok
real_vs_real,original,184000,185000,6545,36.14966978362742,,ok
real_vs_real,original,185000,186000,6580,36.567525946610985,,ok
real_vs_real,original,186000,187000,6885,37.57984421380419,,ok
real_vs_real,original,187000,188000,6731,37.13162900306014,,ok
real_vs_real,original,188000,189000,6682,36.552586370453355,,ok
real_vs_real,original,189000,190000,6678,36.60130909439475,,ok
real_vs_real,original,190000,191000,6562,36.08495738083601,,ok
real_vs_real,original,191000,192000,6695,36.07272908491169,,ok
real_vs_real,original,192000,193000,6486,36.44955054695044,,ok
real_vs_real,original,193000,194000,6758,36.127358498285716,,ok
real_vs_real,original,194000,195000,6703,36.58359960639065,,ok
real_vs_real,original,195000,196000,6718,37.05014312300695,,ok
real_vs_real,original,196000,197000,6766,36.903534480930226,,ok
real_vs_real,original,197000,198000,6769,35.482462814890035,,ok
real_vs_real,original,198000,199000,6392,31.872202447192937,,ok
real_vs_real,original,199000,200000,6299,30.441624224492347,,ok
real_vs_real,original,200000,201000,6339,29.71133131209184,,ok
real_vs_real,original,201000,202000,6148,26.478495533741775,,ok
real_vs_real,original,202000,203000,6415,27.798278089665654,,ok
real_vs_real,original,203000,204000,6317,25.855523988396204,,ok
real_vs_real,original,204000,205000,6197,25.428627021773178,,ok
real_vs_real,original,205000,206000,6329,23.842765370134718,,ok
real_vs_real,original,206000,207000,5905,22.695616996204997,,ok
real_vs_real,original,207000,208000,5839,17.13626963015903,,ok
real_vs_real,original,208000,209000,5947,15.8819381766366,,ok
real_vs_real,original,209000,210000,5713,15.954514650488823,,ok
real_vs_real,original,210000,211000,5681,14.373087077861646,,ok
real_vs_real,original,211000,212000,5768,14.979110356533992,,ok
real_vs_real,original,212000,213000,5615,12.177503821526452,,ok
real_vs_real,original,213000,214000,5391,13.496661685525002,,ok
real_vs_real,original,214000,215000,5263,7.928857976544317,,ok
real_vs_real,original,215000,216000,4892,2.2764704526742343,,ok
real_vs_real,original,216000,217000,4647,2.327121022008643,,ok
real_vs_real,original,217000,218000,4360,11.628621697391104,,ok
real_vs_real,original,218000,219000,4149,19.435968608588816,,ok
real_vs_real,original,219000,220000,3795,25.72644189380768,,ok
real_vs_real,original,220000,221000,3620,31.88379204011633,,ok
real_vs_real,original,221000,222000,3469,36.45829309091018,,ok
real_vs_real,original,222000,223000,3604,35.30404542022424,,ok
real_vs_real,original,223000,224000,3329,40.55189668338209,,ok
real_vs_real,original,224000,225000,3357,39.53178762205831,,ok
real_vs_real,original,225000,226000,3454,36.713577639528076,,ok
real_vs_real,original,226000,227000,3384,39.367203142779296,,ok
real_vs_real,original,227000,228000,3543,36.601811135744235,,ok
real_vs_real,original,228000,229000,3587,36.98593391137588,,ok
real_vs_real,original,229000,230000,3477,37.26970642655407,,ok
real_vs_real,original,230000,231000,3698,34.032435587816394,,ok
real_vs_real,original,231000,232000,3470,39.46288742559824,,ok
real_vs_real,original,232000,233000,3381,43.30183063943409,,ok
real_vs_real,original,233000,234000,3675,42.05143409972591,,ok
real_vs_real,original,234000,235000,4099,45.26404441123942,,ok
real_vs_real,original,235000,236000,4867,49.94842046404586,,ok
real_vs_real,original,236000,237000,5598,47.25077375091112,,ok
real_vs_real,original,237000,238000,5776,46.928227766730394,,ok
real_vs_real,original,238000,239000,6113,47.21953103939585,,ok
real_vs_real,original,239000,240000,6265,45.27965833080239,,ok
real_vs_real,original,240000,241000,5965,46.45958505513481,,ok
real_vs_real,original,241000,242000,6253,46.32942454855436,,ok
real_vs_real,original,242000,243000,6222,46.67604978206269,,ok
real_vs_real,original,243000,244000,6347,45.26430069047992,,ok
real_vs_real,original,244000,245000,6649,46.29705839458582,,ok
real_vs_real,original,245000,246000,6613,46.53326775371486,,ok
real_vs_real,original,246000,247000,6781,45.70808561967387,,ok
real_vs_real,original,247000,248000,6591,46.51837809181158,,ok
real_vs_real,original,248000,249000,6377,46.371694574416345,,ok
real_vs_real,original,249000,250000,6548,46.7182777285859,,ok
real_vs_real,original,250000,251000,6768,46.77726709102157,,ok
real_vs_real,original,251000,252000,6604,47.47469323427017,,ok
real_vs_real,original,252000,253000,6983,48.36620354563214,,ok
real_vs_real,original,253000,254000,7108,48.82428583145337,,ok
real_vs_real,original,254000,255000,7103,49.105958432442556,,ok
real_vs_real,original,255000,256000,7292,50.05226252460664,,ok
real_vs_real,original,256000,257000,7202,49.08775978532637,,ok
real_vs_real,original,257000,258000,7200,49.48537881727059,,ok
real_vs_real,original,258000,259000,7363,49.26524478535188,,ok
real_vs_real,original,259000,260000,7307,48.5042238295554,,ok
real_vs_real,original,260000,261000,7402,48.45157382677496,,ok
real_vs_real,original,261000,262000,7480,48.45926187975144,,ok
real_vs_real,original,262000,263000,7495,48.23375989334582,,ok
real_vs_real,original,263000,264000,7427,47.94294984049407,,ok
real_vs_real,original,264000,265000,7442,48.31286575338952,,ok
real_vs_real,original,265000,266000,7404,49.11500024381493,,ok
real_vs_real,original,266000,267000,7400,47.815635632846124,,ok
real_vs_real,original,267000,268000,7320,47.11919390429674,,ok
real_vs_real,original,268000,269000,7198,46.11218184772938,,ok
real_vs_real,original,269000,270000,7168,45.09614018936216,,ok
real_vs_real,original,270000,271000,7134,43.85787107340896,,ok
real_vs_real,original,271000,272000,6945,43.13077810038504,,ok
real_vs_real,original,272000,273000,6802,42.30332233820773,,ok
real_vs_real,original,273000,274000,6656,41.640222397863546,,ok
real_vs_real,original,274000,275000,6481,40.34452218722807,,ok
real_vs_real,original,275000,276000,6541,39.78722012605131,,ok
real_vs_real,original,276000,277000,6362,39.290932520563636,,ok
real_vs_real,original,277000,278000,6362,37.818072087238555,,ok
real_vs_real,original,278000,279000,6371,37.53477739560377,,ok
real_vs_real,original,279000,280000,6320,36.767816145734535,,ok
real_vs_real,original,280000,281000,6411,35.766409525223835,,ok
real_vs_real,original,281000,282000,6291,35.82064535863509,,ok
real_vs_real,original,282000,283000,6262,36.06700526927477,,ok
real_vs_real,original,283000,284000,6332,35.42268229241142,,ok
real_vs_real,original,284000,285000,6393,36.55942303261624,,ok
real_vs_real,original,285000,286000,6444,36.18791875785054,,ok
real_vs_real,original,286000,287000,6546,35.90989289487665,,ok
real_vs_real,original,287000,288000,6487,35.608162671864015,,ok
real_vs_real,original,288000,289000,6583,35.62007765773485,,ok
real_vs_real,original,289000,290000,6509,35.58175424842973,,ok
real_vs_real,original,290000,291000,6550,36.701936300057476,,ok
real_vs_real,original,291000,292000,6533,35.98867453535158,,ok
real_vs_real,original,292000,293000,6645,36.282402163301036,,ok
real_vs_real,original,293000,294000,6606,35.696517140473034,,ok
real_vs_real,original,294000,295000,6580,35.90728315853088,,ok
real_vs_real,original,295000,296000,6645,35.02864435175802,,ok
real_vs_real,original,296000,297000,6774,35.84634194971695,,ok
real_vs_real,original,297000,298000,6427,32.59981073160673,,ok
real_vs_real,original,298000,299000,6400,30.615356040458572,,ok
real_vs_real,original,299000,300000,6198,27.576655830762043,,ok
real_vs_real,original,300000,301000,6282,26.884464980919503,,ok
real_vs_real,original,301000,302000,6130,24.84007215864968,,ok
real_vs_real,original,302000,303000,6074,22.43767798349836,,ok
real_vs_real,original,303000,304000,6031,20.55354268542519,,ok
real_vs_real,original,304000,305000,6144,20.450021506616828,,ok
real_vs_real,original,305000,306000,6029,20.7920975450013,,ok
real_vs_real,original,306000,307000,6074,18.833409812598806,,ok
real_vs_real,original,307000,308000,5977,18.246235356156156,,ok
real_vs_real,original,308000,309000,5989,15.76428388624976,,ok
real_vs_real,original,309000,310000,5645,14.671484381961633,,ok
real_vs_real,original,310000,311000,5977,14.18218011953316,,ok
real_vs_real,original,311000,312000,5593,10.74560823864884,,ok
real_vs_real,original,312000,313000,5588,9.372442220855854,,ok
real_vs_real,original,313000,314000,5654,8.418213417673504,,ok
real_vs_real,original,314000,315000,5580,9.162513838780022,,ok
real_vs_real,original,315000,316000,5342,11.16684889936207,,ok
real_vs_real,original,316000,317000,5359,8.98006245139419,,ok
real_vs_real,original,317000,318000,5239,7.2760305334928495,,ok
real_vs_real,original,318000,319000,4902,8.185597863560824,,ok
real_vs_real,original,319000,320000,4778,13.516853134012111,,ok
real_vs_real,original,320000,321000,4270,25.382871276173766,,ok
real_vs_real,original,321000,322000,4051,28.545145724048755,,ok
real_vs_real,original,322000,323000,3903,33.28555822427487,,ok
real_vs_real,original,323000,324000,3776,34.744604122154406,,ok
real_vs_real,original,324000,325000,3741,33.522945713570245,,ok
real_vs_real,original,325000,326000,3723,36.4952791333499,,ok
real_vs_real,original,326000,327000,3711,36.389288939139995,,ok
real_vs_real,original,327000,328000,3782,39.468467122993346,,ok
real_vs_real,original,328000,329000,3604,43.824929814760885,,ok
real_vs_real,original,329000,330000,3766,42.85428772291692,,ok
real_vs_real,original,330000,331000,3710,42.452935236165715,,ok
real_vs_real,original,331000,332000,3606,43.2438313301632,,ok
real_vs_real,original,332000,333000,3631,40.117634717836005,,ok
real_vs_real,original,333000,334000,3646,44.04853962768602,,ok
real_vs_real,original,334000,335000,3836,43.061110283298895,,ok
real_vs_real,original,335000,336000,4264,44.33843823993328,,ok
real_vs_real,original,336000,337000,4649,44.38156058991732,,ok
real_vs_real,original,337000,338000,4741,45.730232217256244,,ok
real_vs_real,original,338000,339000,5068,46.00158333241263,,ok
real_vs_real,original,339000,340000,5303,46.68441583784287,,ok
real_vs_real,original,340000,341000,5478,48.501457380085355,,ok
real_vs_real,original,341000,342000,5600,49.22414804452304,,ok
real_vs_real,original,342000,343000,5913,47.692341492942944,,ok
real_vs_real,original,343000,344000,6072,48.4969687175652,,ok
real_vs_real,original,344000,345000,6111,49.363645716304276,,ok
real_vs_real,original,345000,346000,6130,49.3567288619031,,ok
real_vs_real,original,346000,347000,6252,49.049883229282464,,ok
real_vs_real,original,347000,348000,6278,50.56429797527138,,ok
real_vs_real,original,348000,349000,6355,49.907359832347,,ok
real_vs_real,original,349000,350000,6555,50.06326276409428,,ok
real_vs_real,original,350000,351000,6866,50.691059830698656,,ok
real_vs_real,original,351000,352000,7252,51.383432325679806,,ok
real_vs_real,original,352000,353000,7442,50.539307780529576,,ok
real_vs_real,original,353000,354000,7223,50.013843469188785,,ok
real_vs_real,original,354000,355000,7552,51.68384891438269,,ok
real_vs_real,original,355000,356000,7539,51.75844648400807,,ok
real_vs_real,original,356000,357000,7576,52.03484211467625,,ok
real_vs_real,original,357000,358000,7718,52.013758032883885,,ok
real_vs_real,original,358000,359000,7968,52.03420197215502,,ok
real_vs_real,original,359000,360000,7787,51.723173122632375,,ok
real_vs_real,original,360000,361000,7962,50.90453654546989,,ok
real_vs_real,original,361000,362000,7825,50.35556906030633,,ok
real_vs_real,original,362000,363000,7903,50.18070612730434,,ok
real_vs_real,original,363000,364000,7898,49.79624403497266,,ok
real_vs_real,original,364000,365000,7695,48.64090550082084,,ok
real_vs_real,original,365000,366000,7659,48.749213161420336,,ok
real_vs_real,original,366000,367000,7571,48.10954770982814,,ok
real_vs_real,original,367000,368000,7652,47.369020885482584,,ok
real_vs_real,original,368000,369000,7611,47.02405657386858,,ok
real_vs_real,original,369000,370000,7501,46.240722056287744,,ok
real_vs_real,original,370000,371000,7473,46.29076166627888,,ok
real_vs_real,original,371000,372000,7384,44.70083512771911,,ok
real_vs_real,original,372000,373000,7259,44.58734872619187,,ok
real_vs_real,original,373000,374000,7147,43.737515067214716,,ok
real_vs_real,original,374000,375000,7157,43.57810471110261,,ok
real_vs_real,original,375000,376000,7157,42.27496923269438,,ok
real_vs_real,original,376000,377000,7000,42.197400017884206,,ok
real_vs_real,original,377000,378000,6832,41.79985252237548,,ok
real_vs_real,original,378000,379000,7072,40.61411212500468,,ok
real_vs_real,original,379000,380000,6800,39.715214009852005,,ok
real_vs_real,original,380000,381000,6896,39.08779366670032,,ok
real_vs_real,original,381000,382000,6649,38.24384907399855,,ok
real_vs_real,original,382000,383000,6663,37.36434715382039,,ok
real_vs_real,original,383000,384000,6635,37.289732614410916,,ok
real_vs_real,original,384000,385000,6666,37.22815120700351,,ok
real_vs_real,original,385000,386000,6700,37.01087947983822,,ok
real_vs_real,original,386000,387000,6783,37.8803334715417,,ok
real_vs_real,original,387000,388000,6810,37.49681773345878,,ok
real_vs_real,original,388000,389000,6854,37.52711341950288,,ok
real_vs_real,original,389000,390000,6681,36.52080750823338,,ok
real_vs_real,original,390000,391000,6615,36.50674737139915,,ok
real_vs_real,original,391000,392000,6702,35.88658282385204,,ok
real_vs_real,original,392000,393000,6590,36.239308522274996,,ok
real_vs_real,original,393000,394000,6706,36.50994407026927,,ok
real_vs_real,original,394000,395000,6834,37.41059847594729,,ok
real_vs_real,original,395000,396000,6688,36.9703083323981,,ok
real_vs_real,original,396000,397000,6751,36.573182799753695,,ok
real_vs_real,original,397000,398000,6834,37.55070547088331,,ok
real_vs_real,original,398000,399000,6528,34.54485247843714,,ok
real_vs_real,original,399000,400000,6359,31.89048721197925,,ok
real_vs_real,original,400000,401000,6347,30.958583101568536,,ok
real_vs_real,original,401000,402000,6285,29.233540602008826,,ok
real_vs_real,original,402000,403000,6407,27.968470904135298,,ok
real_vs_real,original,403000,404000,6315,27.562938256988517,,ok
real_vs_real,original,404000,405000,6311,26.03001563267112,,ok
real_vs_real,original,405000,406000,6263,26.13374751656246,,ok
real_vs_real,original,406000,407000,6161,23.304165918367836,,ok
real_vs_real,original,407000,408000,6014,19.43196424147908,,ok
real_vs_real,original,408000,409000,5847,17.51935966564405,,ok
real_vs_real,original,409000,410000,5827,15.516674587104426,,ok
real_vs_real,original,410000,411000,5816,15.613790116546335,,ok
real_vs_real,original,411000,412000,5879,16.827599712468487,,ok
real_vs_real,original,412000,413000,5654,13.506809628689338,,ok
real_vs_real,original,413000,414000,5587,14.561322620446283,,ok
real_vs_real,original,414000,415000,5326,9.614643022129133,,ok
real_vs_real,original,415000,416000,5102,5.857371642916204,,ok
real_vs_real,original,416000,417000,4905,2.4401820834661754,,ok
real_vs_real,original,417000,418000,4688,4.2934177105014415,,ok
real_vs_real,original,418000,419000,4389,10.93687603552329,,ok
real_vs_real,original,419000,420000,4065,19.961139713328222,,ok
real_vs_real,original,420000,421000,3895,27.370956992035556,,ok
real_vs_real,original,421000,422000,3682,31.778294148267754,,ok
real_vs_real,original,422000,423000,3541,36.15671511740494,,ok
real_vs_real,original,423000,424000,3443,41.8680570553952,,ok
real_vs_real,original,424000,425000,3405,39.1664959561693,,ok
real_vs_real,original,425000,426000,3471,39.04218530964928,,ok
real_vs_real,original,426000,427000,3470,40.47648368836723,,ok
real_vs_real,original,427000,428000,3531,36.09242829434405,,ok
real_vs_real,original,428000,429000,3487,36.034669983534364,,ok
real_vs_real,original,429000,430000,3505,38.07910796153205,,ok
real_vs_real,original,430000,431000,3697,35.10400046660664,,ok
real_vs_real,original,431000,432000,3544,37.027689592106384,,ok
real_vs_real,original,432000,433000,3446,42.214550919705,,ok
real_vs_real,original,433000,434000,3442,40.38758680989428,,ok
real_vs_real,original,434000,435000,3642,47.13671124644059,,ok
real_vs_real,original,435000,436000,4114,48.61767968199212,,ok
real_vs_real,original,436000,437000,5296,49.75387963647215,,ok
real_vs_real,original,437000,438000,5541,49.307460106456034,,ok
real_vs_real,original,438000,439000,5919,48.5782920567393,,ok
real_vs_real,original,439000,440000,6105,48.46646245729058,,ok
real_vs_real,original,440000,441000,5992,46.57612802958008,,ok
real_vs_real,original,441000,442000,6165,47.14405696476045,,ok
real_vs_real,original,442000,443000,6188,46.79095891496926,,ok
real_vs_real,original,443000,444000,6266,47.105999708166436,,ok
real_vs_real,original,444000,445000,6487,45.79788638325459,,ok
real_vs_real,original,445000,446000,6520,46.68579264953088,,ok
real_vs_real,original,446000,447000,6538,46.17349600794464,,ok
real_vs_real,original,447000,448000,6623,47.51148729913207,,ok
real_vs_real,original,448000,449000,6355,47.52986342619003,,ok
real_vs_real,original,449000,450000,6373,48.064149312982366,,ok
real_vs_real,original,450000,451000,6544,46.78404985009059,,ok
real_vs_real,original,451000,452000,6580,47.49434846549353,,ok
real_vs_real,original,452000,453000,6899,48.71842020878464,,ok
real_vs_real,original,453000,454000,7011,48.99874550088832,,ok
real_vs_real,original,454000,455000,7050,49.8205842759263,,ok
real_vs_real,original,455000,456000,7200,49.88669301481982,,ok
real_vs_real,original,456000,457000,7153,50.37401637356924,,ok
real_vs_real,original,457000,458000,7263,49.34053970830964,,ok
real_vs_real,original,458000,459000,7426,49.17582383311641,,ok
real_vs_real,original,459000,460000,7221,49.92545015389532,,ok
real_vs_real,original,460000,461000,7313,49.310275837327175,,ok
real_vs_real,original,461000,462000,7492,48.75982266491249,,ok
real_vs_real,original,462000,463000,7444,49.65035546029246,,ok
real_vs_real,original,463000,464000,7370,48.83724522915878,,ok
real_vs_real,original,464000,465000,7437,48.71031169493917,,ok
real_vs_real,original,465000,466000,7342,49.464389598741214,,ok
real_vs_real,original,466000,467000,7383,49.3559969044245,,ok
real_vs_real,original,467000,468000,7368,48.10477768417968,,ok
real_vs_real,original,468000,469000,7210,47.44050777316073,,ok
real_vs_real,original,469000,470000,7301,46.307696163023564,,ok
real_vs_real,original,470000,471000,7193,45.82303674066905,,ok
real_vs_real,original,471000,472000,6946,44.079925184966804,,ok
real_vs_real,original,472000,473000,6978,43.17080699347423,,ok
real_vs_real,original,473000,474000,6668,42.25510469868682,,ok
real_vs_real,original,474000,475000,6667,41.406348482716055,,ok
real_vs_real,original,475000,476000,6638,40.621660183884565,,ok
real_vs_real,original,476000,477000,6406,39.841942647089375,,ok
real_vs_real,original,477000,478000,6484,38.78274347364651,,ok
real_vs_real,original,478000,479000,6414,37.94794334769344,,ok
real_vs_real,original,479000,480000,6414,37.57217226355072,,ok
real_vs_real,original,480000,481000,6442,36.09563522397111,,ok
real_vs_real,original,481000,482000,6392,36.11957652068007,,ok
real_vs_real,original,482000,483000,6199,36.61465823235343,,ok
real_vs_real,original,483000,484000,6354,35.78533973377592,,ok
real_vs_real,original,484000,485000,6335,37.0146745476465,,ok
real_vs_real,original,485000,486000,6455,36.02007839248353,,ok
real_vs_real,original,486000,487000,6529,36.02920715832943,,ok
real_vs_real,original,487000,488000,6548,35.81486231326025,,ok
real_vs_real,original,488000,489000,6553,36.522869390058474,,ok
real_vs_real,original,489000,490000,6645,36.54237145975237,,ok
real_vs_real,original,490000,491000,6520,36.508355553871205,,ok
real_vs_real,original,491000,492000,6540,36.67997839911192,,ok
real_vs_real,original,492000,493000,6666,36.878636942722444,,ok
real_vs_real,original,493000,494000,6675,36.55315481173886,,ok
real_vs_real,original,494000,495000,6610,35.72459323020223,,ok
real_vs_real,original,495000,496000,6702,36.16628013805806,,ok
real_vs_real,original,496000,497000,6672,35.95571224747341,,ok
real_vs_real,original,497000,498000,6714,34.50144144943198,,ok
real_vs_real,original,498000,499000,6440,32.197266329635994,,ok
real_vs_real,original,499000,500000,6417,30.90505712271753,,ok
real_vs_real,original,500000,501000,6258,27.63122972597889,,ok
real_vs_real,original,501000,502000,6265,27.787145613773152,,ok
real_vs_real,original,502000,503000,6156,23.135538659250212,,ok
real_vs_real,original,503000,504000,6191,21.566219466087766,,ok
real_vs_real,original,504000,505000,6219,21.396406292266718,,ok
real_vs_real,original,505000,506000,6202,22.95597650019007,,ok
real_vs_real,original,506000,507000,6146,20.73003979051266,,ok
real_vs_real,original,507000,508000,6102,19.425586070318126,,ok
real_vs_real,original,508000,509000,5943,16.299627866338582,,ok
real_vs_real,original,509000,510000,5986,15.930037798637798,,ok
real_vs_real,original,510000,511000,5981,13.908009711125892,,ok
real_vs_real,original,511000,512000,5818,11.789231637509253,,ok
real_vs_real,original,512000,513000,5892,11.222232002655442,,ok
real_vs_real,original,513000,514000,5579,10.84974882488646,,ok
real_vs_real,original,514000,515000,5672,10.141564415993702,,ok
real_vs_real,original,515000,516000,5557,11.100189034176298,,ok
real_vs_real,original,516000,517000,5526,11.456589394247617,,ok
real_vs_real,original,517000,518000,5343,9.32056939286491,,ok
real_vs_real,original,518000,519000,5193,7.002651182797276,,ok
real_vs_real,original,519000,520000,4972,9.28758921756766,,ok
real_vs_real,original,520000,521000,4563,17.778847575958906,,ok
real_vs_real,original,521000,522000,4246,24.834442979728404,,ok
real_vs_real,original,522000,523000,4042,28.526897738922923,,ok
real_vs_real,original,523000,524000,3838,29.883711313806312,,ok
real_vs_real,original,524000,525000,3956,30.79822116454113,,ok
real_vs_real,original,525000,526000,3802,34.157383799951184,,ok
real_vs_real,original,526000,527000,3863,32.06472713976555,,ok
real_vs_real,original,527000,528000,3821,37.321612353751156,,ok
real_vs_real,original,528000,529000,3855,38.198473678020086,,ok
real_vs_real,original,529000,530000,3766,39.244864051395055,,ok
real_vs_real,original,530000,531000,3762,42.01844617598169,,ok
real_vs_real,original,531000,532000,3715,41.335644416372,,ok
real_vs_real,original,532000,533000,3727,41.82950853312091,,ok
real_vs_real,original,533000,534000,3795,38.99760857352877,,ok
real_vs_real,original,534000,535000,3754,42.523447334454836,,ok
real_vs_real,original,535000,536000,4264,43.31885404015798,,ok
real_vs_real,original,536000,537000,4492,45.5570873390866,,ok
real_vs_real,original,537000,538000,4783,42.41581893535324,,ok
real_vs_real,original,538000,539000,5080,46.259147523633466,,ok
real_vs_real,original,539000,540000,5299,45.95522913271966,,ok
real_vs_real,original,540000,541000,5477,47.56702982523897,,ok
real_vs_real,original,541000,542000,5632,48.30620219133817,,ok
real_vs_real,original,542000,543000,5975,48.97077865992143,,ok
real_vs_real,original,543000,544000,6072,48.03313679500432,,ok
real_vs_real,original,544000,545000,6055,49.5154806576344,,ok
real_vs_real,original,545000,546000,6160,48.09808683035967,,ok
real_vs_real,original,546000,547000,6280,48.166752307675885,,ok
real_vs_real,original,547000,548000,6346,48.79474192235254,,ok
real_vs_real,original,548000,549000,6219,49.05736914586093,,ok
real_vs_real,original,549000,550000,6656,49.141569987768364,,ok
real_vs_real,original,550000,551000,6928,49.72713677097562,,ok
real_vs_real,original,551000,552000,7275,51.15791203708025,,ok
real_vs_real,original,552000,553000,7382,50.18783748701586,,ok
real_vs_real,original,553000,554000,7382,49.756637177298224,,ok
real_vs_real,original,554000,555000,7528,50.61659156733765,,ok
real_vs_real,original,555000,556000,7566,51.074172650022625,,ok
real_vs_real,original,556000,557000,7721,51.85423952618849,,ok
real_vs_real,original,557000,558000,7706,51.240616111857484,,ok
real_vs_real,original,558000,559000,7814,51.743422416052574,,ok
real_vs_real,original,559000,560000,7955,51.69322129362044,,ok
real_vs_real,original,560000,561000,7714,50.549018883933705,,ok
real_vs_real,original,561000,562000,7885,50.25443209864209,,ok
real_vs_real,original,562000,563000,7867,49.76741358403629,,ok
real_vs_real,original,563000,564000,7866,49.850581250062596,,ok
real_vs_real,original,564000,565000,7703,48.75095862049059,,ok
real_vs_real,original,565000,566000,7552,48.50866957983841,,ok
real_vs_real,original,566000,567000,7585,48.1152999065597,,ok
real_vs_real,original,567000,568000,7596,46.81085935446286,,ok
real_vs_real,original,568000,569000,7397,46.7674228990113,,ok
real_vs_real,original,569000,570000,7549,46.01335522609095,,ok
real_vs_real,original,570000,571000,7412,45.94953154555243,,ok
real_vs_real,original,571000,572000,7441,44.95458837612835,,ok
real_vs_real,original,572000,573000,7287,44.39148824801304,,ok
real_vs_real,original,573000,574000,7135,43.387329277153775,,ok
real_vs_real,original,574000,575000,7103,43.368471887939336,,ok
real_vs_real,original,575000,576000,7026,42.39276824551503,,ok
real_vs_real,original,576000,577000,6908,41.92213446899539,,ok
real_vs_real,original,577000,578000,6998,41.44801693070974,,ok
real_vs_real,original,578000,579000,6906,40.627689542975006,,ok
real_vs_real,original,579000,580000,6831,39.69199935199077,,ok
real_vs_real,original,580000,581000,6789,38.83761943704356,,ok
real_vs_real,original,581000,582000,6572,37.967485696333306,,ok
real_vs_real,original,582000,583000,6534,36.79682401642605,,ok
real_vs_real,original,583000,584000,6547,37.24994372677446,,ok
real_vs_real,original,584000,585000,6555,36.35064859638744,,ok
real_vs_real,original,585000,586000,6739,37.27584164637986,,ok
real_vs_real,original,586000,587000,6681,37.32737435495129,,ok
real_vs_real,original,587000,588000,6817,37.005964759736564,,ok
real_vs_real,original,588000,589000,6721,36.47381082729671,,ok
real_vs_real,original,589000,590000,6632,36.58028008615799,,ok
real_vs_real,original,590000,591000,6486,36.06630792768514,,ok
real_vs_real,original,591000,592000,6583,35.98840799454417,,ok
real_vs_real,original,592000,593000,6682,35.406994317707515,,ok
real_vs_real,original,593000,594000,6656,36.54410403010659,,ok
real_vs_real,original,594000,595000,6850,36.879096571930035,,ok
real_vs_real,original,595000,596000,6732,36.91499903094731,,ok
real_vs_real,original,596000,597000,6844,36.37195968831121,,ok
real_vs_real,original,597000,598000,6785,36.45528773502862,,ok
real_vs_real,original,598000,599000,6509,34.87889665838885,,ok
real_vs_real,original,599000,600000,6346,31.505258113482036,,ok
real_vs_real,original,600000,601000,6301,30.198722839098362,,ok
real_vs_real,original,601000,602000,6323,28.778309762956606,,ok
real_vs_real,original,602000,603000,6358,28.058668715653905,,ok
real_vs_real,original,603000,604000,6372,27.185073631632857,,ok
real_vs_real,original,604000,605000,6187,25.69403912810849,,ok
real_vs_real,original,605000,606000,6370,25.76357776471418,,ok
real_vs_real,original,606000,607000,6235,22.93184137697686,,ok
real_vs_real,original,607000,608000,5912,19.698167988204776,,ok
real_vs_real,original,608000,609000,5850,17.801854606272833,,ok
real_vs_real,original,609000,610000,5816,14.323314433875403,,ok
real_vs_real,original,610000,611000,5777,17.128533565041373,,ok
real_vs_real,original,611000,612000,5893,16.97352989357468,,ok
real_vs_real,original,612000,613000,5642,14.62752767285344,,ok
real_vs_real,original,613000,614000,5637,14.021643202038918,,ok
real_vs_real,original,614000,615000,5354,9.170778131496114,,ok
real_vs_real,original,615000,616000,4988,6.1305112655710055,,ok
real_vs_real,original,616000,617000,4906,2.784825420995745,,ok
real_vs_real,original,617000,618000,4567,4.0699159210051885,,ok
real_vs_real,original,618000,619000,4363,10.514664564813545,,ok
real_vs_real,original,619000,620000,4213,19.005705213102566,,ok
real_vs_real,original,620000,621000,3766,25.418998818724692,,ok
real_vs_real,original,621000,622000,3578,34.521630676888314,,ok
real_vs_real,original,622000,623000,3562,36.031121917176954,,ok
real_vs_real,original,623000,624000,3357,39.13456440756195,,ok
real_vs_real,original,624000,625000,3380,39.52555340660912,,ok
real_vs_real,original,625000,626000,3450,39.12392309647794,,ok
real_vs_real,original,626000,627000,3264,39.092109325626495,,ok
real_vs_real,original,627000,628000,3532,34.37101611841599,,ok
real_vs_real,original,628000,629000,3660,34.83076114681784,,ok
real_vs_real,original,629000,630000,3489,38.51147742242899,,ok
real_vs_real,original,630000,631000,3685,35.51332266240759,,ok
real_vs_real,original,631000,632000,3539,38.90890605992085,,ok
real_vs_real,original,632000,633000,3360,41.82537153257915,,ok
real_vs_real,original,633000,634000,3540,39.702183725058234,,ok
real_vs_real,original,634000,635000,3535,41.65535614235815,,ok
real_vs_real,original,635000,636000,4201,46.78028996680228,,ok
real_vs_real,original,636000,637000,5056,48.71706764315263,,ok
real_vs_real,original,637000,638000,5651,48.80836105133483,,ok
real_vs_real,original,638000,639000,5923,46.825784812861905,,ok
real_vs_real,original,639000,640000,6112,46.30821680467006,,ok
real_vs_real,original,640000,641000,5952,45.25986802755887,,ok
real_vs_real,original,641000,642000,6134,46.36074874573499,,ok
real_vs_real,original,642000,643000,6167,46.62720559063379,,ok
real_vs_real,original,643000,644000,6311,46.61535679798777,,ok
real_vs_real,original,644000,645000,6635,44.84148033568628,,ok
real_vs_real,original,645000,646000,6609,46.48216040719733,,ok
real_vs_real,original,646000,647000,6595,46.27793760219785,,ok
real_vs_real,original,647000,648000,6684,45.58627794422411,,ok
real_vs_real,original,648000,649000,6353,47.00034264489404,,ok
real_vs_real,original,649000,650000,6448,47.3268171582622,,ok
real_vs_real,original,650000,651000,6560,45.888190052963296,,ok
real_vs_real,original,651000,652000,6637,47.044248836795234,,ok
real_vs_real,original,652000,653000,6894,47.94562758452448,,ok
real_vs_real,original,653000,654000,6971,48.045136078875096,,ok
real_vs_real,original,654000,655000,7122,49.58351963749151,,ok
real_vs_real,original,655000,656000,7111,49.121449031071464,,ok
real_vs_real,original,656000,657000,7071,49.54760241836531,,ok
real_vs_real,original,657000,658000,7268,49.02342320752499,,ok
real_vs_real,original,658000,659000,7238,48.845106538785046,,ok
real_vs_real,original,659000,660000,7240,49.16740649587933,,ok
real_vs_real,original,660000,661000,7415,48.90906654023681,,ok
real_vs_real,original,661000,662000,7541,48.53093671074889,,ok
real_vs_real,original,662000,663000,7372,48.525473026820634,,ok
real_vs_real,original,663000,664000,7560,47.9723193408565,,ok
real_vs_real,original,664000,665000,7417,48.17052345533226,,ok
real_vs_real,original,665000,666000,7328,48.330333392981,,ok
real_vs_real,original,666000,667000,7455,48.806001763674985,,ok
real_vs_real,original,667000,668000,7396,47.970060638662495,,ok
real_vs_real,original,668000,669000,7238,46.74215876432314,,ok
real_vs_real,original,669000,670000,7384,46.8247115476932,,ok
real_vs_real,original,670000,671000,7286,45.11468345745536,,ok
real_vs_real,original,671000,672000,6956,43.87477097868783,,ok
real_vs_real,original,672000,673000,6999,43.25506009064896,,ok
real_vs_real,original,673000,674000,6725,42.2043633547277,,ok
real_vs_real,original,674000,675000,6500,41.40072755543359,,ok
real_vs_real,original,675000,676000,6582,40.33619451401047,,ok
real_vs_real,original,676000,677000,6597,39.913000959823435,,ok
real_vs_real,original,677000,678000,6379,38.58317598741312,,ok
real_vs_real,original,678000,679000,6439,37.79003234355403,,ok
real_vs_real,original,679000,680000,6334,37.62839892893129,,ok
real_vs_real,original,680000,681000,6275,36.56778634236199,,ok
real_vs_real,original,681000,682000,6383,36.72401283848217,,ok
real_vs_real,original,682000,683000,6242,36.46927045914685,,ok
real_vs_real,original,683000,684000,6168,35.31046114155367,,ok
real_vs_real,original,684000,685000,6306,35.99142791789474,,ok
real_vs_real,original,685000,686000,6446,35.884891302451436,,ok
real_vs_real,original,686000,687000,6474,36.02182184962864,,ok
real_vs_real,original,687000,688000,6502,35.708945377478216,,ok
real_vs_real,original,688000,689000,6503,35.967144067646025,,ok
real_vs_real,original,689000,690000,6597,35.321006163264656,,ok
real_vs_real,original,690000,691000,6511,36.259135260931664,,ok
real_vs_real,original,691000,692000,6511,36.4899335697853,,ok
real_vs_real,original,692000,693000,6660,36.29133346425746,,ok
real_vs_real,original,693000,694000,6647,35.86515168862745,,ok
real_vs_real,original,694000,695000,6654,35.63620788145363,,ok
real_vs_real,original,695000,696000,6699,35.709055988414825,,ok
real_vs_real,original,696000,697000,6499,34.96704599946248,,ok
real_vs_real,original,697000,698000,6652,35.180709279763384,,ok
real_vs_real,original,698000,699000,6497,33.59508171736343,,ok
real_vs_real,original,699000,700000,6489,30.564017017238235,,ok
real_vs_real,original,700000,701000,6143,27.276341262870087,,ok
real_vs_real,original,701000,702000,6252,26.544876726473884,,ok
real_vs_real,original,702000,703000,6081,24.35340903100489,,ok
real_vs_real,original,703000,704000,6242,22.640856156494745,,ok
real_vs_real,original,704000,705000,5953,19.972682025504152,,ok
real_vs_real,original,705000,706000,6154,20.638968323281286,,ok
real_vs_real,original,706000,707000,5956,21.610842367451117,,ok
real_vs_real,original,707000,708000,5988,19.62861486264025,,ok
real_vs_real,original,708000,709000,5958,17.08076518178143,,ok
real_vs_real,original,709000,710000,5928,15.666097379994056,,ok
real_vs_real,original,710000,711000,5927,13.676144542831869,,ok
real_vs_real,original,711000,712000,5818,11.7951091754775,,ok
real_vs_real,original,712000,713000,5752,10.703882320796719,,ok
real_vs_real,original,713000,714000,5501,9.112319418138139,,ok
real_vs_real,original,714000,715000,5585,9.984628862358228,,ok
real_vs_real,original,715000,716000,5451,10.684096768474435,,ok
real_vs_real,original,716000,717000,5482,10.552477267601533,,ok
real_vs_real,original,717000,718000,5187,7.477172345633053,,ok
real_vs_real,original,718000,719000,5253,7.7237641786407565,,ok
real_vs_real,original,719000,720000,4930,8.41069270099569,,ok
real_vs_real,original,720000,721000,4567,16.79371842504633,,ok
real_vs_real,original,721000,722000,4372,22.119987591704394,,ok
real_vs_real,original,722000,723000,4013,30.05026240381986,,ok
real_vs_real,original,723000,724000,3801,30.873930492813958,,ok
real_vs_real,original,724000,725000,3811,34.43143031256263,,ok
real_vs_real,original,725000,726000,3693,36.14050139294922,,ok
real_vs_real,original,726000,727000,3741,36.59759789727356,,ok
real_vs_real,original,727000,728000,3770,39.41864063857916,,ok
real_vs_real,original,728000,729000,3704,41.79341129606344,,ok
real_vs_real,original,729000,730000,3771,40.27607158476457,,ok
real_vs_real,original,730000,731000,3681,43.58496219648769,,ok
real_vs_real,original,731000,732000,3715,41.218399127827325,,ok
real_vs_real,original,732000,733000,3663,41.02334901889725,,ok
real_vs_real,original,733000,734000,3588,42.259366004062656,,ok
real_vs_real,original,734000,735000,3790,41.26508055409647,,ok
real_vs_real,original,735000,736000,3963,44.629834068522584,,ok
real_vs_real,original,736000,737000,4164,43.521569203056266,,ok
real_vs_real,original,737000,738000,4525,44.63974131591795,,ok
real_vs_real,original,738000,739000,4677,44.48447695293529,,ok
real_vs_real,original,739000,740000,5064,47.20478477038346,,ok
real_vs_real,original,740000,741000,5282,47.76882003431906,,ok
real_vs_real,original,741000,742000,5454,47.65989026781267,,ok
real_vs_real,original,742000,743000,5807,48.43694238370046,,ok
real_vs_real,original,743000,744000,5929,46.99559051824227,,ok
real_vs_real,original,744000,745000,5798,48.90563269363308,,ok
real_vs_real,original,745000,746000,6131,50.140697161286866,,ok
real_vs_real,original,746000,747000,6186,48.00593419674269,,ok
real_vs_real,original,747000,748000,6178,49.316539735481946,,ok
real_vs_real,original,748000,749000,6397,51.274830042894266,,ok
real_vs_real,original,749000,750000,6399,52.28677235475976,,ok
real_vs_real,original,750000,751000,6447,50.62300321657954,,ok
real_vs_real,original,751000,752000,7075,50.58178360103054,,ok
real_vs_real,original,752000,753000,7243,50.76190794695544,,ok
real_vs_real,original,753000,754000,7381,50.58024111749857,,ok
real_vs_real,original,754000,755000,7357,51.38710396884075,,ok
real_vs_real,original,755000,756000,7518,51.428201494615465,,ok
real_vs_real,original,756000,757000,7456,51.4749505808671,,ok
real_vs_real,original,757000,758000,7644,51.757121786582054,,ok
real_vs_real,original,758000,759000,7708,52.32088698880887,,ok
real_vs_real,original,759000,760000,7817,51.953324309068705,,ok
real_vs_real,original,760000,761000,7939,51.33642575391921,,ok
real_vs_real,original,761000,762000,7958,50.93059458176585,,ok
real_vs_real,original,762000,763000,7818,50.66276404468839,,ok
real_vs_real,original,763000,764000,7816,50.68471504256807,,ok
real_vs_real,original,764000,765000,7753,49.05123621551947,,ok
real_vs_real,original,765000,766000,7802,49.67662096045739,,ok
real_vs_real,original,766000,767000,7685,49.12759819907899,,ok
real_vs_real,original,767000,768000,7589,47.87584804095443,,ok
real_vs_real,original,768000,769000,7654,47.16180102276942,,ok
real_vs_real,original,769000,770000,7606,47.296858438274626,,ok
real_vs_real,original,770000,771000,7637,46.086363159586014,,ok
real_vs_real,original,771000,772000,7343,45.53320475290094,,ok
real_vs_real,original,772000,773000,7323,45.468757915101854,,ok
real_vs_real,original,773000,774000,7231,44.46054283801584,,ok
real_vs_real,original,774000,775000,7275,43.55625366963074,,ok
real_vs_real,original,775000,776000,7122,43.50299613827394,,ok
real_vs_real,original,776000,777000,7091,42.252590019852796,,ok
real_vs_real,original,777000,778000,7020,42.28537042184893,,ok
real_vs_real,original,778000,779000,7142,41.35860425294702,,ok
real_vs_real,original,779000,780000,6853,40.83322044287855,,ok
real_vs_real,original,780000,781000,6805,39.78355842135861,,ok
real_vs_real,original,781000,782000,6838,39.11639660719545,,ok
real_vs_real,original,782000,783000,6561,37.90059189698725,,ok
real_vs_real,original,783000,784000,6641,38.022178274467755,,ok
real_vs_real,original,784000,785000,6648,36.94457596543016,,ok
real_vs_real,original,785000,786000,6797,37.05773513638277,,ok
real_vs_real,original,786000,787000,6759,37.81838943413205,,ok
real_vs_real,original,787000,788000,6740,36.852012406033744,,ok
real_vs_real,original,788000,789000,6712,37.95803794089195,,ok
real_vs_real,original,789000,790000,6676,37.114662369258156,,ok
real_vs_real,original,790000,791000,6667,36.831416122498155,,ok
real_vs_real,original,791000,792000,6569,35.80730720495383,,ok
real_vs_real,original,792000,793000,6677,36.78332530780679,,ok
real_vs_real,original,793000,794000,6738,36.582980953469814,,ok
real_vs_real,original,794000,795000,6881,37.34308806561325,,ok
real_vs_real,original,795000,796000,6736,36.97557751145379,,ok
real_vs_real,original,796000,797000,6769,36.473484325623446,,ok
real_vs_real,original,797000,798000,6757,36.436468981117805,,ok
real_vs_real,original,798000,799000,6512,35.651842721074324,,ok
real_vs_real,original,799000,800000,6567,34.59452831723968,,ok
real_vs_real,original,800000,801000,6421,32.51883885703384,,ok
real_vs_real,original,801000,802000,6315,29.36650984688389,,ok
real_vs_real,original,802000,803000,6386,30.00971919952631,,ok
real_vs_real,original,803000,804000,6515,28.65175276136381,,ok
real_vs_real,original,804000,805000,6195,27.389696246148173,,ok
real_vs_real,original,805000,806000,6351,26.56151938806233,,ok
real_vs_real,original,806000,807000,6198,25.585334540257765,,ok
real_vs_real,original,807000,808000,6095,21.613873827653382,,ok
real_vs_real,original,808000,809000,5983,20.65646269086434,,ok
real_vs_real,original,809000,810000,5950,16.07175149691847,,ok
real_vs_real,original,810000,811000,5867,17.372805467354986,,ok
real_vs_real,original,811000,812000,6026,17.384929399784795,,ok
real_vs_real,original,812000,813000,5662,15.29269048933156,,ok
real_vs_real,original,813000,814000,5711,15.199156552416191,,ok
real_vs_real,original,814000,815000,5505,12.618622009022202,,ok
real_vs_real,original,815000,816000,5235,5.489749416809109,,ok
real_vs_real,original,816000,817000,5122,6.423007602158892,,ok
real_vs_real,original,817000,818000,4810,2.3544527924736367,,ok
real_vs_real,original,818000,819000,4624,4.73703058292074,,ok
real_vs_real,original,819000,820000,4512,10.298234338859817,,ok
real_vs_real,original,820000,821000,4154,18.3568419158858,,ok
real_vs_real,original,821000,822000,3818,28.89334675450006,,ok
real_vs_real,original,822000,823000,3755,32.317894924998896,,ok
real_vs_real,original,823000,824000,3414,42.327428904328585,,ok
real_vs_real,original,824000,825000,3497,38.27876301470166,,ok
real_vs_real,original,825000,826000,3389,39.53368783315029,,ok
real_vs_real,original,826000,827000,3341,41.327168118021845,,ok
real_vs_real,original,827000,828000,3564,36.04106741784491,,ok
real_vs_real,original,828000,829000,3503,35.68511391707426,,ok
real_vs_real,original,829000,830000,3496,38.39025336260975,,ok
real_vs_real,original,830000,831000,3780,34.61911065047976,,ok
real_vs_real,original,831000,832000,3586,36.454599071498095,,ok
real_vs_real,original,832000,833000,3339,44.106723946215574,,ok
real_vs_real,original,833000,834000,3515,39.22623685641735,,ok
real_vs_real,original,834000,835000,3425,44.63503999156713,,ok
real_vs_real,original,835000,836000,3555,42.786603881078626,,ok
real_vs_real,original,836000,837000,4472,50.18503694669891,,ok
real_vs_real,original,837000,838000,5091,50.11218804711147,,ok
real_vs_real,original,838000,839000,5743,48.93171605473575,,ok
real_vs_real,original,839000,840000,5835,47.862075740736714,,ok
real_vs_real,original,840000,841000,5828,48.24373122208867,,ok
real_vs_real,original,841000,842000,6062,46.70246726867933,,ok
real_vs_real,original,842000,843000,6020,46.94718446899486,,ok
real_vs_real,original,843000,844000,6290,46.493005026059265,,ok
real_vs_real,original,844000,845000,6364,47.23600136173123,,ok
real_vs_real,original,845000,846000,6507,46.55206407336142,,ok
real_vs_real,original,846000,847000,6542,46.20144130517739,,ok
real_vs_real,original,847000,848000,6560,46.40733437386634,,ok
real_vs_real,original,848000,849000,6344,46.96046060798752,,ok
real_vs_real,original,849000,850000,6291,47.4599766034782,,ok
real_vs_real,original,850000,851000,6420,47.13223903953381,,ok
real_vs_real,original,851000,852000,6486,46.69658479422043,,ok
real_vs_real,original,852000,853000,6898,48.24061918749138,,ok
real_vs_real,original,853000,854000,6837,49.18571206270495,,ok
real_vs_real,original,854000,855000,6866,49.805337094989945,,ok
real_vs_real,original,855000,856000,7186,49.799279871612235,,ok
real_vs_real,original,856000,857000,7097,49.0347990188226,,ok
real_vs_real,original,857000,858000,7052,49.74824526837034,,ok
real_vs_real,original,858000,859000,7262,50.01598445348943,,ok
real_vs_real,original,859000,860000,7348,49.21116316587023,,ok
real_vs_real,original,860000,861000,7306,49.71857412954186,,ok
real_vs_real,original,861000,862000,7445,49.85890838923571,,ok
real_vs_real,original,862000,863000,7406,48.66228934583061,,ok
real_vs_real,original,863000,864000,7532,48.93924072665103,,ok
real_vs_real,original,864000,865000,7489,48.23957932095852,,ok
real_vs_real,original,865000,866000,7451,48.65303065862092,,ok
real_vs_real,original,866000,867000,7301,49.319648374924334,,ok
real_vs_real,original,867000,868000,7474,48.77291807295409,,ok
real_vs_real,original,868000,869000,7257,48.9825035711902,,ok
real_vs_real,original,869000,870000,7393,46.97557796944881,,ok
real_vs_real,original,870000,871000,7241,46.5014986543189,,ok
real_vs_real,original,871000,872000,7121,45.86548351412436,,ok
real_vs_real,original,872000,873000,7004,43.84159772800026,,ok
real_vs_real,original,873000,874000,6743,42.791055007121145,,ok
real_vs_real,original,874000,875000,6623,42.41942650197407,,ok
real_vs_real,original,875000,876000,6650,41.26642678191436,,ok
real_vs_real,original,876000,877000,6474,40.25128710718684,,ok
real_vs_real,original,877000,878000,6716,39.27978565902888,,ok
real_vs_real,original,878000,879000,6439,38.5795849665282,,ok
real_vs_real,original,879000,880000,6385,38.08925009947912,,ok
real_vs_real,original,880000,881000,6420,37.39441394905433,,ok
real_vs_real,original,881000,882000,6288,36.981866938098854,,ok
real_vs_real,original,882000,883000,6337,36.41661620268338,,ok
real_vs_real,original,883000,884000,6269,36.10023571578614,,ok
real_vs_real,original,884000,885000,6322,36.31175773997286,,ok
real_vs_real,original,885000,886000,6413,36.021963552775006,,ok
real_vs_real,original,886000,887000,6539,36.238129366816224,,ok
real_vs_real,original,887000,888000,6487,36.331117340320056,,ok
real_vs_real,original,888000,889000,6529,35.96742644702561,,ok
real_vs_real,original,889000,890000,6519,36.43547405933766,,ok
real_vs_real,original,890000,891000,6521,36.515609246737746,,ok
real_vs_real,original,891000,892000,6488,36.51210156430174,,ok
real_vs_real,original,892000,893000,6726,37.1533288020609,,ok
real_vs_real,original,893000,894000,6600,36.798459160595336,,ok
real_vs_real,original,894000,895000,6684,35.70577222025873,,ok
real_vs_real,original,895000,896000,6706,35.934630319238615,,ok
real_vs_real,original,896000,897000,6692,35.74600420686962,,ok
real_vs_real,original,897000,898000,6673,35.65927351758459,,ok
real_vs_real,original,898000,899000,6518,35.163117940529176,,ok
real_vs_real,original,899000,900000,6475,33.24657437883512,,ok
real_vs_real,original,900000,901000,6352,29.604700003828846,,ok
real_vs_real,original,901000,902000,6311,27.165566817979634,,ok
real_vs_real,original,902000,903000,6126,25.380127191844476,,ok
real_vs_real,original,903000,904000,6184,23.160685186746832,,ok
real_vs_real,original,904000,905000,6221,21.83780971038417,,ok
real_vs_real,original,905000,906000,6016,21.561088114756966,,ok
real_vs_real,original,906000,907000,6201,22.48275245977907,,ok
real_vs_real,original,907000,908000,6172,20.929669997703407,,ok
real_vs_real,original,908000,909000,6008,18.27541565508345,,ok
real_vs_real,original,909000,910000,5941,16.084604394073192,,ok
real_vs_real,original,910000,911000,5994,14.417447428389998,,ok
real_vs_real,original,911000,912000,5905,12.492831212069948,,ok
real_vs_real,original,912000,913000,5800,11.228696307265679,,ok
real_vs_real,original,913000,914000,5814,10.866080021880471,,ok
real_vs_real,original,914000,915000,5554,11.638792976409704,,ok
real_vs_real,original,915000,916000,5639,13.624304521578592,,ok
real_vs_real,original,916000,917000,5526,11.843967044759305,,ok
real_vs_real,original,917000,918000,5422,8.942679448093092,,ok
real_vs_real,original,918000,919000,5379,8.394315315428642,,ok
real_vs_real,original,919000,920000,5234,7.850735864203494,,ok
real_vs_real,original,920000,921000,4922,9.607252800749517,,ok
real_vs_real,original,921000,922000,4619,16.607495526714533,,ok
real_vs_real,original,922000,923000,4245,24.0801150815792,,ok
real_vs_real,original,923000,924000,4049,26.215166755403107,,ok
real_vs_real,original,924000,925000,3879,31.30783258223612,,ok
real_vs_real,original,925000,926000,3910,30.20774702209114,,ok
real_vs_real,original,926000,927000,3908,31.846841997390463,,ok
real_vs_real,original,927000,928000,3917,36.54275254439057,,ok
real_vs_real,original,928000,929000,3803,38.582861937526545,,ok
real_vs_real,original,929000,930000,3720,40.98549882249708,,ok
real_vs_real,original,930000,931000,3897,38.463038258827446,,ok
real_vs_real,original,931000,932000,3681,40.304142755414496,,ok
real_vs_real,original,932000,933000,3726,38.53207767099237,,ok
real_vs_real,original,933000,934000,3745,39.164434241225706,,ok
real_vs_real,original,934000,935000,3642,40.82984022644534,,ok
real_vs_real,original,935000,936000,4075,41.672825194780046,,ok
real_vs_real,original,936000,937000,4153,44.15219328974802,,ok
real_vs_real,original,937000,938000,4406,44.05021347245293,,ok
real_vs_real,original,938000,939000,4847,45.512080823380785,,ok
real_vs_real,original,939000,940000,5020,46.50968416826675,,ok
real_vs_real,original,940000,941000,5235,47.430153849190326,,ok
real_vs_real,original,941000,942000,5622,46.78902996214989,,ok
real_vs_real,original,942000,943000,5643,47.4646274349619,,ok
real_vs_real,original,943000,944000,5978,47.48603779323937,,ok
real_vs_real,original,944000,945000,6010,47.369445975873425,,ok
real_vs_real,original,945000,946000,6053,47.305326993411036,,ok
real_vs_real,original,946000,947000,6198,49.141167072437185,,ok
real_vs_real,original,947000,948000,6304,49.29988604263477,,ok
real_vs_real,original,948000,949000,6422,49.13564838253627,,ok
real_vs_real,original,949000,950000,6340,49.668950130940196,,ok
real_vs_real,original,950000,951000,6541,50.55403914671723,,ok
real_vs_real,original,951000,952000,7044,49.36319358330211,,ok
real_vs_real,original,952000,953000,7141,49.60674068438836,,ok
real_vs_real,original,953000,954000,7402,50.5314614914764,,ok
real_vs_real,original,954000,955000,7326,50.38829667915972,,ok
real_vs_real,original,955000,956000,7490,50.32475206723576,,ok
real_vs_real,original,956000,957000,7530,50.910687952823146,,ok
real_vs_real,original,957000,958000,7534,51.61864119520414,,ok
real_vs_real,original,958000,959000,7802,51.10049843235984,,ok
real_vs_real,original,959000,960000,7970,51.819291123543614,,ok
real_vs_real,original,960000,961000,7858,51.58530172738672,,ok
real_vs_real,original,961000,962000,7951,50.0012795588798,,ok
real_vs_real,original,962000,963000,7884,49.80278488072155,,ok
real_vs_real,original,963000,964000,7791,49.934351262158366,,ok
real_vs_real,original,964000,965000,7761,50.04308928649546,,ok
real_vs_real,original,965000,966000,7688,48.81168904305866,,ok
real_vs_real,original,966000,967000,7651,48.665675182009466,,ok
real_vs_real,original,967000,968000,7604,47.937010992934944,,ok
real_vs_real,original,968000,969000,7503,47.152645575078054,,ok
real_vs_real,original,969000,970000,7507,46.69498793707856,,ok
real_vs_real,original,970000,971000,7456,45.97217331250743,,ok
real_vs_real,original,971000,972000,7379,45.29314104687272,,ok
real_vs_real,original,972000,973000,7333,44.893992398196126,,ok
real_vs_real,original,973000,974000,7218,44.43641020854,,ok
real_vs_real,original,974000,975000,7279,43.97953501361316,,ok
real_vs_real,original,975000,976000,6990,42.94706516586308,,ok
real_vs_real,original,976000,977000,7042,42.467862199211794,,ok
real_vs_real,original,977000,978000,7010,41.73605598129986,,ok
real_vs_real,original,978000,979000,6955,41.22020268550196,,ok
real_vs_real,original,979000,980000,6885,40.29892589205815,,ok
real_vs_real,original,980000,981000,6866,39.8179554045537,,ok
real_vs_real,original,981000,982000,6660,38.475557766519024,,ok
real_vs_real,original,982000,983000,6643,37.58734162453988,,ok
real_vs_real,original,983000,984000,6601,37.668877615585636,,ok
real_vs_real,original,984000,985000,6556,36.36782669899198,,ok
real_vs_real,original,985000,986000,6846,37.346175566527954,,ok
real_vs_real,original,986000,987000,6622,37.784770566155146,,ok
real_vs_real,original,987000,988000,6754,36.544938553517916,,ok
real_vs_real,original,988000,989000,6772,37.62955888877136,,ok
real_vs_real,original,989000,990000,6584,36.28535664046307,,ok
real_vs_real,original,990000,991000,6667,35.97933303228799,,ok
real_vs_real,original,991000,992000,6509,35.79494560629635,,ok
real_vs_real,original,992000,993000,6602,36.18818582883216,,ok
real_vs_real,original,993000,994000,6588,36.25569538892779,,ok
real_vs_real,original,994000,995000,6837,36.48169452371287,,ok
real_vs_real,original,995000,996000,6818,36.08848702067247,,ok
real_vs_real,original,996000,997000,6786,36.10989812646346,,ok
real_vs_real,original,997000,998000,6761,37.17832896638802,,ok
real_vs_real,original,998000,999000,6480,35.93969256366038,,ok
real_vs_real,original,999000,1000000,6467,34.09786049059043,,ok
real_vs_real,original,1000000,1001000,6436,32.26805456485434,,ok
real_vs_real,original,1001000,1002000,6341,30.390579503097673,,ok
real_vs_real,original,1002000,1003000,6352,29.151541117173338,,ok
real_vs_real,original,1003000,1004000,6353,27.589770600101364,,ok
real_vs_real,original,1004000,1005000,6277,27.45589057926704,,ok
real_vs_real,original,1005000,1006000,6409,26.153266640554907,,ok
real_vs_real,original,1006000,1007000,6144,23.963963327014458,,ok
real_vs_real,original,1007000,1008000,6039,22.34849521712988,,ok
real_vs_real,original,1008000,1009000,6029,20.73258885467633,,ok
real_vs_real,original,1009000,1010000,5976,17.411584690454106,,ok
real_vs_real,original,1010000,1011000,5936,16.836101033758812,,ok
real_vs_real,original,1011000,1012000,5814,17.73653482057538,,ok
real_vs_real,original,1012000,1013000,5783,15.991241787528311,,ok
real_vs_real,original,1013000,1014000,5616,13.873546045041019,,ok
real_vs_real,original,1014000,1015000,5528,13.279457697480611,,ok
v2e_vs_real,original,15000,16000,17188,23.15025843731757,,ok
v2e_vs_real,original,16000,17000,17204,23.43582137115174,,ok
v2e_vs_real,original,17000,18000,21724,23.530166866165967,,ok
v2e_vs_real,original,18000,19000,18075,23.473212564504514,,ok
v2e_vs_real,original,19000,20000,17188,20.594928042439815,,ok
v2e_vs_real,original,20000,21000,17285,19.14185647429925,,ok
v2e_vs_real,original,21000,22000,21056,17.785253234291073,,ok
v2e_vs_real,original,22000,23000,17390,16.93004902119582,,ok
v2e_vs_real,original,23000,24000,17487,15.646577811609017,,ok
v2e_vs_real,original,24000,25000,17442,14.94827957502706,,ok
v2e_vs_real,original,25000,26000,18003,13.56405319311689,,ok
v2e_vs_real,original,26000,27000,22478,12.750584793681233,,ok
v2e_vs_real,original,27000,28000,17987,10.653781189268694,,ok
v2e_vs_real,original,28000,29000,17973,10.91525156481952,,ok
v2e_vs_real,original,29000,30000,17565,11.734726495734023,,ok
v2e_vs_real,original,30000,31000,21564,13.394998840300094,,ok
v2e_vs_real,original,31000,32000,16886,14.062448156107939,,ok
v2e_vs_real,original,32000,33000,16844,17.710708666273973,,ok
v2e_vs_real,original,33000,34000,16661,23.488560983682106,,ok
v2e_vs_real,original,34000,35000,15260,28.203513005221378,,ok
v2e_vs_real,original,35000,36000,17932,32.938923935481206,,ok
v2e_vs_real,original,36000,37000,13971,39.255150008360694,,ok
v2e_vs_real,original,37000,38000,13766,42.777114825061375,,ok
v2e_vs_real,original,38000,39000,14309,47.64704648028343,,ok
v2e_vs_real,original,39000,40000,18064,51.712862974236174,,ok
v2e_vs_real,original,40000,41000,15770,62.397980546168526,,ok
v2e_vs_real,original,41000,42000,16573,67.89331047599049,,ok
v2e_vs_real,original,42000,43000,17698,68.89689788808577,,ok
v2e_vs_real,original,43000,44000,22235,65.09652989257656,,ok
v2e_vs_real,original,44000,45000,19609,69.98248749294477,,ok
v2e_vs_real,original,45000,46000,19540,66.20575970628468,,ok
v2e_vs_real,original,46000,47000,19696,65.6133095629874,,ok
v2e_vs_real,original,47000,48000,20549,62.54005740624075,,ok
v2e_vs_real,original,48000,49000,25769,60.77474442738433,,ok
v2e_vs_real,original,49000,50000,21372,61.238445201810556,,ok
v2e_vs_real,original,50000,51000,21014,59.02708318752459,,ok
v2e_vs_real,original,51000,52000,21371,57.372485856510316,,ok
v2e_vs_real,original,52000,53000,25930,55.659411595888315,,ok
v2e_vs_real,original,53000,54000,20727,54.72958619826443,,ok
v2e_vs_real,original,54000,55000,20154,52.532742917977814,,ok
v2e_vs_real,original,55000,56000,19801,50.66312741066325,,ok
v2e_vs_real,original,56000,57000,23500,47.73000101096386,,ok
v2e_vs_real,original,57000,58000,19736,49.49369173268891,,ok
v2e_vs_real,original,58000,59000,19198,47.8515689103276,,ok
v2e_vs_real,original,59000,60000,19084,48.48039093997094,,ok
v2e_vs_real,original,60000,61000,19276,48.032944695563664,,ok
v2e_vs_real,original,61000,62000,23716,47.23788326727445,,ok
v2e_vs_real,original,62000,63000,19424,49.08986854046753,,ok
v2e_vs_real,original,63000,64000,18878,48.2756993948388,,ok
v2e_vs_real,original,64000,65000,18365,48.820816403792044,,ok
v2e_vs_real,original,65000,66000,21916,47.85711682211658,,ok
v2e_vs_real,original,66000,67000,19411,46.44699752396977,,ok
v2e_vs_real,original,67000,68000,18349,45.15008617421281,,ok
v2e_vs_real,original,68000,69000,17706,43.97023787030477,,ok
v2e_vs_real,original,69000,70000,21058,42.53550326182547,,ok
v2e_vs_real,original,70000,71000,17253,42.574608277285016,,ok
v2e_vs_real,original,71000,72000,17249,41.45347993378645,,ok
v2e_vs_real,original,72000,73000,17593,40.269749048567135,,ok
v2e_vs_real,original,73000,74000,17907,39.80380022689498,,ok
v2e_vs_real,original,74000,75000,22845,39.77232409260479,,ok
v2e_vs_real,original,75000,76000,18689,39.65425829085507,,ok
v2e_vs_real,original,76000,77000,18982,40.02307381422871,,ok
v2e_vs_real,original,77000,78000,19453,40.06499736088334,,ok
v2e_vs_real,original,78000,79000,24109,40.58529199253665,,ok
v2e_vs_real,original,79000,80000,20903,40.16376645851395,,ok
v2e_vs_real,original,80000,81000,20780,41.144753972170406,,ok
v2e_vs_real,original,81000,82000,21408,41.01974516447836,,ok
v2e_vs_real,original,82000,83000,26828,41.681077347435966,,ok
v2e_vs_real,original,83000,84000,22394,41.29306519403378,,ok
v2e_vs_real,original,84000,85000,22238,41.39605427138274,,ok
v2e_vs_real,original,85000,86000,22225,41.44559432898962,,ok
v2e_vs_real,original,86000,87000,22290,41.21910655204763,,ok
v2e_vs_real,original,87000,88000,27486,41.39506300235363,,ok
v2e_vs_real,original,88000,89000,21564,41.680444111143096,,ok
v2e_vs_real,original,89000,90000,21153,41.32991786056488,,ok
v2e_vs_real,original,90000,91000,20700,41.02997665335027,,ok
v2e_vs_real,original,91000,92000,24630,40.3082905200121,,ok
v2e_vs_real,original,92000,93000,19345,39.23503741405549,,ok
v2e_vs_real,original,93000,94000,18936,38.52030727082874,,ok
v2e_vs_real,original,94000,95000,18278,38.008182952876425,,ok
v2e_vs_real,original,95000,96000,22423,37.45838967323402,,ok
v2e_vs_real,original,96000,97000,18049,36.53789855146117,,ok
v2e_vs_real,original,97000,98000,17399,36.116251053761395,,ok
v2e_vs_real,original,98000,99000,16736,35.88216847581889,,ok
v2e_vs_real,original,99000,100000,17330,34.934728030101965,,ok
v2e_vs_real,original,100000,101000,20258,31.746738343031872,,ok
v2e_vs_real,original,101000,102000,15234,28.760713261896747,,ok
v2e_vs_real,original,102000,103000,14751,26.058825478680305,,ok
v2e_vs_real,original,103000,104000,14394,24.27708567264361,,ok
v2e_vs_real,original,104000,105000,17513,22.91981365971267,,ok
v2e_vs_real,original,105000,106000,14296,20.933040425544714,,ok
v2e_vs_real,original,106000,107000,14186,20.137734822522685,,ok
v2e_vs_real,original,107000,108000,14570,18.61572886141217,,ok
v2e_vs_real,original,108000,109000,14848,18.76814679897725,,ok
v2e_vs_real,original,109000,110000,19143,18.151605439747996,,ok
v2e_vs_real,original,110000,111000,15843,17.99527807324307,,ok
v2e_vs_real,original,111000,112000,15844,17.780760531409427,,ok
v2e_vs_real,original,112000,113000,15892,17.014905887301154,,ok
v2e_vs_real,original,113000,114000,19564,15.862234723810754,,ok
v2e_vs_real,original,114000,115000,16065,16.357884832236092,,ok
v2e_vs_real,original,115000,116000,16002,15.702158338098357,,ok
v2e_vs_real,original,116000,117000,15703,16.521333989431405,,ok
v2e_vs_real,original,117000,118000,20088,15.534535987250573,,ok
v2e_vs_real,original,118000,119000,16350,15.921176439058339,,ok
v2e_vs_real,original,119000,120000,15668,16.616283943501468,,ok
v2e_vs_real,original,120000,121000,15853,15.941954782878087,,ok
v2e_vs_real,original,121000,122000,15940,16.363775085472593,,ok
v2e_vs_real,original,122000,123000,19535,19.65011696364676,,ok
v2e_vs_real,original,123000,124000,15836,20.903056169945835,,ok
v2e_vs_real,original,124000,125000,15719,20.25171007848004,,ok
v2e_vs_real,original,125000,126000,15206,22.032481675998937,,ok
v2e_vs_real,original,126000,127000,18060,21.197050280797736,,ok
v2e_vs_real,original,127000,128000,14606,19.17800666177042,,ok
v2e_vs_real,original,128000,129000,14156,17.813763322444817,,ok
v2e_vs_real,original,129000,130000,13846,15.235612026221977,,ok
v2e_vs_real,original,130000,131000,17120,16.213272385914212,,ok
v2e_vs_real,original,131000,132000,13653,17.502397888950448,,ok
v2e_vs_real,original,132000,133000,14158,22.212403979943673,,ok
v2e_vs_real,original,133000,134000,14672,27.523520645010652,,ok
v2e_vs_real,original,134000,135000,14361,31.629950443788353,,ok
v2e_vs_real,original,135000,136000,17809,34.86641144787919,,ok
v2e_vs_real,original,136000,137000,14419,38.44773763603918,,ok
v2e_vs_real,original,137000,138000,14383,40.360526599067775,,ok
v2e_vs_real,original,138000,139000,14456,43.770095336756356,,ok
v2e_vs_real,original,139000,140000,18058,48.540603105427365,,ok
v2e_vs_real,original,140000,141000,14532,48.60166133419223,,ok
v2e_vs_real,original,141000,142000,14633,47.24523621326683,,ok
v2e_vs_real,original,142000,143000,14810,49.228765286402115,,ok
v2e_vs_real,original,143000,144000,18970,49.020945122527955,,ok
v2e_vs_real,original,144000,145000,16482,50.714402430301874,,ok
v2e_vs_real,original,145000,146000,16429,53.62122482150962,,ok
v2e_vs_real,original,146000,147000,16736,53.494566389479544,,ok
v2e_vs_real,original,147000,148000,17076,55.60862088865699,,ok
v2e_vs_real,original,148000,149000,22167,55.56738960077097,,ok
v2e_vs_real,original,149000,150000,18424,55.21097520522951,,ok
v2e_vs_real,original,150000,151000,18610,55.134988756275874,,ok
v2e_vs_real,original,151000,152000,19317,55.66774471450681,,ok
v2e_vs_real,original,152000,153000,24001,57.214648852645006,,ok
v2e_vs_real,original,153000,154000,20114,57.23133272112172,,ok
v2e_vs_real,original,154000,155000,20181,56.54206849738068,,ok
v2e_vs_real,original,155000,156000,20160,56.550199561575255,,ok
v2e_vs_real,original,156000,157000,25163,56.198230480328476,,ok
v2e_vs_real,original,157000,158000,20813,55.589113535735976,,ok
v2e_vs_real,original,158000,159000,20848,54.541233053482955,,ok
v2e_vs_real,original,159000,160000,21142,52.1937426771398,,ok
v2e_vs_real,original,160000,161000,20803,51.07936902930187,,ok
v2e_vs_real,original,161000,162000,25303,50.423873365033266,,ok
v2e_vs_real,original,162000,163000,20197,50.66645071569963,,ok
v2e_vs_real,original,163000,164000,19532,51.029133916593246,,ok
v2e_vs_real,original,164000,165000,18617,50.54685652826759,,ok
v2e_vs_real,original,165000,166000,22441,50.659561405360556,,ok
v2e_vs_real,original,166000,167000,19457,48.654776708160014,,ok
v2e_vs_real,original,167000,168000,19454,46.62157791897361,,ok
v2e_vs_real,original,168000,169000,19361,46.06693935804979,,ok
v2e_vs_real,original,169000,170000,23551,46.58976957900196,,ok
v2e_vs_real,original,170000,171000,18962,46.25171086751268,,ok
v2e_vs_real,original,171000,172000,18739,46.384309794196795,,ok
v2e_vs_real,original,172000,173000,18574,45.84438018513235,,ok
v2e_vs_real,original,173000,174000,18974,45.5647455465359,,ok
v2e_vs_real,original,174000,175000,24869,45.42260897715104,,ok
v2e_vs_real,original,175000,176000,20579,45.202234860171345,,ok
v2e_vs_real,original,176000,177000,21055,45.333236713835554,,ok
v2e_vs_real,original,177000,178000,21320,45.185251726828014,,ok
v2e_vs_real,original,178000,179000,26699,44.52197111613984,,ok
v2e_vs_real,original,179000,180000,22623,44.58523441791932,,ok
v2e_vs_real,original,180000,181000,22218,43.79034972861091,,ok
v2e_vs_real,original,181000,182000,22395,43.277864957008944,,ok
v2e_vs_real,original,182000,183000,27189,43.44101556450396,,ok
v2e_vs_real,original,183000,184000,22478,43.25935160757495,,ok
v2e_vs_real,original,184000,185000,22173,42.211317770673126,,ok
v2e_vs_real,original,185000,186000,22252,42.05182857636485,,ok
v2e_vs_real,original,186000,187000,22190,41.60675412951403,,ok
v2e_vs_real,original,187000,188000,26868,41.000212950535236,,ok
v2e_vs_real,original,188000,189000,21662,41.01526512938764,,ok
v2e_vs_real,original,189000,190000,20972,40.3717552015239,,ok
v2e_vs_real,original,190000,191000,21239,38.977687005497316,,ok
v2e_vs_real,original,191000,192000,26487,36.74140967308152,,ok
v2e_vs_real,original,192000,193000,21969,36.07959444685891,,ok
v2e_vs_real,original,193000,194000,20692,34.58220195314714,,ok
v2e_vs_real,original,194000,195000,20641,33.471222889962846,,ok
v2e_vs_real,original,195000,196000,24219,32.01316396790517,,ok
v2e_vs_real,original,196000,197000,18711,31.470226504970693,,ok
v2e_vs_real,original,197000,198000,17757,30.175392057132267,,ok
v2e_vs_real,original,198000,199000,16863,29.758817646671186,,ok
v2e_vs_real,original,199000,200000,16596,29.5431567263068,,ok
v2e_vs_real,original,200000,201000,20424,27.482861725618374,,ok
v2e_vs_real,original,201000,202000,15853,28.1112464018695,,ok
v2e_vs_real,original,202000,203000,15237,27.205137956820387,,ok
v2e_vs_real,original,203000,204000,14989,28.141553934023666,,ok
v2e_vs_real,original,204000,205000,18355,25.99457647688044,,ok
v2e_vs_real,original,205000,206000,15686,27.054848871934105,,ok
v2e_vs_real,original,206000,207000,15389,24.744035904451824,,ok
v2e_vs_real,original,207000,208000,15769,24.526632144135032,,ok
v2e_vs_real,original,208000,209000,19026,23.397530774638316,,ok
v2e_vs_real,original,209000,210000,15686,24.58469332482732,,ok
v2e_vs_real,original,210000,211000,15485,24.287230099472733,,ok
v2e_vs_real,original,211000,212000,15246,23.10843403590013,,ok
v2e_vs_real,original,212000,213000,15304,22.24629380335346,,ok
v2e_vs_real,original,213000,214000,19228,21.492448164244383,,ok
v2e_vs_real,original,214000,215000,15343,20.28433828611925,,ok
v2e_vs_real,original,215000,216000,15241,20.818557596284784,,ok
v2e_vs_real,original,216000,217000,15220,20.333351805137557,,ok
v2e_vs_real,original,217000,218000,18822,19.83519493026714,,ok
v2e_vs_real,original,218000,219000,15111,19.18935270448719,,ok
v2e_vs_real,original,219000,220000,15126,18.132092312520843,,ok
v2e_vs_real,original,220000,221000,14783,16.42933393603037,,ok
v2e_vs_real,original,221000,222000,18383,15.070924204218231,,ok
v2e_vs_real,original,222000,223000,14534,14.775583463830817,,ok
v2e_vs_real,original,223000,224000,14661,14.624254686861525,,ok
v2e_vs_real,original,224000,225000,14832,13.432221440949286,,ok
v2e_vs_real,original,225000,226000,15009,11.803293380992974,,ok
v2e_vs_real,original,226000,227000,18539,10.58350553298296,,ok
v2e_vs_real,original,227000,228000,14655,10.04813149407788,,ok
v2e_vs_real,original,228000,229000,14492,10.516914323189978,,ok
v2e_vs_real,original,229000,230000,14170,11.607509269510784,,ok
v2e_vs_real,original,230000,231000,17141,14.263570845423107,,ok
v2e_vs_real,original,231000,232000,13648,16.624350916099353,,ok
v2e_vs_real,original,232000,233000,13850,21.261463159268473,,ok
v2e_vs_real,original,233000,234000,13652,26.46275064906385,,ok
v2e_vs_real,original,234000,235000,12537,32.360475484871245,,ok
v2e_vs_real,original,235000,236000,14764,37.58935079157927,,ok
v2e_vs_real,original,236000,237000,11876,44.24101271878858,,ok
v2e_vs_real,original,237000,238000,12413,49.16596214717081,,ok
v2e_vs_real,original,238000,239000,12731,52.461691455481635,,ok
v2e_vs_real,original,239000,240000,16697,55.38705418222001,,ok
v2e_vs_real,original,240000,241000,15141,68.04243066951406,,ok
v2e_vs_real,original,241000,242000,16099,70.88625034046969,,ok
v2e_vs_real,original,242000,243000,16937,71.20048022995071,,ok
v2e_vs_real,original,243000,244000,21571,65.74815051916002,,ok
v2e_vs_real,original,244000,245000,18890,71.11077831165339,,ok
v2e_vs_real,original,245000,246000,18955,65.91077723127205,,ok
v2e_vs_real,original,246000,247000,19325,65.05031836502188,,ok
v2e_vs_real,original,247000,248000,19653,61.09209749463718,,ok
v2e_vs_real,original,248000,249000,24715,58.891282869098575,,ok
v2e_vs_real,original,249000,250000,19955,58.767340163979604,,ok
v2e_vs_real,original,250000,251000,20098,56.405401580818086,,ok
v2e_vs_real,original,251000,252000,20435,55.093952326515954,,ok
v2e_vs_real,original,252000,253000,25447,54.38507853177152,,ok
v2e_vs_real,original,253000,254000,20274,53.54807000353986,,ok
v2e_vs_real,original,254000,255000,20048,51.49241877809916,,ok
v2e_vs_real,original,255000,256000,19685,49.208887749273956,,ok
v2e_vs_real,original,256000,257000,23370,47.02737231770054,,ok
v2e_vs_real,original,257000,258000,19741,49.36884642319466,,ok
v2e_vs_real,original,258000,259000,19138,47.854111005663476,,ok
v2e_vs_real,original,259000,260000,18768,47.52909555788839,,ok
v2e_vs_real,original,260000,261000,19150,47.203759932255224,,ok
v2e_vs_real,original,261000,262000,23702,46.61778580498286,,ok
v2e_vs_real,original,262000,263000,18820,48.002819577203276,,ok
v2e_vs_real,original,263000,264000,18715,47.58978313916401,,ok
v2e_vs_real,original,264000,265000,18010,47.64111014540356,,ok
v2e_vs_real,original,265000,266000,21826,46.605488712867235,,ok
v2e_vs_real,original,266000,267000,21541,45.90429451763612,,ok
v2e_vs_real,original,267000,268000,15678,44.74694811494409,,ok
v2e_vs_real,original,268000,269000,18959,43.289997374355956,,ok
v2e_vs_real,original,269000,270000,18436,42.497070915875284,,ok
v2e_vs_real,original,270000,271000,18152,41.35179655223709,,ok
v2e_vs_real,original,271000,272000,18290,40.35022444363132,,ok
v2e_vs_real,original,272000,273000,18582,39.92734863052789,,ok
v2e_vs_real,original,273000,274000,18568,39.68836213239348,,ok
v2e_vs_real,original,274000,275000,19352,39.3718738665826,,ok
v2e_vs_real,original,275000,276000,19819,39.285612365795416,,ok
v2e_vs_real,original,276000,277000,19728,39.827411947816124,,ok
v2e_vs_real,original,277000,278000,15445,39.87578956533862,,ok
v2e_vs_real,original,278000,279000,20609,39.87163405723955,,ok
v2e_vs_real,original,279000,280000,21070,39.90338757832808,,ok
v2e_vs_real,original,280000,281000,21900,39.90479484833032,,ok
v2e_vs_real,original,281000,282000,22698,39.74440886112983,,ok
v2e_vs_real,original,282000,283000,23238,40.07067988942097,,ok
v2e_vs_real,original,283000,284000,23383,40.33558728585589,,ok
v2e_vs_real,original,284000,285000,23505,40.17003585717681,,ok
v2e_vs_real,original,285000,286000,23542,40.242036277417924,,ok
v2e_vs_real,original,286000,287000,23562,40.70795042727149,,ok
v2e_vs_real,original,287000,288000,17665,40.59778775990275,,ok
v2e_vs_real,original,288000,289000,23128,40.98986804342812,,ok
v2e_vs_real,original,289000,290000,22736,40.889458622857624,,ok
v2e_vs_real,original,290000,291000,22024,40.64455335327465,,ok
v2e_vs_real,original,291000,292000,21413,39.58850154741587,,ok
v2e_vs_real,original,292000,293000,20747,39.486549372565605,,ok
v2e_vs_real,original,293000,294000,19936,38.590170275487125,,ok
v2e_vs_real,original,294000,295000,19525,38.38775081882853,,ok
v2e_vs_real,original,295000,296000,19228,36.87773001771225,,ok
v2e_vs_real,original,296000,297000,18890,36.299453458989674,,ok
v2e_vs_real,original,297000,298000,13673,35.5687523325822,,ok
v2e_vs_real,original,298000,299000,17577,35.57598732984698,,ok
v2e_vs_real,original,299000,300000,18229,33.75057423056413,,ok
v2e_vs_real,original,300000,301000,16973,29.981466715576055,,ok
v2e_vs_real,original,301000,302000,16219,26.832354623159812,,ok
v2e_vs_real,original,302000,303000,15728,24.391839352117824,,ok
v2e_vs_real,original,303000,304000,15469,23.084325518273243,,ok
v2e_vs_real,original,304000,305000,15342,22.821401976126907,,ok
v2e_vs_real,original,305000,306000,15173,21.464081767850193,,ok
v2e_vs_real,original,306000,307000,15488,20.146532400255957,,ok
v2e_vs_real,original,307000,308000,11811,19.190453862623578,,ok
v2e_vs_real,original,308000,309000,16319,18.92961759604858,,ok
v2e_vs_real,original,309000,310000,16723,19.48260995505092,,ok
v2e_vs_real,original,310000,311000,17121,18.360126475215544,,ok
v2e_vs_real,original,311000,312000,17202,16.9191953679247,,ok
v2e_vs_real,original,312000,313000,17191,16.41631518598854,,ok
v2e_vs_real,original,313000,314000,17406,15.36451426098299,,ok
v2e_vs_real,original,314000,315000,17138,14.738842826152455,,ok
v2e_vs_real,original,315000,316000,17695,15.177143497675608,,ok
v2e_vs_real,original,316000,317000,17429,15.827075593935362,,ok
v2e_vs_real,original,317000,318000,13212,15.279107150395433,,ok
v2e_vs_real,original,318000,319000,17325,16.143461531916195,,ok
v2e_vs_real,original,319000,320000,17048,14.921702796269413,,ok
v2e_vs_real,original,320000,321000,17281,16.129244832005476,,ok
v2e_vs_real,original,321000,322000,17514,17.22213970221403,,ok
v2e_vs_real,original,322000,323000,17419,18.868996820016896,,ok
v2e_vs_real,original,323000,324000,17218,20.995701981541046,,ok
v2e_vs_real,original,324000,325000,16997,21.88299317848701,,ok
v2e_vs_real,original,325000,326000,16279,21.318328412787313,,ok
v2e_vs_real,original,326000,327000,15284,18.927980647066928,,ok
v2e_vs_real,original,327000,328000,11292,17.06171924403379,,ok
v2e_vs_real,original,328000,329000,14633,15.742836936194227,,ok
v2e_vs_real,original,329000,330000,14697,15.293141666069895,,ok
v2e_vs_real,original,330000,331000,14364,17.478732299569526,,ok
v2e_vs_real,original,331000,332000,13941,19.630946079086996,,ok
v2e_vs_real,original,332000,333000,15106,24.376863048772336,,ok
v2e_vs_real,original,333000,334000,15768,28.62268756525699,,ok
v2e_vs_real,original,334000,335000,15475,32.172555093336264,,ok
v2e_vs_real,original,335000,336000,15747,37.0200165635087,,ok
v2e_vs_real,original,336000,337000,15614,39.32197095768825,,ok
v2e_vs_real,original,337000,338000,11643,41.58523650352953,,ok
v2e_vs_real,original,338000,339000,15574,46.647067959428064,,ok
v2e_vs_real,original,339000,340000,15324,47.46392681616726,,ok
v2e_vs_real,original,340000,341000,15270,47.03910182519965,,ok
v2e_vs_real,original,341000,342000,15528,47.19719355333841,,ok
v2e_vs_real,original,342000,343000,15847,48.84180250962549,,ok
v2e_vs_real,original,343000,344000,16476,49.83732658629613,,ok
v2e_vs_real,original,344000,345000,17531,51.61809650537632,,ok
v2e_vs_real,original,345000,346000,17805,55.14321111580852,,ok
v2e_vs_real,original,346000,347000,17932,56.89650505183199,,ok
v2e_vs_real,original,347000,348000,13681,56.5642294732236,,ok
v2e_vs_real,original,348000,349000,18421,58.30251135934791,,ok
v2e_vs_real,original,349000,350000,19552,56.351770061032454,,ok
v2e_vs_real,original,350000,351000,20274,55.56207556752089,,ok
v2e_vs_real,original,351000,352000,20622,55.78542845741394,,ok
v2e_vs_real,original,352000,353000,21060,56.916359125121325,,ok
v2e_vs_real,original,353000,354000,21259,56.57816961266423,,ok
v2e_vs_real,original,354000,355000,21531,56.37931398277673,,ok
v2e_vs_real,original,355000,356000,21733,56.88211691457273,,ok
v2e_vs_real,original,356000,357000,21601,56.78643177476015,,ok
v2e_vs_real,original,357000,358000,16224,56.171905917795506,,ok
v2e_vs_real,original,358000,359000,21891,55.56385224207901,,ok
v2e_vs_real,original,359000,360000,21731,53.68117033050187,,ok
v2e_vs_real,original,360000,361000,21758,51.798599307129074,,ok
v2e_vs_real,original,361000,362000,21451,51.40010129145122,,ok
v2e_vs_real,original,362000,363000,21321,51.412202938491994,,ok
v2e_vs_real,original,363000,364000,20968,51.643752442301896,,ok
v2e_vs_real,original,364000,365000,19768,51.95718548898972,,ok
v2e_vs_real,original,365000,366000,19422,51.81029308202683,,ok
v2e_vs_real,original,366000,367000,20431,48.65837206806069,,ok
v2e_vs_real,original,367000,368000,15656,45.88744438814361,,ok
v2e_vs_real,original,368000,369000,21049,46.00522280933727,,ok
v2e_vs_real,original,369000,370000,21057,46.872674337318415,,ok
v2e_vs_real,original,370000,371000,20447,46.44147384081671,,ok
v2e_vs_real,original,371000,372000,20485,46.447514916176786,,ok
v2e_vs_real,original,372000,373000,21020,46.51388221657967,,ok
v2e_vs_real,original,373000,374000,21708,46.129113221644175,,ok
v2e_vs_real,original,374000,375000,22315,45.768478500066664,,ok
v2e_vs_real,original,375000,376000,22658,45.940692027131334,,ok
v2e_vs_real,original,376000,377000,23260,46.25493541311977,,ok
v2e_vs_real,original,377000,378000,17503,46.13602317827246,,ok
v2e_vs_real,original,378000,379000,23454,45.6804612120443,,ok
v2e_vs_real,original,379000,380000,23867,45.10962924025402,,ok
v2e_vs_real,original,380000,381000,23993,44.2218822821114,,ok
v2e_vs_real,original,381000,382000,24536,44.23081751535118,,ok
v2e_vs_real,original,382000,383000,24469,44.10527249604232,,ok
v2e_vs_real,original,383000,384000,24272,44.08722425853177,,ok
v2e_vs_real,original,384000,385000,24450,43.519261627229035,,ok
v2e_vs_real,original,385000,386000,24351,42.848995189826425,,ok
v2e_vs_real,original,386000,387000,23994,42.71877275476,,ok
v2e_vs_real,original,387000,388000,17665,42.0375244118282,,ok
v2e_vs_real,original,388000,389000,23113,41.909529790431925,,ok
v2e_vs_real,original,389000,390000,22837,40.913926364171374,,ok
v2e_vs_real,original,390000,391000,23140,40.01771199553844,,ok
v2e_vs_real,original,391000,392000,23621,37.39633515197181,,ok
v2e_vs_real,original,392000,393000,23363,35.92634604425723,,ok
v2e_vs_real,original,393000,394000,22623,34.94132402224805,,ok
v2e_vs_real,original,394000,395000,21842,33.76346040549135,,ok
v2e_vs_real,original,395000,396000,21063,32.7880562486933,,ok
v2e_vs_real,original,396000,397000,20170,32.198434854893414,,ok
v2e_vs_real,original,397000,398000,14423,31.014517119769746,,ok
v2e_vs_real,original,398000,399000,18000,30.146012059398785,,ok
v2e_vs_real,original,399000,400000,16712,30.923143815970917,,ok
v2e_vs_real,original,400000,401000,19968,27.42592248123092,,ok
v2e_vs_real,original,401000,402000,15181,27.385244442630004,,ok
v2e_vs_real,original,402000,403000,15260,27.50637706103561,,ok
v2e_vs_real,original,403000,404000,15232,27.346148970996285,,ok
v2e_vs_real,original,404000,405000,15380,27.59233433598301,,ok
v2e_vs_real,original,405000,406000,19449,25.93206630231292,,ok
v2e_vs_real,original,406000,407000,16449,27.018397543752677,,ok
v2e_vs_real,original,407000,408000,16021,26.15020546190172,,ok
v2e_vs_real,original,408000,409000,15913,24.83608226508963,,ok
v2e_vs_real,original,409000,410000,15827,25.801949040596444,,ok
v2e_vs_real,original,410000,411000,19326,25.206840787496844,,ok
v2e_vs_real,original,411000,412000,15654,24.55710470030346,,ok
v2e_vs_real,original,412000,413000,15562,24.14534963469106,,ok
v2e_vs_real,original,413000,414000,15441,22.601538530575368,,ok
v2e_vs_real,original,414000,415000,15338,21.30393586051413,,ok
v2e_vs_real,original,415000,416000,19374,22.24429321440597,,ok
v2e_vs_real,original,416000,417000,15770,23.49829631954222,,ok
v2e_vs_real,original,417000,418000,15377,22.693537383301464,,ok
v2e_vs_real,original,418000,419000,14995,21.135157037357917,,ok
v2e_vs_real,original,419000,420000,14933,20.071150163620775,,ok
v2e_vs_real,original,420000,421000,18408,17.757582407588977,,ok
v2e_vs_real,original,421000,422000,14686,16.410452524540837,,ok
v2e_vs_real,original,422000,423000,14667,15.391872899555139,,ok
v2e_vs_real,original,423000,424000,14328,14.70752238577714,,ok
v2e_vs_real,original,424000,425000,14686,13.913966863143076,,ok
v2e_vs_real,original,425000,426000,18675,12.443343503922259,,ok
v2e_vs_real,original,426000,427000,15183,10.390015007064271,,ok
v2e_vs_real,original,427000,428000,14672,9.950876975786375,,ok
v2e_vs_real,original,428000,429000,14324,10.048255762384542,,ok
v2e_vs_real,original,429000,430000,14273,10.273588360251557,,ok
v2e_vs_real,original,430000,431000,17049,13.20170604476566,,ok
v2e_vs_real,original,431000,432000,13272,14.453561923330138,,ok
v2e_vs_real,original,432000,433000,13887,20.49966047539685,,ok
v2e_vs_real,original,433000,434000,13445,28.40618923573054,,ok
v2e_vs_real,original,434000,435000,12469,33.91441047691579,,ok
v2e_vs_real,original,435000,436000,14552,39.00860488956178,,ok
v2e_vs_real,original,436000,437000,12161,45.937030523650755,,ok
v2e_vs_real,original,437000,438000,12563,50.846713256506554,,ok
v2e_vs_real,original,438000,439000,12724,54.061473063712974,,ok
v2e_vs_real,original,439000,440000,13665,56.34576229965311,,ok
v2e_vs_real,original,440000,441000,17960,61.89803884788735,,ok
v2e_vs_real,original,441000,442000,16222,70.98176771163898,,ok
v2e_vs_real,original,442000,443000,16998,71.92624578538856,,ok
v2e_vs_real,original,443000,444000,17495,70.46042016366923,,ok
v2e_vs_real,original,444000,445000,18262,69.97602881999539,,ok
v2e_vs_real,original,445000,446000,22413,64.80877773698624,,ok
v2e_vs_real,original,446000,447000,19986,69.87170607308141,,ok
v2e_vs_real,original,447000,448000,19805,63.916890340338355,,ok
v2e_vs_real,original,448000,449000,19688,61.726328079027695,,ok
v2e_vs_real,original,449000,450000,19961,59.66093086815682,,ok
v2e_vs_real,original,450000,451000,24389,56.5085813295895,,ok
v2e_vs_real,original,451000,452000,20497,58.27403615695111,,ok
v2e_vs_real,original,452000,453000,19953,55.84823238771944,,ok
v2e_vs_real,original,453000,454000,19800,54.40832394925897,,ok
v2e_vs_real,original,454000,455000,19471,52.715848427952,,ok
v2e_vs_real,original,455000,456000,23488,49.18453600730578,,ok
v2e_vs_real,original,456000,457000,19277,51.24812155854328,,ok
v2e_vs_real,original,457000,458000,18983,49.72310140105056,,ok
v2e_vs_real,original,458000,459000,18979,48.956886629656864,,ok
v2e_vs_real,original,459000,460000,18932,48.48778538416938,,ok
v2e_vs_real,original,460000,461000,23660,48.41790060385099,,ok
v2e_vs_real,original,461000,462000,18917,49.078312069194695,,ok
v2e_vs_real,original,462000,463000,18867,48.76080924801003,,ok
v2e_vs_real,original,463000,464000,18446,49.140812231855705,,ok
v2e_vs_real,original,464000,465000,18007,50.054881485814136,,ok
v2e_vs_real,original,465000,466000,21818,48.00411090955461,,ok
v2e_vs_real,original,466000,467000,19091,47.74346728063481,,ok
v2e_vs_real,original,467000,468000,17604,44.85497086127173,,ok
v2e_vs_real,original,468000,469000,17034,44.16507735773323,,ok
v2e_vs_real,original,469000,470000,16748,43.08253574257093,,ok
v2e_vs_real,original,470000,471000,20801,42.10063137065531,,ok
v2e_vs_real,original,471000,472000,16908,41.51992620893115,,ok
v2e_vs_real,original,472000,473000,17267,40.70254102962167,,ok
v2e_vs_real,original,473000,474000,17457,39.73479025105668,,ok
v2e_vs_real,original,474000,475000,17798,39.43759712978467,,ok
v2e_vs_real,original,475000,476000,22714,39.86124459965276,,ok
v2e_vs_real,original,476000,477000,19239,40.13957068575146,,ok
v2e_vs_real,original,477000,478000,19310,40.39606925785021,,ok
v2e_vs_real,original,478000,479000,19512,40.40830336977303,,ok
v2e_vs_real,original,479000,480000,20140,40.22878476186741,,ok
v2e_vs_real,original,480000,481000,25533,40.99783801623465,,ok
v2e_vs_real,original,481000,482000,21747,40.77385232902013,,ok
v2e_vs_real,original,482000,483000,21819,41.52368377458538,,ok
v2e_vs_real,original,483000,484000,21952,41.642244925773035,,ok
v2e_vs_real,original,484000,485000,21947,41.8058921051226,,ok
v2e_vs_real,original,485000,486000,27211,42.209489355641765,,ok
v2e_vs_real,original,486000,487000,22682,41.33263645073934,,ok
v2e_vs_real,original,487000,488000,22372,42.25253049091317,,ok
v2e_vs_real,original,488000,489000,21717,42.1875772773792,,ok
v2e_vs_real,original,489000,490000,21304,42.09973270538597,,ok
v2e_vs_real,original,490000,491000,25862,42.04097101382893,,ok
v2e_vs_real,original,491000,492000,20226,41.58408279057728,,ok
v2e_vs_real,original,492000,493000,19709,40.7485174994614,,ok
v2e_vs_real,original,493000,494000,18922,40.652840086914665,,ok
v2e_vs_real,original,494000,495000,18655,39.17775103097053,,ok
v2e_vs_real,original,495000,496000,22543,38.467830968719376,,ok
v2e_vs_real,original,496000,497000,18039,37.11202012219295,,ok
v2e_vs_real,original,497000,498000,17582,36.680111371150716,,ok
v2e_vs_real,original,498000,499000,16807,36.67050285307344,,ok
v2e_vs_real,original,499000,500000,17366,35.252471453012234,,ok
v2e_vs_real,original,500000,501000,20133,32.38824988985807,,ok
v2e_vs_real,original,501000,502000,15614,28.564263748690692,,ok
v2e_vs_real,original,502000,503000,15030,25.685697249503715,,ok
v2e_vs_real,original,503000,504000,14817,25.055561004312473,,ok
v2e_vs_real,original,504000,505000,14451,23.90839668134291,,ok
v2e_vs_real,original,505000,506000,17639,23.082626346705318,,ok
v2e_vs_real,original,506000,507000,14532,20.865497573638272,,ok
v2e_vs_real,original,507000,508000,14898,19.640576433622975,,ok
v2e_vs_real,original,508000,509000,15116,19.55644760662248,,ok
v2e_vs_real,original,509000,510000,15993,19.535713873686504,,ok
v2e_vs_real,original,510000,511000,19764,19.154016131206077,,ok
v2e_vs_real,original,511000,512000,16411,17.842688080395096,,ok
v2e_vs_real,original,512000,513000,16442,16.9881495560637,,ok
v2e_vs_real,original,513000,514000,16548,16.67604968633314,,ok
v2e_vs_real,original,514000,515000,16377,16.212720764525837,,ok
v2e_vs_real,original,515000,516000,20123,16.464919810287334,,ok
v2e_vs_real,original,516000,517000,16916,16.119103538135494,,ok
v2e_vs_real,original,517000,518000,16587,16.210926698537587,,ok
v2e_vs_real,original,518000,519000,16307,16.341160485207954,,ok
v2e_vs_real,original,519000,520000,16292,16.721118225488784,,ok
v2e_vs_real,original,520000,521000,19591,17.18183276488714,,ok
v2e_vs_real,original,521000,522000,16743,17.24958343110703,,ok
v2e_vs_real,original,522000,523000,16072,19.374178557726353,,ok
v2e_vs_real,original,523000,524000,16076,21.350979587796765,,ok
v2e_vs_real,original,524000,525000,15915,22.00527206047658,,ok
v2e_vs_real,original,525000,526000,19020,23.25800569539002,,ok
v2e_vs_real,original,526000,527000,15440,23.111452052391567,,ok
v2e_vs_real,original,527000,528000,14657,20.121829031943182,,ok
v2e_vs_real,original,528000,529000,14558,18.31119051166533,,ok
v2e_vs_real,original,529000,530000,14454,16.858672206388945,,ok
v2e_vs_real,original,530000,531000,17446,16.94228051313482,,ok
v2e_vs_real,original,531000,532000,14338,16.98047034153023,,ok
v2e_vs_real,original,532000,533000,14640,23.299303954395278,,ok
v2e_vs_real,original,533000,534000,15523,26.596598149101677,,ok
v2e_vs_real,original,534000,535000,15105,30.0798575274773,,ok
v2e_vs_real,original,535000,536000,15107,33.96291444229412,,ok
v2e_vs_real,original,536000,537000,18294,35.04997769252145,,ok
v2e_vs_real,original,537000,538000,15254,39.6556555462834,,ok
v2e_vs_real,original,538000,539000,15147,43.96072649658859,,ok
v2e_vs_real,original,539000,540000,14983,46.55037944553312,,ok
v2e_vs_real,original,540000,541000,14732,46.04262418235145,,ok
v2e_vs_real,original,541000,542000,14695,44.57254536433632,,ok
v2e_vs_real,original,542000,543000,14936,47.39173698895801,,ok
v2e_vs_real,original,543000,544000,19369,48.909086186442686,,ok
v2e_vs_real,original,544000,545000,16752,49.87418477091831,,ok
v2e_vs_real,original,545000,546000,17055,52.511100979974266,,ok
v2e_vs_real,original,546000,547000,17210,54.57389109358264,,ok
v2e_vs_real,original,547000,548000,17117,55.54877309650943,,ok
v2e_vs_real,original,548000,549000,17097,54.89235747921523,,ok
v2e_vs_real,original,549000,550000,18300,55.91033743586587,,ok
v2e_vs_real,original,550000,551000,18597,54.61734331871593,,ok
v2e_vs_real,original,551000,552000,23885,54.90138508920731,,ok
v2e_vs_real,original,552000,553000,19496,56.07137630972324,,ok
v2e_vs_real,original,553000,554000,20205,55.85870737566619,,ok
v2e_vs_real,original,554000,555000,20246,56.09068095273602,,ok
v2e_vs_real,original,555000,556000,20467,55.438705904791114,,ok
v2e_vs_real,original,556000,557000,20455,55.29037683041577,,ok
v2e_vs_real,original,557000,558000,20444,55.40696308488908,,ok
v2e_vs_real,original,558000,559000,26366,53.69666249797954,,ok
v2e_vs_real,original,559000,560000,21246,51.698292533190184,,ok
v2e_vs_real,original,560000,561000,20925,50.79818270722146,,ok
v2e_vs_real,original,561000,562000,20581,50.604736551240485,,ok
v2e_vs_real,original,562000,563000,20478,50.9981541061445,,ok
v2e_vs_real,original,563000,564000,19449,51.332294886577735,,ok
v2e_vs_real,original,564000,565000,18928,50.19800782426479,,ok
v2e_vs_real,original,565000,566000,21957,50.668090232795535,,ok
v2e_vs_real,original,566000,567000,19147,48.81201325833569,,ok
v2e_vs_real,original,567000,568000,19551,47.108342866882985,,ok
v2e_vs_real,original,568000,569000,19670,46.3593454408,,ok
v2e_vs_real,original,569000,570000,19496,46.319599539542764,,ok
v2e_vs_real,original,570000,571000,18833,45.948769382006674,,ok
v2e_vs_real,original,571000,572000,19263,46.382728184515805,,ok
v2e_vs_real,original,572000,573000,23078,45.82931177071547,,ok
v2e_vs_real,original,573000,574000,20148,46.07158016423881,,ok
v2e_vs_real,original,574000,575000,20418,45.81175252678173,,ok
v2e_vs_real,original,575000,576000,20884,45.28512145610756,,ok
v2e_vs_real,original,576000,577000,21387,45.83518894622911,,ok
v2e_vs_real,original,577000,578000,21716,45.58510472314149,,ok
v2e_vs_real,original,578000,579000,22306,45.38927720782153,,ok
v2e_vs_real,original,579000,580000,27376,44.7103955407254,,ok
v2e_vs_real,original,580000,581000,23537,44.437786558588364,,ok
v2e_vs_real,original,581000,582000,23065,43.97872206603763,,ok
v2e_vs_real,original,582000,583000,23100,44.00737241076961,,ok
v2e_vs_real,original,583000,584000,22757,43.611454856335484,,ok
v2e_vs_real,original,584000,585000,22727,42.61578304212533,,ok
v2e_vs_real,original,585000,586000,22896,42.59356778391592,,ok
v2e_vs_real,original,586000,587000,27209,41.662628907981365,,ok
v2e_vs_real,original,587000,588000,22818,41.559210433921926,,ok
v2e_vs_real,original,588000,589000,22019,41.502108189416006,,ok
v2e_vs_real,original,589000,590000,21659,40.81472056511228,,ok
v2e_vs_real,original,590000,591000,21809,39.397905050415474,,ok
v2e_vs_real,original,591000,592000,22090,37.2990480706704,,ok
v2e_vs_real,original,592000,593000,22205,36.34084783072506,,ok
v2e_vs_real,original,593000,594000,26256,35.00321571725179,,ok
v2e_vs_real,original,594000,595000,21131,34.07308413345321,,ok
v2e_vs_real,original,595000,596000,19993,32.90373821171789,,ok
v2e_vs_real,original,596000,597000,19254,31.965627508397716,,ok
v2e_vs_real,original,597000,598000,18207,30.86266119902704,,ok
v2e_vs_real,original,598000,599000,17169,30.614789256220437,,ok
v2e_vs_real,original,599000,600000,16997,30.423400529233824,,ok
v2e_vs_real,original,600000,601000,20804,28.118568985125222,,ok
v2e_vs_real,original,601000,602000,16266,28.168156508207904,,ok
v2e_vs_real,original,602000,603000,15610,28.843996277273156,,ok
v2e_vs_real,original,603000,604000,15623,29.404930687934737,,ok
v2e_vs_real,original,604000,605000,15903,29.648736050746,,ok
v2e_vs_real,original,605000,606000,16170,28.156602103628867,,ok
v2e_vs_real,original,606000,607000,16098,27.649365075510755,,ok
v2e_vs_real,original,607000,608000,16343,26.516284278917077,,ok
v2e_vs_real,original,608000,609000,20136,26.091442415215774,,ok
v2e_vs_real,original,609000,610000,16479,25.877867996683882,,ok
v2e_vs_real,original,610000,611000,15924,25.368637840165892,,ok
v2e_vs_real,original,611000,612000,16157,25.161449870692834,,ok
v2e_vs_real,original,612000,613000,15925,23.87224174011091,,ok
v2e_vs_real,original,613000,614000,15906,23.089793517674128,,ok
v2e_vs_real,original,614000,615000,15800,22.84302524362081,,ok
v2e_vs_real,original,615000,616000,19747,21.61450127006904,,ok
v2e_vs_real,original,616000,617000,15792,23.107912114114175,,ok
v2e_vs_real,original,617000,618000,15868,21.58581323676865,,ok
v2e_vs_real,original,618000,619000,15379,21.410255952031797,,ok
v2e_vs_real,original,619000,620000,15250,19.428149141087662,,ok
v2e_vs_real,original,620000,621000,15342,17.175822685410736,,ok
v2e_vs_real,original,621000,622000,15199,15.800379832049325,,ok
v2e_vs_real,original,622000,623000,18776,15.703053823914944,,ok
v2e_vs_real,original,623000,624000,15054,13.982006614907311,,ok
v2e_vs_real,original,624000,625000,15213,12.601959140087446,,ok
v2e_vs_real,original,625000,626000,15645,11.664429732840699,,ok
v2e_vs_real,original,626000,627000,15231,10.384258978818124,,ok
v2e_vs_real,original,627000,628000,15012,9.544461875402437,,ok
v2e_vs_real,original,628000,629000,14767,10.641863919405267,,ok
v2e_vs_real,original,629000,630000,17742,11.758803836424592,,ok
v2e_vs_real,original,630000,631000,14312,13.123364519984738,,ok
v2e_vs_real,original,631000,632000,13947,16.646287555265435,,ok
v2e_vs_real,original,632000,633000,14237,19.80071810365182,,ok
v2e_vs_real,original,633000,634000,14094,28.38103135309241,,ok
v2e_vs_real,original,634000,635000,12733,33.97148420628048,,ok
v2e_vs_real,original,635000,636000,12122,40.116074459074,,ok
v2e_vs_real,original,636000,637000,14692,43.15030622771824,,ok
v2e_vs_real,original,637000,638000,12899,50.88323360786847,,ok
v2e_vs_real,original,638000,639000,13193,55.57862133021872,,ok
v2e_vs_real,original,639000,640000,14073,59.24727681804135,,ok
v2e_vs_real,original,640000,641000,15405,64.58011423309206,,ok
v2e_vs_real,original,641000,642000,16391,70.95835034474477,,ok
v2e_vs_real,original,642000,643000,17241,72.07733990315462,,ok
v2e_vs_real,original,643000,644000,21827,66.44835651124686,,ok
v2e_vs_real,original,644000,645000,19418,71.39279381293103,,ok
v2e_vs_real,original,645000,646000,19792,69.1955534429808,,ok
v2e_vs_real,original,646000,647000,19636,65.81525342793225,,ok
v2e_vs_real,original,647000,648000,19882,62.77724372219263,,ok
v2e_vs_real,original,648000,649000,20042,61.41570999634432,,ok
v2e_vs_real,original,649000,650000,19715,59.03910997720854,,ok
v2e_vs_real,original,650000,651000,24466,55.91256611332885,,ok
v2e_vs_real,original,651000,652000,21152,58.180237533121364,,ok
v2e_vs_real,original,652000,653000,20069,55.17136442368986,,ok
v2e_vs_real,original,653000,654000,20249,52.75188131263102,,ok
v2e_vs_real,original,654000,655000,19878,50.0677439832394,,ok
v2e_vs_real,original,655000,656000,19638,49.29616264509468,,ok
v2e_vs_real,original,656000,657000,19465,47.96147217799255,,ok
v2e_vs_real,original,657000,658000,19351,48.25198568589992,,ok
v2e_vs_real,original,658000,659000,23801,47.13872097252429,,ok
v2e_vs_real,original,659000,660000,19283,47.502778903670915,,ok
v2e_vs_real,original,660000,661000,19097,48.113439149845654,,ok
v2e_vs_real,original,661000,662000,19124,46.834271336089536,,ok
v2e_vs_real,original,662000,663000,19070,47.583834676735066,,ok
v2e_vs_real,original,663000,664000,18633,47.251899357462975,,ok
v2e_vs_real,original,664000,665000,18464,48.087025928189696,,ok
v2e_vs_real,original,665000,666000,22090,46.902182070301315,,ok
v2e_vs_real,original,666000,667000,20764,45.206734491386456,,ok
v2e_vs_real,original,667000,668000,19683,43.69652024939406,,ok
v2e_vs_real,original,668000,669000,18476,42.30573349037251,,ok
v2e_vs_real,original,669000,670000,13751,43.013860001343744,,ok
v2e_vs_real,original,670000,671000,17900,41.45574621772316,,ok
v2e_vs_real,original,671000,672000,17903,40.79763527016406,,ok
v2e_vs_real,original,672000,673000,18472,40.180345037618984,,ok
v2e_vs_real,original,673000,674000,18585,39.7753815533977,,ok
v2e_vs_real,original,674000,675000,19202,39.44810459044523,,ok
v2e_vs_real,original,675000,676000,19515,39.49168534655915,,ok
v2e_vs_real,original,676000,677000,19812,39.790779124266116,,ok
v2e_vs_real,original,677000,678000,19958,40.08467295496398,,ok
v2e_vs_real,original,678000,679000,20355,40.30686849482726,,ok
v2e_vs_real,original,679000,680000,21122,40.30910262095868,,ok
v2e_vs_real,original,680000,681000,21756,40.090441366097835,,ok
v2e_vs_real,original,681000,682000,22437,39.929489250553075,,ok
v2e_vs_real,original,682000,683000,22995,40.200046812456684,,ok
v2e_vs_real,original,683000,684000,23082,40.59196463418196,,ok
v2e_vs_real,original,684000,685000,23049,41.04126337058652,,ok
v2e_vs_real,original,685000,686000,23174,41.340298624988314,,ok
v2e_vs_real,original,686000,687000,23213,41.39100658939782,,ok
v2e_vs_real,original,687000,688000,23220,41.96655987078031,,ok
v2e_vs_real,original,688000,689000,22826,41.51101666387303,,ok
v2e_vs_real,original,689000,690000,22590,41.45302566516772,,ok
v2e_vs_real,original,690000,691000,22186,41.17805322208121,,ok
v2e_vs_real,original,691000,692000,21319,40.54321676981424,,ok
v2e_vs_real,original,692000,693000,20585,39.854211358091696,,ok
v2e_vs_real,original,693000,694000,19963,39.58401236370448,,ok
v2e_vs_real,original,694000,695000,14548,38.81894816669815,,ok
v2e_vs_real,original,695000,696000,19202,37.6631673859865,,ok
v2e_vs_real,original,696000,697000,18892,36.75323841162988,,ok
v2e_vs_real,original,697000,698000,18129,36.02295698369108,,ok
v2e_vs_real,original,698000,699000,17307,35.95491781158786,,ok
v2e_vs_real,original,699000,700000,17944,34.09145170584887,,ok
v2e_vs_real,original,700000,701000,16827,30.87642922707649,,ok
v2e_vs_real,original,701000,702000,15954,27.330369936904557,,ok
v2e_vs_real,original,702000,703000,15922,25.365596668050472,,ok
v2e_vs_real,original,703000,704000,15299,24.508390780654857,,ok
v2e_vs_real,original,704000,705000,15191,23.595353924331356,,ok
v2e_vs_real,original,705000,706000,15081,22.77178084881535,,ok
v2e_vs_real,original,706000,707000,15224,21.57909112836783,,ok
v2e_vs_real,original,707000,708000,15789,20.53594528933428,,ok
v2e_vs_real,original,708000,709000,16127,20.312718001801013,,ok
v2e_vs_real,original,709000,710000,16542,19.99007005821202,,ok
v2e_vs_real,original,710000,711000,16902,18.384502783452,,ok
v2e_vs_real,original,711000,712000,17168,17.442484212241748,,ok
v2e_vs_real,original,712000,713000,17586,16.934526740284742,,ok
v2e_vs_real,original,713000,714000,17584,16.95071961464931,,ok
v2e_vs_real,original,714000,715000,17415,15.673131052139244,,ok
v2e_vs_real,original,715000,716000,17668,15.66291752873205,,ok
v2e_vs_real,original,716000,717000,17465,16.316141294937427,,ok
v2e_vs_real,original,717000,718000,17629,17.01938068866531,,ok
v2e_vs_real,original,718000,719000,17283,16.368834105556125,,ok
v2e_vs_real,original,719000,720000,12815,15.806215667550447,,ok
v2e_vs_real,original,720000,721000,17357,16.043802422514446,,ok
v2e_vs_real,original,721000,722000,17470,17.262192699125514,,ok
v2e_vs_real,original,722000,723000,17330,20.181206783867854,,ok
v2e_vs_real,original,723000,724000,17380,21.753610834928615,,ok
v2e_vs_real,original,724000,725000,16830,21.807049248591266,,ok
v2e_vs_real,original,725000,726000,16045,22.118090953818406,,ok
v2e_vs_real,original,726000,727000,15243,19.18405803191524,,ok
v2e_vs_real,original,727000,728000,14619,16.753035062577634,,ok
v2e_vs_real,original,728000,729000,14550,15.198493697275122,,ok
v2e_vs_real,original,729000,730000,14275,15.649831365725642,,ok
v2e_vs_real,original,730000,731000,14223,18.090934376719613,,ok
v2e_vs_real,original,731000,732000,13722,20.58610780068471,,ok
v2e_vs_real,original,732000,733000,14632,25.998197076813863,,ok
v2e_vs_real,original,733000,734000,15254,28.368882834447486,,ok
v2e_vs_real,original,734000,735000,15039,32.961674196468735,,ok
v2e_vs_real,original,735000,736000,15279,37.59767917004997,,ok
v2e_vs_real,original,736000,737000,15185,39.24773022568938,,ok
v2e_vs_real,original,737000,738000,15141,43.375078746396426,,ok
v2e_vs_real,original,738000,739000,15260,47.385300980132044,,ok
v2e_vs_real,original,739000,740000,14952,47.52470064437451,,ok
v2e_vs_real,original,740000,741000,14813,48.306737243467,,ok
v2e_vs_real,original,741000,742000,14828,47.677595052799084,,ok
v2e_vs_real,original,742000,743000,15372,49.55548209949065,,ok
v2e_vs_real,original,743000,744000,12022,49.409265409882764,,ok
v2e_vs_real,original,744000,745000,16712,50.96025876976181,,ok
v2e_vs_real,original,745000,746000,16970,53.67072117012105,,ok
v2e_vs_real,original,746000,747000,17384,58.1734800870824,,ok
v2e_vs_real,original,747000,748000,17446,57.482821098274016,,ok
v2e_vs_real,original,748000,749000,18010,58.77724411361835,,ok
v2e_vs_real,original,749000,750000,18914,56.5910597407038,,ok
v2e_vs_real,original,750000,751000,19580,55.73392285771701,,ok
v2e_vs_real,original,751000,752000,20105,55.6138251900409,,ok
v2e_vs_real,original,752000,753000,20511,56.6226219245578,,ok
v2e_vs_real,original,753000,754000,20744,56.45675794369289,,ok
v2e_vs_real,original,754000,755000,20846,56.924813969871714,,ok
v2e_vs_real,original,755000,756000,20983,56.36792263899469,,ok
v2e_vs_real,original,756000,757000,21170,56.31461643450946,,ok
v2e_vs_real,original,757000,758000,20849,55.82849345217665,,ok
v2e_vs_real,original,758000,759000,21193,55.58600529826768,,ok
v2e_vs_real,original,759000,760000,21127,53.45583320625053,,ok
v2e_vs_real,original,760000,761000,20949,51.87518685334758,,ok
v2e_vs_real,original,761000,762000,20963,51.5331856598031,,ok
v2e_vs_real,original,762000,763000,21055,51.19679245107929,,ok
v2e_vs_real,original,763000,764000,20331,51.731355641083915,,ok
v2e_vs_real,original,764000,765000,19387,52.0155006989037,,ok
v2e_vs_real,original,765000,766000,19007,52.016910273665935,,ok
v2e_vs_real,original,766000,767000,19895,48.54851490405524,,ok
v2e_vs_real,original,767000,768000,20912,46.142353036863206,,ok
v2e_vs_real,original,768000,769000,15528,46.665728095453474,,ok
v2e_vs_real,original,769000,770000,20702,46.51942828316455,,ok
v2e_vs_real,original,770000,771000,20551,46.777513157682094,,ok
v2e_vs_real,original,771000,772000,20154,46.70787704254852,,ok
v2e_vs_real,original,772000,773000,20547,46.3837580870999,,ok
v2e_vs_real,original,773000,774000,21330,46.110757858493336,,ok
v2e_vs_real,original,774000,775000,21709,46.225489747060266,,ok
v2e_vs_real,original,775000,776000,22436,46.01473570713621,,ok
v2e_vs_real,original,776000,777000,22640,46.1755674267211,,ok
v2e_vs_real,original,777000,778000,23414,46.24425761121197,,ok
v2e_vs_real,original,778000,779000,23354,45.73015568733265,,ok
v2e_vs_real,original,779000,780000,23641,45.419248306754255,,ok
v2e_vs_real,original,780000,781000,23732,44.625799289191754,,ok
v2e_vs_real,original,781000,782000,24159,44.34342909173707,,ok
v2e_vs_real,original,782000,783000,24290,44.151104278175296,,ok
v2e_vs_real,original,783000,784000,24055,43.81424444569174,,ok
v2e_vs_real,original,784000,785000,24128,43.38422523581249,,ok
v2e_vs_real,original,785000,786000,23896,43.38078404846924,,ok
v2e_vs_real,original,786000,787000,23650,42.76625280456925,,ok
v2e_vs_real,original,787000,788000,23295,42.6206710705934,,ok
v2e_vs_real,original,788000,789000,22824,42.109450779183916,,ok
v2e_vs_real,original,789000,790000,22699,41.633508701789815,,ok
v2e_vs_real,original,790000,791000,23112,39.85181778684594,,ok
v2e_vs_real,original,791000,792000,23622,37.56840663724965,,ok
v2e_vs_real,original,792000,793000,23023,36.496417643468526,,ok
v2e_vs_real,original,793000,794000,22378,35.461390096182434,,ok
v2e_vs_real,original,794000,795000,16281,34.71828556174566,,ok
v2e_vs_real,original,795000,796000,20863,33.20751567418819,,ok
v2e_vs_real,original,796000,797000,19970,32.863625553891126,,ok
v2e_vs_real,original,797000,798000,18937,31.474098397865035,,ok
v2e_vs_real,original,798000,799000,17851,30.838751980311113,,ok
v2e_vs_real,original,799000,800000,16725,31.12664337680937,,ok
v2e_vs_real,original,800000,801000,16252,28.41406325027357,,ok
v2e_vs_real,original,801000,802000,19626,27.511153457155856,,ok
v2e_vs_real,original,802000,803000,16597,30.034545052364688,,ok
v2e_vs_real,original,803000,804000,16317,30.62403867423308,,ok
v2e_vs_real,original,804000,805000,16619,30.089048853318044,,ok
v2e_vs_real,original,805000,806000,16507,27.701429948773235,,ok
v2e_vs_real,original,806000,807000,16856,27.4703483689146,,ok
v2e_vs_real,original,807000,808000,16767,28.067516248932517,,ok
v2e_vs_real,original,808000,809000,16651,27.687517897774885,,ok
v2e_vs_real,original,809000,810000,16819,27.264006150301025,,ok
v2e_vs_real,original,810000,811000,20327,26.12108882215203,,ok
v2e_vs_real,original,811000,812000,16331,27.34339060781529,,ok
v2e_vs_real,original,812000,813000,16278,25.88329193469162,,ok
v2e_vs_real,original,813000,814000,16363,24.029694417127526,,ok
v2e_vs_real,original,814000,815000,16131,23.43622657599988,,ok
v2e_vs_real,original,815000,816000,16119,24.966128926466162,,ok
v2e_vs_real,original,816000,817000,16040,24.58892760709037,,ok
v2e_vs_real,original,817000,818000,16046,24.694863834636546,,ok
v2e_vs_real,original,818000,819000,15832,23.06623630719593,,ok
v2e_vs_real,original,819000,820000,19605,21.14034515834858,,ok
v2e_vs_real,original,820000,821000,15413,19.38300685949499,,ok
v2e_vs_real,original,821000,822000,15169,18.19037802108613,,ok
v2e_vs_real,original,822000,823000,14998,16.61405666494103,,ok
v2e_vs_real,original,823000,824000,14860,15.185495904052564,,ok
v2e_vs_real,original,824000,825000,15194,13.811067668116056,,ok
v2e_vs_real,original,825000,826000,15248,12.623040831672682,,ok
v2e_vs_real,original,826000,827000,15301,11.856272866937537,,ok
v2e_vs_real,original,827000,828000,15071,11.623366769042596,,ok
v2e_vs_real,original,828000,829000,18090,11.200202284342954,,ok
v2e_vs_real,original,829000,830000,14755,10.651459654417254,,ok
v2e_vs_real,original,830000,831000,14242,11.586839349404862,,ok
v2e_vs_real,original,831000,832000,13644,14.431453878363877,,ok
v2e_vs_real,original,832000,833000,14112,20.376721824438793,,ok
v2e_vs_real,original,833000,834000,13792,28.310007867532004,,ok
v2e_vs_real,original,834000,835000,12483,35.296858279135584,,ok
v2e_vs_real,original,835000,836000,11921,41.72493884371715,,ok
v2e_vs_real,original,836000,837000,11948,46.10068668361773,,ok
v2e_vs_real,original,837000,838000,15180,48.55169592656782,,ok
v2e_vs_real,original,838000,839000,13210,55.19119802584459,,ok
v2e_vs_real,original,839000,840000,14213,60.87058823312913,,ok
v2e_vs_real,original,840000,841000,15080,66.44880986235134,,ok
v2e_vs_real,original,841000,842000,16229,70.78523642537218,,ok
v2e_vs_real,original,842000,843000,17104,72.24339389305231,,ok
v2e_vs_real,original,843000,844000,17696,71.77578746343052,,ok
v2e_vs_real,original,844000,845000,18560,70.46329776485032,,ok
v2e_vs_real,original,845000,846000,19101,68.2813422767607,,ok
v2e_vs_real,original,846000,847000,23249,63.229796583832645,,ok
v2e_vs_real,original,847000,848000,20383,65.70532150093784,,ok
v2e_vs_real,original,848000,849000,20393,63.5371609550189,,ok
v2e_vs_real,original,849000,850000,20092,60.08808257820036,,ok
v2e_vs_real,original,850000,851000,20215,57.619860438616094,,ok
v2e_vs_real,original,851000,852000,20185,56.35304664390358,,ok
v2e_vs_real,original,852000,853000,19927,54.78531819617232,,ok
v2e_vs_real,original,853000,854000,19904,53.48699801140565,,ok
v2e_vs_real,original,854000,855000,19461,51.66039048493891,,ok
v2e_vs_real,original,855000,856000,23449,48.52814602142181,,ok
v2e_vs_real,original,856000,857000,19398,50.32008751490163,,ok
v2e_vs_real,original,857000,858000,19159,49.13602278556762,,ok
v2e_vs_real,original,858000,859000,19022,48.27841724559721,,ok
v2e_vs_real,original,859000,860000,19232,47.85838919134665,,ok
v2e_vs_real,original,860000,861000,19189,49.182217496775664,,ok
v2e_vs_real,original,861000,862000,19191,48.840917045852635,,ok
v2e_vs_real,original,862000,863000,18920,48.46448580083476,,ok
v2e_vs_real,original,863000,864000,18688,49.13523232029252,,ok
v2e_vs_real,original,864000,865000,21845,47.651093735361535,,ok
v2e_vs_real,original,865000,866000,18062,49.45807368239904,,ok
v2e_vs_real,original,866000,867000,18940,46.30962917124276,,ok
v2e_vs_real,original,867000,868000,17740,44.606352547578624,,ok
v2e_vs_real,original,868000,869000,17228,43.498883731829245,,ok
v2e_vs_real,original,869000,870000,16982,42.42835640874634,,ok
v2e_vs_real,original,870000,871000,16775,41.77957145348734,,ok
v2e_vs_real,original,871000,872000,17557,41.272380798096215,,ok
v2e_vs_real,original,872000,873000,17648,40.4558261176442,,ok
v2e_vs_real,original,873000,874000,18013,40.01850575416001,,ok
v2e_vs_real,original,874000,875000,22948,39.820949947294956,,ok
v2e_vs_real,original,875000,876000,19426,39.91124400939661,,ok
v2e_vs_real,original,876000,877000,19161,40.43750741958178,,ok
v2e_vs_real,original,877000,878000,19733,40.659171308152274,,ok
v2e_vs_real,original,878000,879000,20068,40.60819386783297,,ok
v2e_vs_real,original,879000,880000,20708,40.54330170093467,,ok
v2e_vs_real,original,880000,881000,21167,41.02916375586501,,ok
v2e_vs_real,original,881000,882000,21333,41.26598621790385,,ok
v2e_vs_real,original,882000,883000,22660,41.275934760151316,,ok
v2e_vs_real,original,883000,884000,27342,41.93882675440505,,ok
v2e_vs_real,original,884000,885000,23232,41.757108789575796,,ok
v2e_vs_real,original,885000,886000,22683,42.31646405230127,,ok
v2e_vs_real,original,886000,887000,22731,42.151200241432456,,ok
v2e_vs_real,original,887000,888000,22656,42.34072768090498,,ok
v2e_vs_real,original,888000,889000,21751,42.82310686888238,,ok
v2e_vs_real,original,889000,890000,21959,42.626119955947765,,ok
v2e_vs_real,original,890000,891000,21152,42.298702215084,,ok
v2e_vs_real,original,891000,892000,20512,41.969695524496906,,ok
v2e_vs_real,original,892000,893000,24787,41.319849187054785,,ok
v2e_vs_real,original,893000,894000,19427,40.94341021109136,,ok
v2e_vs_real,original,894000,895000,18738,39.86919102899072,,ok
v2e_vs_real,original,895000,896000,18896,38.36821308220874,,ok
v2e_vs_real,original,896000,897000,18515,38.208845182880985,,ok
v2e_vs_real,original,897000,898000,17813,37.785747421158085,,ok
v2e_vs_real,original,898000,899000,17159,37.465937759949405,,ok
v2e_vs_real,original,899000,900000,17622,35.50927328634366,,ok
v2e_vs_real,original,900000,901000,16830,33.156676899519525,,ok
v2e_vs_real,original,901000,902000,19349,29.813041784547803,,ok
v2e_vs_real,original,902000,903000,15573,26.56560143708511,,ok
v2e_vs_real,original,903000,904000,15036,25.83416418240097,,ok
v2e_vs_real,original,904000,905000,15239,24.82772158709302,,ok
v2e_vs_real,original,905000,906000,14816,23.604108643601524,,ok
v2e_vs_real,original,906000,907000,14800,21.53670378095901,,ok
v2e_vs_real,original,907000,908000,15377,20.89329059020156,,ok
v2e_vs_real,original,908000,909000,15790,20.34317675451868,,ok
v2e_vs_real,original,909000,910000,16463,20.603204314470897,,ok
v2e_vs_real,original,910000,911000,20440,20.3681542765206,,ok
v2e_vs_real,original,911000,912000,17245,18.40662990928803,,ok
v2e_vs_real,original,912000,913000,17344,18.60164131677617,,ok
v2e_vs_real,original,913000,914000,17423,17.280707303322945,,ok
v2e_vs_real,original,914000,915000,17066,16.81999593185526,,ok
v2e_vs_real,original,915000,916000,17281,16.601097076639643,,ok
v2e_vs_real,original,916000,917000,16882,17.528770111436753,,ok
v2e_vs_real,original,917000,918000,17669,17.31933802844912,,ok
v2e_vs_real,original,918000,919000,16396,18.19757040443912,,ok
v2e_vs_real,original,919000,920000,20292,17.665909104232572,,ok
v2e_vs_real,original,920000,921000,17524,17.968871663366645,,ok
v2e_vs_real,original,921000,922000,17079,17.692336622270048,,ok
v2e_vs_real,original,922000,923000,16890,20.43529974581063,,ok
v2e_vs_real,original,923000,924000,16672,22.229124134243463,,ok
v2e_vs_real,original,924000,925000,16914,22.744353056048002,,ok
v2e_vs_real,original,925000,926000,16225,23.21440092321189,,ok
v2e_vs_real,original,926000,927000,15694,21.919719850395143,,ok
v2e_vs_real,original,927000,928000,15135,20.73556473766093,,ok
v2e_vs_real,original,928000,929000,14937,18.706683540601666,,ok
v2e_vs_real,original,929000,930000,18330,17.013514270580778,,ok
v2e_vs_real,original,930000,931000,14803,17.51338740528199,,ok
v2e_vs_real,original,931000,932000,14211,18.875753323879934,,ok
v2e_vs_real,original,932000,933000,14883,23.526485280463813,,ok
v2e_vs_real,original,933000,934000,15236,27.404378369111488,,ok
v2e_vs_real,original,934000,935000,14958,29.37407952506569,,ok
v2e_vs_real,original,935000,936000,14738,34.811119556710516,,ok
v2e_vs_real,original,936000,937000,14722,37.555946558441796,,ok
v2e_vs_real,original,937000,938000,17975,39.832818594256054,,ok
v2e_vs_real,original,938000,939000,15127,46.124019962219734,,ok
v2e_vs_real,original,939000,940000,14867,47.33738589502052,,ok
v2e_vs_real,original,940000,941000,14138,47.14224397495884,,ok
v2e_vs_real,original,941000,942000,14775,46.44972063336066,,ok
v2e_vs_real,original,942000,943000,14721,46.91879510953425,,ok
v2e_vs_real,original,943000,944000,15377,48.15303654506529,,ok
v2e_vs_real,original,944000,945000,16057,49.75679085544249,,ok
v2e_vs_real,original,945000,946000,16380,51.60179085327685,,ok
v2e_vs_real,original,946000,947000,16564,53.764905425582704,,ok
v2e_vs_real,original,947000,948000,20969,55.133056523060965,,ok
v2e_vs_real,original,948000,949000,17572,56.207710264870386,,ok
v2e_vs_real,original,949000,950000,18173,54.79369777064487,,ok
v2e_vs_real,original,950000,951000,18364,54.85288713874714,,ok
v2e_vs_real,original,951000,952000,18600,54.41230659062985,,ok
v2e_vs_real,original,952000,953000,19049,55.23563628586895,,ok
v2e_vs_real,original,953000,954000,19399,56.381475526392926,,ok
v2e_vs_real,original,954000,955000,19583,55.26325200478414,,ok
v2e_vs_real,original,955000,956000,19832,55.39097683808971,,ok
v2e_vs_real,original,956000,957000,25372,55.00868677536321,,ok
v2e_vs_real,original,957000,958000,20252,54.14585186693889,,ok
v2e_vs_real,original,958000,959000,20660,53.45799626624153,,ok
v2e_vs_real,original,959000,960000,20686,51.82551376093029,,ok
v2e_vs_real,original,960000,961000,20224,50.7156442879115,,ok
v2e_vs_real,original,961000,962000,20073,50.20688212015512,,ok
v2e_vs_real,original,962000,963000,20003,50.22103148479929,,ok
v2e_vs_real,original,963000,964000,19482,50.59134708464584,,ok
v2e_vs_real,original,964000,965000,18532,50.534139282483956,,ok
v2e_vs_real,original,965000,966000,22173,50.57863231241867,,ok
v2e_vs_real,original,966000,967000,18948,48.77540741892431,,ok
v2e_vs_real,original,967000,968000,19265,46.296258818425876,,ok
v2e_vs_real,original,968000,969000,19347,45.962574865464475,,ok
v2e_vs_real,original,969000,970000,19139,45.935330340057234,,ok
v2e_vs_real,original,970000,971000,18885,45.7936390522501,,ok
v2e_vs_real,original,971000,972000,19059,45.95706607897326,,ok
v2e_vs_real,original,972000,973000,19271,45.92042435346725,,ok
v2e_vs_real,original,973000,974000,19591,45.5444416014647,,ok
v2e_vs_real,original,974000,975000,24496,45.353450080795994,,ok
v2e_vs_real,original,975000,976000,21111,45.980004773069695,,ok
v2e_vs_real,original,976000,977000,21330,45.98573446543709,,ok
v2e_vs_real,original,977000,978000,22277,46.0415636509257,,ok
v2e_vs_real,original,978000,979000,21638,45.53558219052039,,ok
v2e_vs_real,original,979000,980000,22422,45.176264303682395,,ok
v2e_vs_real,original,980000,981000,22959,44.46826305099294,,ok
v2e_vs_real,original,981000,982000,22883,43.92474688140272,,ok
v2e_vs_real,original,982000,983000,23178,44.216640389012035,,ok
v2e_vs_real,original,983000,984000,28673,43.67117948226876,,ok
v2e_vs_real,original,984000,985000,22821,43.60690684737016,,ok
v2e_vs_real,original,985000,986000,23558,43.290991409093316,,ok
v2e_vs_real,original,986000,987000,23043,42.42915467025703,,ok
v2e_vs_real,original,987000,988000,22341,42.001704645561844,,ok
v2e_vs_real,original,988000,989000,22009,41.90878033859709,,ok
v2e_vs_real,original,989000,990000,21741,41.300159857528804,,ok
v2e_vs_real,original,990000,991000,22061,40.221572342235106,,ok
v2e_vs_real,original,991000,992000,22444,38.213973973117135,,ok
v2e_vs_real,original,992000,993000,27284,36.928922935105206,,ok
v2e_vs_real,original,993000,994000,22141,36.0328792035057,,ok
v2e_vs_real,original,994000,995000,21211,34.5732799418457,,ok
v2e_vs_real,original,995000,996000,20271,33.36442029607239,,ok
v2e_vs_real,original,996000,997000,19639,32.473194800568066,,ok
v2e_vs_real,original,997000,998000,18767,31.59250610084014,,ok
v2e_vs_real,original,998000,999000,16879,30.73753645550152,,ok
v2e_vs_real,original,999000,1000000,17239,31.16110564523032,,ok
v2e_vs_real,original,1000000,1001000,17082,28.8708287195557,,ok
v2e_vs_real,original,1001000,1002000,20414,28.335761776378536,,ok
v2e_vs_real,original,1002000,1003000,16437,30.438359863158055,,ok
v2e_vs_real,original,1003000,1004000,16463,30.937565731280827,,ok
v2e_vs_real,original,1004000,1005000,16707,30.461639487408508,,ok
v2e_vs_real,original,1005000,1006000,16696,29.227562067045394,,ok
v2e_vs_real,original,1006000,1007000,16586,27.81895071373052,,ok
v2e_vs_real,original,1007000,1008000,16687,27.867475366667996,,ok
v2e_vs_real,original,1008000,1009000,16828,27.2521337967672,,ok
v2e_vs_real,original,1009000,1010000,16671,28.123869138748457,,ok
v2e_vs_real,original,1010000,1011000,20313,25.801897575866732,,ok
v2e_vs_real,original,1011000,1012000,16825,27.262423548087813,,ok
v2e_vs_real,original,1012000,1013000,16414,25.597986419724457,,ok
v2e_vs_real,original,1013000,1014000,16368,24.53132992884865,,ok
v2e_vs_real,original,1014000,1015000,16049,23.309768817565818,,ok
