comparison_set,variant,window_start,window_end,n_events,distance,distance_squared,status
real_vs_real,original,16000,17000,4808,0.027059248857393192,0.0007322029487263348,ok
real_vs_real,original,17000,18000,4741,0.0495999775800218,0.002460157775938665,ok
real_vs_real,original,18000,19000,4794,0.06845105710850567,0.004685547219271904,ok
real_vs_real,original,19000,20000,4917,0.08812774764785183,0.007766499905483455,ok
real_vs_real,original,20000,21000,4805,0.10831008838999387,0.011731075247048285,ok
real_vs_real,original,21000,22000,4786,0.12454326372881858,0.015511024540226057,ok
real_vs_real,original,22000,23000,4892,0.13873397194059053,0.01924711497041256,ok
real_vs_real,original,23000,24000,5022,0.15326293902639432,0.02348952847900826,ok
real_vs_real,original,24000,25000,5033,0.16603329966630223,0.027567056598080113,ok
real_vs_real,original,25000,26000,5024,0.1782973928060628,0.031789960281439454,ok
real_vs_real,original,26000,27000,5119,0.18845912838136464,0.035516843070263676,ok
real_vs_real,original,27000,28000,4953,0.19932994322821632,0.039732426267363945,ok
real_vs_real,original,28000,29000,4956,0.20793456652660502,0.04323678395660713,ok
real_vs_real,original,29000,30000,5025,0.2132863108381632,0.04549105039095358,ok
real_vs_real,original,30000,31000,4940,0.22034195279390187,0.048550576161030076,ok
real_vs_real,original,31000,32000,5117,0.2237891827275068,0.05008159830584543,ok
real_vs_real,original,32000,33000,4969,0.23135229110093553,0.053523882597652006,ok
real_vs_real,original,33000,34000,5009,0.2334258597947005,0.05448763202089518,ok
real_vs_real,original,34000,35000,4969,0.23797102612060816,0.05663020927289518,ok
real_vs_real,original,35000,36000,5008,0.2402120153390583,0.057701812313251985,ok
real_vs_real,original,36000,37000,4896,0.24394550251536762,0.05950940819747522,ok
real_vs_real,original,37000,38000,4887,0.24545064034367153,0.06024601684511839,ok
real_vs_real,original,38000,39000,4904,0.24556483016263583,0.060302085812804176,ok
real_vs_real,original,39000,40000,4840,0.24940610916349956,0.062203407288075455,ok
real_vs_real,original,40000,41000,4773,0.2501431388222361,0.06257158989984049,ok
real_vs_real,original,41000,42000,4866,0.2518252535058286,0.06341595830327483,ok
real_vs_real,original,42000,43000,4828,0.25266215073727755,0.06383816241518676,ok
real_vs_real,original,43000,44000,4837,0.25490437108202874,0.0649762383967246,ok
real_vs_real,original,44000,45000,4798,0.2560571703361324,0.06556527448054711,ok
real_vs_real,original,45000,46000,4591,0.25731704127870675,0.06621205973242766,ok
real_vs_real,original,46000,47000,4649,0.25557942814204115,0.06532084408941279,ok
real_vs_real,original,47000,48000,4708,0.2559890208319847,0.0655303787865183,ok
real_vs_real,original,48000,49000,4679,0.2568468186943566,0.0659702882734117,ok
real_vs_real,original,49000,50000,4694,0.2597757803510679,0.06748345605700629,ok
real_vs_real,original,50000,51000,4734,0.25960293179262556,0.0673936821953266,ok
real_vs_real,original,51000,52000,4671,0.26019541648033745,0.06770165475737627,ok
real_vs_real,original,52000,53000,4528,0.2597770385737149,0.06748410977012938,ok
real_vs_real,original,53000,54000,4499,0.26155914287398996,0.0684131852209763,ok
real_vs_real,original,54000,55000,4467,0.26116863019969977,0.06820905340038753,ok
real_vs_real,original,55000,56000,4426,0.2628857261818678,0.06910890503016798,ok
real_vs_real,original,56000,57000,4419,0.26205180784417764,0.0686711499944018,ok
real_vs_real,original,57000,58000,4526,0.26210055380694997,0.06869670030590987,ok
real_vs_real,original,58000,59000,4468,0.2621565315035144,0.06872604700995316,ok
real_vs_real,original,59000,60000,4409,0.26344775966286627,0.06940472207138333,ok
real_vs_real,original,60000,61000,4387,0.26493637775324735,0.07019128425701138,ok
real_vs_real,original,61000,62000,4293,0.26654959136708606,0.07104868465796055,ok
real_vs_real,original,62000,63000,4253,0.2649295702030341,0.07018767716796437,ok
real_vs_real,original,63000,64000,4223,0.2659162880783435,0.07071147226536456,ok
real_vs_real,original,64000,65000,4192,0.2654634325439943,0.0704708340180398,ok
real_vs_real,original,65000,66000,4326,0.26394841692428334,0.0696687667968353,ok
real_vs_real,original,66000,67000,4376,0.2645077573840793,0.06996435371635494,ok
real_vs_real,original,67000,68000,4407,0.26389975797715826,0.0696430822604027,ok
real_vs_real,original,68000,69000,4364,0.2636602548607075,0.06951672999321323,ok
real_vs_real,original,69000,70000,4328,0.26338284541308515,0.06937052325789311,ok
real_vs_real,original,70000,71000,4307,0.2634480150906033,0.06940485665517873,ok
real_vs_real,original,71000,72000,4258,0.2653238889617683,0.07039676605379674,ok
real_vs_real,original,72000,73000,4250,0.26546049871726907,0.07046927637922121,ok
real_vs_real,original,73000,74000,4254,0.2651965582556439,0.07032921451063913,ok
real_vs_real,original,74000,75000,4354,0.2674412004439833,0.07152479569491885,ok
real_vs_real,original,75000,76000,4337,0.26619465725980435,0.0708595955536647,ok
real_vs_real,original,76000,77000,4384,0.26557291969375385,0.07052897567466504,ok
real_vs_real,original,77000,78000,4375,0.2666352958998633,0.07109438101960766,ok
real_vs_real,original,78000,79000,4297,0.2653997802087724,0.07043704333486471,ok
real_vs_real,original,79000,80000,4199,0.2662688606328481,0.0708991061427151,ok
real_vs_real,original,80000,81000,4306,0.2647805686040224,0.0701087495102694,ok
real_vs_real,original,81000,82000,4290,0.2650367275856002,0.07024446696928366,ok
real_vs_real,original,82000,83000,4317,0.26644596054731406,0.07099344989198084,ok
real_vs_real,original,83000,84000,4289,0.2663987186063227,0.0709682772750907,ok
real_vs_real,original,84000,85000,4339,0.2675435513766333,0.07157955188322122,ok
real_vs_real,original,85000,86000,4484,0.2631512893601098,0.06924860109188824,ok
real_vs_real,original,86000,87000,4214,0.26388404315068836,0.06963478822955435,ok
real_vs_real,original,87000,88000,4207,0.2649699607274308,0.07020908008789621,ok
real_vs_real,original,88000,89000,4348,0.2639253563529667,0.06965659372604047,ok
real_vs_real,original,89000,90000,4188,0.26443389863203626,0.06992528674573803,ok
real_vs_real,original,90000,91000,4261,0.26383421638673793,0.06960849373640406,ok
real_vs_real,original,91000,92000,4399,0.26399960080125423,0.06969578922322159,ok
real_vs_real,original,92000,93000,4245,0.2644928803863918,0.06995648377509016,ok
real_vs_real,original,93000,94000,4315,0.26174716152663197,0.06851157656724877,ok
real_vs_real,original,94000,95000,4178,0.26574967661388144,0.07062289062038257,ok
real_vs_real,original,95000,96000,3956,0.2674906684633421,0.07155125771496558,ok
real_vs_real,original,96000,97000,4014,0.26836452907011354,0.0720195204630238,ok
real_vs_real,original,97000,98000,3949,0.26679642869061915,0.07118033436206864,ok
real_vs_real,original,98000,99000,3988,0.2662739401393208,0.07090181119731861,ok
real_vs_real,original,99000,100000,4067,0.26890416381017535,0.0723094493144496,ok
real_vs_real,original,100000,101000,3982,0.26837462880454804,0.07202494138597894,ok
real_vs_real,original,101000,102000,4093,0.2679278779363868,0.07178534777549539,ok
real_vs_real,original,102000,103000,4048,0.2670380064714245,0.07130929690023256,ok
real_vs_real,original,103000,104000,3890,0.2674823892284433,0.07154682854735644,ok
real_vs_real,original,104000,105000,3937,0.2684713411065655,0.07207686099555785,ok
real_vs_real,original,105000,106000,3933,0.2667320000209753,0.07114595983518958,ok
real_vs_real,original,106000,107000,3791,0.26766345356983345,0.0716437243769304,ok
real_vs_real,original,107000,108000,3947,0.26890079222176316,0.07230763605749185,ok
real_vs_real,original,108000,109000,3843,0.2713219729587597,0.07361561301023394,ok
real_vs_real,original,109000,110000,3848,0.2696482054651717,0.07271015471058746,ok
real_vs_real,original,110000,111000,3929,0.2691297938970948,0.07243084596309271,ok
real_vs_real,original,111000,112000,3776,0.2694115792509306,0.07258259903448049,ok
real_vs_real,original,112000,113000,3575,0.27290560798569413,0.07447747087004135,ok
real_vs_real,original,113000,114000,3604,0.27565894278748976,0.07598785273871654,ok
real_vs_real,original,114000,115000,3513,0.2749328698156113,0.07558808290504787,ok
real_vs_real,original,115000,116000,3470,0.27782202184881083,0.07718507582416113,ok
real_vs_real,original,116000,117000,3577,0.2753171390984181,0.07579952708133769,ok
real_vs_real,original,117000,118000,3447,0.27608175849808086,0.07622113737539266,ok
real_vs_real,original,118000,119000,3491,0.27401533797550714,0.0750844054458314,ok
real_vs_real,original,119000,120000,3456,0.2733627307082056,0.07472718254024693,ok
real_vs_real,original,120000,121000,3299,0.27601651799491583,0.07618511820603771,ok
real_vs_real,original,121000,122000,3184,0.2779711842243215,0.07726797925907167,ok
real_vs_real,original,122000,123000,3049,0.28096868048231205,0.07894339941197157,ok
real_vs_real,original,123000,124000,2896,0.28260379844261524,0.07986490689419432,ok
real_vs_real,original,124000,125000,2959,0.2784407042563139,0.07752922578675207,ok
real_vs_real,original,125000,126000,2801,0.2762131892535628,0.07629372591762451,ok
real_vs_real,original,126000,127000,2673,0.2711462160668147,0.07352027048735177,ok
real_vs_real,original,127000,128000,2701,0.2664626414101384,0.07100233926726802,ok
real_vs_real,original,128000,129000,2416,0.2723284086552495,0.07416276216070056,ok
real_vs_real,original,129000,130000,2279,0.2765810232330451,0.07649706241263825,ok
real_vs_real,original,130000,131000,2110,0.2768405626731539,0.07664069714118844,ok
real_vs_real,original,131000,132000,2160,0.2770138301295844,0.07673666208306225,ok
real_vs_real,original,132000,133000,2133,0.27572752845535636,0.07602566994809934,ok
real_vs_real,original,133000,134000,2291,0.27260075358368624,0.07431117085439362,ok
real_vs_real,original,134000,135000,2148,0.27189448676810885,0.0739266119348933,ok
real_vs_real,original,135000,136000,2417,0.2629841326957313,0.069160654049726,ok
real_vs_real,original,136000,137000,2301,0.2701511585628171,0.07298164847283234,ok
real_vs_real,original,137000,138000,2098,0.27411764357473956,0.07514048251896796,ok
real_vs_real,original,138000,139000,2338,0.2715040728742406,0.07371446158730097,ok
real_vs_real,original,139000,140000,2280,0.2795917775079116,0.07817156205003355,ok
real_vs_real,original,140000,141000,2157,0.2737312354724017,0.0749287892732474,ok
real_vs_real,original,141000,142000,2270,0.26930246679972714,0.07252381862441813,ok
real_vs_real,original,142000,143000,2222,0.27174802011858495,0.07384698643837086,ok
real_vs_real,original,143000,144000,2355,0.2641558832691263,0.06977833066569228,ok
real_vs_real,original,144000,145000,2303,0.2654767942860032,0.07047792830437284,ok
real_vs_real,original,145000,146000,2274,0.2769195211797466,0.07668442121042013,ok
real_vs_real,original,146000,147000,2239,0.27413797696421144,0.07515163041403053,ok
real_vs_real,original,147000,148000,2283,0.2725680621782848,0.07429334851962531,ok
real_vs_real,original,148000,149000,2142,0.2765442439506188,0.07647671886221934,ok
real_vs_real,original,149000,150000,2096,0.271932542432028,0.07394730763354673,ok
real_vs_real,original,150000,151000,2180,0.27004698292996315,0.0729253729895758,ok
real_vs_real,original,151000,152000,2314,0.2656596577248157,0.07057505374246623,ok
real_vs_real,original,152000,153000,2676,0.2639438530932047,0.06966635758568722,ok
real_vs_real,original,153000,154000,2871,0.2777609567710206,0.07715114910635276,ok
real_vs_real,original,154000,155000,3151,0.283939441635662,0.08062160651637149,ok
real_vs_real,original,155000,156000,3285,0.2843872543417518,0.08087611043204025,ok
real_vs_real,original,156000,157000,3508,0.28046480919133165,0.07866050919473007,ok
real_vs_real,original,157000,158000,3650,0.274552329172471,0.0753789814540289,ok
real_vs_real,original,158000,159000,3695,0.2731652816061366,0.07461927107495993,ok
real_vs_real,original,159000,160000,3739,0.2662801358572131,0.07090511075213587,ok
real_vs_real,original,160000,161000,4024,0.25881071289783364,0.06698298511068486,ok
real_vs_real,original,161000,162000,3901,0.253681273614417,0.06435418858263271,ok
real_vs_real,original,162000,163000,3812,0.24877908782739702,0.061891034540231725,ok
real_vs_real,original,163000,164000,3928,0.24637010002772597,0.060698226187671706,ok
real_vs_real,original,164000,165000,3806,0.24066383941402092,0.05791908360149765,ok
real_vs_real,original,165000,166000,3947,0.23417115606821914,0.054836130334326244,ok
real_vs_real,original,166000,167000,4097,0.2270563082677459,0.05155456712417766,ok
real_vs_real,original,167000,168000,4139,0.22005283765052072,0.048423251358046426,ok
real_vs_real,original,168000,169000,4258,0.20982983650641118,0.04402856028830725,ok
real_vs_real,original,169000,170000,4190,0.20041673808663957,0.04016686890528868,ok
real_vs_real,original,170000,171000,4019,0.19334895019337545,0.037383816540880375,ok
real_vs_real,original,171000,172000,4106,0.18453417420162083,0.03405286144827414,ok
real_vs_real,original,172000,173000,4008,0.17496496790475394,0.030612739993911578,ok
real_vs_real,original,173000,174000,4141,0.16576908126031875,0.02747938830189016,ok
real_vs_real,original,174000,175000,4150,0.15489448398313352,0.023992301168401203,ok
real_vs_real,original,175000,176000,4149,0.1435340873727026,0.020602034237914624,ok
real_vs_real,original,176000,177000,4200,0.13376291636963036,0.017892517795708725,ok
real_vs_real,original,177000,178000,4312,0.11854776193922505,0.014053571860799176,ok
real_vs_real,original,178000,179000,4212,0.10693705757637814,0.011435534283093615,ok
real_vs_real,original,179000,180000,4276,0.0954571741744295,0.009112072101367372,ok
real_vs_real,original,180000,181000,4237,0.08757490104271691,0.007669363292641659,ok
real_vs_real,original,181000,182000,4284,0.08115764997179631,0.00658656414894461,ok
real_vs_real,original,182000,183000,4489,0.08373488389034178,0.007011530780129019,ok
real_vs_real,original,183000,184000,4548,0.09051039205509848,0.008192131069967634,ok
real_vs_real,original,184000,185000,4480,0.1000788122957701,0.010015768670531985,ok
real_vs_real,original,185000,186000,4732,0.11223465068107841,0.012596616813503693,ok
real_vs_real,original,186000,187000,4528,0.12108185871423885,0.014660816509694898,ok
real_vs_real,original,187000,188000,4553,0.13627036509355211,0.018569612402729987,ok
real_vs_real,original,188000,189000,4501,0.1519848486469356,0.02309939421823192,ok
real_vs_real,original,189000,190000,4613,0.16001412349430277,0.02560451971764998,ok
real_vs_real,original,190000,191000,4839,0.17102767621709516,0.029250466032219535,ok
real_vs_real,original,191000,192000,4904,0.18526248238857032,0.03432218738077533,ok
real_vs_real,original,192000,193000,4752,0.19553616260070306,0.03823439088460858,ok
real_vs_real,original,193000,194000,4827,0.20344015340262547,0.04138789601648379,ok
real_vs_real,original,194000,195000,4764,0.21140700676796584,0.04469292251059075,ok
real_vs_real,original,195000,196000,4826,0.21795980599860662,0.047506477030950234,ok
real_vs_real,original,196000,197000,4633,0.2244181764099438,0.05036351790316465,ok
real_vs_real,original,197000,198000,4633,0.22872874478809216,0.05231683869233619,ok
real_vs_real,original,198000,199000,4771,0.23336307671189516,0.05445832557244186,ok
real_vs_real,original,199000,200000,4792,0.2390606316877725,0.05714998562295682,ok
real_vs_real,original,200000,201000,4733,0.24055140835252278,0.05786498006038217,ok
real_vs_real,original,201000,202000,4795,0.2448752175582272,0.0599638721741891,ok
real_vs_real,original,202000,203000,4895,0.24461536908521211,0.05983667879269455,ok
real_vs_real,original,203000,204000,4733,0.24923672610556533,0.062118945639820594,ok
real_vs_real,original,204000,205000,4693,0.25035126991124346,0.06267575834617228,ok
real_vs_real,original,205000,206000,4663,0.2518842997190259,0.06344570044494405,ok
real_vs_real,original,206000,207000,4683,0.2528443236093585,0.063930251981474,ok
real_vs_real,original,207000,208000,4714,0.2520689602746141,0.06353876073392499,ok
real_vs_real,original,208000,209000,4781,0.2537662662504494,0.06439731788669398,ok
real_vs_real,original,209000,210000,4702,0.253611319867504,0.06431870156493744,ok
real_vs_real,original,210000,211000,4642,0.25480300613484574,0.06492457193535422,ok
real_vs_real,original,211000,212000,4580,0.25609912727872325,0.0655867629929237,ok
real_vs_real,original,212000,213000,4362,0.2607681176625942,0.0680000111892926,ok
real_vs_real,original,213000,214000,4464,0.2605432541772344,0.06788278729726298,ok
real_vs_real,original,214000,215000,4305,0.262426434711391,0.06886763363533197,ok
real_vs_real,original,215000,216000,4292,0.26098013893900945,0.06811063292062469,ok
real_vs_real,original,216000,217000,4295,0.26264457960746257,0.06898217519718075,ok
real_vs_real,original,217000,218000,4301,0.26195160381875127,0.06861864274321601,ok
real_vs_real,original,218000,219000,4367,0.25877064309610526,0.0669622457283719,ok
real_vs_real,original,219000,220000,4287,0.26217681252380814,0.06873668102514403,ok
real_vs_real,original,220000,221000,4126,0.26493313504510774,0.07018956604482929,ok
real_vs_real,original,221000,222000,4106,0.26738158361739955,0.07149291125774843,ok
real_vs_real,original,222000,223000,4185,0.26301877937037277,0.06917887830148083,ok
real_vs_real,original,223000,224000,4107,0.2650033809432094,0.07022679191133176,ok
real_vs_real,original,224000,225000,4139,0.26453443831305595,0.06997846905360401,ok
real_vs_real,original,225000,226000,4098,0.26332094442414283,0.06933791977242251,ok
real_vs_real,original,226000,227000,4169,0.26358368096053486,0.06947635686870501,ok
real_vs_real,original,227000,228000,4189,0.2631227616497519,0.06923358769819216,ok
real_vs_real,original,228000,229000,4050,0.2668592107433043,0.0712138383585393,ok
real_vs_real,original,229000,230000,4063,0.2667737477864415,0.07116823250802388,ok
real_vs_real,original,230000,231000,3981,0.26727506400510176,0.07143595983893124,ok
real_vs_real,original,231000,232000,4007,0.26771804238988384,0.07167295022107165,ok
real_vs_real,original,232000,233000,4081,0.2657276988452902,0.07061120993361322,ok
real_vs_real,original,233000,234000,4161,0.26522709492591384,0.0703454118828397,ok
real_vs_real,original,234000,235000,4018,0.2670290585145355,0.07130451809115922,ok
real_vs_real,original,235000,236000,4195,0.2643779120790716,0.06989568039528929,ok
real_vs_real,original,236000,237000,4124,0.26560177330571655,0.07054430198314125,ok
real_vs_real,original,237000,238000,4088,0.26720228705675264,0.07139706220835924,ok
real_vs_real,original,238000,239000,4116,0.26676490324092084,0.07116351360113786,ok
real_vs_real,original,239000,240000,4190,0.26637699535507203,0.07095670365439607,ok
real_vs_real,original,240000,241000,4252,0.2665558529297824,0.07105202273112379,ok
real_vs_real,original,241000,242000,4169,0.26783154276377086,0.07173373529922161,ok
real_vs_real,original,242000,243000,4168,0.26880482132371586,0.07225603196687481,ok
real_vs_real,original,243000,244000,4192,0.2658699024020921,0.07068680500329796,ok
real_vs_real,original,244000,245000,4190,0.26643442268828016,0.07098730159323713,ok
real_vs_real,original,245000,246000,4187,0.26649128537825717,0.07101760518255572,ok
real_vs_real,original,246000,247000,4279,0.2661886198264214,0.0708563813250951,ok
real_vs_real,original,247000,248000,4191,0.2661308228235523,0.070825614856741,ok
real_vs_real,original,248000,249000,4394,0.2640568184585171,0.06972600337443426,ok
real_vs_real,original,249000,250000,4330,0.2642549543317918,0.06983068088889736,ok
real_vs_real,original,250000,251000,4336,0.2653738496582816,0.07042328008245624,ok
real_vs_real,original,251000,252000,4277,0.2662228315694283,0.07087459604884416,ok
real_vs_real,original,252000,253000,4301,0.2642748206890046,0.06984118085020553,ok
real_vs_real,original,253000,254000,4257,0.26523727817656056,0.07035081373451017,ok
real_vs_real,original,254000,255000,4263,0.26430880077177116,0.06985914216541182,ok
real_vs_real,original,255000,256000,4281,0.2647395026523513,0.07008700426461432,ok
real_vs_real,original,256000,257000,4315,0.2629284300975621,0.0691313593535686,ok
real_vs_real,original,257000,258000,4200,0.2632981748051352,0.06932592885571552,ok
real_vs_real,original,258000,259000,4110,0.26426736473914114,0.06983724006617027,ok
real_vs_real,original,259000,260000,4044,0.2641271117067671,0.06976313113855903,ok
real_vs_real,original,260000,261000,4112,0.2632221403841046,0.06928589518838926,ok
real_vs_real,original,261000,262000,4003,0.26270187413681106,0.06901227467499292,ok
real_vs_real,original,262000,263000,3922,0.26442623967798695,0.0699212362302402,ok
real_vs_real,original,263000,264000,3951,0.26573745593022086,0.07061639548426607,ok
real_vs_real,original,264000,265000,3847,0.26456614542937906,0.06999524530735936,ok
real_vs_real,original,265000,266000,4077,0.26508336016000006,0.07026918783371632,ok
real_vs_real,original,266000,267000,3937,0.26499637094958073,0.0702230766164478,ok
real_vs_real,original,267000,268000,3906,0.2675413974950004,0.0715783993735778,ok
real_vs_real,original,268000,269000,4006,0.2650272605563055,0.07023944883797983,ok
real_vs_real,original,269000,270000,3942,0.26323233693664483,0.06929126320912732,ok
real_vs_real,original,270000,271000,4013,0.2653724426206093,0.07042253330242855,ok
real_vs_real,original,271000,272000,3887,0.26622490031339596,0.07087569754687761,ok
real_vs_real,original,272000,273000,3810,0.26618738517731744,0.07085572402753756,ok
real_vs_real,original,273000,274000,3907,0.2644830792271951,0.06995129919749878,ok
real_vs_real,original,274000,275000,3872,0.26526802556116724,0.07036712538512009,ok
real_vs_real,original,275000,276000,3884,0.26792270276395325,0.07178257465634164,ok
real_vs_real,original,276000,277000,3865,0.2673558646229219,0.07147915834827012,ok
real_vs_real,original,277000,278000,3871,0.26554831311423105,0.0705159065978137,ok
real_vs_real,original,278000,279000,3645,0.26800083595949364,0.07182444807498743,ok
real_vs_real,original,279000,280000,3731,0.26776612925026166,0.07169869997366783,ok
real_vs_real,original,280000,281000,3775,0.2671030205214864,0.07134402357170158,ok
real_vs_real,original,281000,282000,3818,0.26578715791487256,0.07064281331246541,ok
real_vs_real,original,282000,283000,3691,0.2697423939627179,0.0727609591007381,ok
real_vs_real,original,283000,284000,3638,0.26981206682050607,0.07279855140195324,ok
real_vs_real,original,284000,285000,3647,0.2712267818273342,0.07356396718041233,ok
real_vs_real,original,285000,286000,3610,0.272179953680466,0.0740819271855006,ok
real_vs_real,original,286000,287000,3542,0.2724016009922447,0.07420263222313808,ok
real_vs_real,original,287000,288000,3447,0.27471256096184976,0.07546699115021802,ok
real_vs_real,original,288000,289000,3436,0.27277613631306336,0.07440682054188293,ok
real_vs_real,original,289000,290000,3445,0.271903720664646,0.07393163331127786,ok
real_vs_real,original,290000,291000,3474,0.2692449442987058,0.0724928400304132,ok
real_vs_real,original,291000,292000,3343,0.2718578559071581,0.07390669381843713,ok
real_vs_real,original,292000,293000,3217,0.27139397592224196,0.07365469016688243,ok
real_vs_real,original,293000,294000,3089,0.2741031879051792,0.07513255761978195,ok
real_vs_real,original,294000,295000,2817,0.2713770852612214,0.07364552240487622,ok
real_vs_real,original,295000,296000,2580,0.2723670506801858,0.0741838102962229,ok
real_vs_real,original,296000,297000,2619,0.27507260931322486,0.07566494039438605,ok
real_vs_real,original,297000,298000,2625,0.2714347977978787,0.0736768494555753,ok
real_vs_real,original,298000,299000,2572,0.27791724800903067,0.07723799674091306,ok
real_vs_real,original,299000,300000,2535,0.2800765481625316,0.07844287283063887,ok
real_vs_real,original,300000,301000,2594,0.27926628365559336,0.07798965718680634,ok
real_vs_real,original,301000,302000,2518,0.2817448363395356,0.0793801528039917,ok
real_vs_real,original,302000,303000,2596,0.28009343382365565,0.07845233167112656,ok
real_vs_real,original,303000,304000,2400,0.2741923572415608,0.07518144876968372,ok
real_vs_real,original,304000,305000,2362,0.2837052790544,0.08048868536333499,ok
real_vs_real,original,305000,306000,2463,0.27472046927934185,0.07547133624106182,ok
real_vs_real,original,306000,307000,2463,0.2753237638310494,0.07580317493009547,ok
real_vs_real,original,307000,308000,2633,0.2720668312452527,0.07402036066383283,ok
real_vs_real,original,308000,309000,2570,0.2837238252012618,0.08049920898683617,ok
real_vs_real,original,309000,310000,2583,0.28100581395009755,0.07896426747375684,ok
real_vs_real,original,310000,311000,2505,0.2778692653749139,0.07721132863999434,ok
real_vs_real,original,311000,312000,2423,0.28252043248110204,0.07981779476930892,ok
real_vs_real,original,312000,313000,2436,0.2751701353079854,0.075718603365415,ok
real_vs_real,original,313000,314000,2423,0.27703124731557144,0.0767463119892213,ok
real_vs_real,original,314000,315000,2371,0.2744236941260214,0.07530836389777215,ok
real_vs_real,original,315000,316000,2501,0.2745598350805916,0.07538310303948167,ok
real_vs_real,original,316000,317000,2490,0.2806948000545613,0.07878957077767015,ok
real_vs_real,original,317000,318000,2620,0.2811725551669735,0.07905800577912475,ok
real_vs_real,original,318000,319000,2635,0.2745337554218834,0.07536878286604251,ok
real_vs_real,original,319000,320000,2827,0.27172218366599504,0.07383294509621675,ok
real_vs_real,original,320000,321000,2869,0.2685315772979713,0.07210920800613632,ok
real_vs_real,original,321000,322000,3146,0.26574957307877195,0.07062283559154955,ok
real_vs_real,original,322000,323000,3338,0.259897112068364,0.06754650886147577,ok
real_vs_real,original,323000,324000,3487,0.25904837801056335,0.06710606214990372,ok
real_vs_real,original,324000,325000,3428,0.2563688432674227,0.06572498379827635,ok
real_vs_real,original,325000,326000,3480,0.25765287346183596,0.06638500320314085,ok
real_vs_real,original,326000,327000,3547,0.25278857003614846,0.06390206114092074,ok
real_vs_real,original,327000,328000,3671,0.24850726680119428,0.061755861652999955,ok
real_vs_real,original,328000,329000,3778,0.24335515291308452,0.05922173044935075,ok
real_vs_real,original,329000,330000,3863,0.23790692785317433,0.056599706320535494,ok
real_vs_real,original,330000,331000,3796,0.23347421559282777,0.054510209346686225,ok
real_vs_real,original,331000,332000,4024,0.2248217650546242,0.05054482604227664,ok
real_vs_real,original,332000,333000,3946,0.21977871189401785,0.048302682201793706,ok
real_vs_real,original,333000,334000,4004,0.2142782030343446,0.04591514829562782,ok
real_vs_real,original,334000,335000,3980,0.2056020690500905,0.04227221079767819,ok
real_vs_real,original,335000,336000,4114,0.19527869731619535,0.038133769625510246,ok
real_vs_real,original,336000,337000,4033,0.1860219059900205,0.03460414950816002,ok
real_vs_real,original,337000,338000,4119,0.17707825746056702,0.03135670926527086,ok
real_vs_real,original,338000,339000,4091,0.16529275990628406,0.027321696477436465,ok
real_vs_real,original,339000,340000,4199,0.1521522546994444,0.023150308610124598,ok
real_vs_real,original,340000,341000,4151,0.1403454896586046,0.019696856467513492,ok
real_vs_real,original,341000,342000,4197,0.12539764365554287,0.015724569034362514,ok
real_vs_real,original,342000,343000,4496,0.10555040099550313,0.011140887150311508,ok
real_vs_real,original,343000,344000,4518,0.08604851715236875,0.0074043473041214974,ok
real_vs_real,original,344000,345000,4564,0.06373802416030636,0.0040625357238597976,ok
real_vs_real,original,345000,346000,4746,0.04083740578102518,0.0016676937109241091,ok
real_vs_real,original,346000,347000,4674,0.02339987672351664,0.0005475542306757758,ok
real_vs_real,original,347000,348000,4717,0.024472667642183966,0.0005989114615247981,ok
real_vs_real,original,348000,349000,4933,0.040458243785209395,0.0016368694901834346,ok
real_vs_real,original,349000,350000,4795,0.06247211153973117,0.0039027647202326127,ok
real_vs_real,original,350000,351000,4845,0.08252211365447898,0.0068098992420027454,ok
real_vs_real,original,351000,352000,4938,0.09928488487875302,0.009857488365387239,ok
real_vs_real,original,352000,353000,5015,0.11912563787963623,0.014190917600230224,ok
real_vs_real,original,353000,354000,4900,0.13551689892027546,0.018364829892968157,ok
real_vs_real,original,354000,355000,4965,0.1503242663709855,0.022597385059975002,ok
real_vs_real,original,355000,356000,4952,0.16376219920083152,0.026818057887092822,ok
real_vs_real,original,356000,357000,5092,0.1758605659473105,0.030926938655308343,ok
real_vs_real,original,357000,358000,5135,0.18462238801593361,0.03408542615670595,ok
real_vs_real,original,358000,359000,5029,0.1960936071644637,0.03845270277077101,ok
real_vs_real,original,359000,360000,5166,0.2037097949237726,0.041497680547885496,ok
real_vs_real,original,360000,361000,5037,0.21197389542993542,0.0449329323437412,ok
real_vs_real,original,361000,362000,5090,0.21820313626743823,0.04761260867694622,ok
real_vs_real,original,362000,363000,4999,0.22664853451840916,0.05136955819934251,ok
real_vs_real,original,363000,364000,5038,0.22780097291324386,0.05189328326022047,ok
real_vs_real,original,364000,365000,5001,0.23348882272183483,0.05451703033602841,ok
real_vs_real,original,365000,366000,4955,0.23586500515463069,0.055632300656593955,ok
real_vs_real,original,366000,367000,4946,0.24054132779473586,0.057860130377254564,ok
real_vs_real,original,367000,368000,5057,0.24247781026909956,0.05879548847289745,ok
real_vs_real,original,368000,369000,4936,0.2474965588210729,0.0612545466282728,ok
real_vs_real,original,369000,370000,4905,0.24794955833881824,0.06147898348041503,ok
real_vs_real,original,370000,371000,4868,0.24944512797563304,0.06222287187077995,ok
real_vs_real,original,371000,372000,4874,0.25262522995416253,0.06381950680939351,ok
real_vs_real,original,372000,373000,4726,0.2528258843634432,0.06392092780415716,ok
real_vs_real,original,373000,374000,4757,0.2524152533555363,0.06371346012653956,ok
real_vs_real,original,374000,375000,4817,0.2572423692922707,0.06617363655910097,ok
real_vs_real,original,375000,376000,4804,0.25588569146539625,0.06547748709672396,ok
real_vs_real,original,376000,377000,4715,0.258818839727121,0.06698719179769315,ok
real_vs_real,original,377000,378000,4703,0.2583305818534004,0.06673468952071641,ok
real_vs_real,original,378000,379000,4704,0.25884604746488343,0.06700127628819269,ok
real_vs_real,original,379000,380000,4578,0.262490919619589,0.06890148288273754,ok
real_vs_real,original,380000,381000,4625,0.25956129619425994,0.06737206648204434,ok
real_vs_real,original,381000,382000,4652,0.2589269740023118,0.06704317786599384,ok
real_vs_real,original,382000,383000,4646,0.261208046185599,0.06822964339209803,ok
real_vs_real,original,383000,384000,4510,0.2617381572394506,0.06850686295510336,ok
real_vs_real,original,384000,385000,4564,0.26420317393571513,0.06980331711770574,ok
real_vs_real,original,385000,386000,4572,0.26257154771326147,0.06894381766853754,ok
real_vs_real,original,386000,387000,4502,0.26220345708143056,0.06875065290545361,ok
real_vs_real,original,387000,388000,4378,0.2637739254376269,0.06957668374077475,ok
real_vs_real,original,388000,389000,4287,0.2657494310358843,0.07062276009589621,ok
real_vs_real,original,389000,390000,4341,0.2643047064470485,0.0698569778500605,ok
real_vs_real,original,390000,391000,4314,0.26542747829793406,0.07045174623560026,ok
real_vs_real,original,391000,392000,4447,0.26570825824178623,0.07060087849788375,ok
real_vs_real,original,392000,393000,4365,0.26490606728715166,0.07017522448554493,ok
real_vs_real,original,393000,394000,4456,0.26715058460199903,0.07136943485318985,ok
real_vs_real,original,394000,395000,4300,0.2677362776407364,0.07168271436491747,ok
real_vs_real,original,395000,396000,4272,0.2656971070677655,0.07059495270417963,ok
real_vs_real,original,396000,397000,4243,0.26794364884565225,0.07179379895672221,ok
real_vs_real,original,397000,398000,4229,0.26588259625739213,0.07069355499257139,ok
real_vs_real,original,398000,399000,4228,0.26540759337161335,0.07044119061931166,ok
real_vs_real,original,399000,400000,4296,0.26431359796230597,0.0698616780677795,ok
real_vs_real,original,400000,401000,4427,0.2661199568940848,0.07081983145730955,ok
real_vs_real,original,401000,402000,4284,0.2696459706637195,0.07270894949517946,ok
real_vs_real,original,402000,403000,4337,0.26620384405678954,0.07086448659061154,ok
real_vs_real,original,403000,404000,4201,0.2678963125328231,0.07176843426868404,ok
real_vs_real,original,404000,405000,4279,0.2675144933541046,0.07156400415450327,ok
real_vs_real,original,405000,406000,4250,0.2679954754159028,0.07182157484339577,ok
real_vs_real,original,406000,407000,4219,0.2682222595820917,0.071943180535323,ok
real_vs_real,original,407000,408000,4316,0.2675890279115739,0.07160388785866109,ok
real_vs_real,original,408000,409000,4247,0.26734669936377,0.071474257660702,ok
real_vs_real,original,409000,410000,4366,0.26721365657268786,0.07140313825894638,ok
real_vs_real,original,410000,411000,4325,0.2662315726818446,0.07087925029264831,ok
real_vs_real,original,411000,412000,4335,0.2667493444056541,0.07115521274084628,ok
real_vs_real,original,412000,413000,4235,0.2670239384141726,0.07130178368621584,ok
real_vs_real,original,413000,414000,4252,0.26875104891901663,0.07222712629507166,ok
real_vs_real,original,414000,415000,4162,0.26783894135758385,0.07173769850755123,ok
real_vs_real,original,415000,416000,4299,0.2670578648827184,0.07131990319571627,ok
real_vs_real,original,416000,417000,4472,0.26552775549473157,0.07050498893806995,ok
real_vs_real,original,417000,418000,4382,0.2652567574935842,0.07036114739601014,ok
real_vs_real,original,418000,419000,4449,0.2652541134344579,0.07035974469390029,ok
real_vs_real,original,419000,420000,4309,0.2648262434116896,0.07013293919954747,ok
real_vs_real,original,420000,421000,4250,0.2667510722003247,0.07115613452002283,ok
real_vs_real,original,421000,422000,4236,0.26701109269354967,0.07129492362140337,ok
real_vs_real,original,422000,423000,4141,0.2654367971336859,0.07045669327258952,ok
real_vs_real,original,423000,424000,4192,0.26472486578273136,0.07007925456368513,ok
real_vs_real,original,424000,425000,4262,0.26580673609959177,0.07065322095591801,ok
real_vs_real,original,425000,426000,4199,0.2671014237308348,0.07134317055903897,ok
real_vs_real,original,426000,427000,4162,0.2650240696829497,0.07023775751131299,ok
real_vs_real,original,427000,428000,4247,0.26553725480369195,0.07051003368868083,ok
real_vs_real,original,428000,429000,4039,0.26607074215241616,0.07079363982953754,ok
real_vs_real,original,429000,430000,3913,0.2687779686462943,0.07224159642962834,ok
real_vs_real,original,430000,431000,3967,0.26909127993877957,0.07241011693909062,ok
real_vs_real,original,431000,432000,3818,0.26828066843075976,0.07197451705365526,ok
real_vs_real,original,432000,433000,4069,0.2675363292365131,0.07157568746134794,ok
real_vs_real,original,433000,434000,4138,0.2666235277476207,0.07108810554858626,ok
real_vs_real,original,434000,435000,4021,0.26835542930933115,0.07201463643979544,ok
real_vs_real,original,435000,436000,4074,0.2682585911386061,0.07196267171966986,ok
real_vs_real,original,436000,437000,3924,0.2692151530217977,0.07247679861654997,ok
real_vs_real,original,437000,438000,3789,0.27083459342971083,0.07335137699823677,ok
real_vs_real,original,438000,439000,3728,0.2715157637305834,0.073720809954202,ok
real_vs_real,original,439000,440000,3720,0.2726896479158592,0.07435964408047525,ok
real_vs_real,original,440000,441000,3853,0.27131781013581596,0.07361335409689469,ok
real_vs_real,original,441000,442000,3837,0.272772423638477,0.07440479509760875,ok
real_vs_real,original,442000,443000,3720,0.27518170881410925,0.07572497286585322,ok
real_vs_real,original,443000,444000,3788,0.2723545265639738,0.07417698813988631,ok
real_vs_real,original,444000,445000,3690,0.27195730197627754,0.0739607740982162,ok
real_vs_real,original,445000,446000,3519,0.2773150298848298,0.07690362580002406,ok
real_vs_real,original,446000,447000,3474,0.27990579230841695,0.07834725256780263,ok
real_vs_real,original,447000,448000,3456,0.27633551962652547,0.07636131940726183,ok
real_vs_real,original,448000,449000,3374,0.2776284036199759,0.07707753049657627,ok
real_vs_real,original,449000,450000,3459,0.27631318411923633,0.076348975718111,ok
real_vs_real,original,450000,451000,3422,0.27872197554347644,0.0776859396508583,ok
real_vs_real,original,451000,452000,3211,0.2799267371751453,0.0783589781855229,ok
real_vs_real,original,452000,453000,3368,0.27366369858421596,0.07489181992279262,ok
real_vs_real,original,453000,454000,3047,0.281081683487303,0.07900691279205639,ok
real_vs_real,original,454000,455000,3025,0.2805546884482961,0.0787109332103205,ok
real_vs_real,original,455000,456000,2760,0.28224540015709243,0.07966246590983724,ok
real_vs_real,original,456000,457000,2570,0.2824461437358024,0.07977582411122554,ok
real_vs_real,original,457000,458000,2644,0.2763087501449224,0.07634652540664916,ok
real_vs_real,original,458000,459000,2486,0.2717736334991174,0.07386090786531258,ok
real_vs_real,original,459000,460000,2364,0.27080224035604056,0.07333385338185076,ok
real_vs_real,original,460000,461000,2334,0.2661927365052271,0.07085857296814127,ok
real_vs_real,original,461000,462000,2292,0.2719216503373455,0.07394138392218559,ok
real_vs_real,original,462000,463000,2067,0.2831130968240788,0.08015302559332023,ok
real_vs_real,original,463000,464000,2154,0.28024698951903076,0.07853837513447974,ok
real_vs_real,original,464000,465000,2146,0.28175329304582747,0.07938491814216794,ok
real_vs_real,original,465000,466000,2114,0.28044213089806375,0.07864778878264672,ok
real_vs_real,original,466000,467000,2222,0.27237270122481155,0.07418688837250047,ok
real_vs_real,original,467000,468000,2324,0.2705883405498394,0.07321805004151584,ok
real_vs_real,original,468000,469000,2312,0.2653117683408228,0.07039033442013443,ok
real_vs_real,original,469000,470000,2316,0.2630721297292725,0.0692069454402952,ok
real_vs_real,original,470000,471000,2298,0.2759563885245415,0.0761519283675077,ok
real_vs_real,original,471000,472000,2291,0.2732794757966568,0.07468167189169551,ok
real_vs_real,original,472000,473000,2286,0.2748045213625406,0.07551752496129503,ok
real_vs_real,original,473000,474000,2191,0.2765972244548858,0.07650602457614648,ok
real_vs_real,original,474000,475000,2256,0.2698974277711323,0.07284462151747356,ok
real_vs_real,original,475000,476000,2217,0.2714240569416064,0.07367101868664039,ok
real_vs_real,original,476000,477000,2288,0.2703854295505655,0.0731082805132438,ok
real_vs_real,original,477000,478000,2386,0.2652956573653194,0.07038178581689694,ok
real_vs_real,original,478000,479000,2222,0.27569800377092674,0.07600938928327394,ok
real_vs_real,original,479000,480000,2172,0.27810054994359273,0.07733991587892873,ok
real_vs_real,original,480000,481000,2297,0.2703246178665876,0.07307539902471662,ok
real_vs_real,original,481000,482000,2093,0.2803669301893151,0.07860561554378029,ok
real_vs_real,original,482000,483000,2346,0.2656269510966058,0.0705576771488786,ok
real_vs_real,original,483000,484000,2547,0.2700706800875735,0.07293817224296446,ok
real_vs_real,original,484000,485000,2953,0.27671968114204476,0.07657378193135493,ok
real_vs_real,original,485000,486000,3391,0.2815105212194855,0.0792481735572664,ok
real_vs_real,original,486000,487000,3480,0.2785893756747551,0.07761204023884982,ok
real_vs_real,original,487000,488000,3527,0.27775548240884473,0.07714810800817007,ok
real_vs_real,original,488000,489000,3558,0.2751733090377937,0.0757203500068091,ok
real_vs_real,original,489000,490000,3638,0.26884978800150594,0.0722802085084547,ok
real_vs_real,original,490000,491000,3753,0.2648679199062628,0.07015501499547044,ok
real_vs_real,original,491000,492000,3957,0.259913420992376,0.06755498641196009,ok
real_vs_real,original,492000,493000,3739,0.25604646164853234,0.06555979052273335,ok
real_vs_real,original,493000,494000,4036,0.2496188958406992,0.06230959316072984,ok
real_vs_real,original,494000,495000,4051,0.24131477000535226,0.05823281822273606,ok
real_vs_real,original,495000,496000,3812,0.23946586343500745,0.05734389975067364,ok
real_vs_real,original,496000,497000,4008,0.23287584392701324,0.05423115868471863,ok
real_vs_real,original,497000,498000,3981,0.22402106201465144,0.0501854362261723,ok
real_vs_real,original,498000,499000,4021,0.2184015182753353,0.04769922318497162,ok
real_vs_real,original,499000,500000,4209,0.20961858913851042,0.043939952912419644,ok
real_vs_real,original,500000,501000,4245,0.20141658097384854,0.04056863909119489,ok
real_vs_real,original,501000,502000,4211,0.19182308872680487,0.03679609736869165,ok
real_vs_real,original,502000,503000,4320,0.1824496054876881,0.03328785854261303,ok
real_vs_real,original,503000,504000,4117,0.17321500187168778,0.030003436873408798,ok
real_vs_real,original,504000,505000,4088,0.16518155722569813,0.027284946847506583,ok
real_vs_real,original,505000,506000,3975,0.1564401924671159,0.02447353381914827,ok
real_vs_real,original,506000,507000,4045,0.1451726636373465,0.021075102267562144,ok
real_vs_real,original,507000,508000,4224,0.13352411876768394,0.017828690292686564,ok
real_vs_real,original,508000,509000,4290,0.12086785280977286,0.014609037842844917,ok
real_vs_real,original,509000,510000,4357,0.10902786482098567,0.011887075307423126,ok
real_vs_real,original,510000,511000,4424,0.09809863157311718,0.009623341516518183,ok
real_vs_real,original,511000,512000,4281,0.08920047292865614,0.007956724370695917,ok
real_vs_real,original,512000,513000,4329,0.0835534424497925,0.006981177745210787,ok
real_vs_real,original,513000,514000,4315,0.084977579598325,0.007221189034389661,ok
real_vs_real,original,514000,515000,4311,0.08809197464709594,0.007760195997224592,ok
real_vs_real,original,515000,516000,4555,0.0975181542340379,0.009509790405213603,ok
real_vs_real,original,516000,517000,4604,0.11042902925336909,0.012194570501841445,ok
real_vs_real,original,517000,518000,4528,0.12453774670679196,0.015509650354805074,ok
real_vs_real,original,518000,519000,4679,0.1345976530675171,0.01811652821128369,ok
real_vs_real,original,519000,520000,4679,0.14902436719736553,0.022208262018575238,ok
real_vs_real,original,520000,521000,4541,0.15949520243697327,0.02543871960041108,ok
real_vs_real,original,521000,522000,4679,0.1718796505010302,0.0295426142563563,ok
real_vs_real,original,522000,523000,4632,0.18111476958373285,0.032802559761368644,ok
real_vs_real,original,523000,524000,4778,0.18942297407679093,0.03588106310809661,ok
real_vs_real,original,524000,525000,4750,0.20375307554931582,0.0415153157958052,ok
real_vs_real,original,525000,526000,4722,0.20800360670378285,0.04326550040178198,ok
real_vs_real,original,526000,527000,4846,0.2154223719114965,0.04640679831997511,ok
real_vs_real,original,527000,528000,4867,0.21978817145298218,0.04830684031064549,ok
real_vs_real,original,528000,529000,4725,0.224628908653544,0.050458146602882226,ok
real_vs_real,original,529000,530000,4675,0.23123247523521143,0.05346845760340267,ok
real_vs_real,original,530000,531000,4703,0.23483951233972833,0.05514959655596141,ok
real_vs_real,original,531000,532000,4764,0.2373071812095745,0.05631469825363383,ok
real_vs_real,original,532000,533000,4750,0.2423028988331895,0.058710694782966866,ok
real_vs_real,original,533000,534000,4784,0.24380700259027935,0.05944185451205648,ok
real_vs_real,original,534000,535000,4821,0.2461650108331685,0.060597212558493964,ok
real_vs_real,original,535000,536000,4900,0.2473956703439388,0.06120461770492684,ok
real_vs_real,original,536000,537000,4697,0.2489943104928588,0.06199816665781417,ok
real_vs_real,original,537000,538000,4699,0.25060346231204983,0.06280209532278697,ok
real_vs_real,original,538000,539000,4580,0.253612556945012,0.06431932904018696,ok
real_vs_real,original,539000,540000,4527,0.2529718542574773,0.06399475904646634,ok
real_vs_real,original,540000,541000,4713,0.2521431377222743,0.0635761619004338,ok
real_vs_real,original,541000,542000,4632,0.25586647422295855,0.06546765263128793,ok
real_vs_real,original,542000,543000,4511,0.25644882290032417,0.06576599876696183,ok
real_vs_real,original,543000,544000,4630,0.25600653660967426,0.06553934678688049,ok
real_vs_real,original,544000,545000,4464,0.2582355786619627,0.06668561408687872,ok
real_vs_real,original,545000,546000,4347,0.25881221446346736,0.06698376235548381,ok
real_vs_real,original,546000,547000,4356,0.2609919206052447,0.06811678262121433,ok
real_vs_real,original,547000,548000,4247,0.261327082175627,0.0682918438784269,ok
real_vs_real,original,548000,549000,4257,0.26175149229893724,0.0685138437207206,ok
real_vs_real,original,549000,550000,4243,0.26216606564336536,0.06873104597492136,ok
real_vs_real,original,550000,551000,4086,0.26354341642859846,0.06945513234285768,ok
real_vs_real,original,551000,552000,4237,0.2633559449291468,0.06935635372952381,ok
real_vs_real,original,552000,553000,4218,0.2606572437711627,0.06794219873037936,ok
real_vs_real,original,553000,554000,4099,0.26312920151737185,0.06923697669116968,ok
real_vs_real,original,554000,555000,3964,0.267690133345882,0.07165800749073607,ok
real_vs_real,original,555000,556000,4046,0.26597846670334346,0.0707445447498616,ok
real_vs_real,original,556000,557000,4032,0.26661904090295263,0.07108571297201033,ok
real_vs_real,original,557000,558000,3990,0.26491100801230794,0.07017784216609708,ok
real_vs_real,original,558000,559000,4132,0.26479134307034374,0.07011445536499647,ok
real_vs_real,original,559000,560000,4080,0.26557663075930676,0.07053094680546515,ok
real_vs_real,original,560000,561000,3967,0.265967598911449,0.0707387636707214,ok
real_vs_real,original,561000,562000,4007,0.2661465262741537,0.07083397344779879,ok
real_vs_real,original,562000,563000,4039,0.2678273360319323,0.0717314819259616,ok
real_vs_real,original,563000,564000,3901,0.26640267332869666,0.07097038435667627,ok
real_vs_real,original,564000,565000,4072,0.2654816201294112,0.07048049062653698,ok
real_vs_real,original,565000,566000,4012,0.2651764180768261,0.07031853270405568,ok
real_vs_real,original,566000,567000,4164,0.26373111462307286,0.06955410082032838,ok
real_vs_real,original,567000,568000,4005,0.2644635255784971,0.06994095636140839,ok
real_vs_real,original,568000,569000,4178,0.26402805921774125,0.06971081605428707,ok
real_vs_real,original,569000,570000,4094,0.2644264954003109,0.06992137146969063,ok
real_vs_real,original,570000,571000,4069,0.26665092101439697,0.07110271367782618,ok
real_vs_real,original,571000,572000,4095,0.26619605826538717,0.07086034143602939,ok
real_vs_real,original,572000,573000,4167,0.2644447966904899,0.06993105049667456,ok
real_vs_real,original,573000,574000,4236,0.26443532053826513,0.06992603874817502,ok
real_vs_real,original,574000,575000,4299,0.26475977097627496,0.07009773632740958,ok
real_vs_real,original,575000,576000,4144,0.26664628239927557,0.0711002399173542,ok
real_vs_real,original,576000,577000,4132,0.26431618440449023,0.0698630453381485,ok
real_vs_real,original,577000,578000,4235,0.2649423801393099,0.07019446479388258,ok
real_vs_real,original,578000,579000,4114,0.2653926778942656,0.07043327347988944,ok
real_vs_real,original,579000,580000,4139,0.2687222808325948,0.07221166421587195,ok
real_vs_real,original,580000,581000,4235,0.2646875239506819,0.0700594853351428,ok
real_vs_real,original,581000,582000,4270,0.26688317740239037,0.07122663038039578,ok
real_vs_real,original,582000,583000,4222,0.264384663456654,0.0698992502710882,ok
real_vs_real,original,583000,584000,4188,0.26571826765812245,0.07060619776723359,ok
real_vs_real,original,584000,585000,4268,0.26540948302901063,0.07044219368172669,ok
real_vs_real,original,585000,586000,4252,0.26540865756926413,0.07044175551271892,ok
real_vs_real,original,586000,587000,4257,0.26337188461044203,0.06936474960325599,ok
real_vs_real,original,587000,588000,4243,0.2642233599130623,0.06981398392374766,ok
real_vs_real,original,588000,589000,4145,0.26289747324052637,0.06911508143625326,ok
real_vs_real,original,589000,590000,4224,0.26118003769825693,0.0682150120920629,ok
real_vs_real,original,590000,591000,4115,0.2613034124116064,0.06827947333795005,ok
real_vs_real,original,591000,592000,3985,0.2650556325327984,0.07025448833736185,ok
real_vs_real,original,592000,593000,4021,0.264628364648538,0.07002817137655959,ok
real_vs_real,original,593000,594000,4008,0.26302981093856664,0.0691846814423781,ok
real_vs_real,original,594000,595000,3863,0.26420424882831645,0.06980388509893495,ok
real_vs_real,original,595000,596000,3876,0.265037005940853,0.07024461451809176,ok
real_vs_real,original,596000,597000,3838,0.266088870944517,0.07080328724052781,ok
real_vs_real,original,597000,598000,3840,0.2663902533820029,0.0709637670969277,ok
real_vs_real,original,598000,599000,3896,0.2626225473036242,0.06897060235224434,ok
real_vs_real,original,599000,600000,3894,0.26535839357139374,0.0704150770387907,ok
real_vs_real,original,600000,601000,3913,0.2644681694056896,0.06994341262879654,ok
real_vs_real,original,601000,602000,4011,0.2630150695171239,0.06917692679309752,ok
real_vs_real,original,602000,603000,3914,0.26315425691991734,0.06925016293507387,ok
real_vs_real,original,603000,604000,3823,0.26388359216978435,0.06963455021642909,ok
real_vs_real,original,604000,605000,3813,0.26743790610323276,0.07152303362088154,ok
real_vs_real,original,605000,606000,3773,0.26864456969595596,0.07216990482712533,ok
real_vs_real,original,606000,607000,3691,0.26741819990124654,0.07151249363842305,ok
real_vs_real,original,607000,608000,3780,0.26820207538012675,0.07193235323820718,ok
real_vs_real,original,608000,609000,3736,0.26821718689602103,0.07194045934641509,ok
real_vs_real,original,609000,610000,3798,0.26833672742129955,0.07200459928317282,ok
real_vs_real,original,610000,611000,3669,0.26709916067359013,0.07134196163253632,ok
real_vs_real,original,611000,612000,3677,0.26648927713663934,0.07101653482880857,ok
real_vs_real,original,612000,613000,3591,0.2709579531221092,0.07341821236012312,ok
real_vs_real,original,613000,614000,3524,0.2724010576978686,0.07420233623491754,ok
real_vs_real,original,614000,615000,3643,0.26822480712366575,0.07194454715652769,ok
real_vs_real,original,615000,616000,3553,0.2704949837481983,0.07316753623293806,ok
real_vs_real,original,616000,617000,3568,0.27345865566938693,0.07477963636050833,ok
real_vs_real,original,617000,618000,3561,0.272082867386742,0.07402908672539142,ok
real_vs_real,original,618000,619000,3491,0.2736951292318622,0.07490902376524575,ok
real_vs_real,original,619000,620000,3406,0.27255593145996543,0.07428673577400936,ok
real_vs_real,original,620000,621000,3405,0.27372719500910175,0.07492657728755082,ok
real_vs_real,original,621000,622000,3315,0.275416563755242,0.07585428359074528,ok
real_vs_real,original,622000,623000,3278,0.2736400792802505,0.07487889298850178,ok
real_vs_real,original,623000,624000,3275,0.26981287359030814,0.0727989867550596,ok
real_vs_real,original,624000,625000,3018,0.27608230580110443,0.07622143957645455,ok
real_vs_real,original,625000,626000,2951,0.27972347671409087,0.07824522342501852,ok
real_vs_real,original,626000,627000,2868,0.2753492656729225,0.07581721810661766,ok
real_vs_real,original,627000,628000,2711,0.27742622053980703,0.07696530784300167,ok
real_vs_real,original,628000,629000,2530,0.27337612345761814,0.07473450487671487,ok
real_vs_real,original,629000,630000,2511,0.2757512175965947,0.07603873400600453,ok
real_vs_real,original,630000,631000,2399,0.2854417867723595,0.08147701363579714,ok
real_vs_real,original,631000,632000,2517,0.2738056460971991,0.07496953183470463,ok
real_vs_real,original,632000,633000,2550,0.2804786613981308,0.07866827949968733,ok
real_vs_real,original,633000,634000,2511,0.2802491390608857,0.07853957994436767,ok
real_vs_real,original,634000,635000,2510,0.27849337758050013,0.077558561356195,ok
real_vs_real,original,635000,636000,2510,0.28256895035458474,0.07984521170449178,ok
real_vs_real,original,636000,637000,2327,0.27848930385589876,0.0775562923621431,ok
real_vs_real,original,637000,638000,2308,0.28036933876803144,0.07860696612122317,ok
real_vs_real,original,638000,639000,2477,0.2767455606316307,0.07658810532931559,ok
real_vs_real,original,639000,640000,2448,0.2777323588684939,0.07713526316265787,ok
real_vs_real,original,640000,641000,2446,0.2816311407615766,0.07931609944666695,ok
real_vs_real,original,641000,642000,2438,0.28423637728098783,0.08079031816982005,ok
real_vs_real,original,642000,643000,2487,0.2864428043472324,0.08204948016230687,ok
real_vs_real,original,643000,644000,2495,0.2818555605677702,0.079442557022972,ok
real_vs_real,original,644000,645000,2385,0.2816116526873657,0.0793051229293095,ok
real_vs_real,original,645000,646000,2332,0.2843946562041143,0.08088032047745636,ok
real_vs_real,original,646000,647000,2322,0.2804045750717626,0.07862672572117575,ok
real_vs_real,original,647000,648000,2304,0.2763022688025661,0.0763429437454455,ok
real_vs_real,original,648000,649000,2431,0.27290143273137346,0.07447519198683636,ok
real_vs_real,original,649000,650000,2550,0.28287674196061274,0.0800192511422511,ok
real_vs_real,original,650000,651000,2496,0.28306088057612866,0.08012346211253336,ok
real_vs_real,original,651000,652000,2623,0.2734127037146411,0.07475450655255013,ok
real_vs_real,original,652000,653000,2766,0.27316452598015895,0.07461885825396493,ok
real_vs_real,original,653000,654000,2865,0.26915858741823817,0.07244634518098135,ok
real_vs_real,original,654000,655000,3063,0.26367959822637654,0.06952693052082334,ok
real_vs_real,original,655000,656000,3123,0.2655071637606622,0.07049405400823108,ok
real_vs_real,original,656000,657000,3395,0.25977505434005177,0.06748307885737684,ok
real_vs_real,original,657000,658000,3389,0.25831387695405666,0.06672605902703553,ok
real_vs_real,original,658000,659000,3403,0.25757861170850743,0.06634674120968204,ok
real_vs_real,original,659000,660000,3588,0.25397062157432876,0.06450107662285091,ok
real_vs_real,original,660000,661000,3509,0.2510705442367968,0.06303641818336134,ok
real_vs_real,original,661000,662000,3717,0.24449452764808474,0.059777574049860074,ok
real_vs_real,original,662000,663000,3702,0.2389151633299929,0.05708045526899719,ok
real_vs_real,original,663000,664000,3761,0.23642244248659378,0.05589557131132675,ok
real_vs_real,original,664000,665000,3897,0.22640347667089958,0.05125853424867057,ok
real_vs_real,original,665000,666000,3853,0.22523257348260126,0.05072971215759538,ok
real_vs_real,original,666000,667000,3987,0.21588061409232137,0.046604439540877785,ok
real_vs_real,original,667000,668000,3941,0.2089930357215774,0.04367808898012052,ok
real_vs_real,original,668000,669000,3920,0.20118943448347154,0.04047718854777909,ok
real_vs_real,original,669000,670000,4019,0.18980381030220062,0.03602548640523376,ok
real_vs_real,original,670000,671000,4043,0.1801785292784184,0.032464302412933875,ok
real_vs_real,original,671000,672000,4042,0.16928696280732325,0.02865807577652805,ok
real_vs_real,original,672000,673000,4172,0.1557281457507459,0.024251255378965553,ok
real_vs_real,original,673000,674000,4121,0.14544394329286792,0.021153940640578975,ok
real_vs_real,original,674000,675000,4019,0.1337234154429911,0.017881951837738788,ok
real_vs_real,original,675000,676000,4269,0.11480167676594617,0.013179424988272785,ok
real_vs_real,original,676000,677000,4529,0.09286408225111446,0.008623737772341752,ok
real_vs_real,original,677000,678000,4434,0.07321375569728822,0.005360254023302202,ok
real_vs_real,original,678000,679000,4563,0.048906676052781824,0.0023918629625317434,ok
real_vs_real,original,679000,680000,4723,0.029020870021346186,0.0008422108967958697,ok
real_vs_real,original,680000,681000,4605,0.015911409144070437,0.0002531729409500083,ok
real_vs_real,original,681000,682000,4711,0.02951642263831925,0.0008712192053638851,ok
real_vs_real,original,682000,683000,4900,0.04818569869808944,0.0023218615590230585,ok
real_vs_real,original,683000,684000,4810,0.07019838864780163,0.004927813768747805,ok
real_vs_real,original,684000,685000,4853,0.09020241505336436,0.008136475681459414,ok
real_vs_real,original,685000,686000,4827,0.10948196847575996,0.011986301421327297,ok
real_vs_real,original,686000,687000,4777,0.12719253433763053,0.01617794079122932,ok
real_vs_real,original,687000,688000,4805,0.1435826035327059,0.020615964037230212,ok
real_vs_real,original,688000,689000,4981,0.15503442586511054,0.024035673203324455,ok
real_vs_real,original,689000,690000,5075,0.16629523360638332,0.0276541047202016,ok
real_vs_real,original,690000,691000,5033,0.1807499187210153,0.03267053311765364,ok
real_vs_real,original,691000,692000,5009,0.19132739476243726,0.036606171986581504,ok
real_vs_real,original,692000,693000,5103,0.19674450826269294,0.03870840153152885,ok
real_vs_real,original,693000,694000,4924,0.21128343864780288,0.04464069144683988,ok
real_vs_real,original,694000,695000,5099,0.2126948415616472,0.045239095626934206,ok
real_vs_real,original,695000,696000,5001,0.22094454896256494,0.04881649371627125,ok
real_vs_real,original,696000,697000,4986,0.22540726168232247,0.050808433619123,ok
real_vs_real,original,697000,698000,4992,0.2294989534735183,0.05266976964544012,ok
real_vs_real,original,698000,699000,5046,0.23277081946211808,0.05418225439306597,ok
real_vs_real,original,699000,700000,5024,0.23792276312740332,0.05660724121417846,ok
real_vs_real,original,700000,701000,5041,0.2384111322166883,0.056839867964843235,ok
real_vs_real,original,701000,702000,5018,0.24324761761522123,0.05916940347548089,ok
real_vs_real,original,702000,703000,4984,0.24413261702564557,0.059600734695790525,ok
real_vs_real,original,703000,704000,4854,0.24732675861462217,0.061170525526815574,ok
real_vs_real,original,704000,705000,4763,0.24920057036402687,0.0621009242697563,ok
real_vs_real,original,705000,706000,4815,0.2501276987846288,0.062563865699294,ok
real_vs_real,original,706000,707000,4800,0.2513490247936526,0.06317633226472019,ok
real_vs_real,original,707000,708000,4857,0.25449892306733096,0.06476970184243123,ok
real_vs_real,original,708000,709000,4761,0.2557036154347862,0.06538433894642104,ok
real_vs_real,original,709000,710000,4777,0.2582065806553537,0.06667063829372967,ok
real_vs_real,original,710000,711000,4718,0.25544237239620626,0.06525080561540213,ok
real_vs_real,original,711000,712000,4776,0.2542753682962475,0.06465596292219229,ok
real_vs_real,original,712000,713000,4601,0.2586842114496194,0.06691752125331141,ok
real_vs_real,original,713000,714000,4555,0.2613715818749317,0.06831510381180411,ok
real_vs_real,original,714000,715000,4549,0.25869212395543556,0.06692161499657444,ok
real_vs_real,original,715000,716000,4594,0.26065980975748076,0.06794353642280607,ok
real_vs_real,original,716000,717000,4712,0.2618676293948569,0.06857465532488212,ok
real_vs_real,original,717000,718000,4551,0.2606755982329184,0.0679517675140899,ok
real_vs_real,original,718000,719000,4622,0.2615486500568082,0.06840769634653872,ok
real_vs_real,original,719000,720000,4582,0.26057387575189606,0.06789874472436457,ok
real_vs_real,original,720000,721000,4382,0.26166595437417006,0.06846907167854524,ok
real_vs_real,original,721000,722000,4463,0.26094064953957624,0.06809002258213594,ok
real_vs_real,original,722000,723000,4341,0.2629696353163793,0.06915302909842952,ok
real_vs_real,original,723000,724000,4319,0.2630839634187235,0.06921317180810424,ok
real_vs_real,original,724000,725000,4416,0.26384651884995236,0.06961498550923825,ok
real_vs_real,original,725000,726000,4278,0.2663646642088875,0.07095013433911337,ok
real_vs_real,original,726000,727000,4427,0.26498843048379794,0.07021886829026662,ok
real_vs_real,original,727000,728000,4400,0.2640171877021368,0.06970507540214532,ok
real_vs_real,original,728000,729000,4276,0.2654627383285566,0.07047046544089572,ok
real_vs_real,original,729000,730000,4203,0.26776095604384437,0.07169592958151355,ok
real_vs_real,original,730000,731000,4199,0.26527615107215297,0.07037143632765573,ok
real_vs_real,original,731000,732000,4279,0.26318727367270145,0.06926754102326944,ok
real_vs_real,original,732000,733000,4296,0.26433675351563685,0.06987391925918655,ok
real_vs_real,original,733000,734000,4310,0.26438285904516784,0.06989829615689709,ok
real_vs_real,original,734000,735000,4398,0.26452699273790525,0.06997452988695978,ok
real_vs_real,original,735000,736000,4449,0.26500939086694036,0.07022997724766677,ok
real_vs_real,original,736000,737000,4297,0.26435895478697735,0.06988565697606314,ok
real_vs_real,original,737000,738000,4146,0.2677939949868801,0.07171362375103316,ok
real_vs_real,original,738000,739000,4251,0.26727749351087676,0.07143725853745678,ok
real_vs_real,original,739000,740000,4298,0.2643497091123981,0.06988076870780947,ok
real_vs_real,original,740000,741000,4278,0.26584345082811633,0.07067274034820112,ok
real_vs_real,original,741000,742000,4266,0.2696519842033748,0.07271219258481706,ok
real_vs_real,original,742000,743000,4338,0.2670192540610248,0.0712992820393061,ok
real_vs_real,original,743000,744000,4382,0.2653714819204471,0.07042202341665418,ok
real_vs_real,original,744000,745000,4331,0.26591588050147097,0.07071125550287258,ok
real_vs_real,original,745000,746000,4225,0.2663010022828512,0.07091622381685113,ok
real_vs_real,original,746000,747000,4215,0.2676815196525443,0.07165339596349546,ok
real_vs_real,original,747000,748000,4305,0.2640328065826098,0.06971332295188984,ok
real_vs_real,original,748000,749000,4203,0.2653481839867642,0.07040965874507366,ok
real_vs_real,original,749000,750000,4403,0.2647648771510465,0.07010044017280877,ok
real_vs_real,original,750000,751000,4374,0.26516070289627064,0.0703101983604443,ok
real_vs_real,original,751000,752000,4372,0.26421024639086815,0.06980705429792325,ok
real_vs_real,original,752000,753000,4406,0.2643373840416671,0.0698742526019918,ok
real_vs_real,original,753000,754000,4250,0.26394985293323386,0.06966952486347577,ok
real_vs_real,original,754000,755000,4304,0.2644616167986749,0.06993994675976917,ok
real_vs_real,original,755000,756000,4186,0.2658959560003524,0.07070065941734131,ok
real_vs_real,original,756000,757000,4202,0.26490928882915415,0.07017693130796823,ok
real_vs_real,original,757000,758000,4252,0.26310805909800195,0.06922585076231769,ok
real_vs_real,original,758000,759000,4163,0.26779789579847585,0.07171571299409134,ok
real_vs_real,original,759000,760000,4154,0.2653073988113209,0.07038801586402929,ok
real_vs_real,original,760000,761000,4241,0.2656083470595501,0.07054779402770643,ok
real_vs_real,original,761000,762000,4116,0.26375154707443854,0.06956487858415976,ok
real_vs_real,original,762000,763000,3892,0.26790033482104136,0.07177058939722605,ok
real_vs_real,original,763000,764000,4049,0.2659864978725378,0.07074881705049757,ok
real_vs_real,original,764000,765000,3847,0.2691072917679238,0.07241873448266647,ok
real_vs_real,original,765000,766000,3887,0.2688962675456524,0.07230520269998307,ok
real_vs_real,original,766000,767000,4028,0.26640329728737655,0.07097071680558634,ok
real_vs_real,original,767000,768000,4002,0.2692644947162925,0.0725033681148203,ok
real_vs_real,original,768000,769000,4104,0.26675152046341666,0.07115637366954461,ok
real_vs_real,original,769000,770000,4126,0.26557731617815494,0.07053131086839168,ok
real_vs_real,original,770000,771000,3850,0.26619033092006955,0.07085729227533613,ok
real_vs_real,original,771000,772000,3856,0.2681478738911842,0.07190328227236242,ok
real_vs_real,original,772000,773000,3708,0.2706062751783206,0.07322775616588496,ok
real_vs_real,original,773000,774000,3666,0.2752269286636709,0.0757498622616374,ok
real_vs_real,original,774000,775000,3907,0.269184638588089,0.0724603696518001,ok
real_vs_real,original,775000,776000,3767,0.27409926447014465,0.0751304067830743,ok
real_vs_real,original,776000,777000,3789,0.27031163817500026,0.07306838173285225,ok
real_vs_real,original,777000,778000,3833,0.27128392674902774,0.07359496891237186,ok
real_vs_real,original,778000,779000,3578,0.27136660123190637,0.07363983226415648,ok
real_vs_real,original,779000,780000,3506,0.2769756890020552,0.0767155322981632,ok
real_vs_real,original,780000,781000,3553,0.27411372583959076,0.07513833469366232,ok
real_vs_real,original,781000,782000,3449,0.27614040913641635,0.07625352555802742,ok
real_vs_real,original,782000,783000,3416,0.2790941934096766,0.07789356879499798,ok
real_vs_real,original,783000,784000,3364,0.2784698513137032,0.07754545809067596,ok
real_vs_real,original,784000,785000,3390,0.2766327355326677,0.07652567036828688,ok
real_vs_real,original,785000,786000,3366,0.27468223466129316,0.07545033003852172,ok
real_vs_real,original,786000,787000,3224,0.27705967744096416,0.07676206486369111,ok
real_vs_real,original,787000,788000,3111,0.2787492927225788,0.07770116819333792,ok
real_vs_real,original,788000,789000,2989,0.2778067816787079,0.07717660794668128,ok
real_vs_real,original,789000,790000,2796,0.28206504060882936,0.07956068713366057,ok
real_vs_real,original,790000,791000,2734,0.2761812683733702,0.07627609300032354,ok
real_vs_real,original,791000,792000,2613,0.2740329471998878,0.07509405615105649,ok
real_vs_real,original,792000,793000,2421,0.2696627514470236,0.07271799951797923,ok
real_vs_real,original,793000,794000,2508,0.26503875870174215,0.0702455436141603,ok
real_vs_real,original,794000,795000,2372,0.2693919426895933,0.07257201878607313,ok
real_vs_real,original,795000,796000,2179,0.2776141967528931,0.07706964223875407,ok
real_vs_real,original,796000,797000,2168,0.2770416688247699,0.07675208626521347,ok
real_vs_real,original,797000,798000,2172,0.2785771146551806,0.07760520880960563,ok
real_vs_real,original,798000,799000,2193,0.2811447307215833,0.07904235961251159,ok
real_vs_real,original,799000,800000,2198,0.26845305108045486,0.0720670406344053,ok
real_vs_real,original,800000,801000,2223,0.2732196451519167,0.07464897449693929,ok
real_vs_real,original,801000,802000,2270,0.26763419607105865,0.07162806290660186,ok
real_vs_real,original,802000,803000,2426,0.26255854144374513,0.06893698768506683,ok
real_vs_real,original,803000,804000,2257,0.27527291371317886,0.07577517702414321,ok
real_vs_real,original,804000,805000,2243,0.27105078560338447,0.0734685283762119,ok
real_vs_real,original,805000,806000,2249,0.27429028958791,0.07523516296221955,ok
real_vs_real,original,806000,807000,2137,0.2777991365162232,0.07717236024915922,ok
real_vs_real,original,807000,808000,2246,0.27750632084051297,0.07700975810643772,ok
real_vs_real,original,808000,809000,2282,0.26760295782167837,0.07161134303491098,ok
real_vs_real,original,809000,810000,2192,0.2688253999560994,0.07226709566155681,ok
real_vs_real,original,810000,811000,2375,0.2700656521172829,0.07293545645353326,ok
real_vs_real,original,811000,812000,2338,0.2628482061213349,0.06908917946120377,ok
real_vs_real,original,812000,813000,2239,0.27302349026946715,0.07454182623892182,ok
real_vs_real,original,813000,814000,2235,0.27088306032717935,0.07337763237221828,ok
real_vs_real,original,814000,815000,2205,0.27605682311711877,0.07620736958951618,ok
real_vs_real,original,815000,816000,2108,0.2751369447319504,0.07570033835643233,ok
real_vs_real,original,816000,817000,2313,0.2707441651062427,0.0733024029390764,ok
real_vs_real,original,817000,818000,2482,0.2703565538356298,0.07309266620187778,ok
real_vs_real,original,818000,819000,2934,0.27829184201935714,0.07744634933452682,ok
real_vs_real,original,819000,820000,3402,0.2810627597624999,0.07899627492531273,ok
real_vs_real,original,820000,821000,3445,0.27958157141429435,0.07816585507448617,ok
real_vs_real,original,821000,822000,3585,0.2777405127568611,0.07713979242644414,ok
real_vs_real,original,822000,823000,3589,0.27143049109278905,0.07367451149487264,ok
real_vs_real,original,823000,824000,3589,0.2729360451213915,0.07449408472650626,ok
real_vs_real,original,824000,825000,3766,0.26865375016398296,0.07217483747717178,ok
real_vs_real,original,825000,826000,3858,0.25992856578232737,0.06756285930965768,ok
real_vs_real,original,826000,827000,3857,0.25715214877290155,0.06612722761852048,ok
real_vs_real,original,827000,828000,4070,0.24511918077602474,0.06008341278430949,ok
real_vs_real,original,828000,829000,3915,0.24433491249417483,0.059699549463536075,ok
real_vs_real,original,829000,830000,3934,0.23745283859595204,0.05638385055727525,ok
real_vs_real,original,830000,831000,4006,0.23245915776331633,0.05403726002803039,ok
real_vs_real,original,831000,832000,3889,0.2263019577556757,0.05121257608405162,ok
real_vs_real,original,832000,833000,4060,0.21916091534345045,0.04803150681417906,ok
real_vs_real,original,833000,834000,4151,0.2101469145718748,0.044161725704078836,ok
real_vs_real,original,834000,835000,4185,0.20214279098850096,0.04086170794862079,ok
real_vs_real,original,835000,836000,4312,0.19112996541247368,0.03653066367857338,ok
real_vs_real,original,836000,837000,4014,0.18173307172652073,0.033026909359156725,ok
real_vs_real,original,837000,838000,3982,0.17391532581690788,0.03024654055400123,ok
real_vs_real,original,838000,839000,4121,0.16335430775035376,0.026684629860597282,ok
real_vs_real,original,839000,840000,4070,0.14961364715391048,0.022384243414694825,ok
real_vs_real,original,840000,841000,4079,0.14325745818663327,0.020522699326094976,ok
real_vs_real,original,841000,842000,4229,0.13353514400490002,0.01783163468440939,ok
real_vs_real,original,842000,843000,4188,0.1183197146706424,0.013999554879742228,ok
real_vs_real,original,843000,844000,4524,0.10459087748952835,0.010939251654029529,ok
real_vs_real,original,844000,845000,4347,0.0928215468555097,0.008615839560649582,ok
real_vs_real,original,845000,846000,4279,0.0844650914331344,0.007134351670807754,ok
real_vs_real,original,846000,847000,4447,0.08159272698252991,0.006657373096445665,ok
real_vs_real,original,847000,848000,4332,0.08211540969983752,0.006742940510172171,ok
real_vs_real,original,848000,849000,4382,0.09043251621164818,0.008178039988370009,ok
real_vs_real,original,849000,850000,4524,0.10199232196866241,0.010402433740559297,ok
real_vs_real,original,850000,851000,4538,0.11506646323380881,0.013240290961137477,ok
real_vs_real,original,851000,852000,4657,0.12645701563009068,0.015991376802068996,ok
real_vs_real,original,852000,853000,4709,0.13909579031674701,0.019347638883840453,ok
real_vs_real,original,853000,854000,4703,0.1494759271631671,0.022343052801288434,ok
real_vs_real,original,854000,855000,4624,0.16419375350603665,0.026959588690401125,ok
real_vs_real,original,855000,856000,4742,0.17509425233319464,0.03065799720012044,ok
real_vs_real,original,856000,857000,4667,0.18615349445285467,0.034653123497009,ok
real_vs_real,original,857000,858000,4852,0.19663276769553256,0.03866444533160527,ok
real_vs_real,original,858000,859000,4758,0.20662467967074719,0.042693758249038885,ok
real_vs_real,original,859000,860000,4758,0.2130425183192419,0.04538711461180452,ok
real_vs_real,original,860000,861000,4877,0.21807711537875782,0.04755762825192005,ok
real_vs_real,original,861000,862000,4738,0.22374904734074627,0.05006363618589151,ok
real_vs_real,original,862000,863000,4718,0.23090575725138054,0.053317468731833476,ok
real_vs_real,original,863000,864000,4689,0.23539804133016629,0.055412237862078675,ok
real_vs_real,original,864000,865000,4643,0.2380060978728924,0.056646902624680834,ok
real_vs_real,original,865000,866000,4764,0.24083965522492784,0.05800373952886211,ok
real_vs_real,original,866000,867000,4907,0.24282713900501654,0.05896501943736163,ok
real_vs_real,original,867000,868000,4755,0.2472779739324554,0.06114639639214009,ok
real_vs_real,original,868000,869000,4994,0.2479934335973086,0.06150074310738272,ok
real_vs_real,original,869000,870000,4758,0.24943422023752645,0.06221743022550286,ok
real_vs_real,original,870000,871000,4652,0.2526827646820541,0.06384857956736631,ok
real_vs_real,original,871000,872000,4658,0.25401082683289977,0.0645215001483334,ok
real_vs_real,original,872000,873000,4600,0.25311686794609006,0.0640681488388384,ok
real_vs_real,original,873000,874000,4578,0.2555648716487535,0.06531340362084385,ok
real_vs_real,original,874000,875000,4719,0.2539648669672211,0.06449815365367831,ok
real_vs_real,original,875000,876000,4641,0.2562555330558883,0.06566689822175745,ok
real_vs_real,original,876000,877000,4508,0.25790905559271465,0.06651708095672597,ok
real_vs_real,original,877000,878000,4585,0.25658321557141056,0.06583494651296495,ok
real_vs_real,original,878000,879000,4410,0.260096429662089,0.06765015272296603,ok
real_vs_real,original,879000,880000,4331,0.2608413274643352,0.06803819811335655,ok
real_vs_real,original,880000,881000,4318,0.2626798596147012,0.06900070864719914,ok
real_vs_real,original,881000,882000,4360,0.2603098763324452,0.0677612317162129,ok
real_vs_real,original,882000,883000,4198,0.26163665124212093,0.06845373727319123,ok
real_vs_real,original,883000,884000,4313,0.2608422368331712,0.06803867251613217,ok
real_vs_real,original,884000,885000,4250,0.2616671363848251,0.06846969026383465,ok
real_vs_real,original,885000,886000,4261,0.2606787268766736,0.06795339864604338,ok
real_vs_real,original,886000,887000,4111,0.2655234416895534,0.07050269808666565,ok
real_vs_real,original,887000,888000,4092,0.26600960502420085,0.07076110996513135,ok
real_vs_real,original,888000,889000,4100,0.2653153988151732,0.07039226084845442,ok
real_vs_real,original,889000,890000,4081,0.2668695584511783,0.07121936122792688,ok
real_vs_real,original,890000,891000,4108,0.2649369519138576,0.07019158848940568,ok
real_vs_real,original,891000,892000,4064,0.2648061735343392,0.07012230954189858,ok
real_vs_real,original,892000,893000,4061,0.26554623752616013,0.07051480426429985,ok
real_vs_real,original,893000,894000,4147,0.26563779007803956,0.07056343551754461,ok
real_vs_real,original,894000,895000,4171,0.26229574723852933,0.06879905901941846,ok
real_vs_real,original,895000,896000,4050,0.2676897772478779,0.07165781684301849,ok
real_vs_real,original,896000,897000,3986,0.2680975062606896,0.07187627286320052,ok
real_vs_real,original,897000,898000,4167,0.2645386017546847,0.06998067181832365,ok
real_vs_real,original,898000,899000,4114,0.26522576323528035,0.070344705483737,ok
real_vs_real,original,899000,900000,4086,0.2661252773233504,0.07082266323043017,ok
real_vs_real,original,900000,901000,4107,0.2656067890770396,0.07054696640381501,ok
real_vs_real,original,901000,902000,4046,0.26827795429597406,0.07197306076123276,ok
real_vs_real,original,902000,903000,4175,0.26392011208140953,0.06965382556106378,ok
real_vs_real,original,903000,904000,4242,0.26791645732215474,0.07177922810405396,ok
real_vs_real,original,904000,905000,4156,0.26510272582895644,0.07027945524194286,ok
real_vs_real,original,905000,906000,4138,0.26735481842149283,0.07147859893318939,ok
real_vs_real,original,906000,907000,4215,0.2666685612703289,0.07111212156998717,ok
real_vs_real,original,907000,908000,4209,0.2671395956916659,0.07136356358630673,ok
real_vs_real,original,908000,909000,4137,0.2679455163599374,0.07179479973739347,ok
real_vs_real,original,909000,910000,4194,0.2682691030743542,0.07196831166431848,ok
real_vs_real,original,910000,911000,4244,0.2663273116059949,0.0709302369072767,ok
real_vs_real,original,911000,912000,4198,0.26603485108276576,0.07077454199062935,ok
real_vs_real,original,912000,913000,4284,0.26621972434647845,0.07087294163111496,ok
real_vs_real,original,913000,914000,4236,0.2666834177162519,0.07112004528482091,ok
real_vs_real,original,914000,915000,4292,0.2676438637281958,0.07163323779135707,ok
real_vs_real,original,915000,916000,4243,0.2665800121646091,0.07106490288568314,ok
real_vs_real,original,916000,917000,4277,0.266339564697052,0.07093676372301515,ok
real_vs_real,original,917000,918000,4259,0.2658893155731545,0.07069712813596052,ok
real_vs_real,original,918000,919000,4295,0.26584497761739434,0.0706735521243929,ok
real_vs_real,original,919000,920000,4291,0.2616900456651752,0.06848168000024148,ok
real_vs_real,original,920000,921000,4216,0.2666633511939023,0.07110934286996247,ok
real_vs_real,original,921000,922000,4242,0.2639306963709058,0.06965941248683129,ok
real_vs_real,original,922000,923000,4120,0.2619256288877256,0.06860503506823054,ok
real_vs_real,original,923000,924000,4165,0.2623901285580811,0.06884857956472631,ok
real_vs_real,original,924000,925000,4024,0.2653829315621981,0.07042810036454632,ok
real_vs_real,original,925000,926000,4035,0.2642772567059768,0.06984246841203674,ok
real_vs_real,original,926000,927000,4005,0.2633193103780277,0.06933705921796009,ok
real_vs_real,original,927000,928000,3888,0.26360692201964075,0.06948860933666896,ok
real_vs_real,original,928000,929000,4055,0.26284407159884504,0.06908700597465879,ok
real_vs_real,original,929000,930000,3959,0.2657640295814997,0.07063051941939626,ok
real_vs_real,original,930000,931000,3900,0.26585635555933274,0.07067960179129035,ok
real_vs_real,original,931000,932000,4101,0.26186389851546926,0.06857270134571998,ok
real_vs_real,original,932000,933000,3961,0.2642801749792238,0.06984401088704914,ok
real_vs_real,original,933000,934000,3914,0.26605445634894226,0.07078497374313122,ok
real_vs_real,original,934000,935000,4011,0.26413262580871744,0.06976604401660795,ok
real_vs_real,original,935000,936000,3930,0.2640720656352774,0.06973405584888226,ok
real_vs_real,original,936000,937000,3921,0.2632204796759756,0.06928502092085069,ok
real_vs_real,original,937000,938000,3883,0.2674852757803083,0.07154837275926756,ok
real_vs_real,original,938000,939000,3906,0.263560481373219,0.06946412734168295,ok
real_vs_real,original,939000,940000,3890,0.267520141866372,0.0715670263042038,ok
real_vs_real,original,940000,941000,3838,0.2644489613591101,0.0699332531639121,ok
real_vs_real,original,941000,942000,3791,0.2682880150221213,0.07197845900450998,ok
real_vs_real,original,942000,943000,3770,0.2665148234786054,0.07103015113383218,ok
real_vs_real,original,943000,944000,3798,0.2676273712919936,0.0716244098646626,ok
real_vs_real,original,944000,945000,3830,0.2665104227896461,0.07102780545551592,ok
real_vs_real,original,945000,946000,3669,0.26932569377042437,0.07253632932492039,ok
real_vs_real,original,946000,947000,3627,0.27020259339687874,0.07300944147839898,ok
real_vs_real,original,947000,948000,3596,0.2692243941530986,0.07248177440710299,ok
real_vs_real,original,948000,949000,3791,0.2661570126571759,0.07083955538659209,ok
real_vs_real,original,949000,950000,3721,0.27124625424342586,0.0735745304410892,ok
real_vs_real,original,950000,951000,3527,0.2734974226991578,0.07480084022308177,ok
real_vs_real,original,951000,952000,3576,0.27296750782646495,0.0745112603289912,ok
real_vs_real,original,952000,953000,3539,0.2735726705097935,0.07484200604986004,ok
real_vs_real,original,953000,954000,3420,0.2725798270149857,0.0742997620955195,ok
real_vs_real,original,954000,955000,3428,0.2745411205504006,0.07537282687306958,ok
real_vs_real,original,955000,956000,3262,0.27065470138301156,0.07325396738072715,ok
real_vs_real,original,956000,957000,3350,0.26921025472950794,0.07247416125152656,ok
real_vs_real,original,957000,958000,3272,0.2664854639583574,0.07101450250110102,ok
real_vs_real,original,958000,959000,3015,0.2761402684323151,0.07625344784987105,ok
real_vs_real,original,959000,960000,2906,0.27121031451795896,0.07355503470093021,ok
real_vs_real,original,960000,961000,2710,0.27392716583634064,0.07503609218313008,ok
real_vs_real,original,961000,962000,2535,0.27724228407167073,0.07686328407727697,ok
real_vs_real,original,962000,963000,2449,0.27740144343609113,0.07695156082042688,ok
real_vs_real,original,963000,964000,2472,0.28084598948430584,0.07887446980941883,ok
real_vs_real,original,964000,965000,2509,0.2728021452142215,0.07442101043348122,ok
real_vs_real,original,965000,966000,2553,0.27527674974202093,0.07577728894853122,ok
real_vs_real,original,966000,967000,2588,0.2810619575994933,0.07899582400965939,ok
real_vs_real,original,967000,968000,2510,0.2783372121456866,0.07747160366503293,ok
real_vs_real,original,968000,969000,2503,0.2817179792865466,0.07936501985329511,ok
real_vs_real,original,969000,970000,2459,0.28000643800334557,0.07840360532332141,ok
real_vs_real,original,970000,971000,2468,0.271980558601247,0.07397342425704634,ok
real_vs_real,original,971000,972000,2494,0.2740355620894508,0.07509548928968122,ok
real_vs_real,original,972000,973000,2477,0.27592508725484044,0.0761346537765913,ok
real_vs_real,original,973000,974000,2565,0.27349068919888575,0.07479715707848152,ok
real_vs_real,original,974000,975000,2578,0.2768185038182318,0.07662848405616443,ok
real_vs_real,original,975000,976000,2528,0.2812003935249211,0.07907366131857049,ok
real_vs_real,original,976000,977000,2585,0.27850919650969674,0.07756737254047688,ok
real_vs_real,original,977000,978000,2489,0.2807252094195872,0.07880664320367109,ok
real_vs_real,original,978000,979000,2379,0.27685631682919587,0.07664942016822808,ok
real_vs_real,original,979000,980000,2398,0.27637723566579425,0.07638437639426597,ok
real_vs_real,original,980000,981000,2367,0.27612419054346166,0.07624456860328192,ok
real_vs_real,original,981000,982000,2502,0.2779386624111239,0.07724990006288471,ok
real_vs_real,original,982000,983000,2543,0.27699850331666087,0.07672817083967019,ok
real_vs_real,original,983000,984000,2732,0.2714799638433526,0.07370137076838802,ok
real_vs_real,original,984000,985000,2902,0.2689571851870543,0.07233796746374342,ok
real_vs_real,original,985000,986000,2969,0.2716989435299355,0.0738203159152831,ok
real_vs_real,original,986000,987000,3089,0.265801322688005,0.07065034314269295,ok
real_vs_real,original,987000,988000,3385,0.2638206259445051,0.06960132267375048,ok
real_vs_real,original,988000,989000,3327,0.26032139147678013,0.06776722686040701,ok
real_vs_real,original,989000,990000,3424,0.2580454930910387,0.06658747650459729,ok
real_vs_real,original,990000,991000,3601,0.25186005003690415,0.06343348480459186,ok
real_vs_real,original,991000,992000,3624,0.2514322423750996,0.06321817250577083,ok
real_vs_real,original,992000,993000,3712,0.24749193865487043,0.061252259699146154,ok
real_vs_real,original,993000,994000,3784,0.24105939812641305,0.058109633425068516,ok
real_vs_real,original,994000,995000,3782,0.23765948129027026,0.05648202904716032,ok
real_vs_real,original,995000,996000,3909,0.23150986747225927,0.053596818737023044,ok
real_vs_real,original,996000,997000,3845,0.22726866742167628,0.0516510471916245,ok
real_vs_real,original,997000,998000,3944,0.21965706448057445,0.04824922597622324,ok
real_vs_real,original,998000,999000,3991,0.20867393223355085,0.04354480999381258,ok
real_vs_real,original,999000,1000000,4150,0.20233988887563875,0.04094143063020584,ok
real_vs_real,original,1000000,1001000,4011,0.19608546088522424,0.03844950797057081,ok
real_vs_real,original,1001000,1002000,4109,0.18645489996633055,0.034765429721454334,ok
real_vs_real,original,1002000,1003000,4066,0.17437794583191465,0.03040766799255816,ok
real_vs_real,original,1003000,1004000,4049,0.16336999976161415,0.026689756822109806,ok
real_vs_real,original,1004000,1005000,4150,0.15160230037520883,0.022983257479055046,ok
real_vs_real,original,1005000,1006000,4145,0.13790003838398815,0.019016420586305406,ok
real_vs_real,original,1006000,1007000,4320,0.1214295466375,0.014745134796588788,ok
real_vs_real,original,1007000,1008000,4372,0.10118209866364948,0.010237817089980498,ok
real_vs_real,original,1008000,1009000,4569,0.08167711414956921,0.0066711509758017595,ok
real_vs_real,original,1009000,1010000,4674,0.06036365070633675,0.0036437703265966292,ok
real_vs_real,original,1010000,1011000,4662,0.04062126864004865,0.0016500874659269998,ok
real_vs_real,original,1011000,1012000,4785,0.02255931133029184,0.0005089225276970338,ok
real_vs_real,original,1012000,1013000,4726,0.02671093799188682,0.0007134742084064227,ok
real_vs_real,original,1013000,1014000,4725,0.04581595956053448,0.002099102150452531,ok
real_vs_real,original,1014000,1015000,4793,0.06611564213536793,0.00437127813497204,ok
v2e_vs_real,original,15000,16000,14225,0.10782858002156684,0.011627002669467444,ok
v2e_vs_real,original,16000,17000,9988,0.10427157225717297,0.010872560780982844,ok
v2e_vs_real,original,17000,18000,15447,0.1041029362202192,0.010837421329671026,ok
v2e_vs_real,original,18000,19000,15816,0.10638650900462343,0.011318089298190823,ok
v2e_vs_real,original,19000,20000,16017,0.10982331596690557,0.012061160729966776,ok
v2e_vs_real,original,20000,21000,16354,0.11469487962219913,0.013154915411550748,ok
v2e_vs_real,original,21000,22000,16408,0.120942352006473,0.014627052508857624,ok
v2e_vs_real,original,22000,23000,16697,0.12817570531604183,0.016429011433264792,ok
v2e_vs_real,original,23000,24000,17071,0.1351175012691061,0.01825673914920689,ok
v2e_vs_real,original,24000,25000,11826,0.14104328967474075,0.019893209562272827,ok
v2e_vs_real,original,25000,26000,18166,0.14332188800589635,0.020541163581574692,ok
v2e_vs_real,original,26000,27000,18069,0.14875872176586682,0.022129157301414577,ok
v2e_vs_real,original,27000,28000,18153,0.1525149806117972,0.023260819311016874,ok
v2e_vs_real,original,28000,29000,17933,0.1589227893488776,0.025256452974427725,ok
v2e_vs_real,original,29000,30000,17821,0.16586364797320355,0.027510749718978787,ok
v2e_vs_real,original,30000,31000,17308,0.17176771173953845,0.02950414679623718,ok
v2e_vs_real,original,31000,32000,16542,0.17797575163442927,0.031675368169840054,ok
v2e_vs_real,original,32000,33000,17943,0.174138420926253,0.03032418964268887,ok
v2e_vs_real,original,33000,34000,11990,0.1828346402728209,0.03342850568369182,ok
v2e_vs_real,original,34000,35000,17723,0.18471160779254117,0.03411837805330556,ok
v2e_vs_real,original,35000,36000,16641,0.19115703836923426,0.0365410133180969,ok
v2e_vs_real,original,36000,37000,15823,0.19877952177489341,0.039513298277055325,ok
v2e_vs_real,original,37000,38000,15218,0.20570026963605442,0.042312600928345497,ok
v2e_vs_real,original,38000,39000,14812,0.21401523832324984,0.04580252223455743,ok
v2e_vs_real,original,39000,40000,14500,0.22084082460873472,0.04877066981386593,ok
v2e_vs_real,original,40000,41000,14633,0.22703934904368764,0.051546866014181424,ok
v2e_vs_real,original,41000,42000,9749,0.2376266585906722,0.056466428872967885,ok
v2e_vs_real,original,42000,43000,14733,0.23293375914680395,0.05425813615026127,ok
v2e_vs_real,original,43000,44000,14910,0.23626503188673417,0.05582116529243951,ok
v2e_vs_real,original,44000,45000,14756,0.23835959272549997,0.056815295444266216,ok
v2e_vs_real,original,45000,46000,14927,0.24002947146814488,0.057614147173276974,ok
v2e_vs_real,original,46000,47000,15020,0.24220374505754164,0.05866265411989862,ok
v2e_vs_real,original,47000,48000,15293,0.24389269334778507,0.05948364586843672,ok
v2e_vs_real,original,48000,49000,15703,0.24326644777232453,0.0591785646117651,ok
v2e_vs_real,original,49000,50000,10693,0.24986951955486147,0.0624347768025773,ok
v2e_vs_real,original,50000,51000,16117,0.24275400061522046,0.05892950481469445,ok
v2e_vs_real,original,51000,52000,15965,0.2436847704375077,0.05938226734318082,ok
v2e_vs_real,original,52000,53000,15562,0.2454682270941362,0.06025465051273843,ok
v2e_vs_real,original,53000,54000,15390,0.24731085721118187,0.061162660094529586,ok
v2e_vs_real,original,54000,55000,14918,0.2486391459495618,0.06182142489852749,ok
v2e_vs_real,original,55000,56000,14953,0.2501978452995761,0.06259896179255063,ok
v2e_vs_real,original,56000,57000,14945,0.2498035948980294,0.06240183602397877,ok
v2e_vs_real,original,57000,58000,9946,0.2586867957497481,0.06691885829527192,ok
v2e_vs_real,original,58000,59000,14963,0.2502685066084525,0.06263432540002503,ok
v2e_vs_real,original,59000,60000,14871,0.251404111997081,0.06320402752904085,ok
v2e_vs_real,original,60000,61000,14611,0.2505775328477384,0.06278909996805944,ok
v2e_vs_real,original,61000,62000,14087,0.25191246461102756,0.0634598898264022,ok
v2e_vs_real,original,62000,63000,13479,0.2520004711052072,0.06350423743724637,ok
v2e_vs_real,original,63000,64000,13345,0.25025342940216805,0.06262677892754591,ok
v2e_vs_real,original,64000,65000,12629,0.25174233450626965,0.06337420298266655,ok
v2e_vs_real,original,65000,66000,13330,0.2425809079899988,0.05884549692125226,ok
v2e_vs_real,original,66000,67000,9721,0.2409335230148229,0.05804896251233419,ok
v2e_vs_real,original,67000,68000,14188,0.23391526178843003,0.05471634969754976,ok
v2e_vs_real,original,68000,69000,13274,0.23693893975519914,0.05614006117231789,ok
v2e_vs_real,original,69000,70000,12649,0.24091744889204006,0.05804121718064873,ok
v2e_vs_real,original,70000,71000,12506,0.24347099893188606,0.05927812732089046,ok
v2e_vs_real,original,71000,72000,12465,0.24533458046261472,0.06018905637076718,ok
v2e_vs_real,original,72000,73000,12424,0.24868228568692669,0.061842879214474226,ok
v2e_vs_real,original,73000,74000,12516,0.24841003717696636,0.06170754657026181,ok
v2e_vs_real,original,74000,75000,8384,0.2582650099043519,0.06670081534089499,ok
v2e_vs_real,original,75000,76000,12589,0.2503598862364778,0.06268007263634211,ok
v2e_vs_real,original,76000,77000,12756,0.2513223747870499,0.06316293606860236,ok
v2e_vs_real,original,77000,78000,12721,0.25236020172029894,0.06368567141230996,ok
v2e_vs_real,original,78000,79000,12818,0.2527009306805157,0.0638577603667988,ok
v2e_vs_real,original,79000,80000,12647,0.2529934042230459,0.0640056625803655,ok
v2e_vs_real,original,80000,81000,12880,0.2545093723781464,0.06477502062831798,ok
v2e_vs_real,original,81000,82000,13138,0.25289270965371685,0.06395472259599914,ok
v2e_vs_real,original,82000,83000,9049,0.2607102787111617,0.06796984942565161,ok
v2e_vs_real,original,83000,84000,13497,0.2506531383862517,0.06282699578287745,ok
v2e_vs_real,original,84000,85000,13313,0.2496556876971817,0.06232796239955272,ok
v2e_vs_real,original,85000,86000,13272,0.2503504581009023,0.06267535187133164,ok
v2e_vs_real,original,86000,87000,13129,0.25156994259571386,0.06328743601761076,ok
v2e_vs_real,original,87000,88000,13070,0.2513129509800508,0.06315819933030141,ok
v2e_vs_real,original,88000,89000,13176,0.25164910193016693,0.06332727050225956,ok
v2e_vs_real,original,89000,90000,13222,0.2526989853243583,0.06385677718396027,ok
v2e_vs_real,original,90000,91000,13239,0.2536749168100093,0.06435096341856514,ok
v2e_vs_real,original,91000,92000,8996,0.26113939202504743,0.06819378206721141,ok
v2e_vs_real,original,92000,93000,13304,0.2532256841646224,0.06412324712064107,ok
v2e_vs_real,original,93000,94000,12912,0.2533713722103504,0.06419705225575591,ok
v2e_vs_real,original,94000,95000,12762,0.25343427051315387,0.06422892947053446,ok
v2e_vs_real,original,95000,96000,12283,0.25319399792822567,0.06410720058687834,ok
v2e_vs_real,original,96000,97000,11965,0.25276758091137674,0.06389144995978938,ok
v2e_vs_real,original,97000,98000,11464,0.25266469378369777,0.06383944748480976,ok
v2e_vs_real,original,98000,99000,11236,0.25019054751968345,0.06259531006819898,ok
v2e_vs_real,original,99000,100000,7943,0.25144939175299996,0.06322679661295365,ok
v2e_vs_real,original,100000,101000,11930,0.2437855475695958,0.059431393203807664,ok
v2e_vs_real,original,101000,102000,11920,0.24657891536816232,0.060801161504139355,ok
v2e_vs_real,original,102000,103000,11268,0.2502007866488661,0.06260043363971139,ok
v2e_vs_real,original,103000,104000,10961,0.25270777081047496,0.06386121742799954,ok
v2e_vs_real,original,104000,105000,10990,0.25311987289349624,0.0640696700536197,ok
v2e_vs_real,original,105000,106000,10889,0.254119192922953,0.06457656421181299,ok
v2e_vs_real,original,106000,107000,10745,0.25454613796751796,0.06479373635417868,ok
v2e_vs_real,original,107000,108000,7106,0.26525055923656915,0.07035785917531269,ok
v2e_vs_real,original,108000,109000,10648,0.25718319440530807,0.06614319548451848,ok
v2e_vs_real,original,109000,110000,10651,0.2582402681939347,0.06668803611687531,ok
v2e_vs_real,original,110000,111000,10691,0.25905055345817185,0.06710718924698514,ok
v2e_vs_real,original,111000,112000,10668,0.26070703660469824,0.06796815893520347,ok
v2e_vs_real,original,112000,113000,10664,0.26080273728289377,0.0680180677742501,ok
v2e_vs_real,original,113000,114000,10689,0.2611834694060637,0.06821680469098822,ok
v2e_vs_real,original,114000,115000,10618,0.2609614766650637,0.06810089230321058,ok
v2e_vs_real,original,115000,116000,11168,0.254807243825291,0.0649267315058413,ok
v2e_vs_real,original,116000,117000,7561,0.2637746555936744,0.06957706893356154,ok
v2e_vs_real,original,117000,118000,11289,0.2533073067732833,0.06416459166473425,ok
v2e_vs_real,original,118000,119000,11078,0.25525307482494475,0.06515413220758884,ok
v2e_vs_real,original,119000,120000,10586,0.2573747158251023,0.06624174434605216,ok
v2e_vs_real,original,120000,121000,10328,0.25989976797244174,0.06754788939212907,ok
v2e_vs_real,original,121000,122000,10054,0.2605362393813288,0.06787913203096506,ok
v2e_vs_real,original,122000,123000,9998,0.2605500276282271,0.06788631689706989,ok
v2e_vs_real,original,123000,124000,9891,0.2603535497110485,0.0677839708471434,ok
v2e_vs_real,original,124000,125000,6577,0.26871544226004224,0.07220798890901009,ok
v2e_vs_real,original,125000,126000,9781,0.2613107893282035,0.06828332861932876,ok
v2e_vs_real,original,126000,127000,9705,0.2635709771639532,0.06946966000316115,ok
v2e_vs_real,original,127000,128000,9498,0.2650758371867664,0.07026519946026509,ok
v2e_vs_real,original,128000,129000,9374,0.26293600256243016,0.06913534144351029,ok
v2e_vs_real,original,129000,130000,9433,0.2605377996228979,0.0678799450323413,ok
v2e_vs_real,original,130000,131000,9342,0.2587804279761592,0.06696730990352412,ok
v2e_vs_real,original,131000,132000,9088,0.25786310383822203,0.06649338032108167,ok
v2e_vs_real,original,132000,133000,8570,0.2515342443337892,0.06326947607257036,ok
v2e_vs_real,original,133000,134000,9464,0.2478123327400848,0.061410952258082505,ok
v2e_vs_real,original,134000,135000,6460,0.25481203607974334,0.06492917373110442,ok
v2e_vs_real,original,135000,136000,8064,0.2536394770646942,0.06433298432565154,ok
v2e_vs_real,original,136000,137000,7937,0.2564331568845661,0.06575796394978448,ok
v2e_vs_real,original,137000,138000,7993,0.2564749397839326,0.06577939473717184,ok
v2e_vs_real,original,138000,139000,6305,0.2638125119424158,0.06959704145736727,ok
v2e_vs_real,original,139000,140000,8726,0.2576307195216524,0.06637358764124432,ok
v2e_vs_real,original,140000,141000,9260,0.26018144733678267,0.06769438553826301,ok
v2e_vs_real,original,141000,142000,9721,0.26214549492517847,0.06872026050956678,ok
v2e_vs_real,original,142000,143000,10143,0.2630678354862905,0.06920468606744198,ok
v2e_vs_real,original,143000,144000,7781,0.27347670764332427,0.07478950962343227,ok
v2e_vs_real,original,144000,145000,10227,0.2656761917059666,0.07058383883938553,ok
v2e_vs_real,original,145000,146000,10385,0.26348719346445104,0.06942550111977305,ok
v2e_vs_real,original,146000,147000,10451,0.2611415052360815,0.06819488575696638,ok
v2e_vs_real,original,147000,148000,10341,0.259036141544171,0.06709972262609179,ok
v2e_vs_real,original,148000,149000,7927,0.25979505248908386,0.06749346929780585,ok
v2e_vs_real,original,149000,150000,10424,0.25023230122305434,0.0626162045753854,ok
v2e_vs_real,original,150000,151000,10428,0.24722728915818992,0.061121332504507256,ok
v2e_vs_real,original,151000,152000,10495,0.24376990937945292,0.05942376871886669,ok
v2e_vs_real,original,152000,153000,7849,0.24738570692479092,0.06119968799067854,ok
v2e_vs_real,original,153000,154000,10211,0.24014369382404974,0.057668993683458944,ok
v2e_vs_real,original,154000,155000,10182,0.2411759143413423,0.05816582165838249,ok
v2e_vs_real,original,155000,156000,10027,0.23991132657142236,0.05755744461725967,ok
v2e_vs_real,original,156000,157000,7474,0.2465421517190223,0.060783032574245416,ok
v2e_vs_real,original,157000,158000,10134,0.2368203989671052,0.056083901366938874,ok
v2e_vs_real,original,158000,159000,10004,0.235301202625162,0.055366655956847546,ok
v2e_vs_real,original,159000,160000,9776,0.23310892197644797,0.05433976950502171,ok
v2e_vs_real,original,160000,161000,9793,0.22992017043153967,0.052863284771268254,ok
v2e_vs_real,original,161000,162000,7460,0.2321347295352194,0.05388653265638947,ok
v2e_vs_real,original,162000,163000,9898,0.22265602995110792,0.04957570767358867,ok
v2e_vs_real,original,163000,164000,9889,0.22004693465497902,0.0484206534510526,ok
v2e_vs_real,original,164000,165000,9783,0.2182631512041574,0.04763880317356888,ok
v2e_vs_real,original,165000,166000,10415,0.2095712835490442,0.04392012288839388,ok
v2e_vs_real,original,166000,167000,8465,0.200243151475818,0.0400973197129674,ok
v2e_vs_real,original,167000,168000,11125,0.18449287890722119,0.03403762236747458,ok
v2e_vs_real,original,168000,169000,11002,0.17451574004609066,0.030455743523834688,ok
v2e_vs_real,original,169000,170000,10905,0.16767375736514434,0.028114488908945294,ok
v2e_vs_real,original,170000,171000,8339,0.16444781561182145,0.02704308405949963,ok
v2e_vs_real,original,171000,172000,11341,0.15495707913381124,0.024011696373682237,ok
v2e_vs_real,original,172000,173000,11339,0.14832868506413516,0.022001398812855393,ok
v2e_vs_real,original,173000,174000,11772,0.14070990232446048,0.01979927661215921,ok
v2e_vs_real,original,174000,175000,11942,0.13684548404097976,0.01872668650241005,ok
v2e_vs_real,original,175000,176000,9226,0.13524268492758154,0.01829058382642109,ok
v2e_vs_real,original,176000,177000,12809,0.1275109159863551,0.016259033695679312,ok
v2e_vs_real,original,177000,178000,13210,0.12303558673485598,0.015137755603190271,ok
v2e_vs_real,original,178000,179000,13528,0.11947066394281959,0.014273239542938132,ok
v2e_vs_real,original,179000,180000,10338,0.12340847136389616,0.015229650804373579,ok
v2e_vs_real,original,180000,181000,13861,0.12082543830197146,0.01459878654086351,ok
v2e_vs_real,original,181000,182000,14070,0.12096827578881762,0.01463332374731944,ok
v2e_vs_real,original,182000,183000,14407,0.12091052656792321,0.014619355434932466,ok
v2e_vs_real,original,183000,184000,14244,0.1268056053109008,0.01607966153826395,ok
v2e_vs_real,original,184000,185000,10582,0.13214456487802634,0.01746218602680291,ok
v2e_vs_real,original,185000,186000,14134,0.13252885076478166,0.01756389628503377,ok
v2e_vs_real,original,186000,187000,14086,0.13646393082902605,0.01862240441730921,ok
v2e_vs_real,original,187000,188000,14091,0.14388251078796782,0.020702176910649676,ok
v2e_vs_real,original,188000,189000,10559,0.1539739673027353,0.023707982606943796,ok
v2e_vs_real,original,189000,190000,14065,0.15586152989868823,0.024292816502359683,ok
v2e_vs_real,original,190000,191000,13794,0.16266536247262003,0.026460020148348862,ok
v2e_vs_real,original,191000,192000,13476,0.171911833037368,0.029553678338267893,ok
v2e_vs_real,original,192000,193000,13513,0.17880680144536606,0.03197187224312256,ok
v2e_vs_real,original,193000,194000,10072,0.18874453060749627,0.035624497834244095,ok
v2e_vs_real,original,194000,195000,13448,0.1893587138825726,0.035856722523262,ok
v2e_vs_real,original,195000,196000,13310,0.19543898360411358,0.038196396312208974,ok
v2e_vs_real,original,196000,197000,13041,0.20183309983685005,0.04073660018975188,ok
v2e_vs_real,original,197000,198000,9609,0.21250239094983445,0.045157266159396275,ok
v2e_vs_real,original,198000,199000,12536,0.21233895573069436,0.04508783212080178,ok
v2e_vs_real,original,199000,200000,13134,0.20548449016155793,0.0422238756969554,ok
v2e_vs_real,original,200000,201000,12689,0.2135591810566766,0.04560752381359838,ok
v2e_vs_real,original,201000,202000,12294,0.220782996444773,0.04874513151913265,ok
v2e_vs_real,original,202000,203000,9100,0.23118675432273628,0.053447315374281226,ok
v2e_vs_real,original,203000,204000,12006,0.23079752954398305,0.053267499643605734,ok
v2e_vs_real,original,204000,205000,11942,0.2360238272124561,0.05570724701201533,ok
v2e_vs_real,original,205000,206000,12143,0.24145707190355553,0.05830151757223878,ok
v2e_vs_real,original,206000,207000,12380,0.2439154140612152,0.05949472921665405,ok
v2e_vs_real,original,207000,208000,9315,0.2552861770930624,0.06517103221479041,ok
v2e_vs_real,original,208000,209000,12809,0.24887893016702214,0.06194072188108148,ok
v2e_vs_real,original,209000,210000,12953,0.25148380701837775,0.06324410519245666,ok
v2e_vs_real,original,210000,211000,13269,0.25101252638259397,0.06300728840097244,ok
v2e_vs_real,original,211000,212000,10063,0.26029161404478,0.06775172434203673,ok
v2e_vs_real,original,212000,213000,13557,0.2536380961471592,0.06433228381715557,ok
v2e_vs_real,original,213000,214000,13773,0.2541761982508973,0.06460553975727946,ok
v2e_vs_real,original,214000,215000,13911,0.25299833527423377,0.06400815765153359,ok
v2e_vs_real,original,215000,216000,14113,0.2523401533475694,0.06367555299147483,ok
v2e_vs_real,original,216000,217000,10718,0.25888106354093054,0.06701940506008332,ok
v2e_vs_real,original,217000,218000,14206,0.25193862275647755,0.0634730696364307,ok
v2e_vs_real,original,218000,219000,14433,0.25098459702375925,0.06299326794317883,ok
v2e_vs_real,original,219000,220000,14360,0.251363144900867,0.06318343061445424,ok
v2e_vs_real,original,220000,221000,10712,0.2581414061360047,0.06663698556187375,ok
v2e_vs_real,original,221000,222000,14471,0.25149893721315586,0.0632517154193469,ok
v2e_vs_real,original,222000,223000,14381,0.2505437671137136,0.06277217923953077,ok
v2e_vs_real,original,223000,224000,13968,0.2515831742033549,0.06329409354223563,ok
v2e_vs_real,original,224000,225000,13854,0.25088963147505994,0.06294560718169138,ok
v2e_vs_real,original,225000,226000,10365,0.2575207324142538,0.06631692762317369,ok
v2e_vs_real,original,226000,227000,13688,0.25024167925707147,0.06262089803739902,ok
v2e_vs_real,original,227000,228000,13308,0.2517665372522876,0.06338638928000752,ok
v2e_vs_real,original,228000,229000,12904,0.2523154558856448,0.06366308927878075,ok
v2e_vs_real,original,229000,230000,9510,0.2583903293857786,0.06676556232009116,ok
v2e_vs_real,original,230000,231000,12440,0.252672857339939,0.06384357283632917,ok
v2e_vs_real,original,231000,232000,12279,0.25235069557389495,0.06368087355662859,ok
v2e_vs_real,original,232000,233000,12481,0.24553854497069758,0.060289177066327276,ok
v2e_vs_real,original,233000,234000,11978,0.24429683766317697,0.059680944892228645,ok
v2e_vs_real,original,234000,235000,8634,0.2530858286906595,0.06405243668403784,ok
v2e_vs_real,original,235000,236000,11179,0.24765542646004196,0.06133321025510525,ok
v2e_vs_real,original,236000,237000,10869,0.2511349095068006,0.06306874277298895,ok
v2e_vs_real,original,237000,238000,11192,0.2524341534153808,0.06372300181054,ok
v2e_vs_real,original,238000,239000,8504,0.2602882932616251,0.06774999560904975,ok
v2e_vs_real,original,239000,240000,11589,0.25626821713025494,0.0656733991111195,ok
v2e_vs_real,original,240000,241000,12206,0.2561627334630399,0.06561934601525643,ok
v2e_vs_real,original,241000,242000,12253,0.2585246473339887,0.06683499327916323,ok
v2e_vs_real,original,242000,243000,12602,0.2569477762431161,0.06602215971628246,ok
v2e_vs_real,original,243000,244000,9468,0.26377201840532083,0.0695756776936169,ok
v2e_vs_real,original,244000,245000,12773,0.2565866979251583,0.06583673355213644,ok
v2e_vs_real,original,245000,246000,13196,0.25510212510881086,0.06507709423503139,ok
v2e_vs_real,original,246000,247000,13588,0.2550201805756805,0.06503529250085267,ok
v2e_vs_real,original,247000,248000,10267,0.26211374191508147,0.06870361370072593,ok
v2e_vs_real,original,248000,249000,13916,0.25473645130052525,0.06489065962118487,ok
v2e_vs_real,original,249000,250000,14023,0.25431093376640157,0.0646740510331391,ok
v2e_vs_real,original,250000,251000,13996,0.25451315103951244,0.06477694405206168,ok
v2e_vs_real,original,251000,252000,13953,0.25467138991448135,0.0648575168409738,ok
v2e_vs_real,original,252000,253000,10475,0.26102073468749537,0.06813182393679985,ok
v2e_vs_real,original,253000,254000,13867,0.2541738695892491,0.0646043559819726,ok
v2e_vs_real,original,254000,255000,13998,0.2528745656505166,0.06394554595293742,ok
v2e_vs_real,original,255000,256000,13824,0.25289731083507344,0.06395704982761176,ok
v2e_vs_real,original,256000,257000,14017,0.2533669519611111,0.06419481234606399,ok
v2e_vs_real,original,257000,258000,10604,0.2596135657267164,0.06739920350934009,ok
v2e_vs_real,original,258000,259000,14133,0.2525074903383479,0.06376003267697085,ok
v2e_vs_real,original,259000,260000,13925,0.2528617101709163,0.06393904447056048,ok
v2e_vs_real,original,260000,261000,13452,0.2542696290199214,0.06465304424192846,ok
v2e_vs_real,original,261000,262000,10001,0.2590760183718562,0.06712038329541435,ok
v2e_vs_real,original,262000,263000,12776,0.25319985281009083,0.06411016546305166,ok
v2e_vs_real,original,263000,264000,12169,0.2541919072103374,0.06461352569122879,ok
v2e_vs_real,original,264000,265000,11925,0.25223159810581147,0.0636207790830116,ok
v2e_vs_real,original,265000,266000,12388,0.24557001026214412,0.06030462994014957,ok
v2e_vs_real,original,266000,267000,9641,0.24582236873801347,0.06042863697196787,ok
v2e_vs_real,original,267000,268000,9117,0.24661823166027022,0.06082055218723871,ok
v2e_vs_real,original,268000,269000,11578,0.24174139492950292,0.058438902022461894,ok
v2e_vs_real,original,269000,270000,8663,0.25085814351510016,0.06292980816784259,ok
v2e_vs_real,original,270000,271000,8570,0.25171859482136105,0.06336225097884055,ok
v2e_vs_real,original,271000,272000,11725,0.24666103988285212,0.060841668596089964,ok
v2e_vs_real,original,272000,273000,8839,0.25659394625775034,0.06584045325612527,ok
v2e_vs_real,original,273000,274000,12186,0.24942909242852193,0.06221487214971614,ok
v2e_vs_real,original,274000,275000,9194,0.2563124136191405,0.06569605337526936,ok
v2e_vs_real,original,275000,276000,9351,0.259184438562149,0.06717657319277641,ok
v2e_vs_real,original,276000,277000,12387,0.2517421207094059,0.06337409533926908,ok
v2e_vs_real,original,277000,278000,9142,0.26141279611956764,0.06833664997505065,ok
v2e_vs_real,original,278000,279000,11863,0.25572103285484427,0.06539324664434834,ok
v2e_vs_real,original,279000,280000,8808,0.264487135786355,0.0699534449964698,ok
v2e_vs_real,original,280000,281000,9008,0.2629124588172577,0.06912296100133625,ok
v2e_vs_real,original,281000,282000,11762,0.25749164759526144,0.06630194858132231,ok
v2e_vs_real,original,282000,283000,9208,0.2633011891394909,0.06932751620226996,ok
v2e_vs_real,original,283000,284000,12529,0.25760976315142525,0.06636279007093342,ok
v2e_vs_real,original,284000,285000,9320,0.2689749477398034,0.07234752251162997,ok
v2e_vs_real,original,285000,286000,9288,0.26929232512850804,0.07251835637311807,ok
v2e_vs_real,original,286000,287000,12283,0.26339098622385,0.06937481162397234,ok
v2e_vs_real,original,287000,288000,9165,0.27322062040186107,0.07464950741277787,ok
v2e_vs_real,original,288000,289000,12245,0.26601610113685076,0.07076456606405122,ok
v2e_vs_real,original,289000,290000,9186,0.27899937615520887,0.07784065189499574,ok
v2e_vs_real,original,290000,291000,9100,0.2832359021278513,0.08022257625417778,ok
v2e_vs_real,original,291000,292000,12159,0.2743450514858216,0.0752652072747581,ok
v2e_vs_real,original,292000,293000,8975,0.2853674957852255,0.08143460765073071,ok
v2e_vs_real,original,293000,294000,8981,0.2841200333106107,0.08072419332842252,ok
v2e_vs_real,original,294000,295000,11598,0.2725599263536339,0.07428891345389835,ok
v2e_vs_real,original,295000,296000,8406,0.2780843542795491,0.07733090809507376,ok
v2e_vs_real,original,296000,297000,11170,0.26521206072092796,0.07033743715184118,ok
v2e_vs_real,original,297000,298000,8182,0.27251668363096293,0.07426534285721834,ok
v2e_vs_real,original,298000,299000,7864,0.2688673271991773,0.07228963963522946,ok
v2e_vs_real,original,299000,300000,11779,0.24935700590886806,0.062178916395835254,ok
v2e_vs_real,original,300000,301000,8196,0.2577161538602676,0.06641761596052911,ok
v2e_vs_real,original,301000,302000,10746,0.24649058635719104,0.060757609162711855,ok
v2e_vs_real,original,302000,303000,8043,0.2501113283756349,0.06255567658182466,ok
v2e_vs_real,original,303000,304000,7970,0.25061662145966784,0.06280869095185844,ok
v2e_vs_real,original,304000,305000,10335,0.2463952338857592,0.060710611281617984,ok
v2e_vs_real,original,305000,306000,7774,0.2530562055521251,0.0640374431684394,ok
v2e_vs_real,original,306000,307000,10308,0.2468752887713483,0.06094740820593661,ok
v2e_vs_real,original,307000,308000,7625,0.2555236069918536,0.06529231373012725,ok
v2e_vs_real,original,308000,309000,7482,0.2579182103663252,0.06652180323856798,ok
v2e_vs_real,original,309000,310000,10130,0.2490974382186732,0.06204953372710571,ok
v2e_vs_real,original,310000,311000,7611,0.2575825892600818,0.06634879028992802,ok
v2e_vs_real,original,311000,312000,7537,0.2593559542244069,0.06726551099165264,ok
v2e_vs_real,original,312000,313000,9887,0.25169169742412273,0.06334871055223613,ok
v2e_vs_real,original,313000,314000,7464,0.2590804593243092,0.06712268440369501,ok
v2e_vs_real,original,314000,315000,9918,0.25205066500542483,0.0635295377296769,ok
v2e_vs_real,original,315000,316000,7609,0.25852966919806303,0.06683758985565989,ok
v2e_vs_real,original,316000,317000,7777,0.25568020905468486,0.06537236930224735,ok
v2e_vs_real,original,317000,318000,10351,0.24984647313187733,0.0624232601364379,ok
v2e_vs_real,original,318000,319000,7851,0.2586404852907739,0.06689490063144703,ok
v2e_vs_real,original,319000,320000,10244,0.25073298621586787,0.06286703037672658,ok
v2e_vs_real,original,320000,321000,7727,0.2579668313057407,0.06654688605392448,ok
v2e_vs_real,original,321000,322000,7716,0.2589225638598334,0.06704089407574952,ok
v2e_vs_real,original,322000,323000,10345,0.24642926914056498,0.06072738468915301,ok
v2e_vs_real,original,323000,324000,7695,0.2541771150339628,0.06460600580698835,ok
v2e_vs_real,original,324000,325000,7568,0.2525977199221756,0.06380560810988187,ok
v2e_vs_real,original,325000,326000,10405,0.23900133699988166,0.057121639087731005,ok
v2e_vs_real,original,326000,327000,7741,0.24375951823719919,0.05941870273123145,ok
v2e_vs_real,original,327000,328000,10258,0.23315598189030645,0.05436171189123291,ok
v2e_vs_real,original,328000,329000,7750,0.237080047154152,0.05620694875861494,ok
v2e_vs_real,original,329000,330000,7868,0.2318258890723494,0.05374324284418526,ok
v2e_vs_real,original,330000,331000,10439,0.21879766510229268,0.047872418254215024,ok
v2e_vs_real,original,331000,332000,7722,0.2204857425154047,0.04861396265256934,ok
v2e_vs_real,original,332000,333000,10798,0.20267432678806943,0.04107688273899716,ok
v2e_vs_real,original,333000,334000,8199,0.19551983076264778,0.038228004221454434,ok
v2e_vs_real,original,334000,335000,8391,0.18473023977274636,0.03412526148649636,ok
v2e_vs_real,original,335000,336000,11362,0.16980165918725074,0.028832603462743252,ok
v2e_vs_real,original,336000,337000,8616,0.1656057888937424,0.02742527731511877,ok
v2e_vs_real,original,337000,338000,11747,0.15335421929609658,0.023517516575915283,ok
v2e_vs_real,original,338000,339000,8880,0.1499245290889165,0.022477364422533376,ok
v2e_vs_real,original,339000,340000,9063,0.14390375942894967,0.020708291977785023,ok
v2e_vs_real,original,340000,341000,12044,0.13142345579078848,0.017272124731993334,ok
v2e_vs_real,original,341000,342000,8986,0.12597626680078255,0.01587001979706195,ok
v2e_vs_real,original,342000,343000,12461,0.11505574629156685,0.013237824754709401,ok
v2e_vs_real,original,343000,344000,9711,0.11211889934403761,0.012570647590118438,ok
v2e_vs_real,original,344000,345000,9998,0.1038281454047511,0.010780283778190139,ok
v2e_vs_real,original,345000,346000,13915,0.09612138895786661,0.009239321415189482,ok
v2e_vs_real,original,346000,347000,10758,0.09832109933832668,0.009667038575097105,ok
v2e_vs_real,original,347000,348000,10951,0.10169652802462077,0.010342183812262477,ok
v2e_vs_real,original,348000,349000,15173,0.10160356170907221,0.010323283751969246,ok
v2e_vs_real,original,349000,350000,12068,0.10797042875832737,0.011657613486257046,ok
v2e_vs_real,original,350000,351000,16355,0.11279115809261682,0.012721845343873682,ok
v2e_vs_real,original,351000,352000,12655,0.12234656597813831,0.01496868220664295,ok
v2e_vs_real,original,352000,353000,12766,0.13245059529324524,0.017543160193535037,ok
v2e_vs_real,original,353000,354000,17315,0.13563001924043802,0.01839550211916159,ok
v2e_vs_real,original,354000,355000,13003,0.1468474597995169,0.02156417644957074,ok
v2e_vs_real,original,355000,356000,17570,0.14979179725001873,0.022437582523390717,ok
v2e_vs_real,original,356000,357000,13126,0.16106848984978547,0.025943058422490443,ok
v2e_vs_real,original,357000,358000,13252,0.1659344384954122,0.027534237878787733,ok
v2e_vs_real,original,358000,359000,17951,0.1664322386434742,0.027699690059878344,ok
v2e_vs_real,original,359000,360000,13333,0.17729706030447248,0.03143424759260775,ok
v2e_vs_real,original,360000,361000,17679,0.17636554874086904,0.031104806782667856,ok
v2e_vs_real,original,361000,362000,13172,0.1874147506261078,0.03512428875224617,ok
v2e_vs_real,original,362000,363000,13127,0.19034472197913083,0.03623111318531261,ok
v2e_vs_real,original,363000,364000,17279,0.18943962754376584,0.035887372483920724,ok
v2e_vs_real,original,364000,365000,12566,0.19808351672623958,0.039237079598634435,ok
v2e_vs_real,original,365000,366000,16755,0.19184559953778763,0.03680473406201318,ok
v2e_vs_real,original,366000,367000,12321,0.1967005380136654,0.03869110165486543,ok
v2e_vs_real,original,367000,368000,11906,0.20093238956359524,0.0403738251757364,ok
v2e_vs_real,original,368000,369000,15404,0.2028530252848853,0.04114934986723032,ok
v2e_vs_real,original,369000,370000,11365,0.21573810766301152,0.04654293109801715,ok
v2e_vs_real,original,370000,371000,11060,0.22139296131250247,0.04901484331871922,ok
v2e_vs_real,original,371000,372000,14691,0.2234807071767218,0.04994362648020768,ok
v2e_vs_real,original,372000,373000,11036,0.2359216443881263,0.05565902229079753,ok
v2e_vs_real,original,373000,374000,14953,0.232674399125316,0.054137376008326854,ok
v2e_vs_real,original,374000,375000,11487,0.24393649563650957,0.05950501390342085,ok
v2e_vs_real,original,375000,376000,11917,0.24629219221061383,0.06065984394390995,ok
v2e_vs_real,original,376000,377000,16157,0.24123909208044153,0.058196299547795746,ok
v2e_vs_real,original,377000,378000,12115,0.24984167907144242,0.06242086460123762,ok
v2e_vs_real,original,378000,379000,16338,0.24405216708320734,0.059561460258009756,ok
v2e_vs_real,original,379000,380000,12357,0.2524282641076825,0.0637200285204179,ok
v2e_vs_real,original,380000,381000,12445,0.25287133643308024,0.06394391278945206,ok
v2e_vs_real,original,381000,382000,16930,0.2449398048771612,0.05999550801326179,ok
v2e_vs_real,original,382000,383000,13344,0.24827076886169247,0.06163837467117593,ok
v2e_vs_real,original,383000,384000,17616,0.24298617309605358,0.05904228031586531,ok
v2e_vs_real,original,384000,385000,13119,0.25059592075907033,0.06279831550108625,ok
v2e_vs_real,original,385000,386000,12946,0.2524373938711953,0.063724637824481,ok
v2e_vs_real,original,386000,387000,16747,0.24632594803079433,0.06067647267326959,ok
v2e_vs_real,original,387000,388000,12565,0.25294080616950915,0.0639790514256812,ok
v2e_vs_real,original,388000,389000,12431,0.254051592805528,0.06454221180702582,ok
v2e_vs_real,original,389000,390000,16452,0.24756618701622424,0.06128901695375212,ok
v2e_vs_real,original,390000,391000,12239,0.2550015454305631,0.06502578817197553,ok
v2e_vs_real,original,391000,392000,16473,0.2495182982573469,0.062259381165242315,ok
v2e_vs_real,original,392000,393000,12346,0.2571568836370471,0.06612966280191777,ok
v2e_vs_real,original,393000,394000,12189,0.25687166198672695,0.06598305073182331,ok
v2e_vs_real,original,394000,395000,15939,0.2497376490139918,0.062368893335035765,ok
v2e_vs_real,original,395000,396000,11534,0.2572213996294017,0.06616284842730838,ok
v2e_vs_real,original,396000,397000,14940,0.24928400247159463,0.062142513888258,ok
v2e_vs_real,original,397000,398000,10819,0.2560270658354703,0.06554985844032024,ok
v2e_vs_real,original,398000,399000,10382,0.2557548255992225,0.06541053081728872,ok
v2e_vs_real,original,399000,400000,13441,0.24037360218258194,0.05777946862623016,ok
v2e_vs_real,original,400000,401000,12208,0.2421188552940318,0.05862154008889231,ok
v2e_vs_real,original,401000,402000,11534,0.24387956262905594,0.05947724106813961,ok
v2e_vs_real,original,402000,403000,11373,0.24554209923496262,0.06029092249671223,ok
v2e_vs_real,original,403000,404000,8806,0.2509193501711845,0.0629605202903295,ok
v2e_vs_real,original,404000,405000,11927,0.24710668021598203,0.061061711407363606,ok
v2e_vs_real,original,405000,406000,12302,0.24799182112674176,0.06149994334575788,ok
v2e_vs_real,original,406000,407000,12487,0.2495687897866676,0.06228458083558188,ok
v2e_vs_real,original,407000,408000,12700,0.2505724614347869,0.06278655842948776,ok
v2e_vs_real,original,408000,409000,12815,0.25306901590208686,0.06404392680965068,ok
v2e_vs_real,original,409000,410000,9708,0.2617131577672098,0.06849377694848445,ok
v2e_vs_real,original,410000,411000,12839,0.2558384069094022,0.06545329044994085,ok
v2e_vs_real,original,411000,412000,12844,0.2568959428396623,0.06599552544747903,ok
v2e_vs_real,original,412000,413000,12896,0.25745308890276764,0.06628209298557639,ok
v2e_vs_real,original,413000,414000,12935,0.25732051178877174,0.06621384578723542,ok
v2e_vs_real,original,414000,415000,12984,0.2569911485472414,0.06604445043163032,ok
v2e_vs_real,original,415000,416000,13291,0.2534668372593261,0.0642454375902457,ok
v2e_vs_real,original,416000,417000,10189,0.25885721624785657,0.06700705840358957,ok
v2e_vs_real,original,417000,418000,13170,0.25371521263538166,0.06437140912261692,ok
v2e_vs_real,original,418000,419000,13096,0.2522123593738013,0.06361107422089951,ok
v2e_vs_real,original,419000,420000,13015,0.2520659286926298,0.06353723240767792,ok
v2e_vs_real,original,420000,421000,13066,0.25242857974250554,0.06372018787081848,ok
v2e_vs_real,original,421000,422000,13075,0.2523089166058943,0.06365978939884012,ok
v2e_vs_real,original,422000,423000,9749,0.2606970699211652,0.06796296226548089,ok
v2e_vs_real,original,423000,424000,13048,0.25485876348921377,0.06495298932725099,ok
v2e_vs_real,original,424000,425000,13275,0.25533843278948315,0.0651977152593894,ok
v2e_vs_real,original,425000,426000,13177,0.25581516702302304,0.06544139967901719,ok
v2e_vs_real,original,426000,427000,12911,0.25609590946316785,0.06558511484376707,ok
v2e_vs_real,original,427000,428000,12549,0.2554966372655347,0.0652785316539962,ok
v2e_vs_real,original,428000,429000,9099,0.2616379476249335,0.06845441563738743,ok
v2e_vs_real,original,429000,430000,11819,0.25417255701143354,0.06460368873773044,ok
v2e_vs_real,original,430000,431000,10942,0.25386364671839,0.06444675112515953,ok
v2e_vs_real,original,431000,432000,10457,0.2530526176740487,0.06403562731168827,ok
v2e_vs_real,original,432000,433000,10164,0.2483580594024756,0.061681725670163605,ok
v2e_vs_real,original,433000,434000,9979,0.24795876208278828,0.0614835476936288,ok
v2e_vs_real,original,434000,435000,7379,0.2582351101497173,0.0666853721140366,ok
v2e_vs_real,original,435000,436000,9797,0.25563027000241345,0.06534683494150681,ok
v2e_vs_real,original,436000,437000,9630,0.25844461243610384,0.06679361769724793,ok
v2e_vs_real,original,437000,438000,9756,0.259306575507909,0.0672399001016389,ok
v2e_vs_real,original,438000,439000,9837,0.258633012759866,0.066891035289245,ok
v2e_vs_real,original,439000,440000,9856,0.2601617313898932,0.06768412647978693,ok
v2e_vs_real,original,440000,441000,7359,0.26698932327524266,0.07128329874297203,ok
v2e_vs_real,original,441000,442000,10029,0.26127096313250514,0.06826251617618685,ok
v2e_vs_real,original,442000,443000,10000,0.2630582883802317,0.06919966308553714,ok
v2e_vs_real,original,443000,444000,10048,0.26347464769760226,0.06941888997937562,ok
v2e_vs_real,original,444000,445000,9905,0.2642386442012828,0.06982206108933212,ok
v2e_vs_real,original,445000,446000,9881,0.26581816559761556,0.07065929716168136,ok
v2e_vs_real,original,446000,447000,10013,0.26396591478068954,0.06967800416600625,ok
v2e_vs_real,original,447000,448000,7385,0.27242347243168924,0.07421454833173935,ok
v2e_vs_real,original,448000,449000,10099,0.2630547548007286,0.06919780402327144,ok
v2e_vs_real,original,449000,450000,10183,0.26106311493772244,0.06815394998098646,ok
v2e_vs_real,original,450000,451000,10043,0.2604542707682238,0.06783642716140725,ok
v2e_vs_real,original,451000,452000,9942,0.2600993267899734,0.06765165979659737,ok
v2e_vs_real,original,452000,453000,9813,0.26080954714204596,0.06802161988043909,ok
v2e_vs_real,original,453000,454000,7297,0.2695351364436605,0.0726491897777027,ok
v2e_vs_real,original,454000,455000,9410,0.2645547561760454,0.06998921901536684,ok
v2e_vs_real,original,455000,456000,9408,0.26443579331653183,0.06992628878694354,ok
v2e_vs_real,original,456000,457000,9321,0.2637810857786284,0.06958046121455212,ok
v2e_vs_real,original,457000,458000,9122,0.2631025932251361,0.06922297456179145,ok
v2e_vs_real,original,458000,459000,9355,0.2640023145889605,0.06969722210832846,ok
v2e_vs_real,original,459000,460000,6924,0.2734197111946533,0.07475833846976762,ok
v2e_vs_real,original,460000,461000,8925,0.26709427935891056,0.07133935406625574,ok
v2e_vs_real,original,461000,462000,8990,0.2641323170313396,0.06976588090034408,ok
v2e_vs_real,original,462000,463000,8898,0.26330142030515535,0.06932763793471208,ok
v2e_vs_real,original,463000,464000,8983,0.2609273446946619,0.06808307920940691,ok
v2e_vs_real,original,464000,465000,9171,0.2583498007105923,0.06674461952720276,ok
v2e_vs_real,original,465000,466000,9294,0.2537712379936909,0.06439984123285052,ok
v2e_vs_real,original,466000,467000,6546,0.25633404072233346,0.06570714043303891,ok
v2e_vs_real,original,467000,468000,8136,0.2519568562560032,0.06348225741440826,ok
v2e_vs_real,original,468000,469000,7709,0.2562421499996293,0.06566003943643253,ok
v2e_vs_real,original,469000,470000,7738,0.25762311361007517,0.06636966866614971,ok
v2e_vs_real,original,470000,471000,7885,0.2599708182443685,0.0675848263386465,ok
v2e_vs_real,original,471000,472000,8164,0.2615662044246137,0.0684168792970988,ok
v2e_vs_real,original,472000,473000,6439,0.26902839554152463,0.07237627760764702,ok
v2e_vs_real,original,473000,474000,8975,0.26127020568226544,0.06826212037725328,ok
v2e_vs_real,original,474000,475000,9609,0.2613698290986602,0.06831418756306284,ok
v2e_vs_real,original,475000,476000,10162,0.26268041488385896,0.06900100036355628,ok
v2e_vs_real,original,476000,477000,10705,0.2622288332366797,0.06876396098067038,ok
v2e_vs_real,original,477000,478000,10704,0.2619789872945508,0.06863298978387843,ok
v2e_vs_real,original,478000,479000,8156,0.2679278057914786,0.07178530911623629,ok
v2e_vs_real,original,479000,480000,10957,0.2579443617115622,0.06653529373878525,ok
v2e_vs_real,original,480000,481000,10940,0.255612139495079,0.06533756585725173,ok
v2e_vs_real,original,481000,482000,11100,0.2530511072924403,0.06403486290193014,ok
v2e_vs_real,original,482000,483000,10965,0.2512303310571784,0.06311667924309945,ok
v2e_vs_real,original,483000,484000,10942,0.24716872326812547,0.06109237776199519,ok
v2e_vs_real,original,484000,485000,8114,0.24871084452400027,0.06185708418384144,ok
v2e_vs_real,original,485000,486000,10726,0.2390953556464521,0.057166589091703406,ok
v2e_vs_real,original,486000,487000,10540,0.23540745836555052,0.0554166714541284,ok
v2e_vs_real,original,487000,488000,10361,0.23425320350483655,0.05487456335227837,ok
v2e_vs_real,original,488000,489000,10383,0.23307425880475244,0.05432361011738472,ok
v2e_vs_real,original,489000,490000,10233,0.23149836678043828,0.053591493822010325,ok
v2e_vs_real,original,490000,491000,10291,0.22958014300057997,0.05270704206016674,ok
v2e_vs_real,original,491000,492000,7749,0.23234295194970941,0.053983247320704975,ok
v2e_vs_real,original,492000,493000,10193,0.22364063150690777,0.050015132060808515,ok
v2e_vs_real,original,493000,494000,10103,0.22035308365504222,0.048555481476286036,ok
v2e_vs_real,original,494000,495000,10091,0.21642781627392832,0.04684099965710127,ok
v2e_vs_real,original,495000,496000,10167,0.21453364629474886,0.046024685392520415,ok
v2e_vs_real,original,496000,497000,10176,0.21027829639834894,0.04421696193619189,ok
v2e_vs_real,original,497000,498000,7520,0.21463756742873463,0.04606928535172461,ok
v2e_vs_real,original,498000,499000,9854,0.2074392124169133,0.04303102684814927,ok
v2e_vs_real,original,499000,500000,10838,0.19147108549248204,0.03666117657966937,ok
v2e_vs_real,original,500000,501000,10828,0.17661428860456999,0.031192606939298338,ok
v2e_vs_real,original,501000,502000,10856,0.16433682075134626,0.027006590654660108,ok
v2e_vs_real,original,502000,503000,10590,0.15822942189423458,0.025036549952983683,ok
v2e_vs_real,original,503000,504000,8031,0.15203615566386983,0.02311499262904846,ok
v2e_vs_real,original,504000,505000,10980,0.14139833430701543,0.019993488944798493,ok
v2e_vs_real,original,505000,506000,11165,0.1350929046348434,0.018250092882678898,ok
v2e_vs_real,original,506000,507000,11201,0.12925000592637503,0.016705564031967983,ok
v2e_vs_real,original,507000,508000,11490,0.12618204871599162,0.015921909418164883,ok
v2e_vs_real,original,508000,509000,12035,0.12173865803487254,0.014820300860131634,ok
v2e_vs_real,original,509000,510000,9304,0.12442177781994948,0.015480778795876872,ok
v2e_vs_real,original,510000,511000,12674,0.12022601092976375,0.014454293704083673,ok
v2e_vs_real,original,511000,512000,13097,0.11576421816795926,0.013401354208038868,ok
v2e_vs_real,original,512000,513000,13467,0.11712266276782954,0.013717718133826724,ok
v2e_vs_real,original,513000,514000,13659,0.11946037071960942,0.014270780172466517,ok
v2e_vs_real,original,514000,515000,13755,0.1250955871222875,0.01564890591746982,ok
v2e_vs_real,original,515000,516000,13989,0.13193121245000233,0.017405844818527652,ok
v2e_vs_real,original,516000,517000,10458,0.13929689022814334,0.019403623627231414,ok
v2e_vs_real,original,517000,518000,14053,0.1421808498595957,0.020215394066796892,ok
v2e_vs_real,original,518000,519000,14033,0.14584410830009942,0.021270503925851128,ok
v2e_vs_real,original,519000,520000,13956,0.1528350994337191,0.023358567618914798,ok
v2e_vs_real,original,520000,521000,13752,0.16012886569043364,0.025641253627304933,ok
v2e_vs_real,original,521000,522000,13666,0.16691974771720847,0.027862202177976518,ok
v2e_vs_real,original,522000,523000,10358,0.17538023409853348,0.030758226512456403,ok
v2e_vs_real,original,523000,524000,13374,0.17963144063032824,0.03226745446292714,ok
v2e_vs_real,original,524000,525000,13283,0.18617780955151894,0.034662176769401656,ok
v2e_vs_real,original,525000,526000,13203,0.19328198863731633,0.03735792713159568,ok
v2e_vs_real,original,526000,527000,13209,0.1977512884757873,0.03910557209383405,ok
v2e_vs_real,original,527000,528000,13353,0.2023796902627825,0.040957539030859774,ok
v2e_vs_real,original,528000,529000,9759,0.21340463608028767,0.04554153870056002,ok
v2e_vs_real,original,529000,530000,13052,0.21218592327793923,0.04502286603731152,ok
v2e_vs_real,original,530000,531000,12703,0.2177247929048928,0.04740408544547846,ok
v2e_vs_real,original,531000,532000,12451,0.22203003695078688,0.049297337308367786,ok
v2e_vs_real,original,532000,533000,13546,0.21424708105762855,0.04590181174171405,ok
v2e_vs_real,original,533000,534000,10606,0.22014120977366125,0.04846215224061112,ok
v2e_vs_real,original,534000,535000,10231,0.22606667786237922,0.051106142839732735,ok
v2e_vs_real,original,535000,536000,13378,0.2263165627980377,0.05121918659671813,ok
v2e_vs_real,original,536000,537000,10013,0.23538506660934347,0.05540612958268506,ok
v2e_vs_real,original,537000,538000,13221,0.23492355391971784,0.05518907618627057,ok
v2e_vs_real,original,538000,539000,10072,0.2453360801781553,0.06018979223718225,ok
v2e_vs_real,original,539000,540000,10160,0.24924532042725203,0.06212322975488353,ok
v2e_vs_real,original,540000,541000,13735,0.24474771432811998,0.059901443668839024,ok
v2e_vs_real,original,541000,542000,10522,0.2542095063572817,0.06462247312241284,ok
v2e_vs_real,original,542000,543000,14150,0.2480550454934598,0.06153130559476241,ok
v2e_vs_real,original,543000,544000,10761,0.25704246564575134,0.06607082914524727,ok
v2e_vs_real,original,544000,545000,10745,0.2577899085875771,0.06645563696959135,ok
v2e_vs_real,original,545000,546000,14686,0.2506798668394154,0.06284039563862703,ok
v2e_vs_real,original,546000,547000,11066,0.25900340886402273,0.06708276580318412,ok
v2e_vs_real,original,547000,548000,11143,0.25885010810295017,0.067003378464909,ok
v2e_vs_real,original,548000,549000,15142,0.250068140327487,0.06253407480684771,ok
v2e_vs_real,original,549000,550000,11721,0.25661816139873533,0.06585288075966739,ok
v2e_vs_real,original,550000,551000,15672,0.24859044932536345,0.0617972114957861,ok
v2e_vs_real,original,551000,552000,11572,0.2575639760531451,0.06633920176030511,ok
v2e_vs_real,original,552000,553000,11804,0.25675637562374476,0.0659238364234415,ok
v2e_vs_real,original,553000,554000,15433,0.24979490178794878,0.062397492959250976,ok
v2e_vs_real,original,554000,555000,11594,0.25794768054301526,0.06653700589752146,ok
v2e_vs_real,original,555000,556000,15510,0.24975467784257377,0.06237739910424781,ok
v2e_vs_real,original,556000,557000,11439,0.2569696087287197,0.06603337981019129,ok
v2e_vs_real,original,557000,558000,11385,0.25704168723819854,0.06607042897825986,ok
v2e_vs_real,original,558000,559000,14980,0.24936727139122927,0.06218403604110699,ok
v2e_vs_real,original,559000,560000,11063,0.25709425735797165,0.06609745716644695,ok
v2e_vs_real,original,560000,561000,14543,0.24959424801984764,0.062297288644593225,ok
v2e_vs_real,original,561000,562000,10680,0.2579038920729212,0.06651441754636098,ok
v2e_vs_real,original,562000,563000,10553,0.2576267520978615,0.06637154339649298,ok
v2e_vs_real,original,563000,564000,13522,0.25041236211935325,0.0627063511021941,ok
v2e_vs_real,original,564000,565000,10169,0.25761076303443897,0.06636330523118587,ok
v2e_vs_real,original,565000,566000,10109,0.25440988916902874,0.0647243917069975,ok
v2e_vs_real,original,566000,567000,13542,0.24257250101012764,0.058841418246308376,ok
v2e_vs_real,original,567000,568000,9587,0.2505983148349125,0.06279951539809793,ok
v2e_vs_real,original,568000,569000,12360,0.24588775509528246,0.0604607881057976,ok
v2e_vs_real,original,569000,570000,9040,0.25556237090784023,0.06531212542403651,ok
v2e_vs_real,original,570000,571000,9037,0.2569382977737294,0.06601728886286165,ok
v2e_vs_real,original,571000,572000,12229,0.25157955488721306,0.06329227243724826,ok
v2e_vs_real,original,572000,573000,9274,0.26285587298517504,0.06909320996279848,ok
v2e_vs_real,original,573000,574000,12672,0.2551353570423441,0.06509405041312438,ok
v2e_vs_real,original,574000,575000,9815,0.26420783165643985,0.06980577830859766,ok
v2e_vs_real,original,575000,576000,9879,0.26420111311306865,0.06980222817018449,ok
v2e_vs_real,original,576000,577000,13652,0.25431952992052614,0.06467842329899738,ok
v2e_vs_real,original,577000,578000,10339,0.26204830163971043,0.06866931239225667,ok
v2e_vs_real,original,578000,579000,14062,0.25280450195083237,0.06391011620660841,ok
v2e_vs_real,original,579000,580000,10871,0.26004699365952827,0.06762443891135873,ok
v2e_vs_real,original,580000,581000,11078,0.2599714860084784,0.06758517353745648,ok
v2e_vs_real,original,581000,582000,14981,0.2511246289773976,0.06306357927903561,ok
v2e_vs_real,original,582000,583000,11259,0.2589100564280456,0.06703441731957377,ok
v2e_vs_real,original,583000,584000,15239,0.2514206456514695,0.06321234105980178,ok
v2e_vs_real,original,584000,585000,11492,0.2592114454979102,0.06719057347711607,ok
v2e_vs_real,original,585000,586000,11564,0.2591468290430586,0.06715707900307223,ok
v2e_vs_real,original,586000,587000,15403,0.2510464811981173,0.06302433572195666,ok
v2e_vs_real,original,587000,588000,11431,0.2584613753661018,0.06680228255613699,ok
v2e_vs_real,original,588000,589000,11497,0.2575147524435259,0.06631384772605044,ok
v2e_vs_real,original,589000,590000,15580,0.24955184133100025,0.06227612151169273,ok
v2e_vs_real,original,590000,591000,11473,0.2577011873773897,0.06640990197571651,ok
v2e_vs_real,original,591000,592000,15400,0.24984842833046605,0.06242423713920404,ok
v2e_vs_real,original,592000,593000,11432,0.25758880105198745,0.06635199042740036,ok
v2e_vs_real,original,593000,594000,11215,0.25742633008241794,0.06626831541970199,ok
v2e_vs_real,original,594000,595000,14478,0.2505177542279954,0.06275914518343831,ok
v2e_vs_real,original,595000,596000,10461,0.25851461770090406,0.06682980756504457,ok
v2e_vs_real,original,596000,597000,13647,0.2498121432154694,0.0624061068979062,ok
v2e_vs_real,original,597000,598000,9749,0.25876729227683987,0.06696051155228748,ok
v2e_vs_real,original,598000,599000,9355,0.25703385079619917,0.06606640045512278,ok
v2e_vs_real,original,599000,600000,13836,0.23595786396654053,0.05567611356765245,ok
v2e_vs_real,original,600000,601000,9222,0.2457099762148599,0.060373392411507014,ok
v2e_vs_real,original,601000,602000,11983,0.23853458925599633,0.05689875027152688,ok
v2e_vs_real,original,602000,603000,8646,0.24762518831755728,0.06131823388930571,ok
v2e_vs_real,original,603000,604000,8636,0.2506543430556711,0.06282759969267004,ok
v2e_vs_real,original,604000,605000,11481,0.24622560270679072,0.06062704742832235,ok
v2e_vs_real,original,605000,606000,8640,0.2552764162256008,0.06516604868098619,ok
v2e_vs_real,original,606000,607000,8899,0.25680890133855216,0.06595081180671421,ok
v2e_vs_real,original,607000,608000,11937,0.2496879817826002,0.06234408824666809,ok
v2e_vs_real,original,608000,609000,8929,0.25940086178305033,0.06728880709378919,ok
v2e_vs_real,original,609000,610000,12051,0.2531121819529645,0.06406577665299058,ok
v2e_vs_real,original,610000,611000,8870,0.2631327255046079,0.06923883123148333,ok
v2e_vs_real,original,611000,612000,8803,0.2634647376487576,0.06941366798432869,ok
v2e_vs_real,original,612000,613000,11649,0.2562511352884122,0.06566464433660014,ok
v2e_vs_real,original,613000,614000,8648,0.2650877788281,0.07027153048401566,ok
v2e_vs_real,original,614000,615000,11572,0.256485523564923,0.06578482379837267,ok
v2e_vs_real,original,615000,616000,8903,0.26500332573118474,0.0702267626485884,ok
v2e_vs_real,original,616000,617000,8966,0.26689100718169867,0.07123080971446154,ok
v2e_vs_real,original,617000,618000,12118,0.25934263846373995,0.06725860412533412,ok
v2e_vs_real,original,618000,619000,8925,0.27059585673519027,0.07322211768225162,ok
v2e_vs_real,original,619000,620000,11846,0.2631495226617748,0.06924767127711995,ok
v2e_vs_real,original,620000,621000,8822,0.27451639981856324,0.07535925376934526,ok
v2e_vs_real,original,621000,622000,8747,0.2758801649491698,0.07610986541238111,ok
v2e_vs_real,original,622000,623000,11674,0.2694159417221513,0.0725849496540336,ok
v2e_vs_real,original,623000,624000,8945,0.28124975104979083,0.07910142246556931,ok
v2e_vs_real,original,624000,625000,11894,0.27328128039748045,0.07468265821568634,ok
v2e_vs_real,original,625000,626000,8772,0.2832781103655687,0.08024648781228734,ok
v2e_vs_real,original,626000,627000,8609,0.28380305148235,0.0805441720306934,ok
v2e_vs_real,original,627000,628000,11003,0.2727116439832829,0.07437164076406484,ok
v2e_vs_real,original,628000,629000,8071,0.279334504160903,0.07802776521481754,ok
v2e_vs_real,original,629000,630000,8050,0.2735002826789712,0.07480240462547716,ok
v2e_vs_real,original,630000,631000,10320,0.26408891047546984,0.06974295263612072,ok
v2e_vs_real,original,631000,632000,7392,0.2719177003683181,0.0739392357735944,ok
v2e_vs_real,original,632000,633000,11219,0.24927730123456562,0.062139172910788375,ok
v2e_vs_real,original,633000,634000,8152,0.2556988833366531,0.06538191893961133,ok
v2e_vs_real,original,634000,635000,7698,0.254881258319689,0.06496445584262804,ok
v2e_vs_real,original,635000,636000,10444,0.2422030064074694,0.058662296312816664,ok
v2e_vs_real,original,636000,637000,7765,0.2508439735488778,0.06292269906579008,ok
v2e_vs_real,original,637000,638000,10220,0.24419680471148306,0.059632079431298196,ok
v2e_vs_real,original,638000,639000,7598,0.25406176492559013,0.06454738039710581,ok
v2e_vs_real,original,639000,640000,7476,0.25443922710108013,0.06473932028779504,ok
v2e_vs_real,original,640000,641000,9772,0.25012111946433635,0.06256057440209281,ok
v2e_vs_real,original,641000,642000,7326,0.258602827183418,0.06687542222725676,ok
v2e_vs_real,original,642000,643000,9727,0.2519789124759705,0.06349337233257278,ok
v2e_vs_real,original,643000,644000,7411,0.25887616145980474,0.0670168669721629,ok
v2e_vs_real,original,644000,645000,7389,0.2600623489647122,0.06763242534904373,ok
v2e_vs_real,original,645000,646000,9896,0.2521272540905077,0.06356815225521942,ok
v2e_vs_real,original,646000,647000,7305,0.26191994169053756,0.0686020558551746,ok
v2e_vs_real,original,647000,648000,7384,0.26011470077652504,0.06765965756006115,ok
v2e_vs_real,original,648000,649000,10115,0.24973898464276204,0.06236956045039774,ok
v2e_vs_real,original,649000,650000,7631,0.2577382990677984,0.06642903080636188,ok
v2e_vs_real,original,650000,651000,10293,0.24940007464455052,0.06220039723270738,ok
v2e_vs_real,original,651000,652000,7769,0.2582875305922457,0.06671244845944026,ok
v2e_vs_real,original,652000,653000,7587,0.2616653964403022,0.0684687796942605,ok
v2e_vs_real,original,653000,654000,10263,0.25041139791007344,0.06270586820327714,ok
v2e_vs_real,original,654000,655000,7685,0.2575321918790071,0.06632282985400573,ok
v2e_vs_real,original,655000,656000,10401,0.2479268486181159,0.06146772226571015,ok
v2e_vs_real,original,656000,657000,7563,0.2562303713115035,0.06565400318243095,ok
v2e_vs_real,original,657000,658000,7699,0.2530103861711345,0.06401425551046663,ok
v2e_vs_real,original,658000,659000,10262,0.24190560979506878,0.05851832405032408,ok
v2e_vs_real,original,659000,660000,7554,0.24808396744707087,0.06154565490427932,ok
v2e_vs_real,original,660000,661000,10326,0.23434220704824696,0.05491627000424344,ok
v2e_vs_real,original,661000,662000,7566,0.24095232827082885,0.05805802449913327,ok
v2e_vs_real,original,662000,663000,7642,0.23600955031168533,0.055700507838323934,ok
v2e_vs_real,original,663000,664000,10335,0.221447315406678,0.049038913500824725,ok
v2e_vs_real,original,664000,665000,7549,0.22564929868895586,0.05091760599881762,ok
v2e_vs_real,original,665000,666000,7872,0.21471826467311073,0.046103933184232025,ok
v2e_vs_real,original,666000,667000,9910,0.19297931768179613,0.03724101705293159,ok
v2e_vs_real,original,667000,668000,10048,0.1786578199072026,0.031918616613994436,ok
v2e_vs_real,original,668000,669000,10195,0.17010034672417543,0.028934127955684695,ok
v2e_vs_real,original,669000,670000,10597,0.1623699269624156,0.02636399318178017,ok
v2e_vs_real,original,670000,671000,7061,0.16068898066418538,0.025820948506894946,ok
v2e_vs_real,original,671000,672000,10749,0.1507482044906995,0.022725021157169754,ok
v2e_vs_real,original,672000,673000,10859,0.1432162437331608,0.02051089246903612,ok
v2e_vs_real,original,673000,674000,10899,0.13564777603476913,0.018400319143178884,ok
v2e_vs_real,original,674000,675000,10989,0.1303166439568921,0.016982427692187385,ok
v2e_vs_real,original,675000,676000,7551,0.12636206996289231,0.01596737272530689,ok
v2e_vs_real,original,676000,677000,11397,0.11810263893366829,0.013948233323096422,ok
v2e_vs_real,original,677000,678000,11894,0.10695033960681309,0.011438375142012652,ok
v2e_vs_real,original,678000,679000,12210,0.10259498357606059,0.010525730654972143,ok
v2e_vs_real,original,679000,680000,12672,0.10094023377253744,0.010188930794054508,ok
v2e_vs_real,original,680000,681000,8707,0.1007611816722326,0.010152815731984663,ok
v2e_vs_real,original,681000,682000,13548,0.09769313044681349,0.009543947736498117,ok
v2e_vs_real,original,682000,683000,14241,0.09869767242529122,0.00974123054217009,ok
v2e_vs_real,original,683000,684000,14780,0.10351603859676524,0.01071557024676699,ok
v2e_vs_real,original,684000,685000,10218,0.11264929634794063,0.012689863967686149,ok
v2e_vs_real,original,685000,686000,15337,0.1185911300290135,0.014063856121558388,ok
v2e_vs_real,original,686000,687000,15701,0.12230692577680846,0.014958984092973734,ok
v2e_vs_real,original,687000,688000,15481,0.12994653553397617,0.016886102097282932,ok
v2e_vs_real,original,688000,689000,15751,0.13925541525400933,0.019392070677566577,ok
v2e_vs_real,original,689000,690000,10637,0.1500583639327137,0.022517512586162754,ok
v2e_vs_real,original,690000,691000,16001,0.15328143970219113,0.023495199757176455,ok
v2e_vs_real,original,691000,692000,16304,0.1563549072123081,0.024446857009369473,ok
v2e_vs_real,original,692000,693000,16318,0.16347954274075485,0.02672556089472629,ok
v2e_vs_real,original,693000,694000,16305,0.17135723198195676,0.02936330095251815,ok
v2e_vs_real,original,694000,695000,10770,0.1815025710849434,0.03294318331044493,ok
v2e_vs_real,original,695000,696000,16088,0.18152708060353123,0.03295208099244093,ok
v2e_vs_real,original,696000,697000,15954,0.1852988904924866,0.03433567881774654,ok
v2e_vs_real,original,697000,698000,15450,0.19099017446589633,0.03647724674251352,ok
v2e_vs_real,original,698000,699000,15301,0.19201540495271258,0.0368699157391542,ok
v2e_vs_real,original,699000,700000,10378,0.19416668544958426,0.037700701738477796,ok
v2e_vs_real,original,700000,701000,15116,0.19449615589395242,0.03782875465752464,ok
v2e_vs_real,original,701000,702000,14469,0.20109168475676853,0.040437865678315574,ok
v2e_vs_real,original,702000,703000,14106,0.20681088090798566,0.04277074046193703,ok
v2e_vs_real,original,703000,704000,13718,0.21427088609840114,0.045912012629394,ok
v2e_vs_real,original,704000,705000,9151,0.2272859741576464,0.05165891404879031,ok
v2e_vs_real,original,705000,706000,13393,0.22411716650213112,0.050228504320943966,ok
v2e_vs_real,original,706000,707000,13295,0.22996998087660275,0.05288619210438504,ok
v2e_vs_real,original,707000,708000,13661,0.23491682197530125,0.05518591324697538,ok
v2e_vs_real,original,708000,709000,9320,0.2457237539805802,0.0603801632703087,ok
v2e_vs_real,original,709000,710000,14044,0.24120868543034363,0.05818162992703447,ok
v2e_vs_real,original,710000,711000,14421,0.2421678143475623,0.0586452503058754,ok
v2e_vs_real,original,711000,712000,14274,0.24421680462590914,0.05964184766168947,ok
v2e_vs_real,original,712000,713000,14778,0.2459135089750733,0.06047345389643345,ok
v2e_vs_real,original,713000,714000,10013,0.25701233653338773,0.06605534113035134,ok
v2e_vs_real,original,714000,715000,14986,0.24797923459923044,0.06149370079242017,ok
v2e_vs_real,original,715000,716000,15524,0.24720689896811845,0.06111125089743352,ok
v2e_vs_real,original,716000,717000,15315,0.2480363122298566,0.06152201218458691,ok
v2e_vs_real,original,717000,718000,15535,0.24865280956671434,0.06182821970542071,ok
v2e_vs_real,original,718000,719000,10271,0.25909838524643536,0.06713197323731024,ok
v2e_vs_real,original,719000,720000,15190,0.24946694832197283,0.062233758305077866,ok
v2e_vs_real,original,720000,721000,14652,0.2513213152835163,0.06316240351583662,ok
v2e_vs_real,original,721000,722000,14738,0.2506219906821039,0.06281138221346058,ok
v2e_vs_real,original,722000,723000,14746,0.25177755853104306,0.06339193897985282,ok
v2e_vs_real,original,723000,724000,9788,0.2620428904402089,0.06866647643025933,ok
v2e_vs_real,original,724000,725000,14795,0.2526956834161865,0.06385510841717354,ok
v2e_vs_real,original,725000,726000,14913,0.25181204684152253,0.06340930693451714,ok
v2e_vs_real,original,726000,727000,14637,0.2533873114323284,0.06420512959490379,ok
v2e_vs_real,original,727000,728000,9679,0.26358511029004933,0.06947711036661747,ok
v2e_vs_real,original,728000,729000,14016,0.25358589457013614,0.0643058059249362,ok
v2e_vs_real,original,729000,730000,13421,0.25423138603673023,0.06463359764615696,ok
v2e_vs_real,original,730000,731000,12963,0.2541313374311812,0.06458273666456088,ok
v2e_vs_real,original,731000,732000,12561,0.2541510453395202,0.06459275384717085,ok
v2e_vs_real,original,732000,733000,9018,0.25374489455169125,0.0643864715110489,ok
v2e_vs_real,original,733000,734000,12735,0.24624558331410332,0.060636887301703,ok
v2e_vs_real,original,734000,735000,12462,0.24562911936990103,0.060333664282433086,ok
v2e_vs_real,original,735000,736000,11921,0.2451013758667607,0.06007468445177911,ok
v2e_vs_real,original,736000,737000,12235,0.2460985813053472,0.06056451172050459,ok
v2e_vs_real,original,737000,738000,8252,0.25505024882437793,0.06505062942537711,ok
v2e_vs_real,original,738000,739000,12285,0.24699843379193542,0.06100822629566911,ok
v2e_vs_real,original,739000,740000,12464,0.2482704932543025,0.06163823782073466,ok
v2e_vs_real,original,740000,741000,12399,0.24808058702128175,0.06154397765682374,ok
v2e_vs_real,original,741000,742000,12574,0.2510373867730586,0.0630197695578462,ok
v2e_vs_real,original,742000,743000,8605,0.2620758781539713,0.06868376591017522,ok
v2e_vs_real,original,743000,744000,12722,0.2526991918447373,0.06385688155898336,ok
v2e_vs_real,original,744000,745000,12903,0.2528535939152356,0.06393493995585088,ok
v2e_vs_real,original,745000,746000,12968,0.2542955873382003,0.06466624573968024,ok
v2e_vs_real,original,746000,747000,8820,0.26468177943060506,0.07005644436255146,ok
v2e_vs_real,original,747000,748000,13176,0.2540651897673946,0.06454912065154224,ok
v2e_vs_real,original,748000,749000,13432,0.2508144326470861,0.06290787962407968,ok
v2e_vs_real,original,749000,750000,13515,0.24987295216516373,0.0624364922237342,ok
v2e_vs_real,original,750000,751000,13634,0.25033332328551705,0.06266677274717118,ok
v2e_vs_real,original,751000,752000,9026,0.25912863951901605,0.06714765181897615,ok
v2e_vs_real,original,752000,753000,13576,0.2498971744148315,0.062448597780516715,ok
v2e_vs_real,original,753000,754000,13595,0.25039861217707093,0.06269946498020317,ok
v2e_vs_real,original,754000,755000,13381,0.25073442532126133,0.06286775204118317,ok
v2e_vs_real,original,755000,756000,13477,0.25113522529952553,0.06306890138624344,ok
v2e_vs_real,original,756000,757000,9102,0.26100038672338194,0.06812120186975493,ok
v2e_vs_real,original,757000,758000,13273,0.25334110346499344,0.06418171470486052,ok
v2e_vs_real,original,758000,759000,13563,0.253319522690225,0.06417078057600342,ok
v2e_vs_real,original,759000,760000,13125,0.25287117662913455,0.06394383196980295,ok
v2e_vs_real,original,760000,761000,13147,0.2526014729183809,0.06380750412053553,ok
v2e_vs_real,original,761000,762000,8461,0.26284144569270035,0.06908562557382873,ok
v2e_vs_real,original,762000,763000,12343,0.252741615428249,0.06387832416928092,ok
v2e_vs_real,original,763000,764000,11823,0.2526348116291379,0.06382434804689001,ok
v2e_vs_real,original,764000,765000,11384,0.2525323328160073,0.06377257911749466,ok
v2e_vs_real,original,765000,766000,7461,0.2582850157718869,0.06671114937228387,ok
v2e_vs_real,original,766000,767000,11404,0.2465178062740953,0.06077102881019239,ok
v2e_vs_real,original,767000,768000,11145,0.2483155197993987,0.06166059737324557,ok
v2e_vs_real,original,768000,769000,10672,0.2506828046590219,0.06284186855171332,ok
v2e_vs_real,original,769000,770000,10407,0.25212179613653934,0.0635654000871147,ok
v2e_vs_real,original,770000,771000,6904,0.2626737158307569,0.06899748098833723,ok
v2e_vs_real,original,771000,772000,10422,0.25316351336972365,0.06409176450170223,ok
v2e_vs_real,original,772000,773000,10345,0.2527829571241163,0.06389922341241283,ok
v2e_vs_real,original,773000,774000,10084,0.2550096155599687,0.06502990402804304,ok
v2e_vs_real,original,774000,775000,10328,0.2560735873731298,0.06557368215014395,ok
v2e_vs_real,original,775000,776000,6963,0.2669622160387108,0.0712688247922993,ok
v2e_vs_real,original,776000,777000,10342,0.2578962059839464,0.06651045306091413,ok
v2e_vs_real,original,777000,778000,10518,0.25851291486971634,0.0668289271544372,ok
v2e_vs_real,original,778000,779000,10435,0.25861531172607066,0.06688187945917269,ok
v2e_vs_real,original,779000,780000,10434,0.25992354755406344,0.06756025057308947,ok
v2e_vs_real,original,780000,781000,7109,0.26911428091628825,0.07242249619309092,ok
v2e_vs_real,original,781000,782000,10769,0.2568307525637529,0.06596203546246364,ok
v2e_vs_real,original,782000,783000,11062,0.2520208636805556,0.06351451573029318,ok
v2e_vs_real,original,783000,784000,10953,0.25404566482971597,0.06453919981877239,ok
v2e_vs_real,original,784000,785000,10954,0.2522572964733675,0.06363374362405243,ok
v2e_vs_real,original,785000,786000,7263,0.2631434609929385,0.06924448106334215,ok
v2e_vs_real,original,786000,787000,10567,0.2556033551061949,0.06533307514154357,ok
v2e_vs_real,original,787000,788000,10407,0.25740182792602495,0.06625570101965897,ok
v2e_vs_real,original,788000,789000,10139,0.2583154643412469,0.06672687911783401,ok
v2e_vs_real,original,789000,790000,6577,0.2705928561257194,0.07322049378627431,ok
v2e_vs_real,original,790000,791000,9849,0.25857512146715317,0.066861093441753,ok
v2e_vs_real,original,791000,792000,9780,0.2584521980112009,0.06679753865682099,ok
v2e_vs_real,original,792000,793000,9757,0.26164057078338676,0.06845578827985642,ok
v2e_vs_real,original,793000,794000,9463,0.26188980514738996,0.06858627004013788,ok
v2e_vs_real,original,794000,795000,6468,0.27201964358202385,0.0739946864944913,ok
v2e_vs_real,original,795000,796000,9609,0.2597590372962356,0.06747475745706713,ok
v2e_vs_real,original,796000,797000,9587,0.25612139894179553,0.06559817099590237,ok
v2e_vs_real,original,797000,798000,9686,0.25389353266153647,0.0644619259273547,ok
v2e_vs_real,original,798000,799000,9891,0.24936550954325584,0.06218315734976763,ok
v2e_vs_real,original,799000,800000,7918,0.2544000439804919,0.0647193823772762,ok
v2e_vs_real,original,800000,801000,9250,0.24740638881598925,0.06120992122696845,ok
v2e_vs_real,original,801000,802000,8358,0.2500685307945769,0.06253427009375825,ok
v2e_vs_real,original,802000,803000,5952,0.2587979068304659,0.0669763565798305,ok
v2e_vs_real,original,803000,804000,7786,0.2563318228302526,0.06570600339548,ok
v2e_vs_real,original,804000,805000,7980,0.25910724294696297,0.06713656334757648,ok
v2e_vs_real,original,805000,806000,8392,0.25990378514589085,0.0675499775331614,ok
v2e_vs_real,original,806000,807000,8969,0.2597429706045339,0.06746641077846775,ok
v2e_vs_real,original,807000,808000,9580,0.2611387581301073,0.06819345099773466,ok
v2e_vs_real,original,808000,809000,7447,0.2715961921062333,0.073764491566606,ok
v2e_vs_real,original,809000,810000,10311,0.26397321045600924,0.06968185583845254,ok
v2e_vs_real,original,810000,811000,10587,0.2638337565719705,0.0696082511068778,ok
v2e_vs_real,original,811000,812000,10722,0.2630860086790934,0.06921424796269599,ok
v2e_vs_real,original,812000,813000,10854,0.2600145424007397,0.06760756225986606,ok
v2e_vs_real,original,813000,814000,8194,0.26574993825837684,0.07062302968433111,ok
v2e_vs_real,original,814000,815000,10881,0.25605896464351563,0.06556619337430919,ok
v2e_vs_real,original,815000,816000,10916,0.25289151617053246,0.06395411895103068,ok
v2e_vs_real,original,816000,817000,10836,0.24810741928624755,0.061557291504881845,ok
v2e_vs_real,original,817000,818000,10732,0.24326818314710297,0.059179408931692434,ok
v2e_vs_real,original,818000,819000,7877,0.24951412479265422,0.06225729847104423,ok
v2e_vs_real,original,819000,820000,10322,0.23934149662436327,0.0572843520063901,ok
v2e_vs_real,original,820000,821000,10162,0.2370425039020546,0.056189148656155576,ok
v2e_vs_real,original,821000,822000,10109,0.23408435172510395,0.05479548372256217,ok
v2e_vs_real,original,822000,823000,10198,0.23421177633606352,0.05485515617449425,ok
v2e_vs_real,original,823000,824000,7641,0.2388844061030375,0.057065759479200936,ok
v2e_vs_real,original,824000,825000,10182,0.2293676618739146,0.05260952431350642,ok
v2e_vs_real,original,825000,826000,9993,0.22693153556372034,0.051497921833308063,ok
v2e_vs_real,original,826000,827000,9974,0.22493666522711278,0.05059650336349421,ok
v2e_vs_real,original,827000,828000,9926,0.22105388752449615,0.0488648211896926,ok
v2e_vs_real,original,828000,829000,7563,0.2236497342441295,0.050019203627469755,ok
v2e_vs_real,original,829000,830000,10160,0.21444408158112024,0.04598626412517016,ok
v2e_vs_real,original,830000,831000,10015,0.21306947221751382,0.04539859999104989,ok
v2e_vs_real,original,831000,832000,9688,0.21051837505072088,0.04431798623399598,ok
v2e_vs_real,original,832000,833000,10833,0.19733328710004386,0.038940426197708336,ok
v2e_vs_real,original,833000,834000,10933,0.18155374683167844,0.03296176298862119,ok
v2e_vs_real,original,834000,835000,8206,0.1741598628593353,0.030331657831182475,ok
v2e_vs_real,original,835000,836000,10833,0.16102773221989838,0.025929930543883303,ok
v2e_vs_real,original,836000,837000,10925,0.15211707688353743,0.023139605079592035,ok
v2e_vs_real,original,837000,838000,11122,0.1429357796600689,0.020430637107031767,ok
v2e_vs_real,original,838000,839000,11177,0.13947390452209626,0.019452970042638823,ok
v2e_vs_real,original,839000,840000,8403,0.13624954333546802,0.018563938059123576,ok
v2e_vs_real,original,840000,841000,11471,0.12813858771881811,0.016419497662573244,ok
v2e_vs_real,original,841000,842000,11836,0.12360367952917477,0.015277869593150938,ok
v2e_vs_real,original,842000,843000,12290,0.11962597456143292,0.014310373789772596,ok
v2e_vs_real,original,843000,844000,12723,0.11785122027169302,0.013888910119527108,ok
v2e_vs_real,original,844000,845000,9761,0.11968980793277413,0.014325650122984361,ok
v2e_vs_real,original,845000,846000,13502,0.11714019028948297,0.013721824181056282,ok
v2e_vs_real,original,846000,847000,13770,0.11637639954177084,0.01354346637030588,ok
v2e_vs_real,original,847000,848000,13902,0.11993622074565813,0.014384697046751237,ok
v2e_vs_real,original,848000,849000,14203,0.12468512714002918,0.01554638092992524,ok
v2e_vs_real,original,849000,850000,14204,0.13300084759243327,0.017689225460305665,ok
v2e_vs_real,original,850000,851000,10730,0.1402220769540988,0.019662230865321206,ok
v2e_vs_real,original,851000,852000,14204,0.14208118739760162,0.02018706381231239,ok
v2e_vs_real,original,852000,853000,14150,0.14767717199586716,0.021808547128696933,ok
v2e_vs_real,original,853000,854000,13931,0.154775632629172,0.02395549645576041,ok
v2e_vs_real,original,854000,855000,13927,0.16061646880245878,0.025797650050571212,ok
v2e_vs_real,original,855000,856000,10313,0.17168605937226855,0.029476102982778127,ok
v2e_vs_real,original,856000,857000,13745,0.1737521615522233,0.03018981364406991,ok
v2e_vs_real,original,857000,858000,13366,0.1808991830406322,0.03272451442476816,ok
v2e_vs_real,original,858000,859000,13261,0.18980743417936774,0.03602686206975502,ok
v2e_vs_real,original,859000,860000,13299,0.1944844367573954,0.037824196140841336,ok
v2e_vs_real,original,860000,861000,9819,0.2063371658485861,0.04257502601042693,ok
v2e_vs_real,original,861000,862000,13248,0.2043525866026672,0.041759979651200596,ok
v2e_vs_real,original,862000,863000,13184,0.20947262879921683,0.04387878221605448,ok
v2e_vs_real,original,863000,864000,12891,0.21472722521440946,0.04610778124827972,ok
v2e_vs_real,original,864000,865000,12594,0.22076695310414624,0.0487380475828883,ok
v2e_vs_real,original,865000,866000,9481,0.22465752025437216,0.05047100140684364,ok
v2e_vs_real,original,866000,867000,13078,0.21492695055892833,0.04619359407656003,ok
v2e_vs_real,original,867000,868000,12645,0.22026946957173751,0.0485186392254146,ok
v2e_vs_real,original,868000,869000,12233,0.2272706682904286,0.051651956665178037,ok
v2e_vs_real,original,869000,870000,12138,0.23135353495234304,0.05352445813494502,ok
v2e_vs_real,original,870000,871000,11935,0.237101327267569,0.05621703939204285,ok
v2e_vs_real,original,871000,872000,9006,0.245887541257848,0.0604606829458299,ok
v2e_vs_real,original,872000,873000,12177,0.24421864924326891,0.05964274863820681,ok
v2e_vs_real,original,873000,874000,12257,0.248438107541352,0.06172149327872839,ok
v2e_vs_real,original,874000,875000,12496,0.24948030544997402,0.06224042280741233,ok
v2e_vs_real,original,875000,876000,12782,0.252010489859898,0.06350928699942573,ok
v2e_vs_real,original,876000,877000,9756,0.2586716358732734,0.06691101520535535,ok
v2e_vs_real,original,877000,878000,13162,0.2531622409606911,0.06409112024823904,ok
v2e_vs_real,original,878000,879000,13329,0.2539818830065949,0.06450679689557566,ok
v2e_vs_real,original,879000,880000,13515,0.25433484940358636,0.06468621562114495,ok
v2e_vs_real,original,880000,881000,13717,0.2538016966310456,0.06441530121279732,ok
v2e_vs_real,original,881000,882000,10269,0.26199170580484177,0.06863965391053077,ok
v2e_vs_real,original,882000,883000,14147,0.25195636913982655,0.06348201195012454,ok
v2e_vs_real,original,883000,884000,14175,0.2522213362476418,0.063615602458546,ok
v2e_vs_real,original,884000,885000,14190,0.25189202643246994,0.06344959298025613,ok
v2e_vs_real,original,885000,886000,14210,0.2515516776696038,0.06327824653839224,ok
v2e_vs_real,original,886000,887000,10604,0.2588440094107497,0.06700022120783228,ok
v2e_vs_real,original,887000,888000,14069,0.2524549800919973,0.06373351697325076,ok
v2e_vs_real,original,888000,889000,14142,0.2518614814873672,0.0634342058570114,ok
v2e_vs_real,original,889000,890000,13853,0.25231634056835495,0.06366353571780607,ok
v2e_vs_real,original,890000,891000,13664,0.25156196957495197,0.06328342453642906,ok
v2e_vs_real,original,891000,892000,13649,0.2517771473911377,0.0633917319484187,ok
v2e_vs_real,original,892000,893000,9951,0.25883539278893514,0.06699576056020233,ok
v2e_vs_real,original,893000,894000,13242,0.25164770977731005,0.06332656983616528,ok
v2e_vs_real,original,894000,895000,13036,0.25263681979080077,0.06382536271400954,ok
v2e_vs_real,original,895000,896000,12717,0.25250612333748435,0.06375934232292486,ok
v2e_vs_real,original,896000,897000,12422,0.2528680551652803,0.06394225332307124,ok
v2e_vs_real,original,897000,898000,9156,0.2586400343581624,0.06689466737279143,ok
v2e_vs_real,original,898000,899000,12073,0.2525587657545231,0.06378593015944807,ok
v2e_vs_real,original,899000,900000,12553,0.24275092169741744,0.0589280099849457,ok
v2e_vs_real,original,900000,901000,11752,0.24397768878523363,0.05952511262498432,ok
v2e_vs_real,original,901000,902000,11092,0.2470141976405472,0.0610160138360033,ok
v2e_vs_real,original,902000,903000,8176,0.2558235673859632,0.06544569763008046,ok
v2e_vs_real,original,903000,904000,10912,0.2517092391729925,0.06335754108504672,ok
v2e_vs_real,original,904000,905000,10903,0.255397076354765,0.06522766661056167,ok
v2e_vs_real,original,905000,906000,11150,0.25689883307915323,0.06599701043743063,ok
v2e_vs_real,original,906000,907000,11522,0.2578658666940189,0.06649480520585753,ok
v2e_vs_real,original,907000,908000,8851,0.2659401365526177,0.07072415622962497,ok
v2e_vs_real,original,908000,909000,12130,0.25914153562901443,0.06715433548816374,ok
v2e_vs_real,original,909000,910000,12294,0.2577400901942642,0.06642995409334745,ok
v2e_vs_real,original,910000,911000,12376,0.25788587111622047,0.06650512252137188,ok
v2e_vs_real,original,911000,912000,12758,0.2561119886355597,0.06559335072286104,ok
v2e_vs_real,original,912000,913000,13182,0.25548269321322364,0.06527140653148215,ok
v2e_vs_real,original,913000,914000,10133,0.2614219718307441,0.06834144735587437,ok
v2e_vs_real,original,914000,915000,13694,0.2552596882324014,0.06515750843650278,ok
v2e_vs_real,original,915000,916000,13901,0.254710961050927,0.06487767367948685,ok
v2e_vs_real,original,916000,917000,13858,0.25488608883556213,0.06496691828189007,ok
v2e_vs_real,original,917000,918000,14089,0.25452468836483033,0.06478281698721398,ok
v2e_vs_real,original,918000,919000,10571,0.2613526475902775,0.06830520640244776,ok
v2e_vs_real,original,919000,920000,14042,0.253883856264813,0.06445701247189224,ok
v2e_vs_real,original,920000,921000,13941,0.2536459324731445,0.06433625906017099,ok
v2e_vs_real,original,921000,922000,14021,0.2530188847785064,0.0640185560545591,ok
v2e_vs_real,original,922000,923000,14107,0.2524368073796718,0.06372434172004152,ok
v2e_vs_real,original,923000,924000,10495,0.2603847436462504,0.06780021472372354,ok
v2e_vs_real,original,924000,925000,14177,0.2527056133446655,0.06386012701590359,ok
v2e_vs_real,original,925000,926000,13956,0.2528871162259709,0.06395189355308771,ok
v2e_vs_real,original,926000,927000,13456,0.25470356158003826,0.06487390428155634,ok
v2e_vs_real,original,927000,928000,13369,0.2533696742144331,0.06419619181152797,ok
v2e_vs_real,original,928000,929000,12902,0.25325724806418737,0.06413923369704533,ok
v2e_vs_real,original,929000,930000,9320,0.26084451328731867,0.06803986011209817,ok
v2e_vs_real,original,930000,931000,12120,0.2524261907266354,0.06371898176475972,ok
v2e_vs_real,original,931000,932000,11446,0.25258245836921744,0.06379789827583746,ok
v2e_vs_real,original,932000,933000,12825,0.24244462406167386,0.05877939573640637,ok
v2e_vs_real,original,933000,934000,9446,0.24559284627598862,0.060315846141941375,ok
v2e_vs_real,original,934000,935000,8867,0.2474809944264566,0.06124684260230784,ok
v2e_vs_real,original,935000,936000,11680,0.24118969767254245,0.05817247026337243,ok
v2e_vs_real,original,936000,937000,8613,0.25024786466909693,0.06262399377144266,ok
v2e_vs_real,original,937000,938000,8731,0.2525062021245798,0.06375938211137915,ok
v2e_vs_real,original,938000,939000,11626,0.2479165818828715,0.06146263157248652,ok
v2e_vs_real,original,939000,940000,8978,0.2552686767569987,0.06516209733326908,ok
v2e_vs_real,original,940000,941000,9273,0.25575052032127704,0.06540832864460393,ok
v2e_vs_real,original,941000,942000,12249,0.25175095350577487,0.06337854259106682,ok
v2e_vs_real,original,942000,943000,9476,0.2584238565322554,0.06678288962500374,ok
v2e_vs_real,original,943000,944000,9227,0.2613403954030179,0.06829880226940574,ok
v2e_vs_real,original,944000,945000,12155,0.25438165856973116,0.06471002821668728,ok
v2e_vs_real,original,945000,946000,9067,0.2637443471240118,0.06956108063987124,ok
v2e_vs_real,original,946000,947000,8925,0.26421532835426176,0.06980973973735037,ok
v2e_vs_real,original,947000,948000,11701,0.2579100481026124,0.06651759291229185,ok
v2e_vs_real,original,948000,949000,9000,0.265662053767258,0.07057632681183748,ok
v2e_vs_real,original,949000,950000,9145,0.266413420141901,0.07097611043170506,ok
v2e_vs_real,original,950000,951000,12256,0.25846607306622077,0.06680471092627296,ok
v2e_vs_real,original,951000,952000,9159,0.26836606231440446,0.07202034340213881,ok
v2e_vs_real,original,952000,953000,9095,0.27248980527777256,0.0742506939803184,ok
v2e_vs_real,original,953000,954000,12043,0.26383536182378725,0.06960909814868872,ok
v2e_vs_real,original,954000,955000,9104,0.2743625150711083,0.07527478967614415,ok
v2e_vs_real,original,955000,956000,9016,0.2779539299206077,0.07725838715831009,ok
v2e_vs_real,original,956000,957000,11962,0.27202971628117845,0.07400016654001844,ok
v2e_vs_real,original,957000,958000,8973,0.2856997316578039,0.08162433666934113,ok
v2e_vs_real,original,958000,959000,8959,0.28497499324952485,0.08121074677756675,ok
v2e_vs_real,original,959000,960000,8930,0.28461157754915095,0.08100375007501635,ok
v2e_vs_real,original,960000,961000,11359,0.2748323400406959,0.07553281513224469,ok
v2e_vs_real,original,961000,962000,8329,0.28076434061224265,0.07882861495942742,ok
v2e_vs_real,original,962000,963000,8273,0.27770660611607845,0.07712095908051075,ok
v2e_vs_real,original,963000,964000,10748,0.26445119511738197,0.06993443459901164,ok
v2e_vs_real,original,964000,965000,7821,0.2727082946374383,0.07436981396405987,ok
v2e_vs_real,original,965000,966000,8115,0.26479535543306665,0.07011658025892409,ok
v2e_vs_real,original,966000,967000,11508,0.24776320040804234,0.06138660347643576,ok
v2e_vs_real,original,967000,968000,8145,0.25589731909693175,0.06548343792099691,ok
v2e_vs_real,original,968000,969000,8008,0.25276895038370184,0.06389214227807831,ok
v2e_vs_real,original,969000,970000,10678,0.2436623794774114,0.05937135517259403,ok
v2e_vs_real,original,970000,971000,8004,0.2504263168176262,0.06271334015484212,ok
v2e_vs_real,original,971000,972000,7839,0.25295901177776514,0.06398826163958353,ok
v2e_vs_real,original,972000,973000,10588,0.24479064326215344,0.059922459028698874,ok
v2e_vs_real,original,973000,974000,7805,0.25478696072407975,0.06491639535501374,ok
v2e_vs_real,original,974000,975000,7704,0.2557343991621214,0.06540008291481123,ok
v2e_vs_real,original,975000,976000,10392,0.24829840140191406,0.06165209613874603,ok
v2e_vs_real,original,976000,977000,7915,0.25641025006000534,0.06574621633583447,ok
v2e_vs_real,original,977000,978000,7829,0.25743252355212853,0.06627150418241722,ok
v2e_vs_real,original,978000,979000,10477,0.24806915456886092,0.061538305448509405,ok
v2e_vs_real,original,979000,980000,7751,0.2588607413874168,0.06700888343164309,ok
v2e_vs_real,original,980000,981000,7858,0.25609916833865304,0.06558678402374975,ok
v2e_vs_real,original,981000,982000,10582,0.24740605141311997,0.06120975427583136,ok
v2e_vs_real,original,982000,983000,7970,0.25549685117514137,0.06527864096041235,ok
v2e_vs_real,original,983000,984000,8087,0.25479256186343335,0.06491924958093152,ok
v2e_vs_real,original,984000,985000,10846,0.2462435686685294,0.06063589511061276,ok
v2e_vs_real,original,985000,986000,8226,0.2536083174562085,0.06431717868296902,ok
v2e_vs_real,original,986000,987000,8083,0.2542782490844456,0.06465742795745134,ok
v2e_vs_real,original,987000,988000,10883,0.24492840013866904,0.05998992119448797,ok
v2e_vs_real,original,988000,989000,8299,0.25081824266607305,0.0629097908540971,ok
v2e_vs_real,original,989000,990000,8121,0.24928336184425062,0.062142194492371586,ok
v2e_vs_real,original,990000,991000,10898,0.23790119503101767,0.056596978597186307,ok
v2e_vs_real,original,991000,992000,8304,0.24189990288923818,0.05851556301782286,ok
v2e_vs_real,original,992000,993000,8120,0.2389627881206724,0.05710321410640537,ok
v2e_vs_real,original,993000,994000,10855,0.22760441543400542,0.051803769925055324,ok
v2e_vs_real,original,994000,995000,8202,0.2289660290883975,0.05242544247650889,ok
v2e_vs_real,original,995000,996000,8231,0.22380103125139125,0.05008690158918621,ok
v2e_vs_real,original,996000,997000,11076,0.2104619350486431,0.04429422610441927,ok
v2e_vs_real,original,997000,998000,8253,0.2111114171853994,0.04456803046602775,ok
v2e_vs_real,original,998000,999000,8080,0.2057165257851556,0.04231928898111459,ok
v2e_vs_real,original,999000,1000000,11648,0.18503001367154245,0.03423610595929119,ok
v2e_vs_real,original,1000000,1001000,8701,0.17634660392112114,0.03109812471451278,ok
v2e_vs_real,original,1001000,1002000,8790,0.16605563396788137,0.027574473572475,ok
v2e_vs_real,original,1002000,1003000,11913,0.15144330376207998,0.022935074254373626,ok
v2e_vs_real,original,1003000,1004000,8981,0.14738529477752618,0.021722425116658284,ok
v2e_vs_real,original,1004000,1005000,9039,0.14027046815517566,0.019675804236472152,ok
v2e_vs_real,original,1005000,1006000,12198,0.12859248670040574,0.01653602763579403,ok
v2e_vs_real,original,1006000,1007000,9226,0.12523734701958755,0.015684393088504597,ok
v2e_vs_real,original,1007000,1008000,9179,0.11867542515172057,0.014083856534941631,ok
v2e_vs_real,original,1008000,1009000,12522,0.10841162503987903,0.011753080443787325,ok
v2e_vs_real,original,1009000,1010000,9623,0.10620419959475899,0.011279332011563406,ok
v2e_vs_real,original,1010000,1011000,10146,0.10094472914638827,0.010189838342437689,ok
v2e_vs_real,original,1011000,1012000,13890,0.09574127961209229,0.00916639262176084,ok
v2e_vs_real,original,1012000,1013000,10838,0.09944973932323917,0.009890250651460222,ok
v2e_vs_real,original,1013000,1014000,11106,0.10250972279325002,0.010508243267148963,ok
v2e_vs_real,original,1014000,1015000,15232,0.10593236343569823,0.011221665623072856,ok
