comparison_set,variant,window_start,window_end,n_events,distance,distance_squared,status
real_vs_real,original,16000,17000,3519,0.025037397665783,0.000626871281874556,ok
real_vs_real,original,17000,18000,3408,0.027286382632699977,0.0007445466771781109,ok
real_vs_real,original,18000,19000,3506,0.03156966995988772,0.0009966440613762373,ok
real_vs_real,original,19000,20000,3402,0.03613659678821451,0.001305853627433995,ok
real_vs_real,original,20000,21000,3464,0.03868492745175143,0.0014965236119472713,ok
real_vs_real,original,21000,22000,3532,0.041628322849358926,0.0017329172632504586,ok
real_vs_real,original,22000,23000,3460,0.04343308687715073,0.0018864330356781226,ok
real_vs_real,original,23000,24000,3459,0.04579327610635119,0.002097024136552515,ok
real_vs_real,original,24000,25000,3564,0.046832432888795295,0.002193276770283515,ok
real_vs_real,original,25000,26000,3450,0.04859927364143652,0.0023618893984752266,ok
real_vs_real,original,26000,27000,3432,0.04958014634186195,0.0024581909112804464,ok
real_vs_real,original,27000,28000,3398,0.050188850443120346,0.0025189207088019013,ok
real_vs_real,original,28000,29000,3451,0.05054593685875441,0.0025548917329291875,ok
real_vs_real,original,29000,30000,3333,0.05115499442399987,0.002616833454519458,ok
real_vs_real,original,30000,31000,3420,0.05143462498678162,0.0026455206475308603,ok
real_vs_real,original,31000,32000,3535,0.051308816583309366,0.002632594659179682,ok
real_vs_real,original,32000,33000,3445,0.05212001377763389,0.0027164958361807464,ok
real_vs_real,original,33000,34000,3370,0.05259226658759962,0.002765946504821147,ok
real_vs_real,original,34000,35000,3452,0.05221349508112257,0.002726249068586411,ok
real_vs_real,original,35000,36000,3392,0.05238802674613904,0.0027445053463541792,ok
real_vs_real,original,36000,37000,3231,0.053225421629623355,0.0028329455076511775,ok
real_vs_real,original,37000,38000,3336,0.05314566772775942,0.002824461998229409,ok
real_vs_real,original,38000,39000,3313,0.052597084924720386,0.0027664533425782486,ok
real_vs_real,original,39000,40000,3326,0.05297633950785612,0.0028064925476516374,ok
real_vs_real,original,40000,41000,3332,0.0530965881711856,0.002819247675420487,ok
real_vs_real,original,41000,42000,3308,0.053673149589319,0.002880806986837414,ok
real_vs_real,original,42000,43000,3255,0.053202216240845694,0.0028304758129377057,ok
real_vs_real,original,43000,44000,3258,0.05359912077339755,0.002872865747681257,ok
real_vs_real,original,44000,45000,3153,0.05364542677335416,0.0028778318136953034,ok
real_vs_real,original,45000,46000,3222,0.0534971383706308,0.0028619438138464187,ok
real_vs_real,original,46000,47000,3199,0.05408647799404423,0.0029253471018002306,ok
real_vs_real,original,47000,48000,3212,0.05387179358787908,0.0029021701443750496,ok
real_vs_real,original,48000,49000,3169,0.05385624794111837,0.002900495442295216,ok
real_vs_real,original,49000,50000,3244,0.05411681543639952,0.002928629712977329,ok
real_vs_real,original,50000,51000,3310,0.053810502781928546,0.0028955702096439394,ok
real_vs_real,original,51000,52000,3242,0.05398269262031927,0.0029141311025398724,ok
real_vs_real,original,52000,53000,3143,0.05381633517183033,0.0028961979313267823,ok
real_vs_real,original,53000,54000,3217,0.05376883223938317,0.002891087320386931,ok
real_vs_real,original,54000,55000,3137,0.053923035117434,0.0029076937162760205,ok
real_vs_real,original,55000,56000,3121,0.05407713618104763,0.002924336657543571,ok
real_vs_real,original,56000,57000,3042,0.055146070145356614,0.003041089052476592,ok
real_vs_real,original,57000,58000,3163,0.05387255399674413,0.0029022520741321116,ok
real_vs_real,original,58000,59000,3185,0.05481474549510502,0.003004656323693136,ok
real_vs_real,original,59000,60000,3182,0.05423555291166667,0.002941495199634195,ok
real_vs_real,original,60000,61000,2999,0.05467655317776305,0.0029895254674007507,ok
real_vs_real,original,61000,62000,3041,0.05478722295585916,0.0030016397992150205,ok
real_vs_real,original,62000,63000,2981,0.05487047950685893,0.003010769521312626,ok
real_vs_real,original,63000,64000,2969,0.05478109881071923,0.003000968786909784,ok
real_vs_real,original,64000,65000,3000,0.05491080869315628,0.0030151969113364073,ok
real_vs_real,original,65000,66000,3131,0.05432269735607407,0.0029509554480396166,ok
real_vs_real,original,66000,67000,3059,0.05469193503380332,0.002991207757741763,ok
real_vs_real,original,67000,68000,3063,0.0548336385708698,0.00300672791892078,ok
real_vs_real,original,68000,69000,2969,0.05484436208634109,0.0030079040526576877,ok
real_vs_real,original,69000,70000,2946,0.055140999552931426,0.003040529831696384,ok
real_vs_real,original,70000,71000,2950,0.055484155423773926,0.0030784915030895015,ok
real_vs_real,original,71000,72000,2911,0.054675648950523154,0.0029894265881608433,ok
real_vs_real,original,72000,73000,3010,0.055240755198000105,0.0030515410348453753,ok
real_vs_real,original,73000,74000,3015,0.05524307253156809,0.003051797062728093,ok
real_vs_real,original,74000,75000,2953,0.055451215478737007,0.0030748372980693227,ok
real_vs_real,original,75000,76000,3053,0.05487400357860769,0.0030111562687450493,ok
real_vs_real,original,76000,77000,2991,0.05480710043312322,0.0030038182578864554,ok
real_vs_real,original,77000,78000,2951,0.05472203797858108,0.00299450144052927,ok
real_vs_real,original,78000,79000,2918,0.054948857221332637,0.0030193769099303995,ok
real_vs_real,original,79000,80000,2906,0.05499735004193284,0.0030247085116348904,ok
real_vs_real,original,80000,81000,2968,0.05522921151804637,0.0030502658049051056,ok
real_vs_real,original,81000,82000,2980,0.05514512742339419,0.0030409850785423818,ok
real_vs_real,original,82000,83000,2937,0.05519564532424212,0.003046559262759531,ok
real_vs_real,original,83000,84000,3019,0.055152649162514056,0.003041814709643362,ok
real_vs_real,original,84000,85000,3020,0.05514210378535664,0.003040651609875043,ok
real_vs_real,original,85000,86000,2897,0.055701351348992484,0.003102640542103907,ok
real_vs_real,original,86000,87000,2976,0.05509694722498873,0.003035673593513193,ok
real_vs_real,original,87000,88000,2844,0.05546072588196383,0.0030758921153543326,ok
real_vs_real,original,88000,89000,2896,0.05557640254549209,0.0030887365198985803,ok
real_vs_real,original,89000,90000,3075,0.054824151266159506,0.003005687562054739,ok
real_vs_real,original,90000,91000,2970,0.054803775833749256,0.0030034538456358392,ok
real_vs_real,original,91000,92000,3039,0.054990109531633115,0.003023912146301007,ok
real_vs_real,original,92000,93000,3099,0.05442976715691235,0.0029625995527556943,ok
real_vs_real,original,93000,94000,2970,0.05504119220140978,0.003029532838952533,ok
real_vs_real,original,94000,95000,2891,0.05475498976592702,0.0029981089042667723,ok
real_vs_real,original,95000,96000,2953,0.055619818200992155,0.003093564176711418,ok
real_vs_real,original,96000,97000,2970,0.05492255606541803,0.003016487164758987,ok
real_vs_real,original,97000,98000,2895,0.05520126866176267,0.0030471800618681014,ok
real_vs_real,original,98000,99000,3014,0.05473458899987405,0.0029958752329851336,ok
real_vs_real,original,99000,100000,3033,0.055151078541905756,0.0030416414643354575,ok
real_vs_real,original,100000,101000,3114,0.05436580496517247,0.0029556407495111717,ok
real_vs_real,original,101000,102000,2995,0.054546771455553845,0.0029753502762244234,ok
real_vs_real,original,102000,103000,2897,0.05546829846352516,0.0030767321344387076,ok
real_vs_real,original,103000,104000,2912,0.055174392157331824,0.003044213549931039,ok
real_vs_real,original,104000,105000,2972,0.054984834978314016,0.0030233320775924243,ok
real_vs_real,original,105000,106000,2911,0.054680288182342586,0.002989933915704034,ok
real_vs_real,original,106000,107000,3047,0.054661463059163175,0.00298787554376826,ok
real_vs_real,original,107000,108000,2973,0.054613509575430944,0.0029826354281456877,ok
real_vs_real,original,108000,109000,3050,0.05439221393543129,0.002958512936797726,ok
real_vs_real,original,109000,110000,3088,0.0535822281120918,0.0028710551694562402,ok
real_vs_real,original,110000,111000,2998,0.054413413369348324,0.0029608195545035745,ok
real_vs_real,original,111000,112000,2938,0.054508001672468824,0.0029711222463258643,ok
real_vs_real,original,112000,113000,2877,0.05458310195992007,0.00297931501956703,ok
real_vs_real,original,113000,114000,2933,0.053959275538308905,0.002911603416619142,ok
real_vs_real,original,114000,115000,2879,0.054742563657438494,0.0029967482757887057,ok
real_vs_real,original,115000,116000,2955,0.05449357793092215,0.0029695500357134856,ok
real_vs_real,original,116000,117000,2985,0.05439721274135265,0.0029590567540279792,ok
real_vs_real,original,117000,118000,3103,0.053669772485924014,0.0028804444786908463,ok
real_vs_real,original,118000,119000,2790,0.05483346210451635,0.003006708566367431,ok
real_vs_real,original,119000,120000,2753,0.05495747520568601,0.0030203240809835922,ok
real_vs_real,original,120000,121000,2783,0.0548847378268142,0.00301233444631813,ok
real_vs_real,original,121000,122000,2647,0.05567814540023401,0.0031000558752096,ok
real_vs_real,original,122000,123000,2849,0.05490023648863262,0.0030140359665077883,ok
real_vs_real,original,123000,124000,2833,0.05497834081325041,0.0030226179585779163,ok
real_vs_real,original,124000,125000,2814,0.055250844141773114,0.0030526557783785045,ok
real_vs_real,original,125000,126000,2872,0.05514147068605094,0.0030405817894206153,ok
real_vs_real,original,126000,127000,2804,0.055055925524870514,0.003031154935400089,ok
real_vs_real,original,127000,128000,2655,0.055713544497639114,0.0031039990404904136,ok
real_vs_real,original,128000,129000,2672,0.05584145461882315,0.0031182680539460854,ok
real_vs_real,original,129000,130000,2607,0.05552054319722065,0.003082530716914444,ok
real_vs_real,original,130000,131000,2654,0.05579402240960735,0.0031129729366437668,ok
real_vs_real,original,131000,132000,2811,0.05533374194901774,0.0030618229980804855,ok
real_vs_real,original,132000,133000,2823,0.055353466158178204,0.0030640062157245795,ok
real_vs_real,original,133000,134000,2842,0.05510027836369843,0.003036040675757053,ok
real_vs_real,original,134000,135000,2834,0.0551279565768644,0.003039091596340647,ok
real_vs_real,original,135000,136000,2751,0.05505146948136525,0.00303066429205769,ok
real_vs_real,original,136000,137000,2629,0.05556707115338643,0.00308769939656551,ok
real_vs_real,original,137000,138000,2622,0.05529670922676503,0.0030577260513094005,ok
real_vs_real,original,138000,139000,2607,0.055797385447776265,0.0031133482228077143,ok
real_vs_real,original,139000,140000,2741,0.056013552344696814,0.0031375180462720896,ok
real_vs_real,original,140000,141000,2641,0.05587404149159315,0.003121908512604273,ok
real_vs_real,original,141000,142000,2646,0.05596696482822551,0.0031323011520838313,ok
real_vs_real,original,142000,143000,2796,0.05578151656478875,0.0031115775902678016,ok
real_vs_real,original,143000,144000,2539,0.05629396434444808,0.003169010421613992,ok
real_vs_real,original,144000,145000,2533,0.056737407526778263,0.003219133412859715,ok
real_vs_real,original,145000,146000,2477,0.056551371008886055,0.003198057562984678,ok
real_vs_real,original,146000,147000,2469,0.05680092140428291,0.0032263446723755245,ok
real_vs_real,original,147000,148000,2460,0.057591476030477116,0.0033167781113690206,ok
real_vs_real,original,148000,149000,2509,0.056747587715208776,0.003220288711495314,ok
real_vs_real,original,149000,150000,2559,0.05659162186037428,0.003202611664787592,ok
real_vs_real,original,150000,151000,2596,0.05646403526885658,0.0031881872788426797,ok
real_vs_real,original,151000,152000,2451,0.056712914424357205,0.003216354662504464,ok
real_vs_real,original,152000,153000,2419,0.05708450971814688,0.0032586412497612057,ok
real_vs_real,original,153000,154000,2331,0.05742299087166277,0.0032973998806470656,ok
real_vs_real,original,154000,155000,2254,0.05837482481070668,0.0034076201716806962,ok
real_vs_real,original,155000,156000,2259,0.05801370622275773,0.0033655901097004387,ok
real_vs_real,original,156000,157000,2283,0.05794319757035734,0.003357414144677465,ok
real_vs_real,original,157000,158000,2306,0.05785725898769958,0.003347462417569744,ok
real_vs_real,original,158000,159000,2341,0.05778222351052214,0.0033387853538199373,ok
real_vs_real,original,159000,160000,2283,0.05660566850020457,0.0032042017063550515,ok
real_vs_real,original,160000,161000,2287,0.05763702123348528,0.0033220262166692334,ok
real_vs_real,original,161000,162000,2030,0.05816750023109373,0.0033834580831342896,ok
real_vs_real,original,162000,163000,2119,0.05774395102935137,0.003334363880480129,ok
real_vs_real,original,163000,164000,2004,0.05811425412692864,0.0033772665327292425,ok
real_vs_real,original,164000,165000,1954,0.057702738470452715,0.0033296060269894633,ok
real_vs_real,original,165000,166000,1935,0.05771568331350394,0.0033311001003446775,ok
real_vs_real,original,166000,167000,1848,0.05859116693784715,0.003432924843138673,ok
real_vs_real,original,167000,168000,1907,0.05545503241690458,0.003075260620359938,ok
real_vs_real,original,168000,169000,1844,0.05626416114147703,0.003165655828954094,ok
real_vs_real,original,169000,170000,1639,0.056844246418944346,0.003231268350937667,ok
real_vs_real,original,170000,171000,1626,0.05711147003274457,0.003261720009301081,ok
real_vs_real,original,171000,172000,1476,0.05871577565336879,0.003447542310576735,ok
real_vs_real,original,172000,173000,1466,0.05719153214758305,0.0032708713493880257,ok
real_vs_real,original,173000,174000,1466,0.05735796588422649,0.0032899362503760895,ok
real_vs_real,original,174000,175000,1527,0.05712279918146664,0.003263014186326166,ok
real_vs_real,original,175000,176000,1578,0.054042431093262774,0.0029205843584700552,ok
real_vs_real,original,176000,177000,1659,0.056531682980445225,0.0031958311806015603,ok
real_vs_real,original,177000,178000,1580,0.05675197716519695,0.0032207869121590356,ok
real_vs_real,original,178000,179000,1585,0.056990930786118346,0.003247966191868132,ok
real_vs_real,original,179000,180000,1473,0.05803900840930535,0.0033685264971354168,ok
real_vs_real,original,180000,181000,1523,0.057022707737721175,0.0032515891977415662,ok
real_vs_real,original,181000,182000,1554,0.0559624216724696,0.0031317926394472955,ok
real_vs_real,original,182000,183000,1569,0.056619331009232145,0.0032057486439329964,ok
real_vs_real,original,183000,184000,1576,0.055470386690034484,0.0030769637995419546,ok
real_vs_real,original,184000,185000,1670,0.05400306206780462,0.002916330712699158,ok
real_vs_real,original,185000,186000,1638,0.05644003561632311,0.003185477620371821,ok
real_vs_real,original,186000,187000,1569,0.056156457372139354,0.003153547704588904,ok
real_vs_real,original,187000,188000,1612,0.056858974574295396,0.0032329429896403705,ok
real_vs_real,original,188000,189000,1496,0.05783586726939729,0.0033449875428033407,ok
real_vs_real,original,189000,190000,1531,0.05693736971560143,0.0032418640701310864,ok
real_vs_real,original,190000,191000,1553,0.05643401511126812,0.0031847980615788384,ok
real_vs_real,original,191000,192000,1556,0.055752370331092274,0.003108326797535258,ok
real_vs_real,original,192000,193000,1659,0.055378661859189236,0.003066796189314421,ok
real_vs_real,original,193000,194000,1593,0.05658719828114371,0.0032021110093094734,ok
real_vs_real,original,194000,195000,1526,0.05694148116288554,0.003242332277023249,ok
real_vs_real,original,195000,196000,1640,0.05618623438692511,0.003156892934582486,ok
real_vs_real,original,196000,197000,1489,0.05850543713552479,0.0034228861744188435,ok
real_vs_real,original,197000,198000,1531,0.05659605325484011,0.0032031132440246976,ok
real_vs_real,original,198000,199000,1561,0.05624473910188062,0.0031634706766386187,ok
real_vs_real,original,199000,200000,1520,0.05699402059834402,0.0032483183839644627,ok
real_vs_real,original,200000,201000,1570,0.055661272699535295,0.003098177278532033,ok
real_vs_real,original,201000,202000,1632,0.055539457491487185,0.0030846313384487118,ok
real_vs_real,original,202000,203000,1533,0.05657769185482481,0.0032010352156195097,ok
real_vs_real,original,203000,204000,1610,0.05713784415124529,0.0032647332342519955,ok
real_vs_real,original,204000,205000,1528,0.057638911953018734,0.0033222441711278456,ok
real_vs_real,original,205000,206000,1727,0.05797672626914462,0.003361300788887324,ok
real_vs_real,original,206000,207000,1873,0.058939004438019596,0.003473806244144894,ok
real_vs_real,original,207000,208000,2006,0.06026063562317287,0.003631344205708811,ok
real_vs_real,original,208000,209000,2248,0.059136339699042834,0.0034971066730005895,ok
real_vs_real,original,209000,210000,2423,0.05818845288418787,0.0033858960490553516,ok
real_vs_real,original,210000,211000,2438,0.05842717577550583,0.003413734869101855,ok
real_vs_real,original,211000,212000,2405,0.058252697984372576,0.003393376822458525,ok
real_vs_real,original,212000,213000,2502,0.05821221281558753,0.0033886617208872525,ok
real_vs_real,original,213000,214000,2440,0.057896901401366434,0.0033520511918795465,ok
real_vs_real,original,214000,215000,2571,0.05771521459993846,0.0033310459963169494,ok
real_vs_real,original,215000,216000,2566,0.05835726690676809,0.00340557060082777,ok
real_vs_real,original,216000,217000,2671,0.05739873449138667,0.003294614721212701,ok
real_vs_real,original,217000,218000,2792,0.05706362817596652,0.0032562576606049594,ok
real_vs_real,original,218000,219000,2665,0.05720185080231706,0.003272051735210541,ok
real_vs_real,original,219000,220000,2598,0.0576405729209427,0.0033224356466545124,ok
real_vs_real,original,220000,221000,2698,0.0568804166125849,0.003235381794021225,ok
real_vs_real,original,221000,222000,2603,0.05735244021222431,0.003289302398296764,ok
real_vs_real,original,222000,223000,2712,0.057018743826344136,0.0032511371475342577,ok
real_vs_real,original,223000,224000,2749,0.057045903214174944,0.0032542350735210155,ok
real_vs_real,original,224000,225000,2781,0.056508298312068536,0.003193187778125728,ok
real_vs_real,original,225000,226000,2915,0.05681114265385934,0.0032275059296371553,ok
real_vs_real,original,226000,227000,2855,0.05615886323242907,0.0031538179195586737,ok
real_vs_real,original,227000,228000,2635,0.057307672689923275,0.0032841693491353777,ok
real_vs_real,original,228000,229000,2896,0.05668933266565113,0.003213680438076861,ok
real_vs_real,original,229000,230000,2756,0.056372265511483145,0.0031778323188971524,ok
real_vs_real,original,230000,231000,2746,0.05713873813979246,0.0032648353962077734,ok
real_vs_real,original,231000,232000,2913,0.05620594455194752,0.0031591082029765994,ok
real_vs_real,original,232000,233000,2883,0.05638792488940339,0.003179598073332998,ok
real_vs_real,original,233000,234000,2910,0.05611138971445006,0.0031484880556868922,ok
real_vs_real,original,234000,235000,3044,0.05529415771341868,0.0030574438772364185,ok
real_vs_real,original,235000,236000,2866,0.05585940550495965,0.0031202731833675163,ok
real_vs_real,original,236000,237000,2843,0.05602179524108773,0.0031384415420343597,ok
real_vs_real,original,237000,238000,2796,0.056319501612965575,0.0031718862619328323,ok
real_vs_real,original,238000,239000,2780,0.05593533369339207,0.003128761555391122,ok
real_vs_real,original,239000,240000,2944,0.05590317577699398,0.003125165061953487,ok
real_vs_real,original,240000,241000,2948,0.05512230833428401,0.003038468876099877,ok
real_vs_real,original,241000,242000,2935,0.05525840716652284,0.0030534915625812227,ok
real_vs_real,original,242000,243000,3025,0.05486898596804674,0.00301060562116171,ok
real_vs_real,original,243000,244000,2856,0.055106755087754124,0.0030367544563017147,ok
real_vs_real,original,244000,245000,2995,0.05479627527030156,0.0030026317834986617,ok
real_vs_real,original,245000,246000,2922,0.05525504143322897,0.0030531196037878504,ok
real_vs_real,original,246000,247000,2897,0.05462822487363177,0.0029842429528440808,ok
real_vs_real,original,247000,248000,2996,0.054299131007186384,0.0029483956281355895,ok
real_vs_real,original,248000,249000,3088,0.05333763221363598,0.002844903010157099,ok
real_vs_real,original,249000,250000,3098,0.05296028737731369,0.0028047920390876515,ok
real_vs_real,original,250000,251000,3313,0.05205842218519178,0.002710079320411668,ok
real_vs_real,original,251000,252000,3062,0.05141917962327409,0.002643932033130525,ok
real_vs_real,original,252000,253000,3100,0.050809024057637424,0.002581556925689579,ok
real_vs_real,original,253000,254000,3167,0.049893790641614984,0.002489390344589307,ok
real_vs_real,original,254000,255000,3029,0.0494564905371265,0.002445944456248883,ok
real_vs_real,original,255000,256000,3089,0.048087318278963835,0.0023123901792623694,ok
real_vs_real,original,256000,257000,3269,0.046355876541249764,0.00214886728990759,ok
real_vs_real,original,257000,258000,3201,0.04542627441414439,0.0020635464071491493,ok
real_vs_real,original,258000,259000,3334,0.043152352999873064,0.0018621255694256536,ok
real_vs_real,original,259000,260000,3320,0.0420604709550531,0.0017690832169608654,ok
real_vs_real,original,260000,261000,3300,0.041088481594836336,0.0016882633197692041,ok
real_vs_real,original,261000,262000,3331,0.039317018632114696,0.001545827954118054,ok
real_vs_real,original,262000,263000,3267,0.03919895822792242,0.0015365583261544072,ok
real_vs_real,original,263000,264000,3279,0.03748742910442065,0.0014053073408589645,ok
real_vs_real,original,264000,265000,3402,0.036390377685161165,0.001324259588068676,ok
real_vs_real,original,265000,266000,3338,0.036881379110390924,0.0013602361250843798,ok
real_vs_real,original,266000,267000,3406,0.03705671122001438,0.0013731998464435395,ok
real_vs_real,original,267000,268000,3412,0.03704148636871302,0.001372071712403552,ok
real_vs_real,original,268000,269000,3276,0.037976797921223535,0.0014422371803494483,ok
real_vs_real,original,269000,270000,3152,0.0389058364670754,0.0015136641112028142,ok
real_vs_real,original,270000,271000,3307,0.04027308843734027,0.00162192165228183,ok
real_vs_real,original,271000,272000,3301,0.040741751303355465,0.0016598902992644667,ok
real_vs_real,original,272000,273000,3287,0.042721373391224164,0.0018251157444323961,ok
real_vs_real,original,273000,274000,3342,0.044757770830008994,0.002003258049671604,ok
real_vs_real,original,274000,275000,3348,0.04614439580047355,0.002129305263790761,ok
real_vs_real,original,275000,276000,3401,0.04728136276524209,0.0022355272649384216,ok
real_vs_real,original,276000,277000,3403,0.04800184746302602,0.0023041773598636173,ok
real_vs_real,original,277000,278000,3213,0.050023301912377825,0.002502330734216903,ok
real_vs_real,original,278000,279000,3266,0.05039244906802905,0.0025393989230739016,ok
real_vs_real,original,279000,280000,3290,0.05027420070804552,0.002527495256832845,ok
real_vs_real,original,280000,281000,3302,0.051568823291291706,0.0026593435356484702,ok
real_vs_real,original,281000,282000,3372,0.05191425409933782,0.0026950897786906136,ok
real_vs_real,original,282000,283000,3324,0.0526526206168537,0.0027722984578223272,ok
real_vs_real,original,283000,284000,3403,0.052508273909637214,0.0027571188289694883,ok
real_vs_real,original,284000,285000,3384,0.05194528528588745,0.002698312663432236,ok
real_vs_real,original,285000,286000,3310,0.05294884164164226,0.0028035798311917093,ok
real_vs_real,original,286000,287000,3307,0.05297261718660016,0.0028060981715980864,ok
real_vs_real,original,287000,288000,3202,0.053005282519574454,0.002809559974979905,ok
real_vs_real,original,288000,289000,3268,0.05282738149983186,0.0027907322361287778,ok
real_vs_real,original,289000,290000,3253,0.05332132788034553,0.002843164006923313,ok
real_vs_real,original,290000,291000,3197,0.053208101483624606,0.0028311020634916952,ok
real_vs_real,original,291000,292000,3269,0.0532300803415447,0.002833441453167304,ok
real_vs_real,original,292000,293000,3200,0.05317181637912159,0.0028272420570550232,ok
real_vs_real,original,293000,294000,3192,0.053122122821843955,0.0028219599330990743,ok
real_vs_real,original,294000,295000,3029,0.0540513995899999,0.0029215537976378415,ok
real_vs_real,original,295000,296000,3155,0.05348685089265094,0.002860843218412675,ok
real_vs_real,original,296000,297000,3020,0.05363797681571584,0.00287703255688327,ok
real_vs_real,original,297000,298000,3128,0.05359679004479768,0.002872615903106123,ok
real_vs_real,original,298000,299000,2997,0.05388033869812278,0.0029030908982244277,ok
real_vs_real,original,299000,300000,3068,0.053248133717082376,0.0028353637443522847,ok
real_vs_real,original,300000,301000,3136,0.053481101720390965,0.0028602282412268053,ok
real_vs_real,original,301000,302000,2942,0.05409314595197026,0.002926068438981157,ok
real_vs_real,original,302000,303000,2979,0.05387222706216674,0.0029022168486376506,ok
real_vs_real,original,303000,304000,2893,0.054204882377310956,0.002938169273538116,ok
real_vs_real,original,304000,305000,2884,0.05463106460117841,0.0029845532194581292,ok
real_vs_real,original,305000,306000,2988,0.053522355348525036,0.002864642522053786,ok
real_vs_real,original,306000,307000,2898,0.05426587955268515,0.0029447856836265327,ok
real_vs_real,original,307000,308000,2995,0.05363140842723555,0.0028763279698889527,ok
real_vs_real,original,308000,309000,2909,0.053771235318892004,0.002891345747719659,ok
real_vs_real,original,309000,310000,2971,0.053972887846538864,0.002913072622495063,ok
real_vs_real,original,310000,311000,2859,0.054794818954002775,0.0030024721842019414,ok
real_vs_real,original,311000,312000,2842,0.0544058514247556,0.0029599966692525808,ok
real_vs_real,original,312000,313000,2907,0.0540400762387523,0.0029203298398901615,ok
real_vs_real,original,313000,314000,2847,0.05430909138329568,0.002949477406879161,ok
real_vs_real,original,314000,315000,2892,0.054220033188687074,0.0029398119989823275,ok
real_vs_real,original,315000,316000,2765,0.05485105302105682,0.0030086380175187864,ok
real_vs_real,original,316000,317000,2874,0.054285096410740814,0.002946871692323425,ok
real_vs_real,original,317000,318000,2862,0.054378580101538704,0.002957029973859461,ok
real_vs_real,original,318000,319000,2853,0.054380210274172815,0.00295720726946325,ok
real_vs_real,original,319000,320000,2904,0.05445818937472036,0.002965694389972906,ok
real_vs_real,original,320000,321000,2758,0.054760924206207644,0.0029987588199180183,ok
real_vs_real,original,321000,322000,2872,0.05402096374595678,0.002918264524041977,ok
real_vs_real,original,322000,323000,2806,0.05432571982351301,0.0029512838343428347,ok
real_vs_real,original,323000,324000,2814,0.054414637575579204,0.0029609527824816365,ok
real_vs_real,original,324000,325000,2816,0.05482413769128907,0.0030056860735934226,ok
real_vs_real,original,325000,326000,2894,0.05465618978735938,0.002987299082071848,ok
real_vs_real,original,326000,327000,2833,0.054522842807272195,0.002972740387786513,ok
real_vs_real,original,327000,328000,2855,0.054744989982311816,0.0029970139281634213,ok
real_vs_real,original,328000,329000,2916,0.054488780913958756,0.0029690272454893957,ok
real_vs_real,original,329000,330000,2814,0.05453896266807948,0.002974498448910167,ok
real_vs_real,original,330000,331000,2864,0.05431519220512022,0.0029501401042791517,ok
real_vs_real,original,331000,332000,2877,0.054199591767531155,0.002937595747767031,ok
real_vs_real,original,332000,333000,2849,0.05483326111444435,0.003006686524444835,ok
real_vs_real,original,333000,334000,2882,0.05477676486212963,0.003000493968761039,ok
real_vs_real,original,334000,335000,3028,0.054363859028652796,0.002955429168487234,ok
real_vs_real,original,335000,336000,2880,0.0551739479974446,0.003044164537624721,ok
real_vs_real,original,336000,337000,2783,0.05554963464706353,0.003085761909422241,ok
real_vs_real,original,337000,338000,2950,0.054487371392213484,0.0029688736412330045,ok
real_vs_real,original,338000,339000,2918,0.05514568332818664,0.003041046389732642,ok
real_vs_real,original,339000,340000,2970,0.05442976980434845,0.002962599840954363,ok
real_vs_real,original,340000,341000,2946,0.05452412296387061,0.0029728799849792825,ok
real_vs_real,original,341000,342000,2948,0.05475206399620743,0.0029977885118447943,ok
real_vs_real,original,342000,343000,2836,0.05483908467344393,0.0030073252078211526,ok
real_vs_real,original,343000,344000,2968,0.05472868985724123,0.0029952294934900993,ok
real_vs_real,original,344000,345000,2908,0.05474574281452714,0.00299709635631435,ok
real_vs_real,original,345000,346000,2923,0.05473512614771824,0.0029959340344066295,ok
real_vs_real,original,346000,347000,2958,0.054575328725557974,0.0029784665055027134,ok
real_vs_real,original,347000,348000,2958,0.05466576499135297,0.002988345862089832,ok
real_vs_real,original,348000,349000,2913,0.0545975733482164,0.0029808950155138696,ok
real_vs_real,original,349000,350000,2988,0.05536031214861711,0.003064764161192323,ok
real_vs_real,original,350000,351000,2905,0.055046535127654256,0.003030121029560074,ok
real_vs_real,original,351000,352000,2969,0.05459816615830506,0.002980959747849888,ok
real_vs_real,original,352000,353000,2932,0.05530589916372552,0.003058742482308175,ok
real_vs_real,original,353000,354000,3035,0.05416020812660725,0.0029333281443174133,ok
real_vs_real,original,354000,355000,2984,0.05427124675092679,0.0029453682238999813,ok
real_vs_real,original,355000,356000,3027,0.0542147127684972,0.0029392350805706536,ok
real_vs_real,original,356000,357000,2957,0.054759564363934775,0.0029986098893279153,ok
real_vs_real,original,357000,358000,2938,0.05447579869119847,0.0029676126430439815,ok
real_vs_real,original,358000,359000,3019,0.05435071671576324,0.002954000407517146,ok
real_vs_real,original,359000,360000,2961,0.05414600723142318,0.0029317900991053312,ok
real_vs_real,original,360000,361000,3039,0.054244004315300035,0.0029424120041582884,ok
real_vs_real,original,361000,362000,2958,0.053807727942624645,0.002895271586347509,ok
real_vs_real,original,362000,363000,2913,0.054086604299283324,0.002925360764627253,ok
real_vs_real,original,363000,364000,2900,0.05395997621885886,0.002911679033539814,ok
real_vs_real,original,364000,365000,2837,0.05418446257633903,0.0029359559846866847,ok
real_vs_real,original,365000,366000,2828,0.05463552920114434,0.002985041051089096,ok
real_vs_real,original,366000,367000,2728,0.054810817998803545,0.0030042257696979665,ok
real_vs_real,original,367000,368000,2772,0.05463096124411007,0.0029845419264554565,ok
real_vs_real,original,368000,369000,2827,0.05429586235293566,0.002948040668648936,ok
real_vs_real,original,369000,370000,2739,0.05397465039127567,0.002913262884860435,ok
real_vs_real,original,370000,371000,2806,0.05427737389054077,0.0029460333164535567,ok
real_vs_real,original,371000,372000,2771,0.054047015811474516,0.0029210799181257764,ok
real_vs_real,original,372000,373000,2804,0.05384234324099498,0.002898997925681118,ok
real_vs_real,original,373000,374000,2685,0.05493234647813263,0.0030175626895936106,ok
real_vs_real,original,374000,375000,2810,0.05432422499256712,0.0029511214210430543,ok
real_vs_real,original,375000,376000,2681,0.054674213872766574,0.002989269662605021,ok
real_vs_real,original,376000,377000,2746,0.054810495308855275,0.003004190396002046,ok
real_vs_real,original,377000,378000,2788,0.05442120511971267,0.0029616675666818406,ok
real_vs_real,original,378000,379000,2696,0.05474744008049524,0.0029972821953674167,ok
real_vs_real,original,379000,380000,2826,0.05441358878498321,0.0029608386444612503,ok
real_vs_real,original,380000,381000,2764,0.053986531777706216,0.002914545613385283,ok
real_vs_real,original,381000,382000,2819,0.05459801065910852,0.002980942767932128,ok
real_vs_real,original,382000,383000,2788,0.05450662922239976,0.002970972629188163,ok
real_vs_real,original,383000,384000,2728,0.054622464664758764,0.0029836136460528197,ok
real_vs_real,original,384000,385000,2680,0.05469511203431512,0.0029915552804462824,ok
real_vs_real,original,385000,386000,2683,0.05510874807559632,0.0030369741144595412,ok
real_vs_real,original,386000,387000,2685,0.05481405052790599,0.003004580135275831,ok
real_vs_real,original,387000,388000,2677,0.05437804726805263,0.002956972024686566,ok
real_vs_real,original,388000,389000,2690,0.05421507264779255,0.0029392741022054238,ok
real_vs_real,original,389000,390000,2778,0.05417330868260946,0.0029347473736212894,ok
real_vs_real,original,390000,391000,2651,0.05496083801238744,0.003020693715023892,ok
real_vs_real,original,391000,392000,2642,0.055388402846967597,0.003067875169937968,ok
real_vs_real,original,392000,393000,2652,0.055001278448929644,0.0030251406310166924,ok
real_vs_real,original,393000,394000,2591,0.055075068932624635,0.003033263217933355,ok
real_vs_real,original,394000,395000,2651,0.05467036154645911,0.0029888484316205545,ok
real_vs_real,original,395000,396000,2621,0.05500523740223161,0.0030255761416758593,ok
real_vs_real,original,396000,397000,2612,0.05507470004953627,0.0030332225855463904,ok
real_vs_real,original,397000,398000,2649,0.05495600564343852,0.0030201625562816465,ok
real_vs_real,original,398000,399000,2585,0.054865436584226886,0.003010216131577822,ok
real_vs_real,original,399000,400000,2529,0.0555055943720906,0.0030808710065990553,ok
real_vs_real,original,400000,401000,2570,0.055414947223125566,0.0030708163757417915,ok
real_vs_real,original,401000,402000,2587,0.0549726747420141,0.003021994968291275,ok
real_vs_real,original,402000,403000,2554,0.055144694200706466,0.0030409372984894294,ok
real_vs_real,original,403000,404000,2584,0.05542608679385414,0.0030720510972798527,ok
real_vs_real,original,404000,405000,2551,0.055415957318154706,0.0030709283254875437,ok
real_vs_real,original,405000,406000,2490,0.05533622236542503,0.003062097505675765,ok
real_vs_real,original,406000,407000,2508,0.05568001132209609,0.0031002636608287483,ok
real_vs_real,original,407000,408000,2497,0.056433972517843455,0.0031847932541447105,ok
real_vs_real,original,408000,409000,2460,0.0558309332204305,0.00311709310426417,ok
real_vs_real,original,409000,410000,2426,0.056421050144303875,0.003183334899386052,ok
real_vs_real,original,410000,411000,2434,0.05654978826568894,0.0031978785528942503,ok
real_vs_real,original,411000,412000,2349,0.056338443934727554,0.00317402026498644,ok
real_vs_real,original,412000,413000,2348,0.056092540341340445,0.003146373081944905,ok
real_vs_real,original,413000,414000,2423,0.0556203253199005,0.0030936205886915647,ok
real_vs_real,original,414000,415000,2296,0.057049413487067636,0.003254635579218415,ok
real_vs_real,original,415000,416000,2187,0.056207692728301756,0.003159304721839186,ok
real_vs_real,original,416000,417000,2240,0.05717498572514411,0.0032689789926704325,ok
real_vs_real,original,417000,418000,2045,0.05814620105143541,0.003380980696713949,ok
real_vs_real,original,418000,419000,1986,0.057412280244394306,0.0032961699228608687,ok
real_vs_real,original,419000,420000,1924,0.05801165675826671,0.003365352319838951,ok
real_vs_real,original,420000,421000,1862,0.05760165669696617,0.0033179508542351484,ok
real_vs_real,original,421000,422000,1739,0.05854426877876935,0.003427431406840788,ok
real_vs_real,original,422000,423000,1877,0.058103927898265274,0.0033760664372068094,ok
real_vs_real,original,423000,424000,1790,0.0596468157295226,0.0035577426266716248,ok
real_vs_real,original,424000,425000,1805,0.059418464500304725,0.003530553923573973,ok
real_vs_real,original,425000,426000,1834,0.05931098965941051,0.0035177934943787003,ok
real_vs_real,original,426000,427000,1685,0.06081185747896465,0.0036980820100419084,ok
real_vs_real,original,427000,428000,1712,0.05931353774845106,0.0035180957602369283,ok
real_vs_real,original,428000,429000,1688,0.0595052634079489,0.003540876373249382,ok
real_vs_real,original,429000,430000,1682,0.05914773730257059,0.0034984548280139007,ok
real_vs_real,original,430000,431000,1773,0.05894908797582265,0.003474994973181278,ok
real_vs_real,original,431000,432000,1876,0.0580208916664819,0.0033664238697736293,ok
real_vs_real,original,432000,433000,1753,0.06003165287461877,0.0036037993468587244,ok
real_vs_real,original,433000,434000,1796,0.059739504117169474,0.0035688083521653088,ok
real_vs_real,original,434000,435000,1740,0.05944758514235006,0.0035340153792569598,ok
real_vs_real,original,435000,436000,1665,0.05942310957623143,0.0035311059517088078,ok
real_vs_real,original,436000,437000,1755,0.05981766249475217,0.0035781527463360804,ok
real_vs_real,original,437000,438000,1737,0.05829570056398702,0.0033983887042460365,ok
real_vs_real,original,438000,439000,1735,0.05900572331717683,0.003481675384183225,ok
real_vs_real,original,439000,440000,1780,0.059680280544927765,0.0035617358859212833,ok
real_vs_real,original,440000,441000,1825,0.058943448834126715,0.003474330160461314,ok
real_vs_real,original,441000,442000,1775,0.06000583549760742,0.0036007002937659227,ok
real_vs_real,original,442000,443000,1778,0.05979711428307904,0.003575694876583615,ok
real_vs_real,original,443000,444000,1710,0.06002075532253142,0.003602491069487184,ok
real_vs_real,original,444000,445000,1743,0.059688747954461364,0.0035627466323712156,ok
real_vs_real,original,445000,446000,1749,0.058912655930534394,0.003470701028789529,ok
real_vs_real,original,446000,447000,1739,0.05859282769229058,0.003433119456978454,ok
real_vs_real,original,447000,448000,1775,0.0587550175361719,0.0034521520856758674,ok
real_vs_real,original,448000,449000,1754,0.05936139275666148,0.0035237749500106226,ok
real_vs_real,original,449000,450000,1777,0.05897202090631241,0.0034776992497745477,ok
real_vs_real,original,450000,451000,1747,0.0595885346396654,0.003550793460502604,ok
real_vs_real,original,451000,452000,1719,0.05911700992293151,0.0034948208622279826,ok
real_vs_real,original,452000,453000,1657,0.059478388039900035,0.0035376786438249233,ok
real_vs_real,original,453000,454000,1763,0.05795081721937402,0.0033582972163932966,ok
real_vs_real,original,454000,455000,1833,0.05841764059093032,0.0034126207322111093,ok
real_vs_real,original,455000,456000,2009,0.05725760425344544,0.0032784332448441734,ok
real_vs_real,original,456000,457000,2035,0.05728920377668347,0.0032820528693663633,ok
real_vs_real,original,457000,458000,2164,0.05772268156402385,0.003331907966941699,ok
real_vs_real,original,458000,459000,2134,0.05740035053783986,0.003294800241866893,ok
real_vs_real,original,459000,460000,2281,0.05686593951717738,0.003233735077171276,ok
real_vs_real,original,460000,461000,2328,0.05678593977129903,0.0032246429557096015,ok
real_vs_real,original,461000,462000,2241,0.05678213356428647,0.003224210692112468,ok
real_vs_real,original,462000,463000,2380,0.05628077792560422,0.003167525963911179,ok
real_vs_real,original,463000,464000,2516,0.05554580700376145,0.0030853366756991144,ok
real_vs_real,original,464000,465000,2471,0.05538288299372238,0.0030672637286963435,ok
real_vs_real,original,465000,466000,2543,0.05505881203283598,0.0030314727824671643,ok
real_vs_real,original,466000,467000,2528,0.054953833416627004,0.0030199238071823907,ok
real_vs_real,original,467000,468000,2563,0.05525780469133111,0.0030534249793052947,ok
real_vs_real,original,468000,469000,2591,0.0548469257498412,0.0030081852642085934,ok
real_vs_real,original,469000,470000,2609,0.05497226595730995,0.0030219500244812185,ok
real_vs_real,original,470000,471000,2597,0.05481750698521363,0.0030049590720739447,ok
real_vs_real,original,471000,472000,2791,0.05404719356851591,0.0029210991326326275,ok
real_vs_real,original,472000,473000,2692,0.053875788047544886,0.0029026005377439804,ok
real_vs_real,original,473000,474000,2696,0.054626533104286744,0.0029840581189937354,ok
real_vs_real,original,474000,475000,2750,0.05455084228096944,0.0029757943935632028,ok
real_vs_real,original,475000,476000,2700,0.05432880981899513,0.0029516195763485413,ok
real_vs_real,original,476000,477000,2817,0.05396664153715285,0.0029123983987995516,ok
real_vs_real,original,477000,478000,2761,0.05450604843336502,0.0029709093158203333,ok
real_vs_real,original,478000,479000,2730,0.05394988830462171,0.0029105904480811583,ok
real_vs_real,original,479000,480000,2879,0.0533485062040654,0.0028460631142052046,ok
real_vs_real,original,480000,481000,2890,0.052862005984849685,0.002794391676742284,ok
real_vs_real,original,481000,482000,2840,0.05388543062220147,0.002903639633340088,ok
real_vs_real,original,482000,483000,2820,0.05377375229151392,0.0028916164355090985,ok
real_vs_real,original,483000,484000,2855,0.053538407085368236,0.002866361033238608,ok
real_vs_real,original,484000,485000,2833,0.05379068607628692,0.002893437908557647,ok
real_vs_real,original,485000,486000,2880,0.05337791654406535,0.002849201974585206,ok
real_vs_real,original,486000,487000,2870,0.05294092798598749,0.0028027418560175135,ok
real_vs_real,original,487000,488000,2839,0.05394451412926941,0.0029100106046429466,ok
real_vs_real,original,488000,489000,2941,0.052664119021385736,0.002773509432298683,ok
real_vs_real,original,489000,490000,2985,0.053023621831151155,0.0028115044720929297,ok
real_vs_real,original,490000,491000,3021,0.05321718879022958,0.002832069182734937,ok
real_vs_real,original,491000,492000,3217,0.053098893108539304,0.0028194924493520827,ok
real_vs_real,original,492000,493000,3058,0.05364105326183496,0.0028773625950390147,ok
real_vs_real,original,493000,494000,3260,0.05270026347138805,0.002777317769953718,ok
real_vs_real,original,494000,495000,3264,0.05273603087135087,0.002781088952064072,ok
real_vs_real,original,495000,496000,3263,0.05240177031117115,0.002745945531744738,ok
real_vs_real,original,496000,497000,3358,0.051924339892962613,0.0026961370733199087,ok
real_vs_real,original,497000,498000,3248,0.0518033206132387,0.0026835840265580016,ok
real_vs_real,original,498000,499000,3279,0.052469182048729454,0.002753015064862713,ok
real_vs_real,original,499000,500000,3374,0.05165750070848928,0.0026684973794475707,ok
real_vs_real,original,500000,501000,3262,0.0513580887089099,0.0026376532758322583,ok
real_vs_real,original,501000,502000,3328,0.050569288325425815,0.0025572529217400474,ok
real_vs_real,original,502000,503000,3359,0.04955624731791237,0.002455821648234097,ok
real_vs_real,original,503000,504000,3321,0.04885444665579749,0.0023867569580441625,ok
real_vs_real,original,504000,505000,3362,0.04763685779621637,0.00226927022069694,ok
real_vs_real,original,505000,506000,3464,0.04668392587830445,0.002179388935411024,ok
real_vs_real,original,506000,507000,3476,0.04451180183231698,0.0019813005023594575,ok
real_vs_real,original,507000,508000,3390,0.042871800696905125,0.0018379912949951546,ok
real_vs_real,original,508000,509000,3454,0.03973921310333226,0.0015792050580720547,ok
real_vs_real,original,509000,510000,3479,0.0362083437587563,0.001311044157752266,ok
real_vs_real,original,510000,511000,3411,0.031310232647315764,0.000980330668429038,ok
real_vs_real,original,511000,512000,3459,0.028039883706247538,0.0007862350782598861,ok
real_vs_real,original,512000,513000,3479,0.024853981568424367,0.0006177203998035783,ok
real_vs_real,original,513000,514000,3495,0.02299312236095934,0.0005286836759060484,ok
real_vs_real,original,514000,515000,3482,0.02389121644686622,0.000570790223311011,ok
real_vs_real,original,515000,516000,3579,0.026475662188207225,0.0007009606883040657,ok
real_vs_real,original,516000,517000,3473,0.031009158741282513,0.0009615679258420577,ok
real_vs_real,original,517000,518000,3520,0.03432030362447956,0.001177883240876465,ok
real_vs_real,original,518000,519000,3552,0.0378238716249605,0.0014306452647014922,ok
real_vs_real,original,519000,520000,3522,0.041919434424652666,0.001757238982482755,ok
real_vs_real,original,520000,521000,3373,0.04440780919502449,0.0019720535175017013,ok
real_vs_real,original,521000,522000,3501,0.045971120550397745,0.002113343924659202,ok
real_vs_real,original,522000,523000,3530,0.047181821416035136,0.0022261242721346316,ok
real_vs_real,original,523000,524000,3468,0.04872153537095347,0.00237378800890307,ok
real_vs_real,original,524000,525000,3473,0.049305869554108296,0.0024310687724867436,ok
real_vs_real,original,525000,526000,3559,0.05002115458697758,0.0025021159062143085,ok
real_vs_real,original,526000,527000,3514,0.05042330741454921,0.002542509930622133,ok
real_vs_real,original,527000,528000,3360,0.05177633758208259,0.0026807891334137777,ok
real_vs_real,original,528000,529000,3387,0.05232481132598829,0.0027378858803002726,ok
real_vs_real,original,529000,530000,3337,0.052404966649754095,0.0027462805295618386,ok
real_vs_real,original,530000,531000,3470,0.05227760456533088,0.0027329479390891037,ok
real_vs_real,original,531000,532000,3303,0.053281649906995694,0.002838934216811654,ok
real_vs_real,original,532000,533000,3416,0.052761794174184286,0.002783806924478987,ok
real_vs_real,original,533000,534000,3392,0.05276666249009776,0.0027843206703438896,ok
real_vs_real,original,534000,535000,3472,0.0526103987089926,0.0027678540523191704,ok
real_vs_real,original,535000,536000,3240,0.05368079475428391,0.0028816277254515546,ok
real_vs_real,original,536000,537000,3320,0.053223489217362654,0.0028327398044707187,ok
real_vs_real,original,537000,538000,3208,0.0535070320827176,0.0028630024823009708,ok
real_vs_real,original,538000,539000,3266,0.05378443222634984,0.0028927651499108193,ok
real_vs_real,original,539000,540000,3340,0.053521942634500795,0.002864598343370794,ok
real_vs_real,original,540000,541000,3290,0.05375238292801912,0.002889318670440401,ok
real_vs_real,original,541000,542000,3268,0.053903995918941516,0.0029056407760292636,ok
real_vs_real,original,542000,543000,3315,0.0534886784013107,0.0028610387171188415,ok
real_vs_real,original,543000,544000,3226,0.05378318632681746,0.002892631131465165,ok
real_vs_real,original,544000,545000,3176,0.054302632633752346,0.002948775910956265,ok
real_vs_real,original,545000,546000,3149,0.05403712229445673,0.002920010585866073,ok
real_vs_real,original,546000,547000,3136,0.05460124401987028,0.00298129584851742,ok
real_vs_real,original,547000,548000,3187,0.054107374712545814,0.0029276079982838423,ok
real_vs_real,original,548000,549000,3207,0.05434414144819129,0.002953285709741022,ok
real_vs_real,original,549000,550000,3422,0.05343549440604973,0.0028553520624189717,ok
real_vs_real,original,550000,551000,3305,0.05407487749848165,0.0029240923764757972,ok
real_vs_real,original,551000,552000,3155,0.05443011330932872,0.002962637234866363,ok
real_vs_real,original,552000,553000,3132,0.0542883320076216,0.0029472229921697515,ok
real_vs_real,original,553000,554000,3047,0.054554974522729505,0.002976245245175665,ok
real_vs_real,original,554000,555000,3060,0.054435784612411824,0.002963254646368892,ok
real_vs_real,original,555000,556000,3146,0.05457847309132039,0.0029788097249799843,ok
real_vs_real,original,556000,557000,3122,0.054705972837798884,0.002992743464129989,ok
real_vs_real,original,557000,558000,3123,0.05493807915848505,0.00301819254162397,ok
real_vs_real,original,558000,559000,3161,0.05497083268708015,0.0030217924463109593,ok
real_vs_real,original,559000,560000,3112,0.054726181963122504,0.002994954992260795,ok
real_vs_real,original,560000,561000,2992,0.05506727224339103,0.003032404472327744,ok
real_vs_real,original,561000,562000,3001,0.055382224875627044,0.003067190832174523,ok
real_vs_real,original,562000,563000,2888,0.055767820296960244,0.0031100497806740507,ok
real_vs_real,original,563000,564000,2920,0.05512407464116954,0.003038663605045231,ok
real_vs_real,original,564000,565000,3042,0.05540777893530752,0.0030700219665439074,ok
real_vs_real,original,565000,566000,3041,0.05493582520903653,0.003017944891397814,ok
real_vs_real,original,566000,567000,3051,0.05515312280268936,0.0030418669548885327,ok
real_vs_real,original,567000,568000,3125,0.0549311518372704,0.0030174314421692557,ok
real_vs_real,original,568000,569000,2959,0.055298548621076866,0.0030579294795976025,ok
real_vs_real,original,569000,570000,2964,0.05575386856895528,0.003108493860404339,ok
real_vs_real,original,570000,571000,2897,0.055588520050658695,0.003090083561422484,ok
real_vs_real,original,571000,572000,2879,0.0558331526586142,0.003117340935800118,ok
real_vs_real,original,572000,573000,2941,0.05542961440033651,0.0030724421525699925,ok
real_vs_real,original,573000,574000,2938,0.05583229483785569,0.0031172451468612474,ok
real_vs_real,original,574000,575000,3027,0.05523435621032495,0.003050834105969062,ok
real_vs_real,original,575000,576000,3039,0.05499968107730318,0.003024964918605061,ok
real_vs_real,original,576000,577000,2928,0.055357090395050865,0.0030644074570058324,ok
real_vs_real,original,577000,578000,2954,0.055352438040954015,0.003063892397077653,ok
real_vs_real,original,578000,579000,2903,0.05543969949554415,0.003073560280156238,ok
real_vs_real,original,579000,580000,2912,0.055619681185275424,0.0030935489351516807,ok
real_vs_real,original,580000,581000,2907,0.05558285047439979,0.0030894532668594853,ok
real_vs_real,original,581000,582000,2960,0.055598607514178985,0.00309120515751572,ok
real_vs_real,original,582000,583000,3049,0.05511295130337537,0.0030374374013682247,ok
real_vs_real,original,583000,584000,3031,0.0554220272620624,0.003071601105836788,ok
real_vs_real,original,584000,585000,3099,0.05506086614794473,0.003031698980961886,ok
real_vs_real,original,585000,586000,2988,0.05525444630742294,0.0030530538367398844,ok
real_vs_real,original,586000,587000,2924,0.05593809265615768,0.0031290702100088817,ok
real_vs_real,original,587000,588000,2907,0.055159130927472697,0.0030425297246740746,ok
real_vs_real,original,588000,589000,2886,0.05534299450870565,0.003062847041190623,ok
real_vs_real,original,589000,590000,3040,0.054815562276362285,0.0030047458676737524,ok
real_vs_real,original,590000,591000,2901,0.05558331991396262,0.0030895054526579135,ok
real_vs_real,original,591000,592000,3057,0.05550749726806554,0.0030810822529643033,ok
real_vs_real,original,592000,593000,3087,0.05462216986090726,0.0029835814403138057,ok
real_vs_real,original,593000,594000,3015,0.054680718400780044,0.0029899809648254055,ok
real_vs_real,original,594000,595000,2950,0.055345036546400675,0.003063073070322426,ok
real_vs_real,original,595000,596000,2951,0.05548280559450364,0.003078341716637484,ok
real_vs_real,original,596000,597000,2833,0.0555878403008712,0.0030900079893151607,ok
real_vs_real,original,597000,598000,2986,0.05510294572571622,0.003036334627651227,ok
real_vs_real,original,598000,599000,3040,0.05519140313122306,0.0030460909795931787,ok
real_vs_real,original,599000,600000,2992,0.05511195181585221,0.0030373272329528157,ok
real_vs_real,original,600000,601000,3101,0.054579495507208656,0.00297892132982141,ok
real_vs_real,original,601000,602000,3004,0.054918790309348965,0.0030160735290422416,ok
real_vs_real,original,602000,603000,2877,0.05541631517238643,0.0030709679872852665,ok
real_vs_real,original,603000,604000,2956,0.05517759938595045,0.00304456747399644,ok
real_vs_real,original,604000,605000,2901,0.05490629618511409,0.003014701360767474,ok
real_vs_real,original,605000,606000,2904,0.054657420277727825,0.002987433591416173,ok
real_vs_real,original,606000,607000,3023,0.054625571151639185,0.0029839530236427953,ok
real_vs_real,original,607000,608000,3019,0.05478184603638462,0.003001050655154149,ok
real_vs_real,original,608000,609000,3040,0.05435188962728622,0.002954127906056704,ok
real_vs_real,original,609000,610000,3033,0.054456781935274964,0.0029655410987460894,ok
real_vs_real,original,610000,611000,2895,0.05471418304783351,0.002993641826591832,ok
real_vs_real,original,611000,612000,2902,0.05497777854633389,0.0030225561338897314,ok
real_vs_real,original,612000,613000,2799,0.05485567451721408,0.0030091450267385298,ok
real_vs_real,original,613000,614000,2817,0.054993427317543836,0.0030242770481299767,ok
real_vs_real,original,614000,615000,2889,0.05489088053429935,0.0030130087658307232,ok
real_vs_real,original,615000,616000,2815,0.055187041602240805,0.0030456095608074572,ok
real_vs_real,original,616000,617000,2864,0.05477190467893836,0.00299996154215871,ok
real_vs_real,original,617000,618000,3040,0.05394699281569328,0.0029102780338564624,ok
real_vs_real,original,618000,619000,2792,0.05521469809369367,0.0030486628855777398,ok
real_vs_real,original,619000,620000,2736,0.05516601132645136,0.00304328880567016,ok
real_vs_real,original,620000,621000,2733,0.05530306892978625,0.0030584294330526893,ok
real_vs_real,original,621000,622000,2670,0.05540972785655227,0.0030702379411371846,ok
real_vs_real,original,622000,623000,2812,0.055414341252831754,0.003070749216485291,ok
real_vs_real,original,623000,624000,2766,0.055624108166567106,0.0030940414093259577,ok
real_vs_real,original,624000,625000,2736,0.05595843557111701,0.0031313465115668532,ok
real_vs_real,original,625000,626000,2875,0.05491504100079757,0.0030156617281192778,ok
real_vs_real,original,626000,627000,2841,0.05496630059681019,0.003021294201298896,ok
real_vs_real,original,627000,628000,2690,0.05543933112701333,0.0030735194358106296,ok
real_vs_real,original,628000,629000,2675,0.05577793727246785,0.003111178286371358,ok
real_vs_real,original,629000,630000,2638,0.05602893680107223,0.003139241759058546,ok
real_vs_real,original,630000,631000,2668,0.056030899789343086,0.0031394617312034074,ok
real_vs_real,original,631000,632000,2895,0.055323836817068935,0.0030607269201616723,ok
real_vs_real,original,632000,633000,2732,0.05520306887367559,0.0030473788130717713,ok
real_vs_real,original,633000,634000,2801,0.05553496041435784,0.0030841318282242925,ok
real_vs_real,original,634000,635000,2742,0.055567200705980396,0.003087713794298708,ok
real_vs_real,original,635000,636000,2534,0.05619098918578434,0.003157427265676933,ok
real_vs_real,original,636000,637000,2620,0.05651045686454335,0.003193431735039414,ok
real_vs_real,original,637000,638000,2541,0.05649153928306658,0.003191294010570254,ok
real_vs_real,original,638000,639000,2559,0.056953886141404765,0.0032437451466080978,ok
real_vs_real,original,639000,640000,2629,0.055822015689534835,0.003116097435642673,ok
real_vs_real,original,640000,641000,2568,0.05693966427121205,0.0032421253673183413,ok
real_vs_real,original,641000,642000,2689,0.05628431900927829,0.003167924566338206,ok
real_vs_real,original,642000,643000,2626,0.056092484902065795,0.003146366862488479,ok
real_vs_real,original,643000,644000,2550,0.05657699935653295,0.00320095685618913,ok
real_vs_real,original,644000,645000,2374,0.05750091694242633,0.0033063554492198115,ok
real_vs_real,original,645000,646000,2477,0.05684122885688755,0.0032309252979610655,ok
real_vs_real,original,646000,647000,2417,0.05738259353387455,0.0032927620406738617,ok
real_vs_real,original,647000,648000,2286,0.05856318587131624,0.0034296467393983335,ok
real_vs_real,original,648000,649000,2495,0.057422001847460484,0.0032972862961697554,ok
real_vs_real,original,649000,650000,2416,0.05750695610129353,0.003307050000036101,ok
real_vs_real,original,650000,651000,2493,0.05714275708862846,0.0032652946876899984,ok
real_vs_real,original,651000,652000,2471,0.056446223058903136,0.0031861760976154485,ok
real_vs_real,original,652000,653000,2252,0.058398484932146645,0.003410383042370159,ok
real_vs_real,original,653000,654000,2335,0.05776670317180391,0.0033369919953393,ok
real_vs_real,original,654000,655000,2165,0.058320855143814215,0.0034013221447057613,ok
real_vs_real,original,655000,656000,2130,0.058738732807971525,0.0034502387318862703,ok
real_vs_real,original,656000,657000,2255,0.0580252183770138,0.00336692596770014,ok
real_vs_real,original,657000,658000,2132,0.058539814414919095,0.0034269098717331697,ok
real_vs_real,original,658000,659000,2218,0.05763368705066384,0.0033216418830538563,ok
real_vs_real,original,659000,660000,2245,0.0569140088668953,0.003239204405301037,ok
real_vs_real,original,660000,661000,1991,0.05851758283111891,0.0034243075003968625,ok
real_vs_real,original,661000,662000,1946,0.05892202356597526,0.0034718048611093433,ok
real_vs_real,original,662000,663000,1870,0.0592982544077489,0.003516282975806112,ok
real_vs_real,original,663000,664000,1799,0.058832669136195906,0.003461282957689098,ok
real_vs_real,original,664000,665000,1802,0.05798741967869213,0.0033625408409927713,ok
real_vs_real,original,665000,666000,1734,0.057693277531769775,0.0033285142723578115,ok
real_vs_real,original,666000,667000,1647,0.05739918730805089,0.0032946667036247105,ok
real_vs_real,original,667000,668000,1720,0.05644463799551831,0.0031859971584451098,ok
real_vs_real,original,668000,669000,1619,0.056349443849134595,0.003175259822106773,ok
real_vs_real,original,669000,670000,1450,0.05821945202193737,0.003389504593734668,ok
real_vs_real,original,670000,671000,1599,0.056663852930021776,0.0032107922288751377,ok
real_vs_real,original,671000,672000,1414,0.059155572998992254,0.0034993818168391013,ok
real_vs_real,original,672000,673000,1425,0.0586670070901749,0.0034418177209186323,ok
real_vs_real,original,673000,674000,1507,0.05579257230075718,0.003112811123935217,ok
real_vs_real,original,674000,675000,1505,0.05720749855255545,0.0032726978906406335,ok
real_vs_real,original,675000,676000,1652,0.05418586317399083,0.0029361077679104556,ok
real_vs_real,original,676000,677000,1663,0.0557432249064193,0.0031073071229676453,ok
real_vs_real,original,677000,678000,1490,0.05713317795510164,0.0032642000232493114,ok
real_vs_real,original,678000,679000,1528,0.05722716179346788,0.0032749480469357497,ok
real_vs_real,original,679000,680000,1482,0.057918498372280254,0.00335455245369983,ok
real_vs_real,original,680000,681000,1469,0.05746879176336111,0.0033026620267405616,ok
real_vs_real,original,681000,682000,1523,0.056509135951394375,0.003193282445973172,ok
real_vs_real,original,682000,683000,1590,0.05552615948677714,0.0030831543873510105,ok
real_vs_real,original,683000,684000,1577,0.05562349213526184,0.0030939728773215357,ok
real_vs_real,original,684000,685000,1659,0.05467636845947127,0.0029895052679158643,ok
real_vs_real,original,685000,686000,1555,0.05762119841325634,0.0033202025065798544,ok
real_vs_real,original,686000,687000,1594,0.05643662694653073,0.003185092861101879,ok
real_vs_real,original,687000,688000,1599,0.05628710081474239,0.0031682377181289734,ok
real_vs_real,original,688000,689000,1542,0.05754455069458186,0.0033113753146413014,ok
real_vs_real,original,689000,690000,1471,0.05740649203512702,0.0032955053277791027,ok
real_vs_real,original,690000,691000,1544,0.05657525851663739,0.0032007598762243514,ok
real_vs_real,original,691000,692000,1482,0.056218577697117016,0.0031605284782867827,ok
real_vs_real,original,692000,693000,1633,0.055580398261932104,0.0030891806709549855,ok
real_vs_real,original,693000,694000,1541,0.056731729575231246,0.0032184891405971673,ok
real_vs_real,original,694000,695000,1575,0.05718558454534392,0.0032701910797926777,ok
real_vs_real,original,695000,696000,1529,0.05748898047132627,0.0033049828756325336,ok
real_vs_real,original,696000,697000,1543,0.056967155970234884,0.0032452568593370683,ok
real_vs_real,original,697000,698000,1481,0.0569572065963774,0.0032441233832624173,ok
real_vs_real,original,698000,699000,1489,0.05690184110767193,0.0032378195214427426,ok
real_vs_real,original,699000,700000,1462,0.056841073264423954,0.003230907609851612,ok
real_vs_real,original,700000,701000,1560,0.05588418315617096,0.0031230419270324625,ok
real_vs_real,original,701000,702000,1610,0.05515038923240159,0.0030415654324853973,ok
real_vs_real,original,702000,703000,1508,0.05712921710139087,0.0032637474466178508,ok
real_vs_real,original,703000,704000,1633,0.05687937750477109,0.0032352635853302595,ok
real_vs_real,original,704000,705000,1664,0.05894769522886658,0.00347483077279534,ok
real_vs_real,original,705000,706000,1884,0.05919112370745488,0.0035035891257512272,ok
real_vs_real,original,706000,707000,2081,0.0597841514829167,0.003574144768532331,ok
real_vs_real,original,707000,708000,2129,0.059558894534333426,0.003547261918151852,ok
real_vs_real,original,708000,709000,2297,0.058884425133247986,0.003467375523273087,ok
real_vs_real,original,709000,710000,2495,0.05766148806018221,0.0033248472053145355,ok
real_vs_real,original,710000,711000,2356,0.05824542249570143,0.0033925292417027624,ok
real_vs_real,original,711000,712000,2341,0.05843862203398598,0.003415072545231072,ok
real_vs_real,original,712000,713000,2412,0.05835301200887481,0.0034050740105078885,ok
real_vs_real,original,713000,714000,2412,0.05786366294189471,0.0033482034890531995,ok
real_vs_real,original,714000,715000,2495,0.05848169829037752,0.0034201090349267453,ok
real_vs_real,original,715000,716000,2580,0.05686995148309629,0.003234191381689726,ok
real_vs_real,original,716000,717000,2605,0.057614422034305605,0.003319421626347079,ok
real_vs_real,original,717000,718000,2713,0.056347903766498994,0.0031750862588786313,ok
real_vs_real,original,718000,719000,2592,0.057101463094793574,0.0032605770875660726,ok
real_vs_real,original,719000,720000,2565,0.057757206482460736,0.0033358949006576048,ok
real_vs_real,original,720000,721000,2644,0.05650984352772737,0.003193362415528231,ok
real_vs_real,original,721000,722000,2495,0.05713212495224184,0.0032640797015585747,ok
real_vs_real,original,722000,723000,2662,0.057133124617266724,0.003264193928532129,ok
real_vs_real,original,723000,724000,2733,0.05662521011429749,0.003206414420488339,ok
real_vs_real,original,724000,725000,2738,0.056425452152563,0.003183831650621176,ok
real_vs_real,original,725000,726000,2846,0.056160547898787036,0.003154007140291953,ok
real_vs_real,original,726000,727000,2715,0.05621957951106485,0.0031606411204009427,ok
real_vs_real,original,727000,728000,2777,0.056008114311847164,0.0031369088687689395,ok
real_vs_real,original,728000,729000,2721,0.056569122347510326,0.003200065603167592,ok
real_vs_real,original,729000,730000,2705,0.05637994646402213,0.003178698363286002,ok
real_vs_real,original,730000,731000,2829,0.05585685414745005,0.0031199881552495074,ok
real_vs_real,original,731000,732000,2802,0.05597742986052872,0.0031334726537904124,ok
real_vs_real,original,732000,733000,2895,0.055670616939783854,0.0030992175904561493,ok
real_vs_real,original,733000,734000,2863,0.05560794383410726,0.0030922434174572282,ok
real_vs_real,original,734000,735000,2965,0.055186251812122784,0.003045522389071025,ok
real_vs_real,original,735000,736000,2747,0.05608776396972385,0.0031458372671234525,ok
real_vs_real,original,736000,737000,2747,0.05582945124308159,0.003116927626103625,ok
real_vs_real,original,737000,738000,2777,0.05593425303639799,0.0031286406627397977,ok
real_vs_real,original,738000,739000,2731,0.05555816927595817,0.0030867101732960224,ok
real_vs_real,original,739000,740000,2801,0.0562130461468675,0.0031599065571098553,ok
real_vs_real,original,740000,741000,2833,0.05553423391280621,0.0030840511362822754,ok
real_vs_real,original,741000,742000,2836,0.05538889497721039,0.0030679296867964423,ok
real_vs_real,original,742000,743000,3051,0.05449779807278211,0.002970009994781733,ok
real_vs_real,original,743000,744000,2760,0.05486428951734249,0.003010090264242777,ok
real_vs_real,original,744000,745000,2868,0.05472198014785989,0.0029944951113027715,ok
real_vs_real,original,745000,746000,2793,0.054886252578303825,0.003012500722089363,ok
real_vs_real,original,746000,747000,2840,0.05424628185000724,0.002942659094550425,ok
real_vs_real,original,747000,748000,2948,0.05414021947620291,0.0029311633649314202,ok
real_vs_real,original,748000,749000,2989,0.05359408888192897,0.0028723263630841024,ok
real_vs_real,original,749000,750000,2992,0.053142329610370465,0.002824107196417257,ok
real_vs_real,original,750000,751000,3116,0.05236887855697254,0.0027424994413149384,ok
real_vs_real,original,751000,752000,2970,0.05226060888866465,0.002731171241413975,ok
real_vs_real,original,752000,753000,3010,0.05134327228339193,0.002636131608766522,ok
real_vs_real,original,753000,754000,3068,0.05030522713542987,0.0025306158771471895,ok
real_vs_real,original,754000,755000,2939,0.04995094622533669,0.002495097028806478,ok
real_vs_real,original,755000,756000,3121,0.04853070241392303,0.0023552290767887545,ok
real_vs_real,original,756000,757000,3126,0.04759016234233363,0.00226482355176967,ok
real_vs_real,original,757000,758000,2993,0.04691921173069688,0.0022014124294299636,ok
real_vs_real,original,758000,759000,3227,0.04460594663577778,0.0019896904752738547,ok
real_vs_real,original,759000,760000,3142,0.04410146079121909,0.0019449388439194352,ok
real_vs_real,original,760000,761000,3089,0.04254675364578488,0.0018102262457951087,ok
real_vs_real,original,761000,762000,3067,0.04124317732887842,0.0017009996761813112,ok
real_vs_real,original,762000,763000,3022,0.04061648455245088,0.0016496988173994808,ok
real_vs_real,original,763000,764000,3175,0.03902238289548729,0.001522746366842019,ok
real_vs_real,original,764000,765000,3235,0.03780016373342434,0.0014288523782736886,ok
real_vs_real,original,765000,766000,3221,0.03723339918932772,0.00138632601519183,ok
real_vs_real,original,766000,767000,3282,0.03704483227180699,0.0013723195980463127,ok
real_vs_real,original,767000,768000,3386,0.03683286553829473,0.0013566599837620992,ok
real_vs_real,original,768000,769000,3190,0.03702899649966288,0.0013711465817720459,ok
real_vs_real,original,769000,770000,3133,0.03758016070644501,0.0014122684787222332,ok
real_vs_real,original,770000,771000,3171,0.03874558670861126,0.0015012204893945134,ok
real_vs_real,original,771000,772000,3070,0.039826302907373524,0.001586134403269869,ok
real_vs_real,original,772000,773000,3213,0.04057270166527535,0.0016461441204194372,ok
real_vs_real,original,773000,774000,3238,0.04283121843083206,0.0018345132722696483,ok
real_vs_real,original,774000,775000,3259,0.04349135128122295,0.0018914976362667335,ok
real_vs_real,original,775000,776000,3322,0.045270191049691634,0.0020493901976755807,ok
real_vs_real,original,776000,777000,3244,0.04548486554050696,0.0020688729932379973,ok
real_vs_real,original,777000,778000,3182,0.04785718362607466,0.002290310024619829,ok
real_vs_real,original,778000,779000,3236,0.04808931268050218,0.0023125819940831072,ok
real_vs_real,original,779000,780000,3106,0.04935336972788863,0.0024357551034976744,ok
real_vs_real,original,780000,781000,3173,0.05001036003668703,0.002501036110999063,ok
real_vs_real,original,781000,782000,3266,0.05080625908348589,0.0025812759620582925,ok
real_vs_real,original,782000,783000,3317,0.05138391991405766,0.0026403072257342917,ok
real_vs_real,original,783000,784000,3326,0.05142129051143364,0.0026441491178612556,ok
real_vs_real,original,784000,785000,3348,0.051568168872868386,0.002659276040900672,ok
real_vs_real,original,785000,786000,3139,0.05263056093907402,0.002769975944761584,ok
real_vs_real,original,786000,787000,3236,0.052751962994526565,0.0027827695997759004,ok
real_vs_real,original,787000,788000,3197,0.05250648878166766,0.0027569313641793917,ok
real_vs_real,original,788000,789000,3233,0.05269999038349149,0.0027772889864200955,ok
real_vs_real,original,789000,790000,3132,0.053068042188171266,0.0028162171016855252,ok
real_vs_real,original,790000,791000,3153,0.05336017090133185,0.0028473078386193422,ok
real_vs_real,original,791000,792000,3327,0.052819559755378526,0.0027899058927520026,ok
real_vs_real,original,792000,793000,3262,0.05265398037578631,0.0027724416494136895,ok
real_vs_real,original,793000,794000,3029,0.05344698216520959,0.002856579902568232,ok
real_vs_real,original,794000,795000,2995,0.05372071917515887,0.0028859156686962813,ok
real_vs_real,original,795000,796000,3078,0.053528976222391375,0.002865351295417341,ok
real_vs_real,original,796000,797000,3073,0.052893364586862085,0.0027977080173187162,ok
real_vs_real,original,797000,798000,2988,0.05368363308717965,0.0028819324614389294,ok
real_vs_real,original,798000,799000,2997,0.053490669726620046,0.002861251747802346,ok
real_vs_real,original,799000,800000,2994,0.05409509797276478,0.00292627962468302,ok
real_vs_real,original,800000,801000,3024,0.053328117484985324,0.0028438881144923975,ok
real_vs_real,original,801000,802000,2939,0.05361268046381712,0.0028743195065153576,ok
real_vs_real,original,802000,803000,2965,0.053535050846561245,0.002866001669143898,ok
real_vs_real,original,803000,804000,2796,0.05441449314069673,0.002960937063758932,ok
real_vs_real,original,804000,805000,2799,0.054070863902401754,0.002923658323152053,ok
real_vs_real,original,805000,806000,2876,0.053777009445227314,0.002891966744872068,ok
real_vs_real,original,806000,807000,2877,0.05348620351347544,0.0028607739662849124,ok
real_vs_real,original,807000,808000,2875,0.05328529471305283,0.0028393226326568956,ok
real_vs_real,original,808000,809000,2868,0.054018846834083194,0.00291803581328414,ok
real_vs_real,original,809000,810000,2815,0.053845065013700476,0.002899291026329631,ok
real_vs_real,original,810000,811000,2800,0.054360158383232916,0.002955026819450168,ok
real_vs_real,original,811000,812000,2828,0.05421304971623308,0.0029390547595347593,ok
real_vs_real,original,812000,813000,2742,0.05444184885537456,0.0029639149067914477,ok
real_vs_real,original,813000,814000,2832,0.05402618747988581,0.00291882893361177,ok
real_vs_real,original,814000,815000,2767,0.05442099515747024,0.0029616447139293994,ok
real_vs_real,original,815000,816000,2692,0.054961367731107505,0.0030207519428740253,ok
real_vs_real,original,816000,817000,2800,0.05400441326380683,0.002916476651968035,ok
real_vs_real,original,817000,818000,2721,0.05447035687549688,0.0029670197781439906,ok
real_vs_real,original,818000,819000,2786,0.05460331111440782,0.0029815215846568125,ok
real_vs_real,original,819000,820000,2730,0.054760382882495046,0.0029986995334374566,ok
real_vs_real,original,820000,821000,2723,0.05474753801478917,0.0029972929186807854,ok
real_vs_real,original,821000,822000,2719,0.05452347262679175,0.002972809067284509,ok
real_vs_real,original,822000,823000,2703,0.05446911274062507,0.0029668842427509243,ok
real_vs_real,original,823000,824000,2724,0.0549324530629091,0.0030175743995087116,ok
real_vs_real,original,824000,825000,2755,0.054711203086845475,0.00299331574321005,ok
real_vs_real,original,825000,826000,2750,0.054433848256402094,0.002963043836001009,ok
real_vs_real,original,826000,827000,2722,0.05433419565710615,0.0029522048177046925,ok
real_vs_real,original,827000,828000,2736,0.05459316647780648,0.0029804138260734934,ok
real_vs_real,original,828000,829000,2629,0.054845896082242614,0.003008072317064156,ok
real_vs_real,original,829000,830000,2757,0.05460789223133733,0.0029820218939493517,ok
real_vs_real,original,830000,831000,2756,0.05435921066510707,0.0029549237841334903,ok
real_vs_real,original,831000,832000,2778,0.054873168898284634,0.0030110646649396723,ok
real_vs_real,original,832000,833000,2686,0.054893334475618005,0.003013278169852072,ok
real_vs_real,original,833000,834000,2731,0.055102455757401664,0.0030362806304964074,ok
real_vs_real,original,834000,835000,2779,0.05491109689580907,0.003015228562300933,ok
real_vs_real,original,835000,836000,2800,0.05431993452034898,0.0029506552862950007,ok
real_vs_real,original,836000,837000,2708,0.055239395985718476,0.0030513908688670106,ok
real_vs_real,original,837000,838000,2829,0.0544570802150329,0.002965573585546528,ok
real_vs_real,original,838000,839000,2801,0.05447978314430462,0.002968046771450458,ok
real_vs_real,original,839000,840000,2802,0.054175195358056594,0.0029349517920835965,ok
real_vs_real,original,840000,841000,2853,0.05508244654056619,0.0030340759168943324,ok
real_vs_real,original,841000,842000,2777,0.055191207713742196,0.0030460694089014364,ok
real_vs_real,original,842000,843000,2803,0.054551989968864546,0.0029759196095630984,ok
real_vs_real,original,843000,844000,2817,0.05496637738183472,0.003021302642482272,ok
real_vs_real,original,844000,845000,2957,0.05375215705884988,0.002889294388479265,ok
real_vs_real,original,845000,846000,2814,0.05492412126539826,0.0030166590967761735,ok
real_vs_real,original,846000,847000,2771,0.05516965190619849,0.003043690491451111,ok
real_vs_real,original,847000,848000,2866,0.05373633153611574,0.002887593326959347,ok
real_vs_real,original,848000,849000,2788,0.0548686186125637,0.003010565308450972,ok
real_vs_real,original,849000,850000,2867,0.0547573010342266,0.002998362016552914,ok
real_vs_real,original,850000,851000,2737,0.05503301827580827,0.003028633100545447,ok
real_vs_real,original,851000,852000,2931,0.054851689134434146,0.0030087078009006013,ok
real_vs_real,original,852000,853000,2834,0.05485586463578765,0.0030091658849398578,ok
real_vs_real,original,853000,854000,2799,0.05512788102303474,0.0030390832660898734,ok
real_vs_real,original,854000,855000,2799,0.0547195237051104,0.002994226274514139,ok
real_vs_real,original,855000,856000,2948,0.05439582778461072,0.002958906080373027,ok
real_vs_real,original,856000,857000,2909,0.05427566541966309,0.0029458478567472115,ok
real_vs_real,original,857000,858000,2843,0.0552834212664731,0.0030562566669263304,ok
real_vs_real,original,858000,859000,2845,0.054891558359187916,0.0030130831791001325,ok
real_vs_real,original,859000,860000,2934,0.0541633805614477,0.0029336717938442105,ok
real_vs_real,original,860000,861000,2773,0.05525013495883077,0.0030525774129690143,ok
real_vs_real,original,861000,862000,2858,0.054757300664801,0.002998361976095416,ok
real_vs_real,original,862000,863000,2787,0.05453426737289169,0.002973986317898039,ok
real_vs_real,original,863000,864000,2971,0.053829633423155415,0.0028976294344712906,ok
real_vs_real,original,864000,865000,2830,0.054724098349973334,0.002994726940217554,ok
real_vs_real,original,865000,866000,2892,0.054276332744087046,0.0029459202961468556,ok
real_vs_real,original,866000,867000,2892,0.05438791553623083,0.002958045356376179,ok
real_vs_real,original,867000,868000,2853,0.05440599656814469,0.002960012462572972,ok
real_vs_real,original,868000,869000,2765,0.05413517013560336,0.002930616645610722,ok
real_vs_real,original,869000,870000,2786,0.053892497839228025,0.0029044013233511974,ok
real_vs_real,original,870000,871000,2787,0.05392045289050101,0.0029074152399167384,ok
real_vs_real,original,871000,872000,2739,0.05368699809924604,0.002882293764908448,ok
real_vs_real,original,872000,873000,2705,0.054199061872595294,0.0029375383078694126,ok
real_vs_real,original,873000,874000,2703,0.05451310013463305,0.0029716780862885294,ok
real_vs_real,original,874000,875000,2643,0.054214985328727115,0.002939264634194096,ok
real_vs_real,original,875000,876000,2740,0.05410403403149114,0.0029272464984807516,ok
real_vs_real,original,876000,877000,2658,0.05441602495584469,0.0029611037719951116,ok
real_vs_real,original,877000,878000,2638,0.05470146478895931,0.0029922502500577554,ok
real_vs_real,original,878000,879000,2569,0.05548268107189133,0.0030783278989252086,ok
real_vs_real,original,879000,880000,2628,0.05465494885186402,0.002987163433999872,ok
real_vs_real,original,880000,881000,2693,0.05429268724711938,0.0029476958885135194,ok
real_vs_real,original,881000,882000,2600,0.05495632695276285,0.003020197872138968,ok
real_vs_real,original,882000,883000,2614,0.05455691548120671,0.002976457026823532,ok
real_vs_real,original,883000,884000,2672,0.05442735552196439,0.002962337029114308,ok
real_vs_real,original,884000,885000,2631,0.05513386086481805,0.0030397426138611154,ok
real_vs_real,original,885000,886000,2584,0.055056294159011365,0.0030311955265235886,ok
real_vs_real,original,886000,887000,2680,0.05461719373959192,0.0029830378519881185,ok
real_vs_real,original,887000,888000,2620,0.05508045053856604,0.0030338560315314204,ok
real_vs_real,original,888000,889000,2708,0.05444981824823991,0.00296478270726636,ok
real_vs_real,original,889000,890000,2618,0.05468027817409873,0.002989932821196818,ok
real_vs_real,original,890000,891000,2499,0.055065113935174555,0.003032166772693755,ok
real_vs_real,original,891000,892000,2723,0.05414604279360141,0.0029317939502065153,ok
real_vs_real,original,892000,893000,2487,0.05516570300774394,0.003043254788338609,ok
real_vs_real,original,893000,894000,2509,0.055468633720947146,0.0030767693268685947,ok
real_vs_real,original,894000,895000,2533,0.055404318506552426,0.0030696385091755073,ok
real_vs_real,original,895000,896000,2521,0.05518513618852915,0.00304539925614651,ok
real_vs_real,original,896000,897000,2564,0.05495309443302779,0.00301984258776527,ok
real_vs_real,original,897000,898000,2643,0.054586228237748245,0.002979656313223544,ok
real_vs_real,original,898000,899000,2517,0.05543982087430371,0.003073573738574881,ok
real_vs_real,original,899000,900000,2636,0.05481067321913588,0.003004209898734899,ok
real_vs_real,original,900000,901000,2456,0.05539227748944367,0.003068304405467528,ok
real_vs_real,original,901000,902000,2493,0.05487221200154543,0.003010959649942546,ok
real_vs_real,original,902000,903000,2495,0.05543232427629743,0.003072742574672593,ok
real_vs_real,original,903000,904000,2536,0.05512596549870368,0.0030388720721642687,ok
real_vs_real,original,904000,905000,2497,0.05529735156813124,0.0030577970904495065,ok
real_vs_real,original,905000,906000,2513,0.05475801878093974,0.002998440620813749,ok
real_vs_real,original,906000,907000,2410,0.056069803145142955,0.0031438228247350824,ok
real_vs_real,original,907000,908000,2514,0.05536858760831082,0.0030656804937391905,ok
real_vs_real,original,908000,909000,2407,0.05600791630352247,0.003136886688662378,ok
real_vs_real,original,909000,910000,2496,0.056027485757604384,0.003139079160318562,ok
real_vs_real,original,910000,911000,2357,0.05618626305011109,0.003156896155536279,ok
real_vs_real,original,911000,912000,2375,0.05627854708984269,0.0031672748625436405,ok
real_vs_real,original,912000,913000,2322,0.05637317959736794,0.003177935377917101,ok
real_vs_real,original,913000,914000,2411,0.05591351217465004,0.0031263208437047386,ok
real_vs_real,original,914000,915000,2432,0.05540432221330022,0.003069638919915192,ok
real_vs_real,original,915000,916000,2355,0.05656853821083285,0.0031999995153104564,ok
real_vs_real,original,916000,917000,2289,0.056743797464780754,0.0032198585507240587,ok
real_vs_real,original,917000,918000,2319,0.05690900960560723,0.0032386353742910956,ok
real_vs_real,original,918000,919000,2286,0.05634889618634868,0.0031751981014199013,ok
real_vs_real,original,919000,920000,2150,0.057348945923165424,0.003288901598498152,ok
real_vs_real,original,920000,921000,2163,0.05822899477832553,0.003390615832894262,ok
real_vs_real,original,921000,922000,2211,0.05629378325682049,0.0031689900333658825,ok
real_vs_real,original,922000,923000,2086,0.057695079685481106,0.003328722219914014,ok
real_vs_real,original,923000,924000,2100,0.05704446708335674,0.003254071224824171,ok
real_vs_real,original,924000,925000,1971,0.05952595209551414,0.003543338972877444,ok
real_vs_real,original,925000,926000,1966,0.05843758208749911,0.0034149510002331965,ok
real_vs_real,original,926000,927000,1842,0.058838650394558614,0.0034619867802530924,ok
real_vs_real,original,927000,928000,1810,0.05776467489145513,0.0033367576653155063,ok
real_vs_real,original,928000,929000,1732,0.05944525036304971,0.003533737790725662,ok
real_vs_real,original,929000,930000,1671,0.05964979162881357,0.0035580976413608777,ok
real_vs_real,original,930000,931000,1692,0.058626376742903955,0.00343705205000091,ok
real_vs_real,original,931000,932000,1784,0.060298386065953904,0.003635895362158824,ok
real_vs_real,original,932000,933000,1645,0.06022187756929463,0.003626674537971112,ok
real_vs_real,original,933000,934000,1745,0.060528774277061645,0.0036637325154834795,ok
real_vs_real,original,934000,935000,1680,0.060466394955794624,0.003656184918950146,ok
real_vs_real,original,935000,936000,1656,0.05961320798800126,0.0035537345666206968,ok
real_vs_real,original,936000,937000,1591,0.060582674615419246,0.0036702604635577636,ok
real_vs_real,original,937000,938000,1647,0.05931671874252922,0.0035184731223803175,ok
real_vs_real,original,938000,939000,1724,0.05900715200223544,0.0034818439874149177,ok
real_vs_real,original,939000,940000,1700,0.05942330291507933,0.0035311289293372752,ok
real_vs_real,original,940000,941000,1720,0.059564340632118136,0.0035479106749389993,ok
real_vs_real,original,941000,942000,1697,0.06048302301591565,0.003658196073143782,ok
real_vs_real,original,942000,943000,1676,0.06082968718029757,0.0037002508424528588,ok
real_vs_real,original,943000,944000,1590,0.060151166939045896,0.003618162884128968,ok
real_vs_real,original,944000,945000,1626,0.060064878087860554,0.003607789579709551,ok
real_vs_real,original,945000,946000,1642,0.06014323478051513,0.0036172086898641643,ok
real_vs_real,original,946000,947000,1643,0.05949279060717496,0.003539392134229165,ok
real_vs_real,original,947000,948000,1781,0.05916843515387948,0.003500903718558841,ok
real_vs_real,original,948000,949000,1697,0.059439048643654305,0.0035330005036627024,ok
real_vs_real,original,949000,950000,1689,0.060700592595958114,0.0036845619415004846,ok
real_vs_real,original,950000,951000,1723,0.06075828931097777,0.0036915697199964756,ok
real_vs_real,original,951000,952000,1665,0.06038571567345607,0.0036464346573954775,ok
real_vs_real,original,952000,953000,1629,0.060579872930679145,0.0036699210042972314,ok
real_vs_real,original,953000,954000,1623,0.06150209373584685,0.003782507533892892,ok
real_vs_real,original,954000,955000,1667,0.0599739733587112,0.0035968774804314005,ok
real_vs_real,original,955000,956000,1670,0.06019185701657467,0.003623059651103769,ok
real_vs_real,original,956000,957000,1592,0.06082256806885641,0.003699384786490671,ok
real_vs_real,original,957000,958000,1648,0.05979987517226816,0.003576025070618854,ok
real_vs_real,original,958000,959000,1749,0.05948091520507513,0.003537979273633338,ok
real_vs_real,original,959000,960000,1670,0.05875991087767114,0.0034527271263518552,ok
real_vs_real,original,960000,961000,1607,0.06037606038301114,0.0036452686673730072,ok
real_vs_real,original,961000,962000,1604,0.06020242619454743,0.0036243321197099304,ok
real_vs_real,original,962000,963000,1667,0.05937032042410129,0.0035248349472604594,ok
real_vs_real,original,963000,964000,1770,0.0584591383542516,0.0034174708571215306,ok
real_vs_real,original,964000,965000,1862,0.05802005042644072,0.003366326251486724,ok
real_vs_real,original,965000,966000,1898,0.05793682656579786,0.0033566758725153403,ok
real_vs_real,original,966000,967000,2055,0.05830097946701141,0.0033990042068128864,ok
real_vs_real,original,967000,968000,2077,0.05786083556611293,0.0033478762924087583,ok
real_vs_real,original,968000,969000,2099,0.05799034879918284,0.0033628805538508865,ok
real_vs_real,original,969000,970000,2151,0.05686190679577326,0.003233276444451205,ok
real_vs_real,original,970000,971000,2204,0.057378139086133706,0.0032922508449877044,ok
real_vs_real,original,971000,972000,2228,0.0569671666725367,0.003245258078696576,ok
real_vs_real,original,972000,973000,2410,0.05547562809189903,0.003077545312190697,ok
real_vs_real,original,973000,974000,2363,0.05626669816938718,0.003165941322884919,ok
real_vs_real,original,974000,975000,2387,0.0560343661177731,0.003139850186220638,ok
real_vs_real,original,975000,976000,2453,0.055299008603886056,0.0030579803525726643,ok
real_vs_real,original,976000,977000,2424,0.05552563984741168,0.0030830966804644717,ok
real_vs_real,original,977000,978000,2377,0.0561234743871004,0.0031498443772795147,ok
real_vs_real,original,978000,979000,2565,0.05512526108097957,0.003038794409246161,ok
real_vs_real,original,979000,980000,2474,0.05541395488006471,0.0030707063954498477,ok
real_vs_real,original,980000,981000,2578,0.05497407338082558,0.003022148744080395,ok
real_vs_real,original,981000,982000,2489,0.0553758815928565,0.0030664882621860637,ok
real_vs_real,original,982000,983000,2593,0.05551160065179549,0.0030815378069244215,ok
real_vs_real,original,983000,984000,2613,0.05493520094923422,0.003017876303332745,ok
real_vs_real,original,984000,985000,2663,0.054521044760040216,0.0029725443217263085,ok
real_vs_real,original,985000,986000,2665,0.05454964723280018,0.0029756640132229447,ok
real_vs_real,original,986000,987000,2664,0.054279638627160384,0.002946279169495122,ok
real_vs_real,original,987000,988000,2730,0.054458671840145974,0.0029657469385927083,ok
real_vs_real,original,988000,989000,2767,0.05397245999142814,0.0029130264375263116,ok
real_vs_real,original,989000,990000,2661,0.054397584721901156,0.002959097223576414,ok
real_vs_real,original,990000,991000,2703,0.054075522157269004,0.002924162096581291,ok
real_vs_real,original,991000,992000,2800,0.05378264975638991,0.002892573414818508,ok
real_vs_real,original,992000,993000,2830,0.05310364579565303,0.0028199971967901773,ok
real_vs_real,original,993000,994000,2770,0.05418699341532622,0.002936230255392607,ok
real_vs_real,original,994000,995000,2733,0.05378333180824787,0.002892646780396087,ok
real_vs_real,original,995000,996000,2732,0.053828185563535996,0.002897473561062465,ok
real_vs_real,original,996000,997000,2862,0.05325349882681063,0.0028359351372971215,ok
real_vs_real,original,997000,998000,2757,0.05361854934730723,0.002874948834109621,ok
real_vs_real,original,998000,999000,2865,0.053356195637543284,0.0028468836129117926,ok
real_vs_real,original,999000,1000000,2853,0.05322557690294052,0.0028329620366508348,ok
real_vs_real,original,1000000,1001000,2963,0.05289818906087631,0.002798218405920214,ok
real_vs_real,original,1001000,1002000,3011,0.053641377945169565,0.0028773974278565235,ok
real_vs_real,original,1002000,1003000,3088,0.053199945400656375,0.0028302341906328195,ok
real_vs_real,original,1003000,1004000,3131,0.05313284550846825,0.0028230992718267546,ok
real_vs_real,original,1004000,1005000,3166,0.052693852383304644,0.0027766420789935003,ok
real_vs_real,original,1005000,1006000,3149,0.052733890466557194,0.002780863203738852,ok
real_vs_real,original,1006000,1007000,3186,0.05244699370227668,0.0027506871484066497,ok
real_vs_real,original,1007000,1008000,3320,0.05169576821312535,0.002672452451145181,ok
real_vs_real,original,1008000,1009000,3194,0.05261058234430158,0.0027678733746065373,ok
real_vs_real,original,1009000,1010000,3288,0.05169456168669153,0.002672327707979156,ok
real_vs_real,original,1010000,1011000,3294,0.051207253107784276,0.0026221827708446826,ok
real_vs_real,original,1011000,1012000,3224,0.050891700383916785,0.002589965167966356,ok
real_vs_real,original,1012000,1013000,3196,0.05002208019998574,0.0025022085075338055,ok
real_vs_real,original,1013000,1014000,3291,0.049627481376112156,0.0024628869077363592,ok
real_vs_real,original,1014000,1015000,3384,0.04850257680957465,0.0023524999571686886,ok
v2e_vs_real,original,15000,16000,12548,0.03576420343247158,0.001279078247159212,ok
v2e_vs_real,original,16000,17000,9409,0.038667843906226476,0.001495202152356296,ok
v2e_vs_real,original,17000,18000,9433,0.038381641668481355,0.0014731504171677041,ok
v2e_vs_real,original,18000,19000,9797,0.03867399507562578,0.0014956778951095268,ok
v2e_vs_real,original,19000,20000,10257,0.038786207703071195,0.0015043699079857794,ok
v2e_vs_real,original,20000,21000,10156,0.03939445994727767,0.0015519234745376648,ok
v2e_vs_real,original,21000,22000,10081,0.04116435029113273,0.0016945037348910796,ok
v2e_vs_real,original,22000,23000,15716,0.038747435066164404,0.001501363724206627,ok
v2e_vs_real,original,23000,24000,11389,0.04222342192045352,0.0017828173586726353,ok
v2e_vs_real,original,24000,25000,11061,0.04303535188637783,0.0018520415119843638,ok
v2e_vs_real,original,25000,26000,11113,0.04398612308078362,0.0019347790236778455,ok
v2e_vs_real,original,26000,27000,10865,0.04453915769905523,0.001983736568541311,ok
v2e_vs_real,original,27000,28000,10981,0.04583897771191299,0.002101211877673256,ok
v2e_vs_real,original,28000,29000,15966,0.042476365190823935,0.0018042415998242394,ok
v2e_vs_real,original,29000,30000,11768,0.04615352178376192,0.002130147573044186,ok
v2e_vs_real,original,30000,31000,11021,0.04757706342195353,0.0022635769638565885,ok
v2e_vs_real,original,31000,32000,10949,0.048939685251069696,0.002395092792473769,ok
v2e_vs_real,original,32000,33000,12082,0.04649141036143004,0.0021614512373948846,ok
v2e_vs_real,original,33000,34000,12020,0.04689796488484385,0.002199419110340047,ok
v2e_vs_real,original,34000,35000,16701,0.04368762524331953,0.00190860859940073,ok
v2e_vs_real,original,35000,36000,11691,0.04757136071830248,0.002263034360590852,ok
v2e_vs_real,original,36000,37000,10259,0.04925595250872648,0.0024261488575419185,ok
v2e_vs_real,original,37000,38000,9792,0.05032747240999544,0.002532854479178852,ok
v2e_vs_real,original,38000,39000,9534,0.05123319898705581,0.0026248406784472565,ok
v2e_vs_real,original,39000,40000,9136,0.051920656520797116,0.0026957545735505923,ok
v2e_vs_real,original,40000,41000,12864,0.048327945586027425,0.002335590324566028,ok
v2e_vs_real,original,41000,42000,9452,0.05232730762306025,0.0027381471230783793,ok
v2e_vs_real,original,42000,43000,9035,0.05372613318823243,0.0028864973873596904,ok
v2e_vs_real,original,43000,44000,8800,0.05428566564911568,0.0029469334949675783,ok
v2e_vs_real,original,44000,45000,8726,0.05463888117938089,0.0029854073365345036,ok
v2e_vs_real,original,45000,46000,8843,0.054691149123864795,0.002991121792488817,ok
v2e_vs_real,original,46000,47000,8690,0.05440135224900202,0.0029595071265199973,ok
v2e_vs_real,original,47000,48000,12341,0.049921499113869665,0.00249215607377609,ok
v2e_vs_real,original,48000,49000,9658,0.05329570266284926,0.0028404319223268378,ok
v2e_vs_real,original,49000,50000,9383,0.053451005047442005,0.0028570099405816705,ok
v2e_vs_real,original,50000,51000,9296,0.05371917674305773,0.0028857499499518745,ok
v2e_vs_real,original,51000,52000,9241,0.0539228099219857,0.0029076694298825994,ok
v2e_vs_real,original,52000,53000,8868,0.05471941342747858,0.0029942142058473234,ok
v2e_vs_real,original,53000,54000,12661,0.04948968129635819,0.0024492285548151057,ok
v2e_vs_real,original,54000,55000,9282,0.05404058923339615,0.0029203852846926516,ok
v2e_vs_real,original,55000,56000,8485,0.05614171805282867,0.003151892505923309,ok
v2e_vs_real,original,56000,57000,8294,0.05642064172624337,0.0031832888128011144,ok
v2e_vs_real,original,57000,58000,8403,0.05630399022734782,0.003170139315521279,ok
v2e_vs_real,original,58000,59000,8286,0.056567429537623184,0.0031998740844939636,ok
v2e_vs_real,original,59000,60000,11565,0.05115428849420388,0.0026167612313482396,ok
v2e_vs_real,original,60000,61000,8584,0.05531235692478901,0.0030594568285752547,ok
v2e_vs_real,original,61000,62000,8286,0.055971607739829336,0.003132820872981323,ok
v2e_vs_real,original,62000,63000,8193,0.05607877859117435,0.0031448294082779544,ok
v2e_vs_real,original,63000,64000,7868,0.05672671103414697,0.0032179197447516116,ok
v2e_vs_real,original,64000,65000,7789,0.05677717904225152,0.003223648059995885,ok
v2e_vs_real,original,65000,66000,8370,0.05622694837113456,0.0031614697231302316,ok
v2e_vs_real,original,66000,67000,11694,0.04844356811543517,0.0023467792917548067,ok
v2e_vs_real,original,67000,68000,8648,0.052676792198957705,0.0027748444363721713,ok
v2e_vs_real,original,68000,69000,7990,0.054154363552959064,0.002932695091826061,ok
v2e_vs_real,original,69000,70000,7762,0.0551647874408843,0.0030431537733979466,ok
v2e_vs_real,original,70000,71000,7732,0.055222108862457785,0.0030494813072171386,ok
v2e_vs_real,original,71000,72000,7642,0.05584418589556385,0.0031185730983382923,ok
v2e_vs_real,original,72000,73000,10848,0.050448265657279834,0.0025450275078274798,ok
v2e_vs_real,original,73000,74000,8133,0.05539156633263715,0.0030682256207829415,ok
v2e_vs_real,original,74000,75000,7587,0.056463305802546625,0.003188104902151895,ok
v2e_vs_real,original,75000,76000,7608,0.05661920820765761,0.003205734738062083,ok
v2e_vs_real,original,76000,77000,7651,0.056469559387062766,0.0031888111373690087,ok
v2e_vs_real,original,77000,78000,7632,0.05680347624383876,0.003226634913384354,ok
v2e_vs_real,original,78000,79000,10955,0.05132777902027379,0.002634540899154058,ok
v2e_vs_real,original,79000,80000,8334,0.05570146917546404,0.0031026536683051707,ok
v2e_vs_real,original,80000,81000,7806,0.05682713577429054,0.003229323360309652,ok
v2e_vs_real,original,81000,82000,7990,0.05605114328458285,0.0031417306635088365,ok
v2e_vs_real,original,82000,83000,7947,0.05648863454070845,0.0031909658322737205,ok
v2e_vs_real,original,83000,84000,7921,0.05640073366972139,0.003181042758482844,ok
v2e_vs_real,original,84000,85000,11157,0.05084920703721216,0.0025856418563132665,ok
v2e_vs_real,original,85000,86000,8116,0.05560965580463645,0.003092433818710136,ok
v2e_vs_real,original,86000,87000,7579,0.0565309179076809,0.0031957446794849574,ok
v2e_vs_real,original,87000,88000,7861,0.057549125838851654,0.0033119018848159834,ok
v2e_vs_real,original,88000,89000,7666,0.056942187359490276,0.0032424127012832945,ok
v2e_vs_real,original,89000,90000,7760,0.05764070510263358,0.003322450884728769,ok
v2e_vs_real,original,90000,91000,7616,0.05758766879530023,0.003316339597277196,ok
v2e_vs_real,original,91000,92000,11131,0.0516863927520317,0.002671483195717275,ok
v2e_vs_real,original,92000,93000,7810,0.0565484772601864,0.0031977302804458182,ok
v2e_vs_real,original,93000,94000,7691,0.05711291355298827,0.0032618848945111106,ok
v2e_vs_real,original,94000,95000,7454,0.057245066077798036,0.0032769975902514634,ok
v2e_vs_real,original,95000,96000,7527,0.057458635104127666,0.0033014947480292925,ok
v2e_vs_real,original,96000,97000,7330,0.05766969431569791,0.0033257936424660405,ok
v2e_vs_real,original,97000,98000,10073,0.05208518312715987,0.0027128663013897794,ok
v2e_vs_real,original,98000,99000,7826,0.05536893975836385,0.0030657194899653254,ok
v2e_vs_real,original,99000,100000,8051,0.054545215169080036,0.0029751804978412387,ok
v2e_vs_real,original,100000,101000,8214,0.053480701666781295,0.002860185450771264,ok
v2e_vs_real,original,101000,102000,7527,0.0532047476147468,0.002830745168748905,ok
v2e_vs_real,original,102000,103000,7864,0.05571788945228476,0.0031044832050170254,ok
v2e_vs_real,original,103000,104000,10773,0.04976000662784579,0.0024760582596032575,ok
v2e_vs_real,original,104000,105000,7299,0.054913694706719106,0.00301551386634275,ok
v2e_vs_real,original,105000,106000,7317,0.05542227974800504,0.0030716290924661296,ok
v2e_vs_real,original,106000,107000,7345,0.05632813622593973,0.0031728589306880242,ok
v2e_vs_real,original,107000,108000,7231,0.05619178077485143,0.0031575162266489626,ok
v2e_vs_real,original,108000,109000,7300,0.05656496834189412,0.0031995956435194838,ok
v2e_vs_real,original,109000,110000,10813,0.05087358827381961,0.0025881219838541163,ok
v2e_vs_real,original,110000,111000,7885,0.05534611019242382,0.0030631919134319193,ok
v2e_vs_real,original,111000,112000,7970,0.05587590077976643,0.003122116287950303,ok
v2e_vs_real,original,112000,113000,7655,0.056367067948256765,0.0031772463490833953,ok
v2e_vs_real,original,113000,114000,7764,0.0563244107190726,0.00317243924285078,ok
v2e_vs_real,original,114000,115000,7673,0.056278430796482454,0.003167261772914465,ok
v2e_vs_real,original,115000,116000,7994,0.0555326099539085,0.003083870768292937,ok
v2e_vs_real,original,116000,117000,11831,0.04974148305179529,0.0024742151361920386,ok
v2e_vs_real,original,117000,118000,8226,0.05499271766568829,0.003024198996258105,ok
v2e_vs_real,original,118000,119000,7967,0.05494004470177671,0.003018408511833223,ok
v2e_vs_real,original,119000,120000,7895,0.05565641942657283,0.0030976370233865937,ok
v2e_vs_real,original,120000,121000,7735,0.05600284898676251,0.0031363190946341267,ok
v2e_vs_real,original,121000,122000,7643,0.056042633767194046,0.003140776799563838,ok
v2e_vs_real,original,122000,123000,10945,0.050771201480077126,0.0025777148997305857,ok
v2e_vs_real,original,123000,124000,8045,0.055242460934672694,0.0030517294901188383,ok
v2e_vs_real,original,124000,125000,7540,0.056485145892263014,0.0031905717064702375,ok
v2e_vs_real,original,125000,126000,7534,0.05712766772556544,0.0032635704197626113,ok
v2e_vs_real,original,126000,127000,7303,0.0571388622511818,0.003264849579359529,ok
v2e_vs_real,original,127000,128000,7228,0.05754606257932528,0.003311549318383621,ok
v2e_vs_real,original,128000,129000,10284,0.05163216803651837,0.0026658807761512694,ok
v2e_vs_real,original,129000,130000,7331,0.056683995899055435,0.0032130753910841335,ok
v2e_vs_real,original,130000,131000,6839,0.0578908497795422,0.003351350488197522,ok
v2e_vs_real,original,131000,132000,6732,0.05813046178696393,0.0033791505875656737,ok
v2e_vs_real,original,132000,133000,8341,0.05216409471486671,0.002721092777421585,ok
v2e_vs_real,original,133000,134000,7254,0.053260239347050146,0.0028366530953050683,ok
v2e_vs_real,original,134000,135000,7151,0.05234100868562177,0.002739581190228333,ok
v2e_vs_real,original,135000,136000,6774,0.053211349083446116,0.002831447671280362,ok
v2e_vs_real,original,136000,137000,8894,0.04985069026940073,0.0024850913203357246,ok
v2e_vs_real,original,137000,138000,6612,0.053416658706523734,0.002853339427369238,ok
v2e_vs_real,original,138000,139000,6605,0.0536163637708883,0.002874714464012223,ok
v2e_vs_real,original,139000,140000,6562,0.05377846401639404,0.0028921231919625885,ok
v2e_vs_real,original,140000,141000,8694,0.050415462879296796,0.002541718897333753,ok
v2e_vs_real,original,141000,142000,6452,0.05440863873849033,0.00296029996937555,ok
v2e_vs_real,original,142000,143000,6399,0.05482060863330325,0.0030052991309258027,ok
v2e_vs_real,original,143000,144000,8577,0.05124626318927629,0.002626179490864574,ok
v2e_vs_real,original,144000,145000,6517,0.05510474717230788,0.0030365331609239735,ok
v2e_vs_real,original,145000,146000,6470,0.05510919895747446,0.0030370238097345036,ok
v2e_vs_real,original,146000,147000,6421,0.05553781270272769,0.003084448639803261,ok
v2e_vs_real,original,147000,148000,8595,0.05157989566036335,0.0026604856363339697,ok
v2e_vs_real,original,148000,149000,6876,0.053909971399917156,0.002906285016339886,ok
v2e_vs_real,original,149000,150000,6963,0.05345317657313216,0.002857242085758445,ok
v2e_vs_real,original,150000,151000,7133,0.05296073831591372,0.0028048398029666913,ok
v2e_vs_real,original,151000,152000,9254,0.05004143867546128,0.0025041455847099516,ok
v2e_vs_real,original,152000,153000,6644,0.05410094026347942,0.002926911737392569,ok
v2e_vs_real,original,153000,154000,6452,0.05428052676348227,0.002946375585721115,ok
v2e_vs_real,original,154000,155000,8573,0.05070042904329563,0.0025705335051742547,ok
v2e_vs_real,original,155000,156000,6320,0.054416327171424875,0.0029611366628275533,ok
v2e_vs_real,original,156000,157000,6290,0.054519440610175364,0.0029723694044464385,ok
v2e_vs_real,original,157000,158000,6225,0.054556616012623176,0.0029764243507488116,ok
v2e_vs_real,original,158000,159000,8221,0.051052568667444335,0.0026063647675441193,ok
v2e_vs_real,original,159000,160000,6149,0.05518438884156344,0.0030453167718168714,ok
v2e_vs_real,original,160000,161000,6052,0.055299963830295215,0.0030580859996319587,ok
v2e_vs_real,original,161000,162000,6010,0.05536689128249419,0.0030654926502875312,ok
v2e_vs_real,original,162000,163000,7987,0.051532973985552295,0.0026556474077956095,ok
v2e_vs_real,original,163000,164000,5964,0.05541610642797623,0.003070944851636789,ok
v2e_vs_real,original,164000,165000,5927,0.05479780613877584,0.00300279955762286,ok
v2e_vs_real,original,165000,166000,5846,0.05424098266360967,0.0029420842003140043,ok
v2e_vs_real,original,166000,167000,7760,0.048581868900825616,0.0023601979858970073,ok
v2e_vs_real,original,167000,168000,5366,0.051049738908721456,0.0026060758426486295,ok
v2e_vs_real,original,168000,169000,5042,0.05165934154756195,0.0026686875691276602,ok
v2e_vs_real,original,169000,170000,6182,0.04908541670729374,0.0024093781333286712,ok
v2e_vs_real,original,170000,171000,4477,0.05317637501613463,0.0028277268598565874,ok
v2e_vs_real,original,171000,172000,4328,0.05374132874213156,0.002888130414969856,ok
v2e_vs_real,original,172000,173000,4351,0.05345833089620082,0.002857793142207699,ok
v2e_vs_real,original,173000,174000,4599,0.05298491934711834,0.002807401678220635,ok
v2e_vs_real,original,174000,175000,5930,0.04984869738260222,0.0024848926307422534,ok
v2e_vs_real,original,175000,176000,4323,0.053629089929870304,0.0028760792867061164,ok
v2e_vs_real,original,176000,177000,4351,0.054179038980698827,0.002935368264872083,ok
v2e_vs_real,original,177000,178000,5941,0.05011705399491085,0.0025117191011288097,ok
v2e_vs_real,original,178000,179000,4463,0.053533242952847726,0.0028658081010486205,ok
v2e_vs_real,original,179000,180000,4379,0.05437529917240208,0.0029566731600882304,ok
v2e_vs_real,original,180000,181000,4429,0.053983064137233916,0.0029141712136447106,ok
v2e_vs_real,original,181000,182000,5903,0.050614064366745565,0.002561783511721063,ok
v2e_vs_real,original,182000,183000,4790,0.052614181609022745,0.0027682521063872273,ok
v2e_vs_real,original,183000,184000,4809,0.05294660691881066,0.002803343184215049,ok
v2e_vs_real,original,184000,185000,4748,0.05305247262568229,0.0028145648516987687,ok
v2e_vs_real,original,185000,186000,6261,0.04977169965252142,0.002477222086300801,ok
v2e_vs_real,original,186000,187000,4591,0.05343906547905389,0.002855733719274609,ok
v2e_vs_real,original,187000,188000,4590,0.05382406868719378,0.0028970303700437535,ok
v2e_vs_real,original,188000,189000,5940,0.050634123764884374,0.0025638144894376286,ok
v2e_vs_real,original,189000,190000,4436,0.05434192638645653,0.0029530449633910607,ok
v2e_vs_real,original,190000,191000,4423,0.05433434545757042,0.002952221096302603,ok
v2e_vs_real,original,191000,192000,4343,0.05461552235425244,0.0029828552820278477,ok
v2e_vs_real,original,192000,193000,5827,0.050788095374193154,0.0025794306317381403,ok
v2e_vs_real,original,193000,194000,4384,0.05414721739325365,0.0029319211514322705,ok
v2e_vs_real,original,194000,195000,4425,0.05422688759650072,0.0029405553384035236,ok
v2e_vs_real,original,195000,196000,4441,0.0541207798887239,0.0029290588157637014,ok
v2e_vs_real,original,196000,197000,6142,0.05001671433909159,0.00250167171327829,ok
v2e_vs_real,original,197000,198000,4533,0.05379872168148061,0.0028943024545614116,ok
v2e_vs_real,original,198000,199000,4623,0.053965487699468496,0.0029122738626414855,ok
v2e_vs_real,original,199000,200000,5448,0.05081461257067947,0.0025821248507082563,ok
v2e_vs_real,original,200000,201000,6891,0.0486377123239344,0.0023656270601058005,ok
v2e_vs_real,original,201000,202000,5037,0.05254375911426249,0.0027608466218576426,ok
v2e_vs_real,original,202000,203000,4919,0.05361137455903607,0.0028741794821092598,ok
v2e_vs_real,original,203000,204000,6538,0.05129845863781041,0.002631531858615145,ok
v2e_vs_real,original,204000,205000,5020,0.05516811860549008,0.0030435213104694206,ok
v2e_vs_real,original,205000,206000,5297,0.055655391882710376,0.0030975226456180643,ok
v2e_vs_real,original,206000,207000,7231,0.05191750717322574,0.002695427551081946,ok
v2e_vs_real,original,207000,208000,5756,0.05582897389932413,0.003116874326651415,ok
v2e_vs_real,original,208000,209000,6098,0.056321459564595056,0.0031721068074863157,ok
v2e_vs_real,original,209000,210000,6421,0.0558234874407219,0.0031162617500444362,ok
v2e_vs_real,original,210000,211000,9116,0.051609664808757186,0.0026635575016722697,ok
v2e_vs_real,original,211000,212000,6962,0.055421021465197555,0.003071489620245888,ok
v2e_vs_real,original,212000,213000,6943,0.05530687546034505,0.0030588504731861176,ok
v2e_vs_real,original,213000,214000,7062,0.05532382364990802,0.0030607254632461214,ok
v2e_vs_real,original,214000,215000,9558,0.051036943991813424,0.0026047696520235006,ok
v2e_vs_real,original,215000,216000,7361,0.05402308616557272,0.002918493838852895,ok
v2e_vs_real,original,216000,217000,7434,0.05391789740410266,0.00290713966047934,ok
v2e_vs_real,original,217000,218000,9972,0.050238767819536845,0.002523933792025331,ok
v2e_vs_real,original,218000,219000,7484,0.05332046923236447,0.002843072439159526,ok
v2e_vs_real,original,219000,220000,7527,0.05310801409261187,0.0028204611608610613,ok
v2e_vs_real,original,220000,221000,7303,0.053035829469204335,0.002812799207486523,ok
v2e_vs_real,original,221000,222000,9647,0.04982350042804293,0.002482381194903194,ok
v2e_vs_real,original,222000,223000,7252,0.0533097866407113,0.0028419333516781615,ok
v2e_vs_real,original,223000,224000,7171,0.05341614095507882,0.002853284114532849,ok
v2e_vs_real,original,224000,225000,7052,0.0537798044439286,0.0028922673660272025,ok
v2e_vs_real,original,225000,226000,9542,0.04996735463021361,0.0024967365287415296,ok
v2e_vs_real,original,226000,227000,7037,0.05371609804132193,0.0028854191887849098,ok
v2e_vs_real,original,227000,228000,7151,0.053440499563238555,0.0028558869935685002,ok
v2e_vs_real,original,228000,229000,9574,0.04981091015572418,0.0024811267705416263,ok
v2e_vs_real,original,229000,230000,7177,0.053215718081358554,0.0028319126509146315,ok
v2e_vs_real,original,230000,231000,6987,0.05324132990405896,0.0028346392099528428,ok
v2e_vs_real,original,231000,232000,6751,0.05337083233860871,0.002848445744515881,ok
v2e_vs_real,original,232000,233000,9566,0.048258452059353224,0.0023288781951648937,ok
v2e_vs_real,original,233000,234000,7167,0.05113553264257502,0.002614842698639855,ok
v2e_vs_real,original,234000,235000,6863,0.05192334164736659,0.0026960334078291537,ok
v2e_vs_real,original,235000,236000,6746,0.05226088993415903,0.002731200616710285,ok
v2e_vs_real,original,236000,237000,8867,0.049170207574874183,0.0024177093129562144,ok
v2e_vs_real,original,237000,238000,6679,0.05275872832522891,0.002783483414495311,ok
v2e_vs_real,original,238000,239000,6761,0.05281318553409121,0.002789232566258341,ok
v2e_vs_real,original,239000,240000,6808,0.05279622429212527,0.0027874412995043986,ok
v2e_vs_real,original,240000,241000,9263,0.04952879921839342,0.002453101952015929,ok
v2e_vs_real,original,241000,242000,7037,0.05299550100131347,0.0028085231263802173,ok
v2e_vs_real,original,242000,243000,7054,0.052590965313666665,0.0027658096326232907,ok
v2e_vs_real,original,243000,244000,9559,0.04907954038481941,0.0024088012843851195,ok
v2e_vs_real,original,244000,245000,7321,0.05230309007887262,0.002735613231798663,ok
v2e_vs_real,original,245000,246000,7430,0.05204215114057765,0.0027083854953387277,ok
v2e_vs_real,original,246000,247000,7499,0.051878901089135225,0.002691420378216276,ok
v2e_vs_real,original,247000,248000,10097,0.04799371331153103,0.0023033965174294306,ok
v2e_vs_real,original,248000,249000,7858,0.04998021128259869,0.002498021519853205,ok
v2e_vs_real,original,249000,250000,7928,0.04939420714079242,0.0024397876990675093,ok
v2e_vs_real,original,250000,251000,8045,0.04865639104716858,0.0023674443897349867,ok
v2e_vs_real,original,251000,252000,10481,0.04503445491328082,0.002028102129336323,ok
v2e_vs_real,original,252000,253000,7973,0.04701954138054582,0.002210837271636861,ok
v2e_vs_real,original,253000,254000,7919,0.04593671855195797,0.002110182111321799,ok
v2e_vs_real,original,254000,255000,10484,0.042159262833382526,0.0017774034426542291,ok
v2e_vs_real,original,255000,256000,7908,0.043980478095394425,0.0019342824534994687,ok
v2e_vs_real,original,256000,257000,8003,0.04235101298248993,0.0017936083006430308,ok
v2e_vs_real,original,257000,258000,7975,0.04169087953806765,0.0017381294366576683,ok
v2e_vs_real,original,258000,259000,10813,0.03794973051939646,0.001440182046494811,ok
v2e_vs_real,original,259000,260000,7980,0.03978541712238438,0.001582879415602116,ok
v2e_vs_real,original,260000,261000,8076,0.03870614271630686,0.0014981654839751144,ok
v2e_vs_real,original,261000,262000,8010,0.03908240304729262,0.0015274342279510279,ok
v2e_vs_real,original,262000,263000,10463,0.03615393824618201,0.0013071072507087425,ok
v2e_vs_real,original,263000,264000,7574,0.03832202463645702,0.0014685775722372188,ok
v2e_vs_real,original,264000,265000,7590,0.03781536886839697,0.0014300021226529265,ok
v2e_vs_real,original,265000,266000,7648,0.038618067296285946,0.00149135512170047,ok
v2e_vs_real,original,266000,267000,11376,0.038856515776475795,0.0015098288182875124,ok
v2e_vs_real,original,267000,268000,7619,0.041936834926139484,0.0017586981236222725,ok
v2e_vs_real,original,268000,269000,7536,0.04360029362569526,0.0019009856042468422,ok
v2e_vs_real,original,269000,270000,7470,0.04424878015783154,0.001957954545456106,ok
v2e_vs_real,original,270000,271000,7397,0.04554592218598064,0.002074431027771404,ok
v2e_vs_real,original,271000,272000,7485,0.04669465798410135,0.0021803910842521997,ok
v2e_vs_real,original,272000,273000,10785,0.04287841696790713,0.001838558641673706,ok
v2e_vs_real,original,273000,274000,7985,0.04776027942340535,0.0022810442906017565,ok
v2e_vs_real,original,274000,275000,7698,0.04896809199173775,0.002397874033311291,ok
v2e_vs_real,original,275000,276000,7760,0.05001647333674601,0.002501647605045425,ok
v2e_vs_real,original,276000,277000,8516,0.05128532400300605,0.002630184458093308,ok
v2e_vs_real,original,277000,278000,8303,0.05161896297158374,0.0026645173382617337,ok
v2e_vs_real,original,278000,279000,11758,0.046936102738820144,0.0022029977403090796,ok
v2e_vs_real,original,279000,280000,8250,0.05223036585068443,0.0027280111168963427,ok
v2e_vs_real,original,280000,281000,8204,0.05368636670148335,0.00288222596960614,ok
v2e_vs_real,original,281000,282000,8319,0.0540257535208241,0.0029187820434928378,ok
v2e_vs_real,original,282000,283000,8691,0.05539961709648092,0.003069117574436701,ok
v2e_vs_real,original,283000,284000,8630,0.055307446994192495,0.0030589136930154123,ok
v2e_vs_real,original,284000,285000,8953,0.05539803858627066,0.003068942679205933,ok
v2e_vs_real,original,285000,286000,12591,0.0496658279063061,0.0024666944616188137,ok
v2e_vs_real,original,286000,287000,9040,0.054143842587737544,0.002931555690165702,ok
v2e_vs_real,original,287000,288000,8483,0.055207239895124084,0.00304783933683778,ok
v2e_vs_real,original,288000,289000,8579,0.05529263477644913,0.0030572754605217916,ok
v2e_vs_real,original,289000,290000,8649,0.05567062189464894,0.0030992181421369658,ok
v2e_vs_real,original,290000,291000,8638,0.05593861725486241,0.0031291289003859907,ok
v2e_vs_real,original,291000,292000,12863,0.05051487844846619,0.0025517529446633133,ok
v2e_vs_real,original,292000,293000,8741,0.05553933967993549,0.0030846182520832565,ok
v2e_vs_real,original,293000,294000,8643,0.05637017567443427,0.0031775967055665804,ok
v2e_vs_real,original,294000,295000,8594,0.05609884985391577,0.0031470809549321854,ok
v2e_vs_real,original,295000,296000,8449,0.056233283819291456,0.0031621822091009865,ok
v2e_vs_real,original,296000,297000,8366,0.056377337306506924,0.003178404161771657,ok
v2e_vs_real,original,297000,298000,11608,0.050820725684990894,0.0025827461591490936,ok
v2e_vs_real,original,298000,299000,8762,0.05382857501125885,0.0028975154877427206,ok
v2e_vs_real,original,299000,300000,8347,0.053928855452973816,0.002908321450467744,ok
v2e_vs_real,original,300000,301000,8338,0.05646819579285514,0.003188657136100223,ok
v2e_vs_real,original,301000,302000,7388,0.05621514479242255,0.0031601425040330322,ok
v2e_vs_real,original,302000,303000,7819,0.057068299407942495,0.0032567907973145697,ok
v2e_vs_real,original,303000,304000,10330,0.051241958173033134,0.002625738277406877,ok
v2e_vs_real,original,304000,305000,7252,0.055671368396916665,0.003099301259185212,ok
v2e_vs_real,original,305000,306000,7063,0.05735472303853281,0.003289564254826807,ok
v2e_vs_real,original,306000,307000,7079,0.057621850922393726,0.0033202777037225667,ok
v2e_vs_real,original,307000,308000,7639,0.05825815920578474,0.0033940131140465617,ok
v2e_vs_real,original,308000,309000,7318,0.05840139381697714,0.003410722799765656,ok
v2e_vs_real,original,309000,310000,7510,0.057991164516925243,0.003362975162029089,ok
v2e_vs_real,original,310000,311000,11287,0.051945828892022546,0.0026983691392792842,ok
v2e_vs_real,original,311000,312000,7852,0.05763931056545083,0.003322290122460492,ok
v2e_vs_real,original,312000,313000,7778,0.057742622689963795,0.003334210475115522,ok
v2e_vs_real,original,313000,314000,7429,0.05691459872807763,0.0032392715483780957,ok
v2e_vs_real,original,314000,315000,8240,0.05827920427777504,0.003396465651250633,ok
v2e_vs_real,original,315000,316000,8037,0.057083679621986995,0.0032585464791856536,ok
v2e_vs_real,original,316000,317000,11446,0.05091709711635959,0.002592550778756794,ok
v2e_vs_real,original,317000,318000,8719,0.05568475945131793,0.003100792435151141,ok
v2e_vs_real,original,318000,319000,8011,0.05592529678996124,0.003127638821045249,ok
v2e_vs_real,original,319000,320000,8183,0.05748418964157119,0.003304432058748121,ok
v2e_vs_real,original,320000,321000,7544,0.056405016828836134,0.0031815259234612876,ok
v2e_vs_real,original,321000,322000,7682,0.056948842763284165,0.003243170692077263,ok
v2e_vs_real,original,322000,323000,11187,0.051142105685874246,0.002615514973985131,ok
v2e_vs_real,original,323000,324000,8259,0.05591528104091547,0.003126518653884561,ok
v2e_vs_real,original,324000,325000,7757,0.05681895618387872,0.00322839378182553,ok
v2e_vs_real,original,325000,326000,7874,0.056631653259608866,0.0032071441509165678,ok
v2e_vs_real,original,326000,327000,7834,0.05700823708614566,0.0032499390956701934,ok
v2e_vs_real,original,327000,328000,7949,0.05782692126988375,0.0033439528235533335,ok
v2e_vs_real,original,328000,329000,11149,0.05160183550021004,0.0026627494269907373,ok
v2e_vs_real,original,329000,330000,8327,0.05574459986957495,0.0031074604146190156,ok
v2e_vs_real,original,330000,331000,7182,0.0568633092253112,0.003233435936053362,ok
v2e_vs_real,original,331000,332000,7087,0.05733609920750859,0.003287428272333267,ok
v2e_vs_real,original,332000,333000,7388,0.05514335230068723,0.0030407893029577074,ok
v2e_vs_real,original,333000,334000,7169,0.0555248318021758,0.003083006946659913,ok
v2e_vs_real,original,334000,335000,7041,0.05608180230513048,0.0031451685497917384,ok
v2e_vs_real,original,335000,336000,10314,0.05112037706215722,0.0026132929509771296,ok
v2e_vs_real,original,336000,337000,6803,0.05767964354741502,0.0033269412797568548,ok
v2e_vs_real,original,337000,338000,6871,0.05746152734420384,0.0033018271247286855,ok
v2e_vs_real,original,338000,339000,6726,0.05766776376578408,0.0033255709777462793,ok
v2e_vs_real,original,339000,340000,6781,0.05783471215235238,0.003344853929745456,ok
v2e_vs_real,original,340000,341000,6828,0.057927394061323516,0.003355582982735859,ok
v2e_vs_real,original,341000,342000,10590,0.052382289830187334,0.002743904287853747,ok
v2e_vs_real,original,342000,343000,7569,0.05793488221648624,0.0033564505774381333,ok
v2e_vs_real,original,343000,344000,7487,0.05802005522517351,0.0033663268083321844,ok
v2e_vs_real,original,344000,345000,7084,0.05758361625444848,0.003315872860939583,ok
v2e_vs_real,original,345000,346000,7289,0.05796175053126924,0.0033595645246490904,ok
v2e_vs_real,original,346000,347000,7306,0.05809315851420259,0.0033748150661562686,ok
v2e_vs_real,original,347000,348000,11059,0.0517505057995028,0.0026781148505043728,ok
v2e_vs_real,original,348000,349000,8156,0.057359276138055054,0.0032900865590816523,ok
v2e_vs_real,original,349000,350000,7854,0.057275393239136094,0.003280470670697677,ok
v2e_vs_real,original,350000,351000,7980,0.05740057309134393,0.0032948257912147165,ok
v2e_vs_real,original,351000,352000,8114,0.05705544290605477,0.0032553235652060756,ok
v2e_vs_real,original,352000,353000,8142,0.05694953163394341,0.0032432491533255212,ok
v2e_vs_real,original,353000,354000,11612,0.05113757454610436,0.002615051530458381,ok
v2e_vs_real,original,354000,355000,8658,0.0552093757178104,0.0030480751671503525,ok
v2e_vs_real,original,355000,356000,8472,0.05599534640341421,0.0031354788188383527,ok
v2e_vs_real,original,356000,357000,8311,0.056254782222904615,0.003164600522946425,ok
v2e_vs_real,original,357000,358000,8384,0.05634618774206795,0.003174892873064368,ok
v2e_vs_real,original,358000,359000,8446,0.05653891793914638,0.0031966492417295285,ok
v2e_vs_real,original,359000,360000,8180,0.056101712545930736,0.0031474021505862424,ok
v2e_vs_real,original,360000,361000,12033,0.05118875276153,0.0026202884092810454,ok
v2e_vs_real,original,361000,362000,8067,0.0568365479777604,0.0032303931860282603,ok
v2e_vs_real,original,362000,363000,7779,0.057037312243689665,0.0032532549879841508,ok
v2e_vs_real,original,363000,364000,7677,0.057333978893041225,0.003287185135707697,ok
v2e_vs_real,original,364000,365000,7391,0.057254382488796066,0.0032780643141733577,ok
v2e_vs_real,original,365000,366000,7403,0.05643148846720742,0.003184512890624564,ok
v2e_vs_real,original,366000,367000,10917,0.050535190344078926,0.0025538054631122882,ok
v2e_vs_real,original,367000,368000,7121,0.05600093473081041,0.0031361046907244874,ok
v2e_vs_real,original,368000,369000,7034,0.05650910240497223,0.003193278654615638,ok
v2e_vs_real,original,369000,370000,7048,0.05806914353591061,0.003372025430994189,ok
v2e_vs_real,original,370000,371000,6777,0.057925338874222326,0.0033553448836934926,ok
v2e_vs_real,original,371000,372000,6692,0.057821682362296734,0.003343346951206337,ok
v2e_vs_real,original,372000,373000,9666,0.052347388604821306,0.0027402490937441753,ok
v2e_vs_real,original,373000,374000,6976,0.05638500603362836,0.0031792689054123066,ok
v2e_vs_real,original,374000,375000,7215,0.058432797703671505,0.0034143918474781976,ok
v2e_vs_real,original,375000,376000,7098,0.057693045195067176,0.003328487463880064,ok
v2e_vs_real,original,376000,377000,7288,0.05743599563649893,0.003298893594755924,ok
v2e_vs_real,original,377000,378000,6916,0.05642989311512599,0.0031843328369845435,ok
v2e_vs_real,original,378000,379000,10699,0.05181575755666034,0.002684872731170603,ok
v2e_vs_real,original,379000,380000,7822,0.05571060819942979,0.003103671865950373,ok
v2e_vs_real,original,380000,381000,7550,0.05634245348816966,0.0031744720650665613,ok
v2e_vs_real,original,381000,382000,7534,0.05638964707230193,0.0031797922969387694,ok
v2e_vs_real,original,382000,383000,7574,0.05615381874003348,0.003153251359088535,ok
v2e_vs_real,original,383000,384000,7562,0.05624561388233681,0.003163569081000919,ok
v2e_vs_real,original,384000,385000,7426,0.056339670206374384,0.0031741584389630294,ok
v2e_vs_real,original,385000,386000,10945,0.05087998976423784,0.0025887733584089474,ok
v2e_vs_real,original,386000,387000,7404,0.056008394739072674,0.0031369402812477833,ok
v2e_vs_real,original,387000,388000,7228,0.056618815994044946,0.00320569032456752,ok
v2e_vs_real,original,388000,389000,7203,0.05655895134447952,0.0031989149771872016,ok
v2e_vs_real,original,389000,390000,7261,0.057558527717952966,0.0033129841130583597,ok
v2e_vs_real,original,390000,391000,6943,0.05746562737247689,0.0033022983293123647,ok
v2e_vs_real,original,391000,392000,10169,0.051979608991551955,0.002701879750914629,ok
v2e_vs_real,original,392000,393000,6790,0.05739024934489763,0.003293640719869523,ok
v2e_vs_real,original,393000,394000,6682,0.056595368238674115,0.0032030357060711225,ok
v2e_vs_real,original,394000,395000,7041,0.058702954086029706,0.0034460368184265114,ok
v2e_vs_real,original,395000,396000,6854,0.057325292348013264,0.003286189142785188,ok
v2e_vs_real,original,396000,397000,6664,0.056359019529268306,0.0031763390823004467,ok
v2e_vs_real,original,397000,398000,9853,0.0516246868034368,0.0026651082875529418,ok
v2e_vs_real,original,398000,399000,7228,0.053797141611133185,0.0028941324455283176,ok
v2e_vs_real,original,399000,400000,6237,0.054392275371294437,0.0029585196200667234,ok
v2e_vs_real,original,400000,401000,5820,0.055698974498861284,0.0031023757602248,ok
v2e_vs_real,original,401000,402000,8410,0.05085042700666927,0.0025857659267605995,ok
v2e_vs_real,original,402000,403000,5304,0.056640247471902806,0.0032081176336783922,ok
v2e_vs_real,original,403000,404000,7775,0.051598892954919276,0.002662445754173218,ok
v2e_vs_real,original,404000,405000,5190,0.058045787280245384,0.0033693134209834964,ok
v2e_vs_real,original,405000,406000,7567,0.052103871824718366,0.00271481345912668,ok
v2e_vs_real,original,406000,407000,5396,0.05750423477623136,0.0033067370171999356,ok
v2e_vs_real,original,407000,408000,7634,0.0523794824457862,0.0027436101812884244,ok
v2e_vs_real,original,408000,409000,5378,0.05734084087472444,0.003287972032220469,ok
v2e_vs_real,original,409000,410000,5241,0.05875999607316292,0.003452737138518122,ok
v2e_vs_real,original,410000,411000,7706,0.05235636055637684,0.0027411884907093324,ok
v2e_vs_real,original,411000,412000,5423,0.0580360705210389,0.003368185481523001,ok
v2e_vs_real,original,412000,413000,7719,0.052893448118083934,0.002797716853820437,ok
v2e_vs_real,original,413000,414000,5514,0.058454043797983336,0.003416875236336554,ok
v2e_vs_real,original,414000,415000,7680,0.05307016851691006,0.002816442786413231,ok
v2e_vs_real,original,415000,416000,5485,0.05792750597446786,0.0033555959484220096,ok
v2e_vs_real,original,416000,417000,5218,0.0587263957371293,0.0034487895562739187,ok
v2e_vs_real,original,417000,418000,7975,0.05306051893316284,0.0028154186694565324,ok
v2e_vs_real,original,418000,419000,5337,0.05951994694637377,0.0035426240844991484,ok
v2e_vs_real,original,419000,420000,7767,0.05378964160090128,0.0028933255435534097,ok
v2e_vs_real,original,420000,421000,5389,0.05968565679161987,0.0035623776266470388,ok
v2e_vs_real,original,421000,422000,7484,0.05462619871492106,0.0029840215860420433,ok
v2e_vs_real,original,422000,423000,5132,0.061252014012929686,0.0037518092206401347,ok
v2e_vs_real,original,423000,424000,4935,0.06207081044493409,0.0038527855092909385,ok
v2e_vs_real,original,424000,425000,6972,0.055580117257726505,0.0030891494343826278,ok
v2e_vs_real,original,425000,426000,4625,0.06312761583157678,0.003985095880579144,ok
v2e_vs_real,original,426000,427000,6626,0.05557238330893736,0.0030882897866354596,ok
v2e_vs_real,original,427000,428000,4687,0.060884533838208424,0.0037069264606959464,ok
v2e_vs_real,original,428000,429000,6642,0.05461782006317647,0.002983106268453522,ok
v2e_vs_real,original,429000,430000,4722,0.059737493847459876,0.0035685681711753064,ok
v2e_vs_real,original,430000,431000,4444,0.06062728275467189,0.003675667414214936,ok
v2e_vs_real,original,431000,432000,6702,0.05365101630638149,0.0028784315507076126,ok
v2e_vs_real,original,432000,433000,5056,0.05608245103377973,0.0031452413139563006,ok
v2e_vs_real,original,433000,434000,7040,0.05134042813053021,0.002635839560626138,ok
v2e_vs_real,original,434000,435000,4501,0.05783557836481974,0.0033449541247932055,ok
v2e_vs_real,original,435000,436000,6583,0.05157508770855848,0.0026599896721455005,ok
v2e_vs_real,original,436000,437000,4658,0.05781279936119265,0.003342319769977517,ok
v2e_vs_real,original,437000,438000,4473,0.05873486924332119,0.0034497848650300376,ok
v2e_vs_real,original,438000,439000,6916,0.05262040950674563,0.0027689074966576062,ok
v2e_vs_real,original,439000,440000,4551,0.058182875325744676,0.003385246981171149,ok
v2e_vs_real,original,440000,441000,6672,0.052593861295382606,0.0027661142459579446,ok
v2e_vs_real,original,441000,442000,4664,0.059289672059762114,0.003515265212954136,ok
v2e_vs_real,original,442000,443000,6494,0.052661312836045034,0.0027732138696158017,ok
v2e_vs_real,original,443000,444000,4713,0.05975452674066397,0.0035706034660007253,ok
v2e_vs_real,original,444000,445000,4505,0.05956593559277716,0.003548100683042877,ok
v2e_vs_real,original,445000,446000,6829,0.05385977062499423,0.002900874891776991,ok
v2e_vs_real,original,446000,447000,4475,0.06001697856871455,0.003602037716517542,ok
v2e_vs_real,original,447000,448000,6784,0.053767503078188124,0.0028909443872629694,ok
v2e_vs_real,original,448000,449000,4704,0.05854567927298138,0.003427596561534801,ok
v2e_vs_real,original,449000,450000,6939,0.05261644852590876,0.0027684906554796057,ok
v2e_vs_real,original,450000,451000,4963,0.05890534825942468,0.0034698400535641064,ok
v2e_vs_real,original,451000,452000,4693,0.058968573926650045,0.003477292710942791,ok
v2e_vs_real,original,452000,453000,6992,0.05346165774089036,0.002858148848404102,ok
v2e_vs_real,original,453000,454000,4712,0.059977828721000916,0.0035973399380857226,ok
v2e_vs_real,original,454000,455000,6630,0.05382844356056304,0.0028975013361527205,ok
v2e_vs_real,original,455000,456000,4857,0.05974732879621766,0.0035697432982833397,ok
v2e_vs_real,original,456000,457000,6565,0.05374691342440599,0.002888730702650593,ok
v2e_vs_real,original,457000,458000,4536,0.060526646028640156,0.0036634748794763016,ok
v2e_vs_real,original,458000,459000,4546,0.06056418757989889,0.003668020817213179,ok
v2e_vs_real,original,459000,460000,6907,0.05488014158266514,0.003011829940133371,ok
v2e_vs_real,original,460000,461000,4543,0.060897843365049,0.0037085473265140423,ok
v2e_vs_real,original,461000,462000,6599,0.05436989076735293,0.002956085022053889,ok
v2e_vs_real,original,462000,463000,4891,0.05916967730682953,0.0035010507125943376,ok
v2e_vs_real,original,463000,464000,6878,0.05348601842738381,0.0028607541672144407,ok
v2e_vs_real,original,464000,465000,4862,0.05898221668451515,0.003478901885019097,ok
v2e_vs_real,original,465000,466000,4802,0.05838916435294351,0.0034092945138350485,ok
v2e_vs_real,original,466000,467000,7664,0.05121879485654541,0.0026233649465568828,ok
v2e_vs_real,original,467000,468000,5097,0.05716077571740933,0.0032673542806159724,ok
v2e_vs_real,original,468000,469000,7824,0.051691227126922305,0.002671982961887068,ok
v2e_vs_real,original,469000,470000,5493,0.057257600380111705,0.003278432801288568,ok
v2e_vs_real,original,470000,471000,7954,0.05212755713848323,0.002717282213225834,ok
v2e_vs_real,original,471000,472000,5587,0.05786688336312519,0.003348576190161535,ok
v2e_vs_real,original,472000,473000,5505,0.058670036265969276,0.00344217315545015,ok
v2e_vs_real,original,473000,474000,8351,0.052730271641581075,0.0027804815473949293,ok
v2e_vs_real,original,474000,475000,5606,0.058448254058026464,0.003416198402431607,ok
v2e_vs_real,original,475000,476000,8466,0.05262330573892786,0.0027692123068926776,ok
v2e_vs_real,original,476000,477000,5821,0.05877365635784288,0.003454342681669805,ok
v2e_vs_real,original,477000,478000,8734,0.052487157677599365,0.0027549017210731783,ok
v2e_vs_real,original,478000,479000,5964,0.05865147057628841,0.003439995000761225,ok
v2e_vs_real,original,479000,480000,6144,0.057975692866822845,0.003361180963388173,ok
v2e_vs_real,original,480000,481000,9048,0.05205166138832407,0.002709375453284747,ok
v2e_vs_real,original,481000,482000,6236,0.05739773200487238,0.0032944996393031514,ok
v2e_vs_real,original,482000,483000,9757,0.05077443501075877,0.002578043250661766,ok
v2e_vs_real,original,483000,484000,6531,0.05627529812362836,0.0031669091789032497,ok
v2e_vs_real,original,484000,485000,9825,0.050562538585369014,0.0025565703081969304,ok
v2e_vs_real,original,485000,486000,6816,0.055534905329289466,0.0030841257099331436,ok
v2e_vs_real,original,486000,487000,6734,0.05612760891236303,0.003150308482219174,ok
v2e_vs_real,original,487000,488000,10191,0.0503252430037444,0.0025326300833859246,ok
v2e_vs_real,original,488000,489000,6846,0.05646836624615769,0.0031886763865102015,ok
v2e_vs_real,original,489000,490000,10128,0.05045577377320727,0.002545785107053071,ok
v2e_vs_real,original,490000,491000,7192,0.05608677543808258,0.0031457263790419035,ok
v2e_vs_real,original,491000,492000,10270,0.05055771448695006,0.00255608249414396,ok
v2e_vs_real,original,492000,493000,7220,0.0553827059818772,0.003067244121875057,ok
v2e_vs_real,original,493000,494000,6959,0.05629846814703705,0.003169517515702945,ok
v2e_vs_real,original,494000,495000,10388,0.05044560127771302,0.0025447586882700016,ok
v2e_vs_real,original,495000,496000,6951,0.055676162705939246,0.0030998350936582205,ok
v2e_vs_real,original,496000,497000,10512,0.04959442414111295,0.002459606905888607,ok
v2e_vs_real,original,497000,498000,6766,0.05491093552489481,0.003015210840219155,ok
v2e_vs_real,original,498000,499000,10200,0.04871623899778882,0.00237327194208968,ok
v2e_vs_real,original,499000,500000,6835,0.05240196590710707,0.002745966030929612,ok
v2e_vs_real,original,500000,501000,6821,0.05175010327475706,0.0026780731889480217,ok
v2e_vs_real,original,501000,502000,10162,0.045918805463166276,0.0021085366951641093,ok
v2e_vs_real,original,502000,503000,6714,0.0497451382015619,0.002474578774692493,ok
v2e_vs_real,original,503000,504000,9823,0.04378040742265505,0.0019167240740936692,ok
v2e_vs_real,original,504000,505000,6731,0.0471691258215738,0.0022249264307714605,ok
v2e_vs_real,original,505000,506000,9778,0.041264290395217326,0.0017027416618208252,ok
v2e_vs_real,original,506000,507000,6810,0.04469754278968207,0.0019978703314354595,ok
v2e_vs_real,original,507000,508000,9721,0.03911924747917083,0.0015303155233366134,ok
v2e_vs_real,original,508000,509000,6889,0.042214233960812045,0.001782041548898177,ok
v2e_vs_real,original,509000,510000,6684,0.04168262824748881,0.0017374414976183516,ok
v2e_vs_real,original,510000,511000,10076,0.03549785604918826,0.0012600977840888916,ok
v2e_vs_real,original,511000,512000,6895,0.039972921933668,0.001597834487915116,ok
v2e_vs_real,original,512000,513000,10308,0.03389124761141523,0.0011486166646582586,ok
v2e_vs_real,original,513000,514000,7326,0.03811133430091764,0.0014524738021963017,ok
v2e_vs_real,original,514000,515000,10889,0.03436233508482984,0.0011807700724821278,ok
v2e_vs_real,original,515000,516000,7975,0.037592137774299976,0.0014131688224419512,ok
v2e_vs_real,original,516000,517000,7925,0.039408994986851034,0.0015530688858736497,ok
v2e_vs_real,original,517000,518000,11936,0.03561946599217919,0.0012687463575680096,ok
v2e_vs_real,original,518000,519000,8235,0.040641309136212604,0.001651716008305198,ok
v2e_vs_real,original,519000,520000,12000,0.03713707907568601,0.0013791626422737554,ok
v2e_vs_real,original,520000,521000,8484,0.04329252779484369,0.0018742429628673134,ok
v2e_vs_real,original,521000,522000,12059,0.04070000417149806,0.0016564903395599594,ok
v2e_vs_real,original,522000,523000,8365,0.046180715178024266,0.002132658454353801,ok
v2e_vs_real,original,523000,524000,8104,0.04821483034160366,0.002324669864869625,ok
v2e_vs_real,original,524000,525000,12138,0.04434009135869065,0.0019660437016970336,ok
v2e_vs_real,original,525000,526000,8065,0.050273017291414986,0.0025273762675829103,ok
v2e_vs_real,original,526000,527000,11794,0.045939699754082026,0.0021104560134952042,ok
v2e_vs_real,original,527000,528000,8053,0.051592893285669135,0.0026618266375864432,ok
v2e_vs_real,original,528000,529000,11504,0.0472174214116642,0.0022294848847666847,ok
v2e_vs_real,original,529000,530000,8060,0.05199694510892774,0.002703682300660844,ok
v2e_vs_real,original,530000,531000,7871,0.05330419511876947,0.0028413372172598475,ok
v2e_vs_real,original,531000,532000,11418,0.04843039345512078,0.0023455030102178054,ok
v2e_vs_real,original,532000,533000,9015,0.05155370623414812,0.002657784626476843,ok
v2e_vs_real,original,533000,534000,12549,0.05469710210643905,0.002991772978842219,ok
v2e_vs_real,original,534000,535000,5829,0.07012886989830205,0.0049180583932129755,ok
v2e_vs_real,original,535000,536000,10941,0.05671243573172987,0.0032163003666255906,ok
v2e_vs_real,original,536000,537000,10538,0.05706611492245874,0.003256541472343268,ok
v2e_vs_real,original,537000,538000,10274,0.05780432360563777,0.0033413398275052913,ok
v2e_vs_real,original,538000,539000,5010,0.0740892678897997,0.005489219616446505,ok
v2e_vs_real,original,539000,540000,10208,0.05850269398804532,0.0034225652038588745,ok
v2e_vs_real,original,540000,541000,10013,0.05918389833979215,0.0035027338226948524,ok
v2e_vs_real,original,541000,542000,10098,0.0591617974878587,0.0035001182819944044,ok
v2e_vs_real,original,542000,543000,5018,0.07574137913699117,0.0057367565135734416,ok
v2e_vs_real,original,543000,544000,10041,0.05949921329130875,0.0035401563822846514,ok
v2e_vs_real,original,544000,545000,9985,0.05958559003881212,0.003550442540273386,ok
v2e_vs_real,original,545000,546000,10067,0.0593879606156853,0.003526929866090188,ok
v2e_vs_real,original,546000,547000,5093,0.07484179766304926,0.005601294677436806,ok
v2e_vs_real,original,547000,548000,10128,0.05929921027020972,0.003516396338670546,ok
v2e_vs_real,original,548000,549000,10513,0.0581094178963503,0.003376704448252677,ok
v2e_vs_real,original,549000,550000,10609,0.05826558864573516,0.003394878820234022,ok
v2e_vs_real,original,550000,551000,5346,0.07288530260362017,0.0053122673356212815,ok
v2e_vs_real,original,551000,552000,10597,0.05839708601209851,0.0034102196547044317,ok
v2e_vs_real,original,552000,553000,10576,0.05850178341339095,0.003422458662547304,ok
v2e_vs_real,original,553000,554000,10360,0.05883962947912011,0.00346210199724014,ok
v2e_vs_real,original,554000,555000,5203,0.07435066725336124,0.005528021721020043,ok
v2e_vs_real,original,555000,556000,10166,0.059244388841252535,0.003509897609173528,ok
v2e_vs_real,original,556000,557000,10052,0.05934793155869335,0.0035221769802953502,ok
v2e_vs_real,original,557000,558000,9941,0.05958648346376727,0.0035505490115778104,ok
v2e_vs_real,original,558000,559000,4960,0.07556707250300161,0.005710382446673902,ok
v2e_vs_real,original,559000,560000,9703,0.0602373534360415,0.0036285387489785807,ok
v2e_vs_real,original,560000,561000,9683,0.0602994907649173,0.0036360285865083466,ok
v2e_vs_real,original,561000,562000,4793,0.07731251525573966,0.005977225015168978,ok
v2e_vs_real,original,562000,563000,9478,0.060584417948361335,0.003670471698141727,ok
v2e_vs_real,original,563000,564000,9172,0.06088580431208206,0.0037070811667291505,ok
v2e_vs_real,original,564000,565000,8928,0.06095813567295056,0.0037158943047218475,ok
v2e_vs_real,original,565000,566000,4602,0.07502216933582445,0.005628325891853118,ok
v2e_vs_real,original,566000,567000,8892,0.05920248982044614,0.0035049348009400286,ok
v2e_vs_real,original,567000,568000,8513,0.05968436319219753,0.0035622232096581435,ok
v2e_vs_real,original,568000,569000,8424,0.060172725068638855,0.0036207568421859986,ok
v2e_vs_real,original,569000,570000,4200,0.07633712076036717,0.00582735600598288,ok
v2e_vs_real,original,570000,571000,8696,0.06014195045477607,0.0036170542045047393,ok
v2e_vs_real,original,571000,572000,8745,0.060110392368409475,0.0036132592706841398,ok
v2e_vs_real,original,572000,573000,8936,0.060165222906024926,0.0036198540473316664,ok
v2e_vs_real,original,573000,574000,4463,0.07722110338891469,0.005963098808601452,ok
v2e_vs_real,original,574000,575000,9063,0.06053362262559387,0.0036643194681778104,ok
v2e_vs_real,original,575000,576000,9078,0.060516286284305915,0.0036622209056440718,ok
v2e_vs_real,original,576000,577000,9128,0.06060354521905434,0.0036727896931179637,ok
v2e_vs_real,original,577000,578000,4629,0.07674821774870531,0.005890288927602686,ok
v2e_vs_real,original,578000,579000,9300,0.06047654768466443,0.0036574128198554904,ok
v2e_vs_real,original,579000,580000,9475,0.06006346169836179,0.0036076194311905735,ok
v2e_vs_real,original,580000,581000,9426,0.06011420180855814,0.0036137172590800554,ok
v2e_vs_real,original,581000,582000,5012,0.07384800059665621,0.005453527192123736,ok
v2e_vs_real,original,582000,583000,9871,0.058357397471330785,0.0034055858396268845,ok
v2e_vs_real,original,583000,584000,9759,0.058602776628530764,0.0034342854285734714,ok
v2e_vs_real,original,584000,585000,9733,0.058905431615547274,0.0034698498738139167,ok
v2e_vs_real,original,585000,586000,4809,0.07485799899163528,0.005603720013031669,ok
v2e_vs_real,original,586000,587000,9634,0.05913730013837363,0.0034972202676560853,ok
v2e_vs_real,original,587000,588000,9541,0.05928598277514941,0.0035148277536153124,ok
v2e_vs_real,original,588000,589000,4761,0.07531781508053169,0.005672773268505166,ok
v2e_vs_real,original,589000,590000,9311,0.059724197352108516,0.0035669797493536057,ok
v2e_vs_real,original,590000,591000,9298,0.059590065068625686,0.003550975854883043,ok
v2e_vs_real,original,591000,592000,9280,0.059898079512551515,0.0035877799292919435,ok
v2e_vs_real,original,592000,593000,4661,0.0761151408606138,0.00579351466823108,ok
v2e_vs_real,original,593000,594000,9357,0.06010151159700511,0.003612191696244939,ok
v2e_vs_real,original,594000,595000,9356,0.05995144101766756,0.0035941752800948724,ok
v2e_vs_real,original,595000,596000,9108,0.06018216570406799,0.003621893068831897,ok
v2e_vs_real,original,596000,597000,4427,0.07702827526917169,0.005933355190943288,ok
v2e_vs_real,original,597000,598000,8611,0.06096537072501414,0.003716776427638411,ok
v2e_vs_real,original,598000,599000,8764,0.05892792956602139,0.0034725008829379783,ok
v2e_vs_real,original,599000,600000,8416,0.05805161611867243,0.0033699901339897093,ok
v2e_vs_real,original,600000,601000,4102,0.07351583150640216,0.005404577482077712,ok
v2e_vs_real,original,601000,602000,8180,0.05850668812400701,0.0034230325552398223,ok
v2e_vs_real,original,602000,603000,8326,0.05853003212143515,0.0034257646601362304,ok
v2e_vs_real,original,603000,604000,8541,0.058324755334434784,0.003401777084821679,ok
v2e_vs_real,original,604000,605000,4409,0.07341691599575967,0.005390043554328433,ok
v2e_vs_real,original,605000,606000,8690,0.05884661623181833,0.003462924241934905,ok
v2e_vs_real,original,606000,607000,8938,0.05861427312130274,0.0034356330135386732,ok
v2e_vs_real,original,607000,608000,9019,0.05922368779945585,0.0035074451965674157,ok
v2e_vs_real,original,608000,609000,4636,0.07461850800170851,0.005567921736401037,ok
v2e_vs_real,original,609000,610000,9270,0.05916271224069073,0.0035002265196747767,ok
v2e_vs_real,original,610000,611000,9419,0.05889078449986836,0.003468124499009935,ok
v2e_vs_real,original,611000,612000,4735,0.07387765068304525,0.005457907270446056,ok
v2e_vs_real,original,612000,613000,9411,0.058877496118498254,0.003466559549183777,ok
v2e_vs_real,original,613000,614000,9541,0.05853635529068655,0.0034265048907174875,ok
v2e_vs_real,original,614000,615000,9570,0.05833334553140081,0.0034027792008857983,ok
v2e_vs_real,original,615000,616000,4816,0.07328723997312293,0.005371019542878107,ok
v2e_vs_real,original,616000,617000,9726,0.05804515281109158,0.0033692397648629724,ok
v2e_vs_real,original,617000,618000,9709,0.05808476880310443,0.003373840366910094,ok
v2e_vs_real,original,618000,619000,9676,0.05813799292158517,0.0033800262209502875,ok
v2e_vs_real,original,619000,620000,4787,0.07334220346549143,0.005379078809173543,ok
v2e_vs_real,original,620000,621000,9474,0.05839366457381365,0.003409820062359059,ok
v2e_vs_real,original,621000,622000,9346,0.05869672703913052,0.003445305765106196,ok
v2e_vs_real,original,622000,623000,9300,0.05892727852818477,0.0034724241547382665,ok
v2e_vs_real,original,623000,624000,4605,0.07447728485780442,0.005546865959790544,ok
v2e_vs_real,original,624000,625000,9303,0.058945507635368266,0.0034745728703912586,ok
v2e_vs_real,original,625000,626000,9103,0.059792330763313035,0.0035751228181094305,ok
v2e_vs_real,original,626000,627000,9147,0.059715922572296964,0.003565991408660566,ok
v2e_vs_real,original,627000,628000,4447,0.07614369729510828,0.00579786263776908,ok
v2e_vs_real,original,628000,629000,8754,0.060123708916770206,0.003614860373908513,ok
v2e_vs_real,original,629000,630000,8426,0.06049404339006472,0.003659529285679033,ok
v2e_vs_real,original,630000,631000,8273,0.060396313412086275,0.0036477146737709525,ok
v2e_vs_real,original,631000,632000,3964,0.07722818423230116,0.005964192439818248,ok
v2e_vs_real,original,632000,633000,7754,0.05848395403744116,0.0034203728798535304,ok
v2e_vs_real,original,633000,634000,7563,0.05919152138062215,0.0035036362033526486,ok
v2e_vs_real,original,634000,635000,3741,0.0752699132765884,0.005665559844665138,ok
v2e_vs_real,original,635000,636000,7622,0.05957859501896036,0.0035496089844332885,ok
v2e_vs_real,original,636000,637000,7510,0.060289453615715936,0.0036348182172815636,ok
v2e_vs_real,original,637000,638000,7511,0.060311233170845954,0.003637444846588149,ok
v2e_vs_real,original,638000,639000,3781,0.07727148980180047,0.005970883136189754,ok
v2e_vs_real,original,639000,640000,7416,0.06138386814455326,0.0037679792683879007,ok
v2e_vs_real,original,640000,641000,7617,0.061336611634839444,0.003762179926843122,ok
v2e_vs_real,original,641000,642000,7581,0.061768775854491496,0.0038153816705624117,ok
v2e_vs_real,original,642000,643000,3852,0.07949394297219697,0.006319286969266905,ok
v2e_vs_real,original,643000,644000,7712,0.062360848642383906,0.0038888754433983146,ok
v2e_vs_real,original,644000,645000,7752,0.06229013468579709,0.0038800608791747415,ok
v2e_vs_real,original,645000,646000,7835,0.06228133349192982,0.003878964501532979,ok
v2e_vs_real,original,646000,647000,3861,0.07988774804304617,0.006382052287389227,ok
v2e_vs_real,original,647000,648000,7824,0.06238259351681775,0.0038915879738845114,ok
v2e_vs_real,original,648000,649000,8367,0.06026133724598808,0.00363142876667471,ok
v2e_vs_real,original,649000,650000,8218,0.06056776881318881,0.0036684546190078873,ok
v2e_vs_real,original,650000,651000,4047,0.07726885915901192,0.0059704765957352204,ok
v2e_vs_real,original,651000,652000,8034,0.06051488054208984,0.0036620507670234036,ok
v2e_vs_real,original,652000,653000,7763,0.0611158685269083,0.00373514938579834,ok
v2e_vs_real,original,653000,654000,7732,0.06092723854430411,0.0037121283966345363,ok
v2e_vs_real,original,654000,655000,3794,0.0785512269685494,0.006170295258264563,ok
v2e_vs_real,original,655000,656000,7565,0.061141224387548036,0.0037382493196084984,ok
v2e_vs_real,original,656000,657000,7462,0.06126464232310154,0.0037533563989775648,ok
v2e_vs_real,original,657000,658000,3664,0.0786400724226233,0.006184260990635438,ok
v2e_vs_real,original,658000,659000,7333,0.06175574777597257,0.003813772383369541,ok
v2e_vs_real,original,659000,660000,7282,0.06201443288428045,0.003845789885958924,ok
v2e_vs_real,original,660000,661000,7135,0.06249328727395011,0.0039054109543044543,ok
v2e_vs_real,original,661000,662000,3614,0.07935583807297114,0.006297349036263615,ok
v2e_vs_real,original,662000,663000,7122,0.062203479082737774,0.003869272809996596,ok
v2e_vs_real,original,663000,664000,7172,0.061635419771881014,0.0037989249704559807,ok
v2e_vs_real,original,664000,665000,6948,0.061571337641256316,0.0037910296189335867,ok
v2e_vs_real,original,665000,666000,3400,0.0736186633555938,0.00541970759426425,ok
v2e_vs_real,original,666000,667000,6470,0.05095980180622231,0.0025969014001294586,ok
v2e_vs_real,original,667000,668000,4452,0.05481313065458569,0.0030044792921566817,ok
v2e_vs_real,original,668000,669000,4075,0.05462644952284048,0.002984048987471439,ok
v2e_vs_real,original,669000,670000,4146,0.05469456446081452,0.0029914953815581946,ok
v2e_vs_real,original,670000,671000,3913,0.05539778645874182,0.0030689147445283585,ok
v2e_vs_real,original,671000,672000,3978,0.05572248358757873,0.0031049951771679814,ok
v2e_vs_real,original,672000,673000,3900,0.055805784603224086,0.003114285595181443,ok
v2e_vs_real,original,673000,674000,5460,0.051041978383254194,0.0026052835572765885,ok
v2e_vs_real,original,674000,675000,4188,0.05483178829244492,0.0030065250073475,ok
v2e_vs_real,original,675000,676000,4057,0.05524933000867594,0.0030524884664075796,ok
v2e_vs_real,original,676000,677000,4185,0.0552631263780643,0.0030540131370779063,ok
v2e_vs_real,original,677000,678000,4256,0.05487190264475451,0.0030109256998554165,ok
v2e_vs_real,original,678000,679000,5883,0.05067605735661512,0.0025680627892109456,ok
v2e_vs_real,original,679000,680000,4287,0.055151573401804876,0.003041696048694671,ok
v2e_vs_real,original,680000,681000,4317,0.05466536287299148,0.002988301898035835,ok
v2e_vs_real,original,681000,682000,4346,0.054741380036992346,0.002996618688354424,ok
v2e_vs_real,original,682000,683000,4726,0.0535421916058064,0.0028667662819528857,ok
v2e_vs_real,original,683000,684000,6205,0.049983299397513545,0.002498330218661478,ok
v2e_vs_real,original,684000,685000,4662,0.05341050256693358,0.0028526817844524185,ok
v2e_vs_real,original,685000,686000,4595,0.05400440597106025,0.0029164758642870885,ok
v2e_vs_real,original,686000,687000,4648,0.05378983515970815,0.002893346366508575,ok
v2e_vs_real,original,687000,688000,4605,0.05400313584140262,0.0029163386807049847,ok
v2e_vs_real,original,688000,689000,4565,0.05439904703506983,0.0029592563183237393,ok
v2e_vs_real,original,689000,690000,6022,0.05090724135142591,0.0025915472220123283,ok
v2e_vs_real,original,690000,691000,4746,0.054290947022462864,0.002947506928595869,ok
v2e_vs_real,original,691000,692000,4632,0.055052701853396176,0.0030307999813589306,ok
v2e_vs_real,original,692000,693000,4553,0.05508608420155139,0.003034476672660409,ok
v2e_vs_real,original,693000,694000,4597,0.054570073159661586,0.0029778928846508177,ok
v2e_vs_real,original,694000,695000,6181,0.050836208008096545,0.002584320044642459,ok
v2e_vs_real,original,695000,696000,4662,0.05386758344949236,0.002901716546688023,ok
v2e_vs_real,original,696000,697000,4696,0.05386804432571237,0.0029017661994769125,ok
v2e_vs_real,original,697000,698000,4764,0.05339958295532594,0.0028515154598027365,ok
v2e_vs_real,original,698000,699000,4668,0.053785701614660876,0.0028929016981813333,ok
v2e_vs_real,original,699000,700000,5440,0.05143161544383632,0.0026452110671626628,ok
v2e_vs_real,original,700000,701000,6702,0.049154597315338194,0.002416174437233053,ok
v2e_vs_real,original,701000,702000,4823,0.0536040366631518,0.0028733927465845223,ok
v2e_vs_real,original,702000,703000,4752,0.05423089658685785,0.00294099014461447,ok
v2e_vs_real,original,703000,704000,4712,0.05530175223644555,0.003058283800421211,ok
v2e_vs_real,original,704000,705000,4813,0.05616416881143569,0.003154413858279446,ok
v2e_vs_real,original,705000,706000,6806,0.05191699459427076,0.0026953743277015395,ok
v2e_vs_real,original,706000,707000,5331,0.05600478444128903,0.0031365358803152497,ok
v2e_vs_real,original,707000,708000,5597,0.05629660778891959,0.0031693080485394416,ok
v2e_vs_real,original,708000,709000,5957,0.05589966486265314,0.003124772531756938,ok
v2e_vs_real,original,709000,710000,6377,0.0558131454701734,0.0031151072072747375,ok
v2e_vs_real,original,710000,711000,8778,0.05160764531550293,0.0026633490550107518,ok
v2e_vs_real,original,711000,712000,6793,0.05512457295463615,0.0030387185434310035,ok
v2e_vs_real,original,712000,713000,6915,0.055194599973907466,0.0030464438662796663,ok
v2e_vs_real,original,713000,714000,7000,0.055041524061034394,0.003029569370961428,ok
v2e_vs_real,original,714000,715000,7140,0.054611886194756536,0.002982458113749039,ok
v2e_vs_real,original,715000,716000,7212,0.05438409656702909,0.0029576299594119455,ok
v2e_vs_real,original,716000,717000,9725,0.05048690238886378,0.002548927312822659,ok
v2e_vs_real,original,717000,718000,7509,0.05367582869589267,0.002881094586190815,ok
v2e_vs_real,original,718000,719000,7469,0.05342526862583035,0.0028542593277421325,ok
v2e_vs_real,original,719000,720000,7491,0.05312045168087876,0.0028217823867805756,ok
v2e_vs_real,original,720000,721000,7574,0.052947776985442715,0.0028034670877001774,ok
v2e_vs_real,original,721000,722000,7377,0.05294663076196002,0.002803345709043331,ok
v2e_vs_real,original,722000,723000,9691,0.0497733688552995,0.0024773882472056983,ok
v2e_vs_real,original,723000,724000,7277,0.05314270441323802,0.002824147032352788,ok
v2e_vs_real,original,724000,725000,7249,0.053320799536451406,0.0028431076632064365,ok
v2e_vs_real,original,725000,726000,7197,0.053506729501009154,0.0028629701018941635,ok
v2e_vs_real,original,726000,727000,7130,0.053688605806922925,0.0028824663934911583,ok
v2e_vs_real,original,727000,728000,9640,0.049809449121812906,0.0024809812218184687,ok
v2e_vs_real,original,728000,729000,7318,0.05296344001717264,0.002805125978452644,ok
v2e_vs_real,original,729000,730000,7233,0.05304353941444064,0.002813617073611318,ok
v2e_vs_real,original,730000,731000,7079,0.05322250797087494,0.002832635354709846,ok
v2e_vs_real,original,731000,732000,6800,0.053346413077705754,0.0028458397882572158,ok
v2e_vs_real,original,732000,733000,7219,0.05178548763750578,0.002681736729854264,ok
v2e_vs_real,original,733000,734000,9239,0.048640162129026,0.002365865371937935,ok
v2e_vs_real,original,734000,735000,6844,0.05236122352646245,0.0027416977291881642,ok
v2e_vs_real,original,735000,736000,6615,0.05305184504292702,0.002814498262458741,ok
v2e_vs_real,original,736000,737000,6611,0.05292606642942404,0.0028011685076918063,ok
v2e_vs_real,original,737000,738000,6586,0.05319501666667478,0.0028297097981678076,ok
v2e_vs_real,original,738000,739000,8769,0.049880891963455035,0.002488103383069873,ok
v2e_vs_real,original,739000,740000,6774,0.053434887480981415,0.002855287200105144,ok
v2e_vs_real,original,740000,741000,6804,0.053286390395839205,0.002839439401417785,ok
v2e_vs_real,original,741000,742000,6910,0.053384970742834985,0.002849955101213347,ok
v2e_vs_real,original,742000,743000,6971,0.053301824055977165,0.0028410844476943462,ok
v2e_vs_real,original,743000,744000,6977,0.0534501981370612,0.0028569236808911004,ok
v2e_vs_real,original,744000,745000,9365,0.049505389251140265,0.002450783564906914,ok
v2e_vs_real,original,745000,746000,7216,0.05280803025429108,0.0027886880593381218,ok
v2e_vs_real,original,746000,747000,7323,0.052237698061792855,0.002728777098795037,ok
v2e_vs_real,original,747000,748000,7476,0.052176943671406455,0.002722433450889122,ok
v2e_vs_real,original,748000,749000,7626,0.051555093547742424,0.002657927670716473,ok
v2e_vs_real,original,749000,750000,10214,0.047581879535518075,0.0022640352601325537,ok
v2e_vs_real,original,750000,751000,7798,0.050157908653162095,0.0025158158004589533,ok
v2e_vs_real,original,751000,752000,7724,0.04934224440263661,0.0024346570826895243,ok
v2e_vs_real,original,752000,753000,7716,0.04865071641577225,0.002366892207767891,ok
v2e_vs_real,original,753000,754000,7746,0.04768678629024434,0.0022740295866914353,ok
v2e_vs_real,original,754000,755000,7696,0.04718390328854653,0.0022263207295429126,ok
v2e_vs_real,original,755000,756000,10350,0.042886534361272065,0.0018392548295205697,ok
v2e_vs_real,original,756000,757000,7767,0.04414160784169806,0.0019484815428502595,ok
v2e_vs_real,original,757000,758000,7968,0.042832390795998806,0.0018346137013011633,ok
v2e_vs_real,original,758000,759000,7904,0.04180186769211932,0.001747396142549449,ok
v2e_vs_real,original,759000,760000,7907,0.04138623420949448,0.001712820382043131,ok
v2e_vs_real,original,760000,761000,10390,0.0384225900023236,0.0014762954224866573,ok
v2e_vs_real,original,761000,762000,7840,0.040506008688503736,0.0016407367398731402,ok
v2e_vs_real,original,762000,763000,7805,0.03909599597935068,0.0015284969016174043,ok
v2e_vs_real,original,763000,764000,7617,0.03876365300502373,0.0015026207942938849,ok
v2e_vs_real,original,764000,765000,7491,0.03854794546023935,0.0014859440992055872,ok
v2e_vs_real,original,765000,766000,7487,0.03967287651760179,0.0015739371311808798,ok
v2e_vs_real,original,766000,767000,10524,0.036025528325115234,0.0012978386911036803,ok
v2e_vs_real,original,767000,768000,7635,0.038513213800558964,0.0014832676372475656,ok
v2e_vs_real,original,768000,769000,7659,0.03795212028790465,0.0014403634343475838,ok
v2e_vs_real,original,769000,770000,7604,0.038327750176881434,0.0014690164336214348,ok
v2e_vs_real,original,770000,771000,7518,0.03969920546331112,0.0015760269144181915,ok
v2e_vs_real,original,771000,772000,7505,0.04079399222471598,0.001664149801630188,ok
v2e_vs_real,original,772000,773000,10071,0.038800847514067004,0.0015055057678098793,ok
v2e_vs_real,original,773000,774000,7682,0.04207466317784638,0.0017702772815292225,ok
v2e_vs_real,original,774000,775000,7626,0.04263845927825912,0.0018180382096237614,ok
v2e_vs_real,original,775000,776000,7745,0.043872549836227806,0.0019248006291322922,ok
v2e_vs_real,original,776000,777000,7729,0.04518940249987663,0.002042082098295856,ok
v2e_vs_real,original,777000,778000,10576,0.043417048843543485,0.0018850401302826407,ok
v2e_vs_real,original,778000,779000,8065,0.04745366768069759,0.0022518505763500824,ok
v2e_vs_real,original,779000,780000,8188,0.04769337843728396,0.0022746583467619826,ok
v2e_vs_real,original,780000,781000,8226,0.04859139865377643,0.0023611240231302256,ok
v2e_vs_real,original,781000,782000,8258,0.0490396209949205,0.0024048844273254475,ok
v2e_vs_real,original,782000,783000,8406,0.049866426370863796,0.0024866604790007804,ok
v2e_vs_real,original,783000,784000,11431,0.04665430578420635,0.00217662424820623,ok
v2e_vs_real,original,784000,785000,8699,0.05009193437461871,0.002509201889391107,ok
v2e_vs_real,original,785000,786000,8740,0.05037934324190862,0.0025380782254860435,ok
v2e_vs_real,original,786000,787000,8791,0.05063727777675525,0.0025641339006402713,ok
v2e_vs_real,original,787000,788000,8630,0.05119534536752672,0.0026209633873003394,ok
v2e_vs_real,original,788000,789000,11524,0.048225832485602,0.002325730918929345,ok
v2e_vs_real,original,789000,790000,8722,0.051569828668451084,0.0026594472288933996,ok
v2e_vs_real,original,790000,791000,8589,0.0519386002043999,0.0026976181911924895,ok
v2e_vs_real,original,791000,792000,8521,0.05206668622160474,0.0027109398140990454,ok
v2e_vs_real,original,792000,793000,8661,0.0518850660118639,0.0026920600750554744,ok
v2e_vs_real,original,793000,794000,8465,0.052294429498731525,0.002734707356597802,ok
v2e_vs_real,original,794000,795000,11296,0.04889025241081766,0.002390256780793462,ok
v2e_vs_real,original,795000,796000,8396,0.05201789342619581,0.002705861236499065,ok
v2e_vs_real,original,796000,797000,8342,0.052009862390739486,0.0027050257859036575,ok
v2e_vs_real,original,797000,798000,8298,0.05181560189120463,0.0026848565993478086,ok
v2e_vs_real,original,798000,799000,8175,0.05203458851841926,0.0027075984022812095,ok
v2e_vs_real,original,799000,800000,9772,0.04859773436378141,0.0023617397852926606,ok
v2e_vs_real,original,800000,801000,9768,0.048901529378935576,0.0023913595755988993,ok
v2e_vs_real,original,801000,802000,6462,0.05423469028661533,0.002941401630485087,ok
v2e_vs_real,original,802000,803000,9133,0.05003928634055206,0.00250393017747176,ok
v2e_vs_real,original,803000,804000,5979,0.05608753307932721,0.003145811366924624,ok
v2e_vs_real,original,804000,805000,9038,0.0509447565254806,0.002595368217440498,ok
v2e_vs_real,original,805000,806000,8853,0.05130268562524058,0.0026319655523622666,ok
v2e_vs_real,original,806000,807000,6099,0.05692658784718657,0.00324063640392345,ok
v2e_vs_real,original,807000,808000,8803,0.05214416858417329,0.002719014317334685,ok
v2e_vs_real,original,808000,809000,5943,0.05798077399757027,0.0033617701533573204,ok
v2e_vs_real,original,809000,810000,8771,0.05260152809256169,0.0027669207576725566,ok
v2e_vs_real,original,810000,811000,5924,0.05877861988988624,0.00345492615615973,ok
v2e_vs_real,original,811000,812000,9103,0.05258152165508065,0.002764816419563715,ok
v2e_vs_real,original,812000,813000,8947,0.052561385811658166,0.0027626992784419804,ok
v2e_vs_real,original,813000,814000,6217,0.05815528272179751,0.0033820369084522008,ok
v2e_vs_real,original,814000,815000,9277,0.052317863638335925,0.0027371588556795124,ok
v2e_vs_real,original,815000,816000,6335,0.05766409322041249,0.003325147646932422,ok
v2e_vs_real,original,816000,817000,9522,0.05197496677249562,0.0027013971710020237,ok
v2e_vs_real,original,817000,818000,9469,0.05195194210574007,0.002699004288558168,ok
v2e_vs_real,original,818000,819000,6535,0.05749514936116651,0.003305692200062846,ok
v2e_vs_real,original,819000,820000,9459,0.05207077747526904,0.0027113658668789856,ok
v2e_vs_real,original,820000,821000,6655,0.05714157855625551,0.0032651599999007196,ok
v2e_vs_real,original,821000,822000,9614,0.0518095816970056,0.0026842327556186973,ok
v2e_vs_real,original,822000,823000,6395,0.057798327675789185,0.003340646682117898,ok
v2e_vs_real,original,823000,824000,9563,0.05209967751800355,0.0027143763974799644,ok
v2e_vs_real,original,824000,825000,9383,0.0522219073239567,0.0027271276045519226,ok
v2e_vs_real,original,825000,826000,6413,0.058095001310396445,0.003375029177254965,ok
v2e_vs_real,original,826000,827000,9325,0.052301154469238824,0.00273541075881518,ok
v2e_vs_real,original,827000,828000,6162,0.05849442092080388,0.0034215972788601786,ok
v2e_vs_real,original,828000,829000,9006,0.05271828271299588,0.0027792173322073606,ok
v2e_vs_real,original,829000,830000,8824,0.05255474176645747,0.002762000882139029,ok
v2e_vs_real,original,830000,831000,5883,0.05830514312146142,0.0033994897144141003,ok
v2e_vs_real,original,831000,832000,8599,0.05279199006198181,0.0027869942147043868,ok
v2e_vs_real,original,832000,833000,6278,0.055579695451041494,0.0030891025464305226,ok
v2e_vs_real,original,833000,834000,8827,0.05083886398832643,0.002584590091623554,ok
v2e_vs_real,original,834000,835000,5878,0.056474125042972154,0.0031893267993692545,ok
v2e_vs_real,original,835000,836000,8521,0.05144210787255354,0.0026462904623714345,ok
v2e_vs_real,original,836000,837000,8327,0.05179885652340141,0.002683121537131925,ok
v2e_vs_real,original,837000,838000,5481,0.05803552281144576,0.003368121907997841,ok
v2e_vs_real,original,838000,839000,8283,0.05255760990493209,0.0027623023589190164,ok
v2e_vs_real,original,839000,840000,5567,0.058996309049119955,0.003480564481419273,ok
v2e_vs_real,original,840000,841000,8298,0.053128415624325145,0.0028226285467510366,ok
v2e_vs_real,original,841000,842000,5598,0.05955315826450159,0.003546578659276774,ok
v2e_vs_real,original,842000,843000,8403,0.05340750395333565,0.0028523614785255632,ok
v2e_vs_real,original,843000,844000,8563,0.052983094109425664,0.002807208261408257,ok
v2e_vs_real,original,844000,845000,5944,0.05884123226222434,0.00346229061413703,ok
v2e_vs_real,original,845000,846000,8750,0.05285225846019831,0.0027933612243436034,ok
v2e_vs_real,original,846000,847000,5898,0.05876554265273714,0.0034533890032706683,ok
v2e_vs_real,original,847000,848000,8979,0.05253976999946011,0.0027604274315961687,ok
v2e_vs_real,original,848000,849000,9104,0.05251537861372844,0.0027578649909432464,ok
v2e_vs_real,original,849000,850000,6237,0.05792289192051081,0.0033550614084351766,ok
v2e_vs_real,original,850000,851000,9464,0.052022413024421836,0.0027063314568835347,ok
v2e_vs_real,original,851000,852000,6452,0.057850981165261474,0.003346736021783438,ok
v2e_vs_real,original,852000,853000,9617,0.05201674052129892,0.002705741294460141,ok
v2e_vs_real,original,853000,854000,6505,0.057728276281884205,0.0033325538824775544,ok
v2e_vs_real,original,854000,855000,9955,0.051854661365523864,0.002688905905333153,ok
v2e_vs_real,original,855000,856000,9947,0.05185247191399129,0.0026886788435912558,ok
v2e_vs_real,original,856000,857000,6931,0.05701763302296925,0.0032510104755419933,ok
v2e_vs_real,original,857000,858000,10009,0.051825456307987516,0.0026858779215311233,ok
v2e_vs_real,original,858000,859000,6866,0.05697828778594282,0.0032465252790177205,ok
v2e_vs_real,original,859000,860000,9877,0.05168253513544729,0.0026710844380267436,ok
v2e_vs_real,original,860000,861000,6522,0.05768163914171011,0.0033271714940744635,ok
v2e_vs_real,original,861000,862000,9580,0.05182677539876642,0.0026860146482341803,ok
v2e_vs_real,original,862000,863000,9184,0.05206027257861603,0.0027102719809597997,ok
v2e_vs_real,original,863000,864000,6151,0.05747480991349658,0.0033033537745925643,ok
v2e_vs_real,original,864000,865000,8715,0.052104393661721204,0.0027148678388556127,ok
v2e_vs_real,original,865000,866000,6025,0.056460928204786306,0.003187836413746034,ok
v2e_vs_real,original,866000,867000,8796,0.05069825688306883,0.002570313250981636,ok
v2e_vs_real,original,867000,868000,8502,0.05112929059279331,0.0026142043565223023,ok
v2e_vs_real,original,868000,869000,5440,0.057286067610001636,0.0032816935422176783,ok
v2e_vs_real,original,869000,870000,7982,0.052101451200754274,0.002714561217224579,ok
v2e_vs_real,original,870000,871000,5348,0.05846619152282382,0.003418295551183516,ok
v2e_vs_real,original,871000,872000,7961,0.0527072631454381,0.0027780555882824577,ok
v2e_vs_real,original,872000,873000,5290,0.05899521164149462,0.003480434996624742,ok
v2e_vs_real,original,873000,874000,8024,0.05297808628438327,0.0028066776263555586,ok
v2e_vs_real,original,874000,875000,8036,0.053008688386868064,0.0028099210444960812,ok
v2e_vs_real,original,875000,876000,5634,0.05866741934421912,0.003441866092510455,ok
v2e_vs_real,original,876000,877000,8353,0.052944902079209544,0.002803162656177087,ok
v2e_vs_real,original,877000,878000,5725,0.05825779615176589,0.003393970812460709,ok
v2e_vs_real,original,878000,879000,8516,0.05252613106406449,0.00275899444455928,ok
v2e_vs_real,original,879000,880000,5734,0.058283357557438395,0.0033969497681682116,ok
v2e_vs_real,original,880000,881000,8644,0.05258491247218758,0.002765173019707629,ok
v2e_vs_real,original,881000,882000,8833,0.05186992385136111,0.002690489000346,ok
v2e_vs_real,original,882000,883000,6012,0.05741810136141562,0.003296838363949798,ok
v2e_vs_real,original,883000,884000,8969,0.05202666774287028,0.0027067741564270184,ok
v2e_vs_real,original,884000,885000,5989,0.05745661266829095,0.0033012623393140115,ok
v2e_vs_real,original,885000,886000,8755,0.05189821521991642,0.0026934247430127644,ok
v2e_vs_real,original,886000,887000,8763,0.05211137355103091,0.0027155952533750843,ok
v2e_vs_real,original,887000,888000,6006,0.057659985620918765,0.003324673941804559,ok
v2e_vs_real,original,888000,889000,8693,0.051868999814646426,0.0026903931417717906,ok
v2e_vs_real,original,889000,890000,6124,0.057171547492111036,0.0032685858426427074,ok
v2e_vs_real,original,890000,891000,8928,0.052237402938127106,0.0027287462657202507,ok
v2e_vs_real,original,891000,892000,5783,0.05794626317589447,0.0033577694160500235,ok
v2e_vs_real,original,892000,893000,8607,0.05233072864958759,0.0027385051609967676,ok
v2e_vs_real,original,893000,894000,8316,0.052506502581187546,0.002756932813308254,ok
v2e_vs_real,original,894000,895000,5618,0.05823297023211159,0.003391078822053995,ok
v2e_vs_real,original,895000,896000,8250,0.0527512192656792,0.0027826911340157645,ok
v2e_vs_real,original,896000,897000,5659,0.058207664302069924,0.0033881321835024657,ok
v2e_vs_real,original,897000,898000,8248,0.052466890437580294,0.0027527745921890547,ok
v2e_vs_real,original,898000,899000,8238,0.051782104885239225,0.0026813863863459158,ok
v2e_vs_real,original,899000,900000,5725,0.05542524542806039,0.0030719578307607295,ok
v2e_vs_real,original,900000,901000,8112,0.0507638119710107,0.002576964605828129,ok
v2e_vs_real,original,901000,902000,5377,0.05620862787692974,0.003159409847807163,ok
v2e_vs_real,original,902000,903000,8050,0.05077937654151622,0.002578545081945088,ok
v2e_vs_real,original,903000,904000,5330,0.056818898158615974,0.0032283871879591735,ok
v2e_vs_real,original,904000,905000,7879,0.051354343461316294,0.0026372685923428396,ok
v2e_vs_real,original,905000,906000,7707,0.05170358755629775,0.002673260966191748,ok
v2e_vs_real,original,906000,907000,5368,0.0578847517642329,0.0033506444868068633,ok
v2e_vs_real,original,907000,908000,7668,0.052107669099639986,0.0027152091789975756,ok
v2e_vs_real,original,908000,909000,5356,0.05760192029938694,0.003317981222176925,ok
v2e_vs_real,original,909000,910000,7660,0.05300085969645666,0.0028090911285634837,ok
v2e_vs_real,original,910000,911000,5200,0.05886191767540564,0.003464725352426231,ok
v2e_vs_real,original,911000,912000,7727,0.05330869687006859,0.002841817161984861,ok
v2e_vs_real,original,912000,913000,7423,0.05348308551551273,0.002860440436259648,ok
v2e_vs_real,original,913000,914000,5017,0.06025699175930293,0.0036309050558807014,ok
v2e_vs_real,original,914000,915000,7407,0.053531562605923656,0.002865628195031924,ok
v2e_vs_real,original,915000,916000,5438,0.0575875513097294,0.0033163260658507165,ok
v2e_vs_real,original,916000,917000,7886,0.05280233747915224,0.0027880868432622855,ok
v2e_vs_real,original,917000,918000,7616,0.05301810671406504,0.0028109196395439883,ok
v2e_vs_real,original,918000,919000,5089,0.05978673750651247,0.0035744539816726247,ok
v2e_vs_real,original,919000,920000,7696,0.05395355304176925,0.0029109858858310076,ok
v2e_vs_real,original,920000,921000,4981,0.06062386888431654,0.0036752534785028036,ok
v2e_vs_real,original,921000,922000,7407,0.05448548018221949,0.002968667550687033,ok
v2e_vs_real,original,922000,923000,4969,0.061668994704178484,0.0038030649078239936,ok
v2e_vs_real,original,923000,924000,7197,0.05502543887536606,0.0030277989234266467,ok
v2e_vs_real,original,924000,925000,6941,0.05522158976209385,0.0030494239758529877,ok
v2e_vs_real,original,925000,926000,4551,0.06240419482270496,0.0038942835314701167,ok
v2e_vs_real,original,926000,927000,6638,0.055433905500771666,0.0030729178790684835,ok
v2e_vs_real,original,927000,928000,4470,0.06279381573758509,0.0039430632948857895,ok
v2e_vs_real,original,928000,929000,6230,0.05527795520417886,0.0030556523315552046,ok
v2e_vs_real,original,929000,930000,4246,0.06195594574376521,0.003838539213004378,ok
v2e_vs_real,original,930000,931000,6320,0.0551360655090522,0.003039985719818496,ok
v2e_vs_real,original,931000,932000,5906,0.05477486596111572,0.0030002859410581937,ok
v2e_vs_real,original,932000,933000,5681,0.0556116178417556,0.0030926520389774692,ok
v2e_vs_real,original,933000,934000,6953,0.06123939554292482,0.0037502635664628,ok
v2e_vs_real,original,934000,935000,6399,0.06277658669094215,0.0039408998365653754,ok
v2e_vs_real,original,935000,936000,3056,0.08158063170252983,0.0066553994689838155,ok
v2e_vs_real,original,936000,937000,5978,0.0637536812504777,0.004064531872987512,ok
v2e_vs_real,original,937000,938000,5900,0.06324596575994897,0.004000052184908637,ok
v2e_vs_real,original,938000,939000,5634,0.06418445337648171,0.004119644055237755,ok
v2e_vs_real,original,939000,940000,5631,0.06353294985579863,0.004036435717379423,ok
v2e_vs_real,original,940000,941000,2870,0.08055573158044677,0.006489225890460989,ok
v2e_vs_real,original,941000,942000,5633,0.0631276206411275,0.003985096487810105,ok
v2e_vs_real,original,942000,943000,5582,0.0631621566961643,0.003989458038510814,ok
v2e_vs_real,original,943000,944000,5448,0.0632638498365048,0.004002314696135829,ok
v2e_vs_real,original,944000,945000,5461,0.06337707660723013,0.004016653839278716,ok
v2e_vs_real,original,945000,946000,2601,0.08349727103844751,0.006971794270867965,ok
v2e_vs_real,original,946000,947000,5515,0.06361137184973858,0.004046406628605715,ok
v2e_vs_real,original,947000,948000,5335,0.06451407940489311,0.004162066441460853,ok
v2e_vs_real,original,948000,949000,5484,0.06337149369521695,0.0040159462131629225,ok
v2e_vs_real,original,949000,950000,5408,0.06420720445376031,0.0041225651037669776,ok
v2e_vs_real,original,950000,951000,2725,0.08296338985321858,0.00688292405593713,ok
v2e_vs_real,original,951000,952000,5458,0.06430510394650146,0.004135146393570359,ok
v2e_vs_real,original,952000,953000,5289,0.06583751788752477,0.004334578761590144,ok
v2e_vs_real,original,953000,954000,5248,0.06578143092939309,0.004327196655118514,ok
v2e_vs_real,original,954000,955000,5268,0.06604317510089383,0.004361700977407322,ok
v2e_vs_real,original,955000,956000,2586,0.0866793188328822,0.007513304313332448,ok
v2e_vs_real,original,956000,957000,5173,0.06664411613155423,0.004441438214956087,ok
v2e_vs_real,original,957000,958000,5118,0.0666179531651318,0.0044379516839116945,ok
v2e_vs_real,original,958000,959000,5067,0.0669129227458414,0.00447733923039094,ok
v2e_vs_real,original,959000,960000,5067,0.06648389948078,0.004420108890170459,ok
v2e_vs_real,original,960000,961000,2627,0.08536752956087286,0.007287615103326502,ok
v2e_vs_real,original,961000,962000,5207,0.06619616643243857,0.004381932450351107,ok
v2e_vs_real,original,962000,963000,5229,0.0655455251003701,0.004296215860683247,ok
v2e_vs_real,original,963000,964000,5292,0.06399346170996643,0.004095163141624941,ok
v2e_vs_real,original,964000,965000,5164,0.06291500309616657,0.00395829761459065,ok
v2e_vs_real,original,965000,966000,3164,0.07422678527964617,0.005509615652950698,ok
v2e_vs_real,original,966000,967000,6241,0.059034185783820636,0.0034850350911586505,ok
v2e_vs_real,original,967000,968000,6382,0.059804620862583036,0.0035765926765173018,ok
v2e_vs_real,original,968000,969000,6671,0.05995550348826175,0.003594662398530967,ok
v2e_vs_real,original,969000,970000,6733,0.06050588839349711,0.003660962530286328,ok
v2e_vs_real,original,970000,971000,3544,0.07636028699999778,0.00583089343072203,ok
v2e_vs_real,original,971000,972000,7029,0.06105749514982887,0.0037280177139713756,ok
v2e_vs_real,original,972000,973000,7061,0.06095128596706228,0.0037150592610386028,ok
v2e_vs_real,original,973000,974000,7051,0.06162636116964622,0.003797808391011679,ok
v2e_vs_real,original,974000,975000,7221,0.061576987098786465,0.003791725340164115,ok
v2e_vs_real,original,975000,976000,3627,0.07844348997554132,0.0061533811195428525,ok
v2e_vs_real,original,976000,977000,7441,0.06104951887545018,0.0037270437549239478,ok
v2e_vs_real,original,977000,978000,7544,0.06120239040462666,0.0037457325912403374,ok
v2e_vs_real,original,978000,979000,7575,0.061186586974529326,0.003743798425591642,ok
v2e_vs_real,original,979000,980000,7742,0.06074072532885436,0.00368943571347533,ok
v2e_vs_real,original,980000,981000,3838,0.07734251250816732,0.005981864241076017,ok
v2e_vs_real,original,981000,982000,8004,0.059246469465092134,0.0035101441440780947,ok
v2e_vs_real,original,982000,983000,8261,0.0582958207035477,0.00339840271150018,ok
v2e_vs_real,original,983000,984000,8252,0.05852712557511158,0.0034254244280848803,ok
v2e_vs_real,original,984000,985000,8132,0.05879642773777159,0.0034570199147229965,ok
v2e_vs_real,original,985000,986000,4069,0.07443348831803966,0.005540344183191746,ok
v2e_vs_real,original,986000,987000,8146,0.058987874569592307,0.003479569346237955,ok
v2e_vs_real,original,987000,988000,8206,0.05921064356167387,0.0035059003109875913,ok
v2e_vs_real,original,988000,989000,8191,0.059281549194656655,0.0035143020749184967,ok
v2e_vs_real,original,989000,990000,8149,0.05994820371510171,0.0035937871286673344,ok
v2e_vs_real,original,990000,991000,4128,0.07650584915078656,0.005853144954282909,ok
v2e_vs_real,original,991000,992000,8289,0.06017752097851987,0.003621334031120199,ok
v2e_vs_real,original,992000,993000,8400,0.06001537903951863,0.0036018457212570925,ok
v2e_vs_real,original,993000,994000,8244,0.06025666057399666,0.003630865143529843,ok
v2e_vs_real,original,994000,995000,8208,0.06009563324238948,0.0036114851348037877,ok
v2e_vs_real,original,995000,996000,4179,0.07592460159157036,0.005764545126838687,ok
v2e_vs_real,original,996000,997000,8270,0.05952400372639293,0.0035431070196196394,ok
v2e_vs_real,original,997000,998000,8203,0.059500444904498094,0.0035403029438332134,ok
v2e_vs_real,original,998000,999000,8417,0.057002971046524985,0.0032493387081309654,ok
v2e_vs_real,original,999000,1000000,8743,0.05458701360150741,0.0029797420539311547,ok
v2e_vs_real,original,1000000,1001000,4262,0.06852825106304995,0.004696121193760406,ok
v2e_vs_real,original,1001000,1002000,8632,0.05469466357050903,0.0029915062230911676,ok
v2e_vs_real,original,1002000,1003000,8466,0.05513658752877946,0.0030400432843187583,ok
v2e_vs_real,original,1003000,1004000,8467,0.05554813472000782,0.003085595270872139,ok
v2e_vs_real,original,1004000,1005000,8383,0.05652985850460572,0.0031956249025507436,ok
v2e_vs_real,original,1005000,1006000,4230,0.07197339503658733,0.005180169593092654,ok
v2e_vs_real,original,1006000,1007000,8405,0.056731153511772645,0.0032184237787763136,ok
v2e_vs_real,original,1007000,1008000,8500,0.05634811896933226,0.0031751105113820223,ok
v2e_vs_real,original,1008000,1009000,8360,0.05636610982217292,0.0031771383364852584,ok
v2e_vs_real,original,1009000,1010000,8727,0.05576795472293221,0.003110064773979017,ok
v2e_vs_real,original,1010000,1011000,4400,0.07157332442524125,0.005122740769280836,ok
v2e_vs_real,original,1011000,1012000,8733,0.055251016949659615,0.003052674873971574,ok
v2e_vs_real,original,1012000,1013000,8979,0.05347292581927389,0.002859353795673568,ok
v2e_vs_real,original,1013000,1014000,9076,0.05234469220927377,0.002739966802483606,ok
v2e_vs_real,original,1014000,1015000,9780,0.050903442324272186,0.002591160440460505,ok
