comparison_set,variant,window_start,window_end,n_events,kernel_index,rbf_kernel_max_distance,rbf_kernel_target_similarity,weight_method,weight,mmd,mmd_squared,status
real_vs_real,original,16000,17000,1393,0,75,0.5,uniform,1.0,0.049111725084332064,0.002411961540759011,ok
real_vs_real,original,17000,18000,1380,0,75,0.5,uniform,1.0,0.038896986839147746,0.001512975585164833,ok
real_vs_real,original,18000,19000,1391,0,75,0.5,uniform,1.0,0.09933337505955439,0.009867119400722102,ok
real_vs_real,original,19000,20000,1441,0,75,0.5,uniform,1.0,0.05248339199652846,0.002754506435461268,ok
real_vs_real,original,20000,21000,1400,0,75,0.5,uniform,1.0,0.07846384126434866,0.006156574385956903,ok
real_vs_real,original,21000,22000,1484,0,75,0.5,uniform,1.0,0.03817624580793512,0.0014574257439878835,ok
real_vs_real,original,22000,23000,1420,0,75,0.5,uniform,1.0,0.029932915321695636,0.0008959794196558013,ok
real_vs_real,original,23000,24000,1464,0,75,0.5,uniform,1.0,0.0413582471757138,0.0017105046094474385,ok
real_vs_real,original,24000,25000,1422,0,75,0.5,uniform,1.0,0.057903318581704874,0.003352794302774409,ok
real_vs_real,original,25000,26000,1437,0,75,0.5,uniform,1.0,0.03858693273594422,0.001488951377968284,ok
real_vs_real,original,26000,27000,1461,0,75,0.5,uniform,1.0,0.07034620076598772,0.00494858796220865,ok
real_vs_real,original,27000,28000,1464,0,75,0.5,uniform,1.0,0.06936040118707526,0.004810865252832031,ok
real_vs_real,original,28000,29000,1395,0,75,0.5,uniform,1.0,0.07572022453568589,0.0057335524037346874,ok
real_vs_real,original,29000,30000,1535,0,75,0.5,uniform,1.0,0.07728408165543542,0.00597282927732401,ok
real_vs_real,original,30000,31000,1471,0,75,0.5,uniform,1.0,0.05063913319526313,0.0025643218107676002,ok
real_vs_real,original,31000,32000,1518,0,75,0.5,uniform,1.0,0.05516507370237014,0.0030431853565879297,ok
real_vs_real,original,32000,33000,1454,0,75,0.5,uniform,1.0,0.0575900650424896,0.003316615591598182,ok
real_vs_real,original,33000,34000,1454,0,75,0.5,uniform,1.0,0.06780010534421947,0.004596854284687257,ok
real_vs_real,original,34000,35000,1436,0,75,0.5,uniform,1.0,0.07595431087478373,0.0057690573404632906,ok
real_vs_real,original,35000,36000,1491,0,75,0.5,uniform,1.0,0.08310894921677754,0.006907097439916909,ok
real_vs_real,original,36000,37000,1450,0,75,0.5,uniform,1.0,0.09283042977381796,0.008617488691991748,ok
real_vs_real,original,37000,38000,1525,0,75,0.5,uniform,1.0,0.08573998881281218,0.0073513456816211575,ok
real_vs_real,original,38000,39000,1480,0,75,0.5,uniform,1.0,0.07384103213654274,0.005452498026989938,ok
real_vs_real,original,39000,40000,1500,0,75,0.5,uniform,1.0,0.07688988146238752,0.005912053871300005,ok
real_vs_real,original,40000,41000,1460,0,75,0.5,uniform,1.0,0.08420196368014318,0.007089970687592151,ok
real_vs_real,original,41000,42000,1410,0,75,0.5,uniform,1.0,0.08681321347789171,0.007536534034358,ok
real_vs_real,original,42000,43000,1495,0,75,0.5,uniform,1.0,0.09716808070858475,0.00944163590859004,ok
real_vs_real,original,43000,44000,1441,0,75,0.5,uniform,1.0,0.10968993134603286,0.0120318810386974,ok
real_vs_real,original,44000,45000,1482,0,75,0.5,uniform,1.0,0.10252336660967949,0.010511040700982743,ok
real_vs_real,original,45000,46000,1530,0,75,0.5,uniform,1.0,0.1255974406469973,0.015774717097076008,ok
real_vs_real,original,46000,47000,1479,0,75,0.5,uniform,1.0,0.09782513425312235,0.009569756891641412,ok
real_vs_real,original,47000,48000,1498,0,75,0.5,uniform,1.0,0.09931445820292424,0.009863361608140386,ok
real_vs_real,original,48000,49000,1482,0,75,0.5,uniform,1.0,0.09934181383779313,0.009868795976582745,ok
real_vs_real,original,49000,50000,1498,0,75,0.5,uniform,1.0,0.11069033707276976,0.01225235072128339,ok
real_vs_real,original,50000,51000,1468,0,75,0.5,uniform,1.0,0.11334044694175711,0.01284605691295726,ok
real_vs_real,original,51000,52000,1438,0,75,0.5,uniform,1.0,0.11905111864517227,0.014173168850666884,ok
real_vs_real,original,52000,53000,1524,0,75,0.5,uniform,1.0,0.1253339307889961,0.015708594207020865,ok
real_vs_real,original,53000,54000,1532,0,75,0.5,uniform,1.0,0.1334819540673559,0.017817432061639715,ok
real_vs_real,original,54000,55000,1456,0,75,0.5,uniform,1.0,0.12077945365449337,0.014587676425077911,ok
real_vs_real,original,55000,56000,1443,0,75,0.5,uniform,1.0,0.1202218053503261,0.014453282481691698,ok
real_vs_real,original,56000,57000,1488,0,75,0.5,uniform,1.0,0.1245149926656353,0.015503983398523213,ok
real_vs_real,original,57000,58000,1542,0,75,0.5,uniform,1.0,0.1255050912016869,0.01575152791754375,ok
real_vs_real,original,58000,59000,1485,0,75,0.5,uniform,1.0,0.1239628652099822,0.015366791951068215,ok
real_vs_real,original,59000,60000,1469,0,75,0.5,uniform,1.0,0.13631676564977013,0.01858226059721435,ok
real_vs_real,original,60000,61000,1519,0,75,0.5,uniform,1.0,0.14125685323656503,0.01995349858629647,ok
real_vs_real,original,61000,62000,1546,0,75,0.5,uniform,1.0,0.15006843902001266,0.022520536389903256,ok
real_vs_real,original,62000,63000,1495,0,75,0.5,uniform,1.0,0.14399210962852263,0.02073372763527248,ok
real_vs_real,original,63000,64000,1439,0,75,0.5,uniform,1.0,0.14176752819770888,0.020098032051288184,ok
real_vs_real,original,64000,65000,1540,0,75,0.5,uniform,1.0,0.14254415604747211,0.02031883642328608,ok
real_vs_real,original,65000,66000,1529,0,75,0.5,uniform,1.0,0.14980384189221138,0.022441191045666664,ok
real_vs_real,original,66000,67000,1511,0,75,0.5,uniform,1.0,0.15266209659715474,0.023305715737439003,ok
real_vs_real,original,67000,68000,1456,0,75,0.5,uniform,1.0,0.15928310268339363,0.025371106800448517,ok
real_vs_real,original,68000,69000,1511,0,75,0.5,uniform,1.0,0.17156880530731755,0.02943585495458023,ok
real_vs_real,original,69000,70000,1471,0,75,0.5,uniform,1.0,0.17012741166391845,0.028943336199464376,ok
real_vs_real,original,70000,71000,1532,0,75,0.5,uniform,1.0,0.16414040514336237,0.026942072600627143,ok
real_vs_real,original,71000,72000,1488,0,75,0.5,uniform,1.0,0.16623293691278257,0.02763338931464915,ok
real_vs_real,original,72000,73000,1454,0,75,0.5,uniform,1.0,0.16952646743251867,0.02873922316014882,ok
real_vs_real,original,73000,74000,1509,0,75,0.5,uniform,1.0,0.17403435390384964,0.030287956338730382,ok
real_vs_real,original,74000,75000,1493,0,75,0.5,uniform,1.0,0.16821020218883784,0.028294672120409703,ok
real_vs_real,original,75000,76000,1471,0,75,0.5,uniform,1.0,0.17450144121667505,0.030450752986696694,ok
real_vs_real,original,76000,77000,1495,0,75,0.5,uniform,1.0,0.18496911552701253,0.03421357369884531,ok
real_vs_real,original,77000,78000,1470,0,75,0.5,uniform,1.0,0.18283428952274677,0.03342837742528759,ok
real_vs_real,original,78000,79000,1599,0,75,0.5,uniform,1.0,0.19260429765324205,0.037096415474498656,ok
real_vs_real,original,79000,80000,1498,0,75,0.5,uniform,1.0,0.18168439268117503,0.03300921854392741,ok
real_vs_real,original,80000,81000,1463,0,75,0.5,uniform,1.0,0.1937894465291656,0.03755434958608034,ok
real_vs_real,original,81000,82000,1481,0,75,0.5,uniform,1.0,0.18860389742479097,0.03557143012382108,ok
real_vs_real,original,82000,83000,1512,0,75,0.5,uniform,1.0,0.19712845558715364,0.038859628002176405,ok
real_vs_real,original,83000,84000,1500,0,75,0.5,uniform,1.0,0.1936302719783815,0.03749268222642199,ok
real_vs_real,original,84000,85000,1494,0,75,0.5,uniform,1.0,0.20083687851505255,0.04033545177166997,ok
real_vs_real,original,85000,86000,1381,0,75,0.5,uniform,1.0,0.20342630877441617,0.041382263101584105,ok
real_vs_real,original,86000,87000,1526,0,75,0.5,uniform,1.0,0.2063430168960646,0.0425774406217696,ok
real_vs_real,original,87000,88000,1488,0,75,0.5,uniform,1.0,0.19933675452043614,0.03973514170274062,ok
real_vs_real,original,88000,89000,1480,0,75,0.5,uniform,1.0,0.20221448220354837,0.04089069681284918,ok
real_vs_real,original,89000,90000,1437,0,75,0.5,uniform,1.0,0.2045174775108652,0.04182739860740725,ok
real_vs_real,original,90000,91000,1386,0,75,0.5,uniform,1.0,0.20785193756818365,0.04320242795084811,ok
real_vs_real,original,91000,92000,1493,0,75,0.5,uniform,1.0,0.2156217497045735,0.04649273894566175,ok
real_vs_real,original,92000,93000,1402,0,75,0.5,uniform,1.0,0.21374119873811745,0.045685300038007415,ok
real_vs_real,original,93000,94000,1365,0,75,0.5,uniform,1.0,0.22342833945509596,0.04992022287166159,ok
real_vs_real,original,94000,95000,1443,0,75,0.5,uniform,1.0,0.2230935572930938,0.04977073530568693,ok
real_vs_real,original,95000,96000,1381,0,75,0.5,uniform,1.0,0.22496972438905935,0.05061137689168932,ok
real_vs_real,original,96000,97000,1378,0,75,0.5,uniform,1.0,0.22830073844650295,0.052121227175218554,ok
real_vs_real,original,97000,98000,1384,0,75,0.5,uniform,1.0,0.23233587959433002,0.05397996094687102,ok
real_vs_real,original,98000,99000,1332,0,75,0.5,uniform,1.0,0.2303007554388634,0.05303843795571117,ok
real_vs_real,original,99000,100000,1399,0,75,0.5,uniform,1.0,0.23229271384798375,0.053959904906861256,ok
real_vs_real,original,100000,101000,1389,0,75,0.5,uniform,1.0,0.23347189561472925,0.05450912604193503,ok
real_vs_real,original,101000,102000,1406,0,75,0.5,uniform,1.0,0.24868849507079474,0.0618459675805767,ok
real_vs_real,original,102000,103000,1367,0,75,0.5,uniform,1.0,0.2413607237821858,0.05825499898466058,ok
real_vs_real,original,103000,104000,1419,0,75,0.5,uniform,1.0,0.2501358631898413,0.062567950053727,ok
real_vs_real,original,104000,105000,1388,0,75,0.5,uniform,1.0,0.24191547273613476,0.05852309594914756,ok
real_vs_real,original,105000,106000,1380,0,75,0.5,uniform,1.0,0.24354704213810083,0.05931516173421786,ok
real_vs_real,original,106000,107000,1323,0,75,0.5,uniform,1.0,0.2476620699615916,0.061336500897660295,ok
real_vs_real,original,107000,108000,1399,0,75,0.5,uniform,1.0,0.2596951488397385,0.06744157033089393,ok
real_vs_real,original,108000,109000,1356,0,75,0.5,uniform,1.0,0.2541426927345956,0.06458850827039109,ok
real_vs_real,original,109000,110000,1381,0,75,0.5,uniform,1.0,0.2569431864358341,0.0660198010557998,ok
real_vs_real,original,110000,111000,1365,0,75,0.5,uniform,1.0,0.26520475129437543,0.07033356010911151,ok
real_vs_real,original,111000,112000,1361,0,75,0.5,uniform,1.0,0.27200609900901024,0.07398731789809948,ok
real_vs_real,original,112000,113000,1348,0,75,0.5,uniform,1.0,0.26284204812089196,0.06908594226038528,ok
real_vs_real,original,113000,114000,1379,0,75,0.5,uniform,1.0,0.26288447201579124,0.06910824562702134,ok
real_vs_real,original,114000,115000,1345,0,75,0.5,uniform,1.0,0.27314600610049206,0.07460874064865003,ok
real_vs_real,original,115000,116000,1392,0,75,0.5,uniform,1.0,0.2692355139707005,0.07248776198306728,ok
real_vs_real,original,116000,117000,1395,0,75,0.5,uniform,1.0,0.2706493857517134,0.07325109000777974,ok
real_vs_real,original,117000,118000,1341,0,75,0.5,uniform,1.0,0.2750834152926017,0.07567088536904198,ok
real_vs_real,original,118000,119000,1376,0,75,0.5,uniform,1.0,0.2772380023491064,0.07686090994652311,ok
real_vs_real,original,119000,120000,1395,0,75,0.5,uniform,1.0,0.2789000035973229,0.07778521200658672,ok
real_vs_real,original,120000,121000,1404,0,75,0.5,uniform,1.0,0.2803144399801772,0.07857618526140037,ok
real_vs_real,original,121000,122000,1341,0,75,0.5,uniform,1.0,0.28803427003579074,0.0829637407150508,ok
real_vs_real,original,122000,123000,1365,0,75,0.5,uniform,1.0,0.28190350409075615,0.07946958561864698,ok
real_vs_real,original,123000,124000,1456,0,75,0.5,uniform,1.0,0.285725121880297,0.08163884527351056,ok
real_vs_real,original,124000,125000,1420,0,75,0.5,uniform,1.0,0.2875668953921852,0.08269471932549999,ok
real_vs_real,original,125000,126000,1396,0,75,0.5,uniform,1.0,0.2947140354842906,0.08685636271143571,ok
real_vs_real,original,126000,127000,1355,0,75,0.5,uniform,1.0,0.2967034343483538,0.08803292795410789,ok
real_vs_real,original,127000,128000,1346,0,75,0.5,uniform,1.0,0.2970753190576931,0.08825374519323015,ok
real_vs_real,original,128000,129000,1405,0,75,0.5,uniform,1.0,0.2988041665671413,0.08928392995788392,ok
real_vs_real,original,129000,130000,1417,0,75,0.5,uniform,1.0,0.29456490622250003,0.08676848397787024,ok
real_vs_real,original,130000,131000,1335,0,75,0.5,uniform,1.0,0.30542255734842055,0.09328293853724923,ok
real_vs_real,original,131000,132000,1377,0,75,0.5,uniform,1.0,0.2971923499328097,0.08832329285858559,ok
real_vs_real,original,132000,133000,1416,0,75,0.5,uniform,1.0,0.30498963027760406,0.09301867457686963,ok
real_vs_real,original,133000,134000,1381,0,75,0.5,uniform,1.0,0.30904346886594397,0.09550786564869568,ok
real_vs_real,original,134000,135000,1336,0,75,0.5,uniform,1.0,0.319931411072924,0.10235610779111226,ok
real_vs_real,original,135000,136000,1335,0,75,0.5,uniform,1.0,0.3167139504378542,0.10030772640195157,ok
real_vs_real,original,136000,137000,1346,0,75,0.5,uniform,1.0,0.31763627503168473,0.10089280321600408,ok
real_vs_real,original,137000,138000,1328,0,75,0.5,uniform,1.0,0.3201792940149803,0.1025147803159312,ok
real_vs_real,original,138000,139000,1337,0,75,0.5,uniform,1.0,0.31845491936661446,0.1014135356687969,ok
real_vs_real,original,139000,140000,1383,0,75,0.5,uniform,1.0,0.3241909168330629,0.10509975055706189,ok
real_vs_real,original,140000,141000,1322,0,75,0.5,uniform,1.0,0.3240551237309958,0.10501172321631103,ok
real_vs_real,original,141000,142000,1326,0,75,0.5,uniform,1.0,0.33619771999802744,0.11302890693187206,ok
real_vs_real,original,142000,143000,1290,0,75,0.5,uniform,1.0,0.3292126869324316,0.10838099323727124,ok
real_vs_real,original,143000,144000,1358,0,75,0.5,uniform,1.0,0.3351624129769375,0.1123338430725232,ok
real_vs_real,original,144000,145000,1380,0,75,0.5,uniform,1.0,0.33846840613912743,0.11456086195436133,ok
real_vs_real,original,145000,146000,1356,0,75,0.5,uniform,1.0,0.3378601030040551,0.11414944920191072,ok
real_vs_real,original,146000,147000,1348,0,75,0.5,uniform,1.0,0.33220957425116354,0.11036320122413934,ok
real_vs_real,original,147000,148000,1364,0,75,0.5,uniform,1.0,0.3412415291779681,0.11644578123571803,ok
real_vs_real,original,148000,149000,1322,0,75,0.5,uniform,1.0,0.34660282908929074,0.1201335211327001,ok
real_vs_real,original,149000,150000,1312,0,75,0.5,uniform,1.0,0.34249353373329505,0.1173018206491197,ok
real_vs_real,original,150000,151000,1347,0,75,0.5,uniform,1.0,0.3482819284396966,0.12130030167767392,ok
real_vs_real,original,151000,152000,1291,0,75,0.5,uniform,1.0,0.35711454571135887,0.12753079875863021,ok
real_vs_real,original,152000,153000,1285,0,75,0.5,uniform,1.0,0.34992483143475817,0.12244738765464391,ok
real_vs_real,original,153000,154000,1397,0,75,0.5,uniform,1.0,0.3493000709681965,0.12201053957838709,ok
real_vs_real,original,154000,155000,1353,0,75,0.5,uniform,1.0,0.3502957969439657,0.12270714535660804,ok
real_vs_real,original,155000,156000,1343,0,75,0.5,uniform,1.0,0.3452612844386318,0.11920535453221381,ok
real_vs_real,original,156000,157000,1328,0,75,0.5,uniform,1.0,0.36443429302298647,0.13281235393116397,ok
real_vs_real,original,157000,158000,1312,0,75,0.5,uniform,1.0,0.35264769159298437,0.1243603943858606,ok
real_vs_real,original,158000,159000,1265,0,75,0.5,uniform,1.0,0.3598566792966544,0.12949682963441517,ok
real_vs_real,original,159000,160000,1294,0,75,0.5,uniform,1.0,0.3734583762893812,0.13947115882070105,ok
real_vs_real,original,160000,161000,1260,0,75,0.5,uniform,1.0,0.3715497739348497,0.13804923451103795,ok
real_vs_real,original,161000,162000,1354,0,75,0.5,uniform,1.0,0.3690782585250533,0.13621876091588608,ok
real_vs_real,original,162000,163000,1301,0,75,0.5,uniform,1.0,0.35762872469748647,0.12789830472875058,ok
real_vs_real,original,163000,164000,1308,0,75,0.5,uniform,1.0,0.3667964182807609,0.13453961246359492,ok
real_vs_real,original,164000,165000,1312,0,75,0.5,uniform,1.0,0.36580271930814534,0.13381162945323377,ok
real_vs_real,original,165000,166000,1371,0,75,0.5,uniform,1.0,0.3658040676631492,0.13381261591890586,ok
real_vs_real,original,166000,167000,1341,0,75,0.5,uniform,1.0,0.3708609656027413,0.13753785580779765,ok
real_vs_real,original,167000,168000,1266,0,75,0.5,uniform,1.0,0.3838682043298783,0.14735479829544518,ok
real_vs_real,original,168000,169000,1358,0,75,0.5,uniform,1.0,0.3754369266333512,0.14095288587989635,ok
real_vs_real,original,169000,170000,1246,0,75,0.5,uniform,1.0,0.3757408726655243,0.14118120339144974,ok
real_vs_real,original,170000,171000,1352,0,75,0.5,uniform,1.0,0.3746157103987804,0.1403369304775829,ok
real_vs_real,original,171000,172000,1345,0,75,0.5,uniform,1.0,0.38135604829366676,0.1454324355701615,ok
real_vs_real,original,172000,173000,1248,0,75,0.5,uniform,1.0,0.3856547924537993,0.14872961894258302,ok
real_vs_real,original,173000,174000,1295,0,75,0.5,uniform,1.0,0.39042219410968637,0.15242948965342162,ok
real_vs_real,original,174000,175000,1318,0,75,0.5,uniform,1.0,0.38608973713277395,0.1490652851192545,ok
real_vs_real,original,175000,176000,1286,0,75,0.5,uniform,1.0,0.3863725951217482,0.14928378226111438,ok
real_vs_real,original,176000,177000,1202,0,75,0.5,uniform,1.0,0.40062249532111793,0.16049838375731917,ok
real_vs_real,original,177000,178000,1258,0,75,0.5,uniform,1.0,0.3936533623147526,0.15496296966170992,ok
real_vs_real,original,178000,179000,1268,0,75,0.5,uniform,1.0,0.39621344248591667,0.15698509200654082,ok
real_vs_real,original,179000,180000,1259,0,75,0.5,uniform,1.0,0.39670265502160523,0.15737299650119072,ok
real_vs_real,original,180000,181000,1322,0,75,0.5,uniform,1.0,0.39832227823862376,0.1586606373412076,ok
real_vs_real,original,181000,182000,1231,0,75,0.5,uniform,1.0,0.40933109333106615,0.16755194396760598,ok
real_vs_real,original,182000,183000,1261,0,75,0.5,uniform,1.0,0.40161020993518814,0.16129076072418588,ok
real_vs_real,original,183000,184000,1171,0,75,0.5,uniform,1.0,0.4135340545287881,0.1710104142550187,ok
real_vs_real,original,184000,185000,1215,0,75,0.5,uniform,1.0,0.40901314576436293,0.16729175340806,ok
real_vs_real,original,185000,186000,1224,0,75,0.5,uniform,1.0,0.4083844395689774,0.16677785048206775,ok
real_vs_real,original,186000,187000,1176,0,75,0.5,uniform,1.0,0.4062490077995318,0.16503825633810407,ok
real_vs_real,original,187000,188000,1251,0,75,0.5,uniform,1.0,0.41004152043134945,0.16813404847765276,ok
real_vs_real,original,188000,189000,1237,0,75,0.5,uniform,1.0,0.4158311249514644,0.17291552447840042,ok
real_vs_real,original,189000,190000,1269,0,75,0.5,uniform,1.0,0.4133476681689244,0.1708562947806872,ok
real_vs_real,original,190000,191000,1151,0,75,0.5,uniform,1.0,0.4190149216129068,0.17557350453427045,ok
real_vs_real,original,191000,192000,1249,0,75,0.5,uniform,1.0,0.41874277285925116,0.17534550982185443,ok
real_vs_real,original,192000,193000,1135,0,75,0.5,uniform,1.0,0.4157167068353862,0.17282038034205843,ok
real_vs_real,original,193000,194000,1070,0,75,0.5,uniform,1.0,0.41682859113005494,0.1737460743834665,ok
real_vs_real,original,194000,195000,1142,0,75,0.5,uniform,1.0,0.4232466606561046,0.1791377357565438,ok
real_vs_real,original,195000,196000,1138,0,75,0.5,uniform,1.0,0.407771655514926,0.1662777230413835,ok
real_vs_real,original,196000,197000,1155,0,75,0.5,uniform,1.0,0.4196801369881743,0.17613141738241272,ok
real_vs_real,original,197000,198000,1123,0,75,0.5,uniform,1.0,0.43999732172668576,0.19359764312665662,ok
real_vs_real,original,198000,199000,1060,0,75,0.5,uniform,1.0,0.4396637729685571,0.19330423326094692,ok
real_vs_real,original,199000,200000,1131,0,75,0.5,uniform,1.0,0.43841479682593504,0.19220753407592592,ok
real_vs_real,original,200000,201000,1013,0,75,0.5,uniform,1.0,0.4372363345206529,0.1911756122250563,ok
real_vs_real,original,201000,202000,1015,0,75,0.5,uniform,1.0,0.42763839237967755,0.18287459463707503,ok
real_vs_real,original,202000,203000,966,0,75,0.5,uniform,1.0,0.4312335575356362,0.18596238114484084,ok
real_vs_real,original,203000,204000,952,0,75,0.5,uniform,1.0,0.41926446693664005,0.17578269323566492,ok
real_vs_real,original,204000,205000,1011,0,75,0.5,uniform,1.0,0.43279870866231623,0.18731472221976847,ok
real_vs_real,original,205000,206000,961,0,75,0.5,uniform,1.0,0.4724193296237662,0.22318002300216866,ok
real_vs_real,original,206000,207000,977,0,75,0.5,uniform,1.0,0.45773184277133067,0.2095184398868382,ok
real_vs_real,original,207000,208000,955,0,75,0.5,uniform,1.0,0.4718887955401937,0.2226790353563747,ok
real_vs_real,original,208000,209000,854,0,75,0.5,uniform,1.0,0.45467341035989034,0.20672791008829325,ok
real_vs_real,original,209000,210000,827,0,75,0.5,uniform,1.0,0.4523417124268625,0.2046130248012664,ok
real_vs_real,original,210000,211000,875,0,75,0.5,uniform,1.0,0.4564377223216122,0.2083353943581412,ok
real_vs_real,original,211000,212000,874,0,75,0.5,uniform,1.0,0.43928012455780024,0.1929670278315165,ok
real_vs_real,original,212000,213000,877,0,75,0.5,uniform,1.0,0.4475770911054943,0.20032525248245597,ok
real_vs_real,original,213000,214000,923,0,75,0.5,uniform,1.0,0.4687532140556166,0.21972957568747073,ok
real_vs_real,original,214000,215000,893,0,75,0.5,uniform,1.0,0.4832771914345707,0.23355684376088673,ok
real_vs_real,original,215000,216000,926,0,75,0.5,uniform,1.0,0.4873022397968984,0.2374634729110739,ok
real_vs_real,original,216000,217000,922,0,75,0.5,uniform,1.0,0.49731467280635744,0.24732188378849437,ok
real_vs_real,original,217000,218000,837,0,75,0.5,uniform,1.0,0.4590852278314078,0.2107592464130156,ok
real_vs_real,original,218000,219000,850,0,75,0.5,uniform,1.0,0.45421660793558627,0.20631272692451008,ok
real_vs_real,original,219000,220000,902,0,75,0.5,uniform,1.0,0.4760601247765721,0.22663324240228538,ok
real_vs_real,original,220000,221000,846,0,75,0.5,uniform,1.0,0.4272672399079261,0.1825572942985373,ok
real_vs_real,original,221000,222000,955,0,75,0.5,uniform,1.0,0.4516713374913979,0.20400699711126824,ok
real_vs_real,original,222000,223000,959,0,75,0.5,uniform,1.0,0.47805373282804,0.22853537147082303,ok
real_vs_real,original,223000,224000,954,0,75,0.5,uniform,1.0,0.4930189743630048,0.24306770908194916,ok
real_vs_real,original,224000,225000,884,0,75,0.5,uniform,1.0,0.5045933556882506,0.2546144546047294,ok
real_vs_real,original,225000,226000,848,0,75,0.5,uniform,1.0,0.4660756302061253,0.21722649307203687,ok
real_vs_real,original,226000,227000,838,0,75,0.5,uniform,1.0,0.45848042617664925,0.21020430118712194,ok
real_vs_real,original,227000,228000,893,0,75,0.5,uniform,1.0,0.45653000256156934,0.20841964323886653,ok
real_vs_real,original,228000,229000,854,0,75,0.5,uniform,1.0,0.45751137754086846,0.2093166605793431,ok
real_vs_real,original,229000,230000,945,0,75,0.5,uniform,1.0,0.46776406357747174,0.218803219174509,ok
real_vs_real,original,230000,231000,892,0,75,0.5,uniform,1.0,0.48449516213724586,0.23473556213439617,ok
real_vs_real,original,231000,232000,911,0,75,0.5,uniform,1.0,0.4869189368343262,0.23709005104787054,ok
real_vs_real,original,232000,233000,935,0,75,0.5,uniform,1.0,0.5057937350263477,0.2558273023919032,ok
real_vs_real,original,233000,234000,931,0,75,0.5,uniform,1.0,0.47575028346239817,0.22633833221455218,ok
real_vs_real,original,234000,235000,810,0,75,0.5,uniform,1.0,0.47433182837842014,0.224990683412815,ok
real_vs_real,original,235000,236000,813,0,75,0.5,uniform,1.0,0.47525156541891966,0.22586405043313368,ok
real_vs_real,original,236000,237000,859,0,75,0.5,uniform,1.0,0.4648739078522968,0.21610775020186576,ok
real_vs_real,original,237000,238000,921,0,75,0.5,uniform,1.0,0.4459842401141221,0.1989019424301709,ok
real_vs_real,original,238000,239000,921,0,75,0.5,uniform,1.0,0.48229691173028105,0.2326103110645665,ok
real_vs_real,original,239000,240000,923,0,75,0.5,uniform,1.0,0.50334117565673,0.2533523391114991,ok
real_vs_real,original,240000,241000,971,0,75,0.5,uniform,1.0,0.502082265697277,0.252086601527711,ok
real_vs_real,original,241000,242000,917,0,75,0.5,uniform,1.0,0.49415338221084026,0.24418756515041276,ok
real_vs_real,original,242000,243000,891,0,75,0.5,uniform,1.0,0.4791660182149379,0.2296000730119582,ok
real_vs_real,original,243000,244000,861,0,75,0.5,uniform,1.0,0.4657222216929482,0.21689718777861558,ok
real_vs_real,original,244000,245000,885,0,75,0.5,uniform,1.0,0.4804481637469758,0.23083043804784087,ok
real_vs_real,original,245000,246000,930,0,75,0.5,uniform,1.0,0.45883790921440665,0.21053222693224807,ok
real_vs_real,original,246000,247000,929,0,75,0.5,uniform,1.0,0.49236536137575015,0.24242364908267303,ok
real_vs_real,original,247000,248000,902,0,75,0.5,uniform,1.0,0.49928010607376333,0.24928062432102835,ok
real_vs_real,original,248000,249000,920,0,75,0.5,uniform,1.0,0.4953078783528648,0.24532989435841634,ok
real_vs_real,original,249000,250000,896,0,75,0.5,uniform,1.0,0.5123359756759002,0.26248815197177655,ok
real_vs_real,original,250000,251000,860,0,75,0.5,uniform,1.0,0.513420643439893,0.26360075711023373,ok
real_vs_real,original,251000,252000,851,0,75,0.5,uniform,1.0,0.4732363546437652,0.22395264735651949,ok
real_vs_real,original,252000,253000,923,0,75,0.5,uniform,1.0,0.48377558967383233,0.23403882116426417,ok
real_vs_real,original,253000,254000,832,0,75,0.5,uniform,1.0,0.44983752016130657,0.2023537945448739,ok
real_vs_real,original,254000,255000,941,0,75,0.5,uniform,1.0,0.49734105477248847,0.24734812476221135,ok
real_vs_real,original,255000,256000,894,0,75,0.5,uniform,1.0,0.5191947546131179,0.2695631932177758,ok
real_vs_real,original,256000,257000,880,0,75,0.5,uniform,1.0,0.5174595971457456,0.2677644346782374,ok
real_vs_real,original,257000,258000,949,0,75,0.5,uniform,1.0,0.4986562550023773,0.24865806065299595,ok
real_vs_real,original,258000,259000,877,0,75,0.5,uniform,1.0,0.4991666677540501,0.24916736219668223,ok
real_vs_real,original,259000,260000,827,0,75,0.5,uniform,1.0,0.4926711031934081,0.24272481592180978,ok
real_vs_real,original,260000,261000,821,0,75,0.5,uniform,1.0,0.48665803969167837,0.2368360475965472,ok
real_vs_real,original,261000,262000,899,0,75,0.5,uniform,1.0,0.4887400882384359,0.2388668738513141,ok
real_vs_real,original,262000,263000,907,0,75,0.5,uniform,1.0,0.485520246178314,0.23572990944905067,ok
real_vs_real,original,263000,264000,981,0,75,0.5,uniform,1.0,0.4992049415914251,0.24920557370929816,ok
real_vs_real,original,264000,265000,956,0,75,0.5,uniform,1.0,0.5138911003225545,0.26408406299072573,ok
real_vs_real,original,265000,266000,879,0,75,0.5,uniform,1.0,0.5223608431959335,0.27286085050436654,ok
real_vs_real,original,266000,267000,862,0,75,0.5,uniform,1.0,0.5102849180454199,0.2603906975846209,ok
real_vs_real,original,267000,268000,871,0,75,0.5,uniform,1.0,0.49096971081173135,0.24105125693455512,ok
real_vs_real,original,268000,269000,831,0,75,0.5,uniform,1.0,0.4847697942262367,0.23500175339414792,ok
real_vs_real,original,269000,270000,896,0,75,0.5,uniform,1.0,0.4761477752217292,0.22671670384860235,ok
real_vs_real,original,270000,271000,855,0,75,0.5,uniform,1.0,0.46592392220872414,0.21708510128636122,ok
real_vs_real,original,271000,272000,957,0,75,0.5,uniform,1.0,0.49799972520178376,0.24800372630105216,ok
real_vs_real,original,272000,273000,903,0,75,0.5,uniform,1.0,0.5015420911966245,0.25154446924188323,ok
real_vs_real,original,273000,274000,958,0,75,0.5,uniform,1.0,0.5137113094139218,0.2638993094197662,ok
real_vs_real,original,274000,275000,876,0,75,0.5,uniform,1.0,0.536283157099437,0.2875996245885394,ok
real_vs_real,original,275000,276000,863,0,75,0.5,uniform,1.0,0.5108905559099752,0.26100916011800357,ok
real_vs_real,original,276000,277000,814,0,75,0.5,uniform,1.0,0.5030137614051747,0.2530228441629821,ok
real_vs_real,original,277000,278000,870,0,75,0.5,uniform,1.0,0.4948227408704099,0.24484954488250482,ok
real_vs_real,original,278000,279000,923,0,75,0.5,uniform,1.0,0.476670206199782,0.2272144854785427,ok
real_vs_real,original,279000,280000,964,0,75,0.5,uniform,1.0,0.4837406124285615,0.23400498011275972,ok
real_vs_real,original,280000,281000,972,0,75,0.5,uniform,1.0,0.49594467196732395,0.24596111765277653,ok
real_vs_real,original,281000,282000,998,0,75,0.5,uniform,1.0,0.4976974736898186,0.24770277531722765,ok
real_vs_real,original,282000,283000,952,0,75,0.5,uniform,1.0,0.5037380486339071,0.2537520216414966,ok
real_vs_real,original,283000,284000,1077,0,75,0.5,uniform,1.0,0.4946951419334743,0.2447232834525803,ok
real_vs_real,original,284000,285000,1013,0,75,0.5,uniform,1.0,0.4704475374130665,0.22132088545801862,ok
real_vs_real,original,285000,286000,1076,0,75,0.5,uniform,1.0,0.4828582205948599,0.23315206119603435,ok
real_vs_real,original,286000,287000,1080,0,75,0.5,uniform,1.0,0.4680913533518395,0.21910951508275667,ok
real_vs_real,original,287000,288000,1120,0,75,0.5,uniform,1.0,0.4843088120432247,0.23455502542271955,ok
real_vs_real,original,288000,289000,1158,0,75,0.5,uniform,1.0,0.4857834799442498,0.23598558938674535,ok
real_vs_real,original,289000,290000,1130,0,75,0.5,uniform,1.0,0.4960933545221526,0.24610861640104215,ok
real_vs_real,original,290000,291000,1187,0,75,0.5,uniform,1.0,0.4852539865726786,0.23547143148467733,ok
real_vs_real,original,291000,292000,1160,0,75,0.5,uniform,1.0,0.4956885155579067,0.24570710445600114,ok
real_vs_real,original,292000,293000,1159,0,75,0.5,uniform,1.0,0.47706684109450376,0.22759277087188848,ok
real_vs_real,original,293000,294000,1163,0,75,0.5,uniform,1.0,0.4819701498779533,0.23229522537337677,ok
real_vs_real,original,294000,295000,1233,0,75,0.5,uniform,1.0,0.4784682381498742,0.22893185491824472,ok
real_vs_real,original,295000,296000,1257,0,75,0.5,uniform,1.0,0.47993826092466935,0.23034073429939597,ok
real_vs_real,original,296000,297000,1275,0,75,0.5,uniform,1.0,0.46898108473337397,0.2199432578376921,ok
real_vs_real,original,297000,298000,1205,0,75,0.5,uniform,1.0,0.4877902140543737,0.23793929292721175,ok
real_vs_real,original,298000,299000,1264,0,75,0.5,uniform,1.0,0.4913599656311037,0.24143461582499937,ok
real_vs_real,original,299000,300000,1274,0,75,0.5,uniform,1.0,0.4790168059352076,0.22945710036836836,ok
real_vs_real,original,300000,301000,1243,0,75,0.5,uniform,1.0,0.4869839040763556,0.23715332282944912,ok
real_vs_real,original,301000,302000,1298,0,75,0.5,uniform,1.0,0.48634726136882883,0.23653365864095993,ok
real_vs_real,original,302000,303000,1283,0,75,0.5,uniform,1.0,0.48127362012281866,0.23162429742612314,ok
real_vs_real,original,303000,304000,1335,0,75,0.5,uniform,1.0,0.47247006993424046,0.22322796698366607,ok
real_vs_real,original,304000,305000,1248,0,75,0.5,uniform,1.0,0.4744753602283627,0.2251268674638345,ok
real_vs_real,original,305000,306000,1329,0,75,0.5,uniform,1.0,0.47776124445784457,0.2282558067059083,ok
real_vs_real,original,306000,307000,1333,0,75,0.5,uniform,1.0,0.4887474898929775,0.23887410887668617,ok
real_vs_real,original,307000,308000,1305,0,75,0.5,uniform,1.0,0.481749566019288,0.2320826443597723,ok
real_vs_real,original,308000,309000,1321,0,75,0.5,uniform,1.0,0.48368143588040274,0.23394773141532815,ok
real_vs_real,original,309000,310000,1338,0,75,0.5,uniform,1.0,0.47505190453416885,0.2256743120015411,ok
real_vs_real,original,310000,311000,1293,0,75,0.5,uniform,1.0,0.47772153486735,0.22821786487601667,ok
real_vs_real,original,311000,312000,1439,0,75,0.5,uniform,1.0,0.48165889363300846,0.23199528981577375,ok
real_vs_real,original,312000,313000,1388,0,75,0.5,uniform,1.0,0.4775615880441258,0.2280650703752273,ok
real_vs_real,original,313000,314000,1349,0,75,0.5,uniform,1.0,0.47468154706990384,0.22532257112867735,ok
real_vs_real,original,314000,315000,1380,0,75,0.5,uniform,1.0,0.4837398858778943,0.23400427718915817,ok
real_vs_real,original,315000,316000,1357,0,75,0.5,uniform,1.0,0.4860122769892742,0.23620793338429896,ok
real_vs_real,original,316000,317000,1361,0,75,0.5,uniform,1.0,0.4784324204790047,0.22889758096539917,ok
real_vs_real,original,317000,318000,1367,0,75,0.5,uniform,1.0,0.47395978623364987,0.22463787896664708,ok
real_vs_real,original,318000,319000,1404,0,75,0.5,uniform,1.0,0.47940930577778174,0.22983328246633464,ok
real_vs_real,original,319000,320000,1398,0,75,0.5,uniform,1.0,0.46592695665712014,0.21708792893976592,ok
real_vs_real,original,320000,321000,1468,0,75,0.5,uniform,1.0,0.4717425114547599,0.2225409971136443,ok
real_vs_real,original,321000,322000,1424,0,75,0.5,uniform,1.0,0.4739134104718443,0.2245939206250548,ok
real_vs_real,original,322000,323000,1411,0,75,0.5,uniform,1.0,0.46853940609501465,0.21952917506386904,ok
real_vs_real,original,323000,324000,1436,0,75,0.5,uniform,1.0,0.4677986019751417,0.21883553200989705,ok
real_vs_real,original,324000,325000,1352,0,75,0.5,uniform,1.0,0.475240841177365,0.22585385712296946,ok
real_vs_real,original,325000,326000,1423,0,75,0.5,uniform,1.0,0.4719622674335392,0.2227483818810076,ok
real_vs_real,original,326000,327000,1479,0,75,0.5,uniform,1.0,0.4708921378009541,0.22173940544275275,ok
real_vs_real,original,327000,328000,1436,0,75,0.5,uniform,1.0,0.47409870266028,0.22476957986416055,ok
real_vs_real,original,328000,329000,1435,0,75,0.5,uniform,1.0,0.4751492725982894,0.22576683125068353,ok
real_vs_real,original,329000,330000,1489,0,75,0.5,uniform,1.0,0.4660779930662134,0.21722869562062924,ok
real_vs_real,original,330000,331000,1430,0,75,0.5,uniform,1.0,0.47352241360736974,0.22422347618854893,ok
real_vs_real,original,331000,332000,1408,0,75,0.5,uniform,1.0,0.47691957510735367,0.22745228112057878,ok
real_vs_real,original,332000,333000,1428,0,75,0.5,uniform,1.0,0.4643141657347785,0.21558764450198337,ok
real_vs_real,original,333000,334000,1434,0,75,0.5,uniform,1.0,0.4639056748030735,0.21520847511449498,ok
real_vs_real,original,334000,335000,1503,0,75,0.5,uniform,1.0,0.472578855806123,0.22333077495502443,ok
real_vs_real,original,335000,336000,1480,0,75,0.5,uniform,1.0,0.4695577940512029,0.2204845219542319,ok
real_vs_real,original,336000,337000,1501,0,75,0.5,uniform,1.0,0.46632690935838056,0.21746078639173927,ok
real_vs_real,original,337000,338000,1508,0,75,0.5,uniform,1.0,0.4634446347852346,0.21478092951121952,ok
real_vs_real,original,338000,339000,1452,0,75,0.5,uniform,1.0,0.4694292664917359,0.22036383623896919,ok
real_vs_real,original,339000,340000,1430,0,75,0.5,uniform,1.0,0.46470449783201717,0.21595027030530725,ok
real_vs_real,original,340000,341000,1533,0,75,0.5,uniform,1.0,0.47131488494521884,0.2221377207709249,ok
real_vs_real,original,341000,342000,1467,0,75,0.5,uniform,1.0,0.4648242090906507,0.21606154535674896,ok
real_vs_real,original,342000,343000,1483,0,75,0.5,uniform,1.0,0.46369238403773216,0.2150106270145957,ok
real_vs_real,original,343000,344000,1509,0,75,0.5,uniform,1.0,0.464468760951609,0.2157312298999229,ok
real_vs_real,original,344000,345000,1528,0,75,0.5,uniform,1.0,0.4724888815110104,0.2232457431515256,ok
real_vs_real,original,345000,346000,1507,0,75,0.5,uniform,1.0,0.46176654547326224,0.21322834251831035,ok
real_vs_real,original,346000,347000,1503,0,75,0.5,uniform,1.0,0.45456366869815473,0.20662812890032578,ok
real_vs_real,original,347000,348000,1470,0,75,0.5,uniform,1.0,0.459976256713236,0.2115781567399208,ok
real_vs_real,original,348000,349000,1466,0,75,0.5,uniform,1.0,0.45909497448297465,0.21076819559552315,ok
real_vs_real,original,349000,350000,1453,0,75,0.5,uniform,1.0,0.4627405578923124,0.21412882391848853,ok
real_vs_real,original,350000,351000,1507,0,75,0.5,uniform,1.0,0.46314083329508055,0.21449943146526157,ok
real_vs_real,original,351000,352000,1523,0,75,0.5,uniform,1.0,0.462356577646478,0.21377360489296363,ok
real_vs_real,original,352000,353000,1523,0,75,0.5,uniform,1.0,0.46388709044314685,0.21519123267980833,ok
real_vs_real,original,353000,354000,1606,0,75,0.5,uniform,1.0,0.4447598184312651,0.1978112960910119,ok
real_vs_real,original,354000,355000,1636,0,75,0.5,uniform,1.0,0.4409998120214652,0.19448083420296766,ok
real_vs_real,original,355000,356000,1633,0,75,0.5,uniform,1.0,0.4399627775490168,0.19356724562864566,ok
real_vs_real,original,356000,357000,1576,0,75,0.5,uniform,1.0,0.44744213931885496,0.20020446803823364,ok
real_vs_real,original,357000,358000,1699,0,75,0.5,uniform,1.0,0.43255895564165636,0.18710725010580045,ok
real_vs_real,original,358000,359000,1685,0,75,0.5,uniform,1.0,0.43094253117201864,0.18571146517294623,ok
real_vs_real,original,359000,360000,1694,0,75,0.5,uniform,1.0,0.4348687715256089,0.1891108484481922,ok
real_vs_real,original,360000,361000,1681,0,75,0.5,uniform,1.0,0.43736574502946535,0.19128879492517928,ok
real_vs_real,original,361000,362000,1708,0,75,0.5,uniform,1.0,0.4282583124952738,0.1834051822212996,ok
real_vs_real,original,362000,363000,1728,0,75,0.5,uniform,1.0,0.4265931989387724,0.18198175738081507,ok
real_vs_real,original,363000,364000,1638,0,75,0.5,uniform,1.0,0.43063267996139093,0.18544450505072976,ok
real_vs_real,original,364000,365000,1681,0,75,0.5,uniform,1.0,0.4251088621510236,0.18071754467933798,ok
real_vs_real,original,365000,366000,1681,0,75,0.5,uniform,1.0,0.4221634581247612,0.17822198537585698,ok
real_vs_real,original,366000,367000,1661,0,75,0.5,uniform,1.0,0.4204134169335886,0.1767474411377754,ok
real_vs_real,original,367000,368000,1732,0,75,0.5,uniform,1.0,0.4253825441988375,0.18095030890907593,ok
real_vs_real,original,368000,369000,1707,0,75,0.5,uniform,1.0,0.42293918162949456,0.17887755135742658,ok
real_vs_real,original,369000,370000,1716,0,75,0.5,uniform,1.0,0.4275783274943743,0.1828232261428864,ok
real_vs_real,original,370000,371000,1758,0,75,0.5,uniform,1.0,0.4208810351609177,0.1771408457581256,ok
real_vs_real,original,371000,372000,1713,0,75,0.5,uniform,1.0,0.41148911479533185,0.1693232915950458,ok
real_vs_real,original,372000,373000,1760,0,75,0.5,uniform,1.0,0.4081709099897222,0.16660349176183792,ok
real_vs_real,original,373000,374000,1737,0,75,0.5,uniform,1.0,0.41965868231130465,0.17611340963926053,ok
real_vs_real,original,374000,375000,1692,0,75,0.5,uniform,1.0,0.4147898095304077,0.1720505860902719,ok
real_vs_real,original,375000,376000,1737,0,75,0.5,uniform,1.0,0.4157293469789503,0.17283088993954446,ok
real_vs_real,original,376000,377000,1689,0,75,0.5,uniform,1.0,0.4189751600027864,0.17554018469936047,ok
real_vs_real,original,377000,378000,1707,0,75,0.5,uniform,1.0,0.4121562718929583,0.16987279246070214,ok
real_vs_real,original,378000,379000,1760,0,75,0.5,uniform,1.0,0.4075558667853088,0.16610178455112437,ok
real_vs_real,original,379000,380000,1796,0,75,0.5,uniform,1.0,0.40190215284853,0.16152534046428316,ok
real_vs_real,original,380000,381000,1758,0,75,0.5,uniform,1.0,0.4037186505821142,0.1629887488278432,ok
real_vs_real,original,381000,382000,1760,0,75,0.5,uniform,1.0,0.3998313573622771,0.15986511433016096,ok
real_vs_real,original,382000,383000,1783,0,75,0.5,uniform,1.0,0.4009914787351501,0.16079416601820234,ok
real_vs_real,original,383000,384000,1815,0,75,0.5,uniform,1.0,0.3990279805382536,0.1592233292524369,ok
real_vs_real,original,384000,385000,1750,0,75,0.5,uniform,1.0,0.39803300700347727,0.15843027466423018,ok
real_vs_real,original,385000,386000,1778,0,75,0.5,uniform,1.0,0.3974641065648554,0.15797771600739877,ok
real_vs_real,original,386000,387000,1724,0,75,0.5,uniform,1.0,0.39653137939206584,0.15723713484257446,ok
real_vs_real,original,387000,388000,1778,0,75,0.5,uniform,1.0,0.3859648851910416,0.14896889260053395,ok
real_vs_real,original,388000,389000,1777,0,75,0.5,uniform,1.0,0.3914945294257121,0.15326796657025976,ok
real_vs_real,original,389000,390000,1756,0,75,0.5,uniform,1.0,0.3916728519434042,0.15340762294947982,ok
real_vs_real,original,390000,391000,1831,0,75,0.5,uniform,1.0,0.3886427638802576,0.15104319791648566,ok
real_vs_real,original,391000,392000,1846,0,75,0.5,uniform,1.0,0.3852580562496932,0.1484237699052918,ok
real_vs_real,original,392000,393000,1722,0,75,0.5,uniform,1.0,0.387245355387304,0.14995896526903937,ok
real_vs_real,original,393000,394000,1704,0,75,0.5,uniform,1.0,0.38248303860501204,0.14629327482052312,ok
real_vs_real,original,394000,395000,1866,0,75,0.5,uniform,1.0,0.38924062864402775,0.15150826698719794,ok
real_vs_real,original,395000,396000,1760,0,75,0.5,uniform,1.0,0.3788508091798986,0.14352793561626395,ok
real_vs_real,original,396000,397000,1875,0,75,0.5,uniform,1.0,0.3740480953796657,0.13991197765715552,ok
real_vs_real,original,397000,398000,1799,0,75,0.5,uniform,1.0,0.3805898909937382,0.14484866512662553,ok
real_vs_real,original,398000,399000,1863,0,75,0.5,uniform,1.0,0.3747226644467057,0.1404170752500384,ok
real_vs_real,original,399000,400000,1811,0,75,0.5,uniform,1.0,0.37310917642615277,0.139210457533402,ok
real_vs_real,original,400000,401000,1818,0,75,0.5,uniform,1.0,0.3741172199693895,0.1399636942776246,ok
real_vs_real,original,401000,402000,1803,0,75,0.5,uniform,1.0,0.3737189711095606,0.13966586936718858,ok
real_vs_real,original,402000,403000,1841,0,75,0.5,uniform,1.0,0.36795151952977745,0.13538832072427218,ok
real_vs_real,original,403000,404000,1882,0,75,0.5,uniform,1.0,0.35900827131966134,0.12888693887593156,ok
real_vs_real,original,404000,405000,1912,0,75,0.5,uniform,1.0,0.3659443026519834,0.13391523264344643,ok
real_vs_real,original,405000,406000,1777,0,75,0.5,uniform,1.0,0.3644221837304203,0.1328035279948482,ok
real_vs_real,original,406000,407000,1854,0,75,0.5,uniform,1.0,0.3619980244835006,0.1310425697299571,ok
real_vs_real,original,407000,408000,1919,0,75,0.5,uniform,1.0,0.35568693639570714,0.1265131967225638,ok
real_vs_real,original,408000,409000,1804,0,75,0.5,uniform,1.0,0.35794297691945515,0.1281231747259616,ok
real_vs_real,original,409000,410000,1804,0,75,0.5,uniform,1.0,0.3541653187316941,0.12543307299232248,ok
real_vs_real,original,410000,411000,1795,0,75,0.5,uniform,1.0,0.35081362569134644,0.12307019997070814,ok
real_vs_real,original,411000,412000,1853,0,75,0.5,uniform,1.0,0.3591345594275285,0.128977631775205,ok
real_vs_real,original,412000,413000,1905,0,75,0.5,uniform,1.0,0.3395584837064012,0.11529996385699032,ok
real_vs_real,original,413000,414000,1850,0,75,0.5,uniform,1.0,0.34584167955155687,0.11960646731504176,ok
real_vs_real,original,414000,415000,1843,0,75,0.5,uniform,1.0,0.3458615952890654,0.11962024309589725,ok
real_vs_real,original,415000,416000,1883,0,75,0.5,uniform,1.0,0.3469616725032293,0.12038240218623814,ok
real_vs_real,original,416000,417000,1884,0,75,0.5,uniform,1.0,0.335675927757677,0.1126783284759772,ok
real_vs_real,original,417000,418000,1858,0,75,0.5,uniform,1.0,0.3364159936188916,0.11317572076258609,ok
real_vs_real,original,418000,419000,1836,0,75,0.5,uniform,1.0,0.33603026075310527,0.11291633614179991,ok
real_vs_real,original,419000,420000,1841,0,75,0.5,uniform,1.0,0.3297254830522779,0.108718894174058,ok
real_vs_real,original,420000,421000,1893,0,75,0.5,uniform,1.0,0.33700663209435994,0.11357347007558327,ok
real_vs_real,original,421000,422000,1815,0,75,0.5,uniform,1.0,0.3209073228849316,0.10298150988117377,ok
real_vs_real,original,422000,423000,1900,0,75,0.5,uniform,1.0,0.3300656494977189,0.10894333297835102,ok
real_vs_real,original,423000,424000,1866,0,75,0.5,uniform,1.0,0.3224205907152443,0.1039550373171671,ok
real_vs_real,original,424000,425000,1850,0,75,0.5,uniform,1.0,0.32541186043486753,0.1058928789116817,ok
real_vs_real,original,425000,426000,1877,0,75,0.5,uniform,1.0,0.3151067402752378,0.09929225776688616,ok
real_vs_real,original,426000,427000,1756,0,75,0.5,uniform,1.0,0.32016755251436885,0.10250726168304114,ok
real_vs_real,original,427000,428000,1891,0,75,0.5,uniform,1.0,0.3185984381105053,0.10150496476645349,ok
real_vs_real,original,428000,429000,1798,0,75,0.5,uniform,1.0,0.3051122638830814,0.09309349357185909,ok
real_vs_real,original,429000,430000,1869,0,75,0.5,uniform,1.0,0.306129333607816,0.09371516889516551,ok
real_vs_real,original,430000,431000,1928,0,75,0.5,uniform,1.0,0.31627415653000784,0.1000293420887679,ok
real_vs_real,original,431000,432000,1827,0,75,0.5,uniform,1.0,0.30224705773350247,0.09135328390855918,ok
real_vs_real,original,432000,433000,1867,0,75,0.5,uniform,1.0,0.30219061751590237,0.0913191693146424,ok
real_vs_real,original,433000,434000,1779,0,75,0.5,uniform,1.0,0.30165835986430206,0.09099776607602078,ok
real_vs_real,original,434000,435000,1737,0,75,0.5,uniform,1.0,0.297603969960481,0.08856812293623889,ok
real_vs_real,original,435000,436000,1841,0,75,0.5,uniform,1.0,0.30078055789041847,0.09046894400487138,ok
real_vs_real,original,436000,437000,1757,0,75,0.5,uniform,1.0,0.28866424802913265,0.08332704809022462,ok
real_vs_real,original,437000,438000,1845,0,75,0.5,uniform,1.0,0.29531394547658085,0.08721032639294496,ok
real_vs_real,original,438000,439000,1854,0,75,0.5,uniform,1.0,0.2903160558934305,0.08428341230951747,ok
real_vs_real,original,439000,440000,1878,0,75,0.5,uniform,1.0,0.28682933772445984,0.08227106897945224,ok
real_vs_real,original,440000,441000,1792,0,75,0.5,uniform,1.0,0.2830006743950874,0.08008938170807428,ok
real_vs_real,original,441000,442000,1809,0,75,0.5,uniform,1.0,0.28600985485533914,0.08180163707437216,ok
real_vs_real,original,442000,443000,1788,0,75,0.5,uniform,1.0,0.2865687087583878,0.08212162483944968,ok
real_vs_real,original,443000,444000,1742,0,75,0.5,uniform,1.0,0.2808427914605437,0.07887267351535043,ok
real_vs_real,original,444000,445000,1773,0,75,0.5,uniform,1.0,0.2763446988733201,0.07636639259538597,ok
real_vs_real,original,445000,446000,1786,0,75,0.5,uniform,1.0,0.27886122613839776,0.07776358344341061,ok
real_vs_real,original,446000,447000,1758,0,75,0.5,uniform,1.0,0.2663330051569384,0.07093326963592578,ok
real_vs_real,original,447000,448000,1782,0,75,0.5,uniform,1.0,0.26905030150144355,0.07238806473801768,ok
real_vs_real,original,448000,449000,1806,0,75,0.5,uniform,1.0,0.2655634626711332,0.07052395270588235,ok
real_vs_real,original,449000,450000,1818,0,75,0.5,uniform,1.0,0.27265218702860927,0.07433921509148372,ok
real_vs_real,original,450000,451000,1731,0,75,0.5,uniform,1.0,0.2591227410401921,0.06714459492418245,ok
real_vs_real,original,451000,452000,1800,0,75,0.5,uniform,1.0,0.2567337203646568,0.0659122031722778,ok
real_vs_real,original,452000,453000,1723,0,75,0.5,uniform,1.0,0.253496112815283,0.06426027921245869,ok
real_vs_real,original,453000,454000,1727,0,75,0.5,uniform,1.0,0.25258133567146,0.06379733112957875,ok
real_vs_real,original,454000,455000,1700,0,75,0.5,uniform,1.0,0.2495542919572978,0.06227734463430823,ok
real_vs_real,original,455000,456000,1784,0,75,0.5,uniform,1.0,0.25506060067417624,0.06505591001627159,ok
real_vs_real,original,456000,457000,1835,0,75,0.5,uniform,1.0,0.247642660462725,0.06132688728105651,ok
real_vs_real,original,457000,458000,1757,0,75,0.5,uniform,1.0,0.25022291972108446,0.06261150955374428,ok
real_vs_real,original,458000,459000,1710,0,75,0.5,uniform,1.0,0.2414923589601168,0.05831855943612191,ok
real_vs_real,original,459000,460000,1697,0,75,0.5,uniform,1.0,0.23702536144573003,0.05618102196847896,ok
real_vs_real,original,460000,461000,1662,0,75,0.5,uniform,1.0,0.2351322469131623,0.05528717353843232,ok
real_vs_real,original,461000,462000,1760,0,75,0.5,uniform,1.0,0.231808961947821,0.05373539483932632,ok
real_vs_real,original,462000,463000,1734,0,75,0.5,uniform,1.0,0.23012509774635662,0.05295756061277018,ok
real_vs_real,original,463000,464000,1808,0,75,0.5,uniform,1.0,0.23004161705498893,0.052919145577274174,ok
real_vs_real,original,464000,465000,1751,0,75,0.5,uniform,1.0,0.2270347850346462,0.051544793615728,ok
real_vs_real,original,465000,466000,1764,0,75,0.5,uniform,1.0,0.2334032373244785,0.05447707119354683,ok
real_vs_real,original,466000,467000,1709,0,75,0.5,uniform,1.0,0.23273053150093984,0.05416350029270994,ok
real_vs_real,original,467000,468000,1736,0,75,0.5,uniform,1.0,0.21420754655767,0.045884873002256354,ok
real_vs_real,original,468000,469000,1658,0,75,0.5,uniform,1.0,0.21132517539520546,0.04465832975581435,ok
real_vs_real,original,469000,470000,1706,0,75,0.5,uniform,1.0,0.2118522999073364,0.044881396976028,ok
real_vs_real,original,470000,471000,1733,0,75,0.5,uniform,1.0,0.20410280886888424,0.04165795658816829,ok
real_vs_real,original,471000,472000,1749,0,75,0.5,uniform,1.0,0.21849839814136707,0.04774154999034336,ok
real_vs_real,original,472000,473000,1727,0,75,0.5,uniform,1.0,0.20946766114261817,0.04387670106455871,ok
real_vs_real,original,473000,474000,1749,0,75,0.5,uniform,1.0,0.2070208656970769,0.04285763883396715,ok
real_vs_real,original,474000,475000,1797,0,75,0.5,uniform,1.0,0.21845159508460213,0.04772109939500696,ok
real_vs_real,original,475000,476000,1739,0,75,0.5,uniform,1.0,0.19825847079339018,0.039306421241333545,ok
real_vs_real,original,476000,477000,1649,0,75,0.5,uniform,1.0,0.1985250569184719,0.0394121982244825,ok
real_vs_real,original,477000,478000,1617,0,75,0.5,uniform,1.0,0.19195654601236592,0.03684731555699755,ok
real_vs_real,original,478000,479000,1660,0,75,0.5,uniform,1.0,0.18424745109189483,0.03394712323386018,ok
real_vs_real,original,479000,480000,1695,0,75,0.5,uniform,1.0,0.17895219372627358,0.03202388763944575,ok
real_vs_real,original,480000,481000,1735,0,75,0.5,uniform,1.0,0.19680709459822301,0.03873303248419391,ok
real_vs_real,original,481000,482000,1729,0,75,0.5,uniform,1.0,0.20107453231081127,0.04043096754401149,ok
real_vs_real,original,482000,483000,1670,0,75,0.5,uniform,1.0,0.20027648727242728,0.040110671354182725,ok
real_vs_real,original,483000,484000,1740,0,75,0.5,uniform,1.0,0.18257107583283774,0.033332197730759794,ok
real_vs_real,original,484000,485000,1661,0,75,0.5,uniform,1.0,0.17285674836465403,0.02987945545520132,ok
real_vs_real,original,485000,486000,1576,0,75,0.5,uniform,1.0,0.15988522266041463,0.025563284425170363,ok
real_vs_real,original,486000,487000,1670,0,75,0.5,uniform,1.0,0.15836084875381276,0.025078158418027963,ok
real_vs_real,original,487000,488000,1710,0,75,0.5,uniform,1.0,0.1639230546927969,0.02687076785981768,ok
real_vs_real,original,488000,489000,1664,0,75,0.5,uniform,1.0,0.17351084327635724,0.03010601273447261,ok
real_vs_real,original,489000,490000,1721,0,75,0.5,uniform,1.0,0.16973610939971498,0.028810346834152012,ok
real_vs_real,original,490000,491000,1697,0,75,0.5,uniform,1.0,0.17507150027409163,0.03065003020822127,ok
real_vs_real,original,491000,492000,1743,0,75,0.5,uniform,1.0,0.16777773305290547,0.02814936770837201,ok
real_vs_real,original,492000,493000,1607,0,75,0.5,uniform,1.0,0.14964977001946392,0.02239505366687844,ok
real_vs_real,original,493000,494000,1608,0,75,0.5,uniform,1.0,0.13661142344778385,0.018662681016429705,ok
real_vs_real,original,494000,495000,1586,0,75,0.5,uniform,1.0,0.1317477788850318,0.01735747724113923,ok
real_vs_real,original,495000,496000,1581,0,75,0.5,uniform,1.0,0.13036097587899612,0.01699398403212421,ok
real_vs_real,original,496000,497000,1701,0,75,0.5,uniform,1.0,0.14083334247621668,0.019834030353023335,ok
real_vs_real,original,497000,498000,1699,0,75,0.5,uniform,1.0,0.15819494335978282,0.025025640104604896,ok
real_vs_real,original,498000,499000,1665,0,75,0.5,uniform,1.0,0.15156789452934238,0.022972826652057854,ok
real_vs_real,original,499000,500000,1642,0,75,0.5,uniform,1.0,0.15593033722083416,0.024314270065803056,ok
real_vs_real,original,500000,501000,1594,0,75,0.5,uniform,1.0,0.14051774828540073,0.019745237583199238,ok
real_vs_real,original,501000,502000,1630,0,75,0.5,uniform,1.0,0.11667512179696587,0.01361308404633682,ok
real_vs_real,original,502000,503000,1570,0,75,0.5,uniform,1.0,0.12249671615077111,0.015005445467722589,ok
real_vs_real,original,503000,504000,1636,0,75,0.5,uniform,1.0,0.10577553299074066,0.011188463379475266,ok
real_vs_real,original,504000,505000,1556,0,75,0.5,uniform,1.0,0.12767875108150725,0.01630186347773349,ok
real_vs_real,original,505000,506000,1621,0,75,0.5,uniform,1.0,0.14037427970420563,0.01970493840247456,ok
real_vs_real,original,506000,507000,1656,0,75,0.5,uniform,1.0,0.13498222447098865,0.018220200923136365,ok
real_vs_real,original,507000,508000,1720,0,75,0.5,uniform,1.0,0.14288005869238887,0.02041471117194049,ok
real_vs_real,original,508000,509000,1631,0,75,0.5,uniform,1.0,0.12221060227781846,0.014935431309107128,ok
real_vs_real,original,509000,510000,1531,0,75,0.5,uniform,1.0,0.0889824804897996,0.007917881834117568,ok
real_vs_real,original,510000,511000,1580,0,75,0.5,uniform,1.0,0.11157819697397571,0.012449694039963322,ok
real_vs_real,original,511000,512000,1474,0,75,0.5,uniform,1.0,0.09783501687703972,0.009571690527330645,ok
real_vs_real,original,512000,513000,1639,0,75,0.5,uniform,1.0,0.09047647752117619,0.0081859929846399,ok
real_vs_real,original,513000,514000,1662,0,75,0.5,uniform,1.0,0.1282911800270334,0.0164586268727287,ok
real_vs_real,original,514000,515000,1647,0,75,0.5,uniform,1.0,0.13727246411361524,0.018843729403823783,ok
real_vs_real,original,515000,516000,1698,0,75,0.5,uniform,1.0,0.1367026604468051,0.01868761737323449,ok
real_vs_real,original,516000,517000,1611,0,75,0.5,uniform,1.0,0.12286097326405075,0.015094818751389794,ok
real_vs_real,original,517000,518000,1559,0,75,0.5,uniform,1.0,0.0873306601701766,0.00762664420575887,ok
real_vs_real,original,518000,519000,1554,0,75,0.5,uniform,1.0,0.09733925005217546,0.009474929600719939,ok
real_vs_real,original,519000,520000,1560,0,75,0.5,uniform,1.0,0.0729446930075431,0.005320928237964706,ok
real_vs_real,original,520000,521000,1647,0,75,0.5,uniform,1.0,0.08472137099666271,0.007177710703554163,ok
real_vs_real,original,521000,522000,1620,0,75,0.5,uniform,1.0,0.12404930253922888,0.015388229460469138,ok
real_vs_real,original,522000,523000,1631,0,75,0.5,uniform,1.0,0.11510664709968035,0.013249540206530352,ok
real_vs_real,original,523000,524000,1687,0,75,0.5,uniform,1.0,0.09816736981404516,0.009636832496207504,ok
real_vs_real,original,524000,525000,1693,0,75,0.5,uniform,1.0,0.11761231898740596,0.013832657577595331,ok
real_vs_real,original,525000,526000,1604,0,75,0.5,uniform,1.0,0.10156571828025944,0.010315595129785027,ok
real_vs_real,original,526000,527000,1535,0,75,0.5,uniform,1.0,0.06733153578959818,0.004533535711785941,ok
real_vs_real,original,527000,528000,1560,0,75,0.5,uniform,1.0,0.08751126799018047,0.007658222025249184,ok
real_vs_real,original,528000,529000,1497,0,75,0.5,uniform,1.0,0.06410810282463772,0.004109848847774322,ok
real_vs_real,original,529000,530000,1658,0,75,0.5,uniform,1.0,0.08475588710867597,0.007183560399578626,ok
real_vs_real,original,530000,531000,1586,0,75,0.5,uniform,1.0,0.11713758664639394,0.013721214205341448,ok
real_vs_real,original,531000,532000,1653,0,75,0.5,uniform,1.0,0.11976031584428404,0.014342533251122669,ok
real_vs_real,original,532000,533000,1605,0,75,0.5,uniform,1.0,0.1300576992415753,0.01691500513201205,ok
real_vs_real,original,533000,534000,1690,0,75,0.5,uniform,1.0,0.1068294657451992,0.01141253475140469,ok
real_vs_real,original,534000,535000,1548,0,75,0.5,uniform,1.0,0.06281202062721541,0.003945349935273734,ok
real_vs_real,original,535000,536000,1518,0,75,0.5,uniform,1.0,0.07481793271328925,0.005597723055490278,ok
real_vs_real,original,536000,537000,1497,0,75,0.5,uniform,1.0,0.062103834954741054,0.003856886316085717,ok
real_vs_real,original,537000,538000,1644,0,75,0.5,uniform,1.0,0.07296297331525763,0.005323595475002996,ok
real_vs_real,original,538000,539000,1639,0,75,0.5,uniform,1.0,0.12841539329589222,0.016490513235338677,ok
real_vs_real,original,539000,540000,1636,0,75,0.5,uniform,1.0,0.11401050488644164,0.012998395224461334,ok
real_vs_real,original,540000,541000,1707,0,75,0.5,uniform,1.0,0.12811107485663703,0.016412447500922855,ok
real_vs_real,original,541000,542000,1669,0,75,0.5,uniform,1.0,0.1191456760407698,0.014195692119212067,ok
real_vs_real,original,542000,543000,1585,0,75,0.5,uniform,1.0,0.0916352160270405,0.00839701281632238,ok
real_vs_real,original,543000,544000,1519,0,75,0.5,uniform,1.0,0.06862728437230557,0.004709704160317296,ok
real_vs_real,original,544000,545000,1570,0,75,0.5,uniform,1.0,0.0884451864090678,0.007822550998934752,ok
real_vs_real,original,545000,546000,1546,0,75,0.5,uniform,1.0,0.08636230804935915,0.007458448251612404,ok
real_vs_real,original,546000,547000,1636,0,75,0.5,uniform,1.0,0.1160896739679006,0.01347681240197346,ok
real_vs_real,original,547000,548000,1676,0,75,0.5,uniform,1.0,0.12474514451426574,0.015561351079885044,ok
real_vs_real,original,548000,549000,1651,0,75,0.5,uniform,1.0,0.1436333276431103,0.02063053280983307,ok
real_vs_real,original,549000,550000,1691,0,75,0.5,uniform,1.0,0.12134388819568577,0.01472433920244709,ok
real_vs_real,original,550000,551000,1646,0,75,0.5,uniform,1.0,0.09566507892232341,0.009151807325214367,ok
real_vs_real,original,551000,552000,1511,0,75,0.5,uniform,1.0,0.10513597350998788,0.011053572925892874,ok
real_vs_real,original,552000,553000,1636,0,75,0.5,uniform,1.0,0.09731016540750322,0.009469268291635635,ok
real_vs_real,original,553000,554000,1476,0,75,0.5,uniform,1.0,0.09490028607983002,0.009006064298033578,ok
real_vs_real,original,554000,555000,1613,0,75,0.5,uniform,1.0,0.11121916811666284,0.012369703356562511,ok
real_vs_real,original,555000,556000,1626,0,75,0.5,uniform,1.0,0.14445085425376755,0.020866049294643196,ok
real_vs_real,original,556000,557000,1671,0,75,0.5,uniform,1.0,0.1311553437387898,0.01720172419124011,ok
real_vs_real,original,557000,558000,1685,0,75,0.5,uniform,1.0,0.14338763011556022,0.020560012470156708,ok
real_vs_real,original,558000,559000,1634,0,75,0.5,uniform,1.0,0.13142511558883824,0.01727256100753949,ok
real_vs_real,original,559000,560000,1499,0,75,0.5,uniform,1.0,0.11527268539568575,0.013287791998332743,ok
real_vs_real,original,560000,561000,1528,0,75,0.5,uniform,1.0,0.11674057808409889,0.013628362571409591,ok
real_vs_real,original,561000,562000,1556,0,75,0.5,uniform,1.0,0.12200586790183371,0.014885431802479698,ok
real_vs_real,original,562000,563000,1664,0,75,0.5,uniform,1.0,0.12575131133589054,0.015813392302696072,ok
real_vs_real,original,563000,564000,1624,0,75,0.5,uniform,1.0,0.14724801407613458,0.021681977649365525,ok
real_vs_real,original,564000,565000,1609,0,75,0.5,uniform,1.0,0.14261274054916698,0.02033839376694402,ok
real_vs_real,original,565000,566000,1732,0,75,0.5,uniform,1.0,0.15695810857653264,0.02463584784792261,ok
real_vs_real,original,566000,567000,1672,0,75,0.5,uniform,1.0,0.1557916370055495,0.0242710341608689,ok
real_vs_real,original,567000,568000,1584,0,75,0.5,uniform,1.0,0.15827806732524835,0.025051946596215846,ok
real_vs_real,original,568000,569000,1593,0,75,0.5,uniform,1.0,0.13363913865804394,0.017859419381263897,ok
real_vs_real,original,569000,570000,1538,0,75,0.5,uniform,1.0,0.129982840710891,0.016895538879272864,ok
real_vs_real,original,570000,571000,1599,0,75,0.5,uniform,1.0,0.14735463314654498,0.021713387909752857,ok
real_vs_real,original,571000,572000,1661,0,75,0.5,uniform,1.0,0.16668413222195583,0.027783599934586456,ok
real_vs_real,original,572000,573000,1685,0,75,0.5,uniform,1.0,0.16447938214939398,0.02705346715224638,ok
real_vs_real,original,573000,574000,1627,0,75,0.5,uniform,1.0,0.17096906461565906,0.0292304210555534,ok
real_vs_real,original,574000,575000,1663,0,75,0.5,uniform,1.0,0.17193310668652642,0.02956099317488048,ok
real_vs_real,original,575000,576000,1617,0,75,0.5,uniform,1.0,0.1677798668365313,0.02815008371568417,ok
real_vs_real,original,576000,577000,1623,0,75,0.5,uniform,1.0,0.1623761446557877,0.02636601235327729,ok
real_vs_real,original,577000,578000,1637,0,75,0.5,uniform,1.0,0.1645631146305647,0.027081018696912373,ok
real_vs_real,original,578000,579000,1517,0,75,0.5,uniform,1.0,0.1616758333639127,0.026139075093915665,ok
real_vs_real,original,579000,580000,1611,0,75,0.5,uniform,1.0,0.17795553140207804,0.03166817115659598,ok
real_vs_real,original,580000,581000,1638,0,75,0.5,uniform,1.0,0.19185292971860476,0.0368075466416119,ok
real_vs_real,original,581000,582000,1614,0,75,0.5,uniform,1.0,0.19618329843486373,0.038487886584782804,ok
real_vs_real,original,582000,583000,1691,0,75,0.5,uniform,1.0,0.1935312121132722,0.03745433006203236,ok
real_vs_real,original,583000,584000,1617,0,75,0.5,uniform,1.0,0.19165105226718002,0.036730125835117367,ok
real_vs_real,original,584000,585000,1563,0,75,0.5,uniform,1.0,0.1748741834773597,0.030580980046873263,ok
real_vs_real,original,585000,586000,1582,0,75,0.5,uniform,1.0,0.18595223421293144,0.03457823340878091,ok
real_vs_real,original,586000,587000,1560,0,75,0.5,uniform,1.0,0.18616723479592834,0.03465823931156231,ok
real_vs_real,original,587000,588000,1541,0,75,0.5,uniform,1.0,0.1882746330682682,0.035447337456991024,ok
real_vs_real,original,588000,589000,1713,0,75,0.5,uniform,1.0,0.20149660519823565,0.040600881906413644,ok
real_vs_real,original,589000,590000,1615,0,75,0.5,uniform,1.0,0.2167306179139575,0.04697216074136584,ok
real_vs_real,original,590000,591000,1758,0,75,0.5,uniform,1.0,0.211631616288009,0.04478794101267508,ok
real_vs_real,original,591000,592000,1636,0,75,0.5,uniform,1.0,0.21461653929764715,0.04606025894009852,ok
real_vs_real,original,592000,593000,1631,0,75,0.5,uniform,1.0,0.20958995428654606,0.04392794893783647,ok
real_vs_real,original,593000,594000,1571,0,75,0.5,uniform,1.0,0.19930915943393673,0.03972414103426242,ok
real_vs_real,original,594000,595000,1553,0,75,0.5,uniform,1.0,0.21087942944849702,0.044470133764523634,ok
real_vs_real,original,595000,596000,1531,0,75,0.5,uniform,1.0,0.21006381826479403,0.04412680774398442,ok
real_vs_real,original,596000,597000,1620,0,75,0.5,uniform,1.0,0.23408135957551196,0.05479408290072013,ok
real_vs_real,original,597000,598000,1589,0,75,0.5,uniform,1.0,0.21867836843432764,0.04782022882109954,ok
real_vs_real,original,598000,599000,1621,0,75,0.5,uniform,1.0,0.2308470168816562,0.05329034520315967,ok
real_vs_real,original,599000,600000,1643,0,75,0.5,uniform,1.0,0.22453987749895085,0.050418156587243856,ok
real_vs_real,original,600000,601000,1563,0,75,0.5,uniform,1.0,0.22856632685848857,0.05224256577358144,ok
real_vs_real,original,601000,602000,1483,0,75,0.5,uniform,1.0,0.22025535542298377,0.048512421592504906,ok
real_vs_real,original,602000,603000,1528,0,75,0.5,uniform,1.0,0.22685625499556925,0.051463760430614736,ok
real_vs_real,original,603000,604000,1514,0,75,0.5,uniform,1.0,0.2226105052937508,0.04955543706713905,ok
real_vs_real,original,604000,605000,1573,0,75,0.5,uniform,1.0,0.23653325156547375,0.05594797909613569,ok
real_vs_real,original,605000,606000,1645,0,75,0.5,uniform,1.0,0.25780810800638065,0.06646502055382963,ok
real_vs_real,original,606000,607000,1506,0,75,0.5,uniform,1.0,0.2562033992068506,0.06564018176514486,ok
real_vs_real,original,607000,608000,1610,0,75,0.5,uniform,1.0,0.24402172344663994,0.059546601513868425,ok
real_vs_real,original,608000,609000,1544,0,75,0.5,uniform,1.0,0.26072705209826713,0.06797859569585252,ok
real_vs_real,original,609000,610000,1498,0,75,0.5,uniform,1.0,0.24895592687511223,0.06197905352624622,ok
real_vs_real,original,610000,611000,1459,0,75,0.5,uniform,1.0,0.2463633613711032,0.06069490582606879,ok
real_vs_real,original,611000,612000,1466,0,75,0.5,uniform,1.0,0.25217113874561864,0.06359028321626203,ok
real_vs_real,original,612000,613000,1472,0,75,0.5,uniform,1.0,0.25690159654873623,0.06599843030928965,ok
real_vs_real,original,613000,614000,1554,0,75,0.5,uniform,1.0,0.26634396917437475,0.0709391099155603,ok
real_vs_real,original,614000,615000,1493,0,75,0.5,uniform,1.0,0.27828325107938534,0.07744156783131223,ok
real_vs_real,original,615000,616000,1613,0,75,0.5,uniform,1.0,0.2773062352596162,0.0768987481138616,ok
real_vs_real,original,616000,617000,1581,0,75,0.5,uniform,1.0,0.2741165808290347,0.07513989988540071,ok
real_vs_real,original,617000,618000,1511,0,75,0.5,uniform,1.0,0.26945288984319543,0.07260485984484921,ok
real_vs_real,original,618000,619000,1457,0,75,0.5,uniform,1.0,0.2686494042695149,0.07217250241436524,ok
real_vs_real,original,619000,620000,1467,0,75,0.5,uniform,1.0,0.27424437192957135,0.07520997553504505,ok
real_vs_real,original,620000,621000,1481,0,75,0.5,uniform,1.0,0.2721978043009024,0.07409164466623236,ok
real_vs_real,original,621000,622000,1449,0,75,0.5,uniform,1.0,0.29966634464746006,0.08979991811437033,ok
real_vs_real,original,622000,623000,1560,0,75,0.5,uniform,1.0,0.287418391604726,0.08260933183264763,ok
real_vs_real,original,623000,624000,1605,0,75,0.5,uniform,1.0,0.2932383259825605,0.08598871582505441,ok
real_vs_real,original,624000,625000,1533,0,75,0.5,uniform,1.0,0.29059539206737545,0.08444568189079166,ok
real_vs_real,original,625000,626000,1518,0,75,0.5,uniform,1.0,0.298554321209469,0.0891346827128468,ok
real_vs_real,original,626000,627000,1403,0,75,0.5,uniform,1.0,0.28988479136939166,0.08403319226727574,ok
real_vs_real,original,627000,628000,1525,0,75,0.5,uniform,1.0,0.2929559698326505,0.08582320026058882,ok
real_vs_real,original,628000,629000,1398,0,75,0.5,uniform,1.0,0.2977846290812338,0.088675685317048,ok
real_vs_real,original,629000,630000,1550,0,75,0.5,uniform,1.0,0.294982211273678,0.0870145049679088,ok
real_vs_real,original,630000,631000,1592,0,75,0.5,uniform,1.0,0.3119579496367596,0.09731776234157102,ok
real_vs_real,original,631000,632000,1493,0,75,0.5,uniform,1.0,0.3159145443761796,0.09980199934840916,ok
real_vs_real,original,632000,633000,1685,0,75,0.5,uniform,1.0,0.31460390452582754,0.09897561674289601,ok
real_vs_real,original,633000,634000,1551,0,75,0.5,uniform,1.0,0.3099868948054717,0.09609187495113858,ok
real_vs_real,original,634000,635000,1474,0,75,0.5,uniform,1.0,0.308548521908719,0.09520219037205524,ok
real_vs_real,original,635000,636000,1444,0,75,0.5,uniform,1.0,0.31293043006979043,0.09792545406366399,ok
real_vs_real,original,636000,637000,1456,0,75,0.5,uniform,1.0,0.31462338670171847,0.09898787545965909,ok
real_vs_real,original,637000,638000,1490,0,75,0.5,uniform,1.0,0.31565324269221107,0.09963696962210788,ok
real_vs_real,original,638000,639000,1514,0,75,0.5,uniform,1.0,0.32978516778732664,0.10875825689251517,ok
real_vs_real,original,639000,640000,1528,0,75,0.5,uniform,1.0,0.3306708630504904,0.10934321967055621,ok
real_vs_real,original,640000,641000,1474,0,75,0.5,uniform,1.0,0.3397928813971342,0.11545920224816691,ok
real_vs_real,original,641000,642000,1557,0,75,0.5,uniform,1.0,0.335508049007572,0.11256565094886734,ok
real_vs_real,original,642000,643000,1391,0,75,0.5,uniform,1.0,0.3361851456435731,0.11302045215139045,ok
real_vs_real,original,643000,644000,1404,0,75,0.5,uniform,1.0,0.34020219682884933,0.11573753472717513,ok
real_vs_real,original,644000,645000,1375,0,75,0.5,uniform,1.0,0.33964520457662,0.11535886499189407,ok
real_vs_real,original,645000,646000,1448,0,75,0.5,uniform,1.0,0.33826277960364637,0.11442170806518503,ok
real_vs_real,original,646000,647000,1429,0,75,0.5,uniform,1.0,0.34706587797190064,0.12045472365240623,ok
real_vs_real,original,647000,648000,1465,0,75,0.5,uniform,1.0,0.35361935714616627,0.1250466497484679,ok
real_vs_real,original,648000,649000,1488,0,75,0.5,uniform,1.0,0.3565541118522949,0.12713083467877884,ok
real_vs_real,original,649000,650000,1457,0,75,0.5,uniform,1.0,0.3592221658626101,0.12904056444702455,ok
real_vs_real,original,650000,651000,1434,0,75,0.5,uniform,1.0,0.35271845116183675,0.124410305790005,ok
real_vs_real,original,651000,652000,1383,0,75,0.5,uniform,1.0,0.3562961406763464,0.1269469398608588,ok
real_vs_real,original,652000,653000,1351,0,75,0.5,uniform,1.0,0.36112467315324215,0.13041102956003597,ok
real_vs_real,original,653000,654000,1383,0,75,0.5,uniform,1.0,0.3620239323717724,0.13106132760992162,ok
real_vs_real,original,654000,655000,1409,0,75,0.5,uniform,1.0,0.3612663297771568,0.13051336103065742,ok
real_vs_real,original,655000,656000,1445,0,75,0.5,uniform,1.0,0.3763103270785716,0.14160946226598153,ok
real_vs_real,original,656000,657000,1361,0,75,0.5,uniform,1.0,0.3781432500231999,0.14299231753810826,ok
real_vs_real,original,657000,658000,1479,0,75,0.5,uniform,1.0,0.3743455557108249,0.1401345950804463,ok
real_vs_real,original,658000,659000,1385,0,75,0.5,uniform,1.0,0.36920954933904476,0.13631569132314053,ok
real_vs_real,original,659000,660000,1338,0,75,0.5,uniform,1.0,0.3719790019192643,0.13836837786885203,ok
real_vs_real,original,660000,661000,1357,0,75,0.5,uniform,1.0,0.3715407366881234,0.13804251901875342,ok
real_vs_real,original,661000,662000,1357,0,75,0.5,uniform,1.0,0.3734465350129536,0.1394623145131812,ok
real_vs_real,original,662000,663000,1330,0,75,0.5,uniform,1.0,0.37806824017905427,0.14293559423208707,ok
real_vs_real,original,663000,664000,1418,0,75,0.5,uniform,1.0,0.3717412750465315,0.13819157557322098,ok
real_vs_real,original,664000,665000,1441,0,75,0.5,uniform,1.0,0.39272196682261634,0.15423054322502416,ok
real_vs_real,original,665000,666000,1376,0,75,0.5,uniform,1.0,0.38897899688078874,0.15130466001438464,ok
real_vs_real,original,666000,667000,1397,0,75,0.5,uniform,1.0,0.39171833712785176,0.15344325564220934,ok
real_vs_real,original,667000,668000,1323,0,75,0.5,uniform,1.0,0.39188618597672753,0.1535747827593863,ok
real_vs_real,original,668000,669000,1324,0,75,0.5,uniform,1.0,0.39310642599838636,0.1545326621612248,ok
real_vs_real,original,669000,670000,1257,0,75,0.5,uniform,1.0,0.39066474762024944,0.15261894503319318,ok
real_vs_real,original,670000,671000,1243,0,75,0.5,uniform,1.0,0.3992657206779083,0.15941311570844946,ok
real_vs_real,original,671000,672000,1263,0,75,0.5,uniform,1.0,0.4044506523113757,0.16358033015509732,ok
real_vs_real,original,672000,673000,1360,0,75,0.5,uniform,1.0,0.3936146024368003,0.15493245525148036,ok
real_vs_real,original,673000,674000,1290,0,75,0.5,uniform,1.0,0.405069552665867,0.16408134249692563,ok
real_vs_real,original,674000,675000,1393,0,75,0.5,uniform,1.0,0.40063841653297944,0.16051114080205314,ok
real_vs_real,original,675000,676000,1315,0,75,0.5,uniform,1.0,0.39997144208239654,0.15997715448147187,ok
real_vs_real,original,676000,677000,1240,0,75,0.5,uniform,1.0,0.4120166548036423,0.16975772383558374,ok
real_vs_real,original,677000,678000,1236,0,75,0.5,uniform,1.0,0.4045836902803525,0.1636879624408682,ok
real_vs_real,original,678000,679000,1205,0,75,0.5,uniform,1.0,0.413394565980293,0.17089506718203484,ok
real_vs_real,original,679000,680000,1235,0,75,0.5,uniform,1.0,0.40942160943068723,0.16762605426881422,ok
real_vs_real,original,680000,681000,1321,0,75,0.5,uniform,1.0,0.4071070514746236,0.16573615136036185,ok
real_vs_real,original,681000,682000,1312,0,75,0.5,uniform,1.0,0.41158515399412227,0.16940233898836532,ok
real_vs_real,original,682000,683000,1286,0,75,0.5,uniform,1.0,0.40885440552524965,0.16716192491740528,ok
real_vs_real,original,683000,684000,1209,0,75,0.5,uniform,1.0,0.41951992612246347,0.1759969684137972,ok
real_vs_real,original,684000,685000,1114,0,75,0.5,uniform,1.0,0.41944287355035603,0.17593232417217997,ok
real_vs_real,original,685000,686000,1223,0,75,0.5,uniform,1.0,0.4241585939672703,0.17991051283629167,ok
real_vs_real,original,686000,687000,1149,0,75,0.5,uniform,1.0,0.42069017250936425,0.17698022124595866,ok
real_vs_real,original,687000,688000,1167,0,75,0.5,uniform,1.0,0.4267711687312369,0.18213363046022585,ok
real_vs_real,original,688000,689000,1128,0,75,0.5,uniform,1.0,0.42575805868276945,0.18126992453332055,ok
real_vs_real,original,689000,690000,1171,0,75,0.5,uniform,1.0,0.425206233028814,0.1808003406065541,ok
real_vs_real,original,690000,691000,1156,0,75,0.5,uniform,1.0,0.4112879550056233,0.16915778193270764,ok
real_vs_real,original,691000,692000,1209,0,75,0.5,uniform,1.0,0.41677198366953355,0.17369888637183795,ok
real_vs_real,original,692000,693000,1122,0,75,0.5,uniform,1.0,0.4257051815536122,0.18122490160159394,ok
real_vs_real,original,693000,694000,1034,0,75,0.5,uniform,1.0,0.43702804705314774,0.19099351391108832,ok
real_vs_real,original,694000,695000,1004,0,75,0.5,uniform,1.0,0.4548484911282487,0.20688714988164456,ok
real_vs_real,original,695000,696000,965,0,75,0.5,uniform,1.0,0.43089141849698354,0.18566741453434263,ok
real_vs_real,original,696000,697000,982,0,75,0.5,uniform,1.0,0.4311202395155509,0.185864660919946,ok
real_vs_real,original,697000,698000,1001,0,75,0.5,uniform,1.0,0.4235138404001035,0.17936397301044432,ok
real_vs_real,original,698000,699000,951,0,75,0.5,uniform,1.0,0.4223901518108798,0.17841344034681808,ok
real_vs_real,original,699000,700000,996,0,75,0.5,uniform,1.0,0.41632382000961743,0.17332552310740032,ok
real_vs_real,original,700000,701000,970,0,75,0.5,uniform,1.0,0.4390167904320029,0.19273574228121718,ok
real_vs_real,original,701000,702000,883,0,75,0.5,uniform,1.0,0.46823332818769825,0.21924244962572875,ok
real_vs_real,original,702000,703000,875,0,75,0.5,uniform,1.0,0.45660373390639264,0.20848696981725984,ok
real_vs_real,original,703000,704000,885,0,75,0.5,uniform,1.0,0.49092753333417566,0.24100984298557818,ok
real_vs_real,original,704000,705000,830,0,75,0.5,uniform,1.0,0.46725119472788784,0.21832367897463856,ok
real_vs_real,original,705000,706000,833,0,75,0.5,uniform,1.0,0.4280172670342272,0.18319878087944896,ok
real_vs_real,original,706000,707000,898,0,75,0.5,uniform,1.0,0.44917472526305174,0.201757933815138,ok
real_vs_real,original,707000,708000,912,0,75,0.5,uniform,1.0,0.42709848171104964,0.1824131130798838,ok
real_vs_real,original,708000,709000,871,0,75,0.5,uniform,1.0,0.4497774364279885,0.20229974231973324,ok
real_vs_real,original,709000,710000,918,0,75,0.5,uniform,1.0,0.474975573736192,0.22560179564602473,ok
real_vs_real,original,710000,711000,797,0,75,0.5,uniform,1.0,0.4703783749505182,0.2212558156210903,ok
real_vs_real,original,711000,712000,837,0,75,0.5,uniform,1.0,0.4805499080577712,0.23092821413433237,ok
real_vs_real,original,712000,713000,854,0,75,0.5,uniform,1.0,0.4805785082150981,0.23095570255824915,ok
real_vs_real,original,713000,714000,842,0,75,0.5,uniform,1.0,0.44837325039981624,0.2010385716740963,ok
real_vs_real,original,714000,715000,859,0,75,0.5,uniform,1.0,0.46279296571644896,0.21417732911662632,ok
real_vs_real,original,715000,716000,915,0,75,0.5,uniform,1.0,0.4478537766285356,0.20057300524044228,ok
real_vs_real,original,716000,717000,920,0,75,0.5,uniform,1.0,0.4600810986404671,0.2116746173262192,ok
real_vs_real,original,717000,718000,889,0,75,0.5,uniform,1.0,0.4660510916524203,0.21720362003041266,ok
real_vs_real,original,718000,719000,889,0,75,0.5,uniform,1.0,0.49609220845931606,0.2461074792940415,ok
real_vs_real,original,719000,720000,882,0,75,0.5,uniform,1.0,0.48366403252997786,0.23393089636315947,ok
real_vs_real,original,720000,721000,861,0,75,0.5,uniform,1.0,0.49265067449560485,0.24270468708097442,ok
real_vs_real,original,721000,722000,875,0,75,0.5,uniform,1.0,0.45831698202070004,0.21005445600856268,ok
real_vs_real,original,722000,723000,819,0,75,0.5,uniform,1.0,0.4671174576605678,0.21819871925127235,ok
real_vs_real,original,723000,724000,922,0,75,0.5,uniform,1.0,0.46071646354577067,0.2122596597821214,ok
real_vs_real,original,724000,725000,907,0,75,0.5,uniform,1.0,0.4545753834120682,0.2066387792042288,ok
real_vs_real,original,725000,726000,889,0,75,0.5,uniform,1.0,0.45728711716572357,0.2091115075257382,ok
real_vs_real,original,726000,727000,858,0,75,0.5,uniform,1.0,0.49002126317798794,0.2401208383665509,ok
real_vs_real,original,727000,728000,933,0,75,0.5,uniform,1.0,0.4845417821707598,0.2347807386692161,ok
real_vs_real,original,728000,729000,912,0,75,0.5,uniform,1.0,0.48840338499084723,0.23853786647051775,ok
real_vs_real,original,729000,730000,841,0,75,0.5,uniform,1.0,0.48184347573869546,0.23217313511194682,ok
real_vs_real,original,730000,731000,915,0,75,0.5,uniform,1.0,0.45354980772678477,0.20570742808900344,ok
real_vs_real,original,731000,732000,885,0,75,0.5,uniform,1.0,0.4676385829686652,0.21868584428094112,ok
real_vs_real,original,732000,733000,887,0,75,0.5,uniform,1.0,0.44630172854713374,0.19918523290415946,ok
real_vs_real,original,733000,734000,928,0,75,0.5,uniform,1.0,0.4591641396483318,0.21083170713899274,ok
real_vs_real,original,734000,735000,915,0,75,0.5,uniform,1.0,0.4898969119923166,0.2399989843796076,ok
real_vs_real,original,735000,736000,905,0,75,0.5,uniform,1.0,0.4936819042696524,0.24372182260331027,ok
real_vs_real,original,736000,737000,907,0,75,0.5,uniform,1.0,0.4888784517362965,0.2390021405720784,ok
real_vs_real,original,737000,738000,796,0,75,0.5,uniform,1.0,0.4874132399287919,0.23757166645788205,ok
real_vs_real,original,738000,739000,878,0,75,0.5,uniform,1.0,0.4704385161055828,0.22131239743562267,ok
real_vs_real,original,739000,740000,887,0,75,0.5,uniform,1.0,0.467516849867376,0.2185720049099146,ok
real_vs_real,original,740000,741000,898,0,75,0.5,uniform,1.0,0.4761921324426408,0.22675894700026958,ok
real_vs_real,original,741000,742000,919,0,75,0.5,uniform,1.0,0.45575869587861595,0.20771598886897674,ok
real_vs_real,original,742000,743000,869,0,75,0.5,uniform,1.0,0.5030280115652652,0.25303718041930456,ok
real_vs_real,original,743000,744000,926,0,75,0.5,uniform,1.0,0.5077642806354029,0.2578245646891882,ok
real_vs_real,original,744000,745000,879,0,75,0.5,uniform,1.0,0.5039098511548323,0.25392513809088524,ok
real_vs_real,original,745000,746000,849,0,75,0.5,uniform,1.0,0.5127198912935819,0.2628816869281024,ok
real_vs_real,original,746000,747000,852,0,75,0.5,uniform,1.0,0.4932865398909903,0.24333161043762555,ok
real_vs_real,original,747000,748000,869,0,75,0.5,uniform,1.0,0.46960747822949583,0.22053118360906643,ok
real_vs_real,original,748000,749000,885,0,75,0.5,uniform,1.0,0.46224155296935754,0.2136672532915234,ok
real_vs_real,original,749000,750000,998,0,75,0.5,uniform,1.0,0.4510925311250604,0.20348447163681363,ok
real_vs_real,original,750000,751000,915,0,75,0.5,uniform,1.0,0.4928710473914493,0.24292186935674429,ok
real_vs_real,original,751000,752000,866,0,75,0.5,uniform,1.0,0.5080202625772224,0.25808458718903005,ok
real_vs_real,original,752000,753000,890,0,75,0.5,uniform,1.0,0.5144189330938674,0.2646268387254329,ok
real_vs_real,original,753000,754000,843,0,75,0.5,uniform,1.0,0.5272192530161548,0.27796014075091224,ok
real_vs_real,original,754000,755000,811,0,75,0.5,uniform,1.0,0.5290486884189912,0.2798925147178548,ok
real_vs_real,original,755000,756000,890,0,75,0.5,uniform,1.0,0.47295833306597934,0.22368958481654985,ok
real_vs_real,original,756000,757000,874,0,75,0.5,uniform,1.0,0.4912329754003048,0.24130983612063647,ok
real_vs_real,original,757000,758000,924,0,75,0.5,uniform,1.0,0.47164811125632355,0.22245194085165734,ok
real_vs_real,original,758000,759000,918,0,75,0.5,uniform,1.0,0.48956971423055856,0.23967850509179076,ok
real_vs_real,original,759000,760000,861,0,75,0.5,uniform,1.0,0.5034657234693326,0.25347773470849844,ok
real_vs_real,original,760000,761000,822,0,75,0.5,uniform,1.0,0.5348416890577846,0.2860556323541839,ok
real_vs_real,original,761000,762000,877,0,75,0.5,uniform,1.0,0.5117400190562464,0.26187784710368744,ok
real_vs_real,original,762000,763000,858,0,75,0.5,uniform,1.0,0.5181299166556205,0.26845861053356024,ok
real_vs_real,original,763000,764000,838,0,75,0.5,uniform,1.0,0.482535749908233,0.23284074993950077,ok
real_vs_real,original,764000,765000,872,0,75,0.5,uniform,1.0,0.48987154524419363,0.23997413083993402,ok
real_vs_real,original,765000,766000,858,0,75,0.5,uniform,1.0,0.478650680761629,0.22910647419357086,ok
real_vs_real,original,766000,767000,1024,0,75,0.5,uniform,1.0,0.4630784378660624,0.2144416396164726,ok
real_vs_real,original,767000,768000,968,0,75,0.5,uniform,1.0,0.5017392971617692,0.25174232231638616,ok
real_vs_real,original,768000,769000,973,0,75,0.5,uniform,1.0,0.5164657001958379,0.26673681947877714,ok
real_vs_real,original,769000,770000,1031,0,75,0.5,uniform,1.0,0.5093971127791983,0.2594854185077833,ok
real_vs_real,original,770000,771000,1059,0,75,0.5,uniform,1.0,0.5124291711928909,0.2625836554894331,ok
real_vs_real,original,771000,772000,1078,0,75,0.5,uniform,1.0,0.5098672975569021,0.2599646611179785,ok
real_vs_real,original,772000,773000,1142,0,75,0.5,uniform,1.0,0.5031276282124281,0.2531374102706633,ok
real_vs_real,original,773000,774000,1181,0,75,0.5,uniform,1.0,0.5014402566119383,0.25144233095104646,ok
real_vs_real,original,774000,775000,1339,0,75,0.5,uniform,1.0,0.5061300866319456,0.2561676645940607,ok
real_vs_real,original,775000,776000,1327,0,75,0.5,uniform,1.0,0.506553396788888,0.25659634379836066,ok
real_vs_real,original,776000,777000,1286,0,75,0.5,uniform,1.0,0.5104040732758827,0.26051231801661257,ok
real_vs_real,original,777000,778000,1322,0,75,0.5,uniform,1.0,0.5142116516018029,0.264413622643054,ok
real_vs_real,original,778000,779000,1359,0,75,0.5,uniform,1.0,0.5077437484699974,0.25780371411036396,ok
real_vs_real,original,779000,780000,1359,0,75,0.5,uniform,1.0,0.5111687571649264,0.2612934983015355,ok
real_vs_real,original,780000,781000,1378,0,75,0.5,uniform,1.0,0.5111485644934971,0.2612728549837628,ok
real_vs_real,original,781000,782000,1411,0,75,0.5,uniform,1.0,0.5147497457611859,0.26496730076120556,ok
real_vs_real,original,782000,783000,1417,0,75,0.5,uniform,1.0,0.5027598755888677,0.2527674925021337,ok
real_vs_real,original,783000,784000,1487,0,75,0.5,uniform,1.0,0.5016442611505986,0.2516469647453299,ok
real_vs_real,original,784000,785000,1405,0,75,0.5,uniform,1.0,0.5048011110138124,0.25482416168077937,ok
real_vs_real,original,785000,786000,1448,0,75,0.5,uniform,1.0,0.506609765883316,0.2566534548883482,ok
real_vs_real,original,786000,787000,1404,0,75,0.5,uniform,1.0,0.509046135691801,0.2591279682627555,ok
real_vs_real,original,787000,788000,1423,0,75,0.5,uniform,1.0,0.5101130667139757,0.26021534083233705,ok
real_vs_real,original,788000,789000,1526,0,75,0.5,uniform,1.0,0.511609591225961,0.26174437383439486,ok
real_vs_real,original,789000,790000,1480,0,75,0.5,uniform,1.0,0.5165423219744469,0.2668159703907532,ok
real_vs_real,original,790000,791000,1527,0,75,0.5,uniform,1.0,0.5036615639024004,0.2536749709526117,ok
real_vs_real,original,791000,792000,1572,0,75,0.5,uniform,1.0,0.4980961503084674,0.24809977495211535,ok
real_vs_real,original,792000,793000,1516,0,75,0.5,uniform,1.0,0.5012622114119669,0.25126380458961545,ok
real_vs_real,original,793000,794000,1447,0,75,0.5,uniform,1.0,0.5017732457653787,0.2517763901659231,ok
real_vs_real,original,794000,795000,1543,0,75,0.5,uniform,1.0,0.49885399611822145,0.24885530944311848,ok
real_vs_real,original,795000,796000,1480,0,75,0.5,uniform,1.0,0.5027772500962575,0.2527849632143547,ok
real_vs_real,original,796000,797000,1547,0,75,0.5,uniform,1.0,0.50828782909687,0.25835651720800895,ok
real_vs_real,original,797000,798000,1582,0,75,0.5,uniform,1.0,0.5092424303537609,0.25932785287260507,ok
real_vs_real,original,798000,799000,1506,0,75,0.5,uniform,1.0,0.502173175432977,0.2521778981244395,ok
real_vs_real,original,799000,800000,1639,0,75,0.5,uniform,1.0,0.5022380596990443,0.2522430686102608,ok
real_vs_real,original,800000,801000,1556,0,75,0.5,uniform,1.0,0.49199173958112064,0.24205587181605723,ok
real_vs_real,original,801000,802000,1468,0,75,0.5,uniform,1.0,0.5016677743362312,0.2516705558074678,ok
real_vs_real,original,802000,803000,1591,0,75,0.5,uniform,1.0,0.4934417003840086,0.24348471167786168,ok
real_vs_real,original,803000,804000,1432,0,75,0.5,uniform,1.0,0.5012853486489265,0.25128700077007576,ok
real_vs_real,original,804000,805000,1599,0,75,0.5,uniform,1.0,0.5005133274396087,0.25051359094466896,ok
real_vs_real,original,805000,806000,1636,0,75,0.5,uniform,1.0,0.506628073624306,0.2566720049842752,ok
real_vs_real,original,806000,807000,1505,0,75,0.5,uniform,1.0,0.5015713877339087,0.2515738569933191,ok
real_vs_real,original,807000,808000,1668,0,75,0.5,uniform,1.0,0.4986377504866617,0.2486396062103983,ok
real_vs_real,original,808000,809000,1551,0,75,0.5,uniform,1.0,0.5010114315959231,0.2510124545897964,ok
real_vs_real,original,809000,810000,1501,0,75,0.5,uniform,1.0,0.49328445171650664,0.24332955030525455,ok
real_vs_real,original,810000,811000,1533,0,75,0.5,uniform,1.0,0.4979569131309095,0.24796108733486413,ok
real_vs_real,original,811000,812000,1642,0,75,0.5,uniform,1.0,0.4906582730288333,0.2407455408916371,ok
real_vs_real,original,812000,813000,1551,0,75,0.5,uniform,1.0,0.49704177638225544,0.247050527469228,ok
real_vs_real,original,813000,814000,1652,0,75,0.5,uniform,1.0,0.5038341521767897,0.25384885289970455,ok
real_vs_real,original,814000,815000,1649,0,75,0.5,uniform,1.0,0.49407452676912766,0.24410963800213745,ok
real_vs_real,original,815000,816000,1643,0,75,0.5,uniform,1.0,0.4887896690550835,0.238915340574978,ok
real_vs_real,original,816000,817000,1741,0,75,0.5,uniform,1.0,0.4971063057505633,0.24711467921697253,ok
real_vs_real,original,817000,818000,1539,0,75,0.5,uniform,1.0,0.4891911558102709,0.23930798692298874,ok
real_vs_real,original,818000,819000,1566,0,75,0.5,uniform,1.0,0.483811892593163,0.2340739474145783,ok
real_vs_real,original,819000,820000,1587,0,75,0.5,uniform,1.0,0.489753384550628,0.23985837767879534,ok
real_vs_real,original,820000,821000,1551,0,75,0.5,uniform,1.0,0.4915262825009174,0.24159808638917166,ok
real_vs_real,original,821000,822000,1651,0,75,0.5,uniform,1.0,0.4947421266873094,0.2447697719190817,ok
real_vs_real,original,822000,823000,1659,0,75,0.5,uniform,1.0,0.4943735416111146,0.24440519864511645,ok
real_vs_real,original,823000,824000,1719,0,75,0.5,uniform,1.0,0.4871275021984976,0.23729320339814727,ok
real_vs_real,original,824000,825000,1731,0,75,0.5,uniform,1.0,0.4851536353675504,0.23537404991035007,ok
real_vs_real,original,825000,826000,1606,0,75,0.5,uniform,1.0,0.4832240585882898,0.23350549079853894,ok
real_vs_real,original,826000,827000,1541,0,75,0.5,uniform,1.0,0.4855423107212724,0.23575133550055266,ok
real_vs_real,original,827000,828000,1607,0,75,0.5,uniform,1.0,0.485700381997556,0.23590486107257183,ok
real_vs_real,original,828000,829000,1581,0,75,0.5,uniform,1.0,0.48494455279493676,0.23517121928548118,ok
real_vs_real,original,829000,830000,1641,0,75,0.5,uniform,1.0,0.47980460544130143,0.23021245940268292,ok
real_vs_real,original,830000,831000,1748,0,75,0.5,uniform,1.0,0.4908747321841645,0.2409580026968752,ok
real_vs_real,original,831000,832000,1616,0,75,0.5,uniform,1.0,0.4789921025114419,0.22943343426833168,ok
real_vs_real,original,832000,833000,1772,0,75,0.5,uniform,1.0,0.4756961407359246,0.22628681831105257,ok
real_vs_real,original,833000,834000,1649,0,75,0.5,uniform,1.0,0.4809810564448364,0.23134277665879088,ok
real_vs_real,original,834000,835000,1504,0,75,0.5,uniform,1.0,0.48303654677043145,0.2333243055159032,ok
real_vs_real,original,835000,836000,1608,0,75,0.5,uniform,1.0,0.4762566288344684,0.22682037650877257,ok
real_vs_real,original,836000,837000,1620,0,75,0.5,uniform,1.0,0.4667174240222016,0.21782515388591953,ok
real_vs_real,original,837000,838000,1599,0,75,0.5,uniform,1.0,0.4687951470353832,0.2197688898839266,ok
real_vs_real,original,838000,839000,1768,0,75,0.5,uniform,1.0,0.4803777415846918,0.23076277461000894,ok
real_vs_real,original,839000,840000,1719,0,75,0.5,uniform,1.0,0.4721800350891846,0.22295398553682358,ok
real_vs_real,original,840000,841000,1614,0,75,0.5,uniform,1.0,0.46764971273973865,0.21869625382556007,ok
real_vs_real,original,841000,842000,1795,0,75,0.5,uniform,1.0,0.45638733586083013,0.20828940033414617,ok
real_vs_real,original,842000,843000,1664,0,75,0.5,uniform,1.0,0.45115804987947744,0.20354358597105304,ok
real_vs_real,original,843000,844000,1650,0,75,0.5,uniform,1.0,0.4526270922167747,0.20487128460861267,ok
real_vs_real,original,844000,845000,1790,0,75,0.5,uniform,1.0,0.4464476717859566,0.19931552364310123,ok
real_vs_real,original,845000,846000,1688,0,75,0.5,uniform,1.0,0.45003391213580884,0.20253052207226094,ok
real_vs_real,original,846000,847000,1759,0,75,0.5,uniform,1.0,0.44283113305369576,0.19609941240162,ok
real_vs_real,original,847000,848000,1842,0,75,0.5,uniform,1.0,0.45222943014034594,0.20451145748506203,ok
real_vs_real,original,848000,849000,1835,0,75,0.5,uniform,1.0,0.44534918183111827,0.19833589375764646,ok
real_vs_real,original,849000,850000,1831,0,75,0.5,uniform,1.0,0.44388185176788025,0.1970310983288824,ok
real_vs_real,original,850000,851000,1716,0,75,0.5,uniform,1.0,0.4443298832552314,0.19742904515360754,ok
real_vs_real,original,851000,852000,1718,0,75,0.5,uniform,1.0,0.43526586003652423,0.1894563689133351,ok
real_vs_real,original,852000,853000,1783,0,75,0.5,uniform,1.0,0.4337077421970083,0.1881024056416266,ok
real_vs_real,original,853000,854000,1735,0,75,0.5,uniform,1.0,0.4307458865625823,0.185542018790585,ok
real_vs_real,original,854000,855000,1803,0,75,0.5,uniform,1.0,0.42912194881886956,0.1841456469581045,ok
real_vs_real,original,855000,856000,1837,0,75,0.5,uniform,1.0,0.4413527049356957,0.19479221015405532,ok
real_vs_real,original,856000,857000,1757,0,75,0.5,uniform,1.0,0.43538061801346367,0.18955628254178558,ok
real_vs_real,original,857000,858000,1896,0,75,0.5,uniform,1.0,0.42921604070844943,0.18422640960143732,ok
real_vs_real,original,858000,859000,1959,0,75,0.5,uniform,1.0,0.41725697086927827,0.17410337973900575,ok
real_vs_real,original,859000,860000,1683,0,75,0.5,uniform,1.0,0.42313951321289545,0.1790470476420461,ok
real_vs_real,original,860000,861000,1800,0,75,0.5,uniform,1.0,0.41734435265480646,0.17417630869285944,ok
real_vs_real,original,861000,862000,1772,0,75,0.5,uniform,1.0,0.4191612570812076,0.17569615943789824,ok
real_vs_real,original,862000,863000,1834,0,75,0.5,uniform,1.0,0.4093086028055453,0.16753353233062768,ok
real_vs_real,original,863000,864000,1918,0,75,0.5,uniform,1.0,0.41964891334859367,0.1761052104746555,ok
real_vs_real,original,864000,865000,1852,0,75,0.5,uniform,1.0,0.4197787378044889,0.17621418871272984,ok
real_vs_real,original,865000,866000,1918,0,75,0.5,uniform,1.0,0.4100940166917234,0.1681771025263515,ok
real_vs_real,original,866000,867000,1946,0,75,0.5,uniform,1.0,0.4095259361875868,0.1677114924103194,ok
real_vs_real,original,867000,868000,1837,0,75,0.5,uniform,1.0,0.401870414662026,0.16149983018062872,ok
real_vs_real,original,868000,869000,1795,0,75,0.5,uniform,1.0,0.4007972135860122,0.16063840641831148,ok
real_vs_real,original,869000,870000,1809,0,75,0.5,uniform,1.0,0.3992624589571503,0.15941051113251012,ok
real_vs_real,original,870000,871000,1888,0,75,0.5,uniform,1.0,0.3962065615759169,0.15697963943581084,ok
real_vs_real,original,871000,872000,1953,0,75,0.5,uniform,1.0,0.3941617448824621,0.15536348112878712,ok
real_vs_real,original,872000,873000,1939,0,75,0.5,uniform,1.0,0.4014007256150941,0.16112254252432406,ok
real_vs_real,original,873000,874000,1943,0,75,0.5,uniform,1.0,0.3948823249340777,0.1559320505453425,ok
real_vs_real,original,874000,875000,1990,0,75,0.5,uniform,1.0,0.39423233660657997,0.15541913522628378,ok
real_vs_real,original,875000,876000,1903,0,75,0.5,uniform,1.0,0.3771986900938247,0.1422788518084972,ok
real_vs_real,original,876000,877000,1962,0,75,0.5,uniform,1.0,0.3859635815056054,0.14896788624863408,ok
real_vs_real,original,877000,878000,1821,0,75,0.5,uniform,1.0,0.3839092842847927,0.14738633856006178,ok
real_vs_real,original,878000,879000,1837,0,75,0.5,uniform,1.0,0.3832418229441455,0.14687429485355177,ok
real_vs_real,original,879000,880000,1935,0,75,0.5,uniform,1.0,0.38694086534972116,0.14972323327759104,ok
real_vs_real,original,880000,881000,1940,0,75,0.5,uniform,1.0,0.38366651056886675,0.14719999133209036,ok
real_vs_real,original,881000,882000,1968,0,75,0.5,uniform,1.0,0.3786092405763479,0.1433449570497989,ok
real_vs_real,original,882000,883000,1991,0,75,0.5,uniform,1.0,0.38345221894075476,0.1470356042105885,ok
real_vs_real,original,883000,884000,1870,0,75,0.5,uniform,1.0,0.37305526467759836,0.13917023050367297,ok
real_vs_real,original,884000,885000,1868,0,75,0.5,uniform,1.0,0.3642283917230888,0.13266232133718783,ok
real_vs_real,original,885000,886000,1879,0,75,0.5,uniform,1.0,0.3651660324568257,0.1333462312602595,ok
real_vs_real,original,886000,887000,1884,0,75,0.5,uniform,1.0,0.36293693253706866,0.13172321699941672,ok
real_vs_real,original,887000,888000,1878,0,75,0.5,uniform,1.0,0.3611512509734711,0.13043022607970312,ok
real_vs_real,original,888000,889000,1935,0,75,0.5,uniform,1.0,0.37091131460963167,0.13757520330544515,ok
real_vs_real,original,889000,890000,1986,0,75,0.5,uniform,1.0,0.3634948188305434,0.13212848331664956,ok
real_vs_real,original,890000,891000,1916,0,75,0.5,uniform,1.0,0.3552300849000024,0.1261884132180629,ok
real_vs_real,original,891000,892000,1951,0,75,0.5,uniform,1.0,0.3563918611513064,0.12701515869489205,ok
real_vs_real,original,892000,893000,1852,0,75,0.5,uniform,1.0,0.35000386444859116,0.12250270512894779,ok
real_vs_real,original,893000,894000,1950,0,75,0.5,uniform,1.0,0.3406399856018978,0.11603559979086114,ok
real_vs_real,original,894000,895000,1831,0,75,0.5,uniform,1.0,0.33858111737022667,0.11463717303967119,ok
real_vs_real,original,895000,896000,1885,0,75,0.5,uniform,1.0,0.35006155959121393,0.12254309550343301,ok
real_vs_real,original,896000,897000,1883,0,75,0.5,uniform,1.0,0.3376753096963266,0.11402461477851006,ok
real_vs_real,original,897000,898000,1966,0,75,0.5,uniform,1.0,0.3446750335181463,0.1188008787307353,ok
real_vs_real,original,898000,899000,1901,0,75,0.5,uniform,1.0,0.3399902685000806,0.11559338267475688,ok
real_vs_real,original,899000,900000,1934,0,75,0.5,uniform,1.0,0.332826035484045,0.11077316989602676,ok
real_vs_real,original,900000,901000,1933,0,75,0.5,uniform,1.0,0.3333575161198939,0.1111272335536253,ok
real_vs_real,original,901000,902000,1920,0,75,0.5,uniform,1.0,0.31880785260627886,0.10163844688342683,ok
real_vs_real,original,902000,903000,1898,0,75,0.5,uniform,1.0,0.3306198632886241,0.1093094940009885,ok
real_vs_real,original,903000,904000,1847,0,75,0.5,uniform,1.0,0.3194181247868836,0.10202793844236913,ok
real_vs_real,original,904000,905000,1879,0,75,0.5,uniform,1.0,0.3184019107317348,0.10137977675761961,ok
real_vs_real,original,905000,906000,1986,0,75,0.5,uniform,1.0,0.33079741150958625,0.10942692746144256,ok
real_vs_real,original,906000,907000,1962,0,75,0.5,uniform,1.0,0.32270541330096914,0.1041387837737493,ok
real_vs_real,original,907000,908000,1999,0,75,0.5,uniform,1.0,0.3187126291022247,0.10157773994925223,ok
real_vs_real,original,908000,909000,1976,0,75,0.5,uniform,1.0,0.3078623294987316,0.0947792139243856,ok
real_vs_real,original,909000,910000,1835,0,75,0.5,uniform,1.0,0.3077288652741456,0.09469705452291327,ok
real_vs_real,original,910000,911000,1855,0,75,0.5,uniform,1.0,0.2965583760901214,0.0879468704292099,ok
real_vs_real,original,911000,912000,1923,0,75,0.5,uniform,1.0,0.3049945101745392,0.0930216512366071,ok
real_vs_real,original,912000,913000,1939,0,75,0.5,uniform,1.0,0.29452271280736053,0.08674362835940697,ok
real_vs_real,original,913000,914000,1947,0,75,0.5,uniform,1.0,0.3091972983236281,0.09560296929063067,ok
real_vs_real,original,914000,915000,1905,0,75,0.5,uniform,1.0,0.3053622591180421,0.09324610929367427,ok
real_vs_real,original,915000,916000,1887,0,75,0.5,uniform,1.0,0.300744362007261,0.09044717127915447,ok
real_vs_real,original,916000,917000,1943,0,75,0.5,uniform,1.0,0.2904029160127334,0.08433385362869866,ok
real_vs_real,original,917000,918000,1879,0,75,0.5,uniform,1.0,0.2835561859160271,0.08040411057124452,ok
real_vs_real,original,918000,919000,1887,0,75,0.5,uniform,1.0,0.27968982487759064,0.07822639814005733,ok
real_vs_real,original,919000,920000,1841,0,75,0.5,uniform,1.0,0.27552717095214646,0.07591522193289335,ok
real_vs_real,original,920000,921000,1865,0,75,0.5,uniform,1.0,0.2823012023389035,0.07969396884199054,ok
real_vs_real,original,921000,922000,1915,0,75,0.5,uniform,1.0,0.27972066953740254,0.07824365296645275,ok
real_vs_real,original,922000,923000,1845,0,75,0.5,uniform,1.0,0.27626383392835674,0.07632170593679466,ok
real_vs_real,original,923000,924000,1905,0,75,0.5,uniform,1.0,0.2699376980922101,0.07286636085132114,ok
real_vs_real,original,924000,925000,1940,0,75,0.5,uniform,1.0,0.2726378743151642,0.07433141051109127,ok
real_vs_real,original,925000,926000,1875,0,75,0.5,uniform,1.0,0.254713563689333,0.0648789995273199,ok
real_vs_real,original,926000,927000,1797,0,75,0.5,uniform,1.0,0.2555561705965163,0.06530895632995576,ok
real_vs_real,original,927000,928000,1874,0,75,0.5,uniform,1.0,0.2447092614283228,0.059882622628795235,ok
real_vs_real,original,928000,929000,1774,0,75,0.5,uniform,1.0,0.2511317403391322,0.06306715100576132,ok
real_vs_real,original,929000,930000,1920,0,75,0.5,uniform,1.0,0.2532309642975427,0.06412592127906336,ok
real_vs_real,original,930000,931000,1832,0,75,0.5,uniform,1.0,0.24488511746572145,0.05996872075620019,ok
real_vs_real,original,931000,932000,1898,0,75,0.5,uniform,1.0,0.24637007734774422,0.06069821501233347,ok
real_vs_real,original,932000,933000,1837,0,75,0.5,uniform,1.0,0.24200630213102972,0.058567050271135235,ok
real_vs_real,original,933000,934000,1742,0,75,0.5,uniform,1.0,0.23701132030109648,0.05617436595086894,ok
real_vs_real,original,934000,935000,1826,0,75,0.5,uniform,1.0,0.23319044643425718,0.054377784308208166,ok
real_vs_real,original,935000,936000,1783,0,75,0.5,uniform,1.0,0.22861992055878863,0.05226706807630682,ok
real_vs_real,original,936000,937000,1782,0,75,0.5,uniform,1.0,0.21884668942982385,0.04789387347439378,ok
real_vs_real,original,937000,938000,1756,0,75,0.5,uniform,1.0,0.2190740881480563,0.04799345609790234,ok
real_vs_real,original,938000,939000,1818,0,75,0.5,uniform,1.0,0.2204543301044901,0.04860011166181949,ok
real_vs_real,original,939000,940000,1756,0,75,0.5,uniform,1.0,0.21759294680074193,0.04734669049743051,ok
real_vs_real,original,940000,941000,1779,0,75,0.5,uniform,1.0,0.21763600515971257,0.047365430741878434,ok
real_vs_real,original,941000,942000,1782,0,75,0.5,uniform,1.0,0.2056176093821674,0.042278601288037565,ok
real_vs_real,original,942000,943000,1721,0,75,0.5,uniform,1.0,0.20763264099757864,0.043111313607629376,ok
real_vs_real,original,943000,944000,1730,0,75,0.5,uniform,1.0,0.20023386237748947,0.04009359964260739,ok
real_vs_real,original,944000,945000,1711,0,75,0.5,uniform,1.0,0.19552309171892374,0.038229279395326665,ok
real_vs_real,original,945000,946000,1709,0,75,0.5,uniform,1.0,0.19569965272148787,0.03829835407531096,ok
real_vs_real,original,946000,947000,1783,0,75,0.5,uniform,1.0,0.1873041902277495,0.03508285967687297,ok
real_vs_real,original,947000,948000,1717,0,75,0.5,uniform,1.0,0.19062576827680927,0.03633818353112378,ok
real_vs_real,original,948000,949000,1693,0,75,0.5,uniform,1.0,0.18293295100044887,0.03346446456173263,ok
real_vs_real,original,949000,950000,1704,0,75,0.5,uniform,1.0,0.18424743027317123,0.033947115562267094,ok
real_vs_real,original,950000,951000,1755,0,75,0.5,uniform,1.0,0.17632060130038793,0.03108895444293036,ok
real_vs_real,original,951000,952000,1641,0,75,0.5,uniform,1.0,0.17375290269566682,0.030190071195169865,ok
real_vs_real,original,952000,953000,1750,0,75,0.5,uniform,1.0,0.1729565061076781,0.02991395300497529,ok
real_vs_real,original,953000,954000,1667,0,75,0.5,uniform,1.0,0.17212571879469005,0.029627263070588716,ok
real_vs_real,original,954000,955000,1745,0,75,0.5,uniform,1.0,0.15996395355270576,0.02558846643621221,ok
real_vs_real,original,955000,956000,1657,0,75,0.5,uniform,1.0,0.15960477569166193,0.02547368442358572,ok
real_vs_real,original,956000,957000,1671,0,75,0.5,uniform,1.0,0.1553666229853188,0.024138787537862194,ok
real_vs_real,original,957000,958000,1699,0,75,0.5,uniform,1.0,0.15244161781243415,0.023238446841272242,ok
real_vs_real,original,958000,959000,1709,0,75,0.5,uniform,1.0,0.1418905427475749,0.020132926121201378,ok
real_vs_real,original,959000,960000,1683,0,75,0.5,uniform,1.0,0.15209606078093024,0.02313321170507643,ok
real_vs_real,original,960000,961000,1629,0,75,0.5,uniform,1.0,0.14635725995879548,0.021420447542646437,ok
real_vs_real,original,961000,962000,1708,0,75,0.5,uniform,1.0,0.13831535241002949,0.019131136712310648,ok
real_vs_real,original,962000,963000,1650,0,75,0.5,uniform,1.0,0.1528237521398965,0.023355099218116515,ok
real_vs_real,original,963000,964000,1630,0,75,0.5,uniform,1.0,0.12908013710133476,0.01666168179409938,ok
real_vs_real,original,964000,965000,1631,0,75,0.5,uniform,1.0,0.1303519923371725,0.016991641906270283,ok
real_vs_real,original,965000,966000,1717,0,75,0.5,uniform,1.0,0.12114561425166158,0.014676259852412388,ok
real_vs_real,original,966000,967000,1617,0,75,0.5,uniform,1.0,0.1255352296104849,0.015759093873357166,ok
real_vs_real,original,967000,968000,1626,0,75,0.5,uniform,1.0,0.12576591390987743,0.015817065101586703,ok
real_vs_real,original,968000,969000,1668,0,75,0.5,uniform,1.0,0.12038950260216956,0.01449363233679779,ok
real_vs_real,original,969000,970000,1629,0,75,0.5,uniform,1.0,0.13428190786837374,0.018031630780770413,ok
real_vs_real,original,970000,971000,1700,0,75,0.5,uniform,1.0,0.11998202208086568,0.014395685622613341,ok
real_vs_real,original,971000,972000,1599,0,75,0.5,uniform,1.0,0.1115143477323903,0.01243544975018046,ok
real_vs_real,original,972000,973000,1630,0,75,0.5,uniform,1.0,0.09825694876756465,0.009654427981111824,ok
real_vs_real,original,973000,974000,1662,0,75,0.5,uniform,1.0,0.10247028880957376,0.010500160088717458,ok
real_vs_real,original,974000,975000,1672,0,75,0.5,uniform,1.0,0.09273198509652689,0.008599221059942486,ok
real_vs_real,original,975000,976000,1607,0,75,0.5,uniform,1.0,0.09545640362127453,0.009111924992307674,ok
real_vs_real,original,976000,977000,1715,0,75,0.5,uniform,1.0,0.11570992281175438,0.013388786237102157,ok
real_vs_real,original,977000,978000,1559,0,75,0.5,uniform,1.0,0.11806202548790205,0.013938641862306034,ok
real_vs_real,original,978000,979000,1637,0,75,0.5,uniform,1.0,0.11505782606305605,0.01323830333835646,ok
real_vs_real,original,979000,980000,1660,0,75,0.5,uniform,1.0,0.08488813518536338,0.0072059954952485294,ok
real_vs_real,original,980000,981000,1697,0,75,0.5,uniform,1.0,0.0842482462074518,0.007097766989031418,ok
real_vs_real,original,981000,982000,1653,0,75,0.5,uniform,1.0,0.08461337885197605,0.007159423880748028,ok
real_vs_real,original,982000,983000,1585,0,75,0.5,uniform,1.0,0.075614709941424,0.005717584359525685,ok
real_vs_real,original,983000,984000,1677,0,75,0.5,uniform,1.0,0.07296065072230289,0.005323256553821876,ok
real_vs_real,original,984000,985000,1598,0,75,0.5,uniform,1.0,0.09027586603724257,0.008149731988774167,ok
real_vs_real,original,985000,986000,1603,0,75,0.5,uniform,1.0,0.09316436837776024,0.008679599535227012,ok
real_vs_real,original,986000,987000,1652,0,75,0.5,uniform,1.0,0.09316638862541807,0.00867997596950243,ok
real_vs_real,original,987000,988000,1638,0,75,0.5,uniform,1.0,0.08564442672278856,0.0073349678286750986,ok
real_vs_real,original,988000,989000,1678,0,75,0.5,uniform,1.0,0.04131360122987191,0.0017068136465808736,ok
real_vs_real,original,989000,990000,1643,0,75,0.5,uniform,1.0,0.04382271400835218,0.0019204302630578263,ok
real_vs_real,original,990000,991000,1644,0,75,0.5,uniform,1.0,0.047674859639287304,0.0022728922416257458,ok
real_vs_real,original,991000,992000,1679,0,75,0.5,uniform,1.0,0.04131572509412682,0.001706989140053461,ok
real_vs_real,original,992000,993000,1633,0,75,0.5,uniform,1.0,0.04652991288193128,0.0021650327928001145,ok
real_vs_real,original,993000,994000,1656,0,75,0.5,uniform,1.0,0.08404128051603318,0.00706293683077458,ok
real_vs_real,original,994000,995000,1655,0,75,0.5,uniform,1.0,0.07308225032521316,0.005341015312597119,ok
real_vs_real,original,995000,996000,1695,0,75,0.5,uniform,1.0,0.06799342996068729,0.004623106517818887,ok
real_vs_real,original,996000,997000,1675,0,75,0.5,uniform,1.0,0.04205045249151186,0.0017682405547408964,ok
real_vs_real,original,997000,998000,1586,0,75,0.5,uniform,1.0,0.031618488934169985,0.0009997288424802298,ok
real_vs_real,original,998000,999000,1664,0,75,0.5,uniform,1.0,0.03519991733552289,0.001239034180427645,ok
real_vs_real,original,999000,1000000,1637,0,75,0.5,uniform,1.0,0.021896340100787233,0.0004794497098093431,ok
real_vs_real,original,1000000,1001000,1665,0,75,0.5,uniform,1.0,0.037735170160957045,0.001423943067076383,ok
real_vs_real,original,1001000,1002000,1603,0,75,0.5,uniform,1.0,0.0812456597616817,0.006600857230110946,ok
real_vs_real,original,1002000,1003000,1675,0,75,0.5,uniform,1.0,0.06230228021995995,0.0038815741206064125,ok
real_vs_real,original,1003000,1004000,1597,0,75,0.5,uniform,1.0,0.06428078262894456,0.004132019015389621,ok
real_vs_real,original,1004000,1005000,1673,0,75,0.5,uniform,1.0,0.04597155051480639,0.002113383456735396,ok
real_vs_real,original,1005000,1006000,1616,0,75,0.5,uniform,1.0,0.04503960426564754,0.002028565952406136,ok
real_vs_real,original,1006000,1007000,1639,0,75,0.5,uniform,1.0,0.04414345957635866,0.0019486450233696107,ok
real_vs_real,original,1007000,1008000,1682,0,75,0.5,uniform,1.0,0.04391001078377054,0.0019280890470308454,ok
real_vs_real,original,1008000,1009000,1641,0,75,0.5,uniform,1.0,0.05354597225973148,0.002867171145239933,ok
real_vs_real,original,1009000,1010000,1643,0,75,0.5,uniform,1.0,0.07212214260340166,0.005201603453705406,ok
real_vs_real,original,1010000,1011000,1692,0,75,0.5,uniform,1.0,0.08389373785450188,0.0070381592511998825,ok
real_vs_real,original,1011000,1012000,1674,0,75,0.5,uniform,1.0,0.06591421138905432,0.004344683263040938,ok
real_vs_real,original,1012000,1013000,1752,0,75,0.5,uniform,1.0,0.07618378971758509,0.005803969815733223,ok
real_vs_real,original,1013000,1014000,1672,0,75,0.5,uniform,1.0,0.059268373906742375,0.00351274014554942,ok
real_vs_real,original,1014000,1015000,1645,0,75,0.5,uniform,1.0,0.06667215086369857,0.004445175700791781,ok
v2e_vs_real,original,15000,16000,3703,0,75,0.5,uniform,1.0,0.06765811909566359,0.004577621079562999,ok
v2e_vs_real,original,16000,17000,3755,0,75,0.5,uniform,1.0,0.07152494156032674,0.005115817265208156,ok
v2e_vs_real,original,17000,18000,3828,0,75,0.5,uniform,1.0,0.07619278079846216,0.005805339845802504,ok
v2e_vs_real,original,18000,19000,3766,0,75,0.5,uniform,1.0,0.09300347456441717,0.00864964628105419,ok
v2e_vs_real,original,19000,20000,7617,0,75,0.5,uniform,1.0,0.06294960874347753,0.003962653240956904,ok
v2e_vs_real,original,20000,21000,4016,0,75,0.5,uniform,1.0,0.07633606315295641,0.005827194537692149,ok
v2e_vs_real,original,21000,22000,4094,0,75,0.5,uniform,1.0,0.07750556054503507,0.0060071119154000985,ok
v2e_vs_real,original,22000,23000,4007,0,75,0.5,uniform,1.0,0.06838849611996814,0.004676986401550898,ok
v2e_vs_real,original,23000,24000,4013,0,75,0.5,uniform,1.0,0.06501338812162388,0.004226740635052906,ok
v2e_vs_real,original,24000,25000,4061,0,75,0.5,uniform,1.0,0.06692614955841024,0.004479109494714695,ok
v2e_vs_real,original,25000,26000,3987,0,75,0.5,uniform,1.0,0.07387808140172637,0.005457970911600107,ok
v2e_vs_real,original,26000,27000,4080,0,75,0.5,uniform,1.0,0.09043361576387478,0.00817823886012814,ok
v2e_vs_real,original,27000,28000,8715,0,75,0.5,uniform,1.0,0.09112988867903478,0.008304656610653272,ok
v2e_vs_real,original,28000,29000,4646,0,75,0.5,uniform,1.0,0.12083588441576829,0.014601310962540914,ok
v2e_vs_real,original,29000,30000,4592,0,75,0.5,uniform,1.0,0.11409951884378189,0.013018700200382538,ok
v2e_vs_real,original,30000,31000,4399,0,75,0.5,uniform,1.0,0.09094039592452478,0.008270155610909324,ok
v2e_vs_real,original,31000,32000,5656,0,75,0.5,uniform,1.0,0.16520442100279384,0.02729250071886835,ok
v2e_vs_real,original,32000,33000,5924,0,75,0.5,uniform,1.0,0.1825681914822703,0.033331144541106916,ok
v2e_vs_real,original,33000,34000,5971,0,75,0.5,uniform,1.0,0.1787677160862067,0.0319578963146786,ok
v2e_vs_real,original,34000,35000,5378,0,75,0.5,uniform,1.0,0.17191516615493405,0.02955482435407858,ok
v2e_vs_real,original,35000,36000,5296,0,75,0.5,uniform,1.0,0.16606837598540922,0.027578705502431244,ok
v2e_vs_real,original,36000,37000,4999,0,75,0.5,uniform,1.0,0.16344211155260158,0.02671332382877306,ok
v2e_vs_real,original,37000,38000,9268,0,75,0.5,uniform,1.0,0.13638028948614206,0.018599583360323912,ok
v2e_vs_real,original,38000,39000,4355,0,75,0.5,uniform,1.0,0.1319103815778355,0.017400348768010165,ok
v2e_vs_real,original,39000,40000,4403,0,75,0.5,uniform,1.0,0.13331055845417897,0.017771704995365067,ok
v2e_vs_real,original,40000,41000,4256,0,75,0.5,uniform,1.0,0.12118176347438252,0.01468501979876119,ok
v2e_vs_real,original,41000,42000,4207,0,75,0.5,uniform,1.0,0.12264374126196444,0.01504148727073168,ok
v2e_vs_real,original,42000,43000,3959,0,75,0.5,uniform,1.0,0.11812442146176678,0.013953378945677108,ok
v2e_vs_real,original,43000,44000,4055,0,75,0.5,uniform,1.0,0.12102404925573355,0.01464682049825422,ok
v2e_vs_real,original,44000,45000,3951,0,75,0.5,uniform,1.0,0.12794225358201256,0.016369220251644,ok
v2e_vs_real,original,45000,46000,3980,0,75,0.5,uniform,1.0,0.13563438488033996,0.018396686361868198,ok
v2e_vs_real,original,46000,47000,7520,0,75,0.5,uniform,1.0,0.11946798626602968,0.014272599742460257,ok
v2e_vs_real,original,47000,48000,4107,0,75,0.5,uniform,1.0,0.13652266554005768,0.018638438206162455,ok
v2e_vs_real,original,48000,49000,4101,0,75,0.5,uniform,1.0,0.13790595092840666,0.01901805130146811,ok
v2e_vs_real,original,49000,50000,3995,0,75,0.5,uniform,1.0,0.12737639289618521,0.01622474546724334,ok
v2e_vs_real,original,50000,51000,3916,0,75,0.5,uniform,1.0,0.12891392479357475,0.016618800005683443,ok
v2e_vs_real,original,51000,52000,3898,0,75,0.5,uniform,1.0,0.13005888352466632,0.016915313183682723,ok
v2e_vs_real,original,52000,53000,3984,0,75,0.5,uniform,1.0,0.13500672645495101,0.018226816188081973,ok
v2e_vs_real,original,53000,54000,3778,0,75,0.5,uniform,1.0,0.13882852157221356,0.019273358401926566,ok
v2e_vs_real,original,54000,55000,3774,0,75,0.5,uniform,1.0,0.1437506141990089,0.020664239082592295,ok
v2e_vs_real,original,55000,56000,7460,0,75,0.5,uniform,1.0,0.13424601563178234,0.01802199271300875,ok
v2e_vs_real,original,56000,57000,3771,0,75,0.5,uniform,1.0,0.1460034006003599,0.021316992986869177,ok
v2e_vs_real,original,57000,58000,3746,0,75,0.5,uniform,1.0,0.14196325314930405,0.020153565244733385,ok
v2e_vs_real,original,58000,59000,3681,0,75,0.5,uniform,1.0,0.1404879344333676,0.019736859721354194,ok
v2e_vs_real,original,59000,60000,3807,0,75,0.5,uniform,1.0,0.14431539482437328,0.020826933183314744,ok
v2e_vs_real,original,60000,61000,3701,0,75,0.5,uniform,1.0,0.1487762668048901,0.022134377564399843,ok
v2e_vs_real,original,61000,62000,3750,0,75,0.5,uniform,1.0,0.1506285692469122,0.022688965873371825,ok
v2e_vs_real,original,62000,63000,3672,0,75,0.5,uniform,1.0,0.1557587399137461,0.02426078505951801,ok
v2e_vs_real,original,63000,64000,3745,0,75,0.5,uniform,1.0,0.16345310088164097,0.026716916187823903,ok
v2e_vs_real,original,64000,65000,7570,0,75,0.5,uniform,1.0,0.15073516536880613,0.02272109007876133,ok
v2e_vs_real,original,65000,66000,3983,0,75,0.5,uniform,1.0,0.16570323170787987,0.027457560998435326,ok
v2e_vs_real,original,66000,67000,3962,0,75,0.5,uniform,1.0,0.1652435861324777,0.027305442757921572,ok
v2e_vs_real,original,67000,68000,3915,0,75,0.5,uniform,1.0,0.16350501642861362,0.026733890397321214,ok
v2e_vs_real,original,68000,69000,3850,0,75,0.5,uniform,1.0,0.16316988267775628,0.026624410613072746,ok
v2e_vs_real,original,69000,70000,3652,0,75,0.5,uniform,1.0,0.16612910162661496,0.02759887840726616,ok
v2e_vs_real,original,70000,71000,3612,0,75,0.5,uniform,1.0,0.17217558375490172,0.029644431641341173,ok
v2e_vs_real,original,71000,72000,3613,0,75,0.5,uniform,1.0,0.1798536153302841,0.0323473229473738,ok
v2e_vs_real,original,72000,73000,3507,0,75,0.5,uniform,1.0,0.18582757048580067,0.03453188595265522,ok
v2e_vs_real,original,73000,74000,7036,0,75,0.5,uniform,1.0,0.1810122798436331,0.032765445454189746,ok
v2e_vs_real,original,74000,75000,3523,0,75,0.5,uniform,1.0,0.18967105117740393,0.03597510765474138,ok
v2e_vs_real,original,75000,76000,3370,0,75,0.5,uniform,1.0,0.19049979816029458,0.03629017309911298,ok
v2e_vs_real,original,76000,77000,3531,0,75,0.5,uniform,1.0,0.19246398105068338,0.037042384001877815,ok
v2e_vs_real,original,77000,78000,3425,0,75,0.5,uniform,1.0,0.19338486938931096,0.03739770770872086,ok
v2e_vs_real,original,78000,79000,3465,0,75,0.5,uniform,1.0,0.19648841751789012,0.038607698218684705,ok
v2e_vs_real,original,79000,80000,3367,0,75,0.5,uniform,1.0,0.19951882764885562,0.03980776258637375,ok
v2e_vs_real,original,80000,81000,3458,0,75,0.5,uniform,1.0,0.20448817488651802,0.04181541366841918,ok
v2e_vs_real,original,81000,82000,3641,0,75,0.5,uniform,1.0,0.2091531872148466,0.04374505572212867,ok
v2e_vs_real,original,82000,83000,7245,0,75,0.5,uniform,1.0,0.2023062249726202,0.04092780866267243,ok
v2e_vs_real,original,83000,84000,3604,0,75,0.5,uniform,1.0,0.2137806681175921,0.04570217406080407,ok
v2e_vs_real,original,84000,85000,3635,0,75,0.5,uniform,1.0,0.2139009947775184,0.045753635566811945,ok
v2e_vs_real,original,85000,86000,3517,0,75,0.5,uniform,1.0,0.2147188216517327,0.0461041723715086,ok
v2e_vs_real,original,86000,87000,3571,0,75,0.5,uniform,1.0,0.2160254276896944,0.04666698540851538,ok
v2e_vs_real,original,87000,88000,3582,0,75,0.5,uniform,1.0,0.22206875852329208,0.04931453351207621,ok
v2e_vs_real,original,88000,89000,3699,0,75,0.5,uniform,1.0,0.2261459922474548,0.05114200980958589,ok
v2e_vs_real,original,89000,90000,3610,0,75,0.5,uniform,1.0,0.22642993843581183,0.051270517020045536,ok
v2e_vs_real,original,90000,91000,3558,0,75,0.5,uniform,1.0,0.233135364215859,0.05435209804806124,ok
v2e_vs_real,original,91000,92000,7144,0,75,0.5,uniform,1.0,0.2269322108811686,0.051498228335415175,ok
v2e_vs_real,original,92000,93000,3638,0,75,0.5,uniform,1.0,0.23604615450297287,0.055717787055641343,ok
v2e_vs_real,original,93000,94000,3618,0,75,0.5,uniform,1.0,0.2406315830791445,0.05790355877517522,ok
v2e_vs_real,original,94000,95000,3602,0,75,0.5,uniform,1.0,0.24024072614748435,0.057715606499870564,ok
v2e_vs_real,original,95000,96000,3571,0,75,0.5,uniform,1.0,0.24036479636194305,0.05777523533011836,ok
v2e_vs_real,original,96000,97000,3598,0,75,0.5,uniform,1.0,0.23818773690259454,0.05673339801077959,ok
v2e_vs_real,original,97000,98000,3646,0,75,0.5,uniform,1.0,0.24114055298871315,0.05814876629570237,ok
v2e_vs_real,original,98000,99000,3631,0,75,0.5,uniform,1.0,0.23635158583476623,0.055862072126608875,ok
v2e_vs_real,original,99000,100000,3744,0,75,0.5,uniform,1.0,0.24339641742348406,0.05924181601458689,ok
v2e_vs_real,original,100000,101000,7637,0,75,0.5,uniform,1.0,0.24030661955562996,0.057747271402254274,ok
v2e_vs_real,original,101000,102000,3625,0,75,0.5,uniform,1.0,0.2502247530440281,0.06261242703594483,ok
v2e_vs_real,original,102000,103000,3569,0,75,0.5,uniform,1.0,0.253746700762619,0.06438738814791412,ok
v2e_vs_real,original,103000,104000,3554,0,75,0.5,uniform,1.0,0.25224729501950915,0.0636286978446593,ok
v2e_vs_real,original,104000,105000,3522,0,75,0.5,uniform,1.0,0.2557310080309044,0.06539834846850251,ok
v2e_vs_real,original,105000,106000,3552,0,75,0.5,uniform,1.0,0.2565257182861331,0.06580544414221651,ok
v2e_vs_real,original,106000,107000,3438,0,75,0.5,uniform,1.0,0.2602440481817122,0.06772696461400535,ok
v2e_vs_real,original,107000,108000,3463,0,75,0.5,uniform,1.0,0.26303484853147985,0.06918733154197854,ok
v2e_vs_real,original,108000,109000,3430,0,75,0.5,uniform,1.0,0.2680441818274681,0.07184768341155678,ok
v2e_vs_real,original,109000,110000,3344,0,75,0.5,uniform,1.0,0.27425063866499955,0.07521341280816013,ok
v2e_vs_real,original,110000,111000,6732,0,75,0.5,uniform,1.0,0.26947259179819355,0.07261547773043586,ok
v2e_vs_real,original,111000,112000,3327,0,75,0.5,uniform,1.0,0.27566659531128535,0.07599207177051598,ok
v2e_vs_real,original,112000,113000,3350,0,75,0.5,uniform,1.0,0.2773222602136742,0.07690763601002082,ok
v2e_vs_real,original,113000,114000,3325,0,75,0.5,uniform,1.0,0.2757310467377403,0.07602761013508991,ok
v2e_vs_real,original,114000,115000,3424,0,75,0.5,uniform,1.0,0.27885545432409464,0.07776036440629724,ok
v2e_vs_real,original,115000,116000,3437,0,75,0.5,uniform,1.0,0.2827648382077998,0.07995595372668318,ok
v2e_vs_real,original,116000,117000,3443,0,75,0.5,uniform,1.0,0.2826615401766168,0.07989754629501716,ok
v2e_vs_real,original,117000,118000,3447,0,75,0.5,uniform,1.0,0.28808631925059325,0.08299372733935473,ok
v2e_vs_real,original,118000,119000,3377,0,75,0.5,uniform,1.0,0.29320121759825024,0.0859669540010965,ok
v2e_vs_real,original,119000,120000,6768,0,75,0.5,uniform,1.0,0.2867309505659099,0.08221463801243029,ok
v2e_vs_real,original,120000,121000,3485,0,75,0.5,uniform,1.0,0.2958819531681637,0.08754613021060742,ok
v2e_vs_real,original,121000,122000,3387,0,75,0.5,uniform,1.0,0.29934247298957556,0.08960591613551477,ok
v2e_vs_real,original,122000,123000,3415,0,75,0.5,uniform,1.0,0.29819510480554534,0.08892032052999016,ok
v2e_vs_real,original,123000,124000,3444,0,75,0.5,uniform,1.0,0.30035219545247416,0.09021144131312125,ok
v2e_vs_real,original,124000,125000,3433,0,75,0.5,uniform,1.0,0.3021743641875786,0.09130934637216737,ok
v2e_vs_real,original,125000,126000,3419,0,75,0.5,uniform,1.0,0.3031700823389753,0.09191209882542106,ok
v2e_vs_real,original,126000,127000,3390,0,75,0.5,uniform,1.0,0.30600963343800625,0.09364189575686294,ok
v2e_vs_real,original,127000,128000,3438,0,75,0.5,uniform,1.0,0.31334643672459284,0.09818598940799927,ok
v2e_vs_real,original,128000,129000,6769,0,75,0.5,uniform,1.0,0.304313090230294,0.09260645688551106,ok
v2e_vs_real,original,129000,130000,3449,0,75,0.5,uniform,1.0,0.3117247719074159,0.09717233342073045,ok
v2e_vs_real,original,130000,131000,3488,0,75,0.5,uniform,1.0,0.3072361800904999,0.09439407035660208,ok
v2e_vs_real,original,131000,132000,3301,0,75,0.5,uniform,1.0,0.2972013563199563,0.08832864619842162,ok
v2e_vs_real,original,132000,133000,2589,0,75,0.5,uniform,1.0,0.3058910123663366,0.09356931144650227,ok
v2e_vs_real,original,133000,134000,5100,0,75,0.5,uniform,1.0,0.3104624122762472,0.0963869094363865,ok
v2e_vs_real,original,134000,135000,2457,0,75,0.5,uniform,1.0,0.3206887596632127,0.10284128057432979,ok
v2e_vs_real,original,135000,136000,4875,0,75,0.5,uniform,1.0,0.32372310793499554,0.10479665061109278,ok
v2e_vs_real,original,136000,137000,2390,0,75,0.5,uniform,1.0,0.33169044776749357,0.11001855314020037,ok
v2e_vs_real,original,137000,138000,4813,0,75,0.5,uniform,1.0,0.3346825361705594,0.1120124000175578,ok
v2e_vs_real,original,138000,139000,2390,0,75,0.5,uniform,1.0,0.3378721022566046,0.11415755748329748,ok
v2e_vs_real,original,139000,140000,4745,0,75,0.5,uniform,1.0,0.34228813315344536,0.11716116609767074,ok
v2e_vs_real,original,140000,141000,2311,0,75,0.5,uniform,1.0,0.34540871545299384,0.11930718071088725,ok
v2e_vs_real,original,141000,142000,4669,0,75,0.5,uniform,1.0,0.34827316125325536,0.12129419484933601,ok
v2e_vs_real,original,142000,143000,2337,0,75,0.5,uniform,1.0,0.35019012849861625,0.12263312609787735,ok
v2e_vs_real,original,143000,144000,4557,0,75,0.5,uniform,1.0,0.3520212570206897,0.12391896539442648,ok
v2e_vs_real,original,144000,145000,2333,0,75,0.5,uniform,1.0,0.3574909895175372,0.1277998075862279,ok
v2e_vs_real,original,145000,146000,4555,0,75,0.5,uniform,1.0,0.3547262608237705,0.12583072011801366,ok
v2e_vs_real,original,146000,147000,2347,0,75,0.5,uniform,1.0,0.3601897541820478,0.12973665901772402,ok
v2e_vs_real,original,147000,148000,4633,0,75,0.5,uniform,1.0,0.35855024520666706,0.12855827833776107,ok
v2e_vs_real,original,148000,149000,2390,0,75,0.5,uniform,1.0,0.35376185310253194,0.1251474487105374,ok
v2e_vs_real,original,149000,150000,4754,0,75,0.5,uniform,1.0,0.3586440136425733,0.12862552852165432,ok
v2e_vs_real,original,150000,151000,2317,0,75,0.5,uniform,1.0,0.3576189225810466,0.1278912937880286,ok
v2e_vs_real,original,151000,152000,4655,0,75,0.5,uniform,1.0,0.3613905297923008,0.13060311502355987,ok
v2e_vs_real,original,152000,153000,2375,0,75,0.5,uniform,1.0,0.36717192793815256,0.1348152246658199,ok
v2e_vs_real,original,153000,154000,4655,0,75,0.5,uniform,1.0,0.3675368339457892,0.13508332430689463,ok
v2e_vs_real,original,154000,155000,2341,0,75,0.5,uniform,1.0,0.37278496224839497,0.13896862807853727,ok
v2e_vs_real,original,155000,156000,4609,0,75,0.5,uniform,1.0,0.3765756546345963,0.14180922366347476,ok
v2e_vs_real,original,156000,157000,2303,0,75,0.5,uniform,1.0,0.3836650239278277,0.1471988505855406,ok
v2e_vs_real,original,157000,158000,4601,0,75,0.5,uniform,1.0,0.3778163565208654,0.1427451992547017,ok
v2e_vs_real,original,158000,159000,2309,0,75,0.5,uniform,1.0,0.37932342453743567,0.14388626040280766,ok
v2e_vs_real,original,159000,160000,4553,0,75,0.5,uniform,1.0,0.37956338349205065,0.1440683620879335,ok
v2e_vs_real,original,160000,161000,2263,0,75,0.5,uniform,1.0,0.3808453820934005,0.14504320506186824,ok
v2e_vs_real,original,161000,162000,4587,0,75,0.5,uniform,1.0,0.3778793156299393,0.1427927771809513,ok
v2e_vs_real,original,162000,163000,2314,0,75,0.5,uniform,1.0,0.3791753234407895,0.14377392590642735,ok
v2e_vs_real,original,163000,164000,4578,0,75,0.5,uniform,1.0,0.3761960251613192,0.14152344934717592,ok
v2e_vs_real,original,164000,165000,2333,0,75,0.5,uniform,1.0,0.37400410225377345,0.13987906850265103,ok
v2e_vs_real,original,165000,166000,4748,0,75,0.5,uniform,1.0,0.3619813867567637,0.13103052435834978,ok
v2e_vs_real,original,166000,167000,2440,0,75,0.5,uniform,1.0,0.3760336222430508,0.14140128505722943,ok
v2e_vs_real,original,167000,168000,4811,0,75,0.5,uniform,1.0,0.3799696232053362,0.1443769145588052,ok
v2e_vs_real,original,168000,169000,2408,0,75,0.5,uniform,1.0,0.38847442595227016,0.15091237961894582,ok
v2e_vs_real,original,169000,170000,4766,0,75,0.5,uniform,1.0,0.39361836748105256,0.15493541921844894,ok
v2e_vs_real,original,170000,171000,2414,0,75,0.5,uniform,1.0,0.398949985876994,0.15916109123125372,ok
v2e_vs_real,original,171000,172000,4640,0,75,0.5,uniform,1.0,0.40282591314949245,0.16226871630472245,ok
v2e_vs_real,original,172000,173000,2269,0,75,0.5,uniform,1.0,0.4155447095391428,0.17267740562597056,ok
v2e_vs_real,original,173000,174000,4684,0,75,0.5,uniform,1.0,0.41030148867934735,0.16834731161248861,ok
v2e_vs_real,original,174000,175000,2329,0,75,0.5,uniform,1.0,0.41889948375987524,0.17547677749428997,ok
v2e_vs_real,original,175000,176000,4580,0,75,0.5,uniform,1.0,0.41755324166308994,0.1743507096233548,ok
v2e_vs_real,original,176000,177000,2257,0,75,0.5,uniform,1.0,0.424233947493757,0.17997444220613573,ok
v2e_vs_real,original,177000,178000,4574,0,75,0.5,uniform,1.0,0.42146983703200197,0.17763682352778232,ok
v2e_vs_real,original,178000,179000,2285,0,75,0.5,uniform,1.0,0.4306305116187449,0.18544263753702195,ok
v2e_vs_real,original,179000,180000,4543,0,75,0.5,uniform,1.0,0.4221559099479921,0.17821561230401722,ok
v2e_vs_real,original,180000,181000,2284,0,75,0.5,uniform,1.0,0.42806888961542955,0.1832429742565868,ok
v2e_vs_real,original,181000,182000,4663,0,75,0.5,uniform,1.0,0.41854396107076086,0.1751790473488026,ok
v2e_vs_real,original,182000,183000,2431,0,75,0.5,uniform,1.0,0.4248636789578529,0.1805091456976015,ok
v2e_vs_real,original,183000,184000,4646,0,75,0.5,uniform,1.0,0.42512356654363337,0.18073004683077906,ok
v2e_vs_real,original,184000,185000,2219,0,75,0.5,uniform,1.0,0.4366621033144447,0.19067379247099478,ok
v2e_vs_real,original,185000,186000,4481,0,75,0.5,uniform,1.0,0.43691242150832077,0.19089246406826457,ok
v2e_vs_real,original,186000,187000,2187,0,75,0.5,uniform,1.0,0.4434206865767695,0.19662190528421364,ok
v2e_vs_real,original,187000,188000,4334,0,75,0.5,uniform,1.0,0.4372770851350434,0.1912112491842,ok
v2e_vs_real,original,188000,189000,2125,0,75,0.5,uniform,1.0,0.4412404785048066,0.19469315987115068,ok
v2e_vs_real,original,189000,190000,4145,0,75,0.5,uniform,1.0,0.445880628226733,0.19880953462786613,ok
v2e_vs_real,original,190000,191000,2013,0,75,0.5,uniform,1.0,0.44539791713051835,0.1983793045842041,ok
v2e_vs_real,original,191000,192000,4012,0,75,0.5,uniform,1.0,0.44695242384881473,0.19976646918433055,ok
v2e_vs_real,original,192000,193000,2044,0,75,0.5,uniform,1.0,0.45131863694159946,0.20368851205082328,ok
v2e_vs_real,original,193000,194000,4009,0,75,0.5,uniform,1.0,0.4411551162056737,0.19461783655444148,ok
v2e_vs_real,original,194000,195000,2044,0,75,0.5,uniform,1.0,0.43969496615462794,0.1933316632617194,ok
v2e_vs_real,original,195000,196000,4010,0,75,0.5,uniform,1.0,0.43532063089278805,0.189504051680895,ok
v2e_vs_real,original,196000,197000,2071,0,75,0.5,uniform,1.0,0.4277204993786278,0.1829448255887028,ok
v2e_vs_real,original,197000,198000,4002,0,75,0.5,uniform,1.0,0.4312020430466423,0.18593520192759833,ok
v2e_vs_real,original,198000,199000,2258,0,75,0.5,uniform,1.0,0.40904366844629514,0.16731672269600265,ok
v2e_vs_real,original,199000,200000,4343,0,75,0.5,uniform,1.0,0.4061640750276834,0.16496925584309363,ok
v2e_vs_real,original,200000,201000,2137,0,75,0.5,uniform,1.0,0.41317388259063215,0.17071265725501747,ok
v2e_vs_real,original,201000,202000,4159,0,75,0.5,uniform,1.0,0.423502816244222,0.17935463536678725,ok
v2e_vs_real,original,202000,203000,2052,0,75,0.5,uniform,1.0,0.4316511515575926,0.18632271664099578,ok
v2e_vs_real,original,203000,204000,4063,0,75,0.5,uniform,1.0,0.4300169659430396,0.1849145909988573,ok
v2e_vs_real,original,204000,205000,2050,0,75,0.5,uniform,1.0,0.44151779394259466,0.19493796236793548,ok
v2e_vs_real,original,205000,206000,3940,0,75,0.5,uniform,1.0,0.4451389415256386,0.1981486772625659,ok
v2e_vs_real,original,206000,207000,1966,0,75,0.5,uniform,1.0,0.4569743827325837,0.20882558647382587,ok
v2e_vs_real,original,207000,208000,3945,0,75,0.5,uniform,1.0,0.45002789936269355,0.20252511020479866,ok
v2e_vs_real,original,208000,209000,1887,0,75,0.5,uniform,1.0,0.4616517001303447,0.21312229223323767,ok
v2e_vs_real,original,209000,210000,3870,0,75,0.5,uniform,1.0,0.45713209744922656,0.20896975451832916,ok
v2e_vs_real,original,210000,211000,1909,0,75,0.5,uniform,1.0,0.46036858645910944,0.21193923539835854,ok
v2e_vs_real,original,211000,212000,3818,0,75,0.5,uniform,1.0,0.46036878690586297,0.21193941995717586,ok
v2e_vs_real,original,212000,213000,1936,0,75,0.5,uniform,1.0,0.46910441674832665,0.22005895381278773,ok
v2e_vs_real,original,213000,214000,3793,0,75,0.5,uniform,1.0,0.46238208685145,0.21379719424110186,ok
v2e_vs_real,original,214000,215000,1957,0,75,0.5,uniform,1.0,0.4630324137345633,0.2143990161688558,ok
v2e_vs_real,original,215000,216000,4008,0,75,0.5,uniform,1.0,0.45899235695106444,0.21067398373949336,ok
v2e_vs_real,original,216000,217000,1931,0,75,0.5,uniform,1.0,0.4697807469819066,0.22069395023487812,ok
v2e_vs_real,original,217000,218000,3943,0,75,0.5,uniform,1.0,0.4645322491240214,0.21579021047622188,ok
v2e_vs_real,original,218000,219000,2059,0,75,0.5,uniform,1.0,0.47334732962454124,0.22405769446268411,ok
v2e_vs_real,original,219000,220000,3939,0,75,0.5,uniform,1.0,0.47169580317435916,0.22249693073230375,ok
v2e_vs_real,original,220000,221000,1907,0,75,0.5,uniform,1.0,0.4733144192792396,0.22402653949764384,ok
v2e_vs_real,original,221000,222000,3808,0,75,0.5,uniform,1.0,0.4719896754730633,0.22277425375316762,ok
v2e_vs_real,original,222000,223000,1847,0,75,0.5,uniform,1.0,0.4744097124970311,0.22506457531151575,ok
v2e_vs_real,original,223000,224000,3658,0,75,0.5,uniform,1.0,0.469068451043313,0.22002521176417292,ok
v2e_vs_real,original,224000,225000,1759,0,75,0.5,uniform,1.0,0.4752781307170536,0.2258893015378967,ok
v2e_vs_real,original,225000,226000,3447,0,75,0.5,uniform,1.0,0.473188502767195,0.2239073591510597,ok
v2e_vs_real,original,226000,227000,1646,0,75,0.5,uniform,1.0,0.49032804999806523,0.24042159661490514,ok
v2e_vs_real,original,227000,228000,3336,0,75,0.5,uniform,1.0,0.47066893934991183,0.22152925046877098,ok
v2e_vs_real,original,228000,229000,1646,0,75,0.5,uniform,1.0,0.4758739058030655,0.22645597422426483,ok
v2e_vs_real,original,229000,230000,3332,0,75,0.5,uniform,1.0,0.466243306897729,0.21738282122692992,ok
v2e_vs_real,original,230000,231000,1629,0,75,0.5,uniform,1.0,0.48295366118609445,0.23324423885305293,ok
v2e_vs_real,original,231000,232000,3559,0,75,0.5,uniform,1.0,0.44422516088564307,0.19733599356387546,ok
v2e_vs_real,original,232000,233000,1856,0,75,0.5,uniform,1.0,0.44105560340821315,0.19453004529778298,ok
v2e_vs_real,original,233000,234000,3504,0,75,0.5,uniform,1.0,0.4479148494205341,0.20062771233141977,ok
v2e_vs_real,original,234000,235000,1775,0,75,0.5,uniform,1.0,0.4637472427262769,0.21506150513622435,ok
v2e_vs_real,original,235000,236000,3282,0,75,0.5,uniform,1.0,0.47292919102567205,0.2236620197241966,ok
v2e_vs_real,original,236000,237000,1649,0,75,0.5,uniform,1.0,0.4790161204249889,0.2294564436270075,ok
v2e_vs_real,original,237000,238000,3193,0,75,0.5,uniform,1.0,0.4848060763173488,0.235036931634223,ok
v2e_vs_real,original,238000,239000,1569,0,75,0.5,uniform,1.0,0.4839766487526917,0.23423339653788633,ok
v2e_vs_real,original,239000,240000,3071,0,75,0.5,uniform,1.0,0.4939178150057204,0.24395480798002506,ok
v2e_vs_real,original,240000,241000,1561,0,75,0.5,uniform,1.0,0.4910939668604163,0.24117328428669962,ok
v2e_vs_real,original,241000,242000,3097,0,75,0.5,uniform,1.0,0.49893345380270077,0.24893459132349174,ok
v2e_vs_real,original,242000,243000,1483,0,75,0.5,uniform,1.0,0.5047445079516407,0.25476701830734394,ok
v2e_vs_real,original,243000,244000,3023,0,75,0.5,uniform,1.0,0.5046113129722576,0.25463257717958565,ok
v2e_vs_real,original,244000,245000,1486,0,75,0.5,uniform,1.0,0.5032910311499647,0.25330186203599464,ok
v2e_vs_real,original,245000,246000,3018,0,75,0.5,uniform,1.0,0.49857804019949425,0.24858006216916853,ok
v2e_vs_real,original,246000,247000,1530,0,75,0.5,uniform,1.0,0.5023787045676913,0.25238436280311166,ok
v2e_vs_real,original,247000,248000,3004,0,75,0.5,uniform,1.0,0.5009118191862323,0.25091265060046064,ok
v2e_vs_real,original,248000,249000,1569,0,75,0.5,uniform,1.0,0.49008151383659365,0.24017989020436734,ok
v2e_vs_real,original,249000,250000,3103,0,75,0.5,uniform,1.0,0.49657110393005516,0.24658286125831363,ok
v2e_vs_real,original,250000,251000,1522,0,75,0.5,uniform,1.0,0.5083098965809786,0.2583789509621651,ok
v2e_vs_real,original,251000,252000,3013,0,75,0.5,uniform,1.0,0.5034468396596269,0.2534587203632661,ok
v2e_vs_real,original,252000,253000,1500,0,75,0.5,uniform,1.0,0.5141214299771445,0.2643208447617439,ok
v2e_vs_real,original,253000,254000,3024,0,75,0.5,uniform,1.0,0.5109432777859134,0.2610630331146131,ok
v2e_vs_real,original,254000,255000,1503,0,75,0.5,uniform,1.0,0.5036445801531627,0.2536578631176556,ok
v2e_vs_real,original,255000,256000,2947,0,75,0.5,uniform,1.0,0.5160884902945508,0.26634732981450865,ok
v2e_vs_real,original,256000,257000,1487,0,75,0.5,uniform,1.0,0.518713269103929,0.2690634555444851,ok
v2e_vs_real,original,257000,258000,2968,0,75,0.5,uniform,1.0,0.5113876555250678,0.2615173342234254,ok
v2e_vs_real,original,258000,259000,1513,0,75,0.5,uniform,1.0,0.5127996805490108,0.26296351237116755,ok
v2e_vs_real,original,259000,260000,3016,0,75,0.5,uniform,1.0,0.5092431341519791,0.25932856968093054,ok
v2e_vs_real,original,260000,261000,1504,0,75,0.5,uniform,1.0,0.506288109226582,0.2563276495442274,ok
v2e_vs_real,original,261000,262000,3098,0,75,0.5,uniform,1.0,0.502666489657195,0.2526735998242869,ok
v2e_vs_real,original,262000,263000,1522,0,75,0.5,uniform,1.0,0.4984124952734914,0.24841501544474812,ok
v2e_vs_real,original,263000,264000,3029,0,75,0.5,uniform,1.0,0.5008224548880188,0.2508231313200616,ok
v2e_vs_real,original,264000,265000,1569,0,75,0.5,uniform,1.0,0.4844181917918359,0.23466098453887188,ok
v2e_vs_real,original,265000,266000,4761,0,75,0.5,uniform,1.0,0.439939664298445,0.1935469082230285,ok
v2e_vs_real,original,266000,267000,2780,0,75,0.5,uniform,1.0,0.4473780882780898,0.2001471538713583,ok
v2e_vs_real,original,267000,268000,2835,0,75,0.5,uniform,1.0,0.4547336056371648,0.20678265209577654,ok
v2e_vs_real,original,268000,269000,2791,0,75,0.5,uniform,1.0,0.46686908924264187,0.2179667464902539,ok
v2e_vs_real,original,269000,270000,2818,0,75,0.5,uniform,1.0,0.47095718297752465,0.22180066819812563,ok
v2e_vs_real,original,270000,271000,2674,0,75,0.5,uniform,1.0,0.4817937948415698,0.23212526074784068,ok
v2e_vs_real,original,271000,272000,2806,0,75,0.5,uniform,1.0,0.4848703918268518,0.2350992968703248,ok
v2e_vs_real,original,272000,273000,2728,0,75,0.5,uniform,1.0,0.4894788556235056,0.23958955010249666,ok
v2e_vs_real,original,273000,274000,2688,0,75,0.5,uniform,1.0,0.4999604402526179,0.24996044181759147,ok
v2e_vs_real,original,274000,275000,2656,0,75,0.5,uniform,1.0,0.5006753509821151,0.2506758070810642,ok
v2e_vs_real,original,275000,276000,2773,0,75,0.5,uniform,1.0,0.5044994881249791,0.254519733518366,ok
v2e_vs_real,original,276000,277000,2760,0,75,0.5,uniform,1.0,0.5045501686965232,0.2545708727316901,ok
v2e_vs_real,original,277000,278000,2807,0,75,0.5,uniform,1.0,0.5038334319710484,0.25384812717172506,ok
v2e_vs_real,original,278000,279000,2764,0,75,0.5,uniform,1.0,0.5020370614949874,0.2520412111145217,ok
v2e_vs_real,original,279000,280000,2773,0,75,0.5,uniform,1.0,0.5043690564075207,0.25438814506141283,ok
v2e_vs_real,original,280000,281000,2793,0,75,0.5,uniform,1.0,0.49542159694714416,0.24544255872165854,ok
v2e_vs_real,original,281000,282000,2987,0,75,0.5,uniform,1.0,0.4810215356574823,0.23138171776628252,ok
v2e_vs_real,original,282000,283000,2912,0,75,0.5,uniform,1.0,0.4949187965167392,0.2449446151455775,ok
v2e_vs_real,original,283000,284000,2846,0,75,0.5,uniform,1.0,0.4979694519860811,0.24797357511131796,ok
v2e_vs_real,original,284000,285000,2801,0,75,0.5,uniform,1.0,0.5067917938809522,0.2568379223450736,ok
v2e_vs_real,original,285000,286000,2837,0,75,0.5,uniform,1.0,0.5017149746157713,0.25171791575370406,ok
v2e_vs_real,original,286000,287000,2775,0,75,0.5,uniform,1.0,0.5117583148523724,0.26189657282054,ok
v2e_vs_real,original,287000,288000,2764,0,75,0.5,uniform,1.0,0.5055275837283809,0.25555813791025517,ok
v2e_vs_real,original,288000,289000,2765,0,75,0.5,uniform,1.0,0.514151033017464,0.26435128475292535,ok
v2e_vs_real,original,289000,290000,2796,0,75,0.5,uniform,1.0,0.5118396354618119,0.2619798124296805,ok
v2e_vs_real,original,290000,291000,2824,0,75,0.5,uniform,1.0,0.5059300386324058,0.25596520399058764,ok
v2e_vs_real,original,291000,292000,2856,0,75,0.5,uniform,1.0,0.5051023538066169,0.2551283878209848,ok
v2e_vs_real,original,292000,293000,2890,0,75,0.5,uniform,1.0,0.5053926459791094,0.2554217266097654,ok
v2e_vs_real,original,293000,294000,2831,0,75,0.5,uniform,1.0,0.505443822783049,0.2554734579895423,ok
v2e_vs_real,original,294000,295000,2851,0,75,0.5,uniform,1.0,0.5100688443179424,0.26017022594384137,ok
v2e_vs_real,original,295000,296000,2873,0,75,0.5,uniform,1.0,0.5136906425887846,0.2638780762832784,ok
v2e_vs_real,original,296000,297000,2909,0,75,0.5,uniform,1.0,0.501077251835307,0.2510784123068237,ok
v2e_vs_real,original,297000,298000,2847,0,75,0.5,uniform,1.0,0.5041021755208323,0.25411900336483595,ok
v2e_vs_real,original,298000,299000,3319,0,75,0.5,uniform,1.0,0.4687487772635498,0.219725416186073,ok
v2e_vs_real,original,299000,300000,3315,0,75,0.5,uniform,1.0,0.4736648962045591,0.22435843389647575,ok
v2e_vs_real,original,300000,301000,3420,0,75,0.5,uniform,1.0,0.4841438691386537,0.23439528602454585,ok
v2e_vs_real,original,301000,302000,3376,0,75,0.5,uniform,1.0,0.48479780210758466,0.2350289089283448,ok
v2e_vs_real,original,302000,303000,3362,0,75,0.5,uniform,1.0,0.4881240547702305,0.23826509284533098,ok
v2e_vs_real,original,303000,304000,3351,0,75,0.5,uniform,1.0,0.49302632764125126,0.24307495974741844,ok
v2e_vs_real,original,304000,305000,3394,0,75,0.5,uniform,1.0,0.49071275749973325,0.240799010372992,ok
v2e_vs_real,original,305000,306000,3334,0,75,0.5,uniform,1.0,0.5009188738301036,0.2509197181592192,ok
v2e_vs_real,original,306000,307000,3355,0,75,0.5,uniform,1.0,0.5057314486676471,0.25576429817147694,ok
v2e_vs_real,original,307000,308000,3314,0,75,0.5,uniform,1.0,0.503074842749318,0.253084297407251,ok
v2e_vs_real,original,308000,309000,3326,0,75,0.5,uniform,1.0,0.5053267791942143,0.2553551537707982,ok
v2e_vs_real,original,309000,310000,3336,0,75,0.5,uniform,1.0,0.5128311876329003,0.26299582700897095,ok
v2e_vs_real,original,310000,311000,6646,0,75,0.5,uniform,1.0,0.5022358362874566,0.25224083525136093,ok
v2e_vs_real,original,311000,312000,3422,0,75,0.5,uniform,1.0,0.5146938829531267,0.26490979314936686,ok
v2e_vs_real,original,312000,313000,3399,0,75,0.5,uniform,1.0,0.5089734711281377,0.2590539943122253,ok
v2e_vs_real,original,313000,314000,3493,0,75,0.5,uniform,1.0,0.5047188005503288,0.25474106762896254,ok
v2e_vs_real,original,314000,315000,3588,0,75,0.5,uniform,1.0,0.496665358103738,0.2466764779403143,ok
v2e_vs_real,original,315000,316000,3464,0,75,0.5,uniform,1.0,0.49869996412673395,0.24870165422000573,ok
v2e_vs_real,original,316000,317000,3588,0,75,0.5,uniform,1.0,0.49687162955479475,0.2468814162564372,ok
v2e_vs_real,original,317000,318000,3502,0,75,0.5,uniform,1.0,0.5004105490948253,0.2504107176453846,ok
v2e_vs_real,original,318000,319000,3508,0,75,0.5,uniform,1.0,0.501271840083053,0.2512734576602499,ok
v2e_vs_real,original,319000,320000,3511,0,75,0.5,uniform,1.0,0.497901504858441,0.24790590854030015,ok
v2e_vs_real,original,320000,321000,3489,0,75,0.5,uniform,1.0,0.5042769169351536,0.2542952089536239,ok
v2e_vs_real,original,321000,322000,3511,0,75,0.5,uniform,1.0,0.5091596084250242,0.259243506851524,ok
v2e_vs_real,original,322000,323000,3569,0,75,0.5,uniform,1.0,0.503399332365107,0.2534108878256355,ok
v2e_vs_real,original,323000,324000,3551,0,75,0.5,uniform,1.0,0.5075005025508129,0.2575567600893277,ok
v2e_vs_real,original,324000,325000,3519,0,75,0.5,uniform,1.0,0.5064879399512737,0.25653003331608504,ok
v2e_vs_real,original,325000,326000,3650,0,75,0.5,uniform,1.0,0.512116317108829,0.26226312224911075,ok
v2e_vs_real,original,326000,327000,3523,0,75,0.5,uniform,1.0,0.5071331122779978,0.2571839935687684,ok
v2e_vs_real,original,327000,328000,3625,0,75,0.5,uniform,1.0,0.5050815789581298,0.2551074014028375,ok
v2e_vs_real,original,328000,329000,3502,0,75,0.5,uniform,1.0,0.50336395939914,0.25337527562197903,ok
v2e_vs_real,original,329000,330000,3504,0,75,0.5,uniform,1.0,0.49889863112523836,0.24889984413863664,ok
v2e_vs_real,original,330000,331000,3561,0,75,0.5,uniform,1.0,0.5012642489433342,0.251265847268725,ok
v2e_vs_real,original,331000,332000,3957,0,75,0.5,uniform,1.0,0.4680760136066667,0.2190951545139084,ok
v2e_vs_real,original,332000,333000,3945,0,75,0.5,uniform,1.0,0.47125353160966216,0.22207989105457887,ok
v2e_vs_real,original,333000,334000,3842,0,75,0.5,uniform,1.0,0.47707177678731916,0.22759748020700968,ok
v2e_vs_real,original,334000,335000,3751,0,75,0.5,uniform,1.0,0.48174329604498045,0.23207660328428167,ok
v2e_vs_real,original,335000,336000,3755,0,75,0.5,uniform,1.0,0.47756881953854463,0.228071977395439,ok
v2e_vs_real,original,336000,337000,3786,0,75,0.5,uniform,1.0,0.48475991603017327,0.23499217618958065,ok
v2e_vs_real,original,337000,338000,3627,0,75,0.5,uniform,1.0,0.48908277338921397,0.2392019592260852,ok
v2e_vs_real,original,338000,339000,3670,0,75,0.5,uniform,1.0,0.4874351867778408,0.23759306130914853,ok
v2e_vs_real,original,339000,340000,3667,0,75,0.5,uniform,1.0,0.4886109751816367,0.23874068506795,ok
v2e_vs_real,original,340000,341000,3638,0,75,0.5,uniform,1.0,0.49112647550433824,0.24120521494131333,ok
v2e_vs_real,original,341000,342000,3625,0,75,0.5,uniform,1.0,0.4912935871828567,0.2413693888069992,ok
v2e_vs_real,original,342000,343000,3711,0,75,0.5,uniform,1.0,0.4876495873223851,0.2378021200156925,ok
v2e_vs_real,original,343000,344000,3730,0,75,0.5,uniform,1.0,0.4844028651772687,0.23464613579194718,ok
v2e_vs_real,original,344000,345000,3715,0,75,0.5,uniform,1.0,0.4856623839614333,0.23586795119510265,ok
v2e_vs_real,original,345000,346000,3758,0,75,0.5,uniform,1.0,0.48438716261087866,0.23463092330221783,ok
v2e_vs_real,original,346000,347000,3776,0,75,0.5,uniform,1.0,0.48229700170628986,0.23261039785487694,ok
v2e_vs_real,original,347000,348000,3984,0,75,0.5,uniform,1.0,0.48228706077007366,0.23260080898623675,ok
v2e_vs_real,original,348000,349000,3961,0,75,0.5,uniform,1.0,0.4777304883429139,0.22822641949235895,ok
v2e_vs_real,original,349000,350000,3929,0,75,0.5,uniform,1.0,0.482772736716912,0.23306951531713685,ok
v2e_vs_real,original,350000,351000,3918,0,75,0.5,uniform,1.0,0.47561183352658604,0.226206616190521,ok
v2e_vs_real,original,351000,352000,3949,0,75,0.5,uniform,1.0,0.47902462686795977,0.2294645931459881,ok
v2e_vs_real,original,352000,353000,3934,0,75,0.5,uniform,1.0,0.47871258148971596,0.22916573567654797,ok
v2e_vs_real,original,353000,354000,3866,0,75,0.5,uniform,1.0,0.4776536797593539,0.22815303778765142,ok
v2e_vs_real,original,354000,355000,3940,0,75,0.5,uniform,1.0,0.4813856777245315,0.2317321707183065,ok
v2e_vs_real,original,355000,356000,3890,0,75,0.5,uniform,1.0,0.48349996151256225,0.23377221278264917,ok
v2e_vs_real,original,356000,357000,3850,0,75,0.5,uniform,1.0,0.48441947089631626,0.23466222378346702,ok
v2e_vs_real,original,357000,358000,3930,0,75,0.5,uniform,1.0,0.4808442738760722,0.23121121571940714,ok
v2e_vs_real,original,358000,359000,7710,0,75,0.5,uniform,1.0,0.476642464301787,0.2271880387756803,ok
v2e_vs_real,original,359000,360000,3929,0,75,0.5,uniform,1.0,0.4792676018816236,0.22969743421336244,ok
v2e_vs_real,original,360000,361000,3936,0,75,0.5,uniform,1.0,0.4789819303776173,0.22942368962826865,ok
v2e_vs_real,original,361000,362000,3932,0,75,0.5,uniform,1.0,0.4741478218317808,0.22481615694782214,ok
v2e_vs_real,original,362000,363000,3974,0,75,0.5,uniform,1.0,0.47180001627913726,0.22259525536099417,ok
v2e_vs_real,original,363000,364000,4085,0,75,0.5,uniform,1.0,0.4689556196099314,0.21991937316373467,ok
v2e_vs_real,original,364000,365000,4559,0,75,0.5,uniform,1.0,0.4425345497287147,0.19583682770359628,ok
v2e_vs_real,original,365000,366000,4436,0,75,0.5,uniform,1.0,0.4498507684026957,0.2023657138324958,ok
v2e_vs_real,original,366000,367000,4341,0,75,0.5,uniform,1.0,0.4503502970736214,0.20281539007429905,ok
v2e_vs_real,original,367000,368000,4383,0,75,0.5,uniform,1.0,0.4545219602099885,0.20659021231313032,ok
v2e_vs_real,original,368000,369000,4254,0,75,0.5,uniform,1.0,0.45079514267813575,0.20321626066220078,ok
v2e_vs_real,original,369000,370000,4173,0,75,0.5,uniform,1.0,0.4533588673634942,0.2055342626171103,ok
v2e_vs_real,original,370000,371000,4050,0,75,0.5,uniform,1.0,0.456427859813189,0.2083263912136481,ok
v2e_vs_real,original,371000,372000,4096,0,75,0.5,uniform,1.0,0.4512061305449529,0.20358697224134906,ok
v2e_vs_real,original,372000,373000,4040,0,75,0.5,uniform,1.0,0.44787816173722006,0.20059484776111144,ok
v2e_vs_real,original,373000,374000,4054,0,75,0.5,uniform,1.0,0.44713156002375576,0.19992663196927749,ok
v2e_vs_real,original,374000,375000,4094,0,75,0.5,uniform,1.0,0.445885984310682,0.19881431100470573,ok
v2e_vs_real,original,375000,376000,4072,0,75,0.5,uniform,1.0,0.44093449948601604,0.19442323283698348,ok
v2e_vs_real,original,376000,377000,4080,0,75,0.5,uniform,1.0,0.44222094784032223,0.195559366708793,ok
v2e_vs_real,original,377000,378000,4222,0,75,0.5,uniform,1.0,0.4372348740168487,0.19117433505652956,ok
v2e_vs_real,original,378000,379000,4279,0,75,0.5,uniform,1.0,0.4307048433121289,0.1855066620525255,ok
v2e_vs_real,original,379000,380000,4275,0,75,0.5,uniform,1.0,0.4319405006629127,0.18657259611292767,ok
v2e_vs_real,original,380000,381000,4594,0,75,0.5,uniform,1.0,0.4196722584058921,0.17612480447550188,ok
v2e_vs_real,original,381000,382000,4835,0,75,0.5,uniform,1.0,0.4122946283632122,0.16998686057715925,ok
v2e_vs_real,original,382000,383000,4989,0,75,0.5,uniform,1.0,0.40585766599464657,0.1647204450466221,ok
v2e_vs_real,original,383000,384000,4930,0,75,0.5,uniform,1.0,0.40933254418840587,0.16755313173175324,ok
v2e_vs_real,original,384000,385000,4940,0,75,0.5,uniform,1.0,0.4011242028154733,0.16090062608434896,ok
v2e_vs_real,original,385000,386000,4849,0,75,0.5,uniform,1.0,0.4014471398787433,0.16115980611682332,ok
v2e_vs_real,original,386000,387000,4877,0,75,0.5,uniform,1.0,0.4060490040731164,0.16487579370876967,ok
v2e_vs_real,original,387000,388000,4967,0,75,0.5,uniform,1.0,0.399579103145127,0.15966345967026405,ok
v2e_vs_real,original,388000,389000,4833,0,75,0.5,uniform,1.0,0.39982759883518665,0.15986210879031096,ok
v2e_vs_real,original,389000,390000,4942,0,75,0.5,uniform,1.0,0.403239253978781,0.16260189594936386,ok
v2e_vs_real,original,390000,391000,4949,0,75,0.5,uniform,1.0,0.40114511812667664,0.16091740579686536,ok
v2e_vs_real,original,391000,392000,5094,0,75,0.5,uniform,1.0,0.39700288955102053,0.1576112943118598,ok
v2e_vs_real,original,392000,393000,5039,0,75,0.5,uniform,1.0,0.3974375967041711,0.15795664327398737,ok
v2e_vs_real,original,393000,394000,5144,0,75,0.5,uniform,1.0,0.3964113827676274,0.1571419843877424,ok
v2e_vs_real,original,394000,395000,5271,0,75,0.5,uniform,1.0,0.3896520939444888,0.15182875431532472,ok
v2e_vs_real,original,395000,396000,5196,0,75,0.5,uniform,1.0,0.387019488002491,0.14978408409371027,ok
v2e_vs_real,original,396000,397000,5308,0,75,0.5,uniform,1.0,0.3844962995646788,0.14783740437893123,ok
v2e_vs_real,original,397000,398000,5252,0,75,0.5,uniform,1.0,0.37991450315355113,0.1443350297064096,ok
v2e_vs_real,original,398000,399000,6106,0,75,0.5,uniform,1.0,0.3678971887416353,0.1353483414839984,ok
v2e_vs_real,original,399000,400000,5164,0,75,0.5,uniform,1.0,0.3751454873620101,0.14073413668808007,ok
v2e_vs_real,original,400000,401000,9964,0,75,0.5,uniform,1.0,0.3732960915612191,0.1393499719748821,ok
v2e_vs_real,original,401000,402000,4803,0,75,0.5,uniform,1.0,0.3801123861750687,0.14448542612370455,ok
v2e_vs_real,original,402000,403000,4520,0,75,0.5,uniform,1.0,0.38101228501975615,0.14517036133597588,ok
v2e_vs_real,original,403000,404000,4390,0,75,0.5,uniform,1.0,0.3768474370303542,0.1420139907963468,ok
v2e_vs_real,original,404000,405000,4220,0,75,0.5,uniform,1.0,0.38485373420543334,0.14811239673186635,ok
v2e_vs_real,original,405000,406000,8029,0,75,0.5,uniform,1.0,0.380213040794892,0.1445619563904982,ok
v2e_vs_real,original,406000,407000,3930,0,75,0.5,uniform,1.0,0.3822063830797206,0.14608171926688213,ok
v2e_vs_real,original,407000,408000,3962,0,75,0.5,uniform,1.0,0.37602799119622204,0.14139705016306603,ok
v2e_vs_real,original,408000,409000,3999,0,75,0.5,uniform,1.0,0.3826332701973508,0.1464082194619189,ok
v2e_vs_real,original,409000,410000,3858,0,75,0.5,uniform,1.0,0.3822793213637326,0.14613747954231593,ok
v2e_vs_real,original,410000,411000,7939,0,75,0.5,uniform,1.0,0.3740355495762509,0.13990259234680805,ok
v2e_vs_real,original,411000,412000,3998,0,75,0.5,uniform,1.0,0.3783058536706471,0.14311531892147705,ok
v2e_vs_real,original,412000,413000,3931,0,75,0.5,uniform,1.0,0.37650080274871184,0.14175285447042443,ok
v2e_vs_real,original,413000,414000,3922,0,75,0.5,uniform,1.0,0.3736831287122942,0.13963908068420902,ok
v2e_vs_real,original,414000,415000,4059,0,75,0.5,uniform,1.0,0.3775908826935259,0.14257487469327604,ok
v2e_vs_real,original,415000,416000,8159,0,75,0.5,uniform,1.0,0.3697422582931865,0.13670933756774548,ok
v2e_vs_real,original,416000,417000,4192,0,75,0.5,uniform,1.0,0.3734743186302614,0.13948306667633803,ok
v2e_vs_real,original,417000,418000,4183,0,75,0.5,uniform,1.0,0.3633061779852734,0.13199137896226718,ok
v2e_vs_real,original,418000,419000,4063,0,75,0.5,uniform,1.0,0.3688622124446218,0.1360593317695413,ok
v2e_vs_real,original,419000,420000,4063,0,75,0.5,uniform,1.0,0.36672712930080303,0.13448878736520792,ok
v2e_vs_real,original,420000,421000,8105,0,75,0.5,uniform,1.0,0.36010536252368014,0.12967587211831108,ok
v2e_vs_real,original,421000,422000,4032,0,75,0.5,uniform,1.0,0.3513620414215981,0.12345528415195284,ok
v2e_vs_real,original,422000,423000,3999,0,75,0.5,uniform,1.0,0.35418681731862695,0.12544830156229841,ok
v2e_vs_real,original,423000,424000,4053,0,75,0.5,uniform,1.0,0.35366796627943,0.125081030372228,ok
v2e_vs_real,original,424000,425000,3981,0,75,0.5,uniform,1.0,0.35210067476970636,0.12397488517328253,ok
v2e_vs_real,original,425000,426000,8000,0,75,0.5,uniform,1.0,0.34566004616292767,0.11948086751335729,ok
v2e_vs_real,original,426000,427000,3959,0,75,0.5,uniform,1.0,0.3461361519543769,0.1198102356897835,ok
v2e_vs_real,original,427000,428000,4023,0,75,0.5,uniform,1.0,0.3417622977568438,0.11680146816803755,ok
v2e_vs_real,original,428000,429000,3928,0,75,0.5,uniform,1.0,0.33547241542061695,0.112541741508143,ok
v2e_vs_real,original,429000,430000,7900,0,75,0.5,uniform,1.0,0.33414088497053684,0.11165013100889354,ok
v2e_vs_real,original,430000,431000,4004,0,75,0.5,uniform,1.0,0.3322544713642588,0.11039303374154308,ok
v2e_vs_real,original,431000,432000,4102,0,75,0.5,uniform,1.0,0.3298848067918551,0.10882398575209956,ok
v2e_vs_real,original,432000,433000,4121,0,75,0.5,uniform,1.0,0.32820238327053286,0.10771680438445774,ok
v2e_vs_real,original,433000,434000,3924,0,75,0.5,uniform,1.0,0.32340532073539524,0.10459100147996386,ok
v2e_vs_real,original,434000,435000,3944,0,75,0.5,uniform,1.0,0.31776824222537253,0.10097665576700304,ok
v2e_vs_real,original,435000,436000,7799,0,75,0.5,uniform,1.0,0.3166056704838766,0.10023915058254507,ok
v2e_vs_real,original,436000,437000,3828,0,75,0.5,uniform,1.0,0.3154918037188626,0.09953507821378133,ok
v2e_vs_real,original,437000,438000,3810,0,75,0.5,uniform,1.0,0.31295707518041826,0.09794213090548198,ok
v2e_vs_real,original,438000,439000,3807,0,75,0.5,uniform,1.0,0.30634893308973404,0.09384966880521833,ok
v2e_vs_real,original,439000,440000,3788,0,75,0.5,uniform,1.0,0.31093472725417226,0.0966804046126265,ok
v2e_vs_real,original,440000,441000,7462,0,75,0.5,uniform,1.0,0.30199902299813086,0.09120340989182557,ok
v2e_vs_real,original,441000,442000,3743,0,75,0.5,uniform,1.0,0.30369031301040916,0.09222780621636029,ok
v2e_vs_real,original,442000,443000,3721,0,75,0.5,uniform,1.0,0.2984428749606092,0.08906814961475379,ok
v2e_vs_real,original,443000,444000,3772,0,75,0.5,uniform,1.0,0.30104329644121536,0.09062706633219347,ok
v2e_vs_real,original,444000,445000,3794,0,75,0.5,uniform,1.0,0.2983177141267251,0.08899345856179447,ok
v2e_vs_real,original,445000,446000,7536,0,75,0.5,uniform,1.0,0.2903970282539193,0.0843304340187076,ok
v2e_vs_real,original,446000,447000,3826,0,75,0.5,uniform,1.0,0.2905274404254879,0.08440619364018542,ok
v2e_vs_real,original,447000,448000,3831,0,75,0.5,uniform,1.0,0.2879653475217728,0.08292404137333537,ok
v2e_vs_real,original,448000,449000,3951,0,75,0.5,uniform,1.0,0.29003556652872964,0.08412062985164115,ok
v2e_vs_real,original,449000,450000,3861,0,75,0.5,uniform,1.0,0.2879295558881591,0.08290342915395255,ok
v2e_vs_real,original,450000,451000,7808,0,75,0.5,uniform,1.0,0.2819336238077584,0.07948656823337463,ok
v2e_vs_real,original,451000,452000,3935,0,75,0.5,uniform,1.0,0.27985071502836006,0.07831642270188438,ok
v2e_vs_real,original,452000,453000,3769,0,75,0.5,uniform,1.0,0.2793702564182333,0.07804774017118943,ok
v2e_vs_real,original,453000,454000,3733,0,75,0.5,uniform,1.0,0.2763425490693284,0.0763652044261342,ok
v2e_vs_real,original,454000,455000,3833,0,75,0.5,uniform,1.0,0.2837269030206269,0.08050095549767622,ok
v2e_vs_real,original,455000,456000,7586,0,75,0.5,uniform,1.0,0.2695629286910613,0.07266417252450219,ok
v2e_vs_real,original,456000,457000,3696,0,75,0.5,uniform,1.0,0.26797831124234595,0.07181237529629964,ok
v2e_vs_real,original,457000,458000,3846,0,75,0.5,uniform,1.0,0.2645307542949821,0.06997651996787219,ok
v2e_vs_real,original,458000,459000,3759,0,75,0.5,uniform,1.0,0.2610713812490808,0.06815826610730291,ok
v2e_vs_real,original,459000,460000,3764,0,75,0.5,uniform,1.0,0.26741081916494497,0.0715085462064669,ok
v2e_vs_real,original,460000,461000,7470,0,75,0.5,uniform,1.0,0.2543357595331594,0.06468667857730909,ok
v2e_vs_real,original,461000,462000,3873,0,75,0.5,uniform,1.0,0.25082752823343907,0.06291444891969666,ok
v2e_vs_real,original,462000,463000,3780,0,75,0.5,uniform,1.0,0.24730141396574373,0.061157989349456154,ok
v2e_vs_real,original,463000,464000,3746,0,75,0.5,uniform,1.0,0.24549247065773394,0.06026655314963836,ok
v2e_vs_real,original,464000,465000,3700,0,75,0.5,uniform,1.0,0.24801648337838705,0.06151217602738174,ok
v2e_vs_real,original,465000,466000,7930,0,75,0.5,uniform,1.0,0.2437221040934154,0.05940046402372162,ok
v2e_vs_real,original,466000,467000,3867,0,75,0.5,uniform,1.0,0.23701129377058744,0.056174353374807695,ok
v2e_vs_real,original,467000,468000,3792,0,75,0.5,uniform,1.0,0.2330685934116422,0.05432096923488139,ok
v2e_vs_real,original,468000,469000,3810,0,75,0.5,uniform,1.0,0.23158985197281615,0.053633859536790895,ok
v2e_vs_real,original,469000,470000,3790,0,75,0.5,uniform,1.0,0.23436078700884697,0.05492497848740613,ok
v2e_vs_real,original,470000,471000,7466,0,75,0.5,uniform,1.0,0.22426545179703214,0.05029499286972694,ok
v2e_vs_real,original,471000,472000,3699,0,75,0.5,uniform,1.0,0.22573620585095172,0.05095683463198325,ok
v2e_vs_real,original,472000,473000,3632,0,75,0.5,uniform,1.0,0.21764064910104997,0.047367452141126365,ok
v2e_vs_real,original,473000,474000,3705,0,75,0.5,uniform,1.0,0.21764921869709788,0.047371182399457146,ok
v2e_vs_real,original,474000,475000,3599,0,75,0.5,uniform,1.0,0.22125087860553982,0.048951951283723316,ok
v2e_vs_real,original,475000,476000,7295,0,75,0.5,uniform,1.0,0.21489276603833712,0.0461789008956075,ok
v2e_vs_real,original,476000,477000,3712,0,75,0.5,uniform,1.0,0.21493528477471655,0.0461971766411885,ok
v2e_vs_real,original,477000,478000,3644,0,75,0.5,uniform,1.0,0.21383100079289183,0.045723696900089705,ok
v2e_vs_real,original,478000,479000,3733,0,75,0.5,uniform,1.0,0.20875543774409022,0.04357883278772673,ok
v2e_vs_real,original,479000,480000,3642,0,75,0.5,uniform,1.0,0.2129389184339025,0.045342982983800184,ok
v2e_vs_real,original,480000,481000,7394,0,75,0.5,uniform,1.0,0.20488912131194184,0.04197955203197962,ok
v2e_vs_real,original,481000,482000,3805,0,75,0.5,uniform,1.0,0.19940140469642456,0.03976092019490729,ok
v2e_vs_real,original,482000,483000,3764,0,75,0.5,uniform,1.0,0.19852064631650782,0.03941044701392399,ok
v2e_vs_real,original,483000,484000,3838,0,75,0.5,uniform,1.0,0.2006727825622534,0.04026956566127743,ok
v2e_vs_real,original,484000,485000,3727,0,75,0.5,uniform,1.0,0.2016778368402792,0.04067394987257428,ok
v2e_vs_real,original,485000,486000,7347,0,75,0.5,uniform,1.0,0.1914406286913457,0.0366495143137377,ok
v2e_vs_real,original,486000,487000,3693,0,75,0.5,uniform,1.0,0.19084697415728788,0.03642256754499251,ok
v2e_vs_real,original,487000,488000,3651,0,75,0.5,uniform,1.0,0.18473754758033717,0.03412796148599734,ok
v2e_vs_real,original,488000,489000,3605,0,75,0.5,uniform,1.0,0.1802539083597378,0.032491471478960754,ok
v2e_vs_real,original,489000,490000,3554,0,75,0.5,uniform,1.0,0.18496894393050842,0.03421351021876756,ok
v2e_vs_real,original,490000,491000,6916,0,75,0.5,uniform,1.0,0.17476017953606526,0.03054112035147777,ok
v2e_vs_real,original,491000,492000,3489,0,75,0.5,uniform,1.0,0.17021260102640404,0.028972329548173803,ok
v2e_vs_real,original,492000,493000,3505,0,75,0.5,uniform,1.0,0.17123786188682139,0.029322405343570113,ok
v2e_vs_real,original,493000,494000,3407,0,75,0.5,uniform,1.0,0.17568592037146982,0.030865542616770436,ok
v2e_vs_real,original,494000,495000,3464,0,75,0.5,uniform,1.0,0.16745725240828802,0.02804193138413308,ok
v2e_vs_real,original,495000,496000,7018,0,75,0.5,uniform,1.0,0.16019136429996408,0.025661273196283807,ok
v2e_vs_real,original,496000,497000,3500,0,75,0.5,uniform,1.0,0.15564740113266926,0.02422611347935405,ok
v2e_vs_real,original,497000,498000,3517,0,75,0.5,uniform,1.0,0.15376775365141487,0.023644522063002216,ok
v2e_vs_real,original,498000,499000,3826,0,75,0.5,uniform,1.0,0.16284273080712444,0.026517754976721597,ok
v2e_vs_real,original,499000,500000,3678,0,75,0.5,uniform,1.0,0.15866584159112243,0.025174849287819157,ok
v2e_vs_real,original,500000,501000,7236,0,75,0.5,uniform,1.0,0.14726903029467842,0.02168816728393491,ok
v2e_vs_real,original,501000,502000,3620,0,75,0.5,uniform,1.0,0.1443339071789129,0.020832276761531043,ok
v2e_vs_real,original,502000,503000,3597,0,75,0.5,uniform,1.0,0.1348857796541085,0.01819417355289671,ok
v2e_vs_real,original,503000,504000,3531,0,75,0.5,uniform,1.0,0.14576177026244647,0.02124649367004222,ok
v2e_vs_real,original,504000,505000,3552,0,75,0.5,uniform,1.0,0.13844850817409307,0.019167989415631914,ok
v2e_vs_real,original,505000,506000,6954,0,75,0.5,uniform,1.0,0.13101183518677637,0.017164100959007056,ok
v2e_vs_real,original,506000,507000,3571,0,75,0.5,uniform,1.0,0.12951870715401373,0.01677509550284717,ok
v2e_vs_real,original,507000,508000,3469,0,75,0.5,uniform,1.0,0.12393287567479752,0.01535935767302482,ok
v2e_vs_real,original,508000,509000,3445,0,75,0.5,uniform,1.0,0.13031518522621902,0.016982047500543773,ok
v2e_vs_real,original,509000,510000,3553,0,75,0.5,uniform,1.0,0.1354297397629413,0.018341214412258,ok
v2e_vs_real,original,510000,511000,7061,0,75,0.5,uniform,1.0,0.12513881559087994,0.01565972316748826,ok
v2e_vs_real,original,511000,512000,3620,0,75,0.5,uniform,1.0,0.1255943973684006,0.015773952650331713,ok
v2e_vs_real,original,512000,513000,3564,0,75,0.5,uniform,1.0,0.1295828071412772,0.016791703906613442,ok
v2e_vs_real,original,513000,514000,3550,0,75,0.5,uniform,1.0,0.12058359889978137,0.014540404323623357,ok
v2e_vs_real,original,514000,515000,3583,0,75,0.5,uniform,1.0,0.12880499074017746,0.016590725639577197,ok
v2e_vs_real,original,515000,516000,7298,0,75,0.5,uniform,1.0,0.1280574569986339,0.016398712292956974,ok
v2e_vs_real,original,516000,517000,3692,0,75,0.5,uniform,1.0,0.12176671048780704,0.014827131783021419,ok
v2e_vs_real,original,517000,518000,3705,0,75,0.5,uniform,1.0,0.12302333860764345,0.015134741842170896,ok
v2e_vs_real,original,518000,519000,3553,0,75,0.5,uniform,1.0,0.11850765029326156,0.014044063178029975,ok
v2e_vs_real,original,519000,520000,3495,0,75,0.5,uniform,1.0,0.11850634435791836,0.014043753653077529,ok
v2e_vs_real,original,520000,521000,6998,0,75,0.5,uniform,1.0,0.10607201398337719,0.011251272150489766,ok
v2e_vs_real,original,521000,522000,3553,0,75,0.5,uniform,1.0,0.10563390322065551,0.011158521509630814,ok
v2e_vs_real,original,522000,523000,3452,0,75,0.5,uniform,1.0,0.10599471709765605,0.01123488005261214,ok
v2e_vs_real,original,523000,524000,3473,0,75,0.5,uniform,1.0,0.10195455508516,0.010394731302612925,ok
v2e_vs_real,original,524000,525000,3435,0,75,0.5,uniform,1.0,0.1113729969901166,0.012403944458560523,ok
v2e_vs_real,original,525000,526000,6764,0,75,0.5,uniform,1.0,0.09439941510556923,0.008911249572273572,ok
v2e_vs_real,original,526000,527000,3447,0,75,0.5,uniform,1.0,0.10102936376943143,0.010206932343656105,ok
v2e_vs_real,original,527000,528000,3382,0,75,0.5,uniform,1.0,0.10565154302372942,0.01116224854329495,ok
v2e_vs_real,original,528000,529000,3474,0,75,0.5,uniform,1.0,0.10289261864347862,0.010586890971312324,ok
v2e_vs_real,original,529000,530000,3449,0,75,0.5,uniform,1.0,0.11466726309082945,0.013148581224741496,ok
v2e_vs_real,original,530000,531000,6723,0,75,0.5,uniform,1.0,0.09644994297490371,0.009302591499862178,ok
v2e_vs_real,original,531000,532000,3849,0,75,0.5,uniform,1.0,0.08948545892829655,0.00800764735960785,ok
v2e_vs_real,original,532000,533000,4071,0,75,0.5,uniform,1.0,0.07795106768284643,0.0060763689528957054,ok
v2e_vs_real,original,533000,534000,4042,0,75,0.5,uniform,1.0,0.07522068278682428,0.005658151118916044,ok
v2e_vs_real,original,534000,535000,3893,0,75,0.5,uniform,1.0,0.07533050687581169,0.005674685266166712,ok
v2e_vs_real,original,535000,536000,3907,0,75,0.5,uniform,1.0,0.07123705797041585,0.005074718428280389,ok
v2e_vs_real,original,536000,537000,3943,0,75,0.5,uniform,1.0,0.08154475129903829,0.006649546464422007,ok
v2e_vs_real,original,537000,538000,3844,0,75,0.5,uniform,1.0,0.07454373963365404,0.005556769118570004,ok
v2e_vs_real,original,538000,539000,3850,0,75,0.5,uniform,1.0,0.07887717664303322,0.006221608995176264,ok
v2e_vs_real,original,539000,540000,3860,0,75,0.5,uniform,1.0,0.08323573989107767,0.00692818839521514,ok
v2e_vs_real,original,540000,541000,3885,0,75,0.5,uniform,1.0,0.09042112236237604,0.00817597936927178,ok
v2e_vs_real,original,541000,542000,3929,0,75,0.5,uniform,1.0,0.09205159934046425,0.00847349694113736,ok
v2e_vs_real,original,542000,543000,3923,0,75,0.5,uniform,1.0,0.08712786494869115,0.007591264850517365,ok
v2e_vs_real,original,543000,544000,3891,0,75,0.5,uniform,1.0,0.0916800251005308,0.008405227002433957,ok
v2e_vs_real,original,544000,545000,3984,0,75,0.5,uniform,1.0,0.0948516191332248,0.008996829652194338,ok
v2e_vs_real,original,545000,546000,3945,0,75,0.5,uniform,1.0,0.10001914909246282,0.010003830185180307,ok
v2e_vs_real,original,546000,547000,3929,0,75,0.5,uniform,1.0,0.10334693374896906,0.010680588715313799,ok
v2e_vs_real,original,547000,548000,4118,0,75,0.5,uniform,1.0,0.11103072384511221,0.01232782163756957,ok
v2e_vs_real,original,548000,549000,4178,0,75,0.5,uniform,1.0,0.12117065480263946,0.014682327585300414,ok
v2e_vs_real,original,549000,550000,4239,0,75,0.5,uniform,1.0,0.1199663937665841,0.01439193563335911,ok
v2e_vs_real,original,550000,551000,4119,0,75,0.5,uniform,1.0,0.13020883539614272,0.016954340815219793,ok
v2e_vs_real,original,551000,552000,4122,0,75,0.5,uniform,1.0,0.12198668974669293,0.014880752475355918,ok
v2e_vs_real,original,552000,553000,4102,0,75,0.5,uniform,1.0,0.1363076994241629,0.018579788922307938,ok
v2e_vs_real,original,553000,554000,4122,0,75,0.5,uniform,1.0,0.13259545227586383,0.01758155396424088,ok
v2e_vs_real,original,554000,555000,4127,0,75,0.5,uniform,1.0,0.13215061685278282,0.017463785534571008,ok
v2e_vs_real,original,555000,556000,4072,0,75,0.5,uniform,1.0,0.1360783080504129,0.01851730592186307,ok
v2e_vs_real,original,556000,557000,4055,0,75,0.5,uniform,1.0,0.13724600517489302,0.018836465936466762,ok
v2e_vs_real,original,557000,558000,4013,0,75,0.5,uniform,1.0,0.139431266438427,0.019441078060623618,ok
v2e_vs_real,original,558000,559000,4008,0,75,0.5,uniform,1.0,0.14543701957517438,0.02115192666290966,ok
v2e_vs_real,original,559000,560000,7835,0,75,0.5,uniform,1.0,0.11992081483448641,0.014381001830567175,ok
v2e_vs_real,original,560000,561000,4110,0,75,0.5,uniform,1.0,0.14783131081818413,0.02185409645822256,ok
v2e_vs_real,original,561000,562000,3948,0,75,0.5,uniform,1.0,0.1459380022977644,0.021297900514662294,ok
v2e_vs_real,original,562000,563000,3979,0,75,0.5,uniform,1.0,0.14984085328905458,0.022452281314391975,ok
v2e_vs_real,original,563000,564000,4195,0,75,0.5,uniform,1.0,0.15442591673908976,0.023847363760708284,ok
v2e_vs_real,original,564000,565000,4417,0,75,0.5,uniform,1.0,0.1343076344810819,0.018038540679903903,ok
v2e_vs_real,original,565000,566000,4336,0,75,0.5,uniform,1.0,0.13690544534778556,0.018743100965875503,ok
v2e_vs_real,original,566000,567000,4107,0,75,0.5,uniform,1.0,0.13360111796539886,0.017849258721604422,ok
v2e_vs_real,original,567000,568000,4136,0,75,0.5,uniform,1.0,0.13865050215686245,0.019223961748350116,ok
v2e_vs_real,original,568000,569000,4172,0,75,0.5,uniform,1.0,0.15370267123689155,0.023624511145355964,ok
v2e_vs_real,original,569000,570000,4064,0,75,0.5,uniform,1.0,0.14687797153145937,0.02157313852119619,ok
v2e_vs_real,original,570000,571000,4020,0,75,0.5,uniform,1.0,0.14873032880840886,0.022120710707457414,ok
v2e_vs_real,original,571000,572000,3964,0,75,0.5,uniform,1.0,0.1538676447729195,0.02367525210796534,ok
v2e_vs_real,original,572000,573000,3827,0,75,0.5,uniform,1.0,0.15492117001320282,0.02400056891825969,ok
v2e_vs_real,original,573000,574000,3918,0,75,0.5,uniform,1.0,0.15628480317152377,0.024424939702361925,ok
v2e_vs_real,original,574000,575000,3918,0,75,0.5,uniform,1.0,0.15955655555959306,0.025458294422041505,ok
v2e_vs_real,original,575000,576000,3886,0,75,0.5,uniform,1.0,0.16227713330639879,0.026333867994142723,ok
v2e_vs_real,original,576000,577000,3851,0,75,0.5,uniform,1.0,0.16760510550387037,0.02809147139096352,ok
v2e_vs_real,original,577000,578000,3871,0,75,0.5,uniform,1.0,0.170480432357465,0.0290635778167882,ok
v2e_vs_real,original,578000,579000,3823,0,75,0.5,uniform,1.0,0.1758047733224831,0.030907318322969668,ok
v2e_vs_real,original,579000,580000,4044,0,75,0.5,uniform,1.0,0.17657071370486022,0.031177216938243713,ok
v2e_vs_real,original,580000,581000,3970,0,75,0.5,uniform,1.0,0.17731430818860094,0.031440363888402156,ok
v2e_vs_real,original,581000,582000,4182,0,75,0.5,uniform,1.0,0.1773504738249498,0.03145319056593421,ok
v2e_vs_real,original,582000,583000,4147,0,75,0.5,uniform,1.0,0.18239644074661457,0.03326846159703328,ok
v2e_vs_real,original,583000,584000,4077,0,75,0.5,uniform,1.0,0.18886911915389049,0.035671544169966485,ok
v2e_vs_real,original,584000,585000,4075,0,75,0.5,uniform,1.0,0.18940783976942208,0.03587532976611907,ok
v2e_vs_real,original,585000,586000,4191,0,75,0.5,uniform,1.0,0.19864787699731434,0.039460979035540134,ok
v2e_vs_real,original,586000,587000,4095,0,75,0.5,uniform,1.0,0.19720759627756987,0.03889083602957699,ok
v2e_vs_real,original,587000,588000,4064,0,75,0.5,uniform,1.0,0.19631801101547963,0.03854076144907398,ok
v2e_vs_real,original,588000,589000,4061,0,75,0.5,uniform,1.0,0.20137452676733117,0.04055170003076658,ok
v2e_vs_real,original,589000,590000,4000,0,75,0.5,uniform,1.0,0.20033759734587983,0.04013515291031988,ok
v2e_vs_real,original,590000,591000,3956,0,75,0.5,uniform,1.0,0.2053530084401952,0.04216985807543888,ok
v2e_vs_real,original,591000,592000,4123,0,75,0.5,uniform,1.0,0.2096830451195664,0.043966979410614115,ok
v2e_vs_real,original,592000,593000,3923,0,75,0.5,uniform,1.0,0.213963824599572,0.04578051823727641,ok
v2e_vs_real,original,593000,594000,3950,0,75,0.5,uniform,1.0,0.21256362880229468,0.04518329628959972,ok
v2e_vs_real,original,594000,595000,3986,0,75,0.5,uniform,1.0,0.21768566281716573,0.047387047796148773,ok
v2e_vs_real,original,595000,596000,3971,0,75,0.5,uniform,1.0,0.22141313145361421,0.04902377478009545,ok
v2e_vs_real,original,596000,597000,4010,0,75,0.5,uniform,1.0,0.22211224272065672,0.049333848366399924,ok
v2e_vs_real,original,597000,598000,3993,0,75,0.5,uniform,1.0,0.22473089065053029,0.0505039732125806,ok
v2e_vs_real,original,598000,599000,4233,0,75,0.5,uniform,1.0,0.21034021637640696,0.044243006625273695,ok
v2e_vs_real,original,599000,600000,4188,0,75,0.5,uniform,1.0,0.21696231374908004,0.047072645587354245,ok
v2e_vs_real,original,600000,601000,4173,0,75,0.5,uniform,1.0,0.22166747780895638,0.049136470718184166,ok
v2e_vs_real,original,601000,602000,4094,0,75,0.5,uniform,1.0,0.2231832406653245,0.04981075891387615,ok
v2e_vs_real,original,602000,603000,4185,0,75,0.5,uniform,1.0,0.23184180177941435,0.053750621052325254,ok
v2e_vs_real,original,603000,604000,4194,0,75,0.5,uniform,1.0,0.23977819295809313,0.05749358181824854,ok
v2e_vs_real,original,604000,605000,4189,0,75,0.5,uniform,1.0,0.2483693116810886,0.061687314984937736,ok
v2e_vs_real,original,605000,606000,4201,0,75,0.5,uniform,1.0,0.2523225650098315,0.06366667681314064,ok
v2e_vs_real,original,606000,607000,4276,0,75,0.5,uniform,1.0,0.2614648961160683,0.0683638919009864,ok
v2e_vs_real,original,607000,608000,4343,0,75,0.5,uniform,1.0,0.2612281619891103,0.06824015261620886,ok
v2e_vs_real,original,608000,609000,4248,0,75,0.5,uniform,1.0,0.266403552471044,0.0709708527691923,ok
v2e_vs_real,original,609000,610000,8391,0,75,0.5,uniform,1.0,0.2532461170992602,0.06413359582585221,ok
v2e_vs_real,original,610000,611000,4206,0,75,0.5,uniform,1.0,0.2735408205055395,0.0748245804828438,ok
v2e_vs_real,original,611000,612000,4204,0,75,0.5,uniform,1.0,0.2704094856422849,0.07312128992532507,ok
v2e_vs_real,original,612000,613000,4195,0,75,0.5,uniform,1.0,0.2734476309093477,0.07477360684993484,ok
v2e_vs_real,original,613000,614000,4325,0,75,0.5,uniform,1.0,0.2740131353125046,0.07508319832378896,ok
v2e_vs_real,original,614000,615000,4451,0,75,0.5,uniform,1.0,0.2748966399563429,0.07556816265928723,ok
v2e_vs_real,original,615000,616000,4361,0,75,0.5,uniform,1.0,0.2723469719190442,0.07417287311347265,ok
v2e_vs_real,original,616000,617000,4337,0,75,0.5,uniform,1.0,0.2743412648900745,0.07526312962148601,ok
v2e_vs_real,original,617000,618000,4390,0,75,0.5,uniform,1.0,0.2757843394159661,0.07605700186710079,ok
v2e_vs_real,original,618000,619000,4274,0,75,0.5,uniform,1.0,0.2753442452715831,0.0758144534041777,ok
v2e_vs_real,original,619000,620000,4233,0,75,0.5,uniform,1.0,0.2798176862863572,0.07829793755865022,ok
v2e_vs_real,original,620000,621000,4178,0,75,0.5,uniform,1.0,0.2795202360974907,0.07813156238799696,ok
v2e_vs_real,original,621000,622000,4087,0,75,0.5,uniform,1.0,0.2811267819700099,0.0790322675408135,ok
v2e_vs_real,original,622000,623000,4015,0,75,0.5,uniform,1.0,0.2823107662010155,0.07969936871300443,ok
v2e_vs_real,original,623000,624000,4059,0,75,0.5,uniform,1.0,0.2840501230656566,0.08068447241361465,ok
v2e_vs_real,original,624000,625000,4017,0,75,0.5,uniform,1.0,0.28759737394546114,0.08271224950032541,ok
v2e_vs_real,original,625000,626000,3972,0,75,0.5,uniform,1.0,0.29094454618318405,0.08464872895373893,ok
v2e_vs_real,original,626000,627000,3996,0,75,0.5,uniform,1.0,0.2939145478740225,0.08638576145199106,ok
v2e_vs_real,original,627000,628000,3950,0,75,0.5,uniform,1.0,0.30159005378331,0.0909565605410198,ok
v2e_vs_real,original,628000,629000,4027,0,75,0.5,uniform,1.0,0.29962890694196403,0.08977748187523615,ok
v2e_vs_real,original,629000,630000,3882,0,75,0.5,uniform,1.0,0.29755250427612445,0.08853749280099305,ok
v2e_vs_real,original,630000,631000,3954,0,75,0.5,uniform,1.0,0.29694574004047275,0.08817677252818401,ok
v2e_vs_real,original,631000,632000,4060,0,75,0.5,uniform,1.0,0.2811527346721543,0.07904686021363078,ok
v2e_vs_real,original,632000,633000,4057,0,75,0.5,uniform,1.0,0.2869709861116588,0.08235234686989784,ok
v2e_vs_real,original,633000,634000,3955,0,75,0.5,uniform,1.0,0.2947527306241413,0.0868791722103876,ok
v2e_vs_real,original,634000,635000,4001,0,75,0.5,uniform,1.0,0.2975541827773245,0.08853849168828143,ok
v2e_vs_real,original,635000,636000,3981,0,75,0.5,uniform,1.0,0.3050207859719856,0.09303767987496786,ok
v2e_vs_real,original,636000,637000,4028,0,75,0.5,uniform,1.0,0.30455915082956037,0.09275627635402289,ok
v2e_vs_real,original,637000,638000,3950,0,75,0.5,uniform,1.0,0.31420949757767247,0.09872760836801336,ok
v2e_vs_real,original,638000,639000,3882,0,75,0.5,uniform,1.0,0.31640159911535626,0.10010997192275461,ok
v2e_vs_real,original,639000,640000,3863,0,75,0.5,uniform,1.0,0.31968785295244434,0.10220032332534368,ok
v2e_vs_real,original,640000,641000,3852,0,75,0.5,uniform,1.0,0.3244749047170186,0.10528396379111832,ok
v2e_vs_real,original,641000,642000,3783,0,75,0.5,uniform,1.0,0.3268759846023852,0.10684790930977878,ok
v2e_vs_real,original,642000,643000,3764,0,75,0.5,uniform,1.0,0.3287664627910464,0.10808738705613646,ok
v2e_vs_real,original,643000,644000,3715,0,75,0.5,uniform,1.0,0.3326063735502291,0.11062699972623452,ok
v2e_vs_real,original,644000,645000,3777,0,75,0.5,uniform,1.0,0.3316678775034037,0.11000358096761281,ok
v2e_vs_real,original,645000,646000,3695,0,75,0.5,uniform,1.0,0.3372169135734414,0.11371524679999784,ok
v2e_vs_real,original,646000,647000,3654,0,75,0.5,uniform,1.0,0.33971437013989536,0.11540585327954583,ok
v2e_vs_real,original,647000,648000,3752,0,75,0.5,uniform,1.0,0.3405449261029728,0.11597084669447921,ok
v2e_vs_real,original,648000,649000,3784,0,75,0.5,uniform,1.0,0.33935562424564886,0.115162239707154,ok
v2e_vs_real,original,649000,650000,3862,0,75,0.5,uniform,1.0,0.3458541666864522,0.11961510461438024,ok
v2e_vs_real,original,650000,651000,3867,0,75,0.5,uniform,1.0,0.34443257085751533,0.11863379586751732,ok
v2e_vs_real,original,651000,652000,3836,0,75,0.5,uniform,1.0,0.35088798718841613,0.1231223795531381,ok
v2e_vs_real,original,652000,653000,3814,0,75,0.5,uniform,1.0,0.35631672593244856,0.12696160917921967,ok
v2e_vs_real,original,653000,654000,3827,0,75,0.5,uniform,1.0,0.3571406518321611,0.1275494451911009,ok
v2e_vs_real,original,654000,655000,3803,0,75,0.5,uniform,1.0,0.3630416162129985,0.1317992151025461,ok
v2e_vs_real,original,655000,656000,3750,0,75,0.5,uniform,1.0,0.36671747982397546,0.13448171000844783,ok
v2e_vs_real,original,656000,657000,3695,0,75,0.5,uniform,1.0,0.380260726599377,0.14459822019388613,ok
v2e_vs_real,original,657000,658000,3612,0,75,0.5,uniform,1.0,0.37982326435698893,0.14426571214679912,ok
v2e_vs_real,original,658000,659000,3747,0,75,0.5,uniform,1.0,0.3834107843098537,0.14700382952509716,ok
v2e_vs_real,original,659000,660000,7160,0,75,0.5,uniform,1.0,0.37476512540148715,0.1404488992171924,ok
v2e_vs_real,original,660000,661000,3729,0,75,0.5,uniform,1.0,0.3837937977745407,0.14729767921020503,ok
v2e_vs_real,original,661000,662000,3680,0,75,0.5,uniform,1.0,0.38876335433028025,0.15113694567013103,ok
v2e_vs_real,original,662000,663000,3779,0,75,0.5,uniform,1.0,0.3904589442522059,0.15245818714654724,ok
v2e_vs_real,original,663000,664000,3658,0,75,0.5,uniform,1.0,0.3891218432313198,0.15141580887973982,ok
v2e_vs_real,original,664000,665000,3601,0,75,0.5,uniform,1.0,0.37344584905328077,0.13946180217512577,ok
v2e_vs_real,original,665000,666000,2425,0,75,0.5,uniform,1.0,0.4096209301128304,0.1677893063865003,ok
v2e_vs_real,original,666000,667000,4389,0,75,0.5,uniform,1.0,0.4089419189485338,0.1672334930733092,ok
v2e_vs_real,original,667000,668000,2176,0,75,0.5,uniform,1.0,0.41672316200312487,0.17365819374988267,ok
v2e_vs_real,original,668000,669000,4137,0,75,0.5,uniform,1.0,0.4062185819335867,0.1650135363081341,ok
v2e_vs_real,original,669000,670000,3860,0,75,0.5,uniform,1.0,0.40920793371632785,0.1674511330163866,ok
v2e_vs_real,original,670000,671000,3858,0,75,0.5,uniform,1.0,0.41074407200149043,0.16871069268436556,ok
v2e_vs_real,original,671000,672000,3788,0,75,0.5,uniform,1.0,0.41410622285740806,0.1714839638092293,ok
v2e_vs_real,original,672000,673000,3723,0,75,0.5,uniform,1.0,0.41635329122258247,0.17335006311187656,ok
v2e_vs_real,original,673000,674000,3788,0,75,0.5,uniform,1.0,0.419590652044834,0.17605631528340893,ok
v2e_vs_real,original,674000,675000,3688,0,75,0.5,uniform,1.0,0.4186223185174674,0.17524464556093994,ok
v2e_vs_real,original,675000,676000,1820,0,75,0.5,uniform,1.0,0.42328401474820865,0.17916935714136173,ok
v2e_vs_real,original,676000,677000,3699,0,75,0.5,uniform,1.0,0.4209911496133636,0.17723354805278146,ok
v2e_vs_real,original,677000,678000,3738,0,75,0.5,uniform,1.0,0.4242419027778818,0.17998119207259772,ok
v2e_vs_real,original,678000,679000,3601,0,75,0.5,uniform,1.0,0.42410814063584257,0.1798677149535916,ok
v2e_vs_real,original,679000,680000,3729,0,75,0.5,uniform,1.0,0.4241938097368205,0.1799403882190379,ok
v2e_vs_real,original,680000,681000,3667,0,75,0.5,uniform,1.0,0.42239472404073364,0.1784173028974475,ok
v2e_vs_real,original,681000,682000,3801,0,75,0.5,uniform,1.0,0.4118306747644881,0.16960450467697358,ok
v2e_vs_real,original,682000,683000,1900,0,75,0.5,uniform,1.0,0.41165386113882263,0.16945890139050107,ok
v2e_vs_real,original,683000,684000,3819,0,75,0.5,uniform,1.0,0.4139368741498347,0.1713437357809361,ok
v2e_vs_real,original,684000,685000,3761,0,75,0.5,uniform,1.0,0.4179441497649588,0.1746773123227543,ok
v2e_vs_real,original,685000,686000,3690,0,75,0.5,uniform,1.0,0.42149628368753095,0.17765911716239957,ok
v2e_vs_real,original,686000,687000,3688,0,75,0.5,uniform,1.0,0.4302386853446639,0.18510532636710475,ok
v2e_vs_real,original,687000,688000,3672,0,75,0.5,uniform,1.0,0.4294817492482348,0.18445457293732365,ok
v2e_vs_real,original,688000,689000,3711,0,75,0.5,uniform,1.0,0.43670771795641816,0.1907136309227025,ok
v2e_vs_real,original,689000,690000,1897,0,75,0.5,uniform,1.0,0.43592586642917946,0.19003136102203083,ok
v2e_vs_real,original,690000,691000,3596,0,75,0.5,uniform,1.0,0.43988512292675996,0.19349892137229072,ok
v2e_vs_real,original,691000,692000,3709,0,75,0.5,uniform,1.0,0.43885195136693717,0.19259103521856857,ok
v2e_vs_real,original,692000,693000,3623,0,75,0.5,uniform,1.0,0.4433869282974906,0.19659196818508407,ok
v2e_vs_real,original,693000,694000,3749,0,75,0.5,uniform,1.0,0.4472664639125017,0.20004728974079317,ok
v2e_vs_real,original,694000,695000,3710,0,75,0.5,uniform,1.0,0.440745838023778,0.19425689373528235,ok
v2e_vs_real,original,695000,696000,3779,0,75,0.5,uniform,1.0,0.4435733071529775,0.19675727881862973,ok
v2e_vs_real,original,696000,697000,1844,0,75,0.5,uniform,1.0,0.44269884255923686,0.195982265203288,ok
v2e_vs_real,original,697000,698000,3685,0,75,0.5,uniform,1.0,0.4373484309757727,0.19127365007697023,ok
v2e_vs_real,original,698000,699000,3679,0,75,0.5,uniform,1.0,0.4172250272428225,0.174076723357774,ok
v2e_vs_real,original,699000,700000,3343,0,75,0.5,uniform,1.0,0.4176900313057857,0.17446496225222824,ok
v2e_vs_real,original,700000,701000,3194,0,75,0.5,uniform,1.0,0.427138098486952,0.1824469551790491,ok
v2e_vs_real,original,701000,702000,3100,0,75,0.5,uniform,1.0,0.43188028813959584,0.18652058328354035,ok
v2e_vs_real,original,702000,703000,2934,0,75,0.5,uniform,1.0,0.4468431484140325,0.19966879928456507,ok
v2e_vs_real,original,703000,704000,1443,0,75,0.5,uniform,1.0,0.43850264263112154,0.19228456759447707,ok
v2e_vs_real,original,704000,705000,3020,0,75,0.5,uniform,1.0,0.4415709549779666,0.19498490828015344,ok
v2e_vs_real,original,705000,706000,2829,0,75,0.5,uniform,1.0,0.4478633465243159,0.20058157715995947,ok
v2e_vs_real,original,706000,707000,2769,0,75,0.5,uniform,1.0,0.4575256399397485,0.20932971120227636,ok
v2e_vs_real,original,707000,708000,2783,0,75,0.5,uniform,1.0,0.4572876884203874,0.20911202998086134,ok
v2e_vs_real,original,708000,709000,1381,0,75,0.5,uniform,1.0,0.46019177747353934,0.21177647205425557,ok
v2e_vs_real,original,709000,710000,2829,0,75,0.5,uniform,1.0,0.4603484267287917,0.21192067399167375,ok
v2e_vs_real,original,710000,711000,2817,0,75,0.5,uniform,1.0,0.45540219849944835,0.20739116239813096,ok
v2e_vs_real,original,711000,712000,1393,0,75,0.5,uniform,1.0,0.46436789907526443,0.21563754569157495,ok
v2e_vs_real,original,712000,713000,4195,0,75,0.5,uniform,1.0,0.4619088627451491,0.213359797482517,ok
v2e_vs_real,original,713000,714000,2791,0,75,0.5,uniform,1.0,0.4646515315651595,0.2159010457858484,ok
v2e_vs_real,original,714000,715000,1398,0,75,0.5,uniform,1.0,0.46211985466428923,0.21355476007494378,ok
v2e_vs_real,original,715000,716000,2972,0,75,0.5,uniform,1.0,0.4555444111327559,0.20752071051428936,ok
v2e_vs_real,original,716000,717000,2912,0,75,0.5,uniform,1.0,0.4521961161696855,0.20448132747894773,ok
v2e_vs_real,original,717000,718000,2932,0,75,0.5,uniform,1.0,0.45822013649025933,0.2099656934851519,ok
v2e_vs_real,original,718000,719000,1477,0,75,0.5,uniform,1.0,0.4588711591441205,0.21056274069426878,ok
v2e_vs_real,original,719000,720000,2907,0,75,0.5,uniform,1.0,0.45997795127502045,0.21157971565916509,ok
v2e_vs_real,original,720000,721000,4255,0,75,0.5,uniform,1.0,0.46545823550110743,0.21665136899580437,ok
v2e_vs_real,original,721000,722000,2817,0,75,0.5,uniform,1.0,0.4685480470599153,0.21953727240366064,ok
v2e_vs_real,original,722000,723000,2673,0,75,0.5,uniform,1.0,0.4699934256585077,0.22089382016221923,ok
v2e_vs_real,original,723000,724000,1432,0,75,0.5,uniform,1.0,0.4823049982236888,0.2326181113115524,ok
v2e_vs_real,original,724000,725000,2843,0,75,0.5,uniform,1.0,0.4724566948326843,0.2232153284922242,ok
v2e_vs_real,original,725000,726000,2728,0,75,0.5,uniform,1.0,0.46687989917956146,0.2179768402579175,ok
v2e_vs_real,original,726000,727000,2752,0,75,0.5,uniform,1.0,0.47803513251091356,0.2285175879147267,ok
v2e_vs_real,original,727000,728000,2843,0,75,0.5,uniform,1.0,0.47371814484655156,0.2244088807568584,ok
v2e_vs_real,original,728000,729000,2935,0,75,0.5,uniform,1.0,0.4676950814391334,0.21873868920235762,ok
v2e_vs_real,original,729000,730000,2854,0,75,0.5,uniform,1.0,0.472534650136507,0.22328899557963103,ok
v2e_vs_real,original,730000,731000,1480,0,75,0.5,uniform,1.0,0.4694896963789877,0.22042057500603404,ok
v2e_vs_real,original,731000,732000,2987,0,75,0.5,uniform,1.0,0.468784957725325,0.21975933658953478,ok
v2e_vs_real,original,732000,733000,3400,0,75,0.5,uniform,1.0,0.451454603119404,0.20381125867769856,ok
v2e_vs_real,original,733000,734000,3151,0,75,0.5,uniform,1.0,0.4605564001333498,0.21211219770379022,ok
v2e_vs_real,original,734000,735000,3058,0,75,0.5,uniform,1.0,0.4734424676679526,0.22414777019152035,ok
v2e_vs_real,original,735000,736000,2793,0,75,0.5,uniform,1.0,0.4871185787020239,0.2372845097166799,ok
v2e_vs_real,original,736000,737000,2732,0,75,0.5,uniform,1.0,0.47819785016352623,0.2286731839010183,ok
v2e_vs_real,original,737000,738000,1375,0,75,0.5,uniform,1.0,0.49309226352152086,0.243139980344777,ok
v2e_vs_real,original,738000,739000,2712,0,75,0.5,uniform,1.0,0.4955380983870493,0.24555800695305297,ok
v2e_vs_real,original,739000,740000,2650,0,75,0.5,uniform,1.0,0.4934477055233127,0.24349063808622193,ok
v2e_vs_real,original,740000,741000,2758,0,75,0.5,uniform,1.0,0.4897750233884203,0.23987957353512768,ok
v2e_vs_real,original,741000,742000,2659,0,75,0.5,uniform,1.0,0.4933515869246725,0.2433957883210927,ok
v2e_vs_real,original,742000,743000,2747,0,75,0.5,uniform,1.0,0.4943348530476818,0.2443669469376732,ok
v2e_vs_real,original,743000,744000,1354,0,75,0.5,uniform,1.0,0.5046610978870503,0.25468282372056295,ok
v2e_vs_real,original,744000,745000,2802,0,75,0.5,uniform,1.0,0.4986579790207654,0.24865978004107414,ok
v2e_vs_real,original,745000,746000,2794,0,75,0.5,uniform,1.0,0.4940403881822332,0.24407590515525168,ok
v2e_vs_real,original,746000,747000,2759,0,75,0.5,uniform,1.0,0.4880097596670026,0.23815352553024566,ok
v2e_vs_real,original,747000,748000,2949,0,75,0.5,uniform,1.0,0.4994984266362226,0.24949867821206187,ok
v2e_vs_real,original,748000,749000,2845,0,75,0.5,uniform,1.0,0.47683634264536284,0.2273728976674059,ok
v2e_vs_real,original,749000,750000,3110,0,75,0.5,uniform,1.0,0.4896467405020752,0.23975393048430654,ok
v2e_vs_real,original,750000,751000,3069,0,75,0.5,uniform,1.0,0.4870152519251949,0.23718385560776106,ok
v2e_vs_real,original,751000,752000,1440,0,75,0.5,uniform,1.0,0.4910892461705773,0.2411686477043859,ok
v2e_vs_real,original,752000,753000,3003,0,75,0.5,uniform,1.0,0.489462125164193,0.23957317197024816,ok
v2e_vs_real,original,753000,754000,2899,0,75,0.5,uniform,1.0,0.4896904703003987,0.23979675670302567,ok
v2e_vs_real,original,754000,755000,2901,0,75,0.5,uniform,1.0,0.4974779757002681,0.24748433630683653,ok
v2e_vs_real,original,755000,756000,2919,0,75,0.5,uniform,1.0,0.4937673716062707,0.24380621726296503,ok
v2e_vs_real,original,756000,757000,2892,0,75,0.5,uniform,1.0,0.4942859025177603,0.2443185534277968,ok
v2e_vs_real,original,757000,758000,1398,0,75,0.5,uniform,1.0,0.5057830346239419,0.25581647811340363,ok
v2e_vs_real,original,758000,759000,2909,0,75,0.5,uniform,1.0,0.49808538137494407,0.24808904713942348,ok
v2e_vs_real,original,759000,760000,2796,0,75,0.5,uniform,1.0,0.4984776218214987,0.24847993945681707,ok
v2e_vs_real,original,760000,761000,2836,0,75,0.5,uniform,1.0,0.5065011318305992,0.25654339654567804,ok
v2e_vs_real,original,761000,762000,2795,0,75,0.5,uniform,1.0,0.5033236849989456,0.2533347318809178,ok
v2e_vs_real,original,762000,763000,2704,0,75,0.5,uniform,1.0,0.4988888081518261,0.24889004289914957,ok
v2e_vs_real,original,763000,764000,3001,0,75,0.5,uniform,1.0,0.5045518232142842,0.25457254230885823,ok
v2e_vs_real,original,764000,765000,2895,0,75,0.5,uniform,1.0,0.5005286444604511,0.25052892392541665,ok
v2e_vs_real,original,765000,766000,3614,0,75,0.5,uniform,1.0,0.47932743471160016,0.22975478966720334,ok
v2e_vs_real,original,766000,767000,3214,0,75,0.5,uniform,1.0,0.4805829374865811,0.23095995980323114,ok
v2e_vs_real,original,767000,768000,1615,0,75,0.5,uniform,1.0,0.4807659128913504,0.2311358629982535,ok
v2e_vs_real,original,768000,769000,3085,0,75,0.5,uniform,1.0,0.49052203991997045,0.2406118716472491,ok
v2e_vs_real,original,769000,770000,2932,0,75,0.5,uniform,1.0,0.48301008116020233,0.23329873850238525,ok
v2e_vs_real,original,770000,771000,3037,0,75,0.5,uniform,1.0,0.4987982701474631,0.24879971430210157,ok
v2e_vs_real,original,771000,772000,3152,0,75,0.5,uniform,1.0,0.48591818228290656,0.236116479873124,ok
v2e_vs_real,original,772000,773000,3286,0,75,0.5,uniform,1.0,0.48889336956153107,0.2390167268012278,ok
v2e_vs_real,original,773000,774000,3366,0,75,0.5,uniform,1.0,0.48921660288249974,0.23933288453589346,ok
v2e_vs_real,original,774000,775000,1748,0,75,0.5,uniform,1.0,0.4901851321131489,0.24028146374478526,ok
v2e_vs_real,original,775000,776000,3450,0,75,0.5,uniform,1.0,0.4925878581248289,0.24264279797200658,ok
v2e_vs_real,original,776000,777000,3578,0,75,0.5,uniform,1.0,0.4971046691273243,0.24711305206818657,ok
v2e_vs_real,original,777000,778000,3652,0,75,0.5,uniform,1.0,0.49028237736562136,0.24037680955528554,ok
v2e_vs_real,original,778000,779000,3816,0,75,0.5,uniform,1.0,0.4932789037726286,0.2433240769071262,ok
v2e_vs_real,original,779000,780000,3934,0,75,0.5,uniform,1.0,0.49878353439726447,0.24878501418582713,ok
v2e_vs_real,original,780000,781000,4163,0,75,0.5,uniform,1.0,0.5102592645742612,0.2603645170838659,ok
v2e_vs_real,original,781000,782000,4458,0,75,0.5,uniform,1.0,0.5122082859250485,0.26235732817027624,ok
v2e_vs_real,original,782000,783000,2335,0,75,0.5,uniform,1.0,0.5079830622305226,0.25804679151309895,ok
v2e_vs_real,original,783000,784000,4809,0,75,0.5,uniform,1.0,0.5177543890110842,0.26806960734024105,ok
v2e_vs_real,original,784000,785000,4890,0,75,0.5,uniform,1.0,0.5306127441777281,0.28154988428381905,ok
v2e_vs_real,original,785000,786000,5202,0,75,0.5,uniform,1.0,0.539729644391846,0.29130808903534855,ok
v2e_vs_real,original,786000,787000,5275,0,75,0.5,uniform,1.0,0.5546861839015352,0.30767676261124777,ok
v2e_vs_real,original,787000,788000,5328,0,75,0.5,uniform,1.0,0.5728294482398066,0.3281335767707213,ok
v2e_vs_real,original,788000,789000,5498,0,75,0.5,uniform,1.0,0.5768830731545305,0.33279408009221534,ok
v2e_vs_real,original,789000,790000,2767,0,75,0.5,uniform,1.0,0.5825961242046105,0.33941824393823394,ok
v2e_vs_real,original,790000,791000,5483,0,75,0.5,uniform,1.0,0.5807808639091278,0.3373064118830328,ok
v2e_vs_real,original,791000,792000,5375,0,75,0.5,uniform,1.0,0.581983253043643,0.3387045068232609,ok
v2e_vs_real,original,792000,793000,5387,0,75,0.5,uniform,1.0,0.5675107098459342,0.3220684057898361,ok
v2e_vs_real,original,793000,794000,5154,0,75,0.5,uniform,1.0,0.5527293512333111,0.305509735714797,ok
v2e_vs_real,original,794000,795000,5045,0,75,0.5,uniform,1.0,0.5433512550864013,0.2952305864039675,ok
v2e_vs_real,original,795000,796000,5002,0,75,0.5,uniform,1.0,0.5270017462062725,0.2777308405044604,ok
v2e_vs_real,original,796000,797000,2437,0,75,0.5,uniform,1.0,0.5127040275323671,0.26286541984791023,ok
v2e_vs_real,original,797000,798000,4660,0,75,0.5,uniform,1.0,0.5071277080908178,0.2571785123134457,ok
v2e_vs_real,original,798000,799000,4956,0,75,0.5,uniform,1.0,0.4666664148146528,0.21777754271596161,ok
v2e_vs_real,original,799000,800000,4678,0,75,0.5,uniform,1.0,0.45985945158735336,0.21147071521422137,ok
v2e_vs_real,original,800000,801000,4115,0,75,0.5,uniform,1.0,0.4591755008012573,0.21084214053608547,ok
v2e_vs_real,original,801000,802000,4068,0,75,0.5,uniform,1.0,0.46648865242106174,0.21761166283761815,ok
v2e_vs_real,original,802000,803000,3869,0,75,0.5,uniform,1.0,0.47184035611941894,0.2226333216629001,ok
v2e_vs_real,original,803000,804000,3792,0,75,0.5,uniform,1.0,0.47781325598894164,0.2283055075987539,ok
v2e_vs_real,original,804000,805000,3712,0,75,0.5,uniform,1.0,0.4848615597659241,0.2350907321386448,ok
v2e_vs_real,original,805000,806000,3765,0,75,0.5,uniform,1.0,0.4886619365208535,0.23879048820431065,ok
v2e_vs_real,original,806000,807000,3786,0,75,0.5,uniform,1.0,0.49147213062220174,0.24154485517832652,ok
v2e_vs_real,original,807000,808000,3631,0,75,0.5,uniform,1.0,0.49874653371799216,0.2487481048957123,ok
v2e_vs_real,original,808000,809000,3739,0,75,0.5,uniform,1.0,0.4977690364507137,0.24777401364907195,ok
v2e_vs_real,original,809000,810000,3726,0,75,0.5,uniform,1.0,0.49770199197856535,0.24770727281943195,ok
v2e_vs_real,original,810000,811000,7585,0,75,0.5,uniform,1.0,0.49208303439472323,0.24214571273911836,ok
v2e_vs_real,original,811000,812000,3838,0,75,0.5,uniform,1.0,0.5022920836116237,0.25229733725890635,ok
v2e_vs_real,original,812000,813000,3923,0,75,0.5,uniform,1.0,0.4999172502756217,0.24991725712313861,ok
v2e_vs_real,original,813000,814000,4056,0,75,0.5,uniform,1.0,0.5015831980229337,0.25158570453891355,ok
v2e_vs_real,original,814000,815000,4076,0,75,0.5,uniform,1.0,0.4953804311857676,0.245401771601797,ok
v2e_vs_real,original,815000,816000,4126,0,75,0.5,uniform,1.0,0.5014407727756232,0.2514428486018141,ok
v2e_vs_real,original,816000,817000,4122,0,75,0.5,uniform,1.0,0.5056525827672225,0.2556845344591627,ok
v2e_vs_real,original,817000,818000,4324,0,75,0.5,uniform,1.0,0.5066453216072343,0.25668948190649793,ok
v2e_vs_real,original,818000,819000,4067,0,75,0.5,uniform,1.0,0.5062437244356552,0.2562827085304836,ok
v2e_vs_real,original,819000,820000,4287,0,75,0.5,uniform,1.0,0.5149116371760031,0.2651339940992718,ok
v2e_vs_real,original,820000,821000,4148,0,75,0.5,uniform,1.0,0.5118386697309973,0.261978823831997,ok
v2e_vs_real,original,821000,822000,4137,0,75,0.5,uniform,1.0,0.5105198617317865,0.2606305292226424,ok
v2e_vs_real,original,822000,823000,4134,0,75,0.5,uniform,1.0,0.511085484255294,0.2612083722164683,ok
v2e_vs_real,original,823000,824000,4078,0,75,0.5,uniform,1.0,0.5148524921490106,0.26507308867204704,ok
v2e_vs_real,original,824000,825000,4087,0,75,0.5,uniform,1.0,0.5129577113496588,0.26312561363307996,ok
v2e_vs_real,original,825000,826000,4034,0,75,0.5,uniform,1.0,0.5136544726617797,0.263840917285451,ok
v2e_vs_real,original,826000,827000,4080,0,75,0.5,uniform,1.0,0.5096023107387788,0.2596945151103029,ok
v2e_vs_real,original,827000,828000,4064,0,75,0.5,uniform,1.0,0.5002555081500137,0.2502555734344285,ok
v2e_vs_real,original,828000,829000,4255,0,75,0.5,uniform,1.0,0.5044383331809441,0.25445803198236916,ok
v2e_vs_real,original,829000,830000,4107,0,75,0.5,uniform,1.0,0.5018594284473445,0.2518628859214953,ok
v2e_vs_real,original,830000,831000,4156,0,75,0.5,uniform,1.0,0.4976226042558244,0.2476282562663488,ok
v2e_vs_real,original,831000,832000,4410,0,75,0.5,uniform,1.0,0.48662993937530136,0.23680869789640946,ok
v2e_vs_real,original,832000,833000,4267,0,75,0.5,uniform,1.0,0.4894703632530587,0.23958123650308125,ok
v2e_vs_real,original,833000,834000,4195,0,75,0.5,uniform,1.0,0.485441873088797,0.23565381214795966,ok
v2e_vs_real,original,834000,835000,4166,0,75,0.5,uniform,1.0,0.4858977775444445,0.23609665022263052,ok
v2e_vs_real,original,835000,836000,4208,0,75,0.5,uniform,1.0,0.4839995669176825,0.2342555807765042,ok
v2e_vs_real,original,836000,837000,4174,0,75,0.5,uniform,1.0,0.4815693117216057,0.23190900199202108,ok
v2e_vs_real,original,837000,838000,4046,0,75,0.5,uniform,1.0,0.48285322167289757,0.23314723367989637,ok
v2e_vs_real,original,838000,839000,4092,0,75,0.5,uniform,1.0,0.4801391163368931,0.23053357103677258,ok
v2e_vs_real,original,839000,840000,4106,0,75,0.5,uniform,1.0,0.4783845414631695,0.22885176951092695,ok
v2e_vs_real,original,840000,841000,4015,0,75,0.5,uniform,1.0,0.47912422148454914,0.22956001961317532,ok
v2e_vs_real,original,841000,842000,4067,0,75,0.5,uniform,1.0,0.47770394959940754,0.22820106346287328,ok
v2e_vs_real,original,842000,843000,4177,0,75,0.5,uniform,1.0,0.4740726659395071,0.2247448925909915,ok
v2e_vs_real,original,843000,844000,4118,0,75,0.5,uniform,1.0,0.4748999455893825,0.22552995832079845,ok
v2e_vs_real,original,844000,845000,4078,0,75,0.5,uniform,1.0,0.4761362742926898,0.22670575169732352,ok
v2e_vs_real,original,845000,846000,4108,0,75,0.5,uniform,1.0,0.4743163424517879,0.22497599271684174,ok
v2e_vs_real,original,846000,847000,4205,0,75,0.5,uniform,1.0,0.47339682151348184,0.2241045506190674,ok
v2e_vs_real,original,847000,848000,4219,0,75,0.5,uniform,1.0,0.4697311150483698,0.2206473204445848,ok
v2e_vs_real,original,848000,849000,4373,0,75,0.5,uniform,1.0,0.47318324645855664,0.22390238472905913,ok
v2e_vs_real,original,849000,850000,4315,0,75,0.5,uniform,1.0,0.46989880362685077,0.22080488564994566,ok
v2e_vs_real,original,850000,851000,4485,0,75,0.5,uniform,1.0,0.4747358116309712,0.225374090844917,ok
v2e_vs_real,original,851000,852000,4394,0,75,0.5,uniform,1.0,0.4655627613396082,0.21674868474616102,ok
v2e_vs_real,original,852000,853000,4402,0,75,0.5,uniform,1.0,0.46886463822072916,0.21983404897385522,ok
v2e_vs_real,original,853000,854000,4317,0,75,0.5,uniform,1.0,0.46860021500877547,0.2195861615062706,ok
v2e_vs_real,original,854000,855000,4404,0,75,0.5,uniform,1.0,0.4683691834408578,0.21936969199705592,ok
v2e_vs_real,original,855000,856000,4343,0,75,0.5,uniform,1.0,0.4718962975378032,0.2226861156298869,ok
v2e_vs_real,original,856000,857000,4349,0,75,0.5,uniform,1.0,0.46653874976222826,0.21765840502970302,ok
v2e_vs_real,original,857000,858000,4396,0,75,0.5,uniform,1.0,0.46636166014398206,0.217493198052251,ok
v2e_vs_real,original,858000,859000,4318,0,75,0.5,uniform,1.0,0.4672636581182694,0.21833532619806695,ok
v2e_vs_real,original,859000,860000,8595,0,75,0.5,uniform,1.0,0.4538729976336214,0.20600069798092926,ok
v2e_vs_real,original,860000,861000,4386,0,75,0.5,uniform,1.0,0.4594706242773338,0.21111325457380284,ok
v2e_vs_real,original,861000,862000,4353,0,75,0.5,uniform,1.0,0.45805067692552004,0.20981042263192712,ok
v2e_vs_real,original,862000,863000,4279,0,75,0.5,uniform,1.0,0.4557954895181066,0.20774952826505041,ok
v2e_vs_real,original,863000,864000,4302,0,75,0.5,uniform,1.0,0.4526328977063173,0.20487654008601752,ok
v2e_vs_real,original,864000,865000,4682,0,75,0.5,uniform,1.0,0.44091945761076484,0.19440996809977107,ok
v2e_vs_real,original,865000,866000,4591,0,75,0.5,uniform,1.0,0.4389996810963797,0.19272072000272308,ok
v2e_vs_real,original,866000,867000,4633,0,75,0.5,uniform,1.0,0.4284147941649459,0.18353923585939294,ok
v2e_vs_real,original,867000,868000,4578,0,75,0.5,uniform,1.0,0.4269097734712466,0.18225195468527108,ok
v2e_vs_real,original,868000,869000,4515,0,75,0.5,uniform,1.0,0.42654902913255405,0.18194407425392445,ok
v2e_vs_real,original,869000,870000,4479,0,75,0.5,uniform,1.0,0.41898046812237694,0.17554463266804612,ok
v2e_vs_real,original,870000,871000,4613,0,75,0.5,uniform,1.0,0.417024341551246,0.17390930144625028,ok
v2e_vs_real,original,871000,872000,4596,0,75,0.5,uniform,1.0,0.4114471175208755,0.1692887305162371,ok
v2e_vs_real,original,872000,873000,4539,0,75,0.5,uniform,1.0,0.4110340798776241,0.16894901482084504,ok
v2e_vs_real,original,873000,874000,4559,0,75,0.5,uniform,1.0,0.4107617931340918,0.16872525069873442,ok
v2e_vs_real,original,874000,875000,4608,0,75,0.5,uniform,1.0,0.41287841530108943,0.17046858582153887,ok
v2e_vs_real,original,875000,876000,4520,0,75,0.5,uniform,1.0,0.4097208773686109,0.16787119735170428,ok
v2e_vs_real,original,876000,877000,4648,0,75,0.5,uniform,1.0,0.4014665883679619,0.16117542157581055,ok
v2e_vs_real,original,877000,878000,4632,0,75,0.5,uniform,1.0,0.40125142659810764,0.16100270734701658,ok
v2e_vs_real,original,878000,879000,4642,0,75,0.5,uniform,1.0,0.3977840590189843,0.15823215760961876,ok
v2e_vs_real,original,879000,880000,4644,0,75,0.5,uniform,1.0,0.3997330083739442,0.15978647798368376,ok
v2e_vs_real,original,880000,881000,4743,0,75,0.5,uniform,1.0,0.3978935986761883,0.15831931586748757,ok
v2e_vs_real,original,881000,882000,4935,0,75,0.5,uniform,1.0,0.3930025668047155,0.15445101751509488,ok
v2e_vs_real,original,882000,883000,4893,0,75,0.5,uniform,1.0,0.3913537705858953,0.1531577737517976,ok
v2e_vs_real,original,883000,884000,4932,0,75,0.5,uniform,1.0,0.38994214171560265,0.15205487388575115,ok
v2e_vs_real,original,884000,885000,4954,0,75,0.5,uniform,1.0,0.38789126313658273,0.15045963201769366,ok
v2e_vs_real,original,885000,886000,4924,0,75,0.5,uniform,1.0,0.38961597383345714,0.15180060706619314,ok
v2e_vs_real,original,886000,887000,4912,0,75,0.5,uniform,1.0,0.38612036976151987,0.14908893994477282,ok
v2e_vs_real,original,887000,888000,4768,0,75,0.5,uniform,1.0,0.3847760800923808,0.14805263181125825,ok
v2e_vs_real,original,888000,889000,4933,0,75,0.5,uniform,1.0,0.38228104607447183,0.14613879818779243,ok
v2e_vs_real,original,889000,890000,4884,0,75,0.5,uniform,1.0,0.3839538658389466,0.1474205710926718,ok
v2e_vs_real,original,890000,891000,4837,0,75,0.5,uniform,1.0,0.3847024453854246,0.14799597148552557,ok
v2e_vs_real,original,891000,892000,4915,0,75,0.5,uniform,1.0,0.3797081531297784,0.14417828155322723,ok
v2e_vs_real,original,892000,893000,4833,0,75,0.5,uniform,1.0,0.37898600519541664,0.14363039213398038,ok
v2e_vs_real,original,893000,894000,4970,0,75,0.5,uniform,1.0,0.38331140333602304,0.14692763192743133,ok
v2e_vs_real,original,894000,895000,4900,0,75,0.5,uniform,1.0,0.37524799303498213,0.140811056276782,ok
v2e_vs_real,original,895000,896000,4901,0,75,0.5,uniform,1.0,0.38107860545344946,0.1452209035343458,ok
v2e_vs_real,original,896000,897000,4909,0,75,0.5,uniform,1.0,0.37458061416175403,0.14031063650579687,ok
v2e_vs_real,original,897000,898000,4850,0,75,0.5,uniform,1.0,0.3720542676854787,0.13842437810297786,ok
v2e_vs_real,original,898000,899000,4958,0,75,0.5,uniform,1.0,0.37123237889791105,0.1378134791422022,ok
v2e_vs_real,original,899000,900000,4926,0,75,0.5,uniform,1.0,0.3632910251644847,0.13198036896506227,ok
v2e_vs_real,original,900000,901000,4938,0,75,0.5,uniform,1.0,0.3608883628127229,0.13024041041364753,ok
v2e_vs_real,original,901000,902000,4871,0,75,0.5,uniform,1.0,0.3549959742624948,0.12602214174257786,ok
v2e_vs_real,original,902000,903000,4845,0,75,0.5,uniform,1.0,0.3490359903973093,0.12182612259263059,ok
v2e_vs_real,original,903000,904000,4738,0,75,0.5,uniform,1.0,0.3453627859840908,0.1192754539426929,ok
v2e_vs_real,original,904000,905000,4797,0,75,0.5,uniform,1.0,0.3430037867699659,0.11765159773853623,ok
v2e_vs_real,original,905000,906000,4780,0,75,0.5,uniform,1.0,0.33516544564537615,0.1123358759546636,ok
v2e_vs_real,original,906000,907000,4645,0,75,0.5,uniform,1.0,0.33701406773148096,0.11357848184891922,ok
v2e_vs_real,original,907000,908000,4716,0,75,0.5,uniform,1.0,0.3336655964471981,0.11133273025246448,ok
v2e_vs_real,original,908000,909000,4618,0,75,0.5,uniform,1.0,0.3338845457865902,0.11147888991511767,ok
v2e_vs_real,original,909000,910000,4678,0,75,0.5,uniform,1.0,0.3275235854513797,0.10727169902692724,ok
v2e_vs_real,original,910000,911000,9220,0,75,0.5,uniform,1.0,0.3153973551524922,0.09947549163718727,ok
v2e_vs_real,original,911000,912000,4728,0,75,0.5,uniform,1.0,0.3209797749024243,0.10302801589641097,ok
v2e_vs_real,original,912000,913000,4768,0,75,0.5,uniform,1.0,0.3184511812135919,0.10141115481633195,ok
v2e_vs_real,original,913000,914000,4802,0,75,0.5,uniform,1.0,0.3174757537641748,0.10079085422813094,ok
v2e_vs_real,original,914000,915000,5011,0,75,0.5,uniform,1.0,0.31422290051831714,0.09873603121014424,ok
v2e_vs_real,original,915000,916000,4938,0,75,0.5,uniform,1.0,0.3157908027622418,0.09972383110922112,ok
v2e_vs_real,original,916000,917000,4911,0,75,0.5,uniform,1.0,0.3092693306931746,0.0956475189074042,ok
v2e_vs_real,original,917000,918000,4999,0,75,0.5,uniform,1.0,0.3103641440987563,0.09632590194215357,ok
v2e_vs_real,original,918000,919000,5091,0,75,0.5,uniform,1.0,0.3074733710481806,0.09453987390373214,ok
v2e_vs_real,original,919000,920000,4998,0,75,0.5,uniform,1.0,0.3046956452652122,0.09283943624358404,ok
v2e_vs_real,original,920000,921000,4966,0,75,0.5,uniform,1.0,0.3053411733337465,0.09323323213282902,ok
v2e_vs_real,original,921000,922000,5038,0,75,0.5,uniform,1.0,0.3004745746922631,0.09028497003649638,ok
v2e_vs_real,original,922000,923000,5013,0,75,0.5,uniform,1.0,0.2952956802595127,0.08719953877992836,ok
v2e_vs_real,original,923000,924000,4991,0,75,0.5,uniform,1.0,0.2912616367050334,0.08483334101609485,ok
v2e_vs_real,original,924000,925000,5020,0,75,0.5,uniform,1.0,0.2924505516681826,0.08552732517102435,ok
v2e_vs_real,original,925000,926000,4957,0,75,0.5,uniform,1.0,0.2916661395739621,0.08506913697397794,ok
v2e_vs_real,original,926000,927000,4852,0,75,0.5,uniform,1.0,0.2865077354550664,0.08208668247559031,ok
v2e_vs_real,original,927000,928000,4927,0,75,0.5,uniform,1.0,0.2831344021531348,0.08016508968261304,ok
v2e_vs_real,original,928000,929000,4915,0,75,0.5,uniform,1.0,0.28565964008419337,0.08160142997303088,ok
v2e_vs_real,original,929000,930000,4877,0,75,0.5,uniform,1.0,0.2821022768337252,0.07958169459477171,ok
v2e_vs_real,original,930000,931000,4925,0,75,0.5,uniform,1.0,0.2783811800508902,0.07749608140652614,ok
v2e_vs_real,original,931000,932000,4766,0,75,0.5,uniform,1.0,0.2821229744301794,0.07959337270133165,ok
v2e_vs_real,original,932000,933000,4161,0,75,0.5,uniform,1.0,0.2825114112023087,0.07981269745951997,ok
v2e_vs_real,original,933000,934000,4101,0,75,0.5,uniform,1.0,0.267814339264457,0.07172452031565768,ok
v2e_vs_real,original,934000,935000,4157,0,75,0.5,uniform,1.0,0.2690609831171061,0.07239381263594363,ok
v2e_vs_real,original,935000,936000,8107,0,75,0.5,uniform,1.0,0.255124862263,0.06508869534471473,ok
v2e_vs_real,original,936000,937000,4011,0,75,0.5,uniform,1.0,0.24830732642989023,0.061656528358760065,ok
v2e_vs_real,original,937000,938000,3981,0,75,0.5,uniform,1.0,0.24799852950497459,0.06150327063662975,ok
v2e_vs_real,original,938000,939000,4051,0,75,0.5,uniform,1.0,0.24200321880317308,0.058565557911096466,ok
v2e_vs_real,original,939000,940000,3997,0,75,0.5,uniform,1.0,0.24283056805728231,0.058966684783022416,ok
v2e_vs_real,original,940000,941000,7794,0,75,0.5,uniform,1.0,0.22966696939003817,0.052746916828804724,ok
v2e_vs_real,original,941000,942000,3893,0,75,0.5,uniform,1.0,0.2293512606030017,0.052602000740186006,ok
v2e_vs_real,original,942000,943000,3866,0,75,0.5,uniform,1.0,0.22245020168993127,0.0494840922318911,ok
v2e_vs_real,original,943000,944000,3893,0,75,0.5,uniform,1.0,0.22035407891918063,0.04855592009632048,ok
v2e_vs_real,original,944000,945000,3915,0,75,0.5,uniform,1.0,0.2222442129642238,0.04939249019608727,ok
v2e_vs_real,original,945000,946000,7805,0,75,0.5,uniform,1.0,0.21301625919169317,0.045375926680022605,ok
v2e_vs_real,original,946000,947000,3934,0,75,0.5,uniform,1.0,0.2084990410508895,0.04347185011914051,ok
v2e_vs_real,original,947000,948000,3985,0,75,0.5,uniform,1.0,0.20915083438379042,0.043744071523435735,ok
v2e_vs_real,original,948000,949000,3945,0,75,0.5,uniform,1.0,0.2068706457606311,0.04279546407742052,ok
v2e_vs_real,original,949000,950000,3977,0,75,0.5,uniform,1.0,0.206284437659673,0.04255326922056751,ok
v2e_vs_real,original,950000,951000,8055,0,75,0.5,uniform,1.0,0.19811273176427555,0.039248654487103796,ok
v2e_vs_real,original,951000,952000,3972,0,75,0.5,uniform,1.0,0.19703770304035803,0.03882385641942032,ok
v2e_vs_real,original,952000,953000,4046,0,75,0.5,uniform,1.0,0.19266167532331022,0.0371185211383846,ok
v2e_vs_real,original,953000,954000,3993,0,75,0.5,uniform,1.0,0.18798720472412792,0.03533918913999118,ok
v2e_vs_real,original,954000,955000,4014,0,75,0.5,uniform,1.0,0.19576006916647132,0.03832200468006164,ok
v2e_vs_real,original,955000,956000,8005,0,75,0.5,uniform,1.0,0.17991457080312862,0.03236925278727398,ok
v2e_vs_real,original,956000,957000,3942,0,75,0.5,uniform,1.0,0.17773905668453785,0.03159117227110936,ok
v2e_vs_real,original,957000,958000,3971,0,75,0.5,uniform,1.0,0.17364727078862188,0.030153374652336973,ok
v2e_vs_real,original,958000,959000,4005,0,75,0.5,uniform,1.0,0.17356788931175873,0.030125812200138935,ok
v2e_vs_real,original,959000,960000,3967,0,75,0.5,uniform,1.0,0.18036513337431814,0.03253158133713557,ok
v2e_vs_real,original,960000,961000,7929,0,75,0.5,uniform,1.0,0.17096427482357915,0.029228783265952296,ok
v2e_vs_real,original,961000,962000,3890,0,75,0.5,uniform,1.0,0.17221095974673867,0.029656614656892843,ok
v2e_vs_real,original,962000,963000,4018,0,75,0.5,uniform,1.0,0.17013470770870695,0.02894581876712715,ok
v2e_vs_real,original,963000,964000,3934,0,75,0.5,uniform,1.0,0.16727031359135494,0.027979357808950223,ok
v2e_vs_real,original,964000,965000,3880,0,75,0.5,uniform,1.0,0.172927446745123,0.02990390183778735,ok
v2e_vs_real,original,965000,966000,7769,0,75,0.5,uniform,1.0,0.18242295643120826,0.03327813503310251,ok
v2e_vs_real,original,966000,967000,3882,0,75,0.5,uniform,1.0,0.1747106402062633,0.030523807801282388,ok
v2e_vs_real,original,967000,968000,3768,0,75,0.5,uniform,1.0,0.16608884449651454,0.02758550426618739,ok
v2e_vs_real,original,968000,969000,3776,0,75,0.5,uniform,1.0,0.1575819101274045,0.02483205839940139,ok
v2e_vs_real,original,969000,970000,3674,0,75,0.5,uniform,1.0,0.15705404531526823,0.02466597314989033,ok
v2e_vs_real,original,970000,971000,7404,0,75,0.5,uniform,1.0,0.14100501076260247,0.01988241306016164,ok
v2e_vs_real,original,971000,972000,3638,0,75,0.5,uniform,1.0,0.1421096285329206,0.020195146521764684,ok
v2e_vs_real,original,972000,973000,3641,0,75,0.5,uniform,1.0,0.12748584453110468,0.016252640555808995,ok
v2e_vs_real,original,973000,974000,3669,0,75,0.5,uniform,1.0,0.1264069012456306,0.015978704682522604,ok
v2e_vs_real,original,974000,975000,3653,0,75,0.5,uniform,1.0,0.126643756671507,0.016038641103871876,ok
v2e_vs_real,original,975000,976000,7149,0,75,0.5,uniform,1.0,0.11462327586455098,0.013138495369920955,ok
v2e_vs_real,original,976000,977000,3700,0,75,0.5,uniform,1.0,0.11619781800724487,0.013501932909644798,ok
v2e_vs_real,original,977000,978000,3626,0,75,0.5,uniform,1.0,0.10472312431581107,0.01096693276646482,ok
v2e_vs_real,original,978000,979000,3716,0,75,0.5,uniform,1.0,0.10394226552542728,0.010803994562558428,ok
v2e_vs_real,original,979000,980000,3669,0,75,0.5,uniform,1.0,0.1105826806454033,0.012228529258723253,ok
v2e_vs_real,original,980000,981000,7399,0,75,0.5,uniform,1.0,0.10070018395759356,0.010140527049093184,ok
v2e_vs_real,original,981000,982000,3727,0,75,0.5,uniform,1.0,0.09808910960805349,0.009621473423700733,ok
v2e_vs_real,original,982000,983000,3734,0,75,0.5,uniform,1.0,0.09468811101700615,0.008965838367968881,ok
v2e_vs_real,original,983000,984000,3770,0,75,0.5,uniform,1.0,0.08701471435827918,0.007571560514852915,ok
v2e_vs_real,original,984000,985000,3701,0,75,0.5,uniform,1.0,0.10090439401838903,0.010181696732218304,ok
v2e_vs_real,original,985000,986000,7562,0,75,0.5,uniform,1.0,0.08347305341422472,0.006967750646294013,ok
v2e_vs_real,original,986000,987000,3737,0,75,0.5,uniform,1.0,0.08484889267443774,0.0071993345880782544,ok
v2e_vs_real,original,987000,988000,3783,0,75,0.5,uniform,1.0,0.08113849041488869,0.006583454626806984,ok
v2e_vs_real,original,988000,989000,3871,0,75,0.5,uniform,1.0,0.07784835731212444,0.006060366736196199,ok
v2e_vs_real,original,989000,990000,3824,0,75,0.5,uniform,1.0,0.08100105858328954,0.0065611714916135044,ok
v2e_vs_real,original,990000,991000,7539,0,75,0.5,uniform,1.0,0.06913583453698523,0.004779763617125399,ok
v2e_vs_real,original,991000,992000,3762,0,75,0.5,uniform,1.0,0.08052932910290816,0.006484972845764492,ok
v2e_vs_real,original,992000,993000,3785,0,75,0.5,uniform,1.0,0.07061948635328782,0.004987111852802206,ok
v2e_vs_real,original,993000,994000,3713,0,75,0.5,uniform,1.0,0.06891731258157546,0.0047495959734665805,ok
v2e_vs_real,original,994000,995000,3757,0,75,0.5,uniform,1.0,0.0864254983263899,0.007469366760964824,ok
v2e_vs_real,original,995000,996000,7339,0,75,0.5,uniform,1.0,0.07116631613272514,0.005064644551902975,ok
v2e_vs_real,original,996000,997000,3678,0,75,0.5,uniform,1.0,0.08239457553414103,0.006788866077451272,ok
v2e_vs_real,original,997000,998000,3670,0,75,0.5,uniform,1.0,0.07314306119634069,0.0053499074011716385,ok
v2e_vs_real,original,998000,999000,3744,0,75,0.5,uniform,1.0,0.09730784366514328,0.009468816438759964,ok
v2e_vs_real,original,999000,1000000,3654,0,75,0.5,uniform,1.0,0.10396338728784664,0.010808385896362793,ok
v2e_vs_real,original,1000000,1001000,7137,0,75,0.5,uniform,1.0,0.09000204826883208,0.00810036869258518,ok
v2e_vs_real,original,1001000,1002000,3522,0,75,0.5,uniform,1.0,0.09085482973363997,0.00825460008592871,ok
v2e_vs_real,original,1002000,1003000,3569,0,75,0.5,uniform,1.0,0.09278034684113243,0.008608192759960831,ok
v2e_vs_real,original,1003000,1004000,3589,0,75,0.5,uniform,1.0,0.08287362737917721,0.006868038114982711,ok
v2e_vs_real,original,1004000,1005000,3552,0,75,0.5,uniform,1.0,0.09625710189067425,0.009265429664391645,ok
v2e_vs_real,original,1005000,1006000,7023,0,75,0.5,uniform,1.0,0.08115277350448426,0.006585772647470123,ok
v2e_vs_real,original,1006000,1007000,3493,0,75,0.5,uniform,1.0,0.08561395567311804,0.00732974940599862,ok
v2e_vs_real,original,1007000,1008000,3525,0,75,0.5,uniform,1.0,0.08385177065202813,0.007031119441480327,ok
v2e_vs_real,original,1008000,1009000,3527,0,75,0.5,uniform,1.0,0.07897022998820405,0.006236297224389842,ok
v2e_vs_real,original,1009000,1010000,3614,0,75,0.5,uniform,1.0,0.09119819178697189,0.008317110185213306,ok
v2e_vs_real,original,1010000,1011000,7059,0,75,0.5,uniform,1.0,0.08271789059380125,0.006842249424288072,ok
v2e_vs_real,original,1011000,1012000,3571,0,75,0.5,uniform,1.0,0.09410795402634661,0.008856307011024966,ok
v2e_vs_real,original,1012000,1013000,3599,0,75,0.5,uniform,1.0,0.08454722759914307,0.0071482336947013,ok
v2e_vs_real,original,1013000,1014000,3654,0,75,0.5,uniform,1.0,0.08837997169159793,0.007811019396207652,ok
v2e_vs_real,original,1014000,1015000,3661,0,75,0.5,uniform,1.0,0.09878180678671548,0.009757845352047989,ok
