comparison_set,variant,window_start,window_end,n_events,distance,distance_squared,status
real_vs_real,original,16000,17000,1393,8.527903523738475,,ok
real_vs_real,original,17000,18000,1380,6.905303101443902,,ok
real_vs_real,original,18000,19000,1391,16.483838297034204,,ok
real_vs_real,original,19000,20000,1441,9.598842751068434,,ok
real_vs_real,original,20000,21000,1400,12.506571311887983,,ok
real_vs_real,original,21000,22000,1484,6.065802023105615,,ok
real_vs_real,original,22000,23000,1420,4.115403371742941,,ok
real_vs_real,original,23000,24000,1464,4.767098777092621,,ok
real_vs_real,original,24000,25000,1422,9.880068091723755,,ok
real_vs_real,original,25000,26000,1437,4.54445204966383,,ok
real_vs_real,original,26000,27000,1461,11.160370787491699,,ok
real_vs_real,original,27000,28000,1464,9.996134406509627,,ok
real_vs_real,original,28000,29000,1395,11.998314831430413,,ok
real_vs_real,original,29000,30000,1535,12.917483111130968,,ok
real_vs_real,original,30000,31000,1471,6.115921645571403,,ok
real_vs_real,original,31000,32000,1518,6.1051372150230385,,ok
real_vs_real,original,32000,33000,1454,7.24659683165535,,ok
real_vs_real,original,33000,34000,1454,10.290849703236713,,ok
real_vs_real,original,34000,35000,1436,9.726864506999732,,ok
real_vs_real,original,35000,36000,1491,12.038611918763854,,ok
real_vs_real,original,36000,37000,1450,13.637072984058577,,ok
real_vs_real,original,37000,38000,1525,11.424263786462202,,ok
real_vs_real,original,38000,39000,1480,9.516703216593212,,ok
real_vs_real,original,39000,40000,1500,9.160141280403824,,ok
real_vs_real,original,40000,41000,1460,10.985880694589582,,ok
real_vs_real,original,41000,42000,1410,8.856671364102729,,ok
real_vs_real,original,42000,43000,1495,12.327733325629715,,ok
real_vs_real,original,43000,44000,1441,13.705016978814943,,ok
real_vs_real,original,44000,45000,1482,14.548374136156283,,ok
real_vs_real,original,45000,46000,1530,16.20174156342884,,ok
real_vs_real,original,46000,47000,1479,10.042346678383911,,ok
real_vs_real,original,47000,48000,1498,12.475406545106445,,ok
real_vs_real,original,48000,49000,1482,8.818992896933214,,ok
real_vs_real,original,49000,50000,1498,12.100817714349281,,ok
real_vs_real,original,50000,51000,1468,13.31910828319544,,ok
real_vs_real,original,51000,52000,1438,11.88812015249711,,ok
real_vs_real,original,52000,53000,1524,14.179997519746633,,ok
real_vs_real,original,53000,54000,1532,18.469187218464405,,ok
real_vs_real,original,54000,55000,1456,14.483540340458026,,ok
real_vs_real,original,55000,56000,1443,12.032444807461149,,ok
real_vs_real,original,56000,57000,1488,13.549810510764665,,ok
real_vs_real,original,57000,58000,1542,13.673642921732798,,ok
real_vs_real,original,58000,59000,1485,12.445396629991517,,ok
real_vs_real,original,59000,60000,1469,13.69257401776906,,ok
real_vs_real,original,60000,61000,1519,14.58314747242364,,ok
real_vs_real,original,61000,62000,1546,18.26956736012945,,ok
real_vs_real,original,62000,63000,1495,15.140370115379097,,ok
real_vs_real,original,63000,64000,1439,14.12912950828894,,ok
real_vs_real,original,64000,65000,1540,13.682836741691569,,ok
real_vs_real,original,65000,66000,1529,15.360054205638065,,ok
real_vs_real,original,66000,67000,1511,15.970125531052922,,ok
real_vs_real,original,67000,68000,1456,16.064901460448347,,ok
real_vs_real,original,68000,69000,1511,19.215168119250762,,ok
real_vs_real,original,69000,70000,1471,18.363843668365494,,ok
real_vs_real,original,70000,71000,1532,16.701292321159283,,ok
real_vs_real,original,71000,72000,1488,17.454121632874635,,ok
real_vs_real,original,72000,73000,1454,15.687059845967454,,ok
real_vs_real,original,73000,74000,1509,18.546676925927216,,ok
real_vs_real,original,74000,75000,1493,15.678925863745798,,ok
real_vs_real,original,75000,76000,1471,16.75155272133497,,ok
real_vs_real,original,76000,77000,1495,18.003040031710462,,ok
real_vs_real,original,77000,78000,1470,17.724284271154996,,ok
real_vs_real,original,78000,79000,1599,20.547530522568856,,ok
real_vs_real,original,79000,80000,1498,17.669317971760396,,ok
real_vs_real,original,80000,81000,1463,19.494670933217634,,ok
real_vs_real,original,81000,82000,1481,18.31011334453714,,ok
real_vs_real,original,82000,83000,1512,18.331490654460257,,ok
real_vs_real,original,83000,84000,1500,17.224311529017037,,ok
real_vs_real,original,84000,85000,1494,17.568522207430423,,ok
real_vs_real,original,85000,86000,1381,18.864877966715536,,ok
real_vs_real,original,86000,87000,1526,17.758735982463065,,ok
real_vs_real,original,87000,88000,1488,17.377648727476195,,ok
real_vs_real,original,88000,89000,1480,14.886676678879079,,ok
real_vs_real,original,89000,90000,1437,15.564826985932186,,ok
real_vs_real,original,90000,91000,1386,16.440400426270582,,ok
real_vs_real,original,91000,92000,1493,20.16087030548314,,ok
real_vs_real,original,92000,93000,1402,16.279713528295588,,ok
real_vs_real,original,93000,94000,1365,18.45387977706232,,ok
real_vs_real,original,94000,95000,1443,18.00029903917234,,ok
real_vs_real,original,95000,96000,1381,17.47186948710246,,ok
real_vs_real,original,96000,97000,1378,18.097257969288073,,ok
real_vs_real,original,97000,98000,1384,19.43358883599965,,ok
real_vs_real,original,98000,99000,1332,19.924120593261705,,ok
real_vs_real,original,99000,100000,1399,20.53690563856984,,ok
real_vs_real,original,100000,101000,1389,19.07996689363741,,ok
real_vs_real,original,101000,102000,1406,21.491618949310737,,ok
real_vs_real,original,102000,103000,1367,18.816076694905643,,ok
real_vs_real,original,103000,104000,1419,19.770569542913822,,ok
real_vs_real,original,104000,105000,1388,18.622285781011165,,ok
real_vs_real,original,105000,106000,1380,19.70008048096118,,ok
real_vs_real,original,106000,107000,1323,19.643122326485777,,ok
real_vs_real,original,107000,108000,1399,23.345726633541936,,ok
real_vs_real,original,108000,109000,1356,19.354930384674777,,ok
real_vs_real,original,109000,110000,1381,20.727558953788634,,ok
real_vs_real,original,110000,111000,1365,23.018909053137595,,ok
real_vs_real,original,111000,112000,1361,22.88122037069181,,ok
real_vs_real,original,112000,113000,1348,20.487146414707478,,ok
real_vs_real,original,113000,114000,1379,21.49512160301418,,ok
real_vs_real,original,114000,115000,1345,23.41445211081384,,ok
real_vs_real,original,115000,116000,1392,22.41293034356826,,ok
real_vs_real,original,116000,117000,1395,21.72435726086661,,ok
real_vs_real,original,117000,118000,1341,21.60971967472424,,ok
real_vs_real,original,118000,119000,1376,22.099838382069656,,ok
real_vs_real,original,119000,120000,1395,21.44268951367407,,ok
real_vs_real,original,120000,121000,1404,22.67295454391557,,ok
real_vs_real,original,121000,122000,1341,22.76004382484682,,ok
real_vs_real,original,122000,123000,1365,20.597019281653743,,ok
real_vs_real,original,123000,124000,1456,21.60958353685504,,ok
real_vs_real,original,124000,125000,1420,22.582641585893985,,ok
real_vs_real,original,125000,126000,1396,23.010350444831904,,ok
real_vs_real,original,126000,127000,1355,23.161880375132384,,ok
real_vs_real,original,127000,128000,1346,23.67390576463904,,ok
real_vs_real,original,128000,129000,1405,22.97345897503167,,ok
real_vs_real,original,129000,130000,1417,23.006628484816243,,ok
real_vs_real,original,130000,131000,1335,25.226471585502217,,ok
real_vs_real,original,131000,132000,1377,23.012676195765412,,ok
real_vs_real,original,132000,133000,1416,25.048891718978243,,ok
real_vs_real,original,133000,134000,1381,26.480441178191175,,ok
real_vs_real,original,134000,135000,1336,26.23420118463691,,ok
real_vs_real,original,135000,136000,1335,26.66855710163878,,ok
real_vs_real,original,136000,137000,1346,26.0956106091833,,ok
real_vs_real,original,137000,138000,1328,25.49637457113242,,ok
real_vs_real,original,138000,139000,1337,26.000958441714047,,ok
real_vs_real,original,139000,140000,1383,27.04087045996046,,ok
real_vs_real,original,140000,141000,1322,27.234018586289523,,ok
real_vs_real,original,141000,142000,1326,29.348949636628802,,ok
real_vs_real,original,142000,143000,1290,26.704110501455236,,ok
real_vs_real,original,143000,144000,1358,27.071102063163767,,ok
real_vs_real,original,144000,145000,1380,26.851443382755363,,ok
real_vs_real,original,145000,146000,1356,27.79794514736323,,ok
real_vs_real,original,146000,147000,1348,26.51319849605327,,ok
real_vs_real,original,147000,148000,1364,28.597414046949233,,ok
real_vs_real,original,148000,149000,1322,30.78085449870363,,ok
real_vs_real,original,149000,150000,1312,28.06944876230827,,ok
real_vs_real,original,150000,151000,1347,28.188390547328687,,ok
real_vs_real,original,151000,152000,1291,28.796078687670814,,ok
real_vs_real,original,152000,153000,1285,27.769418827463696,,ok
real_vs_real,original,153000,154000,1397,27.166106973304935,,ok
real_vs_real,original,154000,155000,1353,27.735868793415467,,ok
real_vs_real,original,155000,156000,1343,26.945377212796114,,ok
real_vs_real,original,156000,157000,1328,30.31358629493828,,ok
real_vs_real,original,157000,158000,1312,28.86693467357662,,ok
real_vs_real,original,158000,159000,1265,29.34797947579755,,ok
real_vs_real,original,159000,160000,1294,31.358097789308054,,ok
real_vs_real,original,160000,161000,1260,30.061125950215118,,ok
real_vs_real,original,161000,162000,1354,28.8106493043553,,ok
real_vs_real,original,162000,163000,1301,27.46392881959698,,ok
real_vs_real,original,163000,164000,1308,29.062580215977015,,ok
real_vs_real,original,164000,165000,1312,28.308863579107783,,ok
real_vs_real,original,165000,166000,1371,29.18537384269255,,ok
real_vs_real,original,166000,167000,1341,30.789858916960984,,ok
real_vs_real,original,167000,168000,1266,31.223290324538524,,ok
real_vs_real,original,168000,169000,1358,28.876543022990244,,ok
real_vs_real,original,169000,170000,1246,29.45558768219059,,ok
real_vs_real,original,170000,171000,1352,29.27501358743129,,ok
real_vs_real,original,171000,172000,1345,30.231823991715867,,ok
real_vs_real,original,172000,173000,1248,30.886427099669536,,ok
real_vs_real,original,173000,174000,1295,31.86993343172715,,ok
real_vs_real,original,174000,175000,1318,31.447379053849513,,ok
real_vs_real,original,175000,176000,1286,30.541210177494836,,ok
real_vs_real,original,176000,177000,1202,32.28488255510514,,ok
real_vs_real,original,177000,178000,1258,29.838000167513005,,ok
real_vs_real,original,178000,179000,1268,30.918429961091615,,ok
real_vs_real,original,179000,180000,1259,30.727892731739868,,ok
real_vs_real,original,180000,181000,1322,31.824139675004954,,ok
real_vs_real,original,181000,182000,1231,33.4075235119565,,ok
real_vs_real,original,182000,183000,1261,31.867287693576053,,ok
real_vs_real,original,183000,184000,1171,33.27775847206004,,ok
real_vs_real,original,184000,185000,1215,31.884817244933128,,ok
real_vs_real,original,185000,186000,1224,31.779870663550952,,ok
real_vs_real,original,186000,187000,1176,32.303047038422314,,ok
real_vs_real,original,187000,188000,1251,31.46563984659627,,ok
real_vs_real,original,188000,189000,1237,33.521910265126344,,ok
real_vs_real,original,189000,190000,1269,32.79502180842522,,ok
real_vs_real,original,190000,191000,1151,33.233740475970706,,ok
real_vs_real,original,191000,192000,1249,33.65764886745122,,ok
real_vs_real,original,192000,193000,1135,31.94930322904754,,ok
real_vs_real,original,193000,194000,1070,32.581224360805365,,ok
real_vs_real,original,194000,195000,1142,32.98047797322915,,ok
real_vs_real,original,195000,196000,1138,31.278832417314597,,ok
real_vs_real,original,196000,197000,1155,33.172168275324196,,ok
real_vs_real,original,197000,198000,1123,36.08357344609475,,ok
real_vs_real,original,198000,199000,1060,35.31273733741165,,ok
real_vs_real,original,199000,200000,1131,36.81307639132404,,ok
real_vs_real,original,200000,201000,1013,37.349083243296356,,ok
real_vs_real,original,201000,202000,1015,33.69451541356359,,ok
real_vs_real,original,202000,203000,966,36.59655774651315,,ok
real_vs_real,original,203000,204000,952,33.98567732554167,,ok
real_vs_real,original,204000,205000,1011,36.8088446376689,,ok
real_vs_real,original,205000,206000,961,44.26279322329067,,ok
real_vs_real,original,206000,207000,977,42.143591621182885,,ok
real_vs_real,original,207000,208000,955,44.9495261255726,,ok
real_vs_real,original,208000,209000,854,41.610529715059954,,ok
real_vs_real,original,209000,210000,827,39.19202844714829,,ok
real_vs_real,original,210000,211000,875,40.595654166285485,,ok
real_vs_real,original,211000,212000,874,39.93410775422506,,ok
real_vs_real,original,212000,213000,877,40.33160513847614,,ok
real_vs_real,original,213000,214000,923,44.35518753454729,,ok
real_vs_real,original,214000,215000,893,46.1514981125542,,ok
real_vs_real,original,215000,216000,926,46.329867876609136,,ok
real_vs_real,original,216000,217000,922,49.998670555271495,,ok
real_vs_real,original,217000,218000,837,41.99008961904722,,ok
real_vs_real,original,218000,219000,850,41.4761678790836,,ok
real_vs_real,original,219000,220000,902,44.606412722376604,,ok
real_vs_real,original,220000,221000,846,37.39962014160997,,ok
real_vs_real,original,221000,222000,955,41.11061635589255,,ok
real_vs_real,original,222000,223000,959,45.90706652102724,,ok
real_vs_real,original,223000,224000,954,48.66396924673259,,ok
real_vs_real,original,224000,225000,884,49.23585122879325,,ok
real_vs_real,original,225000,226000,848,43.309827782277715,,ok
real_vs_real,original,226000,227000,838,43.05932750479084,,ok
real_vs_real,original,227000,228000,893,42.313027310626374,,ok
real_vs_real,original,228000,229000,854,42.46270929063635,,ok
real_vs_real,original,229000,230000,945,43.07941060281913,,ok
real_vs_real,original,230000,231000,892,45.073568830442284,,ok
real_vs_real,original,231000,232000,911,46.052131475950574,,ok
real_vs_real,original,232000,233000,935,49.76476263886241,,ok
real_vs_real,original,233000,234000,931,46.157809482584604,,ok
real_vs_real,original,234000,235000,810,44.46835322691423,,ok
real_vs_real,original,235000,236000,813,44.84128277681699,,ok
real_vs_real,original,236000,237000,859,42.31356373692914,,ok
real_vs_real,original,237000,238000,921,40.18660478715375,,ok
real_vs_real,original,238000,239000,921,45.84675446606387,,ok
real_vs_real,original,239000,240000,923,49.70448575731535,,ok
real_vs_real,original,240000,241000,971,48.56023953764038,,ok
real_vs_real,original,241000,242000,917,47.0637755481012,,ok
real_vs_real,original,242000,243000,891,44.70315676322619,,ok
real_vs_real,original,243000,244000,861,43.20561822119912,,ok
real_vs_real,original,244000,245000,885,44.94545860360088,,ok
real_vs_real,original,245000,246000,930,43.65004248864965,,ok
real_vs_real,original,246000,247000,929,46.1341851690536,,ok
real_vs_real,original,247000,248000,902,48.79274137442426,,ok
real_vs_real,original,248000,249000,920,47.51924482272858,,ok
real_vs_real,original,249000,250000,896,51.0409479071727,,ok
real_vs_real,original,250000,251000,860,49.98186828378735,,ok
real_vs_real,original,251000,252000,851,43.287552903383755,,ok
real_vs_real,original,252000,253000,923,45.5761599230874,,ok
real_vs_real,original,253000,254000,832,41.65223230865157,,ok
real_vs_real,original,254000,255000,941,48.917548252282614,,ok
real_vs_real,original,255000,256000,894,51.363798852110584,,ok
real_vs_real,original,256000,257000,880,51.39283458086129,,ok
real_vs_real,original,257000,258000,949,48.48159312690581,,ok
real_vs_real,original,258000,259000,877,49.65919330958574,,ok
real_vs_real,original,259000,260000,827,47.56094854028409,,ok
real_vs_real,original,260000,261000,821,46.772327164500005,,ok
real_vs_real,original,261000,262000,899,45.86802003898381,,ok
real_vs_real,original,262000,263000,907,45.122549484166214,,ok
real_vs_real,original,263000,264000,981,49.033258564470124,,ok
real_vs_real,original,264000,265000,956,50.89609355159799,,ok
real_vs_real,original,265000,266000,879,52.32060786033782,,ok
real_vs_real,original,266000,267000,862,50.16767566518961,,ok
real_vs_real,original,267000,268000,871,46.57020308331813,,ok
real_vs_real,original,268000,269000,831,46.7164413815599,,ok
real_vs_real,original,269000,270000,896,45.83369435824816,,ok
real_vs_real,original,270000,271000,855,43.69823174029099,,ok
real_vs_real,original,271000,272000,957,49.15461129837276,,ok
real_vs_real,original,272000,273000,903,48.76754570676472,,ok
real_vs_real,original,273000,274000,958,51.06536053637086,,ok
real_vs_real,original,274000,275000,876,56.21511765326446,,ok
real_vs_real,original,275000,276000,863,52.06049526637084,,ok
real_vs_real,original,276000,277000,814,49.73138280213244,,ok
real_vs_real,original,277000,278000,870,50.98523232287889,,ok
real_vs_real,original,278000,279000,923,47.42432776947529,,ok
real_vs_real,original,279000,280000,964,45.975219355115875,,ok
real_vs_real,original,280000,281000,972,48.002435478772036,,ok
real_vs_real,original,281000,282000,998,48.482078166371394,,ok
real_vs_real,original,282000,283000,952,52.51108741608657,,ok
real_vs_real,original,283000,284000,1077,49.710073313266236,,ok
real_vs_real,original,284000,285000,1013,45.19239546289647,,ok
real_vs_real,original,285000,286000,1076,47.83128079037151,,ok
real_vs_real,original,286000,287000,1080,43.88851322444586,,ok
real_vs_real,original,287000,288000,1120,46.307640725976846,,ok
real_vs_real,original,288000,289000,1158,47.09837653424059,,ok
real_vs_real,original,289000,290000,1130,47.72493401604186,,ok
real_vs_real,original,290000,291000,1187,46.87866668342406,,ok
real_vs_real,original,291000,292000,1160,49.36325194761007,,ok
real_vs_real,original,292000,293000,1159,44.2950755765391,,ok
real_vs_real,original,293000,294000,1163,47.626746376512116,,ok
real_vs_real,original,294000,295000,1233,46.007979237663854,,ok
real_vs_real,original,295000,296000,1257,45.55824199581379,,ok
real_vs_real,original,296000,297000,1275,46.260220718617205,,ok
real_vs_real,original,297000,298000,1205,47.546268505169245,,ok
real_vs_real,original,298000,299000,1264,49.101734626879995,,ok
real_vs_real,original,299000,300000,1274,46.99417221735253,,ok
real_vs_real,original,300000,301000,1243,50.19709601402909,,ok
real_vs_real,original,301000,302000,1298,48.32092721248305,,ok
real_vs_real,original,302000,303000,1283,47.3236392833964,,ok
real_vs_real,original,303000,304000,1335,43.7046123810607,,ok
real_vs_real,original,304000,305000,1248,46.10580286616331,,ok
real_vs_real,original,305000,306000,1329,46.87103543906287,,ok
real_vs_real,original,306000,307000,1333,48.265368118667425,,ok
real_vs_real,original,307000,308000,1305,48.25074846638188,,ok
real_vs_real,original,308000,309000,1321,50.78366658572559,,ok
real_vs_real,original,309000,310000,1338,48.31148294026162,,ok
real_vs_real,original,310000,311000,1293,45.5830845093325,,ok
real_vs_real,original,311000,312000,1439,49.007922418218406,,ok
real_vs_real,original,312000,313000,1388,47.26351404148815,,ok
real_vs_real,original,313000,314000,1349,48.10937667006969,,ok
real_vs_real,original,314000,315000,1380,48.14514909540882,,ok
real_vs_real,original,315000,316000,1357,48.918462157327774,,ok
real_vs_real,original,316000,317000,1361,48.12042727076761,,ok
real_vs_real,original,317000,318000,1367,47.10381746634353,,ok
real_vs_real,original,318000,319000,1404,48.33418563808627,,ok
real_vs_real,original,319000,320000,1398,43.97603756006586,,ok
real_vs_real,original,320000,321000,1468,47.168061673312096,,ok
real_vs_real,original,321000,322000,1424,46.575469751695884,,ok
real_vs_real,original,322000,323000,1411,47.09092079177973,,ok
real_vs_real,original,323000,324000,1436,45.6152911093137,,ok
real_vs_real,original,324000,325000,1352,49.447626521103395,,ok
real_vs_real,original,325000,326000,1423,46.88931130774499,,ok
real_vs_real,original,326000,327000,1479,45.98757212810281,,ok
real_vs_real,original,327000,328000,1436,48.25048144057301,,ok
real_vs_real,original,328000,329000,1435,46.83332055633915,,ok
real_vs_real,original,329000,330000,1489,46.76824989538524,,ok
real_vs_real,original,330000,331000,1430,47.4182747548523,,ok
real_vs_real,original,331000,332000,1408,49.01431716401922,,ok
real_vs_real,original,332000,333000,1428,47.78148557721502,,ok
real_vs_real,original,333000,334000,1434,45.86840833889902,,ok
real_vs_real,original,334000,335000,1503,48.60278212711865,,ok
real_vs_real,original,335000,336000,1480,48.238079856321015,,ok
real_vs_real,original,336000,337000,1501,46.20592258097456,,ok
real_vs_real,original,337000,338000,1508,46.41062822700299,,ok
real_vs_real,original,338000,339000,1452,48.489180208051124,,ok
real_vs_real,original,339000,340000,1430,47.651846226046125,,ok
real_vs_real,original,340000,341000,1533,48.897374592732966,,ok
real_vs_real,original,341000,342000,1467,48.673880163349075,,ok
real_vs_real,original,342000,343000,1483,47.3514599234489,,ok
real_vs_real,original,343000,344000,1509,48.11379767152305,,ok
real_vs_real,original,344000,345000,1528,48.4666574026009,,ok
real_vs_real,original,345000,346000,1507,48.12135191916698,,ok
real_vs_real,original,346000,347000,1503,46.92078153057955,,ok
real_vs_real,original,347000,348000,1470,48.05381491142344,,ok
real_vs_real,original,348000,349000,1466,48.709866094847094,,ok
real_vs_real,original,349000,350000,1453,47.996509638218704,,ok
real_vs_real,original,350000,351000,1507,48.53398482004375,,ok
real_vs_real,original,351000,352000,1523,48.29961980846684,,ok
real_vs_real,original,352000,353000,1523,47.12781259519493,,ok
real_vs_real,original,353000,354000,1606,43.607059518157605,,ok
real_vs_real,original,354000,355000,1636,43.57095387917796,,ok
real_vs_real,original,355000,356000,1633,43.63489788316553,,ok
real_vs_real,original,356000,357000,1576,45.30304710412934,,ok
real_vs_real,original,357000,358000,1699,42.8812988201705,,ok
real_vs_real,original,358000,359000,1685,42.38757950890707,,ok
real_vs_real,original,359000,360000,1694,43.42654895957814,,ok
real_vs_real,original,360000,361000,1681,44.11223219677695,,ok
real_vs_real,original,361000,362000,1708,42.30131206599282,,ok
real_vs_real,original,362000,363000,1728,40.79879945497317,,ok
real_vs_real,original,363000,364000,1638,42.973810449850866,,ok
real_vs_real,original,364000,365000,1681,41.82600225234335,,ok
real_vs_real,original,365000,366000,1681,40.6383077168469,,ok
real_vs_real,original,366000,367000,1661,41.43461860850172,,ok
real_vs_real,original,367000,368000,1732,42.8828117497954,,ok
real_vs_real,original,368000,369000,1707,41.49834903352884,,ok
real_vs_real,original,369000,370000,1716,43.033925334896,,ok
real_vs_real,original,370000,371000,1758,41.21586689143301,,ok
real_vs_real,original,371000,372000,1713,40.176620089346464,,ok
real_vs_real,original,372000,373000,1760,39.49518500523217,,ok
real_vs_real,original,373000,374000,1737,42.80759138197196,,ok
real_vs_real,original,374000,375000,1692,40.840434517815574,,ok
real_vs_real,original,375000,376000,1737,40.202540025899005,,ok
real_vs_real,original,376000,377000,1689,42.836156938436645,,ok
real_vs_real,original,377000,378000,1707,40.92958115199122,,ok
real_vs_real,original,378000,379000,1760,39.06389471040594,,ok
real_vs_real,original,379000,380000,1796,39.33121962691423,,ok
real_vs_real,original,380000,381000,1758,40.61754058683015,,ok
real_vs_real,original,381000,382000,1760,39.98956656053814,,ok
real_vs_real,original,382000,383000,1783,39.99183476365357,,ok
real_vs_real,original,383000,384000,1815,39.63109822518834,,ok
real_vs_real,original,384000,385000,1750,40.2128094963154,,ok
real_vs_real,original,385000,386000,1778,40.8759446691713,,ok
real_vs_real,original,386000,387000,1724,39.58095553308712,,ok
real_vs_real,original,387000,388000,1778,36.471431037356886,,ok
real_vs_real,original,388000,389000,1777,38.897662135067016,,ok
real_vs_real,original,389000,390000,1756,40.12551364528679,,ok
real_vs_real,original,390000,391000,1831,39.61892525552013,,ok
real_vs_real,original,391000,392000,1846,38.91377102134064,,ok
real_vs_real,original,392000,393000,1722,39.245612479907976,,ok
real_vs_real,original,393000,394000,1704,38.75033216932242,,ok
real_vs_real,original,394000,395000,1866,39.890687611419445,,ok
real_vs_real,original,395000,396000,1760,38.67830350528711,,ok
real_vs_real,original,396000,397000,1875,37.87981167628724,,ok
real_vs_real,original,397000,398000,1799,38.931374334369295,,ok
real_vs_real,original,398000,399000,1863,38.94516315446137,,ok
real_vs_real,original,399000,400000,1811,37.6403727746048,,ok
real_vs_real,original,400000,401000,1818,39.52497901538705,,ok
real_vs_real,original,401000,402000,1803,40.05514701415013,,ok
real_vs_real,original,402000,403000,1841,38.03543068344638,,ok
real_vs_real,original,403000,404000,1882,35.77433240020869,,ok
real_vs_real,original,404000,405000,1912,38.443079198050945,,ok
real_vs_real,original,405000,406000,1777,37.256844088711425,,ok
real_vs_real,original,406000,407000,1854,38.56686321518587,,ok
real_vs_real,original,407000,408000,1919,37.35335604548448,,ok
real_vs_real,original,408000,409000,1804,37.62992630719983,,ok
real_vs_real,original,409000,410000,1804,37.596811568939486,,ok
real_vs_real,original,410000,411000,1795,36.946611830901794,,ok
real_vs_real,original,411000,412000,1853,37.3097637488007,,ok
real_vs_real,original,412000,413000,1905,35.161788859586046,,ok
real_vs_real,original,413000,414000,1850,36.00333687059711,,ok
real_vs_real,original,414000,415000,1843,35.85375729384768,,ok
real_vs_real,original,415000,416000,1883,38.40225231729173,,ok
real_vs_real,original,416000,417000,1884,34.61847371995619,,ok
real_vs_real,original,417000,418000,1858,35.18817900631427,,ok
real_vs_real,original,418000,419000,1836,35.32858682973209,,ok
real_vs_real,original,419000,420000,1841,33.91153483926454,,ok
real_vs_real,original,420000,421000,1893,36.19793243593017,,ok
real_vs_real,original,421000,422000,1815,32.69920204425431,,ok
real_vs_real,original,422000,423000,1900,36.74592761986672,,ok
real_vs_real,original,423000,424000,1866,33.12057765744634,,ok
real_vs_real,original,424000,425000,1850,34.96043623329802,,ok
real_vs_real,original,425000,426000,1877,33.74364912014013,,ok
real_vs_real,original,426000,427000,1756,34.29602906199268,,ok
real_vs_real,original,427000,428000,1891,33.462298892624425,,ok
real_vs_real,original,428000,429000,1798,31.152632333849365,,ok
real_vs_real,original,429000,430000,1869,30.38705476187819,,ok
real_vs_real,original,430000,431000,1928,34.55250652068395,,ok
real_vs_real,original,431000,432000,1827,31.929371481734705,,ok
real_vs_real,original,432000,433000,1867,32.54979198598114,,ok
real_vs_real,original,433000,434000,1779,31.74239220105967,,ok
real_vs_real,original,434000,435000,1737,31.117794574886844,,ok
real_vs_real,original,435000,436000,1841,33.225971128363945,,ok
real_vs_real,original,436000,437000,1757,29.234460933517557,,ok
real_vs_real,original,437000,438000,1845,32.37326045364867,,ok
real_vs_real,original,438000,439000,1854,30.38855216730814,,ok
real_vs_real,original,439000,440000,1878,30.270483249322098,,ok
real_vs_real,original,440000,441000,1792,29.967345438021177,,ok
real_vs_real,original,441000,442000,1809,30.585117266048098,,ok
real_vs_real,original,442000,443000,1788,30.028800329989323,,ok
real_vs_real,original,443000,444000,1742,31.411142121051498,,ok
real_vs_real,original,444000,445000,1773,28.4353150425745,,ok
real_vs_real,original,445000,446000,1786,29.591186810339206,,ok
real_vs_real,original,446000,447000,1758,28.8348278436182,,ok
real_vs_real,original,447000,448000,1782,28.31768966587024,,ok
real_vs_real,original,448000,449000,1806,27.715989564134063,,ok
real_vs_real,original,449000,450000,1818,30.743431581628865,,ok
real_vs_real,original,450000,451000,1731,26.557277548882027,,ok
real_vs_real,original,451000,452000,1800,25.733636923689996,,ok
real_vs_real,original,452000,453000,1723,26.65935667699515,,ok
real_vs_real,original,453000,454000,1727,26.532860585891815,,ok
real_vs_real,original,454000,455000,1700,26.201120969091495,,ok
real_vs_real,original,455000,456000,1784,29.588862424270324,,ok
real_vs_real,original,456000,457000,1835,26.17578015739264,,ok
real_vs_real,original,457000,458000,1757,27.689131681746282,,ok
real_vs_real,original,458000,459000,1710,25.659656152940297,,ok
real_vs_real,original,459000,460000,1697,24.63636678663726,,ok
real_vs_real,original,460000,461000,1662,24.404086692337714,,ok
real_vs_real,original,461000,462000,1760,24.22305823315303,,ok
real_vs_real,original,462000,463000,1734,23.904609844443712,,ok
real_vs_real,original,463000,464000,1808,25.163459054543,,ok
real_vs_real,original,464000,465000,1751,25.56753145191726,,ok
real_vs_real,original,465000,466000,1764,26.00395759919748,,ok
real_vs_real,original,466000,467000,1709,27.282247142005914,,ok
real_vs_real,original,467000,468000,1736,21.720825724045778,,ok
real_vs_real,original,468000,469000,1658,22.314551344527686,,ok
real_vs_real,original,469000,470000,1706,22.873883775488224,,ok
real_vs_real,original,470000,471000,1733,20.572132973286212,,ok
real_vs_real,original,471000,472000,1749,25.347227174405,,ok
real_vs_real,original,472000,473000,1727,23.22375092334966,,ok
real_vs_real,original,473000,474000,1749,24.20023771143733,,ok
real_vs_real,original,474000,475000,1797,26.994634504111723,,ok
real_vs_real,original,475000,476000,1739,21.789924366147346,,ok
real_vs_real,original,476000,477000,1649,23.23581419451859,,ok
real_vs_real,original,477000,478000,1617,21.025202436422468,,ok
real_vs_real,original,478000,479000,1660,19.843489737448255,,ok
real_vs_real,original,479000,480000,1695,18.074232920878327,,ok
real_vs_real,original,480000,481000,1735,23.585234031011197,,ok
real_vs_real,original,481000,482000,1729,25.34399550859667,,ok
real_vs_real,original,482000,483000,1670,25.241306775258902,,ok
real_vs_real,original,483000,484000,1740,22.1197651377085,,ok
real_vs_real,original,484000,485000,1661,20.150797583813954,,ok
real_vs_real,original,485000,486000,1576,16.27407339793791,,ok
real_vs_real,original,486000,487000,1670,17.0979455415997,,ok
real_vs_real,original,487000,488000,1710,18.22454095311385,,ok
real_vs_real,original,488000,489000,1664,21.395829963450872,,ok
real_vs_real,original,489000,490000,1721,20.539758608045023,,ok
real_vs_real,original,490000,491000,1697,21.984681555937872,,ok
real_vs_real,original,491000,492000,1743,21.977150287336258,,ok
real_vs_real,original,492000,493000,1607,18.686060080120882,,ok
real_vs_real,original,493000,494000,1608,14.99282478312609,,ok
real_vs_real,original,494000,495000,1586,14.878210779442918,,ok
real_vs_real,original,495000,496000,1581,13.31980420945994,,ok
real_vs_real,original,496000,497000,1701,16.36205925791641,,ok
real_vs_real,original,497000,498000,1699,21.009084603563203,,ok
real_vs_real,original,498000,499000,1665,19.876747736473337,,ok
real_vs_real,original,499000,500000,1642,21.03477903628722,,ok
real_vs_real,original,500000,501000,1594,18.93016974929166,,ok
real_vs_real,original,501000,502000,1630,14.491441317177332,,ok
real_vs_real,original,502000,503000,1570,15.566002401190188,,ok
real_vs_real,original,503000,504000,1636,11.999112944791127,,ok
real_vs_real,original,504000,505000,1556,17.817727292543893,,ok
real_vs_real,original,505000,506000,1621,19.109801427792952,,ok
real_vs_real,original,506000,507000,1656,18.8892242359523,,ok
real_vs_real,original,507000,508000,1720,20.34308898962491,,ok
real_vs_real,original,508000,509000,1631,17.491878175974804,,ok
real_vs_real,original,509000,510000,1531,11.54459848125172,,ok
real_vs_real,original,510000,511000,1580,16.103439337893604,,ok
real_vs_real,original,511000,512000,1474,12.975398034921868,,ok
real_vs_real,original,512000,513000,1639,12.219256061407464,,ok
real_vs_real,original,513000,514000,1662,18.533637042002173,,ok
real_vs_real,original,514000,515000,1647,19.988152009826937,,ok
real_vs_real,original,515000,516000,1698,20.120924648061095,,ok
real_vs_real,original,516000,517000,1611,18.737956218971274,,ok
real_vs_real,original,517000,518000,1559,12.55874750037629,,ok
real_vs_real,original,518000,519000,1554,14.926469146289975,,ok
real_vs_real,original,519000,520000,1560,10.06605721429949,,ok
real_vs_real,original,520000,521000,1647,12.266625818512708,,ok
real_vs_real,original,521000,522000,1620,19.456082190079098,,ok
real_vs_real,original,522000,523000,1631,17.247135442827886,,ok
real_vs_real,original,523000,524000,1687,14.5168853421102,,ok
real_vs_real,original,524000,525000,1693,17.948501248108126,,ok
real_vs_real,original,525000,526000,1604,15.937485039264693,,ok
real_vs_real,original,526000,527000,1535,10.734070734429801,,ok
real_vs_real,original,527000,528000,1560,13.2101491833503,,ok
real_vs_real,original,528000,529000,1497,9.608517044064685,,ok
real_vs_real,original,529000,530000,1658,13.417819383850658,,ok
real_vs_real,original,530000,531000,1586,18.271257572353694,,ok
real_vs_real,original,531000,532000,1653,18.222290107543902,,ok
real_vs_real,original,532000,533000,1605,20.31507788794906,,ok
real_vs_real,original,533000,534000,1690,16.23426120269805,,ok
real_vs_real,original,534000,535000,1548,9.115964858294898,,ok
real_vs_real,original,535000,536000,1518,10.533759718239303,,ok
real_vs_real,original,536000,537000,1497,9.172259738460214,,ok
real_vs_real,original,537000,538000,1644,10.686805342043165,,ok
real_vs_real,original,538000,539000,1639,19.14337705103668,,ok
real_vs_real,original,539000,540000,1636,16.332888175528165,,ok
real_vs_real,original,540000,541000,1707,19.01409303548083,,ok
real_vs_real,original,541000,542000,1669,17.32332307227037,,ok
real_vs_real,original,542000,543000,1585,13.162998413624903,,ok
real_vs_real,original,543000,544000,1519,8.693363189112269,,ok
real_vs_real,original,544000,545000,1570,11.534970953350783,,ok
real_vs_real,original,545000,546000,1546,10.318095123290435,,ok
real_vs_real,original,546000,547000,1636,15.74520345848561,,ok
real_vs_real,original,547000,548000,1676,17.0885257644333,,ok
real_vs_real,original,548000,549000,1651,20.174431778232837,,ok
real_vs_real,original,549000,550000,1691,16.92613697383532,,ok
real_vs_real,original,550000,551000,1646,10.866380661621445,,ok
real_vs_real,original,551000,552000,1511,12.85773354857711,,ok
real_vs_real,original,552000,553000,1636,9.96711053874111,,ok
real_vs_real,original,553000,554000,1476,9.830644228389312,,ok
real_vs_real,original,554000,555000,1613,12.531639561014448,,ok
real_vs_real,original,555000,556000,1626,18.528734268502163,,ok
real_vs_real,original,556000,557000,1671,16.4446008489923,,ok
real_vs_real,original,557000,558000,1685,19.099580669221115,,ok
real_vs_real,original,558000,559000,1634,16.294789490548148,,ok
real_vs_real,original,559000,560000,1499,12.38586105056912,,ok
real_vs_real,original,560000,561000,1528,11.642292801906367,,ok
real_vs_real,original,561000,562000,1556,13.961748929790343,,ok
real_vs_real,original,562000,563000,1664,14.488970693012476,,ok
real_vs_real,original,563000,564000,1624,16.727376156186402,,ok
real_vs_real,original,564000,565000,1609,16.048687568407267,,ok
real_vs_real,original,565000,566000,1732,18.76299154877615,,ok
real_vs_real,original,566000,567000,1672,17.857392521309038,,ok
real_vs_real,original,567000,568000,1584,19.425595867728887,,ok
real_vs_real,original,568000,569000,1593,12.857679277087826,,ok
real_vs_real,original,569000,570000,1538,11.235379726219701,,ok
real_vs_real,original,570000,571000,1599,14.425874765723774,,ok
real_vs_real,original,571000,572000,1661,18.14852191387175,,ok
real_vs_real,original,572000,573000,1685,17.63277059795498,,ok
real_vs_real,original,573000,574000,1627,19.936566976299158,,ok
real_vs_real,original,574000,575000,1663,19.024218754765744,,ok
real_vs_real,original,575000,576000,1617,17.532245780463608,,ok
real_vs_real,original,576000,577000,1623,15.46098970741297,,ok
real_vs_real,original,577000,578000,1637,17.105164693069646,,ok
real_vs_real,original,578000,579000,1517,15.767993538614553,,ok
real_vs_real,original,579000,580000,1611,18.668824860173043,,ok
real_vs_real,original,580000,581000,1638,21.09327136650331,,ok
real_vs_real,original,581000,582000,1614,22.091494369103852,,ok
real_vs_real,original,582000,583000,1691,20.852889769125092,,ok
real_vs_real,original,583000,584000,1617,19.529634437527818,,ok
real_vs_real,original,584000,585000,1563,16.121665241433796,,ok
real_vs_real,original,585000,586000,1582,18.229424900726276,,ok
real_vs_real,original,586000,587000,1560,18.071935683953356,,ok
real_vs_real,original,587000,588000,1541,19.234414129047273,,ok
real_vs_real,original,588000,589000,1713,22.517604995952475,,ok
real_vs_real,original,589000,590000,1615,23.591344222180354,,ok
real_vs_real,original,590000,591000,1758,22.174999259689784,,ok
real_vs_real,original,591000,592000,1636,23.366019914370117,,ok
real_vs_real,original,592000,593000,1631,22.45028820643016,,ok
real_vs_real,original,593000,594000,1571,18.528403371019767,,ok
real_vs_real,original,594000,595000,1553,20.50506520415158,,ok
real_vs_real,original,595000,596000,1531,20.984171996916537,,ok
real_vs_real,original,596000,597000,1620,24.228421176759536,,ok
real_vs_real,original,597000,598000,1589,21.268732570731228,,ok
real_vs_real,original,598000,599000,1621,22.34124239095604,,ok
real_vs_real,original,599000,600000,1643,20.965299775484883,,ok
real_vs_real,original,600000,601000,1563,19.712618377455374,,ok
real_vs_real,original,601000,602000,1483,19.406645139852376,,ok
real_vs_real,original,602000,603000,1528,19.088511239944946,,ok
real_vs_real,original,603000,604000,1514,19.846710504745506,,ok
real_vs_real,original,604000,605000,1573,22.77077404182894,,ok
real_vs_real,original,605000,606000,1645,22.881211704639583,,ok
real_vs_real,original,606000,607000,1506,23.867228920537524,,ok
real_vs_real,original,607000,608000,1610,19.83764017713678,,ok
real_vs_real,original,608000,609000,1544,22.82913754548471,,ok
real_vs_real,original,609000,610000,1498,21.12548203923,,ok
real_vs_real,original,610000,611000,1459,20.373491662254224,,ok
real_vs_real,original,611000,612000,1466,21.589885476285698,,ok
real_vs_real,original,612000,613000,1472,23.357891031657346,,ok
real_vs_real,original,613000,614000,1554,23.70722815797607,,ok
real_vs_real,original,614000,615000,1493,24.094569962838833,,ok
real_vs_real,original,615000,616000,1613,24.1578329828498,,ok
real_vs_real,original,616000,617000,1581,23.669043797825765,,ok
real_vs_real,original,617000,618000,1511,23.235197888648745,,ok
real_vs_real,original,618000,619000,1457,22.446274984432634,,ok
real_vs_real,original,619000,620000,1467,22.674547885233892,,ok
real_vs_real,original,620000,621000,1481,24.20508531547919,,ok
real_vs_real,original,621000,622000,1449,27.714629064943676,,ok
real_vs_real,original,622000,623000,1560,25.08797140178344,,ok
real_vs_real,original,623000,624000,1605,24.790493658511917,,ok
real_vs_real,original,624000,625000,1533,24.34450585962861,,ok
real_vs_real,original,625000,626000,1518,25.115326693408786,,ok
real_vs_real,original,626000,627000,1403,25.02997161444998,,ok
real_vs_real,original,627000,628000,1525,24.51657158510796,,ok
real_vs_real,original,628000,629000,1398,26.083827450507176,,ok
real_vs_real,original,629000,630000,1550,24.38589607151448,,ok
real_vs_real,original,630000,631000,1592,25.163513410016005,,ok
real_vs_real,original,631000,632000,1493,26.370003472948216,,ok
real_vs_real,original,632000,633000,1685,26.091334598455596,,ok
real_vs_real,original,633000,634000,1551,24.406556057002096,,ok
real_vs_real,original,634000,635000,1474,26.029477613967142,,ok
real_vs_real,original,635000,636000,1444,26.39306602717722,,ok
real_vs_real,original,636000,637000,1456,25.89602497719349,,ok
real_vs_real,original,637000,638000,1490,27.743157284468655,,ok
real_vs_real,original,638000,639000,1514,27.36089233185517,,ok
real_vs_real,original,639000,640000,1528,27.973261503594195,,ok
real_vs_real,original,640000,641000,1474,29.678717544136074,,ok
real_vs_real,original,641000,642000,1557,28.36734444008917,,ok
real_vs_real,original,642000,643000,1391,27.372128402944536,,ok
real_vs_real,original,643000,644000,1404,31.594496564450235,,ok
real_vs_real,original,644000,645000,1375,29.576089545374337,,ok
real_vs_real,original,645000,646000,1448,29.651129741614646,,ok
real_vs_real,original,646000,647000,1429,30.36133905920795,,ok
real_vs_real,original,647000,648000,1465,30.396523214013648,,ok
real_vs_real,original,648000,649000,1488,30.669201845227395,,ok
real_vs_real,original,649000,650000,1457,29.359141566716808,,ok
real_vs_real,original,650000,651000,1434,29.283802303214703,,ok
real_vs_real,original,651000,652000,1383,32.21082914150645,,ok
real_vs_real,original,652000,653000,1351,32.05834013700213,,ok
real_vs_real,original,653000,654000,1383,32.86584789772361,,ok
real_vs_real,original,654000,655000,1409,30.32207129861607,,ok
real_vs_real,original,655000,656000,1445,33.03256799478209,,ok
real_vs_real,original,656000,657000,1361,33.51210553136941,,ok
real_vs_real,original,657000,658000,1479,32.72961646635923,,ok
real_vs_real,original,658000,659000,1385,31.09833957264007,,ok
real_vs_real,original,659000,660000,1338,33.01278706980675,,ok
real_vs_real,original,660000,661000,1357,32.40481144827412,,ok
real_vs_real,original,661000,662000,1357,32.37874106675487,,ok
real_vs_real,original,662000,663000,1330,34.61564931837464,,ok
real_vs_real,original,663000,664000,1418,32.48572302578964,,ok
real_vs_real,original,664000,665000,1441,34.16227381171681,,ok
real_vs_real,original,665000,666000,1376,32.58410763314075,,ok
real_vs_real,original,666000,667000,1397,32.11522508134456,,ok
real_vs_real,original,667000,668000,1323,33.21962364479577,,ok
real_vs_real,original,668000,669000,1324,34.34811957346028,,ok
real_vs_real,original,669000,670000,1257,33.87790388005165,,ok
real_vs_real,original,670000,671000,1243,34.65442756708921,,ok
real_vs_real,original,671000,672000,1263,34.9416222505554,,ok
real_vs_real,original,672000,673000,1360,32.82519346523714,,ok
real_vs_real,original,673000,674000,1290,33.75260013722365,,ok
real_vs_real,original,674000,675000,1393,32.939963190591456,,ok
real_vs_real,original,675000,676000,1315,33.977556427753896,,ok
real_vs_real,original,676000,677000,1240,36.4233009860472,,ok
real_vs_real,original,677000,678000,1236,35.60244046271571,,ok
real_vs_real,original,678000,679000,1205,37.472189926756336,,ok
real_vs_real,original,679000,680000,1235,34.63337175924896,,ok
real_vs_real,original,680000,681000,1321,34.50153335120529,,ok
real_vs_real,original,681000,682000,1312,33.88129181804534,,ok
real_vs_real,original,682000,683000,1286,33.648026181654316,,ok
real_vs_real,original,683000,684000,1209,34.54486838165478,,ok
real_vs_real,original,684000,685000,1114,36.20393739199625,,ok
real_vs_real,original,685000,686000,1223,36.90414803037194,,ok
real_vs_real,original,686000,687000,1149,36.71746360795783,,ok
real_vs_real,original,687000,688000,1167,37.62943137124772,,ok
real_vs_real,original,688000,689000,1128,35.37643079722466,,ok
real_vs_real,original,689000,690000,1171,35.808679089951845,,ok
real_vs_real,original,690000,691000,1156,33.69347544578174,,ok
real_vs_real,original,691000,692000,1209,34.02200113210229,,ok
real_vs_real,original,692000,693000,1122,36.712793088778746,,ok
real_vs_real,original,693000,694000,1034,39.231301351635,,ok
real_vs_real,original,694000,695000,1004,42.923546080259406,,ok
real_vs_real,original,695000,696000,965,39.2917319650829,,ok
real_vs_real,original,696000,697000,982,37.97696365564704,,ok
real_vs_real,original,697000,698000,1001,37.82922107147952,,ok
real_vs_real,original,698000,699000,951,37.11075938335789,,ok
real_vs_real,original,699000,700000,996,37.94720181961552,,ok
real_vs_real,original,700000,701000,970,42.00648758965574,,ok
real_vs_real,original,701000,702000,883,49.14643153756196,,ok
real_vs_real,original,702000,703000,875,46.605354590789794,,ok
real_vs_real,original,703000,704000,885,53.54212961660878,,ok
real_vs_real,original,704000,705000,830,48.03140326418452,,ok
real_vs_real,original,705000,706000,833,41.606111396142275,,ok
real_vs_real,original,706000,707000,898,43.42030428951603,,ok
real_vs_real,original,707000,708000,912,40.64811227523113,,ok
real_vs_real,original,708000,709000,871,45.02885683945442,,ok
real_vs_real,original,709000,710000,918,49.71603601520992,,ok
real_vs_real,original,710000,711000,797,48.409303264895684,,ok
real_vs_real,original,711000,712000,837,50.40831148585161,,ok
real_vs_real,original,712000,713000,854,49.415690215707514,,ok
real_vs_real,original,713000,714000,842,43.076262327447054,,ok
real_vs_real,original,714000,715000,859,46.7761193235504,,ok
real_vs_real,original,715000,716000,915,44.509315482301204,,ok
real_vs_real,original,716000,717000,920,45.19619981298103,,ok
real_vs_real,original,717000,718000,889,47.25628676237343,,ok
real_vs_real,original,718000,719000,889,51.68992287764675,,ok
real_vs_real,original,719000,720000,882,50.07698365412997,,ok
real_vs_real,original,720000,721000,861,50.793498341130736,,ok
real_vs_real,original,721000,722000,875,46.32273032883203,,ok
real_vs_real,original,722000,723000,819,48.354216275980384,,ok
real_vs_real,original,723000,724000,922,45.362024046489346,,ok
real_vs_real,original,724000,725000,907,43.198448077375986,,ok
real_vs_real,original,725000,726000,889,44.33403962248624,,ok
real_vs_real,original,726000,727000,858,49.20030050357548,,ok
real_vs_real,original,727000,728000,933,49.11709994022239,,ok
real_vs_real,original,728000,729000,912,49.3080745977465,,ok
real_vs_real,original,729000,730000,841,47.16318738633115,,ok
real_vs_real,original,730000,731000,915,41.885026010932954,,ok
real_vs_real,original,731000,732000,885,44.84602341764589,,ok
real_vs_real,original,732000,733000,887,41.9397664622253,,ok
real_vs_real,original,733000,734000,928,44.70506418148785,,ok
real_vs_real,original,734000,735000,915,50.0880100061954,,ok
real_vs_real,original,735000,736000,905,49.889950760208215,,ok
real_vs_real,original,736000,737000,907,49.04178031236416,,ok
real_vs_real,original,737000,738000,796,48.87543861870884,,ok
real_vs_real,original,738000,739000,878,46.89594739579654,,ok
real_vs_real,original,739000,740000,887,44.086825112087965,,ok
real_vs_real,original,740000,741000,898,46.81087715893415,,ok
real_vs_real,original,741000,742000,919,42.796356365867894,,ok
real_vs_real,original,742000,743000,869,52.42434195912132,,ok
real_vs_real,original,743000,744000,926,52.36212052982672,,ok
real_vs_real,original,744000,745000,879,52.15662976112233,,ok
real_vs_real,original,745000,746000,849,53.460938123885114,,ok
real_vs_real,original,746000,747000,852,49.54999365313847,,ok
real_vs_real,original,747000,748000,869,44.34320331344533,,ok
real_vs_real,original,748000,749000,885,45.23273202618036,,ok
real_vs_real,original,749000,750000,998,42.62109027687466,,ok
real_vs_real,original,750000,751000,915,50.08538419799403,,ok
real_vs_real,original,751000,752000,866,52.4170863579945,,ok
real_vs_real,original,752000,753000,890,53.053869868873406,,ok
real_vs_real,original,753000,754000,843,55.27768229056335,,ok
real_vs_real,original,754000,755000,811,55.274048873823055,,ok
real_vs_real,original,755000,756000,890,45.02265229758032,,ok
real_vs_real,original,756000,757000,874,48.503550297486086,,ok
real_vs_real,original,757000,758000,924,44.01145368426352,,ok
real_vs_real,original,758000,759000,918,48.976350435921816,,ok
real_vs_real,original,759000,760000,861,52.43115297555581,,ok
real_vs_real,original,760000,761000,822,58.02672429952552,,ok
real_vs_real,original,761000,762000,877,52.984157611634416,,ok
real_vs_real,original,762000,763000,858,53.43902231406446,,ok
real_vs_real,original,763000,764000,838,47.85234049649798,,ok
real_vs_real,original,764000,765000,872,49.99790541676915,,ok
real_vs_real,original,765000,766000,858,47.99974037159366,,ok
real_vs_real,original,766000,767000,1024,45.183654685240036,,ok
real_vs_real,original,767000,768000,968,53.70986959075708,,ok
real_vs_real,original,768000,769000,973,54.85054159339205,,ok
real_vs_real,original,769000,770000,1031,54.49732950045466,,ok
real_vs_real,original,770000,771000,1059,56.96863476028381,,ok
real_vs_real,original,771000,772000,1078,53.77444273351385,,ok
real_vs_real,original,772000,773000,1142,51.548050754609044,,ok
real_vs_real,original,773000,774000,1181,49.38660703672931,,ok
real_vs_real,original,774000,775000,1339,51.30567629494964,,ok
real_vs_real,original,775000,776000,1327,50.050326212401664,,ok
real_vs_real,original,776000,777000,1286,51.012976697877,,ok
real_vs_real,original,777000,778000,1322,52.74679359078723,,ok
real_vs_real,original,778000,779000,1359,51.10662324214858,,ok
real_vs_real,original,779000,780000,1359,50.81980052230064,,ok
real_vs_real,original,780000,781000,1378,49.78698424914845,,ok
real_vs_real,original,781000,782000,1411,54.14487036866878,,ok
real_vs_real,original,782000,783000,1417,46.72324645151188,,ok
real_vs_real,original,783000,784000,1487,49.276694149034356,,ok
real_vs_real,original,784000,785000,1405,49.097666280161995,,ok
real_vs_real,original,785000,786000,1448,49.900268923123,,ok
real_vs_real,original,786000,787000,1404,50.49638187216219,,ok
real_vs_real,original,787000,788000,1423,50.670021856927725,,ok
real_vs_real,original,788000,789000,1526,49.95698511845329,,ok
real_vs_real,original,789000,790000,1480,50.61726825214615,,ok
real_vs_real,original,790000,791000,1527,47.204587136351456,,ok
real_vs_real,original,791000,792000,1572,47.171057277242355,,ok
real_vs_real,original,792000,793000,1516,49.47693511110685,,ok
real_vs_real,original,793000,794000,1447,49.39109514215522,,ok
real_vs_real,original,794000,795000,1543,47.252139568038814,,ok
real_vs_real,original,795000,796000,1480,49.93830343533714,,ok
real_vs_real,original,796000,797000,1547,49.77028273820747,,ok
real_vs_real,original,797000,798000,1582,48.893891336013226,,ok
real_vs_real,original,798000,799000,1506,49.56139657038469,,ok
real_vs_real,original,799000,800000,1639,48.23978369437066,,ok
real_vs_real,original,800000,801000,1556,47.66244233905866,,ok
real_vs_real,original,801000,802000,1468,50.0930690110561,,ok
real_vs_real,original,802000,803000,1591,47.25125607403623,,ok
real_vs_real,original,803000,804000,1432,49.11356527455287,,ok
real_vs_real,original,804000,805000,1599,49.435634383622414,,ok
real_vs_real,original,805000,806000,1636,48.14166432858912,,ok
real_vs_real,original,806000,807000,1505,49.402419734472296,,ok
real_vs_real,original,807000,808000,1668,47.33740018761618,,ok
real_vs_real,original,808000,809000,1551,47.802567858431736,,ok
real_vs_real,original,809000,810000,1501,49.1135775439211,,ok
real_vs_real,original,810000,811000,1533,49.0417415896768,,ok
real_vs_real,original,811000,812000,1642,48.069153172021906,,ok
real_vs_real,original,812000,813000,1551,47.89741431946613,,ok
real_vs_real,original,813000,814000,1652,49.29868520035438,,ok
real_vs_real,original,814000,815000,1649,47.248076627186215,,ok
real_vs_real,original,815000,816000,1643,46.725769825784425,,ok
real_vs_real,original,816000,817000,1741,47.72295446699859,,ok
real_vs_real,original,817000,818000,1539,48.55963656955893,,ok
real_vs_real,original,818000,819000,1566,47.49136699025076,,ok
real_vs_real,original,819000,820000,1587,47.82389497289238,,ok
real_vs_real,original,820000,821000,1551,50.077783666230346,,ok
real_vs_real,original,821000,822000,1651,49.061026655481605,,ok
real_vs_real,original,822000,823000,1659,47.9302391831491,,ok
real_vs_real,original,823000,824000,1719,47.851270850410856,,ok
real_vs_real,original,824000,825000,1731,47.16000944742579,,ok
real_vs_real,original,825000,826000,1606,48.959437469141456,,ok
real_vs_real,original,826000,827000,1541,49.9973686162306,,ok
real_vs_real,original,827000,828000,1607,47.63475869540899,,ok
real_vs_real,original,828000,829000,1581,49.23233981624889,,ok
real_vs_real,original,829000,830000,1641,48.43331708369035,,ok
real_vs_real,original,830000,831000,1748,47.29154401005426,,ok
real_vs_real,original,831000,832000,1616,48.20665106805488,,ok
real_vs_real,original,832000,833000,1772,45.43252252542056,,ok
real_vs_real,original,833000,834000,1649,48.695725520333006,,ok
real_vs_real,original,834000,835000,1504,50.20912921421365,,ok
real_vs_real,original,835000,836000,1608,48.29348794123222,,ok
real_vs_real,original,836000,837000,1620,46.21320236351353,,ok
real_vs_real,original,837000,838000,1599,48.36616658209633,,ok
real_vs_real,original,838000,839000,1768,47.25599778419016,,ok
real_vs_real,original,839000,840000,1719,46.49565562553762,,ok
real_vs_real,original,840000,841000,1614,45.85568595850202,,ok
real_vs_real,original,841000,842000,1795,43.78242037357821,,ok
real_vs_real,original,842000,843000,1664,43.85500156026818,,ok
real_vs_real,original,843000,844000,1650,44.52143091881275,,ok
real_vs_real,original,844000,845000,1790,43.92630312283329,,ok
real_vs_real,original,845000,846000,1688,45.72035175514051,,ok
real_vs_real,original,846000,847000,1759,41.09960109125172,,ok
real_vs_real,original,847000,848000,1842,44.4624541046973,,ok
real_vs_real,original,848000,849000,1835,43.05236613768646,,ok
real_vs_real,original,849000,850000,1831,42.8892141348919,,ok
real_vs_real,original,850000,851000,1716,44.82336887365272,,ok
real_vs_real,original,851000,852000,1718,42.275325450135526,,ok
real_vs_real,original,852000,853000,1783,41.64362493265202,,ok
real_vs_real,original,853000,854000,1735,43.51615894723162,,ok
real_vs_real,original,854000,855000,1803,41.55315945286413,,ok
real_vs_real,original,855000,856000,1837,43.13062097072164,,ok
real_vs_real,original,856000,857000,1757,43.650806332915046,,ok
real_vs_real,original,857000,858000,1896,40.685186476036904,,ok
real_vs_real,original,858000,859000,1959,41.21138155907401,,ok
real_vs_real,original,859000,860000,1683,41.7855806264025,,ok
real_vs_real,original,860000,861000,1800,40.69667430853631,,ok
real_vs_real,original,861000,862000,1772,41.41836989357696,,ok
real_vs_real,original,862000,863000,1834,39.292710362429716,,ok
real_vs_real,original,863000,864000,1918,40.83390096625919,,ok
real_vs_real,original,864000,865000,1852,43.208121838572076,,ok
real_vs_real,original,865000,866000,1918,38.912344103604866,,ok
real_vs_real,original,866000,867000,1946,41.00439778356166,,ok
real_vs_real,original,867000,868000,1837,39.68292303772318,,ok
real_vs_real,original,868000,869000,1795,40.461102096114125,,ok
real_vs_real,original,869000,870000,1809,39.961281979683115,,ok
real_vs_real,original,870000,871000,1888,39.349206031058316,,ok
real_vs_real,original,871000,872000,1953,38.446878357305465,,ok
real_vs_real,original,872000,873000,1939,39.63660024558694,,ok
real_vs_real,original,873000,874000,1943,39.08003800885309,,ok
real_vs_real,original,874000,875000,1990,38.391668136175845,,ok
real_vs_real,original,875000,876000,1903,35.6132528401208,,ok
real_vs_real,original,876000,877000,1962,38.52892714388833,,ok
real_vs_real,original,877000,878000,1821,37.99178976956117,,ok
real_vs_real,original,878000,879000,1837,39.041419594511886,,ok
real_vs_real,original,879000,880000,1935,39.99141366967896,,ok
real_vs_real,original,880000,881000,1940,37.91538478349386,,ok
real_vs_real,original,881000,882000,1968,37.57382302639174,,ok
real_vs_real,original,882000,883000,1991,38.96386751069385,,ok
real_vs_real,original,883000,884000,1870,37.74256937403016,,ok
real_vs_real,original,884000,885000,1868,35.639102254000335,,ok
real_vs_real,original,885000,886000,1879,37.30099082676989,,ok
real_vs_real,original,886000,887000,1884,36.315122847116555,,ok
real_vs_real,original,887000,888000,1878,35.878975469682786,,ok
real_vs_real,original,888000,889000,1935,37.34857214564798,,ok
real_vs_real,original,889000,890000,1986,36.36087659326734,,ok
real_vs_real,original,890000,891000,1916,36.10174153432171,,ok
real_vs_real,original,891000,892000,1951,35.83089997827609,,ok
real_vs_real,original,892000,893000,1852,35.338639052886585,,ok
real_vs_real,original,893000,894000,1950,33.780128719493646,,ok
real_vs_real,original,894000,895000,1831,33.57532580885327,,ok
real_vs_real,original,895000,896000,1885,37.051623220710866,,ok
real_vs_real,original,896000,897000,1883,33.27314708865156,,ok
real_vs_real,original,897000,898000,1966,35.36997905614667,,ok
real_vs_real,original,898000,899000,1901,33.77383704337596,,ok
real_vs_real,original,899000,900000,1934,33.2937315471227,,ok
real_vs_real,original,900000,901000,1933,35.51536623072509,,ok
real_vs_real,original,901000,902000,1920,32.271166285941106,,ok
real_vs_real,original,902000,903000,1898,34.71792275990105,,ok
real_vs_real,original,903000,904000,1847,32.96514941678347,,ok
real_vs_real,original,904000,905000,1879,33.20114135743098,,ok
real_vs_real,original,905000,906000,1986,35.259141541410386,,ok
real_vs_real,original,906000,907000,1962,35.24641043570911,,ok
real_vs_real,original,907000,908000,1999,34.08333692356632,,ok
real_vs_real,original,908000,909000,1976,31.102997512934124,,ok
real_vs_real,original,909000,910000,1835,33.7776967413343,,ok
real_vs_real,original,910000,911000,1855,31.671508610570715,,ok
real_vs_real,original,911000,912000,1923,34.91185935417924,,ok
real_vs_real,original,912000,913000,1939,32.1815123432138,,ok
real_vs_real,original,913000,914000,1947,33.03559447978955,,ok
real_vs_real,original,914000,915000,1905,33.164060237662014,,ok
real_vs_real,original,915000,916000,1887,32.83822994279676,,ok
real_vs_real,original,916000,917000,1943,31.495798938449834,,ok
real_vs_real,original,917000,918000,1879,30.406151563920147,,ok
real_vs_real,original,918000,919000,1887,30.41886199360339,,ok
real_vs_real,original,919000,920000,1841,29.649677969668403,,ok
real_vs_real,original,920000,921000,1865,32.168426726690065,,ok
real_vs_real,original,921000,922000,1915,30.948569516028115,,ok
real_vs_real,original,922000,923000,1845,29.044276513970903,,ok
real_vs_real,original,923000,924000,1905,29.10452050985715,,ok
real_vs_real,original,924000,925000,1940,29.936182125715845,,ok
real_vs_real,original,925000,926000,1875,27.119899442617637,,ok
real_vs_real,original,926000,927000,1797,27.121071479117724,,ok
real_vs_real,original,927000,928000,1874,25.694766398604486,,ok
real_vs_real,original,928000,929000,1774,27.53228127592506,,ok
real_vs_real,original,929000,930000,1920,26.99360152416319,,ok
real_vs_real,original,930000,931000,1832,25.12898231455364,,ok
real_vs_real,original,931000,932000,1898,25.352299988920983,,ok
real_vs_real,original,932000,933000,1837,25.894365042945157,,ok
real_vs_real,original,933000,934000,1742,24.727574245255536,,ok
real_vs_real,original,934000,935000,1826,25.58785707057133,,ok
real_vs_real,original,935000,936000,1783,23.450489438575275,,ok
real_vs_real,original,936000,937000,1782,21.31633391038356,,ok
real_vs_real,original,937000,938000,1756,21.85337184363326,,ok
real_vs_real,original,938000,939000,1818,21.51375237910323,,ok
real_vs_real,original,939000,940000,1756,21.119026125568542,,ok
real_vs_real,original,940000,941000,1779,21.787506171977647,,ok
real_vs_real,original,941000,942000,1782,19.752141028909268,,ok
real_vs_real,original,942000,943000,1721,21.103351054218663,,ok
real_vs_real,original,943000,944000,1730,20.638245076153588,,ok
real_vs_real,original,944000,945000,1711,19.45405758917881,,ok
real_vs_real,original,945000,946000,1709,19.66254287286778,,ok
real_vs_real,original,946000,947000,1783,17.873886753602154,,ok
real_vs_real,original,947000,948000,1717,19.17779176516422,,ok
real_vs_real,original,948000,949000,1693,16.712597918122427,,ok
real_vs_real,original,949000,950000,1704,18.64046738137137,,ok
real_vs_real,original,950000,951000,1755,17.478590226984654,,ok
real_vs_real,original,951000,952000,1641,17.050687927885345,,ok
real_vs_real,original,952000,953000,1750,18.240123500391427,,ok
real_vs_real,original,953000,954000,1667,17.38165617758759,,ok
real_vs_real,original,954000,955000,1745,15.205286579890881,,ok
real_vs_real,original,955000,956000,1657,14.760851670762145,,ok
real_vs_real,original,956000,957000,1671,13.952152615152354,,ok
real_vs_real,original,957000,958000,1699,14.295931089393983,,ok
real_vs_real,original,958000,959000,1709,13.805031168200582,,ok
real_vs_real,original,959000,960000,1683,17.41545574939659,,ok
real_vs_real,original,960000,961000,1629,16.08692314649331,,ok
real_vs_real,original,961000,962000,1708,14.208713539927043,,ok
real_vs_real,original,962000,963000,1650,18.9048735700401,,ok
real_vs_real,original,963000,964000,1630,13.522553001109836,,ok
real_vs_real,original,964000,965000,1631,13.182646699155498,,ok
real_vs_real,original,965000,966000,1717,11.432885983320961,,ok
real_vs_real,original,966000,967000,1617,14.602072222561747,,ok
real_vs_real,original,967000,968000,1626,14.88078324897046,,ok
real_vs_real,original,968000,969000,1668,14.294273832708026,,ok
real_vs_real,original,969000,970000,1629,17.105222138392538,,ok
real_vs_real,original,970000,971000,1700,15.74063288237828,,ok
real_vs_real,original,971000,972000,1599,13.457335584155851,,ok
real_vs_real,original,972000,973000,1630,11.366243507966205,,ok
real_vs_real,original,973000,974000,1662,13.651705714267473,,ok
real_vs_real,original,974000,975000,1672,9.833231841339034,,ok
real_vs_real,original,975000,976000,1607,12.87132511602625,,ok
real_vs_real,original,976000,977000,1715,16.504283762354813,,ok
real_vs_real,original,977000,978000,1559,18.877955091788888,,ok
real_vs_real,original,978000,979000,1637,16.82323433034537,,ok
real_vs_real,original,979000,980000,1660,11.862218505641682,,ok
real_vs_real,original,980000,981000,1697,13.27268245851075,,ok
real_vs_real,original,981000,982000,1653,15.089901712186553,,ok
real_vs_real,original,982000,983000,1585,12.10749760974164,,ok
real_vs_real,original,983000,984000,1677,12.614772317022409,,ok
real_vs_real,original,984000,985000,1598,15.68185838929649,,ok
real_vs_real,original,985000,986000,1603,16.555905343148133,,ok
real_vs_real,original,986000,987000,1652,15.203884565357702,,ok
real_vs_real,original,987000,988000,1638,16.024356376490598,,ok
real_vs_real,original,988000,989000,1678,6.774952979629832,,ok
real_vs_real,original,989000,990000,1643,7.222943731094066,,ok
real_vs_real,original,990000,991000,1644,7.657730701465291,,ok
real_vs_real,original,991000,992000,1679,7.450800080255457,,ok
real_vs_real,original,992000,993000,1633,7.364380611578779,,ok
real_vs_real,original,993000,994000,1656,13.51958379717522,,ok
real_vs_real,original,994000,995000,1655,13.034812963152035,,ok
real_vs_real,original,995000,996000,1695,11.254672173697184,,ok
real_vs_real,original,996000,997000,1675,6.874384534843316,,ok
real_vs_real,original,997000,998000,1586,8.201918205527816,,ok
real_vs_real,original,998000,999000,1664,6.168718113022995,,ok
real_vs_real,original,999000,1000000,1637,4.105474225714923,,ok
real_vs_real,original,1000000,1001000,1665,6.128699774047664,,ok
real_vs_real,original,1001000,1002000,1603,12.931445492428049,,ok
real_vs_real,original,1002000,1003000,1675,11.446897664965057,,ok
real_vs_real,original,1003000,1004000,1597,10.106871052445351,,ok
real_vs_real,original,1004000,1005000,1673,6.655718720192796,,ok
real_vs_real,original,1005000,1006000,1616,7.267789322296755,,ok
real_vs_real,original,1006000,1007000,1639,4.641552606453016,,ok
real_vs_real,original,1007000,1008000,1682,5.8274738730413125,,ok
real_vs_real,original,1008000,1009000,1641,7.431689889636704,,ok
real_vs_real,original,1009000,1010000,1643,9.295965516405712,,ok
real_vs_real,original,1010000,1011000,1692,12.953214482423709,,ok
real_vs_real,original,1011000,1012000,1674,8.578305159270126,,ok
real_vs_real,original,1012000,1013000,1752,10.736357545053608,,ok
real_vs_real,original,1013000,1014000,1672,6.013953418478535,,ok
real_vs_real,original,1014000,1015000,1645,6.866698375380569,,ok
v2e_vs_real,original,15000,16000,3703,12.050442434801955,,ok
v2e_vs_real,original,16000,17000,3755,11.525330384122617,,ok
v2e_vs_real,original,17000,18000,3828,11.825100149951705,,ok
v2e_vs_real,original,18000,19000,3766,13.939748973712296,,ok
v2e_vs_real,original,19000,20000,7617,10.786750024852802,,ok
v2e_vs_real,original,20000,21000,4016,11.134481465172371,,ok
v2e_vs_real,original,21000,22000,4094,14.081130781907067,,ok
v2e_vs_real,original,22000,23000,4007,12.958612706526955,,ok
v2e_vs_real,original,23000,24000,4013,11.113054189366576,,ok
v2e_vs_real,original,24000,25000,4061,10.69544426882982,,ok
v2e_vs_real,original,25000,26000,3987,10.31954838696008,,ok
v2e_vs_real,original,26000,27000,4080,11.312435883562069,,ok
v2e_vs_real,original,27000,28000,8715,10.279416161866989,,ok
v2e_vs_real,original,28000,29000,4646,12.37908967835336,,ok
v2e_vs_real,original,29000,30000,4592,10.974258522725254,,ok
v2e_vs_real,original,30000,31000,4399,8.473888360331193,,ok
v2e_vs_real,original,31000,32000,5656,17.557466249600214,,ok
v2e_vs_real,original,32000,33000,5924,20.416163161943878,,ok
v2e_vs_real,original,33000,34000,5971,20.277617135697824,,ok
v2e_vs_real,original,34000,35000,5378,19.986421795265354,,ok
v2e_vs_real,original,35000,36000,5296,19.612408691063816,,ok
v2e_vs_real,original,36000,37000,4999,20.049807242910077,,ok
v2e_vs_real,original,37000,38000,9268,17.252087372560663,,ok
v2e_vs_real,original,38000,39000,4355,16.871735725846086,,ok
v2e_vs_real,original,39000,40000,4403,17.011551119634138,,ok
v2e_vs_real,original,40000,41000,4256,15.790328242933152,,ok
v2e_vs_real,original,41000,42000,4207,16.407596692995266,,ok
v2e_vs_real,original,42000,43000,3959,15.25674247352895,,ok
v2e_vs_real,original,43000,44000,4055,15.752264562169696,,ok
v2e_vs_real,original,44000,45000,3951,17.385959638030155,,ok
v2e_vs_real,original,45000,46000,3980,17.414694932895497,,ok
v2e_vs_real,original,46000,47000,7520,15.709985803803994,,ok
v2e_vs_real,original,47000,48000,4107,18.465757428847382,,ok
v2e_vs_real,original,48000,49000,4101,18.899698866101104,,ok
v2e_vs_real,original,49000,50000,3995,16.922108861419563,,ok
v2e_vs_real,original,50000,51000,3916,18.141283057989114,,ok
v2e_vs_real,original,51000,52000,3898,18.204974729175074,,ok
v2e_vs_real,original,52000,53000,3984,17.964016093483778,,ok
v2e_vs_real,original,53000,54000,3778,17.729737617439664,,ok
v2e_vs_real,original,54000,55000,3774,17.099235264126044,,ok
v2e_vs_real,original,55000,56000,7460,16.2722610897276,,ok
v2e_vs_real,original,56000,57000,3771,17.303630841357588,,ok
v2e_vs_real,original,57000,58000,3746,16.13477181001359,,ok
v2e_vs_real,original,58000,59000,3681,15.254512365929543,,ok
v2e_vs_real,original,59000,60000,3807,16.880683744311654,,ok
v2e_vs_real,original,60000,61000,3701,16.651152085102968,,ok
v2e_vs_real,original,61000,62000,3750,15.892919574504088,,ok
v2e_vs_real,original,62000,63000,3672,17.09521675530419,,ok
v2e_vs_real,original,63000,64000,3745,17.558414739452836,,ok
v2e_vs_real,original,64000,65000,7570,17.741336809450292,,ok
v2e_vs_real,original,65000,66000,3983,19.40311387416447,,ok
v2e_vs_real,original,66000,67000,3962,19.51502792252203,,ok
v2e_vs_real,original,67000,68000,3915,18.03101025943042,,ok
v2e_vs_real,original,68000,69000,3850,16.950798971915265,,ok
v2e_vs_real,original,69000,70000,3652,18.452687764678174,,ok
v2e_vs_real,original,70000,71000,3612,17.63222082303197,,ok
v2e_vs_real,original,71000,72000,3613,19.073987901650895,,ok
v2e_vs_real,original,72000,73000,3507,18.647749923288437,,ok
v2e_vs_real,original,73000,74000,7036,18.337268863839046,,ok
v2e_vs_real,original,74000,75000,3523,18.14326007411628,,ok
v2e_vs_real,original,75000,76000,3370,19.208542027906596,,ok
v2e_vs_real,original,76000,77000,3531,18.957431613659114,,ok
v2e_vs_real,original,77000,78000,3425,19.038273431622237,,ok
v2e_vs_real,original,78000,79000,3465,19.687040988187434,,ok
v2e_vs_real,original,79000,80000,3367,18.993738076316305,,ok
v2e_vs_real,original,80000,81000,3458,19.28017538372746,,ok
v2e_vs_real,original,81000,82000,3641,20.205092416696676,,ok
v2e_vs_real,original,82000,83000,7245,20.03210292478059,,ok
v2e_vs_real,original,83000,84000,3604,21.37228258370724,,ok
v2e_vs_real,original,84000,85000,3635,20.84531550886367,,ok
v2e_vs_real,original,85000,86000,3517,21.032899749312104,,ok
v2e_vs_real,original,86000,87000,3571,20.79250460054308,,ok
v2e_vs_real,original,87000,88000,3582,22.71241158580717,,ok
v2e_vs_real,original,88000,89000,3699,23.07988568741923,,ok
v2e_vs_real,original,89000,90000,3610,21.8115916007656,,ok
v2e_vs_real,original,90000,91000,3558,22.15822238533929,,ok
v2e_vs_real,original,91000,92000,7144,21.6696452298436,,ok
v2e_vs_real,original,92000,93000,3638,22.47448326882853,,ok
v2e_vs_real,original,93000,94000,3618,24.790619967347187,,ok
v2e_vs_real,original,94000,95000,3602,23.7593381927217,,ok
v2e_vs_real,original,95000,96000,3571,23.743905607852668,,ok
v2e_vs_real,original,96000,97000,3598,22.43366744403086,,ok
v2e_vs_real,original,97000,98000,3646,24.041263212909918,,ok
v2e_vs_real,original,98000,99000,3631,24.37069025707369,,ok
v2e_vs_real,original,99000,100000,3744,24.22123566545303,,ok
v2e_vs_real,original,100000,101000,7637,22.845304375413303,,ok
v2e_vs_real,original,101000,102000,3625,22.769524146803096,,ok
v2e_vs_real,original,102000,103000,3569,23.52503905945198,,ok
v2e_vs_real,original,103000,104000,3554,21.893305242971728,,ok
v2e_vs_real,original,104000,105000,3522,22.108899632465494,,ok
v2e_vs_real,original,105000,106000,3552,21.48369612020491,,ok
v2e_vs_real,original,106000,107000,3438,21.545158021090767,,ok
v2e_vs_real,original,107000,108000,3463,20.705286832275963,,ok
v2e_vs_real,original,108000,109000,3430,21.46986816978977,,ok
v2e_vs_real,original,109000,110000,3344,22.169156375651166,,ok
v2e_vs_real,original,110000,111000,6732,21.20580430581162,,ok
v2e_vs_real,original,111000,112000,3327,22.510593754636634,,ok
v2e_vs_real,original,112000,113000,3350,21.571396784125632,,ok
v2e_vs_real,original,113000,114000,3325,21.612175938979902,,ok
v2e_vs_real,original,114000,115000,3424,21.898415568267026,,ok
v2e_vs_real,original,115000,116000,3437,23.02500427853797,,ok
v2e_vs_real,original,116000,117000,3443,23.05063648122417,,ok
v2e_vs_real,original,117000,118000,3447,22.942718577894798,,ok
v2e_vs_real,original,118000,119000,3377,23.51563862760769,,ok
v2e_vs_real,original,119000,120000,6768,22.401794122612042,,ok
v2e_vs_real,original,120000,121000,3485,23.75850707993329,,ok
v2e_vs_real,original,121000,122000,3387,23.906857531666628,,ok
v2e_vs_real,original,122000,123000,3415,23.872967090148823,,ok
v2e_vs_real,original,123000,124000,3444,23.96343620768855,,ok
v2e_vs_real,original,124000,125000,3433,23.812704513735888,,ok
v2e_vs_real,original,125000,126000,3419,24.58017860294955,,ok
v2e_vs_real,original,126000,127000,3390,23.850088799519263,,ok
v2e_vs_real,original,127000,128000,3438,25.127162157812688,,ok
v2e_vs_real,original,128000,129000,6769,23.643986954553053,,ok
v2e_vs_real,original,129000,130000,3449,24.760845027956712,,ok
v2e_vs_real,original,130000,131000,3488,24.962931165345342,,ok
v2e_vs_real,original,131000,132000,3301,23.75379777995315,,ok
v2e_vs_real,original,132000,133000,2589,24.55921494247715,,ok
v2e_vs_real,original,133000,134000,5100,24.64524791025715,,ok
v2e_vs_real,original,134000,135000,2457,25.913040832872785,,ok
v2e_vs_real,original,135000,136000,4875,26.52465697757335,,ok
v2e_vs_real,original,136000,137000,2390,27.688955274325227,,ok
v2e_vs_real,original,137000,138000,4813,29.16286471718563,,ok
v2e_vs_real,original,138000,139000,2390,29.642490589990125,,ok
v2e_vs_real,original,139000,140000,4745,30.413961226849068,,ok
v2e_vs_real,original,140000,141000,2311,29.529092134253627,,ok
v2e_vs_real,original,141000,142000,4669,30.356929098688287,,ok
v2e_vs_real,original,142000,143000,2337,30.257500102570138,,ok
v2e_vs_real,original,143000,144000,4557,30.22464371685615,,ok
v2e_vs_real,original,144000,145000,2333,31.166772731063354,,ok
v2e_vs_real,original,145000,146000,4555,30.108331492251153,,ok
v2e_vs_real,original,146000,147000,2347,31.031299225334426,,ok
v2e_vs_real,original,147000,148000,4633,30.697487202286958,,ok
v2e_vs_real,original,148000,149000,2390,29.047170748234763,,ok
v2e_vs_real,original,149000,150000,4754,29.842099164372645,,ok
v2e_vs_real,original,150000,151000,2317,29.378152416476645,,ok
v2e_vs_real,original,151000,152000,4655,30.15344303500773,,ok
v2e_vs_real,original,152000,153000,2375,30.85719469859296,,ok
v2e_vs_real,original,153000,154000,4655,30.75744447317968,,ok
v2e_vs_real,original,154000,155000,2341,31.575054185100527,,ok
v2e_vs_real,original,155000,156000,4609,32.13461871073721,,ok
v2e_vs_real,original,156000,157000,2303,33.26442818401226,,ok
v2e_vs_real,original,157000,158000,4601,32.02942671645764,,ok
v2e_vs_real,original,158000,159000,2309,31.428675250040015,,ok
v2e_vs_real,original,159000,160000,4553,31.30561851149722,,ok
v2e_vs_real,original,160000,161000,2263,31.63980464711473,,ok
v2e_vs_real,original,161000,162000,4587,30.2849892840188,,ok
v2e_vs_real,original,162000,163000,2314,31.21161572256184,,ok
v2e_vs_real,original,163000,164000,4578,30.103560159825893,,ok
v2e_vs_real,original,164000,165000,2333,29.839795168921135,,ok
v2e_vs_real,original,165000,166000,4748,29.503824274846178,,ok
v2e_vs_real,original,166000,167000,2440,31.269219399864607,,ok
v2e_vs_real,original,167000,168000,4811,32.62956182377292,,ok
v2e_vs_real,original,168000,169000,2408,33.662769229421386,,ok
v2e_vs_real,original,169000,170000,4766,34.34985830332537,,ok
v2e_vs_real,original,170000,171000,2414,34.405613463900934,,ok
v2e_vs_real,original,171000,172000,4640,35.193835848348265,,ok
v2e_vs_real,original,172000,173000,2269,37.47550510787059,,ok
v2e_vs_real,original,173000,174000,4684,36.1958036117207,,ok
v2e_vs_real,original,174000,175000,2329,37.412614187208014,,ok
v2e_vs_real,original,175000,176000,4580,37.076388226178445,,ok
v2e_vs_real,original,176000,177000,2257,37.47737631884249,,ok
v2e_vs_real,original,177000,178000,4574,37.49209601263447,,ok
v2e_vs_real,original,178000,179000,2285,39.109224592976084,,ok
v2e_vs_real,original,179000,180000,4543,36.766706711394775,,ok
v2e_vs_real,original,180000,181000,2284,37.62142220909033,,ok
v2e_vs_real,original,181000,182000,4663,35.810901883790685,,ok
v2e_vs_real,original,182000,183000,2431,36.68900433495614,,ok
v2e_vs_real,original,183000,184000,4646,36.5196692371349,,ok
v2e_vs_real,original,184000,185000,2219,38.175400612907445,,ok
v2e_vs_real,original,185000,186000,4481,38.323330864993984,,ok
v2e_vs_real,original,186000,187000,2187,39.79331371227434,,ok
v2e_vs_real,original,187000,188000,4334,37.76519922675177,,ok
v2e_vs_real,original,188000,189000,2125,38.49499672041826,,ok
v2e_vs_real,original,189000,190000,4145,39.198121597355346,,ok
v2e_vs_real,original,190000,191000,2013,38.50788652796084,,ok
v2e_vs_real,original,191000,192000,4012,39.133685059292,,ok
v2e_vs_real,original,192000,193000,2044,39.65365758668639,,ok
v2e_vs_real,original,193000,194000,4009,37.09334958740601,,ok
v2e_vs_real,original,194000,195000,2044,36.665133913149056,,ok
v2e_vs_real,original,195000,196000,4010,35.36563545057839,,ok
v2e_vs_real,original,196000,197000,2071,33.94248026989044,,ok
v2e_vs_real,original,197000,198000,4002,34.462979095290386,,ok
v2e_vs_real,original,198000,199000,2258,32.813509339690626,,ok
v2e_vs_real,original,199000,200000,4343,32.326013021344025,,ok
v2e_vs_real,original,200000,201000,2137,32.417005883560414,,ok
v2e_vs_real,original,201000,202000,4159,34.39101150318451,,ok
v2e_vs_real,original,202000,203000,2052,35.00214370663036,,ok
v2e_vs_real,original,203000,204000,4063,34.95022704761591,,ok
v2e_vs_real,original,204000,205000,2050,36.15625819994227,,ok
v2e_vs_real,original,205000,206000,3940,37.01602744012291,,ok
v2e_vs_real,original,206000,207000,1966,39.084072215659255,,ok
v2e_vs_real,original,207000,208000,3945,37.404657047166594,,ok
v2e_vs_real,original,208000,209000,1887,39.237019709310744,,ok
v2e_vs_real,original,209000,210000,3870,38.0065088029322,,ok
v2e_vs_real,original,210000,211000,1909,38.62879472041976,,ok
v2e_vs_real,original,211000,212000,3818,38.38309892793387,,ok
v2e_vs_real,original,212000,213000,1936,39.69432109445458,,ok
v2e_vs_real,original,213000,214000,3793,38.56541057208885,,ok
v2e_vs_real,original,214000,215000,1957,38.95200115515524,,ok
v2e_vs_real,original,215000,216000,4008,37.16179840915564,,ok
v2e_vs_real,original,216000,217000,1931,38.960198036028736,,ok
v2e_vs_real,original,217000,218000,3943,38.432795139023696,,ok
v2e_vs_real,original,218000,219000,2059,39.82217298419822,,ok
v2e_vs_real,original,219000,220000,3939,39.29863973656105,,ok
v2e_vs_real,original,220000,221000,1907,39.538156377266745,,ok
v2e_vs_real,original,221000,222000,3808,39.34382280356624,,ok
v2e_vs_real,original,222000,223000,1847,40.222552905606065,,ok
v2e_vs_real,original,223000,224000,3658,39.24838410573681,,ok
v2e_vs_real,original,224000,225000,1759,40.315052142187376,,ok
v2e_vs_real,original,225000,226000,3447,40.592138703931205,,ok
v2e_vs_real,original,226000,227000,1646,43.75840434782044,,ok
v2e_vs_real,original,227000,228000,3336,40.24368764127811,,ok
v2e_vs_real,original,228000,229000,1646,41.52751123221943,,ok
v2e_vs_real,original,229000,230000,3332,40.73873361038044,,ok
v2e_vs_real,original,230000,231000,1629,44.17528025136156,,ok
v2e_vs_real,original,231000,232000,3559,36.139336925836986,,ok
v2e_vs_real,original,232000,233000,1856,35.35154442477869,,ok
v2e_vs_real,original,233000,234000,3504,37.41739918408215,,ok
v2e_vs_real,original,234000,235000,1775,39.262873265140534,,ok
v2e_vs_real,original,235000,236000,3282,42.16070395537428,,ok
v2e_vs_real,original,236000,237000,1649,43.950393253104046,,ok
v2e_vs_real,original,237000,238000,3193,44.87219024656311,,ok
v2e_vs_real,original,238000,239000,1569,44.995161003228766,,ok
v2e_vs_real,original,239000,240000,3071,46.51994291167249,,ok
v2e_vs_real,original,240000,241000,1561,46.51310635756045,,ok
v2e_vs_real,original,241000,242000,3097,46.397962621353955,,ok
v2e_vs_real,original,242000,243000,1483,48.664480480310466,,ok
v2e_vs_real,original,243000,244000,3023,49.12533017907491,,ok
v2e_vs_real,original,244000,245000,1486,48.59440455794906,,ok
v2e_vs_real,original,245000,246000,3018,47.69203636081771,,ok
v2e_vs_real,original,246000,247000,1530,48.09869799127094,,ok
v2e_vs_real,original,247000,248000,3004,47.49508730079477,,ok
v2e_vs_real,original,248000,249000,1569,43.57914311864514,,ok
v2e_vs_real,original,249000,250000,3103,45.36199041746576,,ok
v2e_vs_real,original,250000,251000,1522,47.35011487855808,,ok
v2e_vs_real,original,251000,252000,3013,47.669400945555054,,ok
v2e_vs_real,original,252000,253000,1500,49.130230581512514,,ok
v2e_vs_real,original,253000,254000,3024,49.07961090299137,,ok
v2e_vs_real,original,254000,255000,1503,47.33678942278655,,ok
v2e_vs_real,original,255000,256000,2947,50.87251331383491,,ok
v2e_vs_real,original,256000,257000,1487,51.553640016807286,,ok
v2e_vs_real,original,257000,258000,2968,50.175523584580894,,ok
v2e_vs_real,original,258000,259000,1513,50.15394452427144,,ok
v2e_vs_real,original,259000,260000,3016,49.56617241852048,,ok
v2e_vs_real,original,260000,261000,1504,49.486812575499805,,ok
v2e_vs_real,original,261000,262000,3098,48.012122052369115,,ok
v2e_vs_real,original,262000,263000,1522,47.48795217286528,,ok
v2e_vs_real,original,263000,264000,3029,47.29358019265144,,ok
v2e_vs_real,original,264000,265000,1569,44.01002961546169,,ok
v2e_vs_real,original,265000,266000,4761,36.713076400784765,,ok
v2e_vs_real,original,266000,267000,2780,39.94365083502534,,ok
v2e_vs_real,original,267000,268000,2835,42.353729505284754,,ok
v2e_vs_real,original,268000,269000,2791,45.23735762797786,,ok
v2e_vs_real,original,269000,270000,2818,46.86930553025004,,ok
v2e_vs_real,original,270000,271000,2674,47.929309758617535,,ok
v2e_vs_real,original,271000,272000,2806,49.54125795760237,,ok
v2e_vs_real,original,272000,273000,2728,51.64520177548508,,ok
v2e_vs_real,original,273000,274000,2688,52.8214777884964,,ok
v2e_vs_real,original,274000,275000,2656,52.63150976449639,,ok
v2e_vs_real,original,275000,276000,2773,53.0885772572252,,ok
v2e_vs_real,original,276000,277000,2760,53.66300924100145,,ok
v2e_vs_real,original,277000,278000,2807,53.62215116438471,,ok
v2e_vs_real,original,278000,279000,2764,52.72413233269254,,ok
v2e_vs_real,original,279000,280000,2773,53.9229625247561,,ok
v2e_vs_real,original,280000,281000,2793,51.776928975793425,,ok
v2e_vs_real,original,281000,282000,2987,50.105362748568595,,ok
v2e_vs_real,original,282000,283000,2912,52.34866156307151,,ok
v2e_vs_real,original,283000,284000,2846,52.59146041365801,,ok
v2e_vs_real,original,284000,285000,2801,55.143913147851435,,ok
v2e_vs_real,original,285000,286000,2837,53.68943476520118,,ok
v2e_vs_real,original,286000,287000,2775,56.78052007763715,,ok
v2e_vs_real,original,287000,288000,2764,56.11076456416789,,ok
v2e_vs_real,original,288000,289000,2765,56.35120344735795,,ok
v2e_vs_real,original,289000,290000,2796,56.77181622901626,,ok
v2e_vs_real,original,290000,291000,2824,55.696817426728416,,ok
v2e_vs_real,original,291000,292000,2856,54.82490870208112,,ok
v2e_vs_real,original,292000,293000,2890,55.28102169597202,,ok
v2e_vs_real,original,293000,294000,2831,55.57400599990171,,ok
v2e_vs_real,original,294000,295000,2851,56.002129142999436,,ok
v2e_vs_real,original,295000,296000,2873,56.942930603514135,,ok
v2e_vs_real,original,296000,297000,2909,55.08742231601974,,ok
v2e_vs_real,original,297000,298000,2847,55.47934814349672,,ok
v2e_vs_real,original,298000,299000,3319,45.41717391380799,,ok
v2e_vs_real,original,299000,300000,3315,47.03556149693488,,ok
v2e_vs_real,original,300000,301000,3420,49.34878808556765,,ok
v2e_vs_real,original,301000,302000,3376,50.60281127687192,,ok
v2e_vs_real,original,302000,303000,3362,50.474262961415796,,ok
v2e_vs_real,original,303000,304000,3351,51.56816882879486,,ok
v2e_vs_real,original,304000,305000,3394,51.281660587060806,,ok
v2e_vs_real,original,305000,306000,3334,53.60163322458791,,ok
v2e_vs_real,original,306000,307000,3355,53.965445683591156,,ok
v2e_vs_real,original,307000,308000,3314,52.342921704868814,,ok
v2e_vs_real,original,308000,309000,3326,53.46184286411388,,ok
v2e_vs_real,original,309000,310000,3336,55.52759358977272,,ok
v2e_vs_real,original,310000,311000,6646,54.083928338140396,,ok
v2e_vs_real,original,311000,312000,3422,55.862409222557666,,ok
v2e_vs_real,original,312000,313000,3399,54.063862766985025,,ok
v2e_vs_real,original,313000,314000,3493,54.84927134960498,,ok
v2e_vs_real,original,314000,315000,3588,52.46639888640793,,ok
v2e_vs_real,original,315000,316000,3464,52.552931971812846,,ok
v2e_vs_real,original,316000,317000,3588,52.15185159966756,,ok
v2e_vs_real,original,317000,318000,3502,53.6284564537316,,ok
v2e_vs_real,original,318000,319000,3508,53.33277672681127,,ok
v2e_vs_real,original,319000,320000,3511,52.96408812665086,,ok
v2e_vs_real,original,320000,321000,3489,54.97365660379025,,ok
v2e_vs_real,original,321000,322000,3511,54.8640308005882,,ok
v2e_vs_real,original,322000,323000,3569,54.42282547254796,,ok
v2e_vs_real,original,323000,324000,3551,54.98818839332182,,ok
v2e_vs_real,original,324000,325000,3519,55.31324504382609,,ok
v2e_vs_real,original,325000,326000,3650,56.33254187696678,,ok
v2e_vs_real,original,326000,327000,3523,56.000357554519205,,ok
v2e_vs_real,original,327000,328000,3625,54.687552385175856,,ok
v2e_vs_real,original,328000,329000,3502,54.61744015829841,,ok
v2e_vs_real,original,329000,330000,3504,53.38037690789348,,ok
v2e_vs_real,original,330000,331000,3561,54.572686095238005,,ok
v2e_vs_real,original,331000,332000,3957,45.95250694880798,,ok
v2e_vs_real,original,332000,333000,3945,45.758279834805805,,ok
v2e_vs_real,original,333000,334000,3842,47.92082365961881,,ok
v2e_vs_real,original,334000,335000,3751,49.98355180221164,,ok
v2e_vs_real,original,335000,336000,3755,49.181473750365775,,ok
v2e_vs_real,original,336000,337000,3786,51.224499707577856,,ok
v2e_vs_real,original,337000,338000,3627,51.78890257878801,,ok
v2e_vs_real,original,338000,339000,3670,51.24994519706939,,ok
v2e_vs_real,original,339000,340000,3667,52.152330625303904,,ok
v2e_vs_real,original,340000,341000,3638,52.988359619916174,,ok
v2e_vs_real,original,341000,342000,3625,52.05216093113423,,ok
v2e_vs_real,original,342000,343000,3711,51.5583075326048,,ok
v2e_vs_real,original,343000,344000,3730,51.07383847246253,,ok
v2e_vs_real,original,344000,345000,3715,51.16130285224829,,ok
v2e_vs_real,original,345000,346000,3758,51.55664768185508,,ok
v2e_vs_real,original,346000,347000,3776,51.436248101700144,,ok
v2e_vs_real,original,347000,348000,3984,51.281852747700654,,ok
v2e_vs_real,original,348000,349000,3961,50.74622768768736,,ok
v2e_vs_real,original,349000,350000,3929,52.56672680504442,,ok
v2e_vs_real,original,350000,351000,3918,51.13121655613737,,ok
v2e_vs_real,original,351000,352000,3949,52.06492288972046,,ok
v2e_vs_real,original,352000,353000,3934,51.749470870582826,,ok
v2e_vs_real,original,353000,354000,3866,52.010247364194015,,ok
v2e_vs_real,original,354000,355000,3940,52.16568157643672,,ok
v2e_vs_real,original,355000,356000,3890,53.038168213639864,,ok
v2e_vs_real,original,356000,357000,3850,53.03539673447545,,ok
v2e_vs_real,original,357000,358000,3930,52.616063705744544,,ok
v2e_vs_real,original,358000,359000,7710,52.39152283456761,,ok
v2e_vs_real,original,359000,360000,3929,52.78587358372988,,ok
v2e_vs_real,original,360000,361000,3936,52.6603802875372,,ok
v2e_vs_real,original,361000,362000,3932,51.71694359384466,,ok
v2e_vs_real,original,362000,363000,3974,51.370047154389034,,ok
v2e_vs_real,original,363000,364000,4085,51.28028354889356,,ok
v2e_vs_real,original,364000,365000,4559,42.68093871153183,,ok
v2e_vs_real,original,365000,366000,4436,44.62605556525989,,ok
v2e_vs_real,original,366000,367000,4341,45.24311093992876,,ok
v2e_vs_real,original,367000,368000,4383,47.22585318744007,,ok
v2e_vs_real,original,368000,369000,4254,47.73860717853499,,ok
v2e_vs_real,original,369000,370000,4173,48.378389384008585,,ok
v2e_vs_real,original,370000,371000,4050,49.13830219532862,,ok
v2e_vs_real,original,371000,372000,4096,47.95818249257218,,ok
v2e_vs_real,original,372000,373000,4040,48.7421010215438,,ok
v2e_vs_real,original,373000,374000,4054,47.701618310240264,,ok
v2e_vs_real,original,374000,375000,4094,47.679010109163684,,ok
v2e_vs_real,original,375000,376000,4072,46.835197430334915,,ok
v2e_vs_real,original,376000,377000,4080,47.675518921993906,,ok
v2e_vs_real,original,377000,378000,4222,46.61342740705694,,ok
v2e_vs_real,original,378000,379000,4279,45.74566030777523,,ok
v2e_vs_real,original,379000,380000,4275,46.19060232959952,,ok
v2e_vs_real,original,380000,381000,4594,46.01657240679084,,ok
v2e_vs_real,original,381000,382000,4835,46.27988585935941,,ok
v2e_vs_real,original,382000,383000,4989,45.5450126958406,,ok
v2e_vs_real,original,383000,384000,4930,45.617948547000815,,ok
v2e_vs_real,original,384000,385000,4940,44.04005332037031,,ok
v2e_vs_real,original,385000,386000,4849,43.37252423167408,,ok
v2e_vs_real,original,386000,387000,4877,44.17227088618999,,ok
v2e_vs_real,original,387000,388000,4967,42.83905387144835,,ok
v2e_vs_real,original,388000,389000,4833,42.241677053775504,,ok
v2e_vs_real,original,389000,390000,4942,42.85435943485064,,ok
v2e_vs_real,original,390000,391000,4949,42.40320058103293,,ok
v2e_vs_real,original,391000,392000,5094,42.29726111197521,,ok
v2e_vs_real,original,392000,393000,5039,41.647260868453166,,ok
v2e_vs_real,original,393000,394000,5144,41.761764769838024,,ok
v2e_vs_real,original,394000,395000,5271,41.03979060114066,,ok
v2e_vs_real,original,395000,396000,5196,40.78713983025175,,ok
v2e_vs_real,original,396000,397000,5308,40.23012045706324,,ok
v2e_vs_real,original,397000,398000,5252,40.01907915296932,,ok
v2e_vs_real,original,398000,399000,6106,36.60614372238678,,ok
v2e_vs_real,original,399000,400000,5164,38.6349614781155,,ok
v2e_vs_real,original,400000,401000,9964,39.33599255029819,,ok
v2e_vs_real,original,401000,402000,4803,41.02945970775761,,ok
v2e_vs_real,original,402000,403000,4520,41.5858962609861,,ok
v2e_vs_real,original,403000,404000,4390,40.918898689135005,,ok
v2e_vs_real,original,404000,405000,4220,42.55019183191831,,ok
v2e_vs_real,original,405000,406000,8029,42.09196575596778,,ok
v2e_vs_real,original,406000,407000,3930,42.169783565490675,,ok
v2e_vs_real,original,407000,408000,3962,41.61122363058928,,ok
v2e_vs_real,original,408000,409000,3999,43.0651212650139,,ok
v2e_vs_real,original,409000,410000,3858,42.600277552549365,,ok
v2e_vs_real,original,410000,411000,7939,41.66606063083554,,ok
v2e_vs_real,original,411000,412000,3998,42.498605112518156,,ok
v2e_vs_real,original,412000,413000,3931,43.04962146753434,,ok
v2e_vs_real,original,413000,414000,3922,41.799920702026775,,ok
v2e_vs_real,original,414000,415000,4059,43.37834786066851,,ok
v2e_vs_real,original,415000,416000,8159,41.90732621000925,,ok
v2e_vs_real,original,416000,417000,4192,43.45659880391535,,ok
v2e_vs_real,original,417000,418000,4183,41.372094136009714,,ok
v2e_vs_real,original,418000,419000,4063,42.38515971954461,,ok
v2e_vs_real,original,419000,420000,4063,41.688768544002386,,ok
v2e_vs_real,original,420000,421000,8105,41.11377032115583,,ok
v2e_vs_real,original,421000,422000,4032,39.29418383421257,,ok
v2e_vs_real,original,422000,423000,3999,40.130567171027,,ok
v2e_vs_real,original,423000,424000,4053,40.08879229696162,,ok
v2e_vs_real,original,424000,425000,3981,39.542813948453706,,ok
v2e_vs_real,original,425000,426000,8000,39.13902023105836,,ok
v2e_vs_real,original,426000,427000,3959,38.9401893598432,,ok
v2e_vs_real,original,427000,428000,4023,38.64525293756849,,ok
v2e_vs_real,original,428000,429000,3928,37.10126118587392,,ok
v2e_vs_real,original,429000,430000,7900,36.97271252683667,,ok
v2e_vs_real,original,430000,431000,4004,36.78374053828528,,ok
v2e_vs_real,original,431000,432000,4102,35.6460281232804,,ok
v2e_vs_real,original,432000,433000,4121,36.82927461403063,,ok
v2e_vs_real,original,433000,434000,3924,35.241471646869286,,ok
v2e_vs_real,original,434000,435000,3944,34.14363644467932,,ok
v2e_vs_real,original,435000,436000,7799,35.07146628565438,,ok
v2e_vs_real,original,436000,437000,3828,35.07643666871064,,ok
v2e_vs_real,original,437000,438000,3810,34.758843701829974,,ok
v2e_vs_real,original,438000,439000,3807,33.09186920998994,,ok
v2e_vs_real,original,439000,440000,3788,33.63886136991361,,ok
v2e_vs_real,original,440000,441000,7462,32.94343028872062,,ok
v2e_vs_real,original,441000,442000,3743,33.21318618985869,,ok
v2e_vs_real,original,442000,443000,3721,32.355099323558434,,ok
v2e_vs_real,original,443000,444000,3772,33.12927820610854,,ok
v2e_vs_real,original,444000,445000,3794,32.254610307171816,,ok
v2e_vs_real,original,445000,446000,7536,31.450551852087933,,ok
v2e_vs_real,original,446000,447000,3826,31.89947641321058,,ok
v2e_vs_real,original,447000,448000,3831,31.623727499337104,,ok
v2e_vs_real,original,448000,449000,3951,32.33104044188133,,ok
v2e_vs_real,original,449000,450000,3861,31.437801619772973,,ok
v2e_vs_real,original,450000,451000,7808,31.328584733492217,,ok
v2e_vs_real,original,451000,452000,3935,31.274635611322264,,ok
v2e_vs_real,original,452000,453000,3769,31.906521574997257,,ok
v2e_vs_real,original,453000,454000,3733,30.712318653911467,,ok
v2e_vs_real,original,454000,455000,3833,32.140163618792364,,ok
v2e_vs_real,original,455000,456000,7586,30.033113779651313,,ok
v2e_vs_real,original,456000,457000,3696,30.104200514623905,,ok
v2e_vs_real,original,457000,458000,3846,29.413131148995163,,ok
v2e_vs_real,original,458000,459000,3759,28.7634264529686,,ok
v2e_vs_real,original,459000,460000,3764,29.970186598803114,,ok
v2e_vs_real,original,460000,461000,7470,28.453412457133286,,ok
v2e_vs_real,original,461000,462000,3873,28.14540951621386,,ok
v2e_vs_real,original,462000,463000,3780,27.508648996561615,,ok
v2e_vs_real,original,463000,464000,3746,27.12101094405116,,ok
v2e_vs_real,original,464000,465000,3700,27.31315311149416,,ok
v2e_vs_real,original,465000,466000,7930,26.091530371414496,,ok
v2e_vs_real,original,466000,467000,3867,25.780386884040603,,ok
v2e_vs_real,original,467000,468000,3792,25.3294458722237,,ok
v2e_vs_real,original,468000,469000,3810,24.928419633998484,,ok
v2e_vs_real,original,469000,470000,3790,25.972727137051383,,ok
v2e_vs_real,original,470000,471000,7466,25.04317287102703,,ok
v2e_vs_real,original,471000,472000,3699,25.64899782285531,,ok
v2e_vs_real,original,472000,473000,3632,23.88266865671663,,ok
v2e_vs_real,original,473000,474000,3705,24.311255222318213,,ok
v2e_vs_real,original,474000,475000,3599,24.74055764441119,,ok
v2e_vs_real,original,475000,476000,7295,24.433378747775684,,ok
v2e_vs_real,original,476000,477000,3712,24.105072899957083,,ok
v2e_vs_real,original,477000,478000,3644,24.9910664336311,,ok
v2e_vs_real,original,478000,479000,3733,23.54114044238006,,ok
v2e_vs_real,original,479000,480000,3642,24.526291978762643,,ok
v2e_vs_real,original,480000,481000,7394,23.639718318477662,,ok
v2e_vs_real,original,481000,482000,3805,23.19373466075473,,ok
v2e_vs_real,original,482000,483000,3764,23.463609071509044,,ok
v2e_vs_real,original,483000,484000,3838,23.865040404859723,,ok
v2e_vs_real,original,484000,485000,3727,24.32683762271942,,ok
v2e_vs_real,original,485000,486000,7347,22.980108641783712,,ok
v2e_vs_real,original,486000,487000,3693,23.65673584555093,,ok
v2e_vs_real,original,487000,488000,3651,22.575998202455185,,ok
v2e_vs_real,original,488000,489000,3605,20.668868916949084,,ok
v2e_vs_real,original,489000,490000,3554,22.252445018755697,,ok
v2e_vs_real,original,490000,491000,6916,21.02952461223407,,ok
v2e_vs_real,original,491000,492000,3489,20.052612851953768,,ok
v2e_vs_real,original,492000,493000,3505,21.562770924396244,,ok
v2e_vs_real,original,493000,494000,3407,21.848337544051542,,ok
v2e_vs_real,original,494000,495000,3464,19.39352399921272,,ok
v2e_vs_real,original,495000,496000,7018,19.41179262006968,,ok
v2e_vs_real,original,496000,497000,3500,18.487931697796558,,ok
v2e_vs_real,original,497000,498000,3517,18.81156316090907,,ok
v2e_vs_real,original,498000,499000,3826,16.697709224388685,,ok
v2e_vs_real,original,499000,500000,3678,16.077761817585216,,ok
v2e_vs_real,original,500000,501000,7236,15.819813889204225,,ok
v2e_vs_real,original,501000,502000,3620,16.02558156928372,,ok
v2e_vs_real,original,502000,503000,3597,15.584846567869874,,ok
v2e_vs_real,original,503000,504000,3531,17.921840717394456,,ok
v2e_vs_real,original,504000,505000,3552,15.932774549680122,,ok
v2e_vs_real,original,505000,506000,6954,16.304965425146985,,ok
v2e_vs_real,original,506000,507000,3571,16.331202899554008,,ok
v2e_vs_real,original,507000,508000,3469,16.089054078550767,,ok
v2e_vs_real,original,508000,509000,3445,16.910291209284235,,ok
v2e_vs_real,original,509000,510000,3553,16.985493378345847,,ok
v2e_vs_real,original,510000,511000,7061,16.77288069267648,,ok
v2e_vs_real,original,511000,512000,3620,16.58624173392022,,ok
v2e_vs_real,original,512000,513000,3564,18.18159324130267,,ok
v2e_vs_real,original,513000,514000,3550,16.193201159578393,,ok
v2e_vs_real,original,514000,515000,3583,16.922310897517516,,ok
v2e_vs_real,original,515000,516000,7298,18.920426376156808,,ok
v2e_vs_real,original,516000,517000,3692,17.73778134365182,,ok
v2e_vs_real,original,517000,518000,3705,18.975373855026163,,ok
v2e_vs_real,original,518000,519000,3553,17.61896744777966,,ok
v2e_vs_real,original,519000,520000,3495,15.938646864113357,,ok
v2e_vs_real,original,520000,521000,6998,15.422448890365706,,ok
v2e_vs_real,original,521000,522000,3553,15.022924296428995,,ok
v2e_vs_real,original,522000,523000,3452,15.938129439014281,,ok
v2e_vs_real,original,523000,524000,3473,14.56327344352759,,ok
v2e_vs_real,original,524000,525000,3435,15.009762869382836,,ok
v2e_vs_real,original,525000,526000,6764,13.629954820358314,,ok
v2e_vs_real,original,526000,527000,3447,14.581763638530347,,ok
v2e_vs_real,original,527000,528000,3382,15.441385316764357,,ok
v2e_vs_real,original,528000,529000,3474,15.318161113313534,,ok
v2e_vs_real,original,529000,530000,3449,15.739317444752308,,ok
v2e_vs_real,original,530000,531000,6723,14.044749490866845,,ok
v2e_vs_real,original,531000,532000,3849,11.376403850030277,,ok
v2e_vs_real,original,532000,533000,4071,9.279542946180415,,ok
v2e_vs_real,original,533000,534000,4042,9.35232942952484,,ok
v2e_vs_real,original,534000,535000,3893,9.972653513201275,,ok
v2e_vs_real,original,535000,536000,3907,8.811639503645806,,ok
v2e_vs_real,original,536000,537000,3943,10.6975034910768,,ok
v2e_vs_real,original,537000,538000,3844,9.421865288574526,,ok
v2e_vs_real,original,538000,539000,3850,10.577557734517457,,ok
v2e_vs_real,original,539000,540000,3860,11.13287768285195,,ok
v2e_vs_real,original,540000,541000,3885,12.847963039737154,,ok
v2e_vs_real,original,541000,542000,3929,12.42725876251438,,ok
v2e_vs_real,original,542000,543000,3923,11.252253794563744,,ok
v2e_vs_real,original,543000,544000,3891,11.905013353202158,,ok
v2e_vs_real,original,544000,545000,3984,12.016570445118964,,ok
v2e_vs_real,original,545000,546000,3945,13.198215213097622,,ok
v2e_vs_real,original,546000,547000,3929,13.311209692655567,,ok
v2e_vs_real,original,547000,548000,4118,14.651528896128026,,ok
v2e_vs_real,original,548000,549000,4178,17.212694616484733,,ok
v2e_vs_real,original,549000,550000,4239,16.575556845692528,,ok
v2e_vs_real,original,550000,551000,4119,18.90674218545636,,ok
v2e_vs_real,original,551000,552000,4122,15.825212098398826,,ok
v2e_vs_real,original,552000,553000,4102,18.496756002946572,,ok
v2e_vs_real,original,553000,554000,4122,17.20904839884878,,ok
v2e_vs_real,original,554000,555000,4127,15.792861429002343,,ok
v2e_vs_real,original,555000,556000,4072,16.491261863336142,,ok
v2e_vs_real,original,556000,557000,4055,16.21132859747303,,ok
v2e_vs_real,original,557000,558000,4013,15.766684263362581,,ok
v2e_vs_real,original,558000,559000,4008,16.61081684441833,,ok
v2e_vs_real,original,559000,560000,7835,13.632424252545174,,ok
v2e_vs_real,original,560000,561000,4110,16.407901255896896,,ok
v2e_vs_real,original,561000,562000,3948,16.731151637939302,,ok
v2e_vs_real,original,562000,563000,3979,16.814306240388238,,ok
v2e_vs_real,original,563000,564000,4195,18.04067313209229,,ok
v2e_vs_real,original,564000,565000,4417,14.565403923887693,,ok
v2e_vs_real,original,565000,566000,4336,14.710239160784582,,ok
v2e_vs_real,original,566000,567000,4107,13.497721228465688,,ok
v2e_vs_real,original,567000,568000,4136,14.705690777391673,,ok
v2e_vs_real,original,568000,569000,4172,18.055131113383133,,ok
v2e_vs_real,original,569000,570000,4064,16.121374307931095,,ok
v2e_vs_real,original,570000,571000,4020,16.265187150378388,,ok
v2e_vs_real,original,571000,572000,3964,17.722900514661628,,ok
v2e_vs_real,original,572000,573000,3827,17.49214561912548,,ok
v2e_vs_real,original,573000,574000,3918,17.062371920020468,,ok
v2e_vs_real,original,574000,575000,3918,17.519076994394332,,ok
v2e_vs_real,original,575000,576000,3886,17.442552311573824,,ok
v2e_vs_real,original,576000,577000,3851,19.069399949926655,,ok
v2e_vs_real,original,577000,578000,3871,18.320259057664586,,ok
v2e_vs_real,original,578000,579000,3823,19.63710384313162,,ok
v2e_vs_real,original,579000,580000,4044,19.365917466381596,,ok
v2e_vs_real,original,580000,581000,3970,19.541127716928504,,ok
v2e_vs_real,original,581000,582000,4182,18.782704168406575,,ok
v2e_vs_real,original,582000,583000,4147,19.949711295900272,,ok
v2e_vs_real,original,583000,584000,4077,20.828783981589265,,ok
v2e_vs_real,original,584000,585000,4075,20.15349298720147,,ok
v2e_vs_real,original,585000,586000,4191,21.85028527262917,,ok
v2e_vs_real,original,586000,587000,4095,20.527762055855447,,ok
v2e_vs_real,original,587000,588000,4064,20.330326372550008,,ok
v2e_vs_real,original,588000,589000,4061,21.006489349970344,,ok
v2e_vs_real,original,589000,590000,4000,19.86883366360422,,ok
v2e_vs_real,original,590000,591000,3956,21.136178664684724,,ok
v2e_vs_real,original,591000,592000,4123,21.558679488220175,,ok
v2e_vs_real,original,592000,593000,3923,22.36556747979019,,ok
v2e_vs_real,original,593000,594000,3950,20.825769195059447,,ok
v2e_vs_real,original,594000,595000,3986,21.912006860456806,,ok
v2e_vs_real,original,595000,596000,3971,22.787109933210726,,ok
v2e_vs_real,original,596000,597000,4010,21.926952893703735,,ok
v2e_vs_real,original,597000,598000,3993,22.57889234048201,,ok
v2e_vs_real,original,598000,599000,4233,20.96033628759489,,ok
v2e_vs_real,original,599000,600000,4188,21.29874777927155,,ok
v2e_vs_real,original,600000,601000,4173,21.42558622239989,,ok
v2e_vs_real,original,601000,602000,4094,21.052754902948763,,ok
v2e_vs_real,original,602000,603000,4185,23.072597652312737,,ok
v2e_vs_real,original,603000,604000,4194,25.117195066152636,,ok
v2e_vs_real,original,604000,605000,4189,25.95074020975885,,ok
v2e_vs_real,original,605000,606000,4201,26.068632770120757,,ok
v2e_vs_real,original,606000,607000,4276,27.78012887347753,,ok
v2e_vs_real,original,607000,608000,4343,27.185443158835252,,ok
v2e_vs_real,original,608000,609000,4248,27.86875936779039,,ok
v2e_vs_real,original,609000,610000,8391,25.59395435053111,,ok
v2e_vs_real,original,610000,611000,4206,28.61415315936687,,ok
v2e_vs_real,original,611000,612000,4204,27.28924486671602,,ok
v2e_vs_real,original,612000,613000,4195,26.9881458242063,,ok
v2e_vs_real,original,613000,614000,4325,28.40110849900613,,ok
v2e_vs_real,original,614000,615000,4451,28.181326643802237,,ok
v2e_vs_real,original,615000,616000,4361,27.137451499089625,,ok
v2e_vs_real,original,616000,617000,4337,27.128280838786207,,ok
v2e_vs_real,original,617000,618000,4390,26.705436556209225,,ok
v2e_vs_real,original,618000,619000,4274,25.323097854817973,,ok
v2e_vs_real,original,619000,620000,4233,26.51596094072972,,ok
v2e_vs_real,original,620000,621000,4178,24.734778863224236,,ok
v2e_vs_real,original,621000,622000,4087,24.721054659150433,,ok
v2e_vs_real,original,622000,623000,4015,24.492360915008923,,ok
v2e_vs_real,original,623000,624000,4059,24.493498558627298,,ok
v2e_vs_real,original,624000,625000,4017,24.741033812469084,,ok
v2e_vs_real,original,625000,626000,3972,25.062303241323615,,ok
v2e_vs_real,original,626000,627000,3996,25.517613119117986,,ok
v2e_vs_real,original,627000,628000,3950,26.88201898664437,,ok
v2e_vs_real,original,628000,629000,4027,26.006817890571977,,ok
v2e_vs_real,original,629000,630000,3882,25.513088337320795,,ok
v2e_vs_real,original,630000,631000,3954,24.792846221532393,,ok
v2e_vs_real,original,631000,632000,4060,24.767810935912756,,ok
v2e_vs_real,original,632000,633000,4057,24.072992183555712,,ok
v2e_vs_real,original,633000,634000,3955,25.214743405032582,,ok
v2e_vs_real,original,634000,635000,4001,25.26384166847378,,ok
v2e_vs_real,original,635000,636000,3981,26.134900398285243,,ok
v2e_vs_real,original,636000,637000,4028,26.18543062374978,,ok
v2e_vs_real,original,637000,638000,3950,27.269004900975567,,ok
v2e_vs_real,original,638000,639000,3882,25.973981480374356,,ok
v2e_vs_real,original,639000,640000,3863,26.270605257422233,,ok
v2e_vs_real,original,640000,641000,3852,27.29879329339272,,ok
v2e_vs_real,original,641000,642000,3783,27.211330748941414,,ok
v2e_vs_real,original,642000,643000,3764,26.786099630545213,,ok
v2e_vs_real,original,643000,644000,3715,27.345151600932983,,ok
v2e_vs_real,original,644000,645000,3777,26.869632678668758,,ok
v2e_vs_real,original,645000,646000,3695,28.03654135976667,,ok
v2e_vs_real,original,646000,647000,3654,28.692704411686336,,ok
v2e_vs_real,original,647000,648000,3752,28.145705645388194,,ok
v2e_vs_real,original,648000,649000,3784,28.299387643524945,,ok
v2e_vs_real,original,649000,650000,3862,28.324493897947335,,ok
v2e_vs_real,original,650000,651000,3867,27.74394856032125,,ok
v2e_vs_real,original,651000,652000,3836,29.370746047107236,,ok
v2e_vs_real,original,652000,653000,3814,29.540981486207713,,ok
v2e_vs_real,original,653000,654000,3827,29.697587749905384,,ok
v2e_vs_real,original,654000,655000,3803,30.824725481961238,,ok
v2e_vs_real,original,655000,656000,3750,31.997145078383102,,ok
v2e_vs_real,original,656000,657000,3695,34.4664586066191,,ok
v2e_vs_real,original,657000,658000,3612,33.9051615030345,,ok
v2e_vs_real,original,658000,659000,3747,34.651732215864556,,ok
v2e_vs_real,original,659000,660000,7160,33.5818577633816,,ok
v2e_vs_real,original,660000,661000,3729,34.28411535548816,,ok
v2e_vs_real,original,661000,662000,3680,35.00877082576559,,ok
v2e_vs_real,original,662000,663000,3779,35.4073130096455,,ok
v2e_vs_real,original,663000,664000,3658,35.281640868793126,,ok
v2e_vs_real,original,664000,665000,3601,33.7011712213963,,ok
v2e_vs_real,original,665000,666000,2425,42.17823705625374,,ok
v2e_vs_real,original,666000,667000,4389,41.27671809996303,,ok
v2e_vs_real,original,667000,668000,2176,42.13620256564664,,ok
v2e_vs_real,original,668000,669000,4137,39.83806218269713,,ok
v2e_vs_real,original,669000,670000,3860,39.67169844825483,,ok
v2e_vs_real,original,670000,671000,3858,39.20469604184978,,ok
v2e_vs_real,original,671000,672000,3788,39.340131643704744,,ok
v2e_vs_real,original,672000,673000,3723,39.462230469555735,,ok
v2e_vs_real,original,673000,674000,3788,39.603193245001435,,ok
v2e_vs_real,original,674000,675000,3688,39.12902267002316,,ok
v2e_vs_real,original,675000,676000,1820,39.44103123695789,,ok
v2e_vs_real,original,676000,677000,3699,39.14778085084641,,ok
v2e_vs_real,original,677000,678000,3738,38.81031620413335,,ok
v2e_vs_real,original,678000,679000,3601,39.87837293444854,,ok
v2e_vs_real,original,679000,680000,3729,39.32864428353872,,ok
v2e_vs_real,original,680000,681000,3667,37.99439047282346,,ok
v2e_vs_real,original,681000,682000,3801,35.6887641943943,,ok
v2e_vs_real,original,682000,683000,1900,35.62585680797122,,ok
v2e_vs_real,original,683000,684000,3819,35.86652573018868,,ok
v2e_vs_real,original,684000,685000,3761,36.62244029462789,,ok
v2e_vs_real,original,685000,686000,3690,36.992245948279,,ok
v2e_vs_real,original,686000,687000,3688,38.86011394206351,,ok
v2e_vs_real,original,687000,688000,3672,37.96945580399774,,ok
v2e_vs_real,original,688000,689000,3711,39.34164144912607,,ok
v2e_vs_real,original,689000,690000,1897,39.05497905815199,,ok
v2e_vs_real,original,690000,691000,3596,40.14087674279014,,ok
v2e_vs_real,original,691000,692000,3709,39.029835844493,,ok
v2e_vs_real,original,692000,693000,3623,39.87509426380268,,ok
v2e_vs_real,original,693000,694000,3749,40.057465267936166,,ok
v2e_vs_real,original,694000,695000,3710,38.584382438730756,,ok
v2e_vs_real,original,695000,696000,3779,38.9661264671768,,ok
v2e_vs_real,original,696000,697000,1844,39.03484875900288,,ok
v2e_vs_real,original,697000,698000,3685,38.14135261080007,,ok
v2e_vs_real,original,698000,699000,3679,36.39052662567678,,ok
v2e_vs_real,original,699000,700000,3343,38.2915162695215,,ok
v2e_vs_real,original,700000,701000,3194,39.63296569435813,,ok
v2e_vs_real,original,701000,702000,3100,39.862075077327255,,ok
v2e_vs_real,original,702000,703000,2934,42.334325078880525,,ok
v2e_vs_real,original,703000,704000,1443,40.18556220967515,,ok
v2e_vs_real,original,704000,705000,3020,40.69091637167505,,ok
v2e_vs_real,original,705000,706000,2829,41.15233997403101,,ok
v2e_vs_real,original,706000,707000,2769,42.93816284148806,,ok
v2e_vs_real,original,707000,708000,2783,43.16704638366829,,ok
v2e_vs_real,original,708000,709000,1381,43.00890359865371,,ok
v2e_vs_real,original,709000,710000,2829,42.62404722630386,,ok
v2e_vs_real,original,710000,711000,2817,41.68943740769355,,ok
v2e_vs_real,original,711000,712000,1393,43.04338204432692,,ok
v2e_vs_real,original,712000,713000,4195,42.697814691434836,,ok
v2e_vs_real,original,713000,714000,2791,42.69713421693966,,ok
v2e_vs_real,original,714000,715000,1398,41.95260079206259,,ok
v2e_vs_real,original,715000,716000,2972,39.745435197816754,,ok
v2e_vs_real,original,716000,717000,2912,39.210299230603226,,ok
v2e_vs_real,original,717000,718000,2932,40.30080090071723,,ok
v2e_vs_real,original,718000,719000,1477,39.75454380792112,,ok
v2e_vs_real,original,719000,720000,2907,40.57259240994115,,ok
v2e_vs_real,original,720000,721000,4255,41.67601310120756,,ok
v2e_vs_real,original,721000,722000,2817,41.633802531376745,,ok
v2e_vs_real,original,722000,723000,2673,41.988660273411604,,ok
v2e_vs_real,original,723000,724000,1432,44.530910234243606,,ok
v2e_vs_real,original,724000,725000,2843,43.23689190216561,,ok
v2e_vs_real,original,725000,726000,2728,42.418095322210355,,ok
v2e_vs_real,original,726000,727000,2752,43.94922476755782,,ok
v2e_vs_real,original,727000,728000,2843,42.59066171161516,,ok
v2e_vs_real,original,728000,729000,2935,41.83528629891125,,ok
v2e_vs_real,original,729000,730000,2854,42.44772468356004,,ok
v2e_vs_real,original,730000,731000,1480,41.59295388507753,,ok
v2e_vs_real,original,731000,732000,2987,42.2764174385378,,ok
v2e_vs_real,original,732000,733000,3400,41.15613564768034,,ok
v2e_vs_real,original,733000,734000,3151,43.26436763443929,,ok
v2e_vs_real,original,734000,735000,3058,45.91008818808668,,ok
v2e_vs_real,original,735000,736000,2793,48.97959265424052,,ok
v2e_vs_real,original,736000,737000,2732,46.75831365677925,,ok
v2e_vs_real,original,737000,738000,1375,48.154868023070364,,ok
v2e_vs_real,original,738000,739000,2712,49.98224300701395,,ok
v2e_vs_real,original,739000,740000,2650,48.96011674319482,,ok
v2e_vs_real,original,740000,741000,2758,48.675103486811665,,ok
v2e_vs_real,original,741000,742000,2659,48.65928910414829,,ok
v2e_vs_real,original,742000,743000,2747,49.05576172569278,,ok
v2e_vs_real,original,743000,744000,1354,51.62402128910376,,ok
v2e_vs_real,original,744000,745000,2802,49.82460046871656,,ok
v2e_vs_real,original,745000,746000,2794,48.92618412015744,,ok
v2e_vs_real,original,746000,747000,2759,48.38325827728018,,ok
v2e_vs_real,original,747000,748000,2949,50.148143190328504,,ok
v2e_vs_real,original,748000,749000,2845,46.01194725709165,,ok
v2e_vs_real,original,749000,750000,3110,48.451548036183326,,ok
v2e_vs_real,original,750000,751000,3069,47.95286317378997,,ok
v2e_vs_real,original,751000,752000,1440,48.18004969167079,,ok
v2e_vs_real,original,752000,753000,3003,48.70844131989594,,ok
v2e_vs_real,original,753000,754000,2899,47.511067135099495,,ok
v2e_vs_real,original,754000,755000,2901,49.18671967647744,,ok
v2e_vs_real,original,755000,756000,2919,48.3246653896636,,ok
v2e_vs_real,original,756000,757000,2892,48.49627074098895,,ok
v2e_vs_real,original,757000,758000,1398,51.27669778347703,,ok
v2e_vs_real,original,758000,759000,2909,48.859764975744234,,ok
v2e_vs_real,original,759000,760000,2796,50.519153737753456,,ok
v2e_vs_real,original,760000,761000,2836,52.02308063357457,,ok
v2e_vs_real,original,761000,762000,2795,50.4109393772476,,ok
v2e_vs_real,original,762000,763000,2704,50.01014344757571,,ok
v2e_vs_real,original,763000,764000,3001,50.42296478821246,,ok
v2e_vs_real,original,764000,765000,2895,49.906900773213835,,ok
v2e_vs_real,original,765000,766000,3614,44.74762180813626,,ok
v2e_vs_real,original,766000,767000,3214,45.08829462785282,,ok
v2e_vs_real,original,767000,768000,1615,45.970220986199735,,ok
v2e_vs_real,original,768000,769000,3085,47.44031742639016,,ok
v2e_vs_real,original,769000,770000,2932,45.256015064520675,,ok
v2e_vs_real,original,770000,771000,3037,49.606340286045864,,ok
v2e_vs_real,original,771000,772000,3152,47.38719365632181,,ok
v2e_vs_real,original,772000,773000,3286,48.17422994305518,,ok
v2e_vs_real,original,773000,774000,3366,48.95378138068028,,ok
v2e_vs_real,original,774000,775000,1748,48.59332205558968,,ok
v2e_vs_real,original,775000,776000,3450,50.156879748535516,,ok
v2e_vs_real,original,776000,777000,3578,50.92059141426989,,ok
v2e_vs_real,original,777000,778000,3652,50.26046200300843,,ok
v2e_vs_real,original,778000,779000,3816,51.00031429365351,,ok
v2e_vs_real,original,779000,780000,3934,53.02818535392138,,ok
v2e_vs_real,original,780000,781000,4163,55.78242609963762,,ok
v2e_vs_real,original,781000,782000,4458,58.222101002760816,,ok
v2e_vs_real,original,782000,783000,2335,56.833093993244795,,ok
v2e_vs_real,original,783000,784000,4809,59.952895790473974,,ok
v2e_vs_real,original,784000,785000,4890,62.14340061539673,,ok
v2e_vs_real,original,785000,786000,5202,63.874054265788814,,ok
v2e_vs_real,original,786000,787000,5275,66.68048515548998,,ok
v2e_vs_real,original,787000,788000,5328,69.63280570304254,,ok
v2e_vs_real,original,788000,789000,5498,70.97191015900151,,ok
v2e_vs_real,original,789000,790000,2767,71.62358793651481,,ok
v2e_vs_real,original,790000,791000,5483,71.52912831680564,,ok
v2e_vs_real,original,791000,792000,5375,71.1332351163174,,ok
v2e_vs_real,original,792000,793000,5387,68.56220595353264,,ok
v2e_vs_real,original,793000,794000,5154,65.68208716863545,,ok
v2e_vs_real,original,794000,795000,5045,63.86952222389919,,ok
v2e_vs_real,original,795000,796000,5002,60.86298623672291,,ok
v2e_vs_real,original,796000,797000,2437,57.16369016631951,,ok
v2e_vs_real,original,797000,798000,4660,56.24679378995158,,ok
v2e_vs_real,original,798000,799000,4956,48.238193190660205,,ok
v2e_vs_real,original,799000,800000,4678,46.37189721715028,,ok
v2e_vs_real,original,800000,801000,4115,45.422429814048094,,ok
v2e_vs_real,original,801000,802000,4068,46.579493454327675,,ok
v2e_vs_real,original,802000,803000,3869,47.5691904461321,,ok
v2e_vs_real,original,803000,804000,3792,48.66313400060628,,ok
v2e_vs_real,original,804000,805000,3712,49.41973718423835,,ok
v2e_vs_real,original,805000,806000,3765,49.85370902379944,,ok
v2e_vs_real,original,806000,807000,3786,50.356354102149986,,ok
v2e_vs_real,original,807000,808000,3631,50.19225193595199,,ok
v2e_vs_real,original,808000,809000,3739,49.89227478187258,,ok
v2e_vs_real,original,809000,810000,3726,48.99702504390797,,ok
v2e_vs_real,original,810000,811000,7585,47.97097828713936,,ok
v2e_vs_real,original,811000,812000,3838,48.768947942359524,,ok
v2e_vs_real,original,812000,813000,3923,48.66630034294876,,ok
v2e_vs_real,original,813000,814000,4056,49.58290127381302,,ok
v2e_vs_real,original,814000,815000,4076,47.47011646534145,,ok
v2e_vs_real,original,815000,816000,4126,49.820628031569754,,ok
v2e_vs_real,original,816000,817000,4122,50.515894866485766,,ok
v2e_vs_real,original,817000,818000,4324,51.21976195449074,,ok
v2e_vs_real,original,818000,819000,4067,50.35469483801542,,ok
v2e_vs_real,original,819000,820000,4287,53.42182138499307,,ok
v2e_vs_real,original,820000,821000,4148,52.64615805987282,,ok
v2e_vs_real,original,821000,822000,4137,52.15870786194795,,ok
v2e_vs_real,original,822000,823000,4134,52.955184781457156,,ok
v2e_vs_real,original,823000,824000,4078,53.93557161488916,,ok
v2e_vs_real,original,824000,825000,4087,53.8733441866727,,ok
v2e_vs_real,original,825000,826000,4034,53.53416432707487,,ok
v2e_vs_real,original,826000,827000,4080,52.79687851828157,,ok
v2e_vs_real,original,827000,828000,4064,51.24602428328307,,ok
v2e_vs_real,original,828000,829000,4255,52.44148785816703,,ok
v2e_vs_real,original,829000,830000,4107,53.09898365290726,,ok
v2e_vs_real,original,830000,831000,4156,52.93395192907769,,ok
v2e_vs_real,original,831000,832000,4410,51.41849624226523,,ok
v2e_vs_real,original,832000,833000,4267,52.24260810213624,,ok
v2e_vs_real,original,833000,834000,4195,50.52279899640592,,ok
v2e_vs_real,original,834000,835000,4166,51.48206077855583,,ok
v2e_vs_real,original,835000,836000,4208,50.50474561869611,,ok
v2e_vs_real,original,836000,837000,4174,50.156189900155276,,ok
v2e_vs_real,original,837000,838000,4046,49.6750933519095,,ok
v2e_vs_real,original,838000,839000,4092,49.02053592967407,,ok
v2e_vs_real,original,839000,840000,4106,49.31899658158558,,ok
v2e_vs_real,original,840000,841000,4015,48.77104323085656,,ok
v2e_vs_real,original,841000,842000,4067,48.701250865619414,,ok
v2e_vs_real,original,842000,843000,4177,48.14372267689236,,ok
v2e_vs_real,original,843000,844000,4118,47.96195460202313,,ok
v2e_vs_real,original,844000,845000,4078,48.11994774661004,,ok
v2e_vs_real,original,845000,846000,4108,48.355854178648976,,ok
v2e_vs_real,original,846000,847000,4205,48.06570434587839,,ok
v2e_vs_real,original,847000,848000,4219,47.45209594055277,,ok
v2e_vs_real,original,848000,849000,4373,49.07431374031407,,ok
v2e_vs_real,original,849000,850000,4315,48.23282980358162,,ok
v2e_vs_real,original,850000,851000,4485,49.99048609712875,,ok
v2e_vs_real,original,851000,852000,4394,47.931602364885656,,ok
v2e_vs_real,original,852000,853000,4402,48.63338162019602,,ok
v2e_vs_real,original,853000,854000,4317,48.67866160688602,,ok
v2e_vs_real,original,854000,855000,4404,48.96088050563264,,ok
v2e_vs_real,original,855000,856000,4343,49.677118117092604,,ok
v2e_vs_real,original,856000,857000,4349,48.530083793541586,,ok
v2e_vs_real,original,857000,858000,4396,48.465965134576734,,ok
v2e_vs_real,original,858000,859000,4318,48.647181630727275,,ok
v2e_vs_real,original,859000,860000,8595,47.304873412947394,,ok
v2e_vs_real,original,860000,861000,4386,48.00283147303173,,ok
v2e_vs_real,original,861000,862000,4353,48.294968013243135,,ok
v2e_vs_real,original,862000,863000,4279,48.09343593209261,,ok
v2e_vs_real,original,863000,864000,4302,47.906081954953734,,ok
v2e_vs_real,original,864000,865000,4682,46.16502396229738,,ok
v2e_vs_real,original,865000,866000,4591,45.86530628314249,,ok
v2e_vs_real,original,866000,867000,4633,44.57477231983099,,ok
v2e_vs_real,original,867000,868000,4578,44.348397683475845,,ok
v2e_vs_real,original,868000,869000,4515,44.673908574752595,,ok
v2e_vs_real,original,869000,870000,4479,43.11249938811015,,ok
v2e_vs_real,original,870000,871000,4613,42.87489622420474,,ok
v2e_vs_real,original,871000,872000,4596,41.73463469360847,,ok
v2e_vs_real,original,872000,873000,4539,42.06278229496796,,ok
v2e_vs_real,original,873000,874000,4559,42.11473306217,,ok
v2e_vs_real,original,874000,875000,4608,42.71511703095392,,ok
v2e_vs_real,original,875000,876000,4520,42.31286465674174,,ok
v2e_vs_real,original,876000,877000,4648,40.91402723444917,,ok
v2e_vs_real,original,877000,878000,4632,40.82968642011335,,ok
v2e_vs_real,original,878000,879000,4642,40.102042151839136,,ok
v2e_vs_real,original,879000,880000,4644,40.82193947947284,,ok
v2e_vs_real,original,880000,881000,4743,40.65109821614167,,ok
v2e_vs_real,original,881000,882000,4935,41.40404291242381,,ok
v2e_vs_real,original,882000,883000,4893,41.108721667243124,,ok
v2e_vs_real,original,883000,884000,4932,41.069522260123925,,ok
v2e_vs_real,original,884000,885000,4954,41.56779546997054,,ok
v2e_vs_real,original,885000,886000,4924,41.78495551677222,,ok
v2e_vs_real,original,886000,887000,4912,40.948671030786905,,ok
v2e_vs_real,original,887000,888000,4768,40.934882054590524,,ok
v2e_vs_real,original,888000,889000,4933,41.08187652424793,,ok
v2e_vs_real,original,889000,890000,4884,41.176425410762974,,ok
v2e_vs_real,original,890000,891000,4837,41.334368499544496,,ok
v2e_vs_real,original,891000,892000,4915,40.516375006189485,,ok
v2e_vs_real,original,892000,893000,4833,40.640841870222516,,ok
v2e_vs_real,original,893000,894000,4970,41.87123771495549,,ok
v2e_vs_real,original,894000,895000,4900,40.82973270529632,,ok
v2e_vs_real,original,895000,896000,4901,42.36894540812884,,ok
v2e_vs_real,original,896000,897000,4909,41.555661140931896,,ok
v2e_vs_real,original,897000,898000,4850,41.62957702798541,,ok
v2e_vs_real,original,898000,899000,4958,41.50873858799333,,ok
v2e_vs_real,original,899000,900000,4926,39.94575632133479,,ok
v2e_vs_real,original,900000,901000,4938,39.99925057350247,,ok
v2e_vs_real,original,901000,902000,4871,38.97903022054349,,ok
v2e_vs_real,original,902000,903000,4845,37.662316887101866,,ok
v2e_vs_real,original,903000,904000,4738,36.911056865667305,,ok
v2e_vs_real,original,904000,905000,4797,36.554388534001625,,ok
v2e_vs_real,original,905000,906000,4780,34.831770336044464,,ok
v2e_vs_real,original,906000,907000,4645,35.322708632396186,,ok
v2e_vs_real,original,907000,908000,4716,34.73374225208939,,ok
v2e_vs_real,original,908000,909000,4618,34.73210075100296,,ok
v2e_vs_real,original,909000,910000,4678,33.63159967746186,,ok
v2e_vs_real,original,910000,911000,9220,32.59382466962231,,ok
v2e_vs_real,original,911000,912000,4728,33.59983482011099,,ok
v2e_vs_real,original,912000,913000,4768,33.60018866038595,,ok
v2e_vs_real,original,913000,914000,4802,34.05459167094451,,ok
v2e_vs_real,original,914000,915000,5011,33.488121044995744,,ok
v2e_vs_real,original,915000,916000,4938,34.368959563755816,,ok
v2e_vs_real,original,916000,917000,4911,33.904474959425464,,ok
v2e_vs_real,original,917000,918000,4999,34.64813264303101,,ok
v2e_vs_real,original,918000,919000,5091,34.177230416706664,,ok
v2e_vs_real,original,919000,920000,4998,34.163334745948596,,ok
v2e_vs_real,original,920000,921000,4966,34.727395614806746,,ok
v2e_vs_real,original,921000,922000,5038,33.78551568005602,,ok
v2e_vs_real,original,922000,923000,5013,32.97572168274284,,ok
v2e_vs_real,original,923000,924000,4991,32.031143969437416,,ok
v2e_vs_real,original,924000,925000,5020,33.22579687672414,,ok
v2e_vs_real,original,925000,926000,4957,33.50817380135593,,ok
v2e_vs_real,original,926000,927000,4852,32.83617758030521,,ok
v2e_vs_real,original,927000,928000,4927,32.63270493421126,,ok
v2e_vs_real,original,928000,929000,4915,34.14818581159319,,ok
v2e_vs_real,original,929000,930000,4877,34.19614157111653,,ok
v2e_vs_real,original,930000,931000,4925,33.49966209781151,,ok
v2e_vs_real,original,931000,932000,4766,33.49252333893058,,ok
v2e_vs_real,original,932000,933000,4161,34.0396414569464,,ok
v2e_vs_real,original,933000,934000,4101,30.85347208591786,,ok
v2e_vs_real,original,934000,935000,4157,31.244895814891116,,ok
v2e_vs_real,original,935000,936000,8107,29.381709173185794,,ok
v2e_vs_real,original,936000,937000,4011,27.8602243449907,,ok
v2e_vs_real,original,937000,938000,3981,28.677151206915298,,ok
v2e_vs_real,original,938000,939000,4051,27.1655544493181,,ok
v2e_vs_real,original,939000,940000,3997,27.49242942340158,,ok
v2e_vs_real,original,940000,941000,7794,25.248166376638235,,ok
v2e_vs_real,original,941000,942000,3893,25.71905614867873,,ok
v2e_vs_real,original,942000,943000,3866,24.47244675419651,,ok
v2e_vs_real,original,943000,944000,3893,24.026847370496462,,ok
v2e_vs_real,original,944000,945000,3915,24.129252767228376,,ok
v2e_vs_real,original,945000,946000,7805,23.225137678205773,,ok
v2e_vs_real,original,946000,947000,3934,22.858390606687333,,ok
v2e_vs_real,original,947000,948000,3985,24.160853569408598,,ok
v2e_vs_real,original,948000,949000,3945,23.804963586849365,,ok
v2e_vs_real,original,949000,950000,3977,22.9299180149273,,ok
v2e_vs_real,original,950000,951000,8055,22.8436770661689,,ok
v2e_vs_real,original,951000,952000,3972,22.720415777758518,,ok
v2e_vs_real,original,952000,953000,4046,22.828252621187428,,ok
v2e_vs_real,original,953000,954000,3993,21.16883141963727,,ok
v2e_vs_real,original,954000,955000,4014,22.712221709227407,,ok
v2e_vs_real,original,955000,956000,8005,20.431661554634687,,ok
v2e_vs_real,original,956000,957000,3942,19.653462410683606,,ok
v2e_vs_real,original,957000,958000,3971,19.625471635117464,,ok
v2e_vs_real,original,958000,959000,4005,19.977432431627204,,ok
v2e_vs_real,original,959000,960000,3967,20.46532810129412,,ok
v2e_vs_real,original,960000,961000,7929,20.425944746844337,,ok
v2e_vs_real,original,961000,962000,3890,21.277815759442724,,ok
v2e_vs_real,original,962000,963000,4018,21.674940689979508,,ok
v2e_vs_real,original,963000,964000,3934,21.092341354193756,,ok
v2e_vs_real,original,964000,965000,3880,21.799925915403705,,ok
v2e_vs_real,original,965000,966000,7769,24.488600996485953,,ok
v2e_vs_real,original,966000,967000,3882,23.01873927873038,,ok
v2e_vs_real,original,967000,968000,3768,21.66821468305925,,ok
v2e_vs_real,original,968000,969000,3776,20.1783816327409,,ok
v2e_vs_real,original,969000,970000,3674,19.64885281637034,,ok
v2e_vs_real,original,970000,971000,7404,17.526892641643357,,ok
v2e_vs_real,original,971000,972000,3638,18.203358200686985,,ok
v2e_vs_real,original,972000,973000,3641,16.150948790571686,,ok
v2e_vs_real,original,973000,974000,3669,16.39451982362353,,ok
v2e_vs_real,original,974000,975000,3653,15.35624114723975,,ok
v2e_vs_real,original,975000,976000,7149,14.616618627450393,,ok
v2e_vs_real,original,976000,977000,3700,14.087484726151345,,ok
v2e_vs_real,original,977000,978000,3626,13.400634659502627,,ok
v2e_vs_real,original,978000,979000,3716,12.881635235945112,,ok
v2e_vs_real,original,979000,980000,3669,14.125946922631654,,ok
v2e_vs_real,original,980000,981000,7399,13.499641169922178,,ok
v2e_vs_real,original,981000,982000,3727,12.452066423496532,,ok
v2e_vs_real,original,982000,983000,3734,12.938255561935689,,ok
v2e_vs_real,original,983000,984000,3770,11.787051158781061,,ok
v2e_vs_real,original,984000,985000,3701,13.507280072343484,,ok
v2e_vs_real,original,985000,986000,7562,11.997182705891069,,ok
v2e_vs_real,original,986000,987000,3737,10.707355177707383,,ok
v2e_vs_real,original,987000,988000,3783,11.675433883022208,,ok
v2e_vs_real,original,988000,989000,3871,11.433226816650514,,ok
v2e_vs_real,original,989000,990000,3824,10.050600557132684,,ok
v2e_vs_real,original,990000,991000,7539,9.619592398394559,,ok
v2e_vs_real,original,991000,992000,3762,10.792015854892112,,ok
v2e_vs_real,original,992000,993000,3785,10.493191835388982,,ok
v2e_vs_real,original,993000,994000,3713,9.849440607332774,,ok
v2e_vs_real,original,994000,995000,3757,11.747515695576368,,ok
v2e_vs_real,original,995000,996000,7339,10.74755414649508,,ok
v2e_vs_real,original,996000,997000,3678,11.857839783673068,,ok
v2e_vs_real,original,997000,998000,3670,10.96870823978854,,ok
v2e_vs_real,original,998000,999000,3744,17.57993092180657,,ok
v2e_vs_real,original,999000,1000000,3654,16.7014494160603,,ok
v2e_vs_real,original,1000000,1001000,7137,14.453349453522886,,ok
v2e_vs_real,original,1001000,1002000,3522,13.437546813141456,,ok
v2e_vs_real,original,1002000,1003000,3569,14.860625520634978,,ok
v2e_vs_real,original,1003000,1004000,3589,12.54047654815046,,ok
v2e_vs_real,original,1004000,1005000,3552,14.260070819225474,,ok
v2e_vs_real,original,1005000,1006000,7023,12.402499091426211,,ok
v2e_vs_real,original,1006000,1007000,3493,12.014499264410675,,ok
v2e_vs_real,original,1007000,1008000,3525,12.021509894974765,,ok
v2e_vs_real,original,1008000,1009000,3527,11.18683466701553,,ok
v2e_vs_real,original,1009000,1010000,3614,11.55529281915504,,ok
v2e_vs_real,original,1010000,1011000,7059,11.521048133148042,,ok
v2e_vs_real,original,1011000,1012000,3571,11.743968901203951,,ok
v2e_vs_real,original,1012000,1013000,3599,11.012554841038986,,ok
v2e_vs_real,original,1013000,1014000,3654,10.738771277426972,,ok
v2e_vs_real,original,1014000,1015000,3661,12.014804637233388,,ok
