comparison_set,variant,window_start,window_end,n_events,distance,distance_squared,status
real_vs_real,original,16000,17000,3519,2.0209835978527395,,ok
real_vs_real,original,17000,18000,3408,3.9640482354137943,,ok
real_vs_real,original,18000,19000,3506,3.3469668307300955,,ok
real_vs_real,original,19000,20000,3402,4.429326212382774,,ok
real_vs_real,original,20000,21000,3464,6.540352802931748,,ok
real_vs_real,original,21000,22000,3532,9.430779374707651,,ok
real_vs_real,original,22000,23000,3460,6.199099069346539,,ok
real_vs_real,original,23000,24000,3459,8.709671848993596,,ok
real_vs_real,original,24000,25000,3564,7.484907897661163,,ok
real_vs_real,original,25000,26000,3450,9.966444761029631,,ok
real_vs_real,original,26000,27000,3432,8.558973343194001,,ok
real_vs_real,original,27000,28000,3398,12.47786148154152,,ok
real_vs_real,original,28000,29000,3451,10.457540240249292,,ok
real_vs_real,original,29000,30000,3333,10.8840387405561,,ok
real_vs_real,original,30000,31000,3420,14.047892679943692,,ok
real_vs_real,original,31000,32000,3535,13.748134113564555,,ok
real_vs_real,original,32000,33000,3445,16.59495772012608,,ok
real_vs_real,original,33000,34000,3370,15.8457946667925,,ok
real_vs_real,original,34000,35000,3452,15.565757961350556,,ok
real_vs_real,original,35000,36000,3392,17.88395301575785,,ok
real_vs_real,original,36000,37000,3231,16.90309663905598,,ok
real_vs_real,original,37000,38000,3336,18.56919990167751,,ok
real_vs_real,original,38000,39000,3313,20.125041562688693,,ok
real_vs_real,original,39000,40000,3326,19.43575323924663,,ok
real_vs_real,original,40000,41000,3332,21.546611560369136,,ok
real_vs_real,original,41000,42000,3308,21.375068651224538,,ok
real_vs_real,original,42000,43000,3255,22.299130579161286,,ok
real_vs_real,original,43000,44000,3258,22.492812050492905,,ok
real_vs_real,original,44000,45000,3153,23.281854082119207,,ok
real_vs_real,original,45000,46000,3222,23.992374356416622,,ok
real_vs_real,original,46000,47000,3199,25.079575627193503,,ok
real_vs_real,original,47000,48000,3212,23.800828173788112,,ok
real_vs_real,original,48000,49000,3169,25.47030639814305,,ok
real_vs_real,original,49000,50000,3244,27.35529050345432,,ok
real_vs_real,original,50000,51000,3310,27.043679244304563,,ok
real_vs_real,original,51000,52000,3242,26.15924340801811,,ok
real_vs_real,original,52000,53000,3143,27.55840279234778,,ok
real_vs_real,original,53000,54000,3217,29.71262596696552,,ok
real_vs_real,original,54000,55000,3137,30.688168204314405,,ok
real_vs_real,original,55000,56000,3121,29.877017779686035,,ok
real_vs_real,original,56000,57000,3042,31.23526821667802,,ok
real_vs_real,original,57000,58000,3163,30.71770372489044,,ok
real_vs_real,original,58000,59000,3185,31.63002071171115,,ok
real_vs_real,original,59000,60000,3182,31.018854930487485,,ok
real_vs_real,original,60000,61000,2999,32.35525035054172,,ok
real_vs_real,original,61000,62000,3041,33.822108319697584,,ok
real_vs_real,original,62000,63000,2981,34.214671007888725,,ok
real_vs_real,original,63000,64000,2969,34.66235346497059,,ok
real_vs_real,original,64000,65000,3000,34.64382711007516,,ok
real_vs_real,original,65000,66000,3131,34.70760847210233,,ok
real_vs_real,original,66000,67000,3059,35.21095259389417,,ok
real_vs_real,original,67000,68000,3063,34.11348989444154,,ok
real_vs_real,original,68000,69000,2969,35.98932528353368,,ok
real_vs_real,original,69000,70000,2946,38.022767929249376,,ok
real_vs_real,original,70000,71000,2950,36.89560046133783,,ok
real_vs_real,original,71000,72000,2911,38.44538736167632,,ok
real_vs_real,original,72000,73000,3010,37.72017484572672,,ok
real_vs_real,original,73000,74000,3015,37.31510189913509,,ok
real_vs_real,original,74000,75000,2953,37.31274073148956,,ok
real_vs_real,original,75000,76000,3053,37.820217096695735,,ok
real_vs_real,original,76000,77000,2991,36.801157440118686,,ok
real_vs_real,original,77000,78000,2951,37.90126698501467,,ok
real_vs_real,original,78000,79000,2918,37.78424900735766,,ok
real_vs_real,original,79000,80000,2906,38.158932116408565,,ok
real_vs_real,original,80000,81000,2968,39.14009805233508,,ok
real_vs_real,original,81000,82000,2980,37.22926232759937,,ok
real_vs_real,original,82000,83000,2937,38.65544576776544,,ok
real_vs_real,original,83000,84000,3019,38.49395293856997,,ok
real_vs_real,original,84000,85000,3020,36.859569145357156,,ok
real_vs_real,original,85000,86000,2897,38.435558958892784,,ok
real_vs_real,original,86000,87000,2976,38.13242839464733,,ok
real_vs_real,original,87000,88000,2844,37.83180313128941,,ok
real_vs_real,original,88000,89000,2896,39.75007051518924,,ok
real_vs_real,original,89000,90000,3075,37.41581133005888,,ok
real_vs_real,original,90000,91000,2970,38.4831892775685,,ok
real_vs_real,original,91000,92000,3039,37.33573813476736,,ok
real_vs_real,original,92000,93000,3099,36.736366676583394,,ok
real_vs_real,original,93000,94000,2970,37.92808190847562,,ok
real_vs_real,original,94000,95000,2891,38.197093078872946,,ok
real_vs_real,original,95000,96000,2953,38.55734778248144,,ok
real_vs_real,original,96000,97000,2970,38.84113843852595,,ok
real_vs_real,original,97000,98000,2895,38.89308398611931,,ok
real_vs_real,original,98000,99000,3014,38.08363591653474,,ok
real_vs_real,original,99000,100000,3033,38.02150948347256,,ok
real_vs_real,original,100000,101000,3114,36.5376444115866,,ok
real_vs_real,original,101000,102000,2995,37.516474338382,,ok
real_vs_real,original,102000,103000,2897,38.054832687259974,,ok
real_vs_real,original,103000,104000,2912,37.424358029379825,,ok
real_vs_real,original,104000,105000,2972,38.64341109154698,,ok
real_vs_real,original,105000,106000,2911,38.834972661012614,,ok
real_vs_real,original,106000,107000,3047,37.62362492485765,,ok
real_vs_real,original,107000,108000,2973,39.12393794413428,,ok
real_vs_real,original,108000,109000,3050,37.74501036887426,,ok
real_vs_real,original,109000,110000,3088,37.49965550660588,,ok
real_vs_real,original,110000,111000,2998,37.72960780419412,,ok
real_vs_real,original,111000,112000,2938,37.177309313924056,,ok
real_vs_real,original,112000,113000,2877,37.95999209204215,,ok
real_vs_real,original,113000,114000,2933,40.376229713291465,,ok
real_vs_real,original,114000,115000,2879,38.87474084494571,,ok
real_vs_real,original,115000,116000,2955,39.736324138484136,,ok
real_vs_real,original,116000,117000,2985,39.80597265342472,,ok
real_vs_real,original,117000,118000,3103,38.38051768699573,,ok
real_vs_real,original,118000,119000,2790,41.051810102216145,,ok
real_vs_real,original,119000,120000,2753,41.84406276787682,,ok
real_vs_real,original,120000,121000,2783,43.06128040428114,,ok
real_vs_real,original,121000,122000,2647,42.05418626511716,,ok
real_vs_real,original,122000,123000,2849,43.74166150062297,,ok
real_vs_real,original,123000,124000,2833,41.79276226708359,,ok
real_vs_real,original,124000,125000,2814,43.51582110383109,,ok
real_vs_real,original,125000,126000,2872,41.672109036686024,,ok
real_vs_real,original,126000,127000,2804,44.37407844719363,,ok
real_vs_real,original,127000,128000,2655,44.168490323072035,,ok
real_vs_real,original,128000,129000,2672,44.423152331630284,,ok
real_vs_real,original,129000,130000,2607,44.4796457928687,,ok
real_vs_real,original,130000,131000,2654,46.152506608552024,,ok
real_vs_real,original,131000,132000,2811,43.043912300445335,,ok
real_vs_real,original,132000,133000,2823,43.173606173157395,,ok
real_vs_real,original,133000,134000,2842,41.88702594686926,,ok
real_vs_real,original,134000,135000,2834,42.418334194325595,,ok
real_vs_real,original,135000,136000,2751,44.05345802210513,,ok
real_vs_real,original,136000,137000,2629,43.60981334805467,,ok
real_vs_real,original,137000,138000,2622,45.57945703454887,,ok
real_vs_real,original,138000,139000,2607,48.02290070463399,,ok
real_vs_real,original,139000,140000,2741,47.33896710475503,,ok
real_vs_real,original,140000,141000,2641,46.33045455760635,,ok
real_vs_real,original,141000,142000,2646,47.71042019965584,,ok
real_vs_real,original,142000,143000,2796,45.10571876356507,,ok
real_vs_real,original,143000,144000,2539,46.834782232409225,,ok
real_vs_real,original,144000,145000,2533,48.040836396117534,,ok
real_vs_real,original,145000,146000,2477,47.365310300863975,,ok
real_vs_real,original,146000,147000,2469,50.24266551452128,,ok
real_vs_real,original,147000,148000,2460,49.74368073280459,,ok
real_vs_real,original,148000,149000,2509,47.656859023639335,,ok
real_vs_real,original,149000,150000,2559,48.278841751524894,,ok
real_vs_real,original,150000,151000,2596,47.252014741510266,,ok
real_vs_real,original,151000,152000,2451,47.72773220546769,,ok
real_vs_real,original,152000,153000,2419,49.88220634690941,,ok
real_vs_real,original,153000,154000,2331,50.59503713520059,,ok
real_vs_real,original,154000,155000,2254,51.965658692927086,,ok
real_vs_real,original,155000,156000,2259,50.79492420692358,,ok
real_vs_real,original,156000,157000,2283,50.8252952727234,,ok
real_vs_real,original,157000,158000,2306,51.675774202783266,,ok
real_vs_real,original,158000,159000,2341,48.52559720960837,,ok
real_vs_real,original,159000,160000,2283,48.20652197070745,,ok
real_vs_real,original,160000,161000,2287,50.568678387327296,,ok
real_vs_real,original,161000,162000,2030,49.83099410486701,,ok
real_vs_real,original,162000,163000,2119,50.44180014851165,,ok
real_vs_real,original,163000,164000,2004,50.78149031034561,,ok
real_vs_real,original,164000,165000,1954,51.95537050380139,,ok
real_vs_real,original,165000,166000,1935,49.17841327078197,,ok
real_vs_real,original,166000,167000,1848,51.24886722754064,,ok
real_vs_real,original,167000,168000,1907,47.82700826967956,,ok
real_vs_real,original,168000,169000,1844,49.220088782700614,,ok
real_vs_real,original,169000,170000,1639,53.279948458317804,,ok
real_vs_real,original,170000,171000,1626,56.62379502462848,,ok
real_vs_real,original,171000,172000,1476,61.882239266068005,,ok
real_vs_real,original,172000,173000,1466,59.02996786156788,,ok
real_vs_real,original,173000,174000,1466,57.99007114259288,,ok
real_vs_real,original,174000,175000,1527,57.56693884031621,,ok
real_vs_real,original,175000,176000,1578,45.84740265905624,,ok
real_vs_real,original,176000,177000,1659,52.238771421526096,,ok
real_vs_real,original,177000,178000,1580,57.291948901537076,,ok
real_vs_real,original,178000,179000,1585,57.354989474030205,,ok
real_vs_real,original,179000,180000,1473,59.37150025402968,,ok
real_vs_real,original,180000,181000,1523,63.62115109501443,,ok
real_vs_real,original,181000,182000,1554,52.716124980235136,,ok
real_vs_real,original,182000,183000,1569,55.182449275850665,,ok
real_vs_real,original,183000,184000,1576,50.06594394085728,,ok
real_vs_real,original,184000,185000,1670,46.55158081645846,,ok
real_vs_real,original,185000,186000,1638,53.71136792663614,,ok
real_vs_real,original,186000,187000,1569,52.99945663073204,,ok
real_vs_real,original,187000,188000,1612,57.17699172188912,,ok
real_vs_real,original,188000,189000,1496,61.74781411505674,,ok
real_vs_real,original,189000,190000,1531,55.30275666698912,,ok
real_vs_real,original,190000,191000,1553,51.941524326510105,,ok
real_vs_real,original,191000,192000,1556,51.38458623001667,,ok
real_vs_real,original,192000,193000,1659,52.0691281785035,,ok
real_vs_real,original,193000,194000,1593,54.72840278930833,,ok
real_vs_real,original,194000,195000,1526,55.64197511935451,,ok
real_vs_real,original,195000,196000,1640,53.86774769166213,,ok
real_vs_real,original,196000,197000,1489,63.5247298900388,,ok
real_vs_real,original,197000,198000,1531,59.2691610241342,,ok
real_vs_real,original,198000,199000,1561,52.472362229877255,,ok
real_vs_real,original,199000,200000,1520,55.702830253719156,,ok
real_vs_real,original,200000,201000,1570,50.24306061670802,,ok
real_vs_real,original,201000,202000,1632,50.17195876455423,,ok
real_vs_real,original,202000,203000,1533,55.59368437086936,,ok
real_vs_real,original,203000,204000,1610,56.99139165058566,,ok
real_vs_real,original,204000,205000,1528,56.97994326390921,,ok
real_vs_real,original,205000,206000,1727,54.8695053559923,,ok
real_vs_real,original,206000,207000,1873,49.16208410738688,,ok
real_vs_real,original,207000,208000,2006,47.46028394009006,,ok
real_vs_real,original,208000,209000,2248,45.1456343871406,,ok
real_vs_real,original,209000,210000,2423,43.42014184400808,,ok
real_vs_real,original,210000,211000,2438,44.09594922638597,,ok
real_vs_real,original,211000,212000,2405,43.27525422308335,,ok
real_vs_real,original,212000,213000,2502,45.567363030163555,,ok
real_vs_real,original,213000,214000,2440,43.64516879431237,,ok
real_vs_real,original,214000,215000,2571,42.60713743768229,,ok
real_vs_real,original,215000,216000,2566,43.40807380429305,,ok
real_vs_real,original,216000,217000,2671,41.721154315933084,,ok
real_vs_real,original,217000,218000,2792,39.869468769415015,,ok
real_vs_real,original,218000,219000,2665,40.5073001931301,,ok
real_vs_real,original,219000,220000,2598,42.384728278525266,,ok
real_vs_real,original,220000,221000,2698,41.191788603514816,,ok
real_vs_real,original,221000,222000,2603,40.829324543603086,,ok
real_vs_real,original,222000,223000,2712,41.004854571491975,,ok
real_vs_real,original,223000,224000,2749,40.33343870568306,,ok
real_vs_real,original,224000,225000,2781,38.829999823758506,,ok
real_vs_real,original,225000,226000,2915,38.52747283807771,,ok
real_vs_real,original,226000,227000,2855,39.309906387673074,,ok
real_vs_real,original,227000,228000,2635,40.361322665874816,,ok
real_vs_real,original,228000,229000,2896,39.18781110711241,,ok
real_vs_real,original,229000,230000,2756,40.26244459489169,,ok
real_vs_real,original,230000,231000,2746,39.99072745699195,,ok
real_vs_real,original,231000,232000,2913,38.25959614467691,,ok
real_vs_real,original,232000,233000,2883,38.454408350154054,,ok
real_vs_real,original,233000,234000,2910,37.17406572821974,,ok
real_vs_real,original,234000,235000,3044,36.7997624204324,,ok
real_vs_real,original,235000,236000,2866,37.97707160873552,,ok
real_vs_real,original,236000,237000,2843,38.7687707076737,,ok
real_vs_real,original,237000,238000,2796,39.26340042077173,,ok
real_vs_real,original,238000,239000,2780,39.4890457162117,,ok
real_vs_real,original,239000,240000,2944,37.78330515340179,,ok
real_vs_real,original,240000,241000,2948,37.90897838265101,,ok
real_vs_real,original,241000,242000,2935,37.02176356575709,,ok
real_vs_real,original,242000,243000,3025,34.56420114964524,,ok
real_vs_real,original,243000,244000,2856,34.40734489745701,,ok
real_vs_real,original,244000,245000,2995,33.71603675511694,,ok
real_vs_real,original,245000,246000,2922,32.24800190420336,,ok
real_vs_real,original,246000,247000,2897,30.45987759371602,,ok
real_vs_real,original,247000,248000,2996,29.81828542004572,,ok
real_vs_real,original,248000,249000,3088,28.674175319321197,,ok
real_vs_real,original,249000,250000,3098,27.419520394769386,,ok
real_vs_real,original,250000,251000,3313,27.10782981439095,,ok
real_vs_real,original,251000,252000,3062,24.935058725263737,,ok
real_vs_real,original,252000,253000,3100,24.228294578277666,,ok
real_vs_real,original,253000,254000,3167,22.815699874157982,,ok
real_vs_real,original,254000,255000,3029,22.288184063748485,,ok
real_vs_real,original,255000,256000,3089,21.215284867153382,,ok
real_vs_real,original,256000,257000,3269,19.857787741464158,,ok
real_vs_real,original,257000,258000,3201,21.72247356768355,,ok
real_vs_real,original,258000,259000,3334,20.669322980408534,,ok
real_vs_real,original,259000,260000,3320,19.697890299342948,,ok
real_vs_real,original,260000,261000,3300,17.270995153291754,,ok
real_vs_real,original,261000,262000,3331,18.543211219826595,,ok
real_vs_real,original,262000,263000,3267,16.56275040753916,,ok
real_vs_real,original,263000,264000,3279,17.1354903835049,,ok
real_vs_real,original,264000,265000,3402,17.090495616516982,,ok
real_vs_real,original,265000,266000,3338,15.758679819647709,,ok
real_vs_real,original,266000,267000,3406,18.058996465981974,,ok
real_vs_real,original,267000,268000,3412,17.553683798058543,,ok
real_vs_real,original,268000,269000,3276,16.072839103350464,,ok
real_vs_real,original,269000,270000,3152,12.966661817379407,,ok
real_vs_real,original,270000,271000,3307,14.42087541426081,,ok
real_vs_real,original,271000,272000,3301,14.082992180195397,,ok
real_vs_real,original,272000,273000,3287,16.218614651221515,,ok
real_vs_real,original,273000,274000,3342,15.216031830035165,,ok
real_vs_real,original,274000,275000,3348,14.831962510998219,,ok
real_vs_real,original,275000,276000,3401,18.326980085558628,,ok
real_vs_real,original,276000,277000,3403,14.461503221101072,,ok
real_vs_real,original,277000,278000,3213,13.337781304898881,,ok
real_vs_real,original,278000,279000,3266,16.134789560412045,,ok
real_vs_real,original,279000,280000,3290,12.106877660389552,,ok
real_vs_real,original,280000,281000,3302,14.167758934324953,,ok
real_vs_real,original,281000,282000,3372,16.130969563788433,,ok
real_vs_real,original,282000,283000,3324,14.543190567692207,,ok
real_vs_real,original,283000,284000,3403,18.068412949904044,,ok
real_vs_real,original,284000,285000,3384,16.57308958055049,,ok
real_vs_real,original,285000,286000,3310,15.035278091260288,,ok
real_vs_real,original,286000,287000,3307,16.268118079065776,,ok
real_vs_real,original,287000,288000,3202,17.350097957180594,,ok
real_vs_real,original,288000,289000,3268,16.53370786798406,,ok
real_vs_real,original,289000,290000,3253,18.541089689630997,,ok
real_vs_real,original,290000,291000,3197,19.74163830162396,,ok
real_vs_real,original,291000,292000,3269,22.494233514686364,,ok
real_vs_real,original,292000,293000,3200,22.464020815415697,,ok
real_vs_real,original,293000,294000,3192,22.723001980519097,,ok
real_vs_real,original,294000,295000,3029,23.303285358825313,,ok
real_vs_real,original,295000,296000,3155,25.172806856953983,,ok
real_vs_real,original,296000,297000,3020,24.44593374045574,,ok
real_vs_real,original,297000,298000,3128,27.789995912739553,,ok
real_vs_real,original,298000,299000,2997,28.257583930503063,,ok
real_vs_real,original,299000,300000,3068,28.12731409969153,,ok
real_vs_real,original,300000,301000,3136,29.83329097811793,,ok
real_vs_real,original,301000,302000,2942,29.828287778792184,,ok
real_vs_real,original,302000,303000,2979,30.24400782280572,,ok
real_vs_real,original,303000,304000,2893,30.74473496106242,,ok
real_vs_real,original,304000,305000,2884,31.753125658845605,,ok
real_vs_real,original,305000,306000,2988,31.799960929005746,,ok
real_vs_real,original,306000,307000,2898,36.61350378188894,,ok
real_vs_real,original,307000,308000,2995,34.483841460517915,,ok
real_vs_real,original,308000,309000,2909,34.192160793015276,,ok
real_vs_real,original,309000,310000,2971,37.24501851012493,,ok
real_vs_real,original,310000,311000,2859,35.95864631956068,,ok
real_vs_real,original,311000,312000,2842,38.422709374331205,,ok
real_vs_real,original,312000,313000,2907,36.61040976330132,,ok
real_vs_real,original,313000,314000,2847,37.515248813661195,,ok
real_vs_real,original,314000,315000,2892,37.27459952914873,,ok
real_vs_real,original,315000,316000,2765,41.621572075352816,,ok
real_vs_real,original,316000,317000,2874,38.016029818412484,,ok
real_vs_real,original,317000,318000,2862,40.22808022330665,,ok
real_vs_real,original,318000,319000,2853,40.74824366516723,,ok
real_vs_real,original,319000,320000,2904,39.34887781859247,,ok
real_vs_real,original,320000,321000,2758,40.468307528605166,,ok
real_vs_real,original,321000,322000,2872,39.524320892938206,,ok
real_vs_real,original,322000,323000,2806,39.507636009605875,,ok
real_vs_real,original,323000,324000,2814,41.01468901256624,,ok
real_vs_real,original,324000,325000,2816,41.15511052964038,,ok
real_vs_real,original,325000,326000,2894,40.99764343357939,,ok
real_vs_real,original,326000,327000,2833,38.48211048859972,,ok
real_vs_real,original,327000,328000,2855,37.76132317004654,,ok
real_vs_real,original,328000,329000,2916,38.79071835644421,,ok
real_vs_real,original,329000,330000,2814,37.72539239739982,,ok
real_vs_real,original,330000,331000,2864,36.91068800504904,,ok
real_vs_real,original,331000,332000,2877,37.89343389270436,,ok
real_vs_real,original,332000,333000,2849,38.56307605558441,,ok
real_vs_real,original,333000,334000,2882,39.6055419801766,,ok
real_vs_real,original,334000,335000,3028,39.74978158404527,,ok
real_vs_real,original,335000,336000,2880,38.195808175820176,,ok
real_vs_real,original,336000,337000,2783,37.70276444959446,,ok
real_vs_real,original,337000,338000,2950,37.45286054852228,,ok
real_vs_real,original,338000,339000,2918,37.294733469568236,,ok
real_vs_real,original,339000,340000,2970,36.562428063096064,,ok
real_vs_real,original,340000,341000,2946,38.04957776669907,,ok
real_vs_real,original,341000,342000,2948,38.00579844423551,,ok
real_vs_real,original,342000,343000,2836,37.418191060682936,,ok
real_vs_real,original,343000,344000,2968,37.256936116385596,,ok
real_vs_real,original,344000,345000,2908,37.74236262343012,,ok
real_vs_real,original,345000,346000,2923,35.749994391090596,,ok
real_vs_real,original,346000,347000,2958,36.38732816744505,,ok
real_vs_real,original,347000,348000,2958,37.16164930635992,,ok
real_vs_real,original,348000,349000,2913,36.593735017459245,,ok
real_vs_real,original,349000,350000,2988,38.073060363938424,,ok
real_vs_real,original,350000,351000,2905,37.78540635395641,,ok
real_vs_real,original,351000,352000,2969,36.372328062762584,,ok
real_vs_real,original,352000,353000,2932,37.60302107461585,,ok
real_vs_real,original,353000,354000,3035,36.82882439789569,,ok
real_vs_real,original,354000,355000,2984,35.82101498786371,,ok
real_vs_real,original,355000,356000,3027,36.66417063276221,,ok
real_vs_real,original,356000,357000,2957,37.035648389805836,,ok
real_vs_real,original,357000,358000,2938,36.85643451661251,,ok
real_vs_real,original,358000,359000,3019,37.73436959831296,,ok
real_vs_real,original,359000,360000,2961,36.7798285972414,,ok
real_vs_real,original,360000,361000,3039,37.14125808843829,,ok
real_vs_real,original,361000,362000,2958,36.5862840270411,,ok
real_vs_real,original,362000,363000,2913,38.08785824270306,,ok
real_vs_real,original,363000,364000,2900,38.58072572228727,,ok
real_vs_real,original,364000,365000,2837,40.47216700934187,,ok
real_vs_real,original,365000,366000,2828,40.79657001809224,,ok
real_vs_real,original,366000,367000,2728,42.97764785756609,,ok
real_vs_real,original,367000,368000,2772,42.53977030305971,,ok
real_vs_real,original,368000,369000,2827,41.46401623247121,,ok
real_vs_real,original,369000,370000,2739,40.978068331289705,,ok
real_vs_real,original,370000,371000,2806,42.856187172473646,,ok
real_vs_real,original,371000,372000,2771,41.19351748995943,,ok
real_vs_real,original,372000,373000,2804,41.87674475605065,,ok
real_vs_real,original,373000,374000,2685,43.34256902159671,,ok
real_vs_real,original,374000,375000,2810,43.62710253117769,,ok
real_vs_real,original,375000,376000,2681,44.640327878759074,,ok
real_vs_real,original,376000,377000,2746,44.554037687385815,,ok
real_vs_real,original,377000,378000,2788,42.202258449992904,,ok
real_vs_real,original,378000,379000,2696,42.2166522555749,,ok
real_vs_real,original,379000,380000,2826,42.39876971296113,,ok
real_vs_real,original,380000,381000,2764,40.445418743324595,,ok
real_vs_real,original,381000,382000,2819,41.91196120611279,,ok
real_vs_real,original,382000,383000,2788,43.0022074964528,,ok
real_vs_real,original,383000,384000,2728,43.9097321305462,,ok
real_vs_real,original,384000,385000,2680,46.67236464306601,,ok
real_vs_real,original,385000,386000,2683,45.26433587107631,,ok
real_vs_real,original,386000,387000,2685,44.492644199222966,,ok
real_vs_real,original,387000,388000,2677,43.482652178724955,,ok
real_vs_real,original,388000,389000,2690,43.62824819110061,,ok
real_vs_real,original,389000,390000,2778,46.321450513289435,,ok
real_vs_real,original,390000,391000,2651,47.49330113339002,,ok
real_vs_real,original,391000,392000,2642,47.05222439133772,,ok
real_vs_real,original,392000,393000,2652,47.14895979210871,,ok
real_vs_real,original,393000,394000,2591,45.490002555515424,,ok
real_vs_real,original,394000,395000,2651,44.51064916490777,,ok
real_vs_real,original,395000,396000,2621,45.142794330681134,,ok
real_vs_real,original,396000,397000,2612,44.244489212086805,,ok
real_vs_real,original,397000,398000,2649,44.84013907190212,,ok
real_vs_real,original,398000,399000,2585,45.48552740961064,,ok
real_vs_real,original,399000,400000,2529,48.132436383494564,,ok
real_vs_real,original,400000,401000,2570,47.98888283049765,,ok
real_vs_real,original,401000,402000,2587,45.75871617647843,,ok
real_vs_real,original,402000,403000,2554,45.76082345871674,,ok
real_vs_real,original,403000,404000,2584,45.274545807640685,,ok
real_vs_real,original,404000,405000,2551,46.39035668158021,,ok
real_vs_real,original,405000,406000,2490,45.96900855124472,,ok
real_vs_real,original,406000,407000,2508,45.732378754449165,,ok
real_vs_real,original,407000,408000,2497,46.97571277794454,,ok
real_vs_real,original,408000,409000,2460,47.877973946736596,,ok
real_vs_real,original,409000,410000,2426,48.60041771488887,,ok
real_vs_real,original,410000,411000,2434,48.10116849811824,,ok
real_vs_real,original,411000,412000,2349,46.11087698804028,,ok
real_vs_real,original,412000,413000,2348,46.02014496349794,,ok
real_vs_real,original,413000,414000,2423,43.183562624971735,,ok
real_vs_real,original,414000,415000,2296,46.38685863542044,,ok
real_vs_real,original,415000,416000,2187,45.34776118495525,,ok
real_vs_real,original,416000,417000,2240,47.792344003993875,,ok
real_vs_real,original,417000,418000,2045,50.404941726572936,,ok
real_vs_real,original,418000,419000,1986,47.006628403769355,,ok
real_vs_real,original,419000,420000,1924,47.872530420478284,,ok
real_vs_real,original,420000,421000,1862,47.2141247787494,,ok
real_vs_real,original,421000,422000,1739,46.30598653923063,,ok
real_vs_real,original,422000,423000,1877,46.082504740391805,,ok
real_vs_real,original,423000,424000,1790,51.725181988266996,,ok
real_vs_real,original,424000,425000,1805,51.1847744295456,,ok
real_vs_real,original,425000,426000,1834,54.26231031957923,,ok
real_vs_real,original,426000,427000,1685,53.64736510979495,,ok
real_vs_real,original,427000,428000,1712,49.31782355161258,,ok
real_vs_real,original,428000,429000,1688,48.36193516440038,,ok
real_vs_real,original,429000,430000,1682,47.62815756142319,,ok
real_vs_real,original,430000,431000,1773,47.63806070237523,,ok
real_vs_real,original,431000,432000,1876,49.52381972046288,,ok
real_vs_real,original,432000,433000,1753,52.3087686797088,,ok
real_vs_real,original,433000,434000,1796,51.6591853411399,,ok
real_vs_real,original,434000,435000,1740,53.60229644961958,,ok
real_vs_real,original,435000,436000,1665,49.32850936680606,,ok
real_vs_real,original,436000,437000,1755,49.952435891615636,,ok
real_vs_real,original,437000,438000,1737,45.92485505453696,,ok
real_vs_real,original,438000,439000,1735,48.59876509479564,,ok
real_vs_real,original,439000,440000,1780,51.27987438462272,,ok
real_vs_real,original,440000,441000,1825,51.11031372475337,,ok
real_vs_real,original,441000,442000,1775,52.829019080558126,,ok
real_vs_real,original,442000,443000,1778,54.32084293320691,,ok
real_vs_real,original,443000,444000,1710,51.734790738142074,,ok
real_vs_real,original,444000,445000,1743,50.12763523717371,,ok
real_vs_real,original,445000,446000,1749,46.2091742481137,,ok
real_vs_real,original,446000,447000,1739,45.77063435718588,,ok
real_vs_real,original,447000,448000,1775,48.37789418419952,,ok
real_vs_real,original,448000,449000,1754,50.58174387858718,,ok
real_vs_real,original,449000,450000,1777,51.286080470264984,,ok
real_vs_real,original,450000,451000,1747,55.61705092683222,,ok
real_vs_real,original,451000,452000,1719,54.19428126398137,,ok
real_vs_real,original,452000,453000,1657,50.31473597704814,,ok
real_vs_real,original,453000,454000,1763,46.55681328522777,,ok
real_vs_real,original,454000,455000,1833,44.87786155982587,,ok
real_vs_real,original,455000,456000,2009,43.689691336802795,,ok
real_vs_real,original,456000,457000,2035,45.12241499682936,,ok
real_vs_real,original,457000,458000,2164,44.6407442143179,,ok
real_vs_real,original,458000,459000,2134,42.9166983520617,,ok
real_vs_real,original,459000,460000,2281,41.97239615516911,,ok
real_vs_real,original,460000,461000,2328,39.65294064590712,,ok
real_vs_real,original,461000,462000,2241,39.167706353317314,,ok
real_vs_real,original,462000,463000,2380,38.73105674679936,,ok
real_vs_real,original,463000,464000,2516,36.40715167630261,,ok
real_vs_real,original,464000,465000,2471,38.812659626185166,,ok
real_vs_real,original,465000,466000,2543,39.03129369602015,,ok
real_vs_real,original,466000,467000,2528,38.57277094888735,,ok
real_vs_real,original,467000,468000,2563,39.29197920575734,,ok
real_vs_real,original,468000,469000,2591,37.239711026912794,,ok
real_vs_real,original,469000,470000,2609,38.301804719790375,,ok
real_vs_real,original,470000,471000,2597,34.975621439276516,,ok
real_vs_real,original,471000,472000,2791,35.1377104424972,,ok
real_vs_real,original,472000,473000,2692,36.94137071162151,,ok
real_vs_real,original,473000,474000,2696,36.50468658048452,,ok
real_vs_real,original,474000,475000,2750,37.082363608075795,,ok
real_vs_real,original,475000,476000,2700,37.7921374461557,,ok
real_vs_real,original,476000,477000,2817,36.717614448257,,ok
real_vs_real,original,477000,478000,2761,36.27941666177822,,ok
real_vs_real,original,478000,479000,2730,35.58039633849342,,ok
real_vs_real,original,479000,480000,2879,32.95131081567406,,ok
real_vs_real,original,480000,481000,2890,32.81872505531337,,ok
real_vs_real,original,481000,482000,2840,36.7743517529378,,ok
real_vs_real,original,482000,483000,2820,35.90592321483662,,ok
real_vs_real,original,483000,484000,2855,35.65347732742257,,ok
real_vs_real,original,484000,485000,2833,37.559427208554894,,ok
real_vs_real,original,485000,486000,2880,33.93383451189282,,ok
real_vs_real,original,486000,487000,2870,33.58142020324711,,ok
real_vs_real,original,487000,488000,2839,34.143608887618825,,ok
real_vs_real,original,488000,489000,2941,31.806737244210996,,ok
real_vs_real,original,489000,490000,2985,31.63916627515788,,ok
real_vs_real,original,490000,491000,3021,28.287844223928015,,ok
real_vs_real,original,491000,492000,3217,23.734636342900963,,ok
real_vs_real,original,492000,493000,3058,22.68426211927854,,ok
real_vs_real,original,493000,494000,3260,18.777486383698736,,ok
real_vs_real,original,494000,495000,3264,19.5712163454806,,ok
real_vs_real,original,495000,496000,3263,16.078407135253414,,ok
real_vs_real,original,496000,497000,3358,16.38417688272992,,ok
real_vs_real,original,497000,498000,3248,15.406851872830574,,ok
real_vs_real,original,498000,499000,3279,13.753520615926229,,ok
real_vs_real,original,499000,500000,3374,13.62448700220648,,ok
real_vs_real,original,500000,501000,3262,10.683964730331095,,ok
real_vs_real,original,501000,502000,3328,13.03484734630084,,ok
real_vs_real,original,502000,503000,3359,11.17946011967161,,ok
real_vs_real,original,503000,504000,3321,10.698104168391133,,ok
real_vs_real,original,504000,505000,3362,9.557821720858815,,ok
real_vs_real,original,505000,506000,3464,7.837704235295517,,ok
real_vs_real,original,506000,507000,3476,6.9075984782487065,,ok
real_vs_real,original,507000,508000,3390,5.3410061186461775,,ok
real_vs_real,original,508000,509000,3454,5.99426021868501,,ok
real_vs_real,original,509000,510000,3479,5.888144679453757,,ok
real_vs_real,original,510000,511000,3411,5.432472553298907,,ok
real_vs_real,original,511000,512000,3459,5.690325893922085,,ok
real_vs_real,original,512000,513000,3479,6.209040373150252,,ok
real_vs_real,original,513000,514000,3495,7.954718574121433,,ok
real_vs_real,original,514000,515000,3482,3.1603601681540354,,ok
real_vs_real,original,515000,516000,3579,3.125916620297035,,ok
real_vs_real,original,516000,517000,3473,4.7847221276057095,,ok
real_vs_real,original,517000,518000,3520,4.018046843894376,,ok
real_vs_real,original,518000,519000,3552,5.189186349934992,,ok
real_vs_real,original,519000,520000,3522,7.477408821168756,,ok
real_vs_real,original,520000,521000,3373,6.8962792905595665,,ok
real_vs_real,original,521000,522000,3501,9.624843117399845,,ok
real_vs_real,original,522000,523000,3530,9.08470902876662,,ok
real_vs_real,original,523000,524000,3468,8.04840232594948,,ok
real_vs_real,original,524000,525000,3473,10.910107583135627,,ok
real_vs_real,original,525000,526000,3559,11.288824042419092,,ok
real_vs_real,original,526000,527000,3514,10.393970685523886,,ok
real_vs_real,original,527000,528000,3360,13.537146938625204,,ok
real_vs_real,original,528000,529000,3387,12.815350812611578,,ok
real_vs_real,original,529000,530000,3337,14.517460054782779,,ok
real_vs_real,original,530000,531000,3470,15.785800827694892,,ok
real_vs_real,original,531000,532000,3303,17.028447778029978,,ok
real_vs_real,original,532000,533000,3416,16.408999056365722,,ok
real_vs_real,original,533000,534000,3392,17.287985975674033,,ok
real_vs_real,original,534000,535000,3472,19.62071731467303,,ok
real_vs_real,original,535000,536000,3240,19.877483570939425,,ok
real_vs_real,original,536000,537000,3320,18.39124966919209,,ok
real_vs_real,original,537000,538000,3208,21.998788329537977,,ok
real_vs_real,original,538000,539000,3266,20.438831057686762,,ok
real_vs_real,original,539000,540000,3340,23.151057578015518,,ok
real_vs_real,original,540000,541000,3290,23.395365501394984,,ok
real_vs_real,original,541000,542000,3268,24.713330886865418,,ok
real_vs_real,original,542000,543000,3315,22.714718001733566,,ok
real_vs_real,original,543000,544000,3226,25.492174372597358,,ok
real_vs_real,original,544000,545000,3176,25.798401784121847,,ok
real_vs_real,original,545000,546000,3149,25.2010268307775,,ok
real_vs_real,original,546000,547000,3136,28.398950191302212,,ok
real_vs_real,original,547000,548000,3187,26.514593866116826,,ok
real_vs_real,original,548000,549000,3207,28.148930441952945,,ok
real_vs_real,original,549000,550000,3422,28.094228540585593,,ok
real_vs_real,original,550000,551000,3305,27.70617949028522,,ok
real_vs_real,original,551000,552000,3155,29.8094035891871,,ok
real_vs_real,original,552000,553000,3132,29.154339212114753,,ok
real_vs_real,original,553000,554000,3047,31.74675501919766,,ok
real_vs_real,original,554000,555000,3060,31.489893180768316,,ok
real_vs_real,original,555000,556000,3146,32.32321088469272,,ok
real_vs_real,original,556000,557000,3122,31.346919790205188,,ok
real_vs_real,original,557000,558000,3123,31.940161238621037,,ok
real_vs_real,original,558000,559000,3161,34.1400800383705,,ok
real_vs_real,original,559000,560000,3112,33.92314871804156,,ok
real_vs_real,original,560000,561000,2992,33.9864094140649,,ok
real_vs_real,original,561000,562000,3001,36.468848317633324,,ok
real_vs_real,original,562000,563000,2888,36.3802379382292,,ok
real_vs_real,original,563000,564000,2920,37.67212293379775,,ok
real_vs_real,original,564000,565000,3042,36.593992458654796,,ok
real_vs_real,original,565000,566000,3041,35.451300642558685,,ok
real_vs_real,original,566000,567000,3051,35.60009917353306,,ok
real_vs_real,original,567000,568000,3125,37.0398133510982,,ok
real_vs_real,original,568000,569000,2959,36.9988333969137,,ok
real_vs_real,original,569000,570000,2964,39.015146018427636,,ok
real_vs_real,original,570000,571000,2897,38.310706935586765,,ok
real_vs_real,original,571000,572000,2879,39.58133667497813,,ok
real_vs_real,original,572000,573000,2941,39.14925435791155,,ok
real_vs_real,original,573000,574000,2938,37.96892442641353,,ok
real_vs_real,original,574000,575000,3027,37.96205346973317,,ok
real_vs_real,original,575000,576000,3039,38.647275268615054,,ok
real_vs_real,original,576000,577000,2928,38.7059610780029,,ok
real_vs_real,original,577000,578000,2954,38.16215520892561,,ok
real_vs_real,original,578000,579000,2903,38.51191959939787,,ok
real_vs_real,original,579000,580000,2912,39.52141354910738,,ok
real_vs_real,original,580000,581000,2907,39.66016588159937,,ok
real_vs_real,original,581000,582000,2960,38.088966726132945,,ok
real_vs_real,original,582000,583000,3049,38.822268513169625,,ok
real_vs_real,original,583000,584000,3031,37.64505927705671,,ok
real_vs_real,original,584000,585000,3099,37.26541037362411,,ok
real_vs_real,original,585000,586000,2988,37.82080837003235,,ok
real_vs_real,original,586000,587000,2924,39.41525524922338,,ok
real_vs_real,original,587000,588000,2907,39.508676878240564,,ok
real_vs_real,original,588000,589000,2886,38.97449159203416,,ok
real_vs_real,original,589000,590000,3040,37.56692694741004,,ok
real_vs_real,original,590000,591000,2901,37.922947889001136,,ok
real_vs_real,original,591000,592000,3057,38.971659958346486,,ok
real_vs_real,original,592000,593000,3087,37.93411232649112,,ok
real_vs_real,original,593000,594000,3015,37.90469337217203,,ok
real_vs_real,original,594000,595000,2950,39.33275210596597,,ok
real_vs_real,original,595000,596000,2951,37.211417229481114,,ok
real_vs_real,original,596000,597000,2833,39.71731917025342,,ok
real_vs_real,original,597000,598000,2986,39.21564431552664,,ok
real_vs_real,original,598000,599000,3040,37.554894709781955,,ok
real_vs_real,original,599000,600000,2992,37.83467380740158,,ok
real_vs_real,original,600000,601000,3101,37.61541237854735,,ok
real_vs_real,original,601000,602000,3004,37.570229359271515,,ok
real_vs_real,original,602000,603000,2877,38.94423070853169,,ok
real_vs_real,original,603000,604000,2956,38.53586641843075,,ok
real_vs_real,original,604000,605000,2901,40.41152464389833,,ok
real_vs_real,original,605000,606000,2904,38.107080521346354,,ok
real_vs_real,original,606000,607000,3023,38.804622576951616,,ok
real_vs_real,original,607000,608000,3019,37.61098936272129,,ok
real_vs_real,original,608000,609000,3040,37.161487698418924,,ok
real_vs_real,original,609000,610000,3033,37.67814545055524,,ok
real_vs_real,original,610000,611000,2895,39.87275375629799,,ok
real_vs_real,original,611000,612000,2902,38.38158007650642,,ok
real_vs_real,original,612000,613000,2799,40.5954113838823,,ok
real_vs_real,original,613000,614000,2817,41.561536263787914,,ok
real_vs_real,original,614000,615000,2889,40.4845382411444,,ok
real_vs_real,original,615000,616000,2815,41.19080298067797,,ok
real_vs_real,original,616000,617000,2864,40.849673899260644,,ok
real_vs_real,original,617000,618000,3040,40.432129885145734,,ok
real_vs_real,original,618000,619000,2792,41.80137574087496,,ok
real_vs_real,original,619000,620000,2736,42.97414599226633,,ok
real_vs_real,original,620000,621000,2733,42.615985494568704,,ok
real_vs_real,original,621000,622000,2670,44.44730414786177,,ok
real_vs_real,original,622000,623000,2812,43.00185646089822,,ok
real_vs_real,original,623000,624000,2766,44.29288061427752,,ok
real_vs_real,original,624000,625000,2736,45.1808244015754,,ok
real_vs_real,original,625000,626000,2875,42.802451092062604,,ok
real_vs_real,original,626000,627000,2841,43.19711626811921,,ok
real_vs_real,original,627000,628000,2690,44.78862889561046,,ok
real_vs_real,original,628000,629000,2675,43.632294354907906,,ok
real_vs_real,original,629000,630000,2638,44.92543063432981,,ok
real_vs_real,original,630000,631000,2668,44.23519926654229,,ok
real_vs_real,original,631000,632000,2895,43.685783917215105,,ok
real_vs_real,original,632000,633000,2732,43.52964882394463,,ok
real_vs_real,original,633000,634000,2801,45.44890617428577,,ok
real_vs_real,original,634000,635000,2742,44.24772489160096,,ok
real_vs_real,original,635000,636000,2534,47.343878532034786,,ok
real_vs_real,original,636000,637000,2620,46.49621780809698,,ok
real_vs_real,original,637000,638000,2541,47.61097637784518,,ok
real_vs_real,original,638000,639000,2559,49.84614690785611,,ok
real_vs_real,original,639000,640000,2629,47.05922585987398,,ok
real_vs_real,original,640000,641000,2568,45.71606935005898,,ok
real_vs_real,original,641000,642000,2689,47.91245587906651,,ok
real_vs_real,original,642000,643000,2626,45.78243337948123,,ok
real_vs_real,original,643000,644000,2550,46.8890143574225,,ok
real_vs_real,original,644000,645000,2374,50.77145286927009,,ok
real_vs_real,original,645000,646000,2477,48.074515013618814,,ok
real_vs_real,original,646000,647000,2417,51.45653334581345,,ok
real_vs_real,original,647000,648000,2286,51.413038604254005,,ok
real_vs_real,original,648000,649000,2495,48.85566467307995,,ok
real_vs_real,original,649000,650000,2416,49.52506211047635,,ok
real_vs_real,original,650000,651000,2493,48.96163311727935,,ok
real_vs_real,original,651000,652000,2471,46.8243476899031,,ok
real_vs_real,original,652000,653000,2252,51.335337809835025,,ok
real_vs_real,original,653000,654000,2335,49.5543611361521,,ok
real_vs_real,original,654000,655000,2165,53.860369996318646,,ok
real_vs_real,original,655000,656000,2130,52.8008069102359,,ok
real_vs_real,original,656000,657000,2255,49.75905042141551,,ok
real_vs_real,original,657000,658000,2132,52.07478387298836,,ok
real_vs_real,original,658000,659000,2218,49.23806129244235,,ok
real_vs_real,original,659000,660000,2245,47.752347924978565,,ok
real_vs_real,original,660000,661000,1991,53.14982575858746,,ok
real_vs_real,original,661000,662000,1946,51.72839769525354,,ok
real_vs_real,original,662000,663000,1870,52.11658500281819,,ok
real_vs_real,original,663000,664000,1799,54.60247358920898,,ok
real_vs_real,original,664000,665000,1802,52.636733839880996,,ok
real_vs_real,original,665000,666000,1734,51.771595147917346,,ok
real_vs_real,original,666000,667000,1647,51.75065388019198,,ok
real_vs_real,original,667000,668000,1720,49.69367172476338,,ok
real_vs_real,original,668000,669000,1619,51.912114760446634,,ok
real_vs_real,original,669000,670000,1450,59.07856911110349,,ok
real_vs_real,original,670000,671000,1599,57.40749905980449,,ok
real_vs_real,original,671000,672000,1414,63.85232678773655,,ok
real_vs_real,original,672000,673000,1425,61.68663255094514,,ok
real_vs_real,original,673000,674000,1507,52.155064676659656,,ok
real_vs_real,original,674000,675000,1505,56.0463887934545,,ok
real_vs_real,original,675000,676000,1652,49.73859450773869,,ok
real_vs_real,original,676000,677000,1663,50.41802380026756,,ok
real_vs_real,original,677000,678000,1490,57.47586739776445,,ok
real_vs_real,original,678000,679000,1528,57.99880996562566,,ok
real_vs_real,original,679000,680000,1482,60.21853540395517,,ok
real_vs_real,original,680000,681000,1469,59.18058093037569,,ok
real_vs_real,original,681000,682000,1523,55.181893657127596,,ok
real_vs_real,original,682000,683000,1590,52.29277572301073,,ok
real_vs_real,original,683000,684000,1577,51.21350420971423,,ok
real_vs_real,original,684000,685000,1659,48.3524779349372,,ok
real_vs_real,original,685000,686000,1555,55.04036628325478,,ok
real_vs_real,original,686000,687000,1594,53.724691979626066,,ok
real_vs_real,original,687000,688000,1599,55.7103110133128,,ok
real_vs_real,original,688000,689000,1542,60.78593892884676,,ok
real_vs_real,original,689000,690000,1471,52.09335868042946,,ok
real_vs_real,original,690000,691000,1544,55.043678347591694,,ok
real_vs_real,original,691000,692000,1482,51.915240822775516,,ok
real_vs_real,original,692000,693000,1633,51.16354917126489,,ok
real_vs_real,original,693000,694000,1541,52.39515467219829,,ok
real_vs_real,original,694000,695000,1575,58.221368202024365,,ok
real_vs_real,original,695000,696000,1529,58.42764702915959,,ok
real_vs_real,original,696000,697000,1543,58.73432648032363,,ok
real_vs_real,original,697000,698000,1481,58.9722917709986,,ok
real_vs_real,original,698000,699000,1489,56.28212390205171,,ok
real_vs_real,original,699000,700000,1462,55.75465394858546,,ok
real_vs_real,original,700000,701000,1560,51.09028146537608,,ok
real_vs_real,original,701000,702000,1610,51.79823704315102,,ok
real_vs_real,original,702000,703000,1508,57.1506824507595,,ok
real_vs_real,original,703000,704000,1633,52.92940584514806,,ok
real_vs_real,original,704000,705000,1664,53.01363160799999,,ok
real_vs_real,original,705000,706000,1884,52.71802825978822,,ok
real_vs_real,original,706000,707000,2081,45.081043410063415,,ok
real_vs_real,original,707000,708000,2129,45.40697120112656,,ok
real_vs_real,original,708000,709000,2297,43.408773142845774,,ok
real_vs_real,original,709000,710000,2495,42.66089116795273,,ok
real_vs_real,original,710000,711000,2356,44.42011578069525,,ok
real_vs_real,original,711000,712000,2341,43.64389803108626,,ok
real_vs_real,original,712000,713000,2412,45.45040535259888,,ok
real_vs_real,original,713000,714000,2412,43.80919731686188,,ok
real_vs_real,original,714000,715000,2495,42.39954317757398,,ok
real_vs_real,original,715000,716000,2580,40.79690770497182,,ok
real_vs_real,original,716000,717000,2605,40.90998773668625,,ok
real_vs_real,original,717000,718000,2713,39.48350960097182,,ok
real_vs_real,original,718000,719000,2592,41.118536877004495,,ok
real_vs_real,original,719000,720000,2565,40.987223713759974,,ok
real_vs_real,original,720000,721000,2644,40.64724994477625,,ok
real_vs_real,original,721000,722000,2495,41.602302170519344,,ok
real_vs_real,original,722000,723000,2662,40.20486988729353,,ok
real_vs_real,original,723000,724000,2733,39.980507057820425,,ok
real_vs_real,original,724000,725000,2738,39.377310249144585,,ok
real_vs_real,original,725000,726000,2846,36.784113629197094,,ok
real_vs_real,original,726000,727000,2715,37.66654906439875,,ok
real_vs_real,original,727000,728000,2777,39.75568929757141,,ok
real_vs_real,original,728000,729000,2721,38.35075011623742,,ok
real_vs_real,original,729000,730000,2705,38.962614910137056,,ok
real_vs_real,original,730000,731000,2829,39.090804570066446,,ok
real_vs_real,original,731000,732000,2802,36.871455530769516,,ok
real_vs_real,original,732000,733000,2895,37.58271198870402,,ok
real_vs_real,original,733000,734000,2863,36.6482915288776,,ok
real_vs_real,original,734000,735000,2965,36.77707541684086,,ok
real_vs_real,original,735000,736000,2747,38.66605255673942,,ok
real_vs_real,original,736000,737000,2747,38.94808669885508,,ok
real_vs_real,original,737000,738000,2777,38.93658614636609,,ok
real_vs_real,original,738000,739000,2731,38.412330548777994,,ok
real_vs_real,original,739000,740000,2801,38.43026948646149,,ok
real_vs_real,original,740000,741000,2833,36.481312830878096,,ok
real_vs_real,original,741000,742000,2836,36.84909054761374,,ok
real_vs_real,original,742000,743000,3051,34.12341309673707,,ok
real_vs_real,original,743000,744000,2760,32.658978848620386,,ok
real_vs_real,original,744000,745000,2868,34.71266100942091,,ok
real_vs_real,original,745000,746000,2793,31.925647001869457,,ok
real_vs_real,original,746000,747000,2840,30.359301872696985,,ok
real_vs_real,original,747000,748000,2948,30.069257100338458,,ok
real_vs_real,original,748000,749000,2989,28.30855989309964,,ok
real_vs_real,original,749000,750000,2992,27.82068269727608,,ok
real_vs_real,original,750000,751000,3116,27.440364666900322,,ok
real_vs_real,original,751000,752000,2970,24.02106201265773,,ok
real_vs_real,original,752000,753000,3010,23.207945888194082,,ok
real_vs_real,original,753000,754000,3068,23.612954534504205,,ok
real_vs_real,original,754000,755000,2939,23.155389642464975,,ok
real_vs_real,original,755000,756000,3121,22.482323611445317,,ok
real_vs_real,original,756000,757000,3126,22.72585328777933,,ok
real_vs_real,original,757000,758000,2993,20.038974420409996,,ok
real_vs_real,original,758000,759000,3227,20.4005140041839,,ok
real_vs_real,original,759000,760000,3142,20.561319072297803,,ok
real_vs_real,original,760000,761000,3089,17.486956074258384,,ok
real_vs_real,original,761000,762000,3067,17.924760142641706,,ok
real_vs_real,original,762000,763000,3022,18.163836584706896,,ok
real_vs_real,original,763000,764000,3175,17.58733930537893,,ok
real_vs_real,original,764000,765000,3235,19.20623113137535,,ok
real_vs_real,original,765000,766000,3221,16.794637234699874,,ok
real_vs_real,original,766000,767000,3282,17.052381063321317,,ok
real_vs_real,original,767000,768000,3386,18.94151918489997,,ok
real_vs_real,original,768000,769000,3190,15.162755976359286,,ok
real_vs_real,original,769000,770000,3133,14.194784820976412,,ok
real_vs_real,original,770000,771000,3171,15.850441390131218,,ok
real_vs_real,original,771000,772000,3070,11.73146324840274,,ok
real_vs_real,original,772000,773000,3213,15.009625113929044,,ok
real_vs_real,original,773000,774000,3238,17.070417943604287,,ok
real_vs_real,original,774000,775000,3259,15.711207938123676,,ok
real_vs_real,original,775000,776000,3322,18.20798781487308,,ok
real_vs_real,original,776000,777000,3244,13.970959111291013,,ok
real_vs_real,original,777000,778000,3182,14.673051633050953,,ok
real_vs_real,original,778000,779000,3236,14.944981082915081,,ok
real_vs_real,original,779000,780000,3106,12.268912880780551,,ok
real_vs_real,original,780000,781000,3173,15.369754295082318,,ok
real_vs_real,original,781000,782000,3266,15.536028038105522,,ok
real_vs_real,original,782000,783000,3317,14.400374487816078,,ok
real_vs_real,original,783000,784000,3326,17.416971167334875,,ok
real_vs_real,original,784000,785000,3348,15.60430863979093,,ok
real_vs_real,original,785000,786000,3139,15.678545357661452,,ok
real_vs_real,original,786000,787000,3236,15.679147337221782,,ok
real_vs_real,original,787000,788000,3197,15.08759504087075,,ok
real_vs_real,original,788000,789000,3233,15.7898234776606,,ok
real_vs_real,original,789000,790000,3132,17.758189239688363,,ok
real_vs_real,original,790000,791000,3153,18.483372277590515,,ok
real_vs_real,original,791000,792000,3327,20.854498037689908,,ok
real_vs_real,original,792000,793000,3262,20.155930432423062,,ok
real_vs_real,original,793000,794000,3029,18.600440327681333,,ok
real_vs_real,original,794000,795000,2995,21.51679265966677,,ok
real_vs_real,original,795000,796000,3078,22.950003497013594,,ok
real_vs_real,original,796000,797000,3073,22.321279096554328,,ok
real_vs_real,original,797000,798000,2988,25.723696438980873,,ok
real_vs_real,original,798000,799000,2997,24.28506532771255,,ok
real_vs_real,original,799000,800000,2994,26.056564490279715,,ok
real_vs_real,original,800000,801000,3024,27.848827822703484,,ok
real_vs_real,original,801000,802000,2939,27.80200961040266,,ok
real_vs_real,original,802000,803000,2965,28.324103225484393,,ok
real_vs_real,original,803000,804000,2796,28.65834053794763,,ok
real_vs_real,original,804000,805000,2799,30.336324155950745,,ok
real_vs_real,original,805000,806000,2876,31.39087427247905,,ok
real_vs_real,original,806000,807000,2877,32.369376620654904,,ok
real_vs_real,original,807000,808000,2875,32.211845839861134,,ok
real_vs_real,original,808000,809000,2868,34.041169267393364,,ok
real_vs_real,original,809000,810000,2815,33.82435573107286,,ok
real_vs_real,original,810000,811000,2800,32.92199610693347,,ok
real_vs_real,original,811000,812000,2828,35.08898776731696,,ok
real_vs_real,original,812000,813000,2742,36.08759533631905,,ok
real_vs_real,original,813000,814000,2832,36.70080025958117,,ok
real_vs_real,original,814000,815000,2767,36.85734856223845,,ok
real_vs_real,original,815000,816000,2692,39.226857422957025,,ok
real_vs_real,original,816000,817000,2800,37.864186144049256,,ok
real_vs_real,original,817000,818000,2721,38.8703344771915,,ok
real_vs_real,original,818000,819000,2786,37.73009295590817,,ok
real_vs_real,original,819000,820000,2730,39.424695360116445,,ok
real_vs_real,original,820000,821000,2723,38.40243683535099,,ok
real_vs_real,original,821000,822000,2719,39.201394612976365,,ok
real_vs_real,original,822000,823000,2703,39.76493632704913,,ok
real_vs_real,original,823000,824000,2724,42.00510370241273,,ok
real_vs_real,original,824000,825000,2755,41.62661774964027,,ok
real_vs_real,original,825000,826000,2750,41.27358707883396,,ok
real_vs_real,original,826000,827000,2722,40.62061288906415,,ok
real_vs_real,original,827000,828000,2736,39.238888317407934,,ok
real_vs_real,original,828000,829000,2629,39.187246500656784,,ok
real_vs_real,original,829000,830000,2757,39.55503260496285,,ok
real_vs_real,original,830000,831000,2756,38.06132218921203,,ok
real_vs_real,original,831000,832000,2778,39.40170199545529,,ok
real_vs_real,original,832000,833000,2686,39.18790754429755,,ok
real_vs_real,original,833000,834000,2731,39.41301350029865,,ok
real_vs_real,original,834000,835000,2779,40.06081238140875,,ok
real_vs_real,original,835000,836000,2800,37.51042991027856,,ok
real_vs_real,original,836000,837000,2708,38.29571951887468,,ok
real_vs_real,original,837000,838000,2829,37.17217433564779,,ok
real_vs_real,original,838000,839000,2801,38.25163837276152,,ok
real_vs_real,original,839000,840000,2802,38.358480502232204,,ok
real_vs_real,original,840000,841000,2853,38.398853933511134,,ok
real_vs_real,original,841000,842000,2777,38.45464078001322,,ok
real_vs_real,original,842000,843000,2803,39.26100575005089,,ok
real_vs_real,original,843000,844000,2817,38.01132627738801,,ok
real_vs_real,original,844000,845000,2957,35.755165574171144,,ok
real_vs_real,original,845000,846000,2814,38.14091789305346,,ok
real_vs_real,original,846000,847000,2771,37.10320812941748,,ok
real_vs_real,original,847000,848000,2866,36.9199843667254,,ok
real_vs_real,original,848000,849000,2788,37.46815682761833,,ok
real_vs_real,original,849000,850000,2867,36.9354416230239,,ok
real_vs_real,original,850000,851000,2737,38.85401759444897,,ok
real_vs_real,original,851000,852000,2931,36.42895351499668,,ok
real_vs_real,original,852000,853000,2834,36.30041765439657,,ok
real_vs_real,original,853000,854000,2799,36.7065376055477,,ok
real_vs_real,original,854000,855000,2799,37.164415174469994,,ok
real_vs_real,original,855000,856000,2948,36.455958220258914,,ok
real_vs_real,original,856000,857000,2909,36.80583292664884,,ok
real_vs_real,original,857000,858000,2843,37.95115178527675,,ok
real_vs_real,original,858000,859000,2845,36.286862369464274,,ok
real_vs_real,original,859000,860000,2934,36.434188568336076,,ok
real_vs_real,original,860000,861000,2773,37.54258199619348,,ok
real_vs_real,original,861000,862000,2858,36.116336021354975,,ok
real_vs_real,original,862000,863000,2787,36.47420562849914,,ok
real_vs_real,original,863000,864000,2971,36.51047062139211,,ok
real_vs_real,original,864000,865000,2830,36.07578848587669,,ok
real_vs_real,original,865000,866000,2892,36.96283675532939,,ok
real_vs_real,original,866000,867000,2892,37.98867373989562,,ok
real_vs_real,original,867000,868000,2853,39.049026545953986,,ok
real_vs_real,original,868000,869000,2765,39.07198652378855,,ok
real_vs_real,original,869000,870000,2786,37.697541321623376,,ok
real_vs_real,original,870000,871000,2787,39.61532088337448,,ok
real_vs_real,original,871000,872000,2739,39.48127159273383,,ok
real_vs_real,original,872000,873000,2705,41.276038853247385,,ok
real_vs_real,original,873000,874000,2703,42.213454333684844,,ok
real_vs_real,original,874000,875000,2643,41.97738529095319,,ok
real_vs_real,original,875000,876000,2740,42.895858972367456,,ok
real_vs_real,original,876000,877000,2658,42.422588071478096,,ok
real_vs_real,original,877000,878000,2638,42.12294643318284,,ok
real_vs_real,original,878000,879000,2569,44.307093533150756,,ok
real_vs_real,original,879000,880000,2628,42.70775609100785,,ok
real_vs_real,original,880000,881000,2693,42.509965071013575,,ok
real_vs_real,original,881000,882000,2600,44.018361207473305,,ok
real_vs_real,original,882000,883000,2614,43.59232584356787,,ok
real_vs_real,original,883000,884000,2672,44.64987198746555,,ok
real_vs_real,original,884000,885000,2631,44.195476697945786,,ok
real_vs_real,original,885000,886000,2584,42.33961776934797,,ok
real_vs_real,original,886000,887000,2680,41.35563230252012,,ok
real_vs_real,original,887000,888000,2620,42.28858572917606,,ok
real_vs_real,original,888000,889000,2708,41.886278864034374,,ok
real_vs_real,original,889000,890000,2618,44.13385480450502,,ok
real_vs_real,original,890000,891000,2499,44.06260769044599,,ok
real_vs_real,original,891000,892000,2723,44.27627405402393,,ok
real_vs_real,original,892000,893000,2487,47.65249037221382,,ok
real_vs_real,original,893000,894000,2509,45.350467139173396,,ok
real_vs_real,original,894000,895000,2533,44.8817343844876,,ok
real_vs_real,original,895000,896000,2521,44.56546892272039,,ok
real_vs_real,original,896000,897000,2564,45.01535634884753,,ok
real_vs_real,original,897000,898000,2643,45.99244366736141,,ok
real_vs_real,original,898000,899000,2517,46.29547401342148,,ok
real_vs_real,original,899000,900000,2636,46.40099159185205,,ok
real_vs_real,original,900000,901000,2456,45.96473370150824,,ok
real_vs_real,original,901000,902000,2493,46.20879549057311,,ok
real_vs_real,original,902000,903000,2495,45.74384318893568,,ok
real_vs_real,original,903000,904000,2536,44.190349861502355,,ok
real_vs_real,original,904000,905000,2497,44.514186453475645,,ok
real_vs_real,original,905000,906000,2513,44.75957779620751,,ok
real_vs_real,original,906000,907000,2410,47.26607063450261,,ok
real_vs_real,original,907000,908000,2514,45.79692548928103,,ok
real_vs_real,original,908000,909000,2407,47.932461217304535,,ok
real_vs_real,original,909000,910000,2496,45.729278701505216,,ok
real_vs_real,original,910000,911000,2357,47.17931126158132,,ok
real_vs_real,original,911000,912000,2375,46.881501256683485,,ok
real_vs_real,original,912000,913000,2322,46.183870356719574,,ok
real_vs_real,original,913000,914000,2411,45.55734524235706,,ok
real_vs_real,original,914000,915000,2432,45.12934539342962,,ok
real_vs_real,original,915000,916000,2355,46.917473598489416,,ok
real_vs_real,original,916000,917000,2289,49.30009587784128,,ok
real_vs_real,original,917000,918000,2319,49.019561251036876,,ok
real_vs_real,original,918000,919000,2286,46.09261803829341,,ok
real_vs_real,original,919000,920000,2150,47.23965513794349,,ok
real_vs_real,original,920000,921000,2163,47.70656055548858,,ok
real_vs_real,original,921000,922000,2211,44.288551615154255,,ok
real_vs_real,original,922000,923000,2086,47.58894006942332,,ok
real_vs_real,original,923000,924000,2100,45.83713878724365,,ok
real_vs_real,original,924000,925000,1971,50.40134105269593,,ok
real_vs_real,original,925000,926000,1966,49.51252373665026,,ok
real_vs_real,original,926000,927000,1842,50.82643948120367,,ok
real_vs_real,original,927000,928000,1810,45.34994344557506,,ok
real_vs_real,original,928000,929000,1732,48.60390342469181,,ok
real_vs_real,original,929000,930000,1671,47.78471491875312,,ok
real_vs_real,original,930000,931000,1692,48.338157843002946,,ok
real_vs_real,original,931000,932000,1784,53.018932736752085,,ok
real_vs_real,original,932000,933000,1645,50.81972894865466,,ok
real_vs_real,original,933000,934000,1745,54.571717466000365,,ok
real_vs_real,original,934000,935000,1680,55.25795622880631,,ok
real_vs_real,original,935000,936000,1656,50.335411988149886,,ok
real_vs_real,original,936000,937000,1591,52.70552004167982,,ok
real_vs_real,original,937000,938000,1647,49.65752877199002,,ok
real_vs_real,original,938000,939000,1724,46.29691551183014,,ok
real_vs_real,original,939000,940000,1700,49.97946184930915,,ok
real_vs_real,original,940000,941000,1720,52.5694340081307,,ok
real_vs_real,original,941000,942000,1697,54.9236552599751,,ok
real_vs_real,original,942000,943000,1676,56.20118570871642,,ok
real_vs_real,original,943000,944000,1590,51.13817284101279,,ok
real_vs_real,original,944000,945000,1626,48.841929189544544,,ok
real_vs_real,original,945000,946000,1642,49.83918104759608,,ok
real_vs_real,original,946000,947000,1643,48.59643324427566,,ok
real_vs_real,original,947000,948000,1781,50.38014519494592,,ok
real_vs_real,original,948000,949000,1697,49.820647819919984,,ok
real_vs_real,original,949000,950000,1689,54.436290817327574,,ok
real_vs_real,original,950000,951000,1723,52.675670986378144,,ok
real_vs_real,original,951000,952000,1665,54.16377275344887,,ok
real_vs_real,original,952000,953000,1629,50.36906294312651,,ok
real_vs_real,original,953000,954000,1623,53.635149813938725,,ok
real_vs_real,original,954000,955000,1667,48.05507803176475,,ok
real_vs_real,original,955000,956000,1670,51.225316155908125,,ok
real_vs_real,original,956000,957000,1592,55.22798185269031,,ok
real_vs_real,original,957000,958000,1648,51.5563472303928,,ok
real_vs_real,original,958000,959000,1749,54.3524792611445,,ok
real_vs_real,original,959000,960000,1670,55.37950430173089,,ok
real_vs_real,original,960000,961000,1607,52.95799632721911,,ok
real_vs_real,original,961000,962000,1604,52.56996400137039,,ok
real_vs_real,original,962000,963000,1667,49.08897117662585,,ok
real_vs_real,original,963000,964000,1770,47.192269565530324,,ok
real_vs_real,original,964000,965000,1862,46.299085685344075,,ok
real_vs_real,original,965000,966000,1898,45.30941793138645,,ok
real_vs_real,original,966000,967000,2055,46.383856115665594,,ok
real_vs_real,original,967000,968000,2077,45.486678348399465,,ok
real_vs_real,original,968000,969000,2099,43.80129054831979,,ok
real_vs_real,original,969000,970000,2151,38.728118146943835,,ok
real_vs_real,original,970000,971000,2204,40.13285219469955,,ok
real_vs_real,original,971000,972000,2228,39.798588168815314,,ok
real_vs_real,original,972000,973000,2410,39.70650179550931,,ok
real_vs_real,original,973000,974000,2363,40.88909518722605,,ok
real_vs_real,original,974000,975000,2387,40.43916705602059,,ok
real_vs_real,original,975000,976000,2453,38.7379093629868,,ok
real_vs_real,original,976000,977000,2424,39.72026911778775,,ok
real_vs_real,original,977000,978000,2377,39.252159674091985,,ok
real_vs_real,original,978000,979000,2565,38.193389181134634,,ok
real_vs_real,original,979000,980000,2474,37.478135956983856,,ok
real_vs_real,original,980000,981000,2578,37.35328290742341,,ok
real_vs_real,original,981000,982000,2489,37.99202329179954,,ok
real_vs_real,original,982000,983000,2593,40.62741010415082,,ok
real_vs_real,original,983000,984000,2613,38.01070565859037,,ok
real_vs_real,original,984000,985000,2663,38.01730245874973,,ok
real_vs_real,original,985000,986000,2665,35.58665320194767,,ok
real_vs_real,original,986000,987000,2664,37.62853352526723,,ok
real_vs_real,original,987000,988000,2730,35.42395750485584,,ok
real_vs_real,original,988000,989000,2767,35.32004143178377,,ok
real_vs_real,original,989000,990000,2661,36.32974897959524,,ok
real_vs_real,original,990000,991000,2703,36.43363428854241,,ok
real_vs_real,original,991000,992000,2800,35.79753647767849,,ok
real_vs_real,original,992000,993000,2830,35.75386723490577,,ok
real_vs_real,original,993000,994000,2770,37.44049492863314,,ok
real_vs_real,original,994000,995000,2733,34.55672384784665,,ok
real_vs_real,original,995000,996000,2732,35.46733982453721,,ok
real_vs_real,original,996000,997000,2862,32.93705807861356,,ok
real_vs_real,original,997000,998000,2757,33.76813800119106,,ok
real_vs_real,original,998000,999000,2865,35.25817319997502,,ok
real_vs_real,original,999000,1000000,2853,34.32334215210046,,ok
real_vs_real,original,1000000,1001000,2963,30.85297029327455,,ok
real_vs_real,original,1001000,1002000,3011,26.00708611063037,,ok
real_vs_real,original,1002000,1003000,3088,22.752844452836687,,ok
real_vs_real,original,1003000,1004000,3131,18.609685935558165,,ok
real_vs_real,original,1004000,1005000,3166,19.82144033353618,,ok
real_vs_real,original,1005000,1006000,3149,17.704405674364704,,ok
real_vs_real,original,1006000,1007000,3186,17.941539233567138,,ok
real_vs_real,original,1007000,1008000,3320,15.85170347096632,,ok
real_vs_real,original,1008000,1009000,3194,15.380261021014,,ok
real_vs_real,original,1009000,1010000,3288,16.026883619418243,,ok
real_vs_real,original,1010000,1011000,3294,12.070878957215113,,ok
real_vs_real,original,1011000,1012000,3224,12.194203755135293,,ok
real_vs_real,original,1012000,1013000,3196,10.673496931716958,,ok
real_vs_real,original,1013000,1014000,3291,12.252331507504717,,ok
real_vs_real,original,1014000,1015000,3384,9.959431221239349,,ok
v2e_vs_real,original,15000,16000,12548,18.96825200273602,,ok
v2e_vs_real,original,16000,17000,9409,14.294941861136305,,ok
v2e_vs_real,original,17000,18000,9433,11.095005692477798,,ok
v2e_vs_real,original,18000,19000,9797,9.019079783461695,,ok
v2e_vs_real,original,19000,20000,10257,9.164053012603,,ok
v2e_vs_real,original,20000,21000,10156,9.302547593819947,,ok
v2e_vs_real,original,21000,22000,10081,9.130122740919852,,ok
v2e_vs_real,original,22000,23000,15716,9.5831234814347,,ok
v2e_vs_real,original,23000,24000,11389,13.448051099306548,,ok
v2e_vs_real,original,24000,25000,11061,15.553323835878048,,ok
v2e_vs_real,original,25000,26000,11113,17.1847381579817,,ok
v2e_vs_real,original,26000,27000,10865,18.34916433989885,,ok
v2e_vs_real,original,27000,28000,10981,19.114197002846737,,ok
v2e_vs_real,original,28000,29000,15966,16.41975033899785,,ok
v2e_vs_real,original,29000,30000,11768,21.395944524250602,,ok
v2e_vs_real,original,30000,31000,11021,18.054263822969986,,ok
v2e_vs_real,original,31000,32000,10949,17.00540685770009,,ok
v2e_vs_real,original,32000,33000,12082,18.351904079039926,,ok
v2e_vs_real,original,33000,34000,12020,18.515315891021114,,ok
v2e_vs_real,original,34000,35000,16701,17.81464066750258,,ok
v2e_vs_real,original,35000,36000,11691,17.846575227600425,,ok
v2e_vs_real,original,36000,37000,10259,15.317111290612313,,ok
v2e_vs_real,original,37000,38000,9792,14.978598030107051,,ok
v2e_vs_real,original,38000,39000,9534,15.50901285064621,,ok
v2e_vs_real,original,39000,40000,9136,15.443758810430733,,ok
v2e_vs_real,original,40000,41000,12864,16.222684401076428,,ok
v2e_vs_real,original,41000,42000,9452,17.530345672277804,,ok
v2e_vs_real,original,42000,43000,9035,18.06929555708481,,ok
v2e_vs_real,original,43000,44000,8800,17.937784122851838,,ok
v2e_vs_real,original,44000,45000,8726,19.319715995386925,,ok
v2e_vs_real,original,45000,46000,8843,20.196691051736686,,ok
v2e_vs_real,original,46000,47000,8690,21.108518417928245,,ok
v2e_vs_real,original,47000,48000,12341,20.068407885146396,,ok
v2e_vs_real,original,48000,49000,9658,21.315556012803786,,ok
v2e_vs_real,original,49000,50000,9383,21.09375573174976,,ok
v2e_vs_real,original,50000,51000,9296,22.238753385491428,,ok
v2e_vs_real,original,51000,52000,9241,23.436519737640022,,ok
v2e_vs_real,original,52000,53000,8868,24.33649000969191,,ok
v2e_vs_real,original,53000,54000,12661,23.18214307079406,,ok
v2e_vs_real,original,54000,55000,9282,26.913854159321065,,ok
v2e_vs_real,original,55000,56000,8485,26.565248360855012,,ok
v2e_vs_real,original,56000,57000,8294,26.861062652901488,,ok
v2e_vs_real,original,57000,58000,8403,27.511758421392997,,ok
v2e_vs_real,original,58000,59000,8286,27.996481250863408,,ok
v2e_vs_real,original,59000,60000,11565,28.055201107365342,,ok
v2e_vs_real,original,60000,61000,8584,30.000078827990766,,ok
v2e_vs_real,original,61000,62000,8286,30.05489743811394,,ok
v2e_vs_real,original,62000,63000,8193,30.034208851824243,,ok
v2e_vs_real,original,63000,64000,7868,30.754675464786228,,ok
v2e_vs_real,original,64000,65000,7789,31.446191142183785,,ok
v2e_vs_real,original,65000,66000,8370,31.161232700884913,,ok
v2e_vs_real,original,66000,67000,11694,32.25559995460502,,ok
v2e_vs_real,original,67000,68000,8648,31.98482000081632,,ok
v2e_vs_real,original,68000,69000,7990,31.905856096848755,,ok
v2e_vs_real,original,69000,70000,7762,32.64444618492337,,ok
v2e_vs_real,original,70000,71000,7732,32.14384700720906,,ok
v2e_vs_real,original,71000,72000,7642,32.77809031130183,,ok
v2e_vs_real,original,72000,73000,10848,31.93604551818368,,ok
v2e_vs_real,original,73000,74000,8133,34.00050919107431,,ok
v2e_vs_real,original,74000,75000,7587,34.0044684734639,,ok
v2e_vs_real,original,75000,76000,7608,33.467091300161464,,ok
v2e_vs_real,original,76000,77000,7651,34.574082924120695,,ok
v2e_vs_real,original,77000,78000,7632,34.1645323076623,,ok
v2e_vs_real,original,78000,79000,10955,33.87627611969783,,ok
v2e_vs_real,original,79000,80000,8334,36.71296707204261,,ok
v2e_vs_real,original,80000,81000,7806,35.00908712805874,,ok
v2e_vs_real,original,81000,82000,7990,35.05054486026491,,ok
v2e_vs_real,original,82000,83000,7947,33.78675945625072,,ok
v2e_vs_real,original,83000,84000,7921,34.26971878457991,,ok
v2e_vs_real,original,84000,85000,11157,33.70545948071051,,ok
v2e_vs_real,original,85000,86000,8116,37.28597674299171,,ok
v2e_vs_real,original,86000,87000,7579,35.302937021944096,,ok
v2e_vs_real,original,87000,88000,7861,37.248996716854656,,ok
v2e_vs_real,original,88000,89000,7666,36.28407365453843,,ok
v2e_vs_real,original,89000,90000,7760,37.45380625753468,,ok
v2e_vs_real,original,90000,91000,7616,37.615987604434586,,ok
v2e_vs_real,original,91000,92000,11131,37.7706972522232,,ok
v2e_vs_real,original,92000,93000,7810,38.73218846037813,,ok
v2e_vs_real,original,93000,94000,7691,40.270032012942615,,ok
v2e_vs_real,original,94000,95000,7454,39.80626864980514,,ok
v2e_vs_real,original,95000,96000,7527,40.253228758244205,,ok
v2e_vs_real,original,96000,97000,7330,39.76176563327731,,ok
v2e_vs_real,original,97000,98000,10073,38.80048774008375,,ok
v2e_vs_real,original,98000,99000,7826,40.73352354718208,,ok
v2e_vs_real,original,99000,100000,8051,39.96284020360472,,ok
v2e_vs_real,original,100000,101000,8214,38.308595984129944,,ok
v2e_vs_real,original,101000,102000,7527,37.96153316770275,,ok
v2e_vs_real,original,102000,103000,7864,40.44551468953759,,ok
v2e_vs_real,original,103000,104000,10773,37.41397125112759,,ok
v2e_vs_real,original,104000,105000,7299,37.79167555716962,,ok
v2e_vs_real,original,105000,106000,7317,38.03699110675665,,ok
v2e_vs_real,original,106000,107000,7345,38.93337742405361,,ok
v2e_vs_real,original,107000,108000,7231,38.75162003204777,,ok
v2e_vs_real,original,108000,109000,7300,38.619213029503186,,ok
v2e_vs_real,original,109000,110000,10813,36.61336457186468,,ok
v2e_vs_real,original,110000,111000,7885,40.87000593118209,,ok
v2e_vs_real,original,111000,112000,7970,39.85255635801299,,ok
v2e_vs_real,original,112000,113000,7655,40.282862360430144,,ok
v2e_vs_real,original,113000,114000,7764,39.3089445045831,,ok
v2e_vs_real,original,114000,115000,7673,40.19366129232824,,ok
v2e_vs_real,original,115000,116000,7994,39.83448207316222,,ok
v2e_vs_real,original,116000,117000,11831,37.79642159879626,,ok
v2e_vs_real,original,117000,118000,8226,39.87155865601482,,ok
v2e_vs_real,original,118000,119000,7967,38.50320116784975,,ok
v2e_vs_real,original,119000,120000,7895,39.112181460379134,,ok
v2e_vs_real,original,120000,121000,7735,40.205114462394484,,ok
v2e_vs_real,original,121000,122000,7643,40.35935485338701,,ok
v2e_vs_real,original,122000,123000,10945,39.12211308748365,,ok
v2e_vs_real,original,123000,124000,8045,44.08569822456743,,ok
v2e_vs_real,original,124000,125000,7540,42.072141537872135,,ok
v2e_vs_real,original,125000,126000,7534,42.33309011638963,,ok
v2e_vs_real,original,126000,127000,7303,42.31110560749302,,ok
v2e_vs_real,original,127000,128000,7228,43.45173691952295,,ok
v2e_vs_real,original,128000,129000,10284,41.51596195391053,,ok
v2e_vs_real,original,129000,130000,7331,45.60746055000116,,ok
v2e_vs_real,original,130000,131000,6839,44.73679948005721,,ok
v2e_vs_real,original,131000,132000,6732,44.34514578872054,,ok
v2e_vs_real,original,132000,133000,8341,46.13084454185214,,ok
v2e_vs_real,original,133000,134000,7254,47.505450230496045,,ok
v2e_vs_real,original,134000,135000,7151,47.65948778480695,,ok
v2e_vs_real,original,135000,136000,6774,49.47675331406038,,ok
v2e_vs_real,original,136000,137000,8894,50.29239888521485,,ok
v2e_vs_real,original,137000,138000,6612,48.68817144127605,,ok
v2e_vs_real,original,138000,139000,6605,48.55803498279334,,ok
v2e_vs_real,original,139000,140000,6562,48.289195611212996,,ok
v2e_vs_real,original,140000,141000,8694,48.99236847734639,,ok
v2e_vs_real,original,141000,142000,6452,49.28880982526603,,ok
v2e_vs_real,original,142000,143000,6399,50.45461782131805,,ok
v2e_vs_real,original,143000,144000,8577,50.929711080196256,,ok
v2e_vs_real,original,144000,145000,6517,52.466493112308534,,ok
v2e_vs_real,original,145000,146000,6470,51.95252688253472,,ok
v2e_vs_real,original,146000,147000,6421,53.82975061525415,,ok
v2e_vs_real,original,147000,148000,8595,53.557074133666354,,ok
v2e_vs_real,original,148000,149000,6876,50.39155117666623,,ok
v2e_vs_real,original,149000,150000,6963,49.541911302887065,,ok
v2e_vs_real,original,150000,151000,7133,47.93981697902819,,ok
v2e_vs_real,original,151000,152000,9254,48.699541013623076,,ok
v2e_vs_real,original,152000,153000,6644,50.01752492908193,,ok
v2e_vs_real,original,153000,154000,6452,50.625015648879206,,ok
v2e_vs_real,original,154000,155000,8573,50.376432700814696,,ok
v2e_vs_real,original,155000,156000,6320,52.30702247776361,,ok
v2e_vs_real,original,156000,157000,6290,52.67494532758885,,ok
v2e_vs_real,original,157000,158000,6225,51.959794837240054,,ok
v2e_vs_real,original,158000,159000,8221,52.859175618752445,,ok
v2e_vs_real,original,159000,160000,6149,53.23689608842217,,ok
v2e_vs_real,original,160000,161000,6052,53.45999144528649,,ok
v2e_vs_real,original,161000,162000,6010,54.13087720111862,,ok
v2e_vs_real,original,162000,163000,7987,52.028674104803805,,ok
v2e_vs_real,original,163000,164000,5964,51.72101165985568,,ok
v2e_vs_real,original,164000,165000,5927,50.189498256388944,,ok
v2e_vs_real,original,165000,166000,5846,49.384778501310436,,ok
v2e_vs_real,original,166000,167000,7760,48.027365906957876,,ok
v2e_vs_real,original,167000,168000,5366,47.39763477745128,,ok
v2e_vs_real,original,168000,169000,5042,48.65509486548976,,ok
v2e_vs_real,original,169000,170000,6182,51.298599165688216,,ok
v2e_vs_real,original,170000,171000,4477,53.55726642416774,,ok
v2e_vs_real,original,171000,172000,4328,54.15345452254689,,ok
v2e_vs_real,original,172000,173000,4351,54.401161624826,,ok
v2e_vs_real,original,173000,174000,4599,51.50547999774661,,ok
v2e_vs_real,original,174000,175000,5930,50.623564509176354,,ok
v2e_vs_real,original,175000,176000,4323,52.24376050048684,,ok
v2e_vs_real,original,176000,177000,4351,53.57552038570641,,ok
v2e_vs_real,original,177000,178000,5941,51.07946439979785,,ok
v2e_vs_real,original,178000,179000,4463,50.86187666696507,,ok
v2e_vs_real,original,179000,180000,4379,52.823151810369566,,ok
v2e_vs_real,original,180000,181000,4429,52.15275306830157,,ok
v2e_vs_real,original,181000,182000,5903,51.62850325171326,,ok
v2e_vs_real,original,182000,183000,4790,45.35391161935306,,ok
v2e_vs_real,original,183000,184000,4809,45.74059433959687,,ok
v2e_vs_real,original,184000,185000,4748,45.98318822731053,,ok
v2e_vs_real,original,185000,186000,6261,47.00541928689233,,ok
v2e_vs_real,original,186000,187000,4591,47.86326720062253,,ok
v2e_vs_real,original,187000,188000,4590,50.32669057753669,,ok
v2e_vs_real,original,188000,189000,5940,50.71199829166619,,ok
v2e_vs_real,original,189000,190000,4436,51.452033585824566,,ok
v2e_vs_real,original,190000,191000,4423,52.07500158240679,,ok
v2e_vs_real,original,191000,192000,4343,51.56072171115031,,ok
v2e_vs_real,original,192000,193000,5827,51.76129689194841,,ok
v2e_vs_real,original,193000,194000,4384,50.933428138211454,,ok
v2e_vs_real,original,194000,195000,4425,51.14604782888402,,ok
v2e_vs_real,original,195000,196000,4441,50.94175957087565,,ok
v2e_vs_real,original,196000,197000,6142,48.34233082399798,,ok
v2e_vs_real,original,197000,198000,4533,50.011166087689425,,ok
v2e_vs_real,original,198000,199000,4623,49.6943702506885,,ok
v2e_vs_real,original,199000,200000,5448,46.413391933181245,,ok
v2e_vs_real,original,200000,201000,6891,48.5012237602078,,ok
v2e_vs_real,original,201000,202000,5037,47.46673606560726,,ok
v2e_vs_real,original,202000,203000,4919,49.15803412211742,,ok
v2e_vs_real,original,203000,204000,6538,50.45556041383162,,ok
v2e_vs_real,original,204000,205000,5020,48.949290416025384,,ok
v2e_vs_real,original,205000,206000,5297,49.44376627794107,,ok
v2e_vs_real,original,206000,207000,7231,49.160020906326146,,ok
v2e_vs_real,original,207000,208000,5756,48.91041363256902,,ok
v2e_vs_real,original,208000,209000,6098,50.30974222473436,,ok
v2e_vs_real,original,209000,210000,6421,50.23728763556443,,ok
v2e_vs_real,original,210000,211000,9116,49.8166408684779,,ok
v2e_vs_real,original,211000,212000,6962,49.668836450390444,,ok
v2e_vs_real,original,212000,213000,6943,48.70034484208984,,ok
v2e_vs_real,original,213000,214000,7062,49.209967843098596,,ok
v2e_vs_real,original,214000,215000,9558,47.23744641947414,,ok
v2e_vs_real,original,215000,216000,7361,45.81928268026311,,ok
v2e_vs_real,original,216000,217000,7434,45.64930967668025,,ok
v2e_vs_real,original,217000,218000,9972,45.17703924773094,,ok
v2e_vs_real,original,218000,219000,7484,45.52421488728589,,ok
v2e_vs_real,original,219000,220000,7527,44.77011796640912,,ok
v2e_vs_real,original,220000,221000,7303,44.66120490778352,,ok
v2e_vs_real,original,221000,222000,9647,43.96482306180499,,ok
v2e_vs_real,original,222000,223000,7252,43.896032144259735,,ok
v2e_vs_real,original,223000,224000,7171,43.58509245068476,,ok
v2e_vs_real,original,224000,225000,7052,43.110852038356164,,ok
v2e_vs_real,original,225000,226000,9542,42.81620202976011,,ok
v2e_vs_real,original,226000,227000,7037,42.16986049450547,,ok
v2e_vs_real,original,227000,228000,7151,41.65219324896418,,ok
v2e_vs_real,original,228000,229000,9574,41.3987092698751,,ok
v2e_vs_real,original,229000,230000,7177,41.73148678531288,,ok
v2e_vs_real,original,230000,231000,6987,40.6728611426837,,ok
v2e_vs_real,original,231000,232000,6751,42.39546808567065,,ok
v2e_vs_real,original,232000,233000,9566,41.35721208948296,,ok
v2e_vs_real,original,233000,234000,7167,41.19181253122495,,ok
v2e_vs_real,original,234000,235000,6863,39.80863729751898,,ok
v2e_vs_real,original,235000,236000,6746,36.55062194197207,,ok
v2e_vs_real,original,236000,237000,8867,37.050255606706074,,ok
v2e_vs_real,original,237000,238000,6679,35.04409039520854,,ok
v2e_vs_real,original,238000,239000,6761,33.037646379620206,,ok
v2e_vs_real,original,239000,240000,6808,32.23162684548159,,ok
v2e_vs_real,original,240000,241000,9263,31.41331005965763,,ok
v2e_vs_real,original,241000,242000,7037,30.275210575329353,,ok
v2e_vs_real,original,242000,243000,7054,30.29113340324229,,ok
v2e_vs_real,original,243000,244000,9559,29.966253930694883,,ok
v2e_vs_real,original,244000,245000,7321,29.956934704113575,,ok
v2e_vs_real,original,245000,246000,7430,30.4225611454127,,ok
v2e_vs_real,original,246000,247000,7499,29.343600845104916,,ok
v2e_vs_real,original,247000,248000,10097,29.18454138365312,,ok
v2e_vs_real,original,248000,249000,7858,28.02285107630422,,ok
v2e_vs_real,original,249000,250000,7928,26.847395227909406,,ok
v2e_vs_real,original,250000,251000,8045,26.69767637450878,,ok
v2e_vs_real,original,251000,252000,10481,27.01403522772998,,ok
v2e_vs_real,original,252000,253000,7973,27.310070833589183,,ok
v2e_vs_real,original,253000,254000,7919,27.147109312170848,,ok
v2e_vs_real,original,254000,255000,10484,27.722867885519367,,ok
v2e_vs_real,original,255000,256000,7908,28.18776427773803,,ok
v2e_vs_real,original,256000,257000,8003,27.876371459724943,,ok
v2e_vs_real,original,257000,258000,7975,28.066709137011,,ok
v2e_vs_real,original,258000,259000,10813,28.565227869967106,,ok
v2e_vs_real,original,259000,260000,7980,29.061630443282166,,ok
v2e_vs_real,original,260000,261000,8076,29.40280107012965,,ok
v2e_vs_real,original,261000,262000,8010,29.55475823741299,,ok
v2e_vs_real,original,262000,263000,10463,29.204968260300536,,ok
v2e_vs_real,original,263000,264000,7574,28.741830561569856,,ok
v2e_vs_real,original,264000,265000,7590,30.09507709827371,,ok
v2e_vs_real,original,265000,266000,7648,28.4900440539144,,ok
v2e_vs_real,original,266000,267000,11376,26.32190707094428,,ok
v2e_vs_real,original,267000,268000,7619,23.87034704094389,,ok
v2e_vs_real,original,268000,269000,7536,22.60318586124019,,ok
v2e_vs_real,original,269000,270000,7470,20.745325773961753,,ok
v2e_vs_real,original,270000,271000,7397,19.26339904962572,,ok
v2e_vs_real,original,271000,272000,7485,16.942767330962806,,ok
v2e_vs_real,original,272000,273000,10785,14.14579092236272,,ok
v2e_vs_real,original,273000,274000,7985,14.213202504291795,,ok
v2e_vs_real,original,274000,275000,7698,11.51670474517207,,ok
v2e_vs_real,original,275000,276000,7760,11.875033972671766,,ok
v2e_vs_real,original,276000,277000,8516,12.30516593782389,,ok
v2e_vs_real,original,277000,278000,8303,13.09210222764759,,ok
v2e_vs_real,original,278000,279000,11758,14.379939063460851,,ok
v2e_vs_real,original,279000,280000,8250,15.005956687941572,,ok
v2e_vs_real,original,280000,281000,8204,16.502193950909174,,ok
v2e_vs_real,original,281000,282000,8319,17.12818568743951,,ok
v2e_vs_real,original,282000,283000,8691,17.965751119987253,,ok
v2e_vs_real,original,283000,284000,8630,16.66543876515951,,ok
v2e_vs_real,original,284000,285000,8953,17.692384307089306,,ok
v2e_vs_real,original,285000,286000,12591,15.900372208807216,,ok
v2e_vs_real,original,286000,287000,9040,16.747920708500065,,ok
v2e_vs_real,original,287000,288000,8483,15.51542095763744,,ok
v2e_vs_real,original,288000,289000,8579,16.00089102135298,,ok
v2e_vs_real,original,289000,290000,8649,16.412860636832065,,ok
v2e_vs_real,original,290000,291000,8638,16.762166191126315,,ok
v2e_vs_real,original,291000,292000,12863,16.698764722919886,,ok
v2e_vs_real,original,292000,293000,8741,17.443342685419367,,ok
v2e_vs_real,original,293000,294000,8643,17.044724672780163,,ok
v2e_vs_real,original,294000,295000,8594,17.04809061262904,,ok
v2e_vs_real,original,295000,296000,8449,16.80915503093698,,ok
v2e_vs_real,original,296000,297000,8366,16.774138413627426,,ok
v2e_vs_real,original,297000,298000,11608,15.47089629381772,,ok
v2e_vs_real,original,298000,299000,8762,16.64571318323982,,ok
v2e_vs_real,original,299000,300000,8347,17.142526995972368,,ok
v2e_vs_real,original,300000,301000,8338,19.75454823246128,,ok
v2e_vs_real,original,301000,302000,7388,21.400976271773217,,ok
v2e_vs_real,original,302000,303000,7819,24.06446246711809,,ok
v2e_vs_real,original,303000,304000,10330,26.398599826613314,,ok
v2e_vs_real,original,304000,305000,7252,28.786445972703326,,ok
v2e_vs_real,original,305000,306000,7063,30.39652518840824,,ok
v2e_vs_real,original,306000,307000,7079,30.857846016938748,,ok
v2e_vs_real,original,307000,308000,7639,31.791467692890052,,ok
v2e_vs_real,original,308000,309000,7318,32.761821196289034,,ok
v2e_vs_real,original,309000,310000,7510,33.46095220188107,,ok
v2e_vs_real,original,310000,311000,11287,32.062664790646956,,ok
v2e_vs_real,original,311000,312000,7852,34.65200353224996,,ok
v2e_vs_real,original,312000,313000,7778,33.64918858092586,,ok
v2e_vs_real,original,313000,314000,7429,32.83474920851113,,ok
v2e_vs_real,original,314000,315000,8240,34.74341629352825,,ok
v2e_vs_real,original,315000,316000,8037,34.27815187928573,,ok
v2e_vs_real,original,316000,317000,11446,32.69112866889987,,ok
v2e_vs_real,original,317000,318000,8719,35.90670212042632,,ok
v2e_vs_real,original,318000,319000,8011,34.20422891227633,,ok
v2e_vs_real,original,319000,320000,8183,35.81178494889436,,ok
v2e_vs_real,original,320000,321000,7544,33.530339996656906,,ok
v2e_vs_real,original,321000,322000,7682,35.474484668310495,,ok
v2e_vs_real,original,322000,323000,11187,33.31865115460168,,ok
v2e_vs_real,original,323000,324000,8259,36.03926093328908,,ok
v2e_vs_real,original,324000,325000,7757,35.03227866343753,,ok
v2e_vs_real,original,325000,326000,7874,34.869032834465685,,ok
v2e_vs_real,original,326000,327000,7834,35.28843962752817,,ok
v2e_vs_real,original,327000,328000,7949,36.16621401371349,,ok
v2e_vs_real,original,328000,329000,11149,34.159572390634544,,ok
v2e_vs_real,original,329000,330000,8327,36.430856975227776,,ok
v2e_vs_real,original,330000,331000,7182,33.75863006433561,,ok
v2e_vs_real,original,331000,332000,7087,33.332038663393405,,ok
v2e_vs_real,original,332000,333000,7388,31.14746678029336,,ok
v2e_vs_real,original,333000,334000,7169,32.750211846327474,,ok
v2e_vs_real,original,334000,335000,7041,33.0817212212475,,ok
v2e_vs_real,original,335000,336000,10314,33.87321047789843,,ok
v2e_vs_real,original,336000,337000,6803,35.82848868486154,,ok
v2e_vs_real,original,337000,338000,6871,35.50219360398622,,ok
v2e_vs_real,original,338000,339000,6726,37.39676059676416,,ok
v2e_vs_real,original,339000,340000,6781,38.49318462522342,,ok
v2e_vs_real,original,340000,341000,6828,38.54443696901079,,ok
v2e_vs_real,original,341000,342000,10590,37.76619166716876,,ok
v2e_vs_real,original,342000,343000,7569,38.35301669720779,,ok
v2e_vs_real,original,343000,344000,7487,38.02361060628844,,ok
v2e_vs_real,original,344000,345000,7084,36.68369202822486,,ok
v2e_vs_real,original,345000,346000,7289,36.95891324579592,,ok
v2e_vs_real,original,346000,347000,7306,37.337491918890876,,ok
v2e_vs_real,original,347000,348000,11059,35.9175478614495,,ok
v2e_vs_real,original,348000,349000,8156,37.22290509153172,,ok
v2e_vs_real,original,349000,350000,7854,36.301355573365626,,ok
v2e_vs_real,original,350000,351000,7980,36.610145746079986,,ok
v2e_vs_real,original,351000,352000,8114,36.87589871646665,,ok
v2e_vs_real,original,352000,353000,8142,36.227317388799534,,ok
v2e_vs_real,original,353000,354000,11612,35.679023828342444,,ok
v2e_vs_real,original,354000,355000,8658,36.3864163206323,,ok
v2e_vs_real,original,355000,356000,8472,35.67494813290742,,ok
v2e_vs_real,original,356000,357000,8311,35.79456949353763,,ok
v2e_vs_real,original,357000,358000,8384,35.79831245648386,,ok
v2e_vs_real,original,358000,359000,8446,36.135604210845024,,ok
v2e_vs_real,original,359000,360000,8180,35.76120077845641,,ok
v2e_vs_real,original,360000,361000,12033,35.66237389499442,,ok
v2e_vs_real,original,361000,362000,8067,35.88551339003141,,ok
v2e_vs_real,original,362000,363000,7779,36.32396527848168,,ok
v2e_vs_real,original,363000,364000,7677,36.14359735482918,,ok
v2e_vs_real,original,364000,365000,7391,36.596548858579276,,ok
v2e_vs_real,original,365000,366000,7403,35.98926378287248,,ok
v2e_vs_real,original,366000,367000,10917,36.4248914294388,,ok
v2e_vs_real,original,367000,368000,7121,38.578916115577336,,ok
v2e_vs_real,original,368000,369000,7034,39.86906570292809,,ok
v2e_vs_real,original,369000,370000,7048,42.968509895447106,,ok
v2e_vs_real,original,370000,371000,6777,43.744243312240755,,ok
v2e_vs_real,original,371000,372000,6692,43.73592110224674,,ok
v2e_vs_real,original,372000,373000,9666,44.82734665841216,,ok
v2e_vs_real,original,373000,374000,6976,46.496015196020885,,ok
v2e_vs_real,original,374000,375000,7215,46.04977540445358,,ok
v2e_vs_real,original,375000,376000,7098,45.29830740609376,,ok
v2e_vs_real,original,376000,377000,7288,45.29053572188801,,ok
v2e_vs_real,original,377000,378000,6916,43.30358250866033,,ok
v2e_vs_real,original,378000,379000,10699,43.239465719779055,,ok
v2e_vs_real,original,379000,380000,7822,46.715555161182124,,ok
v2e_vs_real,original,380000,381000,7550,45.229383926803685,,ok
v2e_vs_real,original,381000,382000,7534,44.36051672922801,,ok
v2e_vs_real,original,382000,383000,7574,43.88966942441241,,ok
v2e_vs_real,original,383000,384000,7562,44.34829636653576,,ok
v2e_vs_real,original,384000,385000,7426,44.374740319613494,,ok
v2e_vs_real,original,385000,386000,10945,43.887136173408635,,ok
v2e_vs_real,original,386000,387000,7404,45.2577044701369,,ok
v2e_vs_real,original,387000,388000,7228,44.36765452626044,,ok
v2e_vs_real,original,388000,389000,7203,45.18927952582708,,ok
v2e_vs_real,original,389000,390000,7261,45.40684003278975,,ok
v2e_vs_real,original,390000,391000,6943,46.54683915686802,,ok
v2e_vs_real,original,391000,392000,10169,45.549295899946685,,ok
v2e_vs_real,original,392000,393000,6790,46.647013045372034,,ok
v2e_vs_real,original,393000,394000,6682,45.02717588418588,,ok
v2e_vs_real,original,394000,395000,7041,46.11445132409644,,ok
v2e_vs_real,original,395000,396000,6854,43.09943444154784,,ok
v2e_vs_real,original,396000,397000,6664,41.42288860826835,,ok
v2e_vs_real,original,397000,398000,9853,40.14891064445566,,ok
v2e_vs_real,original,398000,399000,7228,39.23777746622421,,ok
v2e_vs_real,original,399000,400000,6237,37.292661760464526,,ok
v2e_vs_real,original,400000,401000,5820,38.825035330776174,,ok
v2e_vs_real,original,401000,402000,8410,40.7390515287319,,ok
v2e_vs_real,original,402000,403000,5304,43.16156896233665,,ok
v2e_vs_real,original,403000,404000,7775,45.49037683058726,,ok
v2e_vs_real,original,404000,405000,5190,48.635896260473146,,ok
v2e_vs_real,original,405000,406000,7567,47.869016284382255,,ok
v2e_vs_real,original,406000,407000,5396,49.155281340899215,,ok
v2e_vs_real,original,407000,408000,7634,49.08909644435014,,ok
v2e_vs_real,original,408000,409000,5378,49.745503531533664,,ok
v2e_vs_real,original,409000,410000,5241,50.66405184547712,,ok
v2e_vs_real,original,410000,411000,7706,50.18629573273574,,ok
v2e_vs_real,original,411000,412000,5423,52.72212594303424,,ok
v2e_vs_real,original,412000,413000,7719,51.521277910655684,,ok
v2e_vs_real,original,413000,414000,5514,52.96908713792662,,ok
v2e_vs_real,original,414000,415000,7680,53.15196778144956,,ok
v2e_vs_real,original,415000,416000,5485,51.70537819992716,,ok
v2e_vs_real,original,416000,417000,5218,51.31102101391636,,ok
v2e_vs_real,original,417000,418000,7975,53.030780667333865,,ok
v2e_vs_real,original,418000,419000,5337,54.54032218165863,,ok
v2e_vs_real,original,419000,420000,7767,54.774297484546736,,ok
v2e_vs_real,original,420000,421000,5389,56.92838528671418,,ok
v2e_vs_real,original,421000,422000,7484,56.83076088313215,,ok
v2e_vs_real,original,422000,423000,5132,59.45331837431551,,ok
v2e_vs_real,original,423000,424000,4935,57.062574126920545,,ok
v2e_vs_real,original,424000,425000,6972,56.547172335630414,,ok
v2e_vs_real,original,425000,426000,4625,57.36305623709862,,ok
v2e_vs_real,original,426000,427000,6626,55.52555692197119,,ok
v2e_vs_real,original,427000,428000,4687,55.453479742204884,,ok
v2e_vs_real,original,428000,429000,6642,51.876089266801245,,ok
v2e_vs_real,original,429000,430000,4722,49.35872498308772,,ok
v2e_vs_real,original,430000,431000,4444,48.053245955098255,,ok
v2e_vs_real,original,431000,432000,6702,45.92867314727209,,ok
v2e_vs_real,original,432000,433000,5056,40.87664324817159,,ok
v2e_vs_real,original,433000,434000,7040,41.42322444394423,,ok
v2e_vs_real,original,434000,435000,4501,44.8261782120564,,ok
v2e_vs_real,original,435000,436000,6583,40.564496597914726,,ok
v2e_vs_real,original,436000,437000,4658,44.63162196164297,,ok
v2e_vs_real,original,437000,438000,4473,44.03085060451949,,ok
v2e_vs_real,original,438000,439000,6916,44.47135383761937,,ok
v2e_vs_real,original,439000,440000,4551,43.8677947916367,,ok
v2e_vs_real,original,440000,441000,6672,43.734010528595576,,ok
v2e_vs_real,original,441000,442000,4664,47.724136141657105,,ok
v2e_vs_real,original,442000,443000,6494,43.02582306682684,,ok
v2e_vs_real,original,443000,444000,4713,48.8254143389057,,ok
v2e_vs_real,original,444000,445000,4505,46.203263557227864,,ok
v2e_vs_real,original,445000,446000,6829,47.898241623538276,,ok
v2e_vs_real,original,446000,447000,4475,46.755098251853475,,ok
v2e_vs_real,original,447000,448000,6784,47.2642256754077,,ok
v2e_vs_real,original,448000,449000,4704,45.25743004066702,,ok
v2e_vs_real,original,449000,450000,6939,41.697706518769714,,ok
v2e_vs_real,original,450000,451000,4963,47.41281254299261,,ok
v2e_vs_real,original,451000,452000,4693,45.00783321543187,,ok
v2e_vs_real,original,452000,453000,6992,46.56124392696379,,ok
v2e_vs_real,original,453000,454000,4712,48.14837103727892,,ok
v2e_vs_real,original,454000,455000,6630,47.2669317290389,,ok
v2e_vs_real,original,455000,456000,4857,51.32005049042496,,ok
v2e_vs_real,original,456000,457000,6565,47.18178118566885,,ok
v2e_vs_real,original,457000,458000,4536,52.00095770653427,,ok
v2e_vs_real,original,458000,459000,4546,49.54990320455457,,ok
v2e_vs_real,original,459000,460000,6907,50.70040386786116,,ok
v2e_vs_real,original,460000,461000,4543,49.67393386041184,,ok
v2e_vs_real,original,461000,462000,6599,48.450449795980134,,ok
v2e_vs_real,original,462000,463000,4891,48.68821858795394,,ok
v2e_vs_real,original,463000,464000,6878,44.04690225876591,,ok
v2e_vs_real,original,464000,465000,4862,45.536800587218096,,ok
v2e_vs_real,original,465000,466000,4802,41.217028531844036,,ok
v2e_vs_real,original,466000,467000,7664,38.07498737243915,,ok
v2e_vs_real,original,467000,468000,5097,39.229065763452034,,ok
v2e_vs_real,original,468000,469000,7824,39.30561864650649,,ok
v2e_vs_real,original,469000,470000,5493,39.624395793324545,,ok
v2e_vs_real,original,470000,471000,7954,39.03042154689743,,ok
v2e_vs_real,original,471000,472000,5587,40.6763534776069,,ok
v2e_vs_real,original,472000,473000,5505,41.336852526694,,ok
v2e_vs_real,original,473000,474000,8351,40.07706923143199,,ok
v2e_vs_real,original,474000,475000,5606,39.206506575524116,,ok
v2e_vs_real,original,475000,476000,8466,40.25951872555307,,ok
v2e_vs_real,original,476000,477000,5821,39.202101488986685,,ok
v2e_vs_real,original,477000,478000,8734,38.87998593689826,,ok
v2e_vs_real,original,478000,479000,5964,39.263622243394884,,ok
v2e_vs_real,original,479000,480000,6144,37.252948679501436,,ok
v2e_vs_real,original,480000,481000,9048,37.18735547742891,,ok
v2e_vs_real,original,481000,482000,6236,36.085179582010156,,ok
v2e_vs_real,original,482000,483000,9757,31.83145566819177,,ok
v2e_vs_real,original,483000,484000,6531,31.71900542678827,,ok
v2e_vs_real,original,484000,485000,9825,30.246597131807263,,ok
v2e_vs_real,original,485000,486000,6816,31.957369670391955,,ok
v2e_vs_real,original,486000,487000,6734,31.838972098562206,,ok
v2e_vs_real,original,487000,488000,10191,30.317513697055215,,ok
v2e_vs_real,original,488000,489000,6846,31.07270303338665,,ok
v2e_vs_real,original,489000,490000,10128,29.261419473435648,,ok
v2e_vs_real,original,490000,491000,7192,31.06977446606639,,ok
v2e_vs_real,original,491000,492000,10270,29.749223893174907,,ok
v2e_vs_real,original,492000,493000,7220,29.089264262165518,,ok
v2e_vs_real,original,493000,494000,6959,30.11632869039332,,ok
v2e_vs_real,original,494000,495000,10388,28.698503335212155,,ok
v2e_vs_real,original,495000,496000,6951,28.608241219189587,,ok
v2e_vs_real,original,496000,497000,10512,26.601530234681373,,ok
v2e_vs_real,original,497000,498000,6766,26.100073817503112,,ok
v2e_vs_real,original,498000,499000,10200,24.134249123169877,,ok
v2e_vs_real,original,499000,500000,6835,22.60250703799,,ok
v2e_vs_real,original,500000,501000,6821,24.252985791646296,,ok
v2e_vs_real,original,501000,502000,10162,23.89353850617714,,ok
v2e_vs_real,original,502000,503000,6714,23.63120137214623,,ok
v2e_vs_real,original,503000,504000,9823,24.603538732087717,,ok
v2e_vs_real,original,504000,505000,6731,22.5934917089088,,ok
v2e_vs_real,original,505000,506000,9778,23.472962368794356,,ok
v2e_vs_real,original,506000,507000,6810,21.3813902802655,,ok
v2e_vs_real,original,507000,508000,9721,22.19626614061802,,ok
v2e_vs_real,original,508000,509000,6889,18.78980617389058,,ok
v2e_vs_real,original,509000,510000,6684,20.81888791713495,,ok
v2e_vs_real,original,510000,511000,10076,19.149676592158475,,ok
v2e_vs_real,original,511000,512000,6895,19.046911615589874,,ok
v2e_vs_real,original,512000,513000,10308,17.744330940077596,,ok
v2e_vs_real,original,513000,514000,7326,14.162461030437624,,ok
v2e_vs_real,original,514000,515000,10889,15.512826799240228,,ok
v2e_vs_real,original,515000,516000,7975,10.993066799376436,,ok
v2e_vs_real,original,516000,517000,7925,10.624925182775545,,ok
v2e_vs_real,original,517000,518000,11936,9.921680259906049,,ok
v2e_vs_real,original,518000,519000,8235,7.3281275012168265,,ok
v2e_vs_real,original,519000,520000,12000,8.658066169935207,,ok
v2e_vs_real,original,520000,521000,8484,9.926498227063702,,ok
v2e_vs_real,original,521000,522000,12059,8.391385244746779,,ok
v2e_vs_real,original,522000,523000,8365,10.707100221779433,,ok
v2e_vs_real,original,523000,524000,8104,10.239512326896456,,ok
v2e_vs_real,original,524000,525000,12138,10.575928838376113,,ok
v2e_vs_real,original,525000,526000,8065,11.460291105614592,,ok
v2e_vs_real,original,526000,527000,11794,11.318637568144725,,ok
v2e_vs_real,original,527000,528000,8053,15.894836400176713,,ok
v2e_vs_real,original,528000,529000,11504,11.659856648668947,,ok
v2e_vs_real,original,529000,530000,8060,15.06420518058276,,ok
v2e_vs_real,original,530000,531000,7871,14.297357909256029,,ok
v2e_vs_real,original,531000,532000,11418,13.369059537695506,,ok
v2e_vs_real,original,532000,533000,9015,11.978084027407418,,ok
v2e_vs_real,original,533000,534000,12549,12.468519548234239,,ok
v2e_vs_real,original,534000,535000,5829,13.711382718050967,,ok
v2e_vs_real,original,535000,536000,10941,14.00780025034957,,ok
v2e_vs_real,original,536000,537000,10538,15.891552854967735,,ok
v2e_vs_real,original,537000,538000,10274,17.468651607872633,,ok
v2e_vs_real,original,538000,539000,5010,18.107949034103,,ok
v2e_vs_real,original,539000,540000,10208,19.578802172275566,,ok
v2e_vs_real,original,540000,541000,10013,19.605552048711626,,ok
v2e_vs_real,original,541000,542000,10098,20.588156393901766,,ok
v2e_vs_real,original,542000,543000,5018,20.774787768258314,,ok
v2e_vs_real,original,543000,544000,10041,22.072281716992556,,ok
v2e_vs_real,original,544000,545000,9985,22.362768576827527,,ok
v2e_vs_real,original,545000,546000,10067,23.78752441785433,,ok
v2e_vs_real,original,546000,547000,5093,24.29149930298616,,ok
v2e_vs_real,original,547000,548000,10128,23.474247116110686,,ok
v2e_vs_real,original,548000,549000,10513,22.994556844419087,,ok
v2e_vs_real,original,549000,550000,10609,23.627390154259395,,ok
v2e_vs_real,original,550000,551000,5346,23.85061397652581,,ok
v2e_vs_real,original,551000,552000,10597,25.7610969084185,,ok
v2e_vs_real,original,552000,553000,10576,26.89732546566258,,ok
v2e_vs_real,original,553000,554000,10360,27.339596436667108,,ok
v2e_vs_real,original,554000,555000,5203,29.39309895090266,,ok
v2e_vs_real,original,555000,556000,10166,29.07972567666807,,ok
v2e_vs_real,original,556000,557000,10052,30.209138945151174,,ok
v2e_vs_real,original,557000,558000,9941,30.98070691601315,,ok
v2e_vs_real,original,558000,559000,4960,32.21564955396034,,ok
v2e_vs_real,original,559000,560000,9703,32.40469046339024,,ok
v2e_vs_real,original,560000,561000,9683,33.2043103348706,,ok
v2e_vs_real,original,561000,562000,4793,34.031900018904786,,ok
v2e_vs_real,original,562000,563000,9478,34.589005629241385,,ok
v2e_vs_real,original,563000,564000,9172,34.26606024959745,,ok
v2e_vs_real,original,564000,565000,8928,34.25416020906914,,ok
v2e_vs_real,original,565000,566000,4602,31.889794383609317,,ok
v2e_vs_real,original,566000,567000,8892,32.17364577642758,,ok
v2e_vs_real,original,567000,568000,8513,33.451703541262866,,ok
v2e_vs_real,original,568000,569000,8424,34.9455436728685,,ok
v2e_vs_real,original,569000,570000,4200,35.961775554930895,,ok
v2e_vs_real,original,570000,571000,8696,35.48560320832738,,ok
v2e_vs_real,original,571000,572000,8745,34.932777893533064,,ok
v2e_vs_real,original,572000,573000,8936,35.32378804729389,,ok
v2e_vs_real,original,573000,574000,4463,36.23776880859023,,ok
v2e_vs_real,original,574000,575000,9063,36.151835859795234,,ok
v2e_vs_real,original,575000,576000,9078,36.40759052904637,,ok
v2e_vs_real,original,576000,577000,9128,36.98166901900269,,ok
v2e_vs_real,original,577000,578000,4629,38.45501239929131,,ok
v2e_vs_real,original,578000,579000,9300,37.77252765844019,,ok
v2e_vs_real,original,579000,580000,9475,37.5809355913708,,ok
v2e_vs_real,original,580000,581000,9426,37.61446743000359,,ok
v2e_vs_real,original,581000,582000,5012,33.87602558026234,,ok
v2e_vs_real,original,582000,583000,9871,34.26625561669508,,ok
v2e_vs_real,original,583000,584000,9759,35.27214710021394,,ok
v2e_vs_real,original,584000,585000,9733,36.25212194703505,,ok
v2e_vs_real,original,585000,586000,4809,37.23559974408323,,ok
v2e_vs_real,original,586000,587000,9634,37.23604567124987,,ok
v2e_vs_real,original,587000,588000,9541,37.536007778444215,,ok
v2e_vs_real,original,588000,589000,4761,38.464871441834404,,ok
v2e_vs_real,original,589000,590000,9311,38.03828873765841,,ok
v2e_vs_real,original,590000,591000,9298,39.26409993271956,,ok
v2e_vs_real,original,591000,592000,9280,40.2210911312647,,ok
v2e_vs_real,original,592000,593000,4661,41.78823431860096,,ok
v2e_vs_real,original,593000,594000,9357,41.26800492977935,,ok
v2e_vs_real,original,594000,595000,9356,41.26577963519913,,ok
v2e_vs_real,original,595000,596000,9108,42.105569294061965,,ok
v2e_vs_real,original,596000,597000,4427,41.56377665633509,,ok
v2e_vs_real,original,597000,598000,8611,42.00897692061405,,ok
v2e_vs_real,original,598000,599000,8764,37.86409114666492,,ok
v2e_vs_real,original,599000,600000,8416,37.39428270492987,,ok
v2e_vs_real,original,600000,601000,4102,38.87649962801342,,ok
v2e_vs_real,original,601000,602000,8180,39.531410073306475,,ok
v2e_vs_real,original,602000,603000,8326,38.98591182090858,,ok
v2e_vs_real,original,603000,604000,8541,38.71428447655767,,ok
v2e_vs_real,original,604000,605000,4409,38.16798629111717,,ok
v2e_vs_real,original,605000,606000,8690,38.61636945773725,,ok
v2e_vs_real,original,606000,607000,8938,38.26935668074459,,ok
v2e_vs_real,original,607000,608000,9019,38.86941823148916,,ok
v2e_vs_real,original,608000,609000,4636,39.11833253521835,,ok
v2e_vs_real,original,609000,610000,9270,39.47030625875829,,ok
v2e_vs_real,original,610000,611000,9419,39.22515640495977,,ok
v2e_vs_real,original,611000,612000,4735,41.36443989503378,,ok
v2e_vs_real,original,612000,613000,9411,40.46432757722045,,ok
v2e_vs_real,original,613000,614000,9541,40.5969557504026,,ok
v2e_vs_real,original,614000,615000,9570,40.841253613865284,,ok
v2e_vs_real,original,615000,616000,4816,40.6321302175046,,ok
v2e_vs_real,original,616000,617000,9726,40.58182147314178,,ok
v2e_vs_real,original,617000,618000,9709,40.4486071782251,,ok
v2e_vs_real,original,618000,619000,9676,40.16260671742015,,ok
v2e_vs_real,original,619000,620000,4787,40.730219093439764,,ok
v2e_vs_real,original,620000,621000,9474,40.17422102764096,,ok
v2e_vs_real,original,621000,622000,9346,40.542103437302764,,ok
v2e_vs_real,original,622000,623000,9300,41.70517450678327,,ok
v2e_vs_real,original,623000,624000,4605,42.29099878481574,,ok
v2e_vs_real,original,624000,625000,9303,42.715737336433506,,ok
v2e_vs_real,original,625000,626000,9103,45.52925615149385,,ok
v2e_vs_real,original,626000,627000,9147,45.85134849304877,,ok
v2e_vs_real,original,627000,628000,4447,47.14133985865147,,ok
v2e_vs_real,original,628000,629000,8754,46.76545377016795,,ok
v2e_vs_real,original,629000,630000,8426,46.5271593425192,,ok
v2e_vs_real,original,630000,631000,8273,46.73922997971212,,ok
v2e_vs_real,original,631000,632000,3964,46.964684389978636,,ok
v2e_vs_real,original,632000,633000,7754,43.84170765335806,,ok
v2e_vs_real,original,633000,634000,7563,47.960922925062384,,ok
v2e_vs_real,original,634000,635000,3741,48.64816837570464,,ok
v2e_vs_real,original,635000,636000,7622,49.264603554751844,,ok
v2e_vs_real,original,636000,637000,7510,50.08524327093486,,ok
v2e_vs_real,original,637000,638000,7511,49.483402114442605,,ok
v2e_vs_real,original,638000,639000,3781,50.39604159933858,,ok
v2e_vs_real,original,639000,640000,7416,50.247150287466496,,ok
v2e_vs_real,original,640000,641000,7617,50.67071421909914,,ok
v2e_vs_real,original,641000,642000,7581,51.83590316461028,,ok
v2e_vs_real,original,642000,643000,3852,54.3225090346545,,ok
v2e_vs_real,original,643000,644000,7712,53.415565367453986,,ok
v2e_vs_real,original,644000,645000,7752,54.37752452585006,,ok
v2e_vs_real,original,645000,646000,7835,54.80254059890068,,ok
v2e_vs_real,original,646000,647000,3861,54.649187900452354,,ok
v2e_vs_real,original,647000,648000,7824,55.39518431935424,,ok
v2e_vs_real,original,648000,649000,8367,51.45075985424129,,ok
v2e_vs_real,original,649000,650000,8218,51.62284982569683,,ok
v2e_vs_real,original,650000,651000,4047,51.304194889294834,,ok
v2e_vs_real,original,651000,652000,8034,52.00317885304402,,ok
v2e_vs_real,original,652000,653000,7763,52.98042431996577,,ok
v2e_vs_real,original,653000,654000,7732,52.33403707845942,,ok
v2e_vs_real,original,654000,655000,3794,53.55061012981555,,ok
v2e_vs_real,original,655000,656000,7565,54.19335177577376,,ok
v2e_vs_real,original,656000,657000,7462,53.87159647393495,,ok
v2e_vs_real,original,657000,658000,3664,54.04900284528058,,ok
v2e_vs_real,original,658000,659000,7333,54.14522176054201,,ok
v2e_vs_real,original,659000,660000,7282,54.32247484644552,,ok
v2e_vs_real,original,660000,661000,7135,54.30766958608495,,ok
v2e_vs_real,original,661000,662000,3614,54.83352946056426,,ok
v2e_vs_real,original,662000,663000,7122,53.79974140790571,,ok
v2e_vs_real,original,663000,664000,7172,51.77716977441975,,ok
v2e_vs_real,original,664000,665000,6948,50.798577526033434,,ok
v2e_vs_real,original,665000,666000,3400,46.34661854037581,,ok
v2e_vs_real,original,666000,667000,6470,46.29884665844299,,ok
v2e_vs_real,original,667000,668000,4452,50.495277167437095,,ok
v2e_vs_real,original,668000,669000,4075,52.60186844321287,,ok
v2e_vs_real,original,669000,670000,4146,54.21507445320331,,ok
v2e_vs_real,original,670000,671000,3913,56.562312474965296,,ok
v2e_vs_real,original,671000,672000,3978,56.42700689893099,,ok
v2e_vs_real,original,672000,673000,3900,56.47318720463035,,ok
v2e_vs_real,original,673000,674000,5460,53.43356223644158,,ok
v2e_vs_real,original,674000,675000,4188,52.82718457091055,,ok
v2e_vs_real,original,675000,676000,4057,54.02842829948212,,ok
v2e_vs_real,original,676000,677000,4185,55.038954235720574,,ok
v2e_vs_real,original,677000,678000,4256,52.3579746246425,,ok
v2e_vs_real,original,678000,679000,5883,51.676125127578544,,ok
v2e_vs_real,original,679000,680000,4287,53.484720811022136,,ok
v2e_vs_real,original,680000,681000,4317,52.70243635558937,,ok
v2e_vs_real,original,681000,682000,4346,52.6868432189445,,ok
v2e_vs_real,original,682000,683000,4726,47.07460630058651,,ok
v2e_vs_real,original,683000,684000,6205,47.728554288536515,,ok
v2e_vs_real,original,684000,685000,4662,47.6481832308752,,ok
v2e_vs_real,original,685000,686000,4595,49.18962864487132,,ok
v2e_vs_real,original,686000,687000,4648,49.92206591167001,,ok
v2e_vs_real,original,687000,688000,4605,50.58282919922223,,ok
v2e_vs_real,original,688000,689000,4565,51.197670561036304,,ok
v2e_vs_real,original,689000,690000,6022,50.68059814592012,,ok
v2e_vs_real,original,690000,691000,4746,49.08013062642413,,ok
v2e_vs_real,original,691000,692000,4632,50.83612340987595,,ok
v2e_vs_real,original,692000,693000,4553,51.017398291165065,,ok
v2e_vs_real,original,693000,694000,4597,50.760410673976445,,ok
v2e_vs_real,original,694000,695000,6181,49.231473826437,,ok
v2e_vs_real,original,695000,696000,4662,49.349448114051036,,ok
v2e_vs_real,original,696000,697000,4696,49.46874192910893,,ok
v2e_vs_real,original,697000,698000,4764,48.864821539446694,,ok
v2e_vs_real,original,698000,699000,4668,49.252108647581466,,ok
v2e_vs_real,original,699000,700000,5440,45.040642669132815,,ok
v2e_vs_real,original,700000,701000,6702,47.55560197531615,,ok
v2e_vs_real,original,701000,702000,4823,48.52516702882978,,ok
v2e_vs_real,original,702000,703000,4752,49.74654797848922,,ok
v2e_vs_real,original,703000,704000,4712,49.78918001131319,,ok
v2e_vs_real,original,704000,705000,4813,49.332443296092016,,ok
v2e_vs_real,original,705000,706000,6806,49.155345229595696,,ok
v2e_vs_real,original,706000,707000,5331,48.25313421324018,,ok
v2e_vs_real,original,707000,708000,5597,49.07701462638004,,ok
v2e_vs_real,original,708000,709000,5957,49.688890759310446,,ok
v2e_vs_real,original,709000,710000,6377,48.589283796380954,,ok
v2e_vs_real,original,710000,711000,8778,48.47803037469893,,ok
v2e_vs_real,original,711000,712000,6793,47.50983345069852,,ok
v2e_vs_real,original,712000,713000,6915,47.98291334000643,,ok
v2e_vs_real,original,713000,714000,7000,47.245358389480394,,ok
v2e_vs_real,original,714000,715000,7140,46.10450026969827,,ok
v2e_vs_real,original,715000,716000,7212,44.9774365192995,,ok
v2e_vs_real,original,716000,717000,9725,44.137738847718126,,ok
v2e_vs_real,original,717000,718000,7509,44.06102462586536,,ok
v2e_vs_real,original,718000,719000,7469,43.83951528990688,,ok
v2e_vs_real,original,719000,720000,7491,44.044726184830616,,ok
v2e_vs_real,original,720000,721000,7574,43.575041970713045,,ok
v2e_vs_real,original,721000,722000,7377,43.140032460305996,,ok
v2e_vs_real,original,722000,723000,9691,43.0349708956596,,ok
v2e_vs_real,original,723000,724000,7277,43.401007225184635,,ok
v2e_vs_real,original,724000,725000,7249,43.29405313917945,,ok
v2e_vs_real,original,725000,726000,7197,41.90167171405056,,ok
v2e_vs_real,original,726000,727000,7130,43.14239471274214,,ok
v2e_vs_real,original,727000,728000,9640,41.8015142841987,,ok
v2e_vs_real,original,728000,729000,7318,39.89671835995969,,ok
v2e_vs_real,original,729000,730000,7233,41.098088759999605,,ok
v2e_vs_real,original,730000,731000,7079,40.606736093109866,,ok
v2e_vs_real,original,731000,732000,6800,41.77664428356143,,ok
v2e_vs_real,original,732000,733000,7219,40.1393426037168,,ok
v2e_vs_real,original,733000,734000,9239,39.30523531596219,,ok
v2e_vs_real,original,734000,735000,6844,37.4513413590031,,ok
v2e_vs_real,original,735000,736000,6615,36.60396139535237,,ok
v2e_vs_real,original,736000,737000,6611,34.53995082073408,,ok
v2e_vs_real,original,737000,738000,6586,34.238478299653444,,ok
v2e_vs_real,original,738000,739000,8769,32.759923436258745,,ok
v2e_vs_real,original,739000,740000,6774,31.04793689989751,,ok
v2e_vs_real,original,740000,741000,6804,30.664192403376052,,ok
v2e_vs_real,original,741000,742000,6910,31.338845387763055,,ok
v2e_vs_real,original,742000,743000,6971,29.68236471266065,,ok
v2e_vs_real,original,743000,744000,6977,31.21669805997723,,ok
v2e_vs_real,original,744000,745000,9365,30.71394327662468,,ok
v2e_vs_real,original,745000,746000,7216,30.11727686804601,,ok
v2e_vs_real,original,746000,747000,7323,29.556766231687586,,ok
v2e_vs_real,original,747000,748000,7476,29.791547818220373,,ok
v2e_vs_real,original,748000,749000,7626,29.089203769673567,,ok
v2e_vs_real,original,749000,750000,10214,28.63327450725318,,ok
v2e_vs_real,original,750000,751000,7798,28.019483863993216,,ok
v2e_vs_real,original,751000,752000,7724,28.111267499496638,,ok
v2e_vs_real,original,752000,753000,7716,28.241899314115965,,ok
v2e_vs_real,original,753000,754000,7746,28.55892130539116,,ok
v2e_vs_real,original,754000,755000,7696,28.231932249960128,,ok
v2e_vs_real,original,755000,756000,10350,28.969281875062318,,ok
v2e_vs_real,original,756000,757000,7767,28.196184732353178,,ok
v2e_vs_real,original,757000,758000,7968,28.58914372174172,,ok
v2e_vs_real,original,758000,759000,7904,29.53063345458887,,ok
v2e_vs_real,original,759000,760000,7907,29.423681450373998,,ok
v2e_vs_real,original,760000,761000,10390,30.767620034103956,,ok
v2e_vs_real,original,761000,762000,7840,29.79985772512739,,ok
v2e_vs_real,original,762000,763000,7805,29.697100629752818,,ok
v2e_vs_real,original,763000,764000,7617,29.957834552127608,,ok
v2e_vs_real,original,764000,765000,7491,29.341156295749673,,ok
v2e_vs_real,original,765000,766000,7487,30.570938999503095,,ok
v2e_vs_real,original,766000,767000,10524,28.548379052753642,,ok
v2e_vs_real,original,767000,768000,7635,25.71890981995812,,ok
v2e_vs_real,original,768000,769000,7659,24.481703523086832,,ok
v2e_vs_real,original,769000,770000,7604,22.192483995202615,,ok
v2e_vs_real,original,770000,771000,7518,20.749633404729664,,ok
v2e_vs_real,original,771000,772000,7505,18.114729367265884,,ok
v2e_vs_real,original,772000,773000,10071,14.955561088721531,,ok
v2e_vs_real,original,773000,774000,7682,13.23586719040419,,ok
v2e_vs_real,original,774000,775000,7626,11.212372714607978,,ok
v2e_vs_real,original,775000,776000,7745,11.908484250988515,,ok
v2e_vs_real,original,776000,777000,7729,11.575431866097388,,ok
v2e_vs_real,original,777000,778000,10576,13.205539701708156,,ok
v2e_vs_real,original,778000,779000,8065,14.735024871895588,,ok
v2e_vs_real,original,779000,780000,8188,15.640169642947964,,ok
v2e_vs_real,original,780000,781000,8226,16.727123494027648,,ok
v2e_vs_real,original,781000,782000,8258,16.97513169272374,,ok
v2e_vs_real,original,782000,783000,8406,16.18297544436077,,ok
v2e_vs_real,original,783000,784000,11431,16.262346805847855,,ok
v2e_vs_real,original,784000,785000,8699,16.104256271676906,,ok
v2e_vs_real,original,785000,786000,8740,15.130349549033276,,ok
v2e_vs_real,original,786000,787000,8791,15.953048287390493,,ok
v2e_vs_real,original,787000,788000,8630,15.467084910077975,,ok
v2e_vs_real,original,788000,789000,11524,15.306051346341508,,ok
v2e_vs_real,original,789000,790000,8722,16.55220407038191,,ok
v2e_vs_real,original,790000,791000,8589,16.178858691347628,,ok
v2e_vs_real,original,791000,792000,8521,16.182897534581112,,ok
v2e_vs_real,original,792000,793000,8661,16.834363704468924,,ok
v2e_vs_real,original,793000,794000,8465,16.36935399519833,,ok
v2e_vs_real,original,794000,795000,11296,16.1680040419627,,ok
v2e_vs_real,original,795000,796000,8396,16.209208067691286,,ok
v2e_vs_real,original,796000,797000,8342,16.070818292455595,,ok
v2e_vs_real,original,797000,798000,8298,15.90434305853085,,ok
v2e_vs_real,original,798000,799000,8175,15.791066470759338,,ok
v2e_vs_real,original,799000,800000,9772,16.786637120109575,,ok
v2e_vs_real,original,800000,801000,9768,18.71387734464069,,ok
v2e_vs_real,original,801000,802000,6462,19.177128567202622,,ok
v2e_vs_real,original,802000,803000,9133,21.377478178143384,,ok
v2e_vs_real,original,803000,804000,5979,23.856389155898615,,ok
v2e_vs_real,original,804000,805000,9038,25.44581974709759,,ok
v2e_vs_real,original,805000,806000,8853,27.557295635740683,,ok
v2e_vs_real,original,806000,807000,6099,28.802425281954594,,ok
v2e_vs_real,original,807000,808000,8803,29.808058061938873,,ok
v2e_vs_real,original,808000,809000,5943,30.76909602325695,,ok
v2e_vs_real,original,809000,810000,8771,30.21913261532027,,ok
v2e_vs_real,original,810000,811000,5924,30.73787047084639,,ok
v2e_vs_real,original,811000,812000,9103,31.244859796476252,,ok
v2e_vs_real,original,812000,813000,8947,31.93498884917557,,ok
v2e_vs_real,original,813000,814000,6217,33.20814845446575,,ok
v2e_vs_real,original,814000,815000,9277,32.303218895083944,,ok
v2e_vs_real,original,815000,816000,6335,33.19196698213866,,ok
v2e_vs_real,original,816000,817000,9522,33.1621479975657,,ok
v2e_vs_real,original,817000,818000,9469,32.96214244202139,,ok
v2e_vs_real,original,818000,819000,6535,33.60338092698701,,ok
v2e_vs_real,original,819000,820000,9459,33.577597420029555,,ok
v2e_vs_real,original,820000,821000,6655,35.03318086118172,,ok
v2e_vs_real,original,821000,822000,9614,33.58717132906674,,ok
v2e_vs_real,original,822000,823000,6395,33.88426925126432,,ok
v2e_vs_real,original,823000,824000,9563,33.7898763259465,,ok
v2e_vs_real,original,824000,825000,9383,34.37932429101784,,ok
v2e_vs_real,original,825000,826000,6413,34.634360108956464,,ok
v2e_vs_real,original,826000,827000,9325,34.599477510023185,,ok
v2e_vs_real,original,827000,828000,6162,34.90437210830632,,ok
v2e_vs_real,original,828000,829000,9006,33.86520085573412,,ok
v2e_vs_real,original,829000,830000,8824,33.74956624500042,,ok
v2e_vs_real,original,830000,831000,5883,33.911220661252074,,ok
v2e_vs_real,original,831000,832000,8599,32.53888706939596,,ok
v2e_vs_real,original,832000,833000,6278,31.414818787043696,,ok
v2e_vs_real,original,833000,834000,8827,33.27797132985245,,ok
v2e_vs_real,original,834000,835000,5878,34.294589687646194,,ok
v2e_vs_real,original,835000,836000,8521,34.816424369462865,,ok
v2e_vs_real,original,836000,837000,8327,35.08475981622319,,ok
v2e_vs_real,original,837000,838000,5481,36.68627290784802,,ok
v2e_vs_real,original,838000,839000,8283,36.75482633874388,,ok
v2e_vs_real,original,839000,840000,5567,37.66144250514034,,ok
v2e_vs_real,original,840000,841000,8298,36.95238967058559,,ok
v2e_vs_real,original,841000,842000,5598,36.9533028892458,,ok
v2e_vs_real,original,842000,843000,8403,37.252425086373094,,ok
v2e_vs_real,original,843000,844000,8563,36.70886952619277,,ok
v2e_vs_real,original,844000,845000,5944,36.46952295810881,,ok
v2e_vs_real,original,845000,846000,8750,36.99874964352251,,ok
v2e_vs_real,original,846000,847000,5898,37.10699082275322,,ok
v2e_vs_real,original,847000,848000,8979,36.85789946322261,,ok
v2e_vs_real,original,848000,849000,9104,36.845860835919794,,ok
v2e_vs_real,original,849000,850000,6237,36.374070714678105,,ok
v2e_vs_real,original,850000,851000,9464,36.02908320254665,,ok
v2e_vs_real,original,851000,852000,6452,36.58806664772574,,ok
v2e_vs_real,original,852000,853000,9617,35.32798037211145,,ok
v2e_vs_real,original,853000,854000,6505,34.92654579191752,,ok
v2e_vs_real,original,854000,855000,9955,34.851283844094084,,ok
v2e_vs_real,original,855000,856000,9947,34.30768459490069,,ok
v2e_vs_real,original,856000,857000,6931,34.79414050273832,,ok
v2e_vs_real,original,857000,858000,10009,34.397030205964576,,ok
v2e_vs_real,original,858000,859000,6866,34.544015850426234,,ok
v2e_vs_real,original,859000,860000,9877,34.85161732349325,,ok
v2e_vs_real,original,860000,861000,6522,35.24517828236134,,ok
v2e_vs_real,original,861000,862000,9580,35.094846386394096,,ok
v2e_vs_real,original,862000,863000,9184,35.25092355943098,,ok
v2e_vs_real,original,863000,864000,6151,35.799241148465,,ok
v2e_vs_real,original,864000,865000,8715,35.49077474489461,,ok
v2e_vs_real,original,865000,866000,6025,34.82340444112325,,ok
v2e_vs_real,original,866000,867000,8796,35.50423494964026,,ok
v2e_vs_real,original,867000,868000,8502,37.43274339769736,,ok
v2e_vs_real,original,868000,869000,5440,39.199591205546945,,ok
v2e_vs_real,original,869000,870000,7982,40.64459497463052,,ok
v2e_vs_real,original,870000,871000,5348,42.50245378615124,,ok
v2e_vs_real,original,871000,872000,7961,42.88025928308584,,ok
v2e_vs_real,original,872000,873000,5290,43.5898196479214,,ok
v2e_vs_real,original,873000,874000,8024,43.99496226967812,,ok
v2e_vs_real,original,874000,875000,8036,44.07739638608535,,ok
v2e_vs_real,original,875000,876000,5634,44.98286133648943,,ok
v2e_vs_real,original,876000,877000,8353,43.047320562468535,,ok
v2e_vs_real,original,877000,878000,5725,42.35920057978253,,ok
v2e_vs_real,original,878000,879000,8516,42.091428283176484,,ok
v2e_vs_real,original,879000,880000,5734,42.52897292364009,,ok
v2e_vs_real,original,880000,881000,8644,42.07247639045807,,ok
v2e_vs_real,original,881000,882000,8833,41.32799177979655,,ok
v2e_vs_real,original,882000,883000,6012,40.83582728106496,,ok
v2e_vs_real,original,883000,884000,8969,41.53415506352554,,ok
v2e_vs_real,original,884000,885000,5989,40.88454332204351,,ok
v2e_vs_real,original,885000,886000,8755,41.390479781836255,,ok
v2e_vs_real,original,886000,887000,8763,41.70372961380045,,ok
v2e_vs_real,original,887000,888000,6006,42.289683556517154,,ok
v2e_vs_real,original,888000,889000,8693,41.85359968735936,,ok
v2e_vs_real,original,889000,890000,6124,43.23925914667377,,ok
v2e_vs_real,original,890000,891000,8928,43.05211984011418,,ok
v2e_vs_real,original,891000,892000,5783,42.96059328197685,,ok
v2e_vs_real,original,892000,893000,8607,43.06862559177509,,ok
v2e_vs_real,original,893000,894000,8316,42.42334711035177,,ok
v2e_vs_real,original,894000,895000,5618,42.608584179559614,,ok
v2e_vs_real,original,895000,896000,8250,41.70193340000247,,ok
v2e_vs_real,original,896000,897000,5659,41.082337469980175,,ok
v2e_vs_real,original,897000,898000,8248,40.279280173004366,,ok
v2e_vs_real,original,898000,899000,8238,38.58833659952228,,ok
v2e_vs_real,original,899000,900000,5725,37.13176667072442,,ok
v2e_vs_real,original,900000,901000,8112,39.228004314261014,,ok
v2e_vs_real,original,901000,902000,5377,41.37123833377608,,ok
v2e_vs_real,original,902000,903000,8050,43.8292107006222,,ok
v2e_vs_real,original,903000,904000,5330,45.37116749187395,,ok
v2e_vs_real,original,904000,905000,7879,45.75358570850722,,ok
v2e_vs_real,original,905000,906000,7707,47.00465574056727,,ok
v2e_vs_real,original,906000,907000,5368,50.30533261982962,,ok
v2e_vs_real,original,907000,908000,7668,49.44582370802345,,ok
v2e_vs_real,original,908000,909000,5356,52.657639954798675,,ok
v2e_vs_real,original,909000,910000,7660,53.26250374038426,,ok
v2e_vs_real,original,910000,911000,5200,53.03588901293333,,ok
v2e_vs_real,original,911000,912000,7727,53.32976814979655,,ok
v2e_vs_real,original,912000,913000,7423,52.928330086654746,,ok
v2e_vs_real,original,913000,914000,5017,54.867840219826924,,ok
v2e_vs_real,original,914000,915000,7407,53.71604201513877,,ok
v2e_vs_real,original,915000,916000,5438,51.07020387095206,,ok
v2e_vs_real,original,916000,917000,7886,52.64333676931608,,ok
v2e_vs_real,original,917000,918000,7616,52.34543876052319,,ok
v2e_vs_real,original,918000,919000,5089,54.79949700504292,,ok
v2e_vs_real,original,919000,920000,7696,54.64314649768276,,ok
v2e_vs_real,original,920000,921000,4981,55.522844139856225,,ok
v2e_vs_real,original,921000,922000,7407,56.41819960969167,,ok
v2e_vs_real,original,922000,923000,4969,56.40573263956089,,ok
v2e_vs_real,original,923000,924000,7197,56.827702136043435,,ok
v2e_vs_real,original,924000,925000,6941,55.925969591842424,,ok
v2e_vs_real,original,925000,926000,4551,57.44595045872414,,ok
v2e_vs_real,original,926000,927000,6638,54.5117790864314,,ok
v2e_vs_real,original,927000,928000,4470,57.35229195944124,,ok
v2e_vs_real,original,928000,929000,6230,52.47551174873525,,ok
v2e_vs_real,original,929000,930000,4246,49.7271752946474,,ok
v2e_vs_real,original,930000,931000,6320,48.78238741260441,,ok
v2e_vs_real,original,931000,932000,5906,46.22999719007178,,ok
v2e_vs_real,original,932000,933000,5681,41.0687766472138,,ok
v2e_vs_real,original,933000,934000,6953,47.24133008741832,,ok
v2e_vs_real,original,934000,935000,6399,47.65774125272075,,ok
v2e_vs_real,original,935000,936000,3056,48.91062970607563,,ok
v2e_vs_real,original,936000,937000,5978,48.76332152348484,,ok
v2e_vs_real,original,937000,938000,5900,48.46297304686843,,ok
v2e_vs_real,original,938000,939000,5634,49.60107147224861,,ok
v2e_vs_real,original,939000,940000,5631,48.82823278944908,,ok
v2e_vs_real,original,940000,941000,2870,48.17032424270712,,ok
v2e_vs_real,original,941000,942000,5633,48.28881327869081,,ok
v2e_vs_real,original,942000,943000,5582,48.417885609757526,,ok
v2e_vs_real,original,943000,944000,5448,47.915424849882605,,ok
v2e_vs_real,original,944000,945000,5461,48.43854710331356,,ok
v2e_vs_real,original,945000,946000,2601,50.611066932801315,,ok
v2e_vs_real,original,946000,947000,5515,49.530429190326835,,ok
v2e_vs_real,original,947000,948000,5335,49.86038498949556,,ok
v2e_vs_real,original,948000,949000,5484,47.61635101700679,,ok
v2e_vs_real,original,949000,950000,5408,47.93358760579555,,ok
v2e_vs_real,original,950000,951000,2725,49.88246688961001,,ok
v2e_vs_real,original,951000,952000,5458,49.24366035514332,,ok
v2e_vs_real,original,952000,953000,5289,51.82327259814291,,ok
v2e_vs_real,original,953000,954000,5248,52.72190956200265,,ok
v2e_vs_real,original,954000,955000,5268,53.20200465599848,,ok
v2e_vs_real,original,955000,956000,2586,55.04793694561898,,ok
v2e_vs_real,original,956000,957000,5173,53.500206332561405,,ok
v2e_vs_real,original,957000,958000,5118,54.58218687936416,,ok
v2e_vs_real,original,958000,959000,5067,54.493476555455395,,ok
v2e_vs_real,original,959000,960000,5067,53.303388921914525,,ok
v2e_vs_real,original,960000,961000,2627,54.07346605117052,,ok
v2e_vs_real,original,961000,962000,5207,53.61271875570203,,ok
v2e_vs_real,original,962000,963000,5229,50.05997204734688,,ok
v2e_vs_real,original,963000,964000,5292,47.45544090289372,,ok
v2e_vs_real,original,964000,965000,5164,43.837988962059484,,ok
v2e_vs_real,original,965000,966000,3164,38.66371933598502,,ok
v2e_vs_real,original,966000,967000,6241,37.5059899924647,,ok
v2e_vs_real,original,967000,968000,6382,38.434599575394714,,ok
v2e_vs_real,original,968000,969000,6671,39.83809429834211,,ok
v2e_vs_real,original,969000,970000,6733,40.962955239013176,,ok
v2e_vs_real,original,970000,971000,3544,41.882115352580676,,ok
v2e_vs_real,original,971000,972000,7029,42.3511343293596,,ok
v2e_vs_real,original,972000,973000,7061,41.53453781849041,,ok
v2e_vs_real,original,973000,974000,7051,41.717930282705616,,ok
v2e_vs_real,original,974000,975000,7221,42.13626993994552,,ok
v2e_vs_real,original,975000,976000,3627,41.34768772099012,,ok
v2e_vs_real,original,976000,977000,7441,42.25548221684395,,ok
v2e_vs_real,original,977000,978000,7544,41.96346651915634,,ok
v2e_vs_real,original,978000,979000,7575,42.21240000174456,,ok
v2e_vs_real,original,979000,980000,7742,41.94070987420693,,ok
v2e_vs_real,original,980000,981000,3838,42.88291677716744,,ok
v2e_vs_real,original,981000,982000,8004,38.23914557484549,,ok
v2e_vs_real,original,982000,983000,8261,35.13927045466188,,ok
v2e_vs_real,original,983000,984000,8252,36.42620850350344,,ok
v2e_vs_real,original,984000,985000,8132,38.312820713476825,,ok
v2e_vs_real,original,985000,986000,4069,39.13863191991485,,ok
v2e_vs_real,original,986000,987000,8146,40.74646824024745,,ok
v2e_vs_real,original,987000,988000,8206,41.35695127316448,,ok
v2e_vs_real,original,988000,989000,8191,41.692975899659054,,ok
v2e_vs_real,original,989000,990000,8149,42.84500098271516,,ok
v2e_vs_real,original,990000,991000,4128,44.140078710975104,,ok
v2e_vs_real,original,991000,992000,8289,42.97228138086019,,ok
v2e_vs_real,original,992000,993000,8400,42.6971266864838,,ok
v2e_vs_real,original,993000,994000,8244,43.20915046611419,,ok
v2e_vs_real,original,994000,995000,8208,42.14595392288103,,ok
v2e_vs_real,original,995000,996000,4179,41.85992366330714,,ok
v2e_vs_real,original,996000,997000,8270,38.60307721985673,,ok
v2e_vs_real,original,997000,998000,8203,38.56703965298938,,ok
v2e_vs_real,original,998000,999000,8417,31.21075486485846,,ok
v2e_vs_real,original,999000,1000000,8743,28.384072024798332,,ok
v2e_vs_real,original,1000000,1001000,4262,29.853423808997185,,ok
v2e_vs_real,original,1001000,1002000,8632,30.7944961982692,,ok
v2e_vs_real,original,1002000,1003000,8466,32.872156961052546,,ok
v2e_vs_real,original,1003000,1004000,8467,33.273597438517214,,ok
v2e_vs_real,original,1004000,1005000,8383,34.60324777262438,,ok
v2e_vs_real,original,1005000,1006000,4230,34.94721176455146,,ok
v2e_vs_real,original,1006000,1007000,8405,35.295073889066785,,ok
v2e_vs_real,original,1007000,1008000,8500,35.273708400382404,,ok
v2e_vs_real,original,1008000,1009000,8360,36.59490164504663,,ok
v2e_vs_real,original,1009000,1010000,8727,34.824028687715014,,ok
v2e_vs_real,original,1010000,1011000,4400,34.288707837336005,,ok
v2e_vs_real,original,1011000,1012000,8733,32.767118756308825,,ok
v2e_vs_real,original,1012000,1013000,8979,29.90368788918417,,ok
v2e_vs_real,original,1013000,1014000,9076,27.243527853869523,,ok
v2e_vs_real,original,1014000,1015000,9780,23.99989373172633,,ok
