comparison_set,variant,window_start,window_end,n_events,kernel_index,rbf_kernel_max_distance,rbf_kernel_target_similarity,weight_method,weight,mmd,mmd_squared,status
real_vs_real,original,16000,17000,1393,0,3,0.5,uniform,1.0,0.037518961227832805,0.0014076724516156212,ok
real_vs_real,original,17000,18000,1380,0,3,0.5,uniform,1.0,0.03834103679497166,0.0014700351025133708,ok
real_vs_real,original,18000,19000,1391,0,3,0.5,uniform,1.0,0.03881358694585078,0.001506494531603118,ok
real_vs_real,original,19000,20000,1441,0,3,0.5,uniform,1.0,0.03929728802124313,0.0015442768458245387,ok
real_vs_real,original,20000,21000,1400,0,3,0.5,uniform,1.0,0.040313187455142736,0.0016251530827934776,ok
real_vs_real,original,21000,22000,1484,0,3,0.5,uniform,1.0,0.041503086465414105,0.0017225061861556395,ok
real_vs_real,original,22000,23000,1420,0,3,0.5,uniform,1.0,0.042594476547331166,0.0018142894323411446,ok
real_vs_real,original,23000,24000,1464,0,3,0.5,uniform,1.0,0.043615413775131465,0.0019023043187759276,ok
real_vs_real,original,24000,25000,1422,0,3,0.5,uniform,1.0,0.04565308094657523,0.00208420379991455,ok
real_vs_real,original,25000,26000,1437,0,3,0.5,uniform,1.0,0.04810829468168803,0.0023144080171801328,ok
real_vs_real,original,26000,27000,1461,0,3,0.5,uniform,1.0,0.049554158933614686,0.002455614667617944,ok
real_vs_real,original,27000,28000,1464,0,3,0.5,uniform,1.0,0.05051347598333477,0.0025516112559189385,ok
real_vs_real,original,28000,29000,1395,0,3,0.5,uniform,1.0,0.05083532788912638,0.002584230561594991,ok
real_vs_real,original,29000,30000,1535,0,3,0.5,uniform,1.0,0.05157024111734136,0.0026594897689007253,ok
real_vs_real,original,30000,31000,1471,0,3,0.5,uniform,1.0,0.05249172623732029,0.0027553813233737795,ok
real_vs_real,original,31000,32000,1518,0,3,0.5,uniform,1.0,0.05320582730161204,0.002830860058848965,ok
real_vs_real,original,32000,33000,1454,0,3,0.5,uniform,1.0,0.055197403328685155,0.0030467533342295426,ok
real_vs_real,original,33000,34000,1454,0,3,0.5,uniform,1.0,0.05568939903551914,0.0031013091649372796,ok
real_vs_real,original,34000,35000,1436,0,3,0.5,uniform,1.0,0.05713603245814205,0.003264526205057862,ok
real_vs_real,original,35000,36000,1491,0,3,0.5,uniform,1.0,0.05630430240923375,0.0031701744697904453,ok
real_vs_real,original,36000,37000,1450,0,3,0.5,uniform,1.0,0.05684252353243209,0.0032310724815350963,ok
real_vs_real,original,37000,38000,1525,0,3,0.5,uniform,1.0,0.057194398893242925,0.0032711992647593874,ok
real_vs_real,original,38000,39000,1480,0,3,0.5,uniform,1.0,0.0573736878186916,0.0032917400539166806,ok
real_vs_real,original,39000,40000,1500,0,3,0.5,uniform,1.0,0.058588389922142686,0.0034325994336690305,ok
real_vs_real,original,40000,41000,1460,0,3,0.5,uniform,1.0,0.05857144553913892,0.0034306142325443165,ok
real_vs_real,original,41000,42000,1410,0,3,0.5,uniform,1.0,0.05875116735936166,0.003451699666087723,ok
real_vs_real,original,42000,43000,1495,0,3,0.5,uniform,1.0,0.05924787069846904,0.0035103101823025064,ok
real_vs_real,original,43000,44000,1441,0,3,0.5,uniform,1.0,0.060639532710840535,0.0036771529273890995,ok
real_vs_real,original,44000,45000,1482,0,3,0.5,uniform,1.0,0.05911881891313707,0.003495034749684293,ok
real_vs_real,original,45000,46000,1530,0,3,0.5,uniform,1.0,0.058318290761379246,0.003401023037328772,ok
real_vs_real,original,46000,47000,1479,0,3,0.5,uniform,1.0,0.06049113280303095,0.0036591771477939273,ok
real_vs_real,original,47000,48000,1498,0,3,0.5,uniform,1.0,0.05973700165656249,0.00356850936691615,ok
real_vs_real,original,48000,49000,1482,0,3,0.5,uniform,1.0,0.05907524892461541,0.003489885035505274,ok
real_vs_real,original,49000,50000,1498,0,3,0.5,uniform,1.0,0.060680821786629556,0.003682162132700696,ok
real_vs_real,original,50000,51000,1468,0,3,0.5,uniform,1.0,0.06039673925452305,0.003647766112578846,ok
real_vs_real,original,51000,52000,1438,0,3,0.5,uniform,1.0,0.06125236741670639,0.003751852514151194,ok
real_vs_real,original,52000,53000,1524,0,3,0.5,uniform,1.0,0.06069194566703066,0.0036835122688498017,ok
real_vs_real,original,53000,54000,1532,0,3,0.5,uniform,1.0,0.05983034004365512,0.003579669589739401,ok
real_vs_real,original,54000,55000,1456,0,3,0.5,uniform,1.0,0.061133472058474005,0.0037373014059242215,ok
real_vs_real,original,55000,56000,1443,0,3,0.5,uniform,1.0,0.061661250235687304,0.0038021097806280476,ok
real_vs_real,original,56000,57000,1488,0,3,0.5,uniform,1.0,0.060916262861238295,0.0037107910809794802,ok
real_vs_real,original,57000,58000,1542,0,3,0.5,uniform,1.0,0.06048634270897919,0.003658597654308081,ok
real_vs_real,original,58000,59000,1485,0,3,0.5,uniform,1.0,0.06069471922382073,0.0036838489416584335,ok
real_vs_real,original,59000,60000,1469,0,3,0.5,uniform,1.0,0.060736089204706904,0.0036888725318821145,ok
real_vs_real,original,60000,61000,1519,0,3,0.5,uniform,1.0,0.06044148579155237,0.003653173204690427,ok
real_vs_real,original,61000,62000,1546,0,3,0.5,uniform,1.0,0.06003210875491209,0.0036038540815615926,ok
real_vs_real,original,62000,63000,1495,0,3,0.5,uniform,1.0,0.0612208727347789,0.0037479952584079947,ok
real_vs_real,original,63000,64000,1439,0,3,0.5,uniform,1.0,0.06061665754954878,0.0036743791724792693,ok
real_vs_real,original,64000,65000,1540,0,3,0.5,uniform,1.0,0.0606153357985714,0.0036742189339735716,ok
real_vs_real,original,65000,66000,1529,0,3,0.5,uniform,1.0,0.060387135807337324,0.003646606171013802,ok
real_vs_real,original,66000,67000,1511,0,3,0.5,uniform,1.0,0.06079944966721645,0.0036965730798363865,ok
real_vs_real,original,67000,68000,1456,0,3,0.5,uniform,1.0,0.061439900108188304,0.003774861325304157,ok
real_vs_real,original,68000,69000,1511,0,3,0.5,uniform,1.0,0.060198678107462086,0.003623880845885835,ok
real_vs_real,original,69000,70000,1471,0,3,0.5,uniform,1.0,0.06063619461092686,0.003676748096894196,ok
real_vs_real,original,70000,71000,1532,0,3,0.5,uniform,1.0,0.05965112538460543,0.003558256759649918,ok
real_vs_real,original,71000,72000,1488,0,3,0.5,uniform,1.0,0.06100287278386857,0.0037213504878848523,ok
real_vs_real,original,72000,73000,1454,0,3,0.5,uniform,1.0,0.061506240623004686,0.0037830176355749517,ok
real_vs_real,original,73000,74000,1509,0,3,0.5,uniform,1.0,0.061079503925048094,0.003730705799729966,ok
real_vs_real,original,74000,75000,1493,0,3,0.5,uniform,1.0,0.05992741808196827,0.003591295437971017,ok
real_vs_real,original,75000,76000,1471,0,3,0.5,uniform,1.0,0.060872434159132634,0.0037054532404579375,ok
real_vs_real,original,76000,77000,1495,0,3,0.5,uniform,1.0,0.06122375527832247,0.0037483482103799182,ok
real_vs_real,original,77000,78000,1470,0,3,0.5,uniform,1.0,0.060886067809845366,0.003707113253345088,ok
real_vs_real,original,78000,79000,1599,0,3,0.5,uniform,1.0,0.06039970823756028,0.003648124755182407,ok
real_vs_real,original,79000,80000,1498,0,3,0.5,uniform,1.0,0.060259479417001244,0.003631204859607996,ok
real_vs_real,original,80000,81000,1463,0,3,0.5,uniform,1.0,0.061871662792652084,0.0038281026567276483,ok
real_vs_real,original,81000,82000,1481,0,3,0.5,uniform,1.0,0.0606478713932634,0.003678164304533817,ok
real_vs_real,original,82000,83000,1512,0,3,0.5,uniform,1.0,0.06047390970253087,0.0036570937547098573,ok
real_vs_real,original,83000,84000,1500,0,3,0.5,uniform,1.0,0.06024702365230545,0.003629703858961452,ok
real_vs_real,original,84000,85000,1494,0,3,0.5,uniform,1.0,0.060666125279215416,0.00368037875639346,ok
real_vs_real,original,85000,86000,1381,0,3,0.5,uniform,1.0,0.06136796986505899,0.0037660277253587886,ok
real_vs_real,original,86000,87000,1526,0,3,0.5,uniform,1.0,0.05947687306689646,0.0035374984298157134,ok
real_vs_real,original,87000,88000,1488,0,3,0.5,uniform,1.0,0.059474684693601426,0.003537238119403308,ok
real_vs_real,original,88000,89000,1480,0,3,0.5,uniform,1.0,0.060495532724420084,0.003659709479611381,ok
real_vs_real,original,89000,90000,1437,0,3,0.5,uniform,1.0,0.060339640768802424,0.0036408722481081233,ok
real_vs_real,original,90000,91000,1386,0,3,0.5,uniform,1.0,0.06064902783513095,0.0036783045773464886,ok
real_vs_real,original,91000,92000,1493,0,3,0.5,uniform,1.0,0.06043105908634257,0.0036519129022970264,ok
real_vs_real,original,92000,93000,1402,0,3,0.5,uniform,1.0,0.06096852480257981,0.0037171610166027895,ok
real_vs_real,original,93000,94000,1365,0,3,0.5,uniform,1.0,0.061395123422344676,0.003769361180044936,ok
real_vs_real,original,94000,95000,1443,0,3,0.5,uniform,1.0,0.06064110027603787,0.0036773430426884804,ok
real_vs_real,original,95000,96000,1381,0,3,0.5,uniform,1.0,0.06092364655898228,0.0037116907100437934,ok
real_vs_real,original,96000,97000,1378,0,3,0.5,uniform,1.0,0.06105376275347295,0.003727561946357361,ok
real_vs_real,original,97000,98000,1384,0,3,0.5,uniform,1.0,0.061842633724830814,0.0038245113460235814,ok
real_vs_real,original,98000,99000,1332,0,3,0.5,uniform,1.0,0.06060873583576843,0.0036734188596099604,ok
real_vs_real,original,99000,100000,1399,0,3,0.5,uniform,1.0,0.060835502593299666,0.00370095837577937,ok
real_vs_real,original,100000,101000,1389,0,3,0.5,uniform,1.0,0.06086053655453377,0.0037040049097057416,ok
real_vs_real,original,101000,102000,1406,0,3,0.5,uniform,1.0,0.06041736521496606,0.003650258019518591,ok
real_vs_real,original,102000,103000,1367,0,3,0.5,uniform,1.0,0.06127290983556147,0.003754369479716845,ok
real_vs_real,original,103000,104000,1419,0,3,0.5,uniform,1.0,0.06074590600415724,0.003690065096265907,ok
real_vs_real,original,104000,105000,1388,0,3,0.5,uniform,1.0,0.06090052768856454,0.0037088742727456165,ok
real_vs_real,original,105000,106000,1380,0,3,0.5,uniform,1.0,0.06099978698355305,0.003720974012038848,ok
real_vs_real,original,106000,107000,1323,0,3,0.5,uniform,1.0,0.061725210778647885,0.003810001645668509,ok
real_vs_real,original,107000,108000,1399,0,3,0.5,uniform,1.0,0.06168775154990665,0.00380537869128301,ok
real_vs_real,original,108000,109000,1356,0,3,0.5,uniform,1.0,0.060883993264687686,0.003706860635854536,ok
real_vs_real,original,109000,110000,1381,0,3,0.5,uniform,1.0,0.060851051229215816,0.003702850435700648,ok
real_vs_real,original,110000,111000,1365,0,3,0.5,uniform,1.0,0.06089429008014477,0.0037081145643648177,ok
real_vs_real,original,111000,112000,1361,0,3,0.5,uniform,1.0,0.06111939186723235,0.003735580062220308,ok
real_vs_real,original,112000,113000,1348,0,3,0.5,uniform,1.0,0.06063676498478455,0.0036768172678199934,ok
real_vs_real,original,113000,114000,1379,0,3,0.5,uniform,1.0,0.06154974646426859,0.0037883712898157443,ok
real_vs_real,original,114000,115000,1345,0,3,0.5,uniform,1.0,0.06103692015914803,0.0037255056225142112,ok
real_vs_real,original,115000,116000,1392,0,3,0.5,uniform,1.0,0.060861111984710115,0.0037040749520154247,ok
real_vs_real,original,116000,117000,1395,0,3,0.5,uniform,1.0,0.060875717129507,0.003705852936031752,ok
real_vs_real,original,117000,118000,1341,0,3,0.5,uniform,1.0,0.060852296344720905,0.0037030019704257333,ok
real_vs_real,original,118000,119000,1376,0,3,0.5,uniform,1.0,0.060854029660751874,0.003703212925951669,ok
real_vs_real,original,119000,120000,1395,0,3,0.5,uniform,1.0,0.0605475949589498,0.003666011255313043,ok
real_vs_real,original,120000,121000,1404,0,3,0.5,uniform,1.0,0.06019945382652122,0.0036239742410114606,ok
real_vs_real,original,121000,122000,1341,0,3,0.5,uniform,1.0,0.061002566937913894,0.0037213131730146655,ok
real_vs_real,original,122000,123000,1365,0,3,0.5,uniform,1.0,0.06058643159450343,0.0036707156933554435,ok
real_vs_real,original,123000,124000,1456,0,3,0.5,uniform,1.0,0.060938737292590237,0.003713529702815328,ok
real_vs_real,original,124000,125000,1420,0,3,0.5,uniform,1.0,0.060504093922524836,0.0036607453813857064,ok
real_vs_real,original,125000,126000,1396,0,3,0.5,uniform,1.0,0.06181390009232597,0.0038209582446240564,ok
real_vs_real,original,126000,127000,1355,0,3,0.5,uniform,1.0,0.06086327712747609,0.0037043385026959545,ok
real_vs_real,original,127000,128000,1346,0,3,0.5,uniform,1.0,0.061065463681393074,0.0037289908546235366,ok
real_vs_real,original,128000,129000,1405,0,3,0.5,uniform,1.0,0.06039548698294137,0.0036476148479066407,ok
real_vs_real,original,129000,130000,1417,0,3,0.5,uniform,1.0,0.0602916127693477,0.0036350785703289706,ok
real_vs_real,original,130000,131000,1335,0,3,0.5,uniform,1.0,0.06127303945625156,0.0037543853642073607,ok
real_vs_real,original,131000,132000,1377,0,3,0.5,uniform,1.0,0.0603015723611801,0.003636279629230639,ok
real_vs_real,original,132000,133000,1416,0,3,0.5,uniform,1.0,0.06047366047958906,0.003657063611800612,ok
real_vs_real,original,133000,134000,1381,0,3,0.5,uniform,1.0,0.06088946807673107,0.003707527322667252,ok
real_vs_real,original,134000,135000,1336,0,3,0.5,uniform,1.0,0.06170424115875086,0.0038074133769772835,ok
real_vs_real,original,135000,136000,1335,0,3,0.5,uniform,1.0,0.06142047518997094,0.0037724747725618353,ok
real_vs_real,original,136000,137000,1346,0,3,0.5,uniform,1.0,0.06141061875025389,0.0037712640952890343,ok
real_vs_real,original,137000,138000,1328,0,3,0.5,uniform,1.0,0.061068790364151866,0.003729397156540728,ok
real_vs_real,original,138000,139000,1337,0,3,0.5,uniform,1.0,0.06133780076134224,0.0037623258022381166,ok
real_vs_real,original,139000,140000,1383,0,3,0.5,uniform,1.0,0.061718186114851144,0.003809134497307405,ok
real_vs_real,original,140000,141000,1322,0,3,0.5,uniform,1.0,0.061413965233042954,0.0037716751256454085,ok
real_vs_real,original,141000,142000,1326,0,3,0.5,uniform,1.0,0.06167857223938141,0.003804246273488591,ok
real_vs_real,original,142000,143000,1290,0,3,0.5,uniform,1.0,0.06213535386904782,0.0038608022004317953,ok
real_vs_real,original,143000,144000,1358,0,3,0.5,uniform,1.0,0.0616687851116517,0.0038030390571470738,ok
real_vs_real,original,144000,145000,1380,0,3,0.5,uniform,1.0,0.06156986447466688,0.003790848211428846,ok
real_vs_real,original,145000,146000,1356,0,3,0.5,uniform,1.0,0.061513049006699606,0.003783855198100627,ok
real_vs_real,original,146000,147000,1348,0,3,0.5,uniform,1.0,0.061351383235312175,0.003763992224886144,ok
real_vs_real,original,147000,148000,1364,0,3,0.5,uniform,1.0,0.06192420055661199,0.0038346066145755046,ok
real_vs_real,original,148000,149000,1322,0,3,0.5,uniform,1.0,0.0624919246330771,0.0039052406443461887,ok
real_vs_real,original,149000,150000,1312,0,3,0.5,uniform,1.0,0.06172106001911044,0.003809489249882633,ok
real_vs_real,original,150000,151000,1347,0,3,0.5,uniform,1.0,0.061327303614486885,0.003761038168623456,ok
real_vs_real,original,151000,152000,1291,0,3,0.5,uniform,1.0,0.06213301813603595,0.0038605119426929724,ok
real_vs_real,original,152000,153000,1285,0,3,0.5,uniform,1.0,0.06210770197529322,0.0038573666446518416,ok
real_vs_real,original,153000,154000,1397,0,3,0.5,uniform,1.0,0.06078209194409742,0.0036944627011007126,ok
real_vs_real,original,154000,155000,1353,0,3,0.5,uniform,1.0,0.06090987173552272,0.00371001247483783,ok
real_vs_real,original,155000,156000,1343,0,3,0.5,uniform,1.0,0.06142641170153044,0.003773204054525916,ok
real_vs_real,original,156000,157000,1328,0,3,0.5,uniform,1.0,0.062421070778488734,0.0038963900771331003,ok
real_vs_real,original,157000,158000,1312,0,3,0.5,uniform,1.0,0.06142504259820856,0.003773035858191736,ok
real_vs_real,original,158000,159000,1265,0,3,0.5,uniform,1.0,0.062202860478568246,0.0038691958517162277,ok
real_vs_real,original,159000,160000,1294,0,3,0.5,uniform,1.0,0.06283281766626707,0.003947962975882364,ok
real_vs_real,original,160000,161000,1260,0,3,0.5,uniform,1.0,0.06310192037287474,0.0039818523547446244,ok
real_vs_real,original,161000,162000,1354,0,3,0.5,uniform,1.0,0.06130104512813609,0.0037578181338017774,ok
real_vs_real,original,162000,163000,1301,0,3,0.5,uniform,1.0,0.061195198312591535,0.0037448522965174056,ok
real_vs_real,original,163000,164000,1308,0,3,0.5,uniform,1.0,0.06158343493255151,0.003792519458091805,ok
real_vs_real,original,164000,165000,1312,0,3,0.5,uniform,1.0,0.0618225249308734,0.0038220245888284632,ok
real_vs_real,original,165000,166000,1371,0,3,0.5,uniform,1.0,0.060943612842650104,0.003714123946314827,ok
real_vs_real,original,166000,167000,1341,0,3,0.5,uniform,1.0,0.06094483273931418,0.0037142726376229816,ok
real_vs_real,original,167000,168000,1266,0,3,0.5,uniform,1.0,0.06274711063944706,0.0039371998935990105,ok
real_vs_real,original,168000,169000,1358,0,3,0.5,uniform,1.0,0.061212059691211185,0.0037469162516404015,ok
real_vs_real,original,169000,170000,1246,0,3,0.5,uniform,1.0,0.06218477332411523,0.0038669460333715933,ok
real_vs_real,original,170000,171000,1352,0,3,0.5,uniform,1.0,0.0608256969512249,0.0036997654096022504,ok
real_vs_real,original,171000,172000,1345,0,3,0.5,uniform,1.0,0.061408084259141744,0.0037709528123778518,ok
real_vs_real,original,172000,173000,1248,0,3,0.5,uniform,1.0,0.0625763736345147,0.003915802537246386,ok
real_vs_real,original,173000,174000,1295,0,3,0.5,uniform,1.0,0.06254067328825964,0.003911335815348834,ok
real_vs_real,original,174000,175000,1318,0,3,0.5,uniform,1.0,0.06155483361542399,0.003788997541422532,ok
real_vs_real,original,175000,176000,1286,0,3,0.5,uniform,1.0,0.06225510927800955,0.0038756986312169102,ok
real_vs_real,original,176000,177000,1202,0,3,0.5,uniform,1.0,0.06274794088472752,0.003937304085273259,ok
real_vs_real,original,177000,178000,1258,0,3,0.5,uniform,1.0,0.06265842897132691,0.00392607872115482,ok
real_vs_real,original,178000,179000,1268,0,3,0.5,uniform,1.0,0.061855747062857805,0.0038261334447042415,ok
real_vs_real,original,179000,180000,1259,0,3,0.5,uniform,1.0,0.062269632342376986,0.0038775071120548017,ok
real_vs_real,original,180000,181000,1322,0,3,0.5,uniform,1.0,0.06224033914894828,0.0038738598173761046,ok
real_vs_real,original,181000,182000,1231,0,3,0.5,uniform,1.0,0.06226224684870462,0.0038765873826490283,ok
real_vs_real,original,182000,183000,1261,0,3,0.5,uniform,1.0,0.062325950883061525,0.0038845241534777976,ok
real_vs_real,original,183000,184000,1171,0,3,0.5,uniform,1.0,0.06366479163175748,0.004053205693515098,ok
real_vs_real,original,184000,185000,1215,0,3,0.5,uniform,1.0,0.06388943268436567,0.004081859608730092,ok
real_vs_real,original,185000,186000,1224,0,3,0.5,uniform,1.0,0.06276314993923299,0.0039392129902946415,ok
real_vs_real,original,186000,187000,1176,0,3,0.5,uniform,1.0,0.06308037671837838,0.003979133926932533,ok
real_vs_real,original,187000,188000,1251,0,3,0.5,uniform,1.0,0.06268458206932837,0.003929356829206363,ok
real_vs_real,original,188000,189000,1237,0,3,0.5,uniform,1.0,0.062385035330526535,0.003891892633191044,ok
real_vs_real,original,189000,190000,1269,0,3,0.5,uniform,1.0,0.062355595087532016,0.003888220238720247,ok
real_vs_real,original,190000,191000,1151,0,3,0.5,uniform,1.0,0.06345277488161193,0.004026254640176522,ok
real_vs_real,original,191000,192000,1249,0,3,0.5,uniform,1.0,0.06277499340396596,0.003940699796867969,ok
real_vs_real,original,192000,193000,1135,0,3,0.5,uniform,1.0,0.06353636323110247,0.004036869452634591,ok
real_vs_real,original,193000,194000,1070,0,3,0.5,uniform,1.0,0.06370443345327235,0.0040582548416024065,ok
real_vs_real,original,194000,195000,1142,0,3,0.5,uniform,1.0,0.06402968827096153,0.004099800980076509,ok
real_vs_real,original,195000,196000,1138,0,3,0.5,uniform,1.0,0.06289515689233612,0.0039558007605115745,ok
real_vs_real,original,196000,197000,1155,0,3,0.5,uniform,1.0,0.06264515100971835,0.003924414945030416,ok
real_vs_real,original,197000,198000,1123,0,3,0.5,uniform,1.0,0.06514793046036345,0.004244252843268352,ok
real_vs_real,original,198000,199000,1060,0,3,0.5,uniform,1.0,0.06475452975126135,0.0041931491233069915,ok
real_vs_real,original,199000,200000,1131,0,3,0.5,uniform,1.0,0.06363646414206421,0.004049599568504224,ok
real_vs_real,original,200000,201000,1013,0,3,0.5,uniform,1.0,0.06433493321411221,0.004138983631664279,ok
real_vs_real,original,201000,202000,1015,0,3,0.5,uniform,1.0,0.06490088407172943,0.0042121247532920635,ok
real_vs_real,original,202000,203000,966,0,3,0.5,uniform,1.0,0.06539942426924668,0.004277084694748932,ok
real_vs_real,original,203000,204000,952,0,3,0.5,uniform,1.0,0.06403274352753408,0.004100192243662958,ok
real_vs_real,original,204000,205000,1011,0,3,0.5,uniform,1.0,0.06445719723773603,0.004154730275744405,ok
real_vs_real,original,205000,206000,961,0,3,0.5,uniform,1.0,0.06639080377011745,0.004407738825242241,ok
real_vs_real,original,206000,207000,977,0,3,0.5,uniform,1.0,0.0648169870979924,0.004201241816461313,ok
real_vs_real,original,207000,208000,955,0,3,0.5,uniform,1.0,0.06623645447581522,0.0043872679015267415,ok
real_vs_real,original,208000,209000,854,0,3,0.5,uniform,1.0,0.06622268992247192,0.004385444660567864,ok
real_vs_real,original,209000,210000,827,0,3,0.5,uniform,1.0,0.06616897151317805,0.0043783327911117685,ok
real_vs_real,original,210000,211000,875,0,3,0.5,uniform,1.0,0.06657659346503568,0.004432442797408632,ok
real_vs_real,original,211000,212000,874,0,3,0.5,uniform,1.0,0.06513577610418442,0.004242669328694442,ok
real_vs_real,original,212000,213000,877,0,3,0.5,uniform,1.0,0.06529864821939589,0.004263913459280413,ok
real_vs_real,original,213000,214000,923,0,3,0.5,uniform,1.0,0.06703068839311245,0.004493113186454539,ok
real_vs_real,original,214000,215000,893,0,3,0.5,uniform,1.0,0.06716287477719127,0.0045108517483366745,ok
real_vs_real,original,215000,216000,926,0,3,0.5,uniform,1.0,0.06695395595427917,0.004482832217927555,ok
real_vs_real,original,216000,217000,922,0,3,0.5,uniform,1.0,0.06651125949367309,0.004423747639434718,ok
real_vs_real,original,217000,218000,837,0,3,0.5,uniform,1.0,0.06636973565602781,0.00440494181105101,ok
real_vs_real,original,218000,219000,850,0,3,0.5,uniform,1.0,0.06626285674642858,0.004390766184197715,ok
real_vs_real,original,219000,220000,902,0,3,0.5,uniform,1.0,0.06724552601797516,0.004521960769434175,ok
real_vs_real,original,220000,221000,846,0,3,0.5,uniform,1.0,0.0650351153272055,0.004229566225622919,ok
real_vs_real,original,221000,222000,955,0,3,0.5,uniform,1.0,0.06505873330233564,0.004232638778904436,ok
real_vs_real,original,222000,223000,959,0,3,0.5,uniform,1.0,0.06587991289346143,0.004340162922850066,ok
real_vs_real,original,223000,224000,954,0,3,0.5,uniform,1.0,0.06708078990042317,0.004499832373664715,ok
real_vs_real,original,224000,225000,884,0,3,0.5,uniform,1.0,0.06705201506117256,0.004495972723763712,ok
real_vs_real,original,225000,226000,848,0,3,0.5,uniform,1.0,0.06533105924311428,0.004268147301827307,ok
real_vs_real,original,226000,227000,838,0,3,0.5,uniform,1.0,0.06649976891549737,0.00442221926581455,ok
real_vs_real,original,227000,228000,893,0,3,0.5,uniform,1.0,0.06555398981148207,0.004297325580203896,ok
real_vs_real,original,228000,229000,854,0,3,0.5,uniform,1.0,0.06720605932161074,0.0045166544095398605,ok
real_vs_real,original,229000,230000,945,0,3,0.5,uniform,1.0,0.06602434842656302,0.004359214585152194,ok
real_vs_real,original,230000,231000,892,0,3,0.5,uniform,1.0,0.06674998248493132,0.004455560161738638,ok
real_vs_real,original,231000,232000,911,0,3,0.5,uniform,1.0,0.06603719245137765,0.00436091078686029,ok
real_vs_real,original,232000,233000,935,0,3,0.5,uniform,1.0,0.06723103108467904,0.00452001154070908,ok
real_vs_real,original,233000,234000,931,0,3,0.5,uniform,1.0,0.0657697411954441,0.004325658856915696,ok
real_vs_real,original,234000,235000,810,0,3,0.5,uniform,1.0,0.06738534118285301,0.004540784206329506,ok
real_vs_real,original,235000,236000,813,0,3,0.5,uniform,1.0,0.06678020104937576,0.004459595252195048,ok
real_vs_real,original,236000,237000,859,0,3,0.5,uniform,1.0,0.06599820161778563,0.0043557626167818825,ok
real_vs_real,original,237000,238000,921,0,3,0.5,uniform,1.0,0.06383666447982511,0.004075119731909765,ok
real_vs_real,original,238000,239000,921,0,3,0.5,uniform,1.0,0.0659452112590983,0.004348770888007106,ok
real_vs_real,original,239000,240000,923,0,3,0.5,uniform,1.0,0.06647677066836749,0.004419161038494724,ok
real_vs_real,original,240000,241000,971,0,3,0.5,uniform,1.0,0.06607564558882664,0.004365990939980226,ok
real_vs_real,original,241000,242000,917,0,3,0.5,uniform,1.0,0.06619918842413823,0.0043823325480145565,ok
real_vs_real,original,242000,243000,891,0,3,0.5,uniform,1.0,0.06592059165558496,0.004345524404222378,ok
real_vs_real,original,243000,244000,861,0,3,0.5,uniform,1.0,0.06591889748745204,0.004345301045961212,ok
real_vs_real,original,244000,245000,885,0,3,0.5,uniform,1.0,0.06553264197605557,0.00429452716436188,ok
real_vs_real,original,245000,246000,930,0,3,0.5,uniform,1.0,0.06437585002450706,0.004144250066377826,ok
real_vs_real,original,246000,247000,929,0,3,0.5,uniform,1.0,0.06645961988946657,0.004416881075852381,ok
real_vs_real,original,247000,248000,902,0,3,0.5,uniform,1.0,0.06718040987726248,0.004513207471276986,ok
real_vs_real,original,248000,249000,920,0,3,0.5,uniform,1.0,0.067040484790279,0.004494426600915632,ok
real_vs_real,original,249000,250000,896,0,3,0.5,uniform,1.0,0.06763223671898143,0.00457411944361234,ok
real_vs_real,original,250000,251000,860,0,3,0.5,uniform,1.0,0.06768295660541908,0.0045809826148510415,ok
real_vs_real,original,251000,252000,851,0,3,0.5,uniform,1.0,0.0665084347354863,0.004423371890964441,ok
real_vs_real,original,252000,253000,923,0,3,0.5,uniform,1.0,0.0659961637313723,0.004355493627258101,ok
real_vs_real,original,253000,254000,832,0,3,0.5,uniform,1.0,0.06565672543071065,0.004310805594283726,ok
real_vs_real,original,254000,255000,941,0,3,0.5,uniform,1.0,0.06673193614835539,0.004453151302108181,ok
real_vs_real,original,255000,256000,894,0,3,0.5,uniform,1.0,0.06788163194479234,0.0046079159554882525,ok
real_vs_real,original,256000,257000,880,0,3,0.5,uniform,1.0,0.06842577324677387,0.004682086444418915,ok
real_vs_real,original,257000,258000,949,0,3,0.5,uniform,1.0,0.06647186665588223,0.004418509056717387,ok
real_vs_real,original,258000,259000,877,0,3,0.5,uniform,1.0,0.06710624996428372,0.004503248784268928,ok
real_vs_real,original,259000,260000,827,0,3,0.5,uniform,1.0,0.06851964105227834,0.004694941209933067,ok
real_vs_real,original,260000,261000,821,0,3,0.5,uniform,1.0,0.066858919683677,0.004470115141268372,ok
real_vs_real,original,261000,262000,899,0,3,0.5,uniform,1.0,0.06614474608910674,0.004375127435192401,ok
real_vs_real,original,262000,263000,907,0,3,0.5,uniform,1.0,0.06545106775426116,0.004283842270172884,ok
real_vs_real,original,263000,264000,981,0,3,0.5,uniform,1.0,0.06571884586947169,0.004318966702415376,ok
real_vs_real,original,264000,265000,956,0,3,0.5,uniform,1.0,0.0667146036405836,0.00445083833892017,ok
real_vs_real,original,265000,266000,879,0,3,0.5,uniform,1.0,0.06729980122581596,0.004529263245034339,ok
real_vs_real,original,266000,267000,862,0,3,0.5,uniform,1.0,0.06683840594760264,0.004467372509616524,ok
real_vs_real,original,267000,268000,871,0,3,0.5,uniform,1.0,0.06625986957894754,0.004390370316619137,ok
real_vs_real,original,268000,269000,831,0,3,0.5,uniform,1.0,0.06632106031481194,0.004398483041280923,ok
real_vs_real,original,269000,270000,896,0,3,0.5,uniform,1.0,0.06581364249748767,0.004331435538787115,ok
real_vs_real,original,270000,271000,855,0,3,0.5,uniform,1.0,0.06510883984020763,0.004239161025337807,ok
real_vs_real,original,271000,272000,957,0,3,0.5,uniform,1.0,0.06622020212452456,0.004385115169412887,ok
real_vs_real,original,272000,273000,903,0,3,0.5,uniform,1.0,0.06725742007949713,0.004523560555749945,ok
real_vs_real,original,273000,274000,958,0,3,0.5,uniform,1.0,0.0674545481969872,0.0045501160724596675,ok
real_vs_real,original,274000,275000,876,0,3,0.5,uniform,1.0,0.06881738221810056,0.004735832095352144,ok
real_vs_real,original,275000,276000,863,0,3,0.5,uniform,1.0,0.06689192074577821,0.004474529061059473,ok
real_vs_real,original,276000,277000,814,0,3,0.5,uniform,1.0,0.06777047307092679,0.004592837020257213,ok
real_vs_real,original,277000,278000,870,0,3,0.5,uniform,1.0,0.06736166859421883,0.004537594395797366,ok
real_vs_real,original,278000,279000,923,0,3,0.5,uniform,1.0,0.06602283163717304,0.004359014297390498,ok
real_vs_real,original,279000,280000,964,0,3,0.5,uniform,1.0,0.06512086341633738,0.004240726852089268,ok
real_vs_real,original,280000,281000,972,0,3,0.5,uniform,1.0,0.06606205987576477,0.004364195755029131,ok
real_vs_real,original,281000,282000,998,0,3,0.5,uniform,1.0,0.06627002226027982,0.004391715850377983,ok
real_vs_real,original,282000,283000,952,0,3,0.5,uniform,1.0,0.0662811686526393,0.004393193317959615,ok
real_vs_real,original,283000,284000,1077,0,3,0.5,uniform,1.0,0.06493497163498306,0.0042165505412360554,ok
real_vs_real,original,284000,285000,1013,0,3,0.5,uniform,1.0,0.06476948667501932,0.004195086404145505,ok
real_vs_real,original,285000,286000,1076,0,3,0.5,uniform,1.0,0.06478347533191174,0.0041968986760804175,ok
real_vs_real,original,286000,287000,1080,0,3,0.5,uniform,1.0,0.06405541885722704,0.004103096684974797,ok
real_vs_real,original,287000,288000,1120,0,3,0.5,uniform,1.0,0.06418926766069345,0.004120262082816147,ok
real_vs_real,original,288000,289000,1158,0,3,0.5,uniform,1.0,0.06392650729776055,0.0040865983352906315,ok
real_vs_real,original,289000,290000,1130,0,3,0.5,uniform,1.0,0.06457702281818987,0.004170191876061016,ok
real_vs_real,original,290000,291000,1187,0,3,0.5,uniform,1.0,0.063617570615608,0.0040471952910318704,ok
real_vs_real,original,291000,292000,1160,0,3,0.5,uniform,1.0,0.063896232151667,0.004082728483179723,ok
real_vs_real,original,292000,293000,1159,0,3,0.5,uniform,1.0,0.06338375977732556,0.004017501003509714,ok
real_vs_real,original,293000,294000,1163,0,3,0.5,uniform,1.0,0.0636267850443485,0.00404836777507973,ok
real_vs_real,original,294000,295000,1233,0,3,0.5,uniform,1.0,0.06237369709389744,0.0038904780891612692,ok
real_vs_real,original,295000,296000,1257,0,3,0.5,uniform,1.0,0.06267027832675336,0.003927563785552732,ok
real_vs_real,original,296000,297000,1275,0,3,0.5,uniform,1.0,0.061125846184108115,0.0037363690717232443,ok
real_vs_real,original,297000,298000,1205,0,3,0.5,uniform,1.0,0.0631271685845295,0.00398503941349961,ok
real_vs_real,original,298000,299000,1264,0,3,0.5,uniform,1.0,0.06309052502677834,0.003980414348154544,ok
real_vs_real,original,299000,300000,1274,0,3,0.5,uniform,1.0,0.0616136279499541,0.0037962391491553646,ok
real_vs_real,original,300000,301000,1243,0,3,0.5,uniform,1.0,0.062218329344316925,0.0038711205063978885,ok
real_vs_real,original,301000,302000,1298,0,3,0.5,uniform,1.0,0.06198908984987781,0.003842647260416224,ok
real_vs_real,original,302000,303000,1283,0,3,0.5,uniform,1.0,0.062371770263338996,0.003890237725782739,ok
real_vs_real,original,303000,304000,1335,0,3,0.5,uniform,1.0,0.061093884887254576,0.003732462770617113,ok
real_vs_real,original,304000,305000,1248,0,3,0.5,uniform,1.0,0.06151753189353631,0.003784406730272257,ok
real_vs_real,original,305000,306000,1329,0,3,0.5,uniform,1.0,0.06153787255122276,0.0037869097581305355,ok
real_vs_real,original,306000,307000,1333,0,3,0.5,uniform,1.0,0.06220171329631017,0.003869053136996369,ok
real_vs_real,original,307000,308000,1305,0,3,0.5,uniform,1.0,0.06188731367548925,0.0038300395939683983,ok
real_vs_real,original,308000,309000,1321,0,3,0.5,uniform,1.0,0.06153487069793064,0.003786540311811043,ok
real_vs_real,original,309000,310000,1338,0,3,0.5,uniform,1.0,0.06133328821678113,0.003761772243482743,ok
real_vs_real,original,310000,311000,1293,0,3,0.5,uniform,1.0,0.062265553190634995,0.0038769991141357958,ok
real_vs_real,original,311000,312000,1439,0,3,0.5,uniform,1.0,0.060650247757746724,0.0036784525530760615,ok
real_vs_real,original,312000,313000,1388,0,3,0.5,uniform,1.0,0.06112473559363401,0.0037362333013916684,ok
real_vs_real,original,313000,314000,1349,0,3,0.5,uniform,1.0,0.06142655850760994,0.003773222090088827,ok
real_vs_real,original,314000,315000,1380,0,3,0.5,uniform,1.0,0.061113163428860806,0.0037348187442826503,ok
real_vs_real,original,315000,316000,1357,0,3,0.5,uniform,1.0,0.061534995470729326,0.0037865556675826784,ok
real_vs_real,original,316000,317000,1361,0,3,0.5,uniform,1.0,0.061299860082533464,0.0037576728461381796,ok
real_vs_real,original,317000,318000,1367,0,3,0.5,uniform,1.0,0.061153898699090534,0.0037397993260986266,ok
real_vs_real,original,318000,319000,1404,0,3,0.5,uniform,1.0,0.061123370264328424,0.003736066392470188,ok
real_vs_real,original,319000,320000,1398,0,3,0.5,uniform,1.0,0.060376104713677,0.0036452740203968903,ok
real_vs_real,original,320000,321000,1468,0,3,0.5,uniform,1.0,0.059989770304103754,0.0035987725411391284,ok
real_vs_real,original,321000,322000,1424,0,3,0.5,uniform,1.0,0.060949965262489865,0.0037148982654987214,ok
real_vs_real,original,322000,323000,1411,0,3,0.5,uniform,1.0,0.060416424416948694,0.0036501443393288746,ok
real_vs_real,original,323000,324000,1436,0,3,0.5,uniform,1.0,0.06078900943342809,0.0036953036678974097,ok
real_vs_real,original,324000,325000,1352,0,3,0.5,uniform,1.0,0.06184407621845789,0.003824689763314428,ok
real_vs_real,original,325000,326000,1423,0,3,0.5,uniform,1.0,0.060985206590798556,0.0037191954229223796,ok
real_vs_real,original,326000,327000,1479,0,3,0.5,uniform,1.0,0.06077345487342883,0.00369341281725269,ok
real_vs_real,original,327000,328000,1436,0,3,0.5,uniform,1.0,0.06056926036376984,0.00366863530101414,ok
real_vs_real,original,328000,329000,1435,0,3,0.5,uniform,1.0,0.06048912480720854,0.003658934219942052,ok
real_vs_real,original,329000,330000,1489,0,3,0.5,uniform,1.0,0.060282194224067887,0.003633942940468244,ok
real_vs_real,original,330000,331000,1430,0,3,0.5,uniform,1.0,0.06082208419351238,0.003699325925642708,ok
real_vs_real,original,331000,332000,1408,0,3,0.5,uniform,1.0,0.061733390510415154,0.0038110115039114156,ok
real_vs_real,original,332000,333000,1428,0,3,0.5,uniform,1.0,0.06068448241099135,0.0036826064054899187,ok
real_vs_real,original,333000,334000,1434,0,3,0.5,uniform,1.0,0.060513040405454896,0.0036618280591122166,ok
real_vs_real,original,334000,335000,1503,0,3,0.5,uniform,1.0,0.060175239754822786,0.003621059479550405,ok
real_vs_real,original,335000,336000,1480,0,3,0.5,uniform,1.0,0.06048106193670989,0.003657958852992138,ok
real_vs_real,original,336000,337000,1501,0,3,0.5,uniform,1.0,0.06023583891068693,0.0036283562892742258,ok
real_vs_real,original,337000,338000,1508,0,3,0.5,uniform,1.0,0.060118495962197635,0.003614233556756773,ok
real_vs_real,original,338000,339000,1452,0,3,0.5,uniform,1.0,0.06112099824385437,0.0037357764263252487,ok
real_vs_real,original,339000,340000,1430,0,3,0.5,uniform,1.0,0.060422143030057496,0.0036508353683447252,ok
real_vs_real,original,340000,341000,1533,0,3,0.5,uniform,1.0,0.060596238618773904,0.003671904134743386,ok
real_vs_real,original,341000,342000,1467,0,3,0.5,uniform,1.0,0.06045429299906914,0.0036547215420173,ok
real_vs_real,original,342000,343000,1483,0,3,0.5,uniform,1.0,0.06053070764872216,0.0036639665684550715,ok
real_vs_real,original,343000,344000,1509,0,3,0.5,uniform,1.0,0.06042545711556243,0.0036512358676246744,ok
real_vs_real,original,344000,345000,1528,0,3,0.5,uniform,1.0,0.0601609198270482,0.003619336274436521,ok
real_vs_real,original,345000,346000,1507,0,3,0.5,uniform,1.0,0.05994732141329847,0.0035936813446293134,ok
real_vs_real,original,346000,347000,1503,0,3,0.5,uniform,1.0,0.05929826394235693,0.003516284106577428,ok
real_vs_real,original,347000,348000,1470,0,3,0.5,uniform,1.0,0.060914136918132133,0.003710532076480948,ok
real_vs_real,original,348000,349000,1466,0,3,0.5,uniform,1.0,0.06027797453665521,0.003633434214241654,ok
real_vs_real,original,349000,350000,1453,0,3,0.5,uniform,1.0,0.060689013374560834,0.0036831563443776236,ok
real_vs_real,original,350000,351000,1507,0,3,0.5,uniform,1.0,0.06038678098715343,0.003646563317990435,ok
real_vs_real,original,351000,352000,1523,0,3,0.5,uniform,1.0,0.06003010403586733,0.003603613390557055,ok
real_vs_real,original,352000,353000,1523,0,3,0.5,uniform,1.0,0.06073493235264971,0.003688732007880937,ok
real_vs_real,original,353000,354000,1606,0,3,0.5,uniform,1.0,0.05979137805349957,0.0035750088895365106,ok
real_vs_real,original,354000,355000,1636,0,3,0.5,uniform,1.0,0.059940072894723195,0.00359281233862473,ok
real_vs_real,original,355000,356000,1633,0,3,0.5,uniform,1.0,0.06044745930134584,0.003653895335987862,ok
real_vs_real,original,356000,357000,1576,0,3,0.5,uniform,1.0,0.06115540542160987,0.00373998361228147,ok
real_vs_real,original,357000,358000,1699,0,3,0.5,uniform,1.0,0.059805183242813746,0.00357665994270653,ok
real_vs_real,original,358000,359000,1685,0,3,0.5,uniform,1.0,0.0603058698272231,0.0036367979356179774,ok
real_vs_real,original,359000,360000,1694,0,3,0.5,uniform,1.0,0.06017222418353035,0.003620696563193034,ok
real_vs_real,original,360000,361000,1681,0,3,0.5,uniform,1.0,0.06009730243287995,0.0036116857597090386,ok
real_vs_real,original,361000,362000,1708,0,3,0.5,uniform,1.0,0.05976957076603967,0.003572401589556624,ok
real_vs_real,original,362000,363000,1728,0,3,0.5,uniform,1.0,0.059344901075948885,0.0035218172837141594,ok
real_vs_real,original,363000,364000,1638,0,3,0.5,uniform,1.0,0.0602793463815682,0.003633599600189079,ok
real_vs_real,original,364000,365000,1681,0,3,0.5,uniform,1.0,0.060679729940106245,0.0036820296256042263,ok
real_vs_real,original,365000,366000,1681,0,3,0.5,uniform,1.0,0.06040027362725115,0.0036481930542468107,ok
real_vs_real,original,366000,367000,1661,0,3,0.5,uniform,1.0,0.06011964917801051,0.0036143722172870606,ok
real_vs_real,original,367000,368000,1732,0,3,0.5,uniform,1.0,0.059739205740881825,0.0035687727025514077,ok
real_vs_real,original,368000,369000,1707,0,3,0.5,uniform,1.0,0.06034369570251178,0.0036413616110373384,ok
real_vs_real,original,369000,370000,1716,0,3,0.5,uniform,1.0,0.059964294694533044,0.0035957166382128035,ok
real_vs_real,original,370000,371000,1758,0,3,0.5,uniform,1.0,0.05929331695125249,0.0035156974350816863,ok
real_vs_real,original,371000,372000,1713,0,3,0.5,uniform,1.0,0.060004443846042387,0.0036005332812728543,ok
real_vs_real,original,372000,373000,1760,0,3,0.5,uniform,1.0,0.05964757177682167,0.0035578328188710933,ok
real_vs_real,original,373000,374000,1737,0,3,0.5,uniform,1.0,0.05992024414457427,0.0035904356583453863,ok
real_vs_real,original,374000,375000,1692,0,3,0.5,uniform,1.0,0.0602405368856474,0.0036289222842710448,ok
real_vs_real,original,375000,376000,1737,0,3,0.5,uniform,1.0,0.059562185516309964,0.0035476539434793246,ok
real_vs_real,original,376000,377000,1689,0,3,0.5,uniform,1.0,0.06019608929378001,0.003623569166264736,ok
real_vs_real,original,377000,378000,1707,0,3,0.5,uniform,1.0,0.06012363930777264,0.003614852003611143,ok
real_vs_real,original,378000,379000,1760,0,3,0.5,uniform,1.0,0.05873251843813142,0.003449508722085447,ok
real_vs_real,original,379000,380000,1796,0,3,0.5,uniform,1.0,0.0592969257852577,0.0035161254075823595,ok
real_vs_real,original,380000,381000,1758,0,3,0.5,uniform,1.0,0.05922847100622623,0.0035080117777353814,ok
real_vs_real,original,381000,382000,1760,0,3,0.5,uniform,1.0,0.05957554242918087,0.0035492452557311293,ok
real_vs_real,original,382000,383000,1783,0,3,0.5,uniform,1.0,0.05909279435758467,0.0034919583449877904,ok
real_vs_real,original,383000,384000,1815,0,3,0.5,uniform,1.0,0.059523135774697464,0.0035430036924530687,ok
real_vs_real,original,384000,385000,1750,0,3,0.5,uniform,1.0,0.05925428268614052,0.0035110700166490517,ok
real_vs_real,original,385000,386000,1778,0,3,0.5,uniform,1.0,0.05910824422724638,0.0034937845356278045,ok
real_vs_real,original,386000,387000,1724,0,3,0.5,uniform,1.0,0.05941839211751279,0.003530545321830506,ok
real_vs_real,original,387000,388000,1778,0,3,0.5,uniform,1.0,0.05879323281486027,0.003456644224822362,ok
real_vs_real,original,388000,389000,1777,0,3,0.5,uniform,1.0,0.05932826280132038,0.0035198427670225354,ok
real_vs_real,original,389000,390000,1756,0,3,0.5,uniform,1.0,0.05972670947423592,0.003567279824619782,ok
real_vs_real,original,390000,391000,1831,0,3,0.5,uniform,1.0,0.05910108497048641,0.003492938244688655,ok
real_vs_real,original,391000,392000,1846,0,3,0.5,uniform,1.0,0.05888871952968082,0.003467881287845411,ok
real_vs_real,original,392000,393000,1722,0,3,0.5,uniform,1.0,0.05959143908223179,0.003551139611891342,ok
real_vs_real,original,393000,394000,1704,0,3,0.5,uniform,1.0,0.059658579981462144,0.0035591461654045156,ok
real_vs_real,original,394000,395000,1866,0,3,0.5,uniform,1.0,0.05925135487774921,0.0035107230548489755,ok
real_vs_real,original,395000,396000,1760,0,3,0.5,uniform,1.0,0.05927316597740356,0.0035133082049848305,ok
real_vs_real,original,396000,397000,1875,0,3,0.5,uniform,1.0,0.05848887166259066,0.0034209481083630005,ok
real_vs_real,original,397000,398000,1799,0,3,0.5,uniform,1.0,0.06001454088131289,0.003601745117194776,ok
real_vs_real,original,398000,399000,1863,0,3,0.5,uniform,1.0,0.059066899379682306,0.003488898602329514,ok
real_vs_real,original,399000,400000,1811,0,3,0.5,uniform,1.0,0.05982333252836769,0.0035788311147996557,ok
real_vs_real,original,400000,401000,1818,0,3,0.5,uniform,1.0,0.05955073822013313,0.003546290422562825,ok
real_vs_real,original,401000,402000,1803,0,3,0.5,uniform,1.0,0.058947665183102835,0.003474827230539194,ok
real_vs_real,original,402000,403000,1841,0,3,0.5,uniform,1.0,0.05901447030999426,0.003482707705969194,ok
real_vs_real,original,403000,404000,1882,0,3,0.5,uniform,1.0,0.05874797440055439,0.0034513244961681937,ok
real_vs_real,original,404000,405000,1912,0,3,0.5,uniform,1.0,0.05842763567302209,0.003413788610339403,ok
real_vs_real,original,405000,406000,1777,0,3,0.5,uniform,1.0,0.059570030732709375,0.0035485885614959392,ok
real_vs_real,original,406000,407000,1854,0,3,0.5,uniform,1.0,0.0595266260067962,0.003543419203752986,ok
real_vs_real,original,407000,408000,1919,0,3,0.5,uniform,1.0,0.05835016931216863,0.003404742258758746,ok
real_vs_real,original,408000,409000,1804,0,3,0.5,uniform,1.0,0.0591240270675452,0.0034956505766838178,ok
real_vs_real,original,409000,410000,1804,0,3,0.5,uniform,1.0,0.05887106138406012,0.0034658018684857747,ok
real_vs_real,original,410000,411000,1795,0,3,0.5,uniform,1.0,0.058837029289157884,0.003461796015573223,ok
real_vs_real,original,411000,412000,1853,0,3,0.5,uniform,1.0,0.05871451381615253,0.0034473941326671666,ok
real_vs_real,original,412000,413000,1905,0,3,0.5,uniform,1.0,0.058971762983435906,0.0034776688293745414,ok
real_vs_real,original,413000,414000,1850,0,3,0.5,uniform,1.0,0.05929602794067314,0.003516018929541089,ok
real_vs_real,original,414000,415000,1843,0,3,0.5,uniform,1.0,0.059115293083815836,0.0034946178763854445,ok
real_vs_real,original,415000,416000,1883,0,3,0.5,uniform,1.0,0.05935144933769286,0.003522594538484722,ok
real_vs_real,original,416000,417000,1884,0,3,0.5,uniform,1.0,0.05868837120869989,0.0034443249151301534,ok
real_vs_real,original,417000,418000,1858,0,3,0.5,uniform,1.0,0.0587471398907914,0.003451226445348215,ok
real_vs_real,original,418000,419000,1836,0,3,0.5,uniform,1.0,0.0589982830620668,0.0034807974042717587,ok
real_vs_real,original,419000,420000,1841,0,3,0.5,uniform,1.0,0.058682559192999625,0.0034436427534399044,ok
real_vs_real,original,420000,421000,1893,0,3,0.5,uniform,1.0,0.059035995091924254,0.003485248716493705,ok
real_vs_real,original,421000,422000,1815,0,3,0.5,uniform,1.0,0.05905450379802093,0.0034874344188304683,ok
real_vs_real,original,422000,423000,1900,0,3,0.5,uniform,1.0,0.058657278789614284,0.003440676355002534,ok
real_vs_real,original,423000,424000,1866,0,3,0.5,uniform,1.0,0.058834985570047765,0.003461555527027729,ok
real_vs_real,original,424000,425000,1850,0,3,0.5,uniform,1.0,0.058901653351492944,0.0034694047675394397,ok
real_vs_real,original,425000,426000,1877,0,3,0.5,uniform,1.0,0.058511712078693004,0.003423620450379869,ok
real_vs_real,original,426000,427000,1756,0,3,0.5,uniform,1.0,0.058966338794438806,0.003477029110820539,ok
real_vs_real,original,427000,428000,1891,0,3,0.5,uniform,1.0,0.059200434708471895,0.0035046914696720438,ok
real_vs_real,original,428000,429000,1798,0,3,0.5,uniform,1.0,0.05920172400145413,0.0035048441247443507,ok
real_vs_real,original,429000,430000,1869,0,3,0.5,uniform,1.0,0.058632230558419984,0.0034377384602557186,ok
real_vs_real,original,430000,431000,1928,0,3,0.5,uniform,1.0,0.05890796767287513,0.003470148655348501,ok
real_vs_real,original,431000,432000,1827,0,3,0.5,uniform,1.0,0.05896381022206519,0.003476730915903719,ok
real_vs_real,original,432000,433000,1867,0,3,0.5,uniform,1.0,0.059066545009492905,0.0034888567393584514,ok
real_vs_real,original,433000,434000,1779,0,3,0.5,uniform,1.0,0.059442628157176006,0.0035334260422322937,ok
real_vs_real,original,434000,435000,1737,0,3,0.5,uniform,1.0,0.05967988951863592,0.0035616892129565893,ok
real_vs_real,original,435000,436000,1841,0,3,0.5,uniform,1.0,0.059625661566175714,0.0035552195172041234,ok
real_vs_real,original,436000,437000,1757,0,3,0.5,uniform,1.0,0.059236044827359176,0.003508909006788906,ok
real_vs_real,original,437000,438000,1845,0,3,0.5,uniform,1.0,0.059185420278328106,0.003502913973522332,ok
real_vs_real,original,438000,439000,1854,0,3,0.5,uniform,1.0,0.059624536783902046,0.0035550853866948883,ok
real_vs_real,original,439000,440000,1878,0,3,0.5,uniform,1.0,0.05912827818219272,0.0034961532807907675,ok
real_vs_real,original,440000,441000,1792,0,3,0.5,uniform,1.0,0.059666409521526534,0.0035600804251905123,ok
real_vs_real,original,441000,442000,1809,0,3,0.5,uniform,1.0,0.05948719557044628,0.003538726436836524,ok
real_vs_real,original,442000,443000,1788,0,3,0.5,uniform,1.0,0.059633510122534886,0.003556155529534471,ok
real_vs_real,original,443000,444000,1742,0,3,0.5,uniform,1.0,0.0601031456071153,0.0036123881118701033,ok
real_vs_real,original,444000,445000,1773,0,3,0.5,uniform,1.0,0.05941444711366946,0.003530076525823025,ok
real_vs_real,original,445000,446000,1786,0,3,0.5,uniform,1.0,0.059227927024318915,0.0035079473395980467,ok
real_vs_real,original,446000,447000,1758,0,3,0.5,uniform,1.0,0.0598348062039616,0.003580204033465642,ok
real_vs_real,original,447000,448000,1782,0,3,0.5,uniform,1.0,0.05963840117051876,0.0035567388941757333,ok
real_vs_real,original,448000,449000,1806,0,3,0.5,uniform,1.0,0.06040380223350516,0.003648619324264403,ok
real_vs_real,original,449000,450000,1818,0,3,0.5,uniform,1.0,0.059608601795321514,0.003553185407993207,ok
real_vs_real,original,450000,451000,1731,0,3,0.5,uniform,1.0,0.059784767840701955,0.003574218465766631,ok
real_vs_real,original,451000,452000,1800,0,3,0.5,uniform,1.0,0.05911253657990869,0.0034942919809110434,ok
real_vs_real,original,452000,453000,1723,0,3,0.5,uniform,1.0,0.05978355293755142,0.003574073201837013,ok
real_vs_real,original,453000,454000,1727,0,3,0.5,uniform,1.0,0.059409482729208665,0.0035294866381521423,ok
real_vs_real,original,454000,455000,1700,0,3,0.5,uniform,1.0,0.06063558114622588,0.0036766737009405435,ok
real_vs_real,original,455000,456000,1784,0,3,0.5,uniform,1.0,0.05940793038223205,0.00352930219230013,ok
real_vs_real,original,456000,457000,1835,0,3,0.5,uniform,1.0,0.05972079982073634,0.0035665739312284615,ok
real_vs_real,original,457000,458000,1757,0,3,0.5,uniform,1.0,0.0597639568767786,0.0035717305415694524,ok
real_vs_real,original,458000,459000,1710,0,3,0.5,uniform,1.0,0.0600426371118147,0.003605118271341068,ok
real_vs_real,original,459000,460000,1697,0,3,0.5,uniform,1.0,0.05994809703571066,0.0035937743382029818,ok
real_vs_real,original,460000,461000,1662,0,3,0.5,uniform,1.0,0.060073295840486866,0.003608800873138657,ok
real_vs_real,original,461000,462000,1760,0,3,0.5,uniform,1.0,0.059985251898548225,0.0035982304453322836,ok
real_vs_real,original,462000,463000,1734,0,3,0.5,uniform,1.0,0.059605256393289154,0.0035527865897097377,ok
real_vs_real,original,463000,464000,1808,0,3,0.5,uniform,1.0,0.059597333849384385,0.003551842201954978,ok
real_vs_real,original,464000,465000,1751,0,3,0.5,uniform,1.0,0.059535884636551614,0.0035445215594567827,ok
real_vs_real,original,465000,466000,1764,0,3,0.5,uniform,1.0,0.06009809110846898,0.003611780554881839,ok
real_vs_real,original,466000,467000,1709,0,3,0.5,uniform,1.0,0.05986500622762271,0.0035838189706333063,ok
real_vs_real,original,467000,468000,1736,0,3,0.5,uniform,1.0,0.05968634351438713,0.003562459602117423,ok
real_vs_real,original,468000,469000,1658,0,3,0.5,uniform,1.0,0.05986994907824345,0.0035844108026314636,ok
real_vs_real,original,469000,470000,1706,0,3,0.5,uniform,1.0,0.06023493939679908,0.0036282479241360583,ok
real_vs_real,original,470000,471000,1733,0,3,0.5,uniform,1.0,0.05909403325473567,0.003492104766311805,ok
real_vs_real,original,471000,472000,1749,0,3,0.5,uniform,1.0,0.060240318356108845,0.0036288959556453446,ok
real_vs_real,original,472000,473000,1727,0,3,0.5,uniform,1.0,0.060372970271471454,0.003644895539399976,ok
real_vs_real,original,473000,474000,1749,0,3,0.5,uniform,1.0,0.05956027735781017,0.0035474266389392754,ok
real_vs_real,original,474000,475000,1797,0,3,0.5,uniform,1.0,0.06013409568325209,0.0036161094636425178,ok
real_vs_real,original,475000,476000,1739,0,3,0.5,uniform,1.0,0.059843435146215235,0.0035812367300992686,ok
real_vs_real,original,476000,477000,1649,0,3,0.5,uniform,1.0,0.060224994309381046,0.0036270499395649794,ok
real_vs_real,original,477000,478000,1617,0,3,0.5,uniform,1.0,0.06057742984417557,0.0036696250065260134,ok
real_vs_real,original,478000,479000,1660,0,3,0.5,uniform,1.0,0.05988336875508411,0.003586017853457384,ok
real_vs_real,original,479000,480000,1695,0,3,0.5,uniform,1.0,0.05992314612007796,0.003590783440928214,ok
real_vs_real,original,480000,481000,1735,0,3,0.5,uniform,1.0,0.05971083112271639,0.0035653833533655565,ok
real_vs_real,original,481000,482000,1729,0,3,0.5,uniform,1.0,0.059956250921845894,0.003594752024603347,ok
real_vs_real,original,482000,483000,1670,0,3,0.5,uniform,1.0,0.060103833898293095,0.0036124708492736063,ok
real_vs_real,original,483000,484000,1740,0,3,0.5,uniform,1.0,0.059436939494381,0.0035327497764587085,ok
real_vs_real,original,484000,485000,1661,0,3,0.5,uniform,1.0,0.059958041636287124,0.00359496675685874,ok
real_vs_real,original,485000,486000,1576,0,3,0.5,uniform,1.0,0.05993996549332477,0.003592799463340964,ok
real_vs_real,original,486000,487000,1670,0,3,0.5,uniform,1.0,0.059432394111550116,0.0035322094698306172,ok
real_vs_real,original,487000,488000,1710,0,3,0.5,uniform,1.0,0.05987599338204782,0.0035851345834870345,ok
real_vs_real,original,488000,489000,1664,0,3,0.5,uniform,1.0,0.060031382159916914,0.003603766844029991,ok
real_vs_real,original,489000,490000,1721,0,3,0.5,uniform,1.0,0.05977551540295032,0.003573112241688351,ok
real_vs_real,original,490000,491000,1697,0,3,0.5,uniform,1.0,0.059407374827084525,0.003529236183845716,ok
real_vs_real,original,491000,492000,1743,0,3,0.5,uniform,1.0,0.05872185456250686,0.0034482562032602075,ok
real_vs_real,original,492000,493000,1607,0,3,0.5,uniform,1.0,0.059521896284473075,0.0035428561372995698,ok
real_vs_real,original,493000,494000,1608,0,3,0.5,uniform,1.0,0.059668177804176346,0.0035602914424708028,ok
real_vs_real,original,494000,495000,1586,0,3,0.5,uniform,1.0,0.05973308145739346,0.003568041020395602,ok
real_vs_real,original,495000,496000,1581,0,3,0.5,uniform,1.0,0.05936874954639868,0.0035246484227030137,ok
real_vs_real,original,496000,497000,1701,0,3,0.5,uniform,1.0,0.058598089202293084,0.0034337360581598976,ok
real_vs_real,original,497000,498000,1699,0,3,0.5,uniform,1.0,0.05838451357607805,0.0034087514255152426,ok
real_vs_real,original,498000,499000,1665,0,3,0.5,uniform,1.0,0.05835079662220085,0.003404815466445446,ok
real_vs_real,original,499000,500000,1642,0,3,0.5,uniform,1.0,0.05820232721846826,0.0033875108936456512,ok
real_vs_real,original,500000,501000,1594,0,3,0.5,uniform,1.0,0.05807103694269575,0.0033722453315999344,ok
real_vs_real,original,501000,502000,1630,0,3,0.5,uniform,1.0,0.057181491815614605,0.0032697230062591997,ok
real_vs_real,original,502000,503000,1570,0,3,0.5,uniform,1.0,0.05753123598497658,0.003309843113959064,ok
real_vs_real,original,503000,504000,1636,0,3,0.5,uniform,1.0,0.05683300588371707,0.003229990557778619,ok
real_vs_real,original,504000,505000,1556,0,3,0.5,uniform,1.0,0.057104946182739307,0.003260974878533552,ok
real_vs_real,original,505000,506000,1621,0,3,0.5,uniform,1.0,0.056236250810675764,0.0031625159052412304,ok
real_vs_real,original,506000,507000,1656,0,3,0.5,uniform,1.0,0.055843814305072854,0.0031185315961394598,ok
real_vs_real,original,507000,508000,1720,0,3,0.5,uniform,1.0,0.054623170232341485,0.002983690726231357,ok
real_vs_real,original,508000,509000,1631,0,3,0.5,uniform,1.0,0.05440017061516571,0.002959378562959139,ok
real_vs_real,original,509000,510000,1531,0,3,0.5,uniform,1.0,0.0541787168417561,0.0029353333586191856,ok
real_vs_real,original,510000,511000,1580,0,3,0.5,uniform,1.0,0.053087483660418204,0.0028182809213951696,ok
real_vs_real,original,511000,512000,1474,0,3,0.5,uniform,1.0,0.05333140398035575,0.002844238650515905,ok
real_vs_real,original,512000,513000,1639,0,3,0.5,uniform,1.0,0.05082735960596927,0.0025834204845145165,ok
real_vs_real,original,513000,514000,1662,0,3,0.5,uniform,1.0,0.05047834901679977,0.00254806371946185,ok
real_vs_real,original,514000,515000,1647,0,3,0.5,uniform,1.0,0.04936606659711287,0.0024370085312705836,ok
real_vs_real,original,515000,516000,1698,0,3,0.5,uniform,1.0,0.04794278204652846,0.0022985103503609314,ok
real_vs_real,original,516000,517000,1611,0,3,0.5,uniform,1.0,0.04657871594789809,0.002169576779354976,ok
real_vs_real,original,517000,518000,1559,0,3,0.5,uniform,1.0,0.047001085715992444,0.002209102058482069,ok
real_vs_real,original,518000,519000,1554,0,3,0.5,uniform,1.0,0.04606519937890938,0.0021220025938186726,ok
real_vs_real,original,519000,520000,1560,0,3,0.5,uniform,1.0,0.04506383202506555,0.0020307489567833238,ok
real_vs_real,original,520000,521000,1647,0,3,0.5,uniform,1.0,0.045136073706672754,0.002037265149654195,ok
real_vs_real,original,521000,522000,1620,0,3,0.5,uniform,1.0,0.04402412593340622,0.0019381236642004097,ok
real_vs_real,original,522000,523000,1631,0,3,0.5,uniform,1.0,0.04359375436530099,0.0019004154196621992,ok
real_vs_real,original,523000,524000,1687,0,3,0.5,uniform,1.0,0.044013842727427255,0.0019372183516347013,ok
real_vs_real,original,524000,525000,1693,0,3,0.5,uniform,1.0,0.044597055478204244,0.001988897357326027,ok
real_vs_real,original,525000,526000,1604,0,3,0.5,uniform,1.0,0.04375513902123628,0.0019145121907677138,ok
real_vs_real,original,526000,527000,1535,0,3,0.5,uniform,1.0,0.044915978082529597,0.002017445087110279,ok
real_vs_real,original,527000,528000,1560,0,3,0.5,uniform,1.0,0.044793394086467646,0.0020064481537855946,ok
real_vs_real,original,528000,529000,1497,0,3,0.5,uniform,1.0,0.04537405578623515,0.0020588049384923793,ok
real_vs_real,original,529000,530000,1658,0,3,0.5,uniform,1.0,0.04442484667534405,0.0019735670021278273,ok
real_vs_real,original,530000,531000,1586,0,3,0.5,uniform,1.0,0.04575298723586041,0.0020933358410048053,ok
real_vs_real,original,531000,532000,1653,0,3,0.5,uniform,1.0,0.04590648512309006,0.0021074053763564895,ok
real_vs_real,original,532000,533000,1605,0,3,0.5,uniform,1.0,0.04635997562049877,0.00214924733953324,ok
real_vs_real,original,533000,534000,1690,0,3,0.5,uniform,1.0,0.04676035364359694,0.0021865306728742493,ok
real_vs_real,original,534000,535000,1548,0,3,0.5,uniform,1.0,0.047413249190083745,0.0022480161987609767,ok
real_vs_real,original,535000,536000,1518,0,3,0.5,uniform,1.0,0.048254628049564256,0.0023285091282017932,ok
real_vs_real,original,536000,537000,1497,0,3,0.5,uniform,1.0,0.04877594082679465,0.0023790924035389733,ok
real_vs_real,original,537000,538000,1644,0,3,0.5,uniform,1.0,0.04954848639842234,0.0024550525043746437,ok
real_vs_real,original,538000,539000,1639,0,3,0.5,uniform,1.0,0.05048025289824064,0.0025482559326703326,ok
real_vs_real,original,539000,540000,1636,0,3,0.5,uniform,1.0,0.049816397169289844,0.0024816734269284295,ok
real_vs_real,original,540000,541000,1707,0,3,0.5,uniform,1.0,0.05010865340334388,0.0025108771458964467,ok
real_vs_real,original,541000,542000,1669,0,3,0.5,uniform,1.0,0.051718496689959495,0.0026748028998693513,ok
real_vs_real,original,542000,543000,1585,0,3,0.5,uniform,1.0,0.05206958144316425,0.002711241311666315,ok
real_vs_real,original,543000,544000,1519,0,3,0.5,uniform,1.0,0.05276621686107337,0.002784273641829824,ok
real_vs_real,original,544000,545000,1570,0,3,0.5,uniform,1.0,0.053655706840822485,0.0028789348765882847,ok
real_vs_real,original,545000,546000,1546,0,3,0.5,uniform,1.0,0.053758537176243966,0.0028899803193296048,ok
real_vs_real,original,546000,547000,1636,0,3,0.5,uniform,1.0,0.055597200263317166,0.0030910486771193943,ok
real_vs_real,original,547000,548000,1676,0,3,0.5,uniform,1.0,0.05502181212906682,0.003027399809966325,ok
real_vs_real,original,548000,549000,1651,0,3,0.5,uniform,1.0,0.056739814285971954,0.003219406525206587,ok
real_vs_real,original,549000,550000,1691,0,3,0.5,uniform,1.0,0.05392062002463145,0.0029074332638406863,ok
real_vs_real,original,550000,551000,1646,0,3,0.5,uniform,1.0,0.05676961855748701,0.003222789591162573,ok
real_vs_real,original,551000,552000,1511,0,3,0.5,uniform,1.0,0.05770698817193376,0.003330096483875703,ok
real_vs_real,original,552000,553000,1636,0,3,0.5,uniform,1.0,0.057397282462311135,0.0032944480340583292,ok
real_vs_real,original,553000,554000,1476,0,3,0.5,uniform,1.0,0.058419512874171284,0.0034128394844554644,ok
real_vs_real,original,554000,555000,1613,0,3,0.5,uniform,1.0,0.058632059158896244,0.0034377183612123085,ok
real_vs_real,original,555000,556000,1626,0,3,0.5,uniform,1.0,0.0590842174888399,0.003490944756268535,ok
real_vs_real,original,556000,557000,1671,0,3,0.5,uniform,1.0,0.058591032627526025,0.0034329091043598194,ok
real_vs_real,original,557000,558000,1685,0,3,0.5,uniform,1.0,0.05889434233238071,0.0034685435587636505,ok
real_vs_real,original,558000,559000,1634,0,3,0.5,uniform,1.0,0.0588541721358787,0.0034638135777996406,ok
real_vs_real,original,559000,560000,1499,0,3,0.5,uniform,1.0,0.06029520603304997,0.003635511870567945,ok
real_vs_real,original,560000,561000,1528,0,3,0.5,uniform,1.0,0.060280070321278224,0.0036336868779382474,ok
real_vs_real,original,561000,562000,1556,0,3,0.5,uniform,1.0,0.06069227083257267,0.0036835517388143515,ok
real_vs_real,original,562000,563000,1664,0,3,0.5,uniform,1.0,0.059712131261577525,0.0035655386197998643,ok
real_vs_real,original,563000,564000,1624,0,3,0.5,uniform,1.0,0.059731347234324446,0.0035678338424274384,ok
real_vs_real,original,564000,565000,1609,0,3,0.5,uniform,1.0,0.060051896883975525,0.003606230319363629,ok
real_vs_real,original,565000,566000,1732,0,3,0.5,uniform,1.0,0.05972854839814096,0.0035674994937490664,ok
real_vs_real,original,566000,567000,1672,0,3,0.5,uniform,1.0,0.059504025580212984,0.003540729060250641,ok
real_vs_real,original,567000,568000,1584,0,3,0.5,uniform,1.0,0.0608140699121431,0.003698351099279029,ok
real_vs_real,original,568000,569000,1593,0,3,0.5,uniform,1.0,0.06008609759470099,0.003610339124159932,ok
real_vs_real,original,569000,570000,1538,0,3,0.5,uniform,1.0,0.06033938799088945,0.003640841743115094,ok
real_vs_real,original,570000,571000,1599,0,3,0.5,uniform,1.0,0.06030507191922227,0.00363670169918257,ok
real_vs_real,original,571000,572000,1661,0,3,0.5,uniform,1.0,0.06035849739458512,0.0036431482077321385,ok
real_vs_real,original,572000,573000,1685,0,3,0.5,uniform,1.0,0.06080949194416121,0.003697794310507007,ok
real_vs_real,original,573000,574000,1627,0,3,0.5,uniform,1.0,0.060528140001777225,0.003663655732074744,ok
real_vs_real,original,574000,575000,1663,0,3,0.5,uniform,1.0,0.06029006536352996,0.003634891981538715,ok
real_vs_real,original,575000,576000,1617,0,3,0.5,uniform,1.0,0.06071429053222575,0.0036862250748315173,ok
real_vs_real,original,576000,577000,1623,0,3,0.5,uniform,1.0,0.060271205360308375,0.0036326181955844646,ok
real_vs_real,original,577000,578000,1637,0,3,0.5,uniform,1.0,0.060743218517780785,0.0036897385958988664,ok
real_vs_real,original,578000,579000,1517,0,3,0.5,uniform,1.0,0.060920467092270496,0.0037113033107404126,ok
real_vs_real,original,579000,580000,1611,0,3,0.5,uniform,1.0,0.060576221163414434,0.003669478570438899,ok
real_vs_real,original,580000,581000,1638,0,3,0.5,uniform,1.0,0.061052603801808124,0.003727420430980556,ok
real_vs_real,original,581000,582000,1614,0,3,0.5,uniform,1.0,0.060533991774025,0.0036643641600977266,ok
real_vs_real,original,582000,583000,1691,0,3,0.5,uniform,1.0,0.06013366256647376,0.0036160573736585275,ok
real_vs_real,original,583000,584000,1617,0,3,0.5,uniform,1.0,0.05992570666259822,0.003591090319011769,ok
real_vs_real,original,584000,585000,1563,0,3,0.5,uniform,1.0,0.06089443792634662,0.003708132570365682,ok
real_vs_real,original,585000,586000,1582,0,3,0.5,uniform,1.0,0.06111530235182613,0.0037350801815551242,ok
real_vs_real,original,586000,587000,1560,0,3,0.5,uniform,1.0,0.06047502112696696,0.0036572281803071,ok
real_vs_real,original,587000,588000,1541,0,3,0.5,uniform,1.0,0.060553143217052616,0.003666683153464885,ok
real_vs_real,original,588000,589000,1713,0,3,0.5,uniform,1.0,0.060257779034251266,0.0036309999341406513,ok
real_vs_real,original,589000,590000,1615,0,3,0.5,uniform,1.0,0.06082451181130237,0.0036996212370832616,ok
real_vs_real,original,590000,591000,1758,0,3,0.5,uniform,1.0,0.060119965581456616,0.003614410261515528,ok
real_vs_real,original,591000,592000,1636,0,3,0.5,uniform,1.0,0.05949893490133743,0.003540123254393589,ok
real_vs_real,original,592000,593000,1631,0,3,0.5,uniform,1.0,0.061009756975885066,0.0037221904462565562,ok
real_vs_real,original,593000,594000,1571,0,3,0.5,uniform,1.0,0.060039161907838076,0.0036047009625955946,ok
real_vs_real,original,594000,595000,1553,0,3,0.5,uniform,1.0,0.06134616496041782,0.0037633519553507953,ok
real_vs_real,original,595000,596000,1531,0,3,0.5,uniform,1.0,0.06056560044030437,0.0036681919566945967,ok
real_vs_real,original,596000,597000,1620,0,3,0.5,uniform,1.0,0.06075148082072184,0.0036907424219105333,ok
real_vs_real,original,597000,598000,1589,0,3,0.5,uniform,1.0,0.06016581428714794,0.003619925208835575,ok
real_vs_real,original,598000,599000,1621,0,3,0.5,uniform,1.0,0.06040559312951892,0.003648835681328983,ok
real_vs_real,original,599000,600000,1643,0,3,0.5,uniform,1.0,0.059895210013305236,0.0035874361825379395,ok
real_vs_real,original,600000,601000,1563,0,3,0.5,uniform,1.0,0.060267452786458356,0.003632165865367987,ok
real_vs_real,original,601000,602000,1483,0,3,0.5,uniform,1.0,0.06140998482885347,0.003771186236680014,ok
real_vs_real,original,602000,603000,1528,0,3,0.5,uniform,1.0,0.06057650769762422,0.0036695132848403264,ok
real_vs_real,original,603000,604000,1514,0,3,0.5,uniform,1.0,0.06071123486048613,0.0036858540382851065,ok
real_vs_real,original,604000,605000,1573,0,3,0.5,uniform,1.0,0.06063309060280318,0.00367637167604774,ok
real_vs_real,original,605000,606000,1645,0,3,0.5,uniform,1.0,0.06046521324979524,0.0036560420133432137,ok
real_vs_real,original,606000,607000,1506,0,3,0.5,uniform,1.0,0.06134227025526092,0.0037628741200694685,ok
real_vs_real,original,607000,608000,1610,0,3,0.5,uniform,1.0,0.06055730547661905,0.0036671872465885553,ok
real_vs_real,original,608000,609000,1544,0,3,0.5,uniform,1.0,0.06070404633316302,0.0036849812412188027,ok
real_vs_real,original,609000,610000,1498,0,3,0.5,uniform,1.0,0.06159483283601956,0.0037939234320971934,ok
real_vs_real,original,610000,611000,1459,0,3,0.5,uniform,1.0,0.0611680309045694,0.003741528004742357,ok
real_vs_real,original,611000,612000,1466,0,3,0.5,uniform,1.0,0.061671082332684826,0.003803322396084791,ok
real_vs_real,original,612000,613000,1472,0,3,0.5,uniform,1.0,0.06140228619502154,0.0037702407499753325,ok
real_vs_real,original,613000,614000,1554,0,3,0.5,uniform,1.0,0.061564450242256125,0.00379018153363123,ok
real_vs_real,original,614000,615000,1493,0,3,0.5,uniform,1.0,0.06156168296669911,0.0037898408096923714,ok
real_vs_real,original,615000,616000,1613,0,3,0.5,uniform,1.0,0.06053263351350534,0.00366419972008035,ok
real_vs_real,original,616000,617000,1581,0,3,0.5,uniform,1.0,0.0601276788694258,0.003615337766224794,ok
real_vs_real,original,617000,618000,1511,0,3,0.5,uniform,1.0,0.061068352520215204,0.0037293436795332747,ok
real_vs_real,original,618000,619000,1457,0,3,0.5,uniform,1.0,0.06146525787536382,0.003777977925684974,ok
real_vs_real,original,619000,620000,1467,0,3,0.5,uniform,1.0,0.06179297186239734,0.0038183713715870295,ok
real_vs_real,original,620000,621000,1481,0,3,0.5,uniform,1.0,0.06117664062608601,0.003742581358293277,ok
real_vs_real,original,621000,622000,1449,0,3,0.5,uniform,1.0,0.06209747262835694,0.003856096106829539,ok
real_vs_real,original,622000,623000,1560,0,3,0.5,uniform,1.0,0.06076445539717241,0.0036923190397149547,ok
real_vs_real,original,623000,624000,1605,0,3,0.5,uniform,1.0,0.06059432172911923,0.003671671825812011,ok
real_vs_real,original,624000,625000,1533,0,3,0.5,uniform,1.0,0.06061677028302671,0.0036743928395452296,ok
real_vs_real,original,625000,626000,1518,0,3,0.5,uniform,1.0,0.061241924469967186,0.003750573312785166,ok
real_vs_real,original,626000,627000,1403,0,3,0.5,uniform,1.0,0.062021965710212554,0.0038467242305587814,ok
real_vs_real,original,627000,628000,1525,0,3,0.5,uniform,1.0,0.06107402560969448,0.0037300366041736173,ok
real_vs_real,original,628000,629000,1398,0,3,0.5,uniform,1.0,0.06174641670279027,0.003812619975634617,ok
real_vs_real,original,629000,630000,1550,0,3,0.5,uniform,1.0,0.060733191335572353,0.003688520529803241,ok
real_vs_real,original,630000,631000,1592,0,3,0.5,uniform,1.0,0.061281114583060486,0.0037553750045421887,ok
real_vs_real,original,631000,632000,1493,0,3,0.5,uniform,1.0,0.0618177141921073,0.003821429787937064,ok
real_vs_real,original,632000,633000,1685,0,3,0.5,uniform,1.0,0.05994860350389232,0.0035938350620668903,ok
real_vs_real,original,633000,634000,1551,0,3,0.5,uniform,1.0,0.06085706479488153,0.003703582335448409,ok
real_vs_real,original,634000,635000,1474,0,3,0.5,uniform,1.0,0.06129161956694595,0.003756662629139231,ok
real_vs_real,original,635000,636000,1444,0,3,0.5,uniform,1.0,0.06166361877713419,0.0038024018806917356,ok
real_vs_real,original,636000,637000,1456,0,3,0.5,uniform,1.0,0.06124138559936857,0.0037505073101305486,ok
real_vs_real,original,637000,638000,1490,0,3,0.5,uniform,1.0,0.061268092153583795,0.0037537791161400364,ok
real_vs_real,original,638000,639000,1514,0,3,0.5,uniform,1.0,0.06186454237874482,0.003827221603731514,ok
real_vs_real,original,639000,640000,1528,0,3,0.5,uniform,1.0,0.060845057841554404,0.003702121063742101,ok
real_vs_real,original,640000,641000,1474,0,3,0.5,uniform,1.0,0.06222879048932602,0.003872422365764433,ok
real_vs_real,original,641000,642000,1557,0,3,0.5,uniform,1.0,0.06105860610121893,0.0037281533790238094,ok
real_vs_real,original,642000,643000,1391,0,3,0.5,uniform,1.0,0.06221432586848754,0.0038706223432703577,ok
real_vs_real,original,643000,644000,1404,0,3,0.5,uniform,1.0,0.062391559890525174,0.0038927067455729897,ok
real_vs_real,original,644000,645000,1375,0,3,0.5,uniform,1.0,0.06223531702604054,0.003873234685331772,ok
real_vs_real,original,645000,646000,1448,0,3,0.5,uniform,1.0,0.06191462447112991,0.003833420723401038,ok
real_vs_real,original,646000,647000,1429,0,3,0.5,uniform,1.0,0.06235228937992508,0.0038878079909179185,ok
real_vs_real,original,647000,648000,1465,0,3,0.5,uniform,1.0,0.06224169538421321,0.0038740286443011878,ok
real_vs_real,original,648000,649000,1488,0,3,0.5,uniform,1.0,0.0618304122654285,0.0038229998809128514,ok
real_vs_real,original,649000,650000,1457,0,3,0.5,uniform,1.0,0.0617487767827646,0.0038129114341676883,ok
real_vs_real,original,650000,651000,1434,0,3,0.5,uniform,1.0,0.062188303111357035,0.003867385043870019,ok
real_vs_real,original,651000,652000,1383,0,3,0.5,uniform,1.0,0.06348341469083348,0.004030143940808331,ok
real_vs_real,original,652000,653000,1351,0,3,0.5,uniform,1.0,0.06330576191580875,0.0040076194917410615,ok
real_vs_real,original,653000,654000,1383,0,3,0.5,uniform,1.0,0.06291510814711487,0.0039583108331631605,ok
real_vs_real,original,654000,655000,1409,0,3,0.5,uniform,1.0,0.06261634563403544,0.003920806740560988,ok
real_vs_real,original,655000,656000,1445,0,3,0.5,uniform,1.0,0.06277547133904864,0.003940759801839717,ok
real_vs_real,original,656000,657000,1361,0,3,0.5,uniform,1.0,0.06272080267947397,0.003933899088757509,ok
real_vs_real,original,657000,658000,1479,0,3,0.5,uniform,1.0,0.06262077014796076,0.003921360853923733,ok
real_vs_real,original,658000,659000,1385,0,3,0.5,uniform,1.0,0.06174474580264124,0.0038124136342327832,ok
real_vs_real,original,659000,660000,1338,0,3,0.5,uniform,1.0,0.06294346059490462,0.00396187923166231,ok
real_vs_real,original,660000,661000,1357,0,3,0.5,uniform,1.0,0.06291758916603123,0.003958623026465489,ok
real_vs_real,original,661000,662000,1357,0,3,0.5,uniform,1.0,0.06320861918505653,0.003995329539281498,ok
real_vs_real,original,662000,663000,1330,0,3,0.5,uniform,1.0,0.06301888484761252,0.0039713798474366475,ok
real_vs_real,original,663000,664000,1418,0,3,0.5,uniform,1.0,0.06145588251622894,0.0037768254958485334,ok
real_vs_real,original,664000,665000,1441,0,3,0.5,uniform,1.0,0.06334045714947575,0.0040120135119045735,ok
real_vs_real,original,665000,666000,1376,0,3,0.5,uniform,1.0,0.06262951871730475,0.003922456614761227,ok
real_vs_real,original,666000,667000,1397,0,3,0.5,uniform,1.0,0.06311352036046364,0.003983316452290658,ok
real_vs_real,original,667000,668000,1323,0,3,0.5,uniform,1.0,0.06355047223575745,0.0040386625213877795,ok
real_vs_real,original,668000,669000,1324,0,3,0.5,uniform,1.0,0.06350084296402139,0.004032357057141305,ok
real_vs_real,original,669000,670000,1257,0,3,0.5,uniform,1.0,0.06332003282700922,0.004009426557213525,ok
real_vs_real,original,670000,671000,1243,0,3,0.5,uniform,1.0,0.064526654913361,0.004163689194307975,ok
real_vs_real,original,671000,672000,1263,0,3,0.5,uniform,1.0,0.06417359513231694,0.004118250312206532,ok
real_vs_real,original,672000,673000,1360,0,3,0.5,uniform,1.0,0.06281492081744702,0.003945714277302139,ok
real_vs_real,original,673000,674000,1290,0,3,0.5,uniform,1.0,0.06334131562705766,0.00401212226536654,ok
real_vs_real,original,674000,675000,1393,0,3,0.5,uniform,1.0,0.06229809167284149,0.0038810522260777627,ok
real_vs_real,original,675000,676000,1315,0,3,0.5,uniform,1.0,0.06297303376471777,0.0039656029815322855,ok
real_vs_real,original,676000,677000,1240,0,3,0.5,uniform,1.0,0.06425660264438941,0.004128910983398953,ok
real_vs_real,original,677000,678000,1236,0,3,0.5,uniform,1.0,0.06395349134303598,0.004090049054963778,ok
real_vs_real,original,678000,679000,1205,0,3,0.5,uniform,1.0,0.06455240006604308,0.00416701235428648,ok
real_vs_real,original,679000,680000,1235,0,3,0.5,uniform,1.0,0.06376153998212115,0.004065533980891634,ok
real_vs_real,original,680000,681000,1321,0,3,0.5,uniform,1.0,0.06280944190679479,0.003945025992643029,ok
real_vs_real,original,681000,682000,1312,0,3,0.5,uniform,1.0,0.06249105787418182,0.0039051323142343416,ok
real_vs_real,original,682000,683000,1286,0,3,0.5,uniform,1.0,0.06312634108154905,0.003984934938344066,ok
real_vs_real,original,683000,684000,1209,0,3,0.5,uniform,1.0,0.06411274335933606,0.0041104438610600905,ok
real_vs_real,original,684000,685000,1114,0,3,0.5,uniform,1.0,0.06491252894569202,0.004213636414125305,ok
real_vs_real,original,685000,686000,1223,0,3,0.5,uniform,1.0,0.06437392435816412,0.004144002137270637,ok
real_vs_real,original,686000,687000,1149,0,3,0.5,uniform,1.0,0.06404449169431484,0.004101696916383162,ok
real_vs_real,original,687000,688000,1167,0,3,0.5,uniform,1.0,0.06489751815768548,0.004211687863027116,ok
real_vs_real,original,688000,689000,1128,0,3,0.5,uniform,1.0,0.06531949606292854,0.004266636565914937,ok
real_vs_real,original,689000,690000,1171,0,3,0.5,uniform,1.0,0.06382302779131901,0.004073378876451479,ok
real_vs_real,original,690000,691000,1156,0,3,0.5,uniform,1.0,0.06244712648927589,0.0038996436067676226,ok
real_vs_real,original,691000,692000,1209,0,3,0.5,uniform,1.0,0.06300881216839403,0.00397011041087196,ok
real_vs_real,original,692000,693000,1122,0,3,0.5,uniform,1.0,0.06398693092473218,0.004094327329166448,ok
real_vs_real,original,693000,694000,1034,0,3,0.5,uniform,1.0,0.06505086869077106,0.00423161551742394,ok
real_vs_real,original,694000,695000,1004,0,3,0.5,uniform,1.0,0.06572619456190942,0.0043199326515899715,ok
real_vs_real,original,695000,696000,965,0,3,0.5,uniform,1.0,0.06440854624615307,0.004148460829542838,ok
real_vs_real,original,696000,697000,982,0,3,0.5,uniform,1.0,0.06439968617864819,0.004147319579908371,ok
real_vs_real,original,697000,698000,1001,0,3,0.5,uniform,1.0,0.06287329451424738,0.0039530511630752885,ok
real_vs_real,original,698000,699000,951,0,3,0.5,uniform,1.0,0.0640493564373118,0.004102320060033814,ok
real_vs_real,original,699000,700000,996,0,3,0.5,uniform,1.0,0.06330368715098264,0.004007356806909485,ok
real_vs_real,original,700000,701000,970,0,3,0.5,uniform,1.0,0.06417928155828599,0.004118980181337749,ok
real_vs_real,original,701000,702000,883,0,3,0.5,uniform,1.0,0.06520294084565628,0.004251423494922153,ok
real_vs_real,original,702000,703000,875,0,3,0.5,uniform,1.0,0.06369116534133513,0.00405656454253729,ok
real_vs_real,original,703000,704000,885,0,3,0.5,uniform,1.0,0.06545430819415045,0.00428426646117483,ok
real_vs_real,original,704000,705000,830,0,3,0.5,uniform,1.0,0.06439959523633226,0.00414730786660343,ok
real_vs_real,original,705000,706000,833,0,3,0.5,uniform,1.0,0.06336794302790395,0.004015496203587682,ok
real_vs_real,original,706000,707000,898,0,3,0.5,uniform,1.0,0.06322931901339915,0.003997946782898199,ok
real_vs_real,original,707000,708000,912,0,3,0.5,uniform,1.0,0.062276838009047,0.0038784045524050815,ok
real_vs_real,original,708000,709000,871,0,3,0.5,uniform,1.0,0.06364532591003377,0.004050727510194417,ok
real_vs_real,original,709000,710000,918,0,3,0.5,uniform,1.0,0.06410236361394107,0.004109113020893917,ok
real_vs_real,original,710000,711000,797,0,3,0.5,uniform,1.0,0.06581517831425983,0.004331637696537818,ok
real_vs_real,original,711000,712000,837,0,3,0.5,uniform,1.0,0.06501225053466034,0.004226592719581443,ok
real_vs_real,original,712000,713000,854,0,3,0.5,uniform,1.0,0.06536708197261204,0.004272855405614183,ok
real_vs_real,original,713000,714000,842,0,3,0.5,uniform,1.0,0.06329669822231472,0.00400647200584678,ok
real_vs_real,original,714000,715000,859,0,3,0.5,uniform,1.0,0.06390095946965096,0.004083332621141975,ok
real_vs_real,original,715000,716000,915,0,3,0.5,uniform,1.0,0.0630571597706658,0.003976205398343273,ok
real_vs_real,original,716000,717000,920,0,3,0.5,uniform,1.0,0.062482609497395245,0.0039040764896039865,ok
real_vs_real,original,717000,718000,889,0,3,0.5,uniform,1.0,0.06324639395263244,0.004000106348011581,ok
real_vs_real,original,718000,719000,889,0,3,0.5,uniform,1.0,0.06513812411811111,0.004242975213626448,ok
real_vs_real,original,719000,720000,882,0,3,0.5,uniform,1.0,0.06468395330068992,0.004184013814605834,ok
real_vs_real,original,720000,721000,861,0,3,0.5,uniform,1.0,0.06420846248816203,0.004122726655093711,ok
real_vs_real,original,721000,722000,875,0,3,0.5,uniform,1.0,0.06351677248393639,0.0040343803867761395,ok
real_vs_real,original,722000,723000,819,0,3,0.5,uniform,1.0,0.06414936816587369,0.004115141436080808,ok
real_vs_real,original,723000,724000,922,0,3,0.5,uniform,1.0,0.06296035870806055,0.003964006768647655,ok
real_vs_real,original,724000,725000,907,0,3,0.5,uniform,1.0,0.06386613722744469,0.004078883484354796,ok
real_vs_real,original,725000,726000,889,0,3,0.5,uniform,1.0,0.06405364532980734,0.004102869480036749,ok
real_vs_real,original,726000,727000,858,0,3,0.5,uniform,1.0,0.06540990284073318,0.004278455389634154,ok
real_vs_real,original,727000,728000,933,0,3,0.5,uniform,1.0,0.06421486483217602,0.004123548865414636,ok
real_vs_real,original,728000,729000,912,0,3,0.5,uniform,1.0,0.06351844836427589,0.0040345932826051836,ok
real_vs_real,original,729000,730000,841,0,3,0.5,uniform,1.0,0.0653876601840519,0.0042755461043450455,ok
real_vs_real,original,730000,731000,915,0,3,0.5,uniform,1.0,0.06372161228853145,0.0040604438726499215,ok
real_vs_real,original,731000,732000,885,0,3,0.5,uniform,1.0,0.0641371334436858,0.004113571886373159,ok
real_vs_real,original,732000,733000,887,0,3,0.5,uniform,1.0,0.0632962115682325,0.0040064103988904495,ok
real_vs_real,original,733000,734000,928,0,3,0.5,uniform,1.0,0.06386284742428641,0.004078463281137686,ok
real_vs_real,original,734000,735000,915,0,3,0.5,uniform,1.0,0.06445517756656954,0.00415446991513801,ok
real_vs_real,original,735000,736000,905,0,3,0.5,uniform,1.0,0.06495217284612291,0.004218784757432626,ok
real_vs_real,original,736000,737000,907,0,3,0.5,uniform,1.0,0.06464848232347009,0.004179426266728025,ok
real_vs_real,original,737000,738000,796,0,3,0.5,uniform,1.0,0.06516991429560452,0.004247117729296439,ok
real_vs_real,original,738000,739000,878,0,3,0.5,uniform,1.0,0.06379396800683433,0.0040696703540570025,ok
real_vs_real,original,739000,740000,887,0,3,0.5,uniform,1.0,0.06338158580702516,0.004017225419413292,ok
real_vs_real,original,740000,741000,898,0,3,0.5,uniform,1.0,0.06372610941344599,0.00406101702097449,ok
real_vs_real,original,741000,742000,919,0,3,0.5,uniform,1.0,0.06204907682122081,0.0038500879343657613,ok
real_vs_real,original,742000,743000,869,0,3,0.5,uniform,1.0,0.06506898464057129,0.0042339727621549025,ok
real_vs_real,original,743000,744000,926,0,3,0.5,uniform,1.0,0.0651047856992546,0.004238633120945866,ok
real_vs_real,original,744000,745000,879,0,3,0.5,uniform,1.0,0.06507474646784202,0.004234722627853917,ok
real_vs_real,original,745000,746000,849,0,3,0.5,uniform,1.0,0.06613668163519727,0.00437406065771544,ok
real_vs_real,original,746000,747000,852,0,3,0.5,uniform,1.0,0.0642852683019626,0.004132595720655317,ok
real_vs_real,original,747000,748000,869,0,3,0.5,uniform,1.0,0.06357023905485129,0.00404117529349094,ok
real_vs_real,original,748000,749000,885,0,3,0.5,uniform,1.0,0.06347450212905197,0.004029012420531022,ok
real_vs_real,original,749000,750000,998,0,3,0.5,uniform,1.0,0.06104565650693803,0.0037265721783630657,ok
real_vs_real,original,750000,751000,915,0,3,0.5,uniform,1.0,0.06440273300931332,0.004147712019068895,ok
real_vs_real,original,751000,752000,866,0,3,0.5,uniform,1.0,0.06694312496736263,0.00448138198039593,ok
real_vs_real,original,752000,753000,890,0,3,0.5,uniform,1.0,0.06419951059673572,0.004121577160860381,ok
real_vs_real,original,753000,754000,843,0,3,0.5,uniform,1.0,0.06735892780889474,0.004537225155563893,ok
real_vs_real,original,754000,755000,811,0,3,0.5,uniform,1.0,0.0667228892287789,0.004451943947035901,ok
real_vs_real,original,755000,756000,890,0,3,0.5,uniform,1.0,0.06417830629193257,0.004118854998501112,ok
real_vs_real,original,756000,757000,874,0,3,0.5,uniform,1.0,0.06426736292048506,0.004130293936753338,ok
real_vs_real,original,757000,758000,924,0,3,0.5,uniform,1.0,0.06324809283271296,0.004000321246975477,ok
real_vs_real,original,758000,759000,918,0,3,0.5,uniform,1.0,0.06366496780449424,0.004053228125547289,ok
real_vs_real,original,759000,760000,861,0,3,0.5,uniform,1.0,0.0650235572262594,0.004228062994356631,ok
real_vs_real,original,760000,761000,822,0,3,0.5,uniform,1.0,0.06706016984277029,0.004497066379341198,ok
real_vs_real,original,761000,762000,877,0,3,0.5,uniform,1.0,0.06477200383365082,0.004195412480626477,ok
real_vs_real,original,762000,763000,858,0,3,0.5,uniform,1.0,0.0651002246585754,0.004238039250596989,ok
real_vs_real,original,763000,764000,838,0,3,0.5,uniform,1.0,0.06416224564222603,0.004116793765853353,ok
real_vs_real,original,764000,765000,872,0,3,0.5,uniform,1.0,0.0641642881587557,0.004117055874919838,ok
real_vs_real,original,765000,766000,858,0,3,0.5,uniform,1.0,0.0645431481650509,0.004165817975055713,ok
real_vs_real,original,766000,767000,1024,0,3,0.5,uniform,1.0,0.06200972628123673,0.0038452061534739014,ok
real_vs_real,original,767000,768000,968,0,3,0.5,uniform,1.0,0.0654973486133442,0.004289902675377943,ok
real_vs_real,original,768000,769000,973,0,3,0.5,uniform,1.0,0.06628039001608449,0.004393090100684272,ok
real_vs_real,original,769000,770000,1031,0,3,0.5,uniform,1.0,0.06629575412957171,0.004395127015608624,ok
real_vs_real,original,770000,771000,1059,0,3,0.5,uniform,1.0,0.06570366564923728,0.004316971679746764,ok
real_vs_real,original,771000,772000,1078,0,3,0.5,uniform,1.0,0.06785010095197992,0.004603636199193867,ok
real_vs_real,original,772000,773000,1142,0,3,0.5,uniform,1.0,0.0678544691291555,0.004604228980799518,ok
real_vs_real,original,773000,774000,1181,0,3,0.5,uniform,1.0,0.06727582226279419,0.004526036261135074,ok
real_vs_real,original,774000,775000,1339,0,3,0.5,uniform,1.0,0.06508935262156289,0.004236623824694155,ok
real_vs_real,original,775000,776000,1327,0,3,0.5,uniform,1.0,0.06418841320021748,0.004120152389161853,ok
real_vs_real,original,776000,777000,1286,0,3,0.5,uniform,1.0,0.06504870862643974,0.004231334493967456,ok
real_vs_real,original,777000,778000,1322,0,3,0.5,uniform,1.0,0.06508019884888698,0.0042354322822106705,ok
real_vs_real,original,778000,779000,1359,0,3,0.5,uniform,1.0,0.06435884932058754,0.0041420614858700905,ok
real_vs_real,original,779000,780000,1359,0,3,0.5,uniform,1.0,0.06450208577052742,0.004160519068748475,ok
real_vs_real,original,780000,781000,1378,0,3,0.5,uniform,1.0,0.06375194640188407,0.0040643106700287,ok
real_vs_real,original,781000,782000,1411,0,3,0.5,uniform,1.0,0.06487357469042622,0.004208580693114309,ok
real_vs_real,original,782000,783000,1417,0,3,0.5,uniform,1.0,0.06369042151843678,0.004056469793196155,ok
real_vs_real,original,783000,784000,1487,0,3,0.5,uniform,1.0,0.062396946933021315,0.003893378986562278,ok
real_vs_real,original,784000,785000,1405,0,3,0.5,uniform,1.0,0.06324579928647187,0.004000031127384685,ok
real_vs_real,original,785000,786000,1448,0,3,0.5,uniform,1.0,0.0635091201415661,0.004033408341155876,ok
real_vs_real,original,786000,787000,1404,0,3,0.5,uniform,1.0,0.06388269763556292,0.004080999057196757,ok
real_vs_real,original,787000,788000,1423,0,3,0.5,uniform,1.0,0.06440938073308765,0.004148568326419843,ok
real_vs_real,original,788000,789000,1526,0,3,0.5,uniform,1.0,0.06314852504303231,0.003987736215110479,ok
real_vs_real,original,789000,790000,1480,0,3,0.5,uniform,1.0,0.06385733167545297,0.004077758808708809,ok
real_vs_real,original,790000,791000,1527,0,3,0.5,uniform,1.0,0.06253228127780808,0.003910286201806906,ok
real_vs_real,original,791000,792000,1572,0,3,0.5,uniform,1.0,0.06220911687448396,0.003869974222303205,ok
real_vs_real,original,792000,793000,1516,0,3,0.5,uniform,1.0,0.062292609965810763,0.0038803692563526265,ok
real_vs_real,original,793000,794000,1447,0,3,0.5,uniform,1.0,0.06236432492137301,0.0038893090228985868,ok
real_vs_real,original,794000,795000,1543,0,3,0.5,uniform,1.0,0.0625162199769114,0.003908277760201575,ok
real_vs_real,original,795000,796000,1480,0,3,0.5,uniform,1.0,0.06278419615491151,0.003941855286818406,ok
real_vs_real,original,796000,797000,1547,0,3,0.5,uniform,1.0,0.06289772475029434,0.00395612377876379,ok
real_vs_real,original,797000,798000,1582,0,3,0.5,uniform,1.0,0.06237060546873754,0.003890092426536913,ok
real_vs_real,original,798000,799000,1506,0,3,0.5,uniform,1.0,0.06256628770220761,0.003914540356835415,ok
real_vs_real,original,799000,800000,1639,0,3,0.5,uniform,1.0,0.06225380600763561,0.003875536362436327,ok
real_vs_real,original,800000,801000,1556,0,3,0.5,uniform,1.0,0.062083117633294,0.00385431349506942,ok
real_vs_real,original,801000,802000,1468,0,3,0.5,uniform,1.0,0.06289292154699842,0.003955519580716899,ok
real_vs_real,original,802000,803000,1591,0,3,0.5,uniform,1.0,0.062255917252027795,0.003875799232891332,ok
real_vs_real,original,803000,804000,1432,0,3,0.5,uniform,1.0,0.06324246539796562,0.003999609429612879,ok
real_vs_real,original,804000,805000,1599,0,3,0.5,uniform,1.0,0.06305100248428502,0.003975428914273316,ok
real_vs_real,original,805000,806000,1636,0,3,0.5,uniform,1.0,0.06248140093406134,0.003903925462682922,ok
real_vs_real,original,806000,807000,1505,0,3,0.5,uniform,1.0,0.06279938556463821,0.003943762827296089,ok
real_vs_real,original,807000,808000,1668,0,3,0.5,uniform,1.0,0.062304800584006136,0.0038818881758127715,ok
real_vs_real,original,808000,809000,1551,0,3,0.5,uniform,1.0,0.06311307113261018,0.003983259747789912,ok
real_vs_real,original,809000,810000,1501,0,3,0.5,uniform,1.0,0.06310505223796548,0.003982247617956352,ok
real_vs_real,original,810000,811000,1533,0,3,0.5,uniform,1.0,0.06315178368464365,0.003988147782552023,ok
real_vs_real,original,811000,812000,1642,0,3,0.5,uniform,1.0,0.06176669151451877,0.0038151241806497252,ok
real_vs_real,original,812000,813000,1551,0,3,0.5,uniform,1.0,0.06251714461975282,0.003908393371407089,ok
real_vs_real,original,813000,814000,1652,0,3,0.5,uniform,1.0,0.06289240796058912,0.003955454979081174,ok
real_vs_real,original,814000,815000,1649,0,3,0.5,uniform,1.0,0.062218910523306505,0.0038711928267072208,ok
real_vs_real,original,815000,816000,1643,0,3,0.5,uniform,1.0,0.06167496719108561,0.0038038015780214865,ok
real_vs_real,original,816000,817000,1741,0,3,0.5,uniform,1.0,0.062060743164286065,0.00385153584210348,ok
real_vs_real,original,817000,818000,1539,0,3,0.5,uniform,1.0,0.0628167988688465,0.003945950220129115,ok
real_vs_real,original,818000,819000,1566,0,3,0.5,uniform,1.0,0.0625185153792366,0.003908564765223842,ok
real_vs_real,original,819000,820000,1587,0,3,0.5,uniform,1.0,0.062368011577869586,0.003889768868177275,ok
real_vs_real,original,820000,821000,1551,0,3,0.5,uniform,1.0,0.06263629750728945,0.003923305765421675,ok
real_vs_real,original,821000,822000,1651,0,3,0.5,uniform,1.0,0.06202672163203557,0.0038473141964180295,ok
real_vs_real,original,822000,823000,1659,0,3,0.5,uniform,1.0,0.062316663162849235,0.003883366507752011,ok
real_vs_real,original,823000,824000,1719,0,3,0.5,uniform,1.0,0.06149897476018938,0.0037821238965544102,ok
real_vs_real,original,824000,825000,1731,0,3,0.5,uniform,1.0,0.06194006294423288,0.0038365713975355314,ok
real_vs_real,original,825000,826000,1606,0,3,0.5,uniform,1.0,0.06210871239626789,0.003857492155522321,ok
real_vs_real,original,826000,827000,1541,0,3,0.5,uniform,1.0,0.062271439849485376,0.003877732220928075,ok
real_vs_real,original,827000,828000,1607,0,3,0.5,uniform,1.0,0.06235975906332421,0.0038887395504358458,ok
real_vs_real,original,828000,829000,1581,0,3,0.5,uniform,1.0,0.06273055458359204,0.0039351224783650204,ok
real_vs_real,original,829000,830000,1641,0,3,0.5,uniform,1.0,0.06186563813371123,0.003827357181691305,ok
real_vs_real,original,830000,831000,1748,0,3,0.5,uniform,1.0,0.0622101066079471,0.0038700973641721433,ok
real_vs_real,original,831000,832000,1616,0,3,0.5,uniform,1.0,0.06154770701253797,0.003788120238501216,ok
real_vs_real,original,832000,833000,1772,0,3,0.5,uniform,1.0,0.06102802311288244,0.003724419605066513,ok
real_vs_real,original,833000,834000,1649,0,3,0.5,uniform,1.0,0.06179720022563438,0.0038188939557271466,ok
real_vs_real,original,834000,835000,1504,0,3,0.5,uniform,1.0,0.06297486094977295,0.003965833111643237,ok
real_vs_real,original,835000,836000,1608,0,3,0.5,uniform,1.0,0.06197881061271345,0.003841372964966602,ok
real_vs_real,original,836000,837000,1620,0,3,0.5,uniform,1.0,0.061805158325604646,0.003819877595653057,ok
real_vs_real,original,837000,838000,1599,0,3,0.5,uniform,1.0,0.06147628930166826,0.0037793341463024117,ok
real_vs_real,original,838000,839000,1768,0,3,0.5,uniform,1.0,0.06263509548908765,0.003923155186927128,ok
real_vs_real,original,839000,840000,1719,0,3,0.5,uniform,1.0,0.06193210837081401,0.0038355860472542506,ok
real_vs_real,original,840000,841000,1614,0,3,0.5,uniform,1.0,0.06171487073205195,0.0038087252694738827,ok
real_vs_real,original,841000,842000,1795,0,3,0.5,uniform,1.0,0.0608305305177323,0.003700353443068761,ok
real_vs_real,original,842000,843000,1664,0,3,0.5,uniform,1.0,0.06211281471773984,0.003858001752160279,ok
real_vs_real,original,843000,844000,1650,0,3,0.5,uniform,1.0,0.06192041887969641,0.0038341382742370636,ok
real_vs_real,original,844000,845000,1790,0,3,0.5,uniform,1.0,0.060995311313682354,0.0037204280022530263,ok
real_vs_real,original,845000,846000,1688,0,3,0.5,uniform,1.0,0.06148417149296945,0.0037803033441768767,ok
real_vs_real,original,846000,847000,1759,0,3,0.5,uniform,1.0,0.061113613399827973,0.0037348737427836333,ok
real_vs_real,original,847000,848000,1842,0,3,0.5,uniform,1.0,0.06090647267369559,0.0037095984135516276,ok
real_vs_real,original,848000,849000,1835,0,3,0.5,uniform,1.0,0.06125412127945141,0.0037520673737177416,ok
real_vs_real,original,849000,850000,1831,0,3,0.5,uniform,1.0,0.06090074574804211,0.003708900832667669,ok
real_vs_real,original,850000,851000,1716,0,3,0.5,uniform,1.0,0.06139085969422776,0.0037688376539963585,ok
real_vs_real,original,851000,852000,1718,0,3,0.5,uniform,1.0,0.06130928253603416,0.0037588281250832633,ok
real_vs_real,original,852000,853000,1783,0,3,0.5,uniform,1.0,0.061044914761769486,0.003726481618271702,ok
real_vs_real,original,853000,854000,1735,0,3,0.5,uniform,1.0,0.06077137235214551,0.003693159697563116,ok
real_vs_real,original,854000,855000,1803,0,3,0.5,uniform,1.0,0.060984981220483396,0.0037191679344627123,ok
real_vs_real,original,855000,856000,1837,0,3,0.5,uniform,1.0,0.06065765035295603,0.003679350546341467,ok
real_vs_real,original,856000,857000,1757,0,3,0.5,uniform,1.0,0.06082426460435623,0.003699591164660742,ok
real_vs_real,original,857000,858000,1896,0,3,0.5,uniform,1.0,0.059790980694978825,0.00357496137246733,ok
real_vs_real,original,858000,859000,1959,0,3,0.5,uniform,1.0,0.05943280313989151,0.003532258089065098,ok
real_vs_real,original,859000,860000,1683,0,3,0.5,uniform,1.0,0.06108043129722101,0.003730819087454536,ok
real_vs_real,original,860000,861000,1800,0,3,0.5,uniform,1.0,0.06090020568199114,0.0037088350521088265,ok
real_vs_real,original,861000,862000,1772,0,3,0.5,uniform,1.0,0.06025867997222329,0.0036311085119948242,ok
real_vs_real,original,862000,863000,1834,0,3,0.5,uniform,1.0,0.0606468798349956,0.003678044033720396,ok
real_vs_real,original,863000,864000,1918,0,3,0.5,uniform,1.0,0.06018667455855288,0.0036224357944171564,ok
real_vs_real,original,864000,865000,1852,0,3,0.5,uniform,1.0,0.06017564150054031,0.00362110783000155,ok
real_vs_real,original,865000,866000,1918,0,3,0.5,uniform,1.0,0.06018839094497083,0.003622642404544647,ok
real_vs_real,original,866000,867000,1946,0,3,0.5,uniform,1.0,0.0592667610692078,0.0035125489676345652,ok
real_vs_real,original,867000,868000,1837,0,3,0.5,uniform,1.0,0.059903678714486375,0.003588450723528408,ok
real_vs_real,original,868000,869000,1795,0,3,0.5,uniform,1.0,0.06063084701894423,0.0036760996102346184,ok
real_vs_real,original,869000,870000,1809,0,3,0.5,uniform,1.0,0.06025482872373105,0.003630644384526164,ok
real_vs_real,original,870000,871000,1888,0,3,0.5,uniform,1.0,0.06001737281400817,0.0036020850394956473,ok
real_vs_real,original,871000,872000,1953,0,3,0.5,uniform,1.0,0.05952207247847989,0.0035428771121334135,ok
real_vs_real,original,872000,873000,1939,0,3,0.5,uniform,1.0,0.060123998974039645,0.0036148952526303202,ok
real_vs_real,original,873000,874000,1943,0,3,0.5,uniform,1.0,0.0601144481414196,0.003613746875347426,ok
real_vs_real,original,874000,875000,1990,0,3,0.5,uniform,1.0,0.059169658675880574,0.0035010485078202096,ok
real_vs_real,original,875000,876000,1903,0,3,0.5,uniform,1.0,0.05961796847461959,0.003554302165040735,ok
real_vs_real,original,876000,877000,1962,0,3,0.5,uniform,1.0,0.06016402620418223,0.0036197100490975263,ok
real_vs_real,original,877000,878000,1821,0,3,0.5,uniform,1.0,0.06004611010477745,0.003605535338715057,ok
real_vs_real,original,878000,879000,1837,0,3,0.5,uniform,1.0,0.06012364111962913,0.0036148522214819586,ok
real_vs_real,original,879000,880000,1935,0,3,0.5,uniform,1.0,0.06030097789413635,0.0036362079349891202,ok
real_vs_real,original,880000,881000,1940,0,3,0.5,uniform,1.0,0.05986662453689814,0.003584012733441934,ok
real_vs_real,original,881000,882000,1968,0,3,0.5,uniform,1.0,0.059798022948860836,0.0035758035485924876,ok
real_vs_real,original,882000,883000,1991,0,3,0.5,uniform,1.0,0.059724114271473394,0.0035669698255120117,ok
real_vs_real,original,883000,884000,1870,0,3,0.5,uniform,1.0,0.05986074422534991,0.003583308699212763,ok
real_vs_real,original,884000,885000,1868,0,3,0.5,uniform,1.0,0.06017588512958145,0.0036211371511285814,ok
real_vs_real,original,885000,886000,1879,0,3,0.5,uniform,1.0,0.05979648190895916,0.0035756192486884808,ok
real_vs_real,original,886000,887000,1884,0,3,0.5,uniform,1.0,0.059777396726651465,0.0035733371594154815,ok
real_vs_real,original,887000,888000,1878,0,3,0.5,uniform,1.0,0.05981869636316927,0.00357827643458904,ok
real_vs_real,original,888000,889000,1935,0,3,0.5,uniform,1.0,0.05963035649258037,0.003555779415432222,ok
real_vs_real,original,889000,890000,1986,0,3,0.5,uniform,1.0,0.05977193647531742,0.003572684390009381,ok
real_vs_real,original,890000,891000,1916,0,3,0.5,uniform,1.0,0.059423876247510284,0.0035311970682794167,ok
real_vs_real,original,891000,892000,1951,0,3,0.5,uniform,1.0,0.05942306414238881,0.003531100552070454,ok
real_vs_real,original,892000,893000,1852,0,3,0.5,uniform,1.0,0.059946702844755444,0.00359360718195741,ok
real_vs_real,original,893000,894000,1950,0,3,0.5,uniform,1.0,0.05905904059784289,0.003487970276337655,ok
real_vs_real,original,894000,895000,1831,0,3,0.5,uniform,1.0,0.05979064490048119,0.0035749212176154365,ok
real_vs_real,original,895000,896000,1885,0,3,0.5,uniform,1.0,0.05976697485167557,0.00357209128292082,ok
real_vs_real,original,896000,897000,1883,0,3,0.5,uniform,1.0,0.059485862216386236,0.003538567803626888,ok
real_vs_real,original,897000,898000,1966,0,3,0.5,uniform,1.0,0.05945072246608033,0.003534388401738909,ok
real_vs_real,original,898000,899000,1901,0,3,0.5,uniform,1.0,0.05964160769627556,0.0035571213685964354,ok
real_vs_real,original,899000,900000,1934,0,3,0.5,uniform,1.0,0.05909931723187043,0.0034927292972732576,ok
real_vs_real,original,900000,901000,1933,0,3,0.5,uniform,1.0,0.05927811865287171,0.003513895351023937,ok
real_vs_real,original,901000,902000,1920,0,3,0.5,uniform,1.0,0.05929913599223654,0.003516387529425763,ok
real_vs_real,original,902000,903000,1898,0,3,0.5,uniform,1.0,0.05990016131111195,0.003588029325097233,ok
real_vs_real,original,903000,904000,1847,0,3,0.5,uniform,1.0,0.06001327674096369,0.003601593385187493,ok
real_vs_real,original,904000,905000,1879,0,3,0.5,uniform,1.0,0.0593236738670221,0.0035192982810808007,ok
real_vs_real,original,905000,906000,1986,0,3,0.5,uniform,1.0,0.05902057895675207,0.0034834287403902055,ok
real_vs_real,original,906000,907000,1962,0,3,0.5,uniform,1.0,0.05928612786953557,0.003514844957762922,ok
real_vs_real,original,907000,908000,1999,0,3,0.5,uniform,1.0,0.05866382769851657,0.0034414446802412406,ok
real_vs_real,original,908000,909000,1976,0,3,0.5,uniform,1.0,0.05927801262047095,0.003513882780232713,ok
real_vs_real,original,909000,910000,1835,0,3,0.5,uniform,1.0,0.059830229678310955,0.0035796563833594406,ok
real_vs_real,original,910000,911000,1855,0,3,0.5,uniform,1.0,0.05980427214773292,0.003576550967120104,ok
real_vs_real,original,911000,912000,1923,0,3,0.5,uniform,1.0,0.05965007721015296,0.00355813171117721,ok
real_vs_real,original,912000,913000,1939,0,3,0.5,uniform,1.0,0.05942909215407987,0.003531816994258118,ok
real_vs_real,original,913000,914000,1947,0,3,0.5,uniform,1.0,0.059768187224056316,0.003572236204049849,ok
real_vs_real,original,914000,915000,1905,0,3,0.5,uniform,1.0,0.05898988210790933,0.003479806191105041,ok
real_vs_real,original,915000,916000,1887,0,3,0.5,uniform,1.0,0.060068047994545855,0.003608170389875064,ok
real_vs_real,original,916000,917000,1943,0,3,0.5,uniform,1.0,0.059455316651235254,0.0035349346780986523,ok
real_vs_real,original,917000,918000,1879,0,3,0.5,uniform,1.0,0.059316349909595785,0.003518429366597604,ok
real_vs_real,original,918000,919000,1887,0,3,0.5,uniform,1.0,0.05977436528855794,0.0035729747456499598,ok
real_vs_real,original,919000,920000,1841,0,3,0.5,uniform,1.0,0.05977643004062538,0.0035732215884017805,ok
real_vs_real,original,920000,921000,1865,0,3,0.5,uniform,1.0,0.05920346756432838,0.0035050505716404824,ok
real_vs_real,original,921000,922000,1915,0,3,0.5,uniform,1.0,0.05947582952740932,0.0035373742979734543,ok
real_vs_real,original,922000,923000,1845,0,3,0.5,uniform,1.0,0.05958036644416961,0.0035498200656215316,ok
real_vs_real,original,923000,924000,1905,0,3,0.5,uniform,1.0,0.0591017829016089,0.0034930207421489095,ok
real_vs_real,original,924000,925000,1940,0,3,0.5,uniform,1.0,0.05896770664671367,0.0034771904271728798,ok
real_vs_real,original,925000,926000,1875,0,3,0.5,uniform,1.0,0.0590819027987702,0.0034906712383233306,ok
real_vs_real,original,926000,927000,1797,0,3,0.5,uniform,1.0,0.05982896766995929,0.0035795053724530347,ok
real_vs_real,original,927000,928000,1874,0,3,0.5,uniform,1.0,0.059181796603345424,0.0035024850491997476,ok
real_vs_real,original,928000,929000,1774,0,3,0.5,uniform,1.0,0.05972695137441035,0.003567308720481178,ok
real_vs_real,original,929000,930000,1920,0,3,0.5,uniform,1.0,0.059569384685265875,0.0035485115917811886,ok
real_vs_real,original,930000,931000,1832,0,3,0.5,uniform,1.0,0.0597726747526695,0.0035727726470884138,ok
real_vs_real,original,931000,932000,1898,0,3,0.5,uniform,1.0,0.0593796605035689,0.003525944081519101,ok
real_vs_real,original,932000,933000,1837,0,3,0.5,uniform,1.0,0.05899354614847364,0.0034802384871720883,ok
real_vs_real,original,933000,934000,1742,0,3,0.5,uniform,1.0,0.06078813936436509,0.0036951978873814724,ok
real_vs_real,original,934000,935000,1826,0,3,0.5,uniform,1.0,0.05965081411534962,0.0035582196246239936,ok
real_vs_real,original,935000,936000,1783,0,3,0.5,uniform,1.0,0.05923258174191131,0.003508498739812205,ok
real_vs_real,original,936000,937000,1782,0,3,0.5,uniform,1.0,0.06013141805785858,0.003615787437648961,ok
real_vs_real,original,937000,938000,1756,0,3,0.5,uniform,1.0,0.05981245748646012,0.0035775300705695994,ok
real_vs_real,original,938000,939000,1818,0,3,0.5,uniform,1.0,0.059293243475967684,0.0035156887219003844,ok
real_vs_real,original,939000,940000,1756,0,3,0.5,uniform,1.0,0.059874641647304896,0.003584972712393178,ok
real_vs_real,original,940000,941000,1779,0,3,0.5,uniform,1.0,0.0600925802218979,0.003611118197725235,ok
real_vs_real,original,941000,942000,1782,0,3,0.5,uniform,1.0,0.05964162783550727,0.003557123770869156,ok
real_vs_real,original,942000,943000,1721,0,3,0.5,uniform,1.0,0.05976609069529466,0.003571985596998187,ok
real_vs_real,original,943000,944000,1730,0,3,0.5,uniform,1.0,0.05969398841405352,0.0035633722527771555,ok
real_vs_real,original,944000,945000,1711,0,3,0.5,uniform,1.0,0.06039812159556784,0.003647933092272998,ok
real_vs_real,original,945000,946000,1709,0,3,0.5,uniform,1.0,0.05964392026282846,0.00355739722431864,ok
real_vs_real,original,946000,947000,1783,0,3,0.5,uniform,1.0,0.05983434750240207,0.0035801491410382084,ok
real_vs_real,original,947000,948000,1717,0,3,0.5,uniform,1.0,0.059906000656553625,0.003588728914663003,ok
real_vs_real,original,948000,949000,1693,0,3,0.5,uniform,1.0,0.060209580577490165,0.0036251935933172812,ok
real_vs_real,original,949000,950000,1704,0,3,0.5,uniform,1.0,0.059811629731957264,0.0035774310511927543,ok
real_vs_real,original,950000,951000,1755,0,3,0.5,uniform,1.0,0.06015117186136826,0.0036181634762958606,ok
real_vs_real,original,951000,952000,1641,0,3,0.5,uniform,1.0,0.06064290795406066,0.003677562285124674,ok
real_vs_real,original,952000,953000,1750,0,3,0.5,uniform,1.0,0.059745260608257286,0.0035694961651485794,ok
real_vs_real,original,953000,954000,1667,0,3,0.5,uniform,1.0,0.060275495286047504,0.003633135331978335,ok
real_vs_real,original,954000,955000,1745,0,3,0.5,uniform,1.0,0.059348039299850455,0.0035221897687365937,ok
real_vs_real,original,955000,956000,1657,0,3,0.5,uniform,1.0,0.060531786030513235,0.003664097120043837,ok
real_vs_real,original,956000,957000,1671,0,3,0.5,uniform,1.0,0.05996069704446313,0.0035952851900578893,ok
real_vs_real,original,957000,958000,1699,0,3,0.5,uniform,1.0,0.05948120084861692,0.003538013254393506,ok
real_vs_real,original,958000,959000,1709,0,3,0.5,uniform,1.0,0.05972707284848949,0.003567323231048771,ok
real_vs_real,original,959000,960000,1683,0,3,0.5,uniform,1.0,0.06012888872853578,0.0036154832597286367,ok
real_vs_real,original,960000,961000,1629,0,3,0.5,uniform,1.0,0.05977101559025796,0.00357257430469086,ok
real_vs_real,original,961000,962000,1708,0,3,0.5,uniform,1.0,0.059946910221483934,0.003593632045102655,ok
real_vs_real,original,962000,963000,1650,0,3,0.5,uniform,1.0,0.05951341645215046,0.0035418467378070936,ok
real_vs_real,original,963000,964000,1630,0,3,0.5,uniform,1.0,0.060261487486057544,0.0036314468740322697,ok
real_vs_real,original,964000,965000,1631,0,3,0.5,uniform,1.0,0.05973705058396802,0.003568515212471554,ok
real_vs_real,original,965000,966000,1717,0,3,0.5,uniform,1.0,0.05947827682511095,0.0035376654140845303,ok
real_vs_real,original,966000,967000,1617,0,3,0.5,uniform,1.0,0.059852744808806174,0.0035823510611480746,ok
real_vs_real,original,967000,968000,1626,0,3,0.5,uniform,1.0,0.06000721038198051,0.0036008652978272693,ok
real_vs_real,original,968000,969000,1668,0,3,0.5,uniform,1.0,0.059032416489230695,0.003484826196557996,ok
real_vs_real,original,969000,970000,1629,0,3,0.5,uniform,1.0,0.05961410667033576,0.0035538417141021705,ok
real_vs_real,original,970000,971000,1700,0,3,0.5,uniform,1.0,0.05836195310429313,0.0034061175701477105,ok
real_vs_real,original,971000,972000,1599,0,3,0.5,uniform,1.0,0.05936007752160311,0.003523618803370731,ok
real_vs_real,original,972000,973000,1630,0,3,0.5,uniform,1.0,0.05885122675169143,0.003463466890179001,ok
real_vs_real,original,973000,974000,1662,0,3,0.5,uniform,1.0,0.058684941112255605,0.0034439223133489083,ok
real_vs_real,original,974000,975000,1672,0,3,0.5,uniform,1.0,0.057906521833877005,0.003353165270897274,ok
real_vs_real,original,975000,976000,1607,0,3,0.5,uniform,1.0,0.05837832117345881,0.003408028383031509,ok
real_vs_real,original,976000,977000,1715,0,3,0.5,uniform,1.0,0.05741730411794627,0.0032967468121727302,ok
real_vs_real,original,977000,978000,1559,0,3,0.5,uniform,1.0,0.057475526284823025,0.003303436121717382,ok
real_vs_real,original,978000,979000,1637,0,3,0.5,uniform,1.0,0.05645220720122101,0.0031868516978895895,ok
real_vs_real,original,979000,980000,1660,0,3,0.5,uniform,1.0,0.05640443681999394,0.0031814604929806885,ok
real_vs_real,original,980000,981000,1697,0,3,0.5,uniform,1.0,0.055040588412902554,0.0030294663728385428,ok
real_vs_real,original,981000,982000,1653,0,3,0.5,uniform,1.0,0.05511348858614391,0.003037496624135015,ok
real_vs_real,original,982000,983000,1585,0,3,0.5,uniform,1.0,0.05363028211703389,0.0028762071599526453,ok
real_vs_real,original,983000,984000,1677,0,3,0.5,uniform,1.0,0.052210763871564654,0.0027259638640522808,ok
real_vs_real,original,984000,985000,1598,0,3,0.5,uniform,1.0,0.05145864035994668,0.002647991667694333,ok
real_vs_real,original,985000,986000,1603,0,3,0.5,uniform,1.0,0.04941811404911576,0.002442149996171412,ok
real_vs_real,original,986000,987000,1652,0,3,0.5,uniform,1.0,0.049572998492145436,0.0024574821795022538,ok
real_vs_real,original,987000,988000,1638,0,3,0.5,uniform,1.0,0.04781589365427925,0.002286359685957342,ok
real_vs_real,original,988000,989000,1678,0,3,0.5,uniform,1.0,0.0467401293170539,0.002184639688574922,ok
real_vs_real,original,989000,990000,1643,0,3,0.5,uniform,1.0,0.044613234150537244,0.0019903406613706624,ok
real_vs_real,original,990000,991000,1644,0,3,0.5,uniform,1.0,0.0438978103088815,0.0019270177499145426,ok
real_vs_real,original,991000,992000,1679,0,3,0.5,uniform,1.0,0.04161979274889411,0.0017322071484608987,ok
real_vs_real,original,992000,993000,1633,0,3,0.5,uniform,1.0,0.040004324580060244,0.001600345985106812,ok
real_vs_real,original,993000,994000,1656,0,3,0.5,uniform,1.0,0.038866913068170354,0.0015106369314487117,ok
real_vs_real,original,994000,995000,1655,0,3,0.5,uniform,1.0,0.0361847003354384,0.0013093325383654758,ok
real_vs_real,original,995000,996000,1695,0,3,0.5,uniform,1.0,0.03620049334520585,0.0013104757184362928,ok
real_vs_real,original,996000,997000,1675,0,3,0.5,uniform,1.0,0.03611103353940171,0.0013040067432837955,ok
real_vs_real,original,997000,998000,1586,0,3,0.5,uniform,1.0,0.03552557563248322,0.0012620665240192855,ok
real_vs_real,original,998000,999000,1664,0,3,0.5,uniform,1.0,0.03579002037348072,0.001280925558334165,ok
real_vs_real,original,999000,1000000,1637,0,3,0.5,uniform,1.0,0.03585450609397682,0.001285545607243021,ok
real_vs_real,original,1000000,1001000,1665,0,3,0.5,uniform,1.0,0.037102844434375844,0.0013766210651214943,ok
real_vs_real,original,1001000,1002000,1603,0,3,0.5,uniform,1.0,0.03835110427754094,0.0014708071993068186,ok
real_vs_real,original,1002000,1003000,1675,0,3,0.5,uniform,1.0,0.04010941126568362,0.0016087648720797482,ok
real_vs_real,original,1003000,1004000,1597,0,3,0.5,uniform,1.0,0.04222326968701302,0.0017828045030622323,ok
real_vs_real,original,1004000,1005000,1673,0,3,0.5,uniform,1.0,0.043285024888631694,0.0018735933796094654,ok
real_vs_real,original,1005000,1006000,1616,0,3,0.5,uniform,1.0,0.0454026608453253,0.002061401611835635,ok
real_vs_real,original,1006000,1007000,1639,0,3,0.5,uniform,1.0,0.04678048376983577,0.002188413661739868,ok
real_vs_real,original,1007000,1008000,1682,0,3,0.5,uniform,1.0,0.04826043902095994,0.0023290699744957927,ok
real_vs_real,original,1008000,1009000,1641,0,3,0.5,uniform,1.0,0.05068897326131425,0.0025693720102862314,ok
real_vs_real,original,1009000,1010000,1643,0,3,0.5,uniform,1.0,0.052095050075384765,0.002713894242356846,ok
real_vs_real,original,1010000,1011000,1692,0,3,0.5,uniform,1.0,0.052976718996156455,0.002806532755597724,ok
real_vs_real,original,1011000,1012000,1674,0,3,0.5,uniform,1.0,0.05363502084599227,0.002876715461150025,ok
real_vs_real,original,1012000,1013000,1752,0,3,0.5,uniform,1.0,0.05363479828225446,0.002876691586778126,ok
real_vs_real,original,1013000,1014000,1672,0,3,0.5,uniform,1.0,0.055110136847880166,0.0030371271833920794,ok
real_vs_real,original,1014000,1015000,1645,0,3,0.5,uniform,1.0,0.05599675248747648,0.0031356362891437036,ok
v2e_vs_real,original,15000,16000,3703,0,3,0.5,uniform,1.0,0.07328569600891231,0.005370793239510705,ok
v2e_vs_real,original,16000,17000,3755,0,3,0.5,uniform,1.0,0.07218793967193626,0.0052110986340791095,ok
v2e_vs_real,original,17000,18000,3828,0,3,0.5,uniform,1.0,0.07199837880818828,0.005183766551007375,ok
v2e_vs_real,original,18000,19000,3766,0,3,0.5,uniform,1.0,0.07412984248888929,0.005495233547427535,ok
v2e_vs_real,original,19000,20000,7617,0,3,0.5,uniform,1.0,0.05581926665645172,0.0031157905300640623,ok
v2e_vs_real,original,20000,21000,4016,0,3,0.5,uniform,1.0,0.06848609189840373,0.0046903447835166,ok
v2e_vs_real,original,21000,22000,4094,0,3,0.5,uniform,1.0,0.06905857698935802,0.004769087055795089,ok
v2e_vs_real,original,22000,23000,4007,0,3,0.5,uniform,1.0,0.07047834010858346,0.004967196424461163,ok
v2e_vs_real,original,23000,24000,4013,0,3,0.5,uniform,1.0,0.06972203976173118,0.004861162828536423,ok
v2e_vs_real,original,24000,25000,4061,0,3,0.5,uniform,1.0,0.06980576320109264,0.0048728445760870195,ok
v2e_vs_real,original,25000,26000,3987,0,3,0.5,uniform,1.0,0.07066373543233904,0.0049933635052516094,ok
v2e_vs_real,original,26000,27000,4080,0,3,0.5,uniform,1.0,0.07181407352902568,0.005157261156832306,ok
v2e_vs_real,original,27000,28000,8715,0,3,0.5,uniform,1.0,0.05521667631237513,0.003048881342985609,ok
v2e_vs_real,original,28000,29000,4646,0,3,0.5,uniform,1.0,0.06777984941777662,0.004594107987096474,ok
v2e_vs_real,original,29000,30000,4592,0,3,0.5,uniform,1.0,0.06796213373380393,0.004618851621651449,ok
v2e_vs_real,original,30000,31000,4399,0,3,0.5,uniform,1.0,0.06931347415757373,0.004804357699792641,ok
v2e_vs_real,original,31000,32000,5656,0,3,0.5,uniform,1.0,0.057892123418581805,0.003351497953912308,ok
v2e_vs_real,original,32000,33000,5924,0,3,0.5,uniform,1.0,0.057679166154019725,0.0033268862082230146,ok
v2e_vs_real,original,33000,34000,5971,0,3,0.5,uniform,1.0,0.05842687689317321,0.0034136999434900175,ok
v2e_vs_real,original,34000,35000,5378,0,3,0.5,uniform,1.0,0.06061157031949601,0.0036737624565952092,ok
v2e_vs_real,original,35000,36000,5296,0,3,0.5,uniform,1.0,0.06208545356557282,0.0038546035444428995,ok
v2e_vs_real,original,36000,37000,4999,0,3,0.5,uniform,1.0,0.06485269872165747,0.004205872531482073,ok
v2e_vs_real,original,37000,38000,9268,0,3,0.5,uniform,1.0,0.056130935779086504,0.0031506819514359337,ok
v2e_vs_real,original,38000,39000,4355,0,3,0.5,uniform,1.0,0.07131627210226077,0.005086010666563698,ok
v2e_vs_real,original,39000,40000,4403,0,3,0.5,uniform,1.0,0.06999583069129353,0.0048994163141642295,ok
v2e_vs_real,original,40000,41000,4256,0,3,0.5,uniform,1.0,0.07285997407640261,0.005308575822414061,ok
v2e_vs_real,original,41000,42000,4207,0,3,0.5,uniform,1.0,0.07344429352728636,0.0053940642517221965,ok
v2e_vs_real,original,42000,43000,3959,0,3,0.5,uniform,1.0,0.07689745734163805,0.005913218945609045,ok
v2e_vs_real,original,43000,44000,4055,0,3,0.5,uniform,1.0,0.076137503316019,0.005796919411196803,ok
v2e_vs_real,original,44000,45000,3951,0,3,0.5,uniform,1.0,0.07691004153763425,0.005915154489320627,ok
v2e_vs_real,original,45000,46000,3980,0,3,0.5,uniform,1.0,0.07760360142390425,0.006022318953960193,ok
v2e_vs_real,original,46000,47000,7520,0,3,0.5,uniform,1.0,0.06433730533427388,0.004139288857675587,ok
v2e_vs_real,original,47000,48000,4107,0,3,0.5,uniform,1.0,0.07681841869424434,0.005901069450684229,ok
v2e_vs_real,original,48000,49000,4101,0,3,0.5,uniform,1.0,0.07597148123033406,0.005771665960331002,ok
v2e_vs_real,original,49000,50000,3995,0,3,0.5,uniform,1.0,0.07816752484922326,0.006110161941053936,ok
v2e_vs_real,original,50000,51000,3916,0,3,0.5,uniform,1.0,0.08010052934800807,0.006416094801831102,ok
v2e_vs_real,original,51000,52000,3898,0,3,0.5,uniform,1.0,0.08009647738037777,0.006415445688745367,ok
v2e_vs_real,original,52000,53000,3984,0,3,0.5,uniform,1.0,0.07921138056963807,0.006274442811748035,ok
v2e_vs_real,original,53000,54000,3778,0,3,0.5,uniform,1.0,0.08221026522658892,0.006758527708626095,ok
v2e_vs_real,original,54000,55000,3774,0,3,0.5,uniform,1.0,0.08262745486926124,0.006827296298171803,ok
v2e_vs_real,original,55000,56000,7460,0,3,0.5,uniform,1.0,0.06589178498760191,0.004341727328852361,ok
v2e_vs_real,original,56000,57000,3771,0,3,0.5,uniform,1.0,0.082459675934018,0.006799598155143267,ok
v2e_vs_real,original,57000,58000,3746,0,3,0.5,uniform,1.0,0.08333276429537748,0.00694434960510894,ok
v2e_vs_real,original,58000,59000,3681,0,3,0.5,uniform,1.0,0.08341737368359148,0.006958458232267941,ok
v2e_vs_real,original,59000,60000,3807,0,3,0.5,uniform,1.0,0.081954286890245,0.006716505139688585,ok
v2e_vs_real,original,60000,61000,3701,0,3,0.5,uniform,1.0,0.08360488302679714,0.006989776465924432,ok
v2e_vs_real,original,61000,62000,3750,0,3,0.5,uniform,1.0,0.08325222017022335,0.006930932163271343,ok
v2e_vs_real,original,62000,63000,3672,0,3,0.5,uniform,1.0,0.08342869803409231,0.006960347655663757,ok
v2e_vs_real,original,63000,64000,3745,0,3,0.5,uniform,1.0,0.08214301514736515,0.0067474749375002595,ok
v2e_vs_real,original,64000,65000,7570,0,3,0.5,uniform,1.0,0.06362405721071471,0.004048020655952298,ok
v2e_vs_real,original,65000,66000,3983,0,3,0.5,uniform,1.0,0.07595563960331558,0.005769259187548763,ok
v2e_vs_real,original,66000,67000,3962,0,3,0.5,uniform,1.0,0.07628015577206113,0.0058186621646099095,ok
v2e_vs_real,original,67000,68000,3915,0,3,0.5,uniform,1.0,0.0784797229052589,0.006159066907286218,ok
v2e_vs_real,original,68000,69000,3850,0,3,0.5,uniform,1.0,0.0796617254685094,0.006345990504620159,ok
v2e_vs_real,original,69000,70000,3652,0,3,0.5,uniform,1.0,0.08189655426312199,0.006707045600172485,ok
v2e_vs_real,original,70000,71000,3612,0,3,0.5,uniform,1.0,0.08391345426925338,0.007041467807398078,ok
v2e_vs_real,original,71000,72000,3613,0,3,0.5,uniform,1.0,0.08403746893289425,0.007062296184647167,ok
v2e_vs_real,original,72000,73000,3507,0,3,0.5,uniform,1.0,0.08508134176196135,0.007238834716015667,ok
v2e_vs_real,original,73000,74000,7036,0,3,0.5,uniform,1.0,0.06814588377550757,0.004643861475544985,ok
v2e_vs_real,original,74000,75000,3523,0,3,0.5,uniform,1.0,0.08528323915365613,0.007273230880539706,ok
v2e_vs_real,original,75000,76000,3370,0,3,0.5,uniform,1.0,0.08788168855376781,0.007723191183061444,ok
v2e_vs_real,original,76000,77000,3531,0,3,0.5,uniform,1.0,0.08679580768939124,0.007533512232453787,ok
v2e_vs_real,original,77000,78000,3425,0,3,0.5,uniform,1.0,0.08746463123692384,0.007650061717411073,ok
v2e_vs_real,original,78000,79000,3465,0,3,0.5,uniform,1.0,0.08706528432587422,0.00758036373474532,ok
v2e_vs_real,original,79000,80000,3367,0,3,0.5,uniform,1.0,0.08858363701598532,0.007847060746979844,ok
v2e_vs_real,original,80000,81000,3458,0,3,0.5,uniform,1.0,0.08781153275557207,0.007710865284882908,ok
v2e_vs_real,original,81000,82000,3641,0,3,0.5,uniform,1.0,0.08552985114310699,0.007315355436562039,ok
v2e_vs_real,original,82000,83000,7245,0,3,0.5,uniform,1.0,0.06721056819987191,0.004517260477749633,ok
v2e_vs_real,original,83000,84000,3604,0,3,0.5,uniform,1.0,0.08547480920651698,0.00730594300889048,ok
v2e_vs_real,original,84000,85000,3635,0,3,0.5,uniform,1.0,0.0860107112656438,0.0073978424524219445,ok
v2e_vs_real,original,85000,86000,3517,0,3,0.5,uniform,1.0,0.08692936632877306,0.007556714730322024,ok
v2e_vs_real,original,86000,87000,3571,0,3,0.5,uniform,1.0,0.08577199941927598,0.007356835884380278,ok
v2e_vs_real,original,87000,88000,3582,0,3,0.5,uniform,1.0,0.08651790478782447,0.007485347848875059,ok
v2e_vs_real,original,88000,89000,3699,0,3,0.5,uniform,1.0,0.08508179170224021,0.007238911279263392,ok
v2e_vs_real,original,89000,90000,3610,0,3,0.5,uniform,1.0,0.08562442504237931,0.007331542163838033,ok
v2e_vs_real,original,90000,91000,3558,0,3,0.5,uniform,1.0,0.08682065861181602,0.007537826761789505,ok
v2e_vs_real,original,91000,92000,7144,0,3,0.5,uniform,1.0,0.06844266359491102,0.004684398199966159,ok
v2e_vs_real,original,92000,93000,3638,0,3,0.5,uniform,1.0,0.08576755381052875,0.007356073286641946,ok
v2e_vs_real,original,93000,94000,3618,0,3,0.5,uniform,1.0,0.08574720753224205,0.007352583599577388,ok
v2e_vs_real,original,94000,95000,3602,0,3,0.5,uniform,1.0,0.08553043497790802,0.007315455307510151,ok
v2e_vs_real,original,95000,96000,3571,0,3,0.5,uniform,1.0,0.08596380415667454,0.007389775625087095,ok
v2e_vs_real,original,96000,97000,3598,0,3,0.5,uniform,1.0,0.08572042590374894,0.007347991417120113,ok
v2e_vs_real,original,97000,98000,3646,0,3,0.5,uniform,1.0,0.08435896235887497,0.007116434530266083,ok
v2e_vs_real,original,98000,99000,3631,0,3,0.5,uniform,1.0,0.0808774515302955,0.006541162166035298,ok
v2e_vs_real,original,99000,100000,3744,0,3,0.5,uniform,1.0,0.07955993789472418,0.006329783717812369,ok
v2e_vs_real,original,100000,101000,7637,0,3,0.5,uniform,1.0,0.06409617963004774,0.004108320243167347,ok
v2e_vs_real,original,101000,102000,3625,0,3,0.5,uniform,1.0,0.08220447359000767,0.006757575478210267,ok
v2e_vs_real,original,102000,103000,3569,0,3,0.5,uniform,1.0,0.08339654424263626,0.0069549835916139875,ok
v2e_vs_real,original,103000,104000,3554,0,3,0.5,uniform,1.0,0.08467320485342444,0.007169551620149981,ok
v2e_vs_real,original,104000,105000,3522,0,3,0.5,uniform,1.0,0.08459628429302277,0.00715653131618593,ok
v2e_vs_real,original,105000,106000,3552,0,3,0.5,uniform,1.0,0.08456423156920505,0.007151109260890136,ok
v2e_vs_real,original,106000,107000,3438,0,3,0.5,uniform,1.0,0.08583447404466539,0.007367556934524336,ok
v2e_vs_real,original,107000,108000,3463,0,3,0.5,uniform,1.0,0.08569972797483302,0.007344443374960378,ok
v2e_vs_real,original,108000,109000,3430,0,3,0.5,uniform,1.0,0.08548652076910486,0.007307945233206596,ok
v2e_vs_real,original,109000,110000,3344,0,3,0.5,uniform,1.0,0.08549216122633711,0.007308909631150019,ok
v2e_vs_real,original,110000,111000,6732,0,3,0.5,uniform,1.0,0.06870147902925312,0.004719893220806906,ok
v2e_vs_real,original,111000,112000,3327,0,3,0.5,uniform,1.0,0.08704502153919418,0.0075768357747587785,ok
v2e_vs_real,original,112000,113000,3350,0,3,0.5,uniform,1.0,0.08801815185188679,0.007747195055421802,ok
v2e_vs_real,original,113000,114000,3325,0,3,0.5,uniform,1.0,0.08712946943841993,0.007591544444620553,ok
v2e_vs_real,original,114000,115000,3424,0,3,0.5,uniform,1.0,0.08649493382386218,0.007481373577194298,ok
v2e_vs_real,original,115000,116000,3437,0,3,0.5,uniform,1.0,0.08598919074479354,0.007394140924944487,ok
v2e_vs_real,original,116000,117000,3443,0,3,0.5,uniform,1.0,0.08586162516194684,0.007372218675450662,ok
v2e_vs_real,original,117000,118000,3447,0,3,0.5,uniform,1.0,0.08583280860319281,0.00736727103271233,ok
v2e_vs_real,original,118000,119000,3377,0,3,0.5,uniform,1.0,0.08622653263668403,0.007435014930545136,ok
v2e_vs_real,original,119000,120000,6768,0,3,0.5,uniform,1.0,0.06856936867857762,0.0047017583209787005,ok
v2e_vs_real,original,120000,121000,3485,0,3,0.5,uniform,1.0,0.0860570873320191,0.007405822280070761,ok
v2e_vs_real,original,121000,122000,3387,0,3,0.5,uniform,1.0,0.08702208515895872,0.007572843305413063,ok
v2e_vs_real,original,122000,123000,3415,0,3,0.5,uniform,1.0,0.08587901344786524,0.007375204950778619,ok
v2e_vs_real,original,123000,124000,3444,0,3,0.5,uniform,1.0,0.0863441972485105,0.007455320398489688,ok
v2e_vs_real,original,124000,125000,3433,0,3,0.5,uniform,1.0,0.08632007698374504,0.007451155690479669,ok
v2e_vs_real,original,125000,126000,3419,0,3,0.5,uniform,1.0,0.0861549263562464,0.007422671335450241,ok
v2e_vs_real,original,126000,127000,3390,0,3,0.5,uniform,1.0,0.08644713354903409,0.0074731068988445355,ok
v2e_vs_real,original,127000,128000,3438,0,3,0.5,uniform,1.0,0.08667637237198692,0.007512793527567337,ok
v2e_vs_real,original,128000,129000,6769,0,3,0.5,uniform,1.0,0.06817910062862646,0.004648389762528374,ok
v2e_vs_real,original,129000,130000,3449,0,3,0.5,uniform,1.0,0.08546095495725378,0.007303574822205759,ok
v2e_vs_real,original,130000,131000,3488,0,3,0.5,uniform,1.0,0.0832945034417659,0.00693797430361035,ok
v2e_vs_real,original,131000,132000,3301,0,3,0.5,uniform,1.0,0.08177955804312807,0.006687896113729353,ok
v2e_vs_real,original,132000,133000,2589,0,3,0.5,uniform,1.0,0.08594290731451307,0.0073861833176709826,ok
v2e_vs_real,original,133000,134000,5100,0,3,0.5,uniform,1.0,0.06846470035965664,0.004687415195337568,ok
v2e_vs_real,original,134000,135000,2457,0,3,0.5,uniform,1.0,0.08820693448728018,0.007780463291643338,ok
v2e_vs_real,original,135000,136000,4875,0,3,0.5,uniform,1.0,0.06973743735072196,0.004863310168245871,ok
v2e_vs_real,original,136000,137000,2390,0,3,0.5,uniform,1.0,0.08897409730087164,0.007916389990504973,ok
v2e_vs_real,original,137000,138000,4813,0,3,0.5,uniform,1.0,0.07007321085569339,0.004910254879626466,ok
v2e_vs_real,original,138000,139000,2390,0,3,0.5,uniform,1.0,0.08930074833602483,0.00797462365337404,ok
v2e_vs_real,original,139000,140000,4745,0,3,0.5,uniform,1.0,0.0706627856417045,0.00499322927464548,ok
v2e_vs_real,original,140000,141000,2311,0,3,0.5,uniform,1.0,0.08992538235913353,0.008086574392436364,ok
v2e_vs_real,original,141000,142000,4669,0,3,0.5,uniform,1.0,0.07140787760457527,0.005099084983990003,ok
v2e_vs_real,original,142000,143000,2337,0,3,0.5,uniform,1.0,0.09096845107374382,0.008275259090756123,ok
v2e_vs_real,original,143000,144000,4557,0,3,0.5,uniform,1.0,0.07116829666169623,0.005064926449727203,ok
v2e_vs_real,original,144000,145000,2333,0,3,0.5,uniform,1.0,0.09125766653237488,0.008327961700934135,ok
v2e_vs_real,original,145000,146000,4555,0,3,0.5,uniform,1.0,0.07089044112349423,0.005025454642683601,ok
v2e_vs_real,original,146000,147000,2347,0,3,0.5,uniform,1.0,0.09157878134484458,0.008386673192606853,ok
v2e_vs_real,original,147000,148000,4633,0,3,0.5,uniform,1.0,0.0705090314755053,0.004971523519613797,ok
v2e_vs_real,original,148000,149000,2390,0,3,0.5,uniform,1.0,0.08963900361709162,0.008035150969464966,ok
v2e_vs_real,original,149000,150000,4754,0,3,0.5,uniform,1.0,0.07049529845329269,0.004969587104018811,ok
v2e_vs_real,original,150000,151000,2317,0,3,0.5,uniform,1.0,0.08924668407503009,0.007964970618388228,ok
v2e_vs_real,original,151000,152000,4655,0,3,0.5,uniform,1.0,0.0710143558281384,0.005043038733685455,ok
v2e_vs_real,original,152000,153000,2375,0,3,0.5,uniform,1.0,0.08992003087278228,0.008085611952162118,ok
v2e_vs_real,original,153000,154000,4655,0,3,0.5,uniform,1.0,0.07085845821251197,0.005020921100254304,ok
v2e_vs_real,original,154000,155000,2341,0,3,0.5,uniform,1.0,0.09026141679878494,0.008147123362523975,ok
v2e_vs_real,original,155000,156000,4609,0,3,0.5,uniform,1.0,0.07127700058494375,0.005080410812386073,ok
v2e_vs_real,original,156000,157000,2303,0,3,0.5,uniform,1.0,0.09266924960549676,0.008587589822445861,ok
v2e_vs_real,original,157000,158000,4601,0,3,0.5,uniform,1.0,0.07142703859225814,0.005101821842059933,ok
v2e_vs_real,original,158000,159000,2309,0,3,0.5,uniform,1.0,0.09094749058306097,0.008271446043355963,ok
v2e_vs_real,original,159000,160000,4553,0,3,0.5,uniform,1.0,0.07141060911235038,0.0050994750937969,ok
v2e_vs_real,original,160000,161000,2263,0,3,0.5,uniform,1.0,0.09016803517660146,0.008130274567608838,ok
v2e_vs_real,original,161000,162000,4587,0,3,0.5,uniform,1.0,0.07089049398535932,0.005025462137488267,ok
v2e_vs_real,original,162000,163000,2314,0,3,0.5,uniform,1.0,0.09030108654929403,0.008154286231983091,ok
v2e_vs_real,original,163000,164000,4578,0,3,0.5,uniform,1.0,0.07028139224584341,0.004939474096014099,ok
v2e_vs_real,original,164000,165000,2333,0,3,0.5,uniform,1.0,0.0874561548160341,0.007648579015206124,ok
v2e_vs_real,original,165000,166000,4748,0,3,0.5,uniform,1.0,0.06542448260734823,0.004280362924439211,ok
v2e_vs_real,original,166000,167000,2440,0,3,0.5,uniform,1.0,0.0828216059075452,0.006859418405104725,ok
v2e_vs_real,original,167000,168000,4811,0,3,0.5,uniform,1.0,0.06779862789931555,0.0045966539450298495,ok
v2e_vs_real,original,168000,169000,2408,0,3,0.5,uniform,1.0,0.08690531783787364,0.0075525342685018385,ok
v2e_vs_real,original,169000,170000,4766,0,3,0.5,uniform,1.0,0.06929810167733526,0.004802226896082295,ok
v2e_vs_real,original,170000,171000,2414,0,3,0.5,uniform,1.0,0.08978519378740286,0.008061381023441486,ok
v2e_vs_real,original,171000,172000,4640,0,3,0.5,uniform,1.0,0.07110141476541125,0.00505541118164304,ok
v2e_vs_real,original,172000,173000,2269,0,3,0.5,uniform,1.0,0.09262374996381326,0.008579159057358997,ok
v2e_vs_real,original,173000,174000,4684,0,3,0.5,uniform,1.0,0.07195125818349556,0.005176983554188036,ok
v2e_vs_real,original,174000,175000,2329,0,3,0.5,uniform,1.0,0.09182392605429797,0.00843163339602518,ok
v2e_vs_real,original,175000,176000,4580,0,3,0.5,uniform,1.0,0.07250337807031682,0.005256739831607297,ok
v2e_vs_real,original,176000,177000,2257,0,3,0.5,uniform,1.0,0.09354367011524045,0.008750418218628929,ok
v2e_vs_real,original,177000,178000,4574,0,3,0.5,uniform,1.0,0.07216772083898908,0.005208179931094259,ok
v2e_vs_real,original,178000,179000,2285,0,3,0.5,uniform,1.0,0.0931528879577121,0.008677460534862062,ok
v2e_vs_real,original,179000,180000,4543,0,3,0.5,uniform,1.0,0.07210565132267809,0.005199224952667628,ok
v2e_vs_real,original,180000,181000,2284,0,3,0.5,uniform,1.0,0.09283685321059103,0.008618681314044824,ok
v2e_vs_real,original,181000,182000,4663,0,3,0.5,uniform,1.0,0.07138943334350412,0.005096451193106618,ok
v2e_vs_real,original,182000,183000,2431,0,3,0.5,uniform,1.0,0.09050443072122788,0.008191051980173536,ok
v2e_vs_real,original,183000,184000,4646,0,3,0.5,uniform,1.0,0.07108138441068082,0.005052563209738979,ok
v2e_vs_real,original,184000,185000,2219,0,3,0.5,uniform,1.0,0.09348517202042185,0.008739477387687863,ok
v2e_vs_real,original,185000,186000,4481,0,3,0.5,uniform,1.0,0.07266037623517142,0.005279530274636664,ok
v2e_vs_real,original,186000,187000,2187,0,3,0.5,uniform,1.0,0.09459269439013547,0.008947777831985566,ok
v2e_vs_real,original,187000,188000,4334,0,3,0.5,uniform,1.0,0.0731715970763927,0.005354082618709961,ok
v2e_vs_real,original,188000,189000,2125,0,3,0.5,uniform,1.0,0.09438089145912783,0.008907752672619668,ok
v2e_vs_real,original,189000,190000,4145,0,3,0.5,uniform,1.0,0.07421568893418289,0.0055079684839753965,ok
v2e_vs_real,original,190000,191000,2013,0,3,0.5,uniform,1.0,0.09639878009805396,0.009292724804392962,ok
v2e_vs_real,original,191000,192000,4012,0,3,0.5,uniform,1.0,0.07458470025038212,0.005562877511439352,ok
v2e_vs_real,original,192000,193000,2044,0,3,0.5,uniform,1.0,0.09638620845888256,0.009290301181079165,ok
v2e_vs_real,original,193000,194000,4009,0,3,0.5,uniform,1.0,0.07364927518119935,0.005424215734716026,ok
v2e_vs_real,original,194000,195000,2044,0,3,0.5,uniform,1.0,0.09425219065010979,0.008883475442344642,ok
v2e_vs_real,original,195000,196000,4010,0,3,0.5,uniform,1.0,0.07326278635626304,0.005367435864683442,ok
v2e_vs_real,original,196000,197000,2071,0,3,0.5,uniform,1.0,0.09185103215903435,0.008436612108679964,ok
v2e_vs_real,original,197000,198000,4002,0,3,0.5,uniform,1.0,0.07271808128350436,0.0052879193455543485,ok
v2e_vs_real,original,198000,199000,2258,0,3,0.5,uniform,1.0,0.08305182643191407,0.006897605873676781,ok
v2e_vs_real,original,199000,200000,4343,0,3,0.5,uniform,1.0,0.06677879905384952,0.004459408003074413,ok
v2e_vs_real,original,200000,201000,2137,0,3,0.5,uniform,1.0,0.0854698284019625,0.007305091567060915,ok
v2e_vs_real,original,201000,202000,4159,0,3,0.5,uniform,1.0,0.06870478263005529,0.0047203471562431475,ok
v2e_vs_real,original,202000,203000,2052,0,3,0.5,uniform,1.0,0.08887484053260133,0.007898737279695317,ok
v2e_vs_real,original,203000,204000,4063,0,3,0.5,uniform,1.0,0.06975225350766313,0.0048653768693973035,ok
v2e_vs_real,original,204000,205000,2050,0,3,0.5,uniform,1.0,0.09000902629306354,0.008101624814225404,ok
v2e_vs_real,original,205000,206000,3940,0,3,0.5,uniform,1.0,0.07111237943987808,0.005056970509601195,ok
v2e_vs_real,original,206000,207000,1966,0,3,0.5,uniform,1.0,0.09362645405861296,0.008765912899589563,ok
v2e_vs_real,original,207000,208000,3945,0,3,0.5,uniform,1.0,0.0727492136331444,0.005292448084240884,ok
v2e_vs_real,original,208000,209000,1887,0,3,0.5,uniform,1.0,0.09464291873486319,0.008957282066653917,ok
v2e_vs_real,original,209000,210000,3870,0,3,0.5,uniform,1.0,0.07314559671387284,0.0053502783186285255,ok
v2e_vs_real,original,210000,211000,1909,0,3,0.5,uniform,1.0,0.09471044737117985,0.008970068841249028,ok
v2e_vs_real,original,211000,212000,3818,0,3,0.5,uniform,1.0,0.07357680859078701,0.00541354676240531,ok
v2e_vs_real,original,212000,213000,1936,0,3,0.5,uniform,1.0,0.09417639776888645,0.008869193896723521,ok
v2e_vs_real,original,213000,214000,3793,0,3,0.5,uniform,1.0,0.07360263057894793,0.005417347228141082,ok
v2e_vs_real,original,214000,215000,1957,0,3,0.5,uniform,1.0,0.09407255532613185,0.008849645665588136,ok
v2e_vs_real,original,215000,216000,4008,0,3,0.5,uniform,1.0,0.07231753835928074,0.005229826354346043,ok
v2e_vs_real,original,216000,217000,1931,0,3,0.5,uniform,1.0,0.09390306998996671,0.008817786553540586,ok
v2e_vs_real,original,217000,218000,3943,0,3,0.5,uniform,1.0,0.07340545301566632,0.005388360532435196,ok
v2e_vs_real,original,218000,219000,2059,0,3,0.5,uniform,1.0,0.09417787188887865,0.008869471553518039,ok
v2e_vs_real,original,219000,220000,3939,0,3,0.5,uniform,1.0,0.07465753221698852,0.00557374711673068,ok
v2e_vs_real,original,220000,221000,1907,0,3,0.5,uniform,1.0,0.09604961398189685,0.009225528346071394,ok
v2e_vs_real,original,221000,222000,3808,0,3,0.5,uniform,1.0,0.07467963598704605,0.0055770480311577025,ok
v2e_vs_real,original,222000,223000,1847,0,3,0.5,uniform,1.0,0.09639489477426699,0.009291975738542006,ok
v2e_vs_real,original,223000,224000,3658,0,3,0.5,uniform,1.0,0.07415796682763037,0.005499404044007926,ok
v2e_vs_real,original,224000,225000,1759,0,3,0.5,uniform,1.0,0.09742195187402407,0.00949103670694466,ok
v2e_vs_real,original,225000,226000,3447,0,3,0.5,uniform,1.0,0.07470405322519849,0.005580695568273289,ok
v2e_vs_real,original,226000,227000,1646,0,3,0.5,uniform,1.0,0.09930291576423246,0.009861069079278247,ok
v2e_vs_real,original,227000,228000,3336,0,3,0.5,uniform,1.0,0.07478863831621906,0.005593340421194229,ok
v2e_vs_real,original,228000,229000,1646,0,3,0.5,uniform,1.0,0.0967987578602699,0.009369999523291163,ok
v2e_vs_real,original,229000,230000,3332,0,3,0.5,uniform,1.0,0.07365131322202662,0.0054245159393290715,ok
v2e_vs_real,original,230000,231000,1629,0,3,0.5,uniform,1.0,0.0972428060366712,0.009456163325885657,ok
v2e_vs_real,original,231000,232000,3559,0,3,0.5,uniform,1.0,0.06939589687657809,0.0048157905033046604,ok
v2e_vs_real,original,232000,233000,1856,0,3,0.5,uniform,1.0,0.08664792748084209,0.007507863336725269,ok
v2e_vs_real,original,233000,234000,3504,0,3,0.5,uniform,1.0,0.0695799616307547,0.0048413710605372945,ok
v2e_vs_real,original,234000,235000,1775,0,3,0.5,uniform,1.0,0.08940677351656778,0.007993571150642847,ok
v2e_vs_real,original,235000,236000,3282,0,3,0.5,uniform,1.0,0.07211195330187432,0.005200133809011702,ok
v2e_vs_real,original,236000,237000,1649,0,3,0.5,uniform,1.0,0.09317101774930077,0.008680838548440518,ok
v2e_vs_real,original,237000,238000,3193,0,3,0.5,uniform,1.0,0.07395134857262947,0.005468801955710547,ok
v2e_vs_real,original,238000,239000,1569,0,3,0.5,uniform,1.0,0.09665456121269184,0.009342104203217993,ok
v2e_vs_real,original,239000,240000,3071,0,3,0.5,uniform,1.0,0.07522902741746948,0.005659406566178374,ok
v2e_vs_real,original,240000,241000,1561,0,3,0.5,uniform,1.0,0.09628868513810626,0.009271510885625365,ok
v2e_vs_real,original,241000,242000,3097,0,3,0.5,uniform,1.0,0.07593518802591387,0.0057661527805308935,ok
v2e_vs_real,original,242000,243000,1483,0,3,0.5,uniform,1.0,0.10072576698577153,0.01014568013487194,ok
v2e_vs_real,original,243000,244000,3023,0,3,0.5,uniform,1.0,0.0769844915484226,0.00592661193896915,ok
v2e_vs_real,original,244000,245000,1486,0,3,0.5,uniform,1.0,0.10092850189135785,0.010186562494033826,ok
v2e_vs_real,original,245000,246000,3018,0,3,0.5,uniform,1.0,0.0760177992322636,0.005778705800116735,ok
v2e_vs_real,original,246000,247000,1530,0,3,0.5,uniform,1.0,0.09842050201469174,0.009686595216823942,ok
v2e_vs_real,original,247000,248000,3004,0,3,0.5,uniform,1.0,0.07690618939828874,0.005914561967765458,ok
v2e_vs_real,original,248000,249000,1569,0,3,0.5,uniform,1.0,0.09790821183562207,0.009586017944849045,ok
v2e_vs_real,original,249000,250000,3103,0,3,0.5,uniform,1.0,0.07592319900908463,0.0057643321477730694,ok
v2e_vs_real,original,250000,251000,1522,0,3,0.5,uniform,1.0,0.10001522247745903,0.010003044727215627,ok
v2e_vs_real,original,251000,252000,3013,0,3,0.5,uniform,1.0,0.07712676880124775,0.005948538465721124,ok
v2e_vs_real,original,252000,253000,1500,0,3,0.5,uniform,1.0,0.10219700996662177,0.01044422884611779,ok
v2e_vs_real,original,253000,254000,3024,0,3,0.5,uniform,1.0,0.07730266574340836,0.00597570213103712,ok
v2e_vs_real,original,254000,255000,1503,0,3,0.5,uniform,1.0,0.0992697139148156,0.009854476100729332,ok
v2e_vs_real,original,255000,256000,2947,0,3,0.5,uniform,1.0,0.0781163295778564,0.006102160946716283,ok
v2e_vs_real,original,256000,257000,1487,0,3,0.5,uniform,1.0,0.10142720593136136,0.010287478103042785,ok
v2e_vs_real,original,257000,258000,2968,0,3,0.5,uniform,1.0,0.07738201838944926,0.005987976770025064,ok
v2e_vs_real,original,258000,259000,1513,0,3,0.5,uniform,1.0,0.1003113949992645,0.010062375966698466,ok
v2e_vs_real,original,259000,260000,3016,0,3,0.5,uniform,1.0,0.07709702679597079,0.005943951540778638,ok
v2e_vs_real,original,260000,261000,1504,0,3,0.5,uniform,1.0,0.09901112002275032,0.00980320188815947,ok
v2e_vs_real,original,261000,262000,3098,0,3,0.5,uniform,1.0,0.07556137374747017,0.005709521202604874,ok
v2e_vs_real,original,262000,263000,1522,0,3,0.5,uniform,1.0,0.09838612846027865,0.009679830273402452,ok
v2e_vs_real,original,263000,264000,3029,0,3,0.5,uniform,1.0,0.07588752146729595,0.005758915914449304,ok
v2e_vs_real,original,264000,265000,1569,0,3,0.5,uniform,1.0,0.09591029944865846,0.009198785540331334,ok
v2e_vs_real,original,265000,266000,4761,0,3,0.5,uniform,1.0,0.06586465932568511,0.004338153348088559,ok
v2e_vs_real,original,266000,267000,2780,0,3,0.5,uniform,1.0,0.07936456674485992,0.0062987344545993255,ok
v2e_vs_real,original,267000,268000,2835,0,3,0.5,uniform,1.0,0.08047052726321506,0.006475505758019837,ok
v2e_vs_real,original,268000,269000,2791,0,3,0.5,uniform,1.0,0.08114663439539493,0.006584776273699893,ok
v2e_vs_real,original,269000,270000,2818,0,3,0.5,uniform,1.0,0.08200584015324197,0.0067249578192390734,ok
v2e_vs_real,original,270000,271000,2674,0,3,0.5,uniform,1.0,0.08573160514143593,0.007349908120127085,ok
v2e_vs_real,original,271000,272000,2806,0,3,0.5,uniform,1.0,0.0840078838784104,0.007057324553728486,ok
v2e_vs_real,original,272000,273000,2728,0,3,0.5,uniform,1.0,0.08687726924543081,0.007547659911543079,ok
v2e_vs_real,original,273000,274000,2688,0,3,0.5,uniform,1.0,0.0865750941500399,0.007495246927088273,ok
v2e_vs_real,original,274000,275000,2656,0,3,0.5,uniform,1.0,0.08853865417529765,0.00783909328317295,ok
v2e_vs_real,original,275000,276000,2773,0,3,0.5,uniform,1.0,0.08812717861980031,0.007766399611486188,ok
v2e_vs_real,original,276000,277000,2760,0,3,0.5,uniform,1.0,0.0876280744152533,0.00767867942572517,ok
v2e_vs_real,original,277000,278000,2807,0,3,0.5,uniform,1.0,0.08781981821140802,0.007712320470684753,ok
v2e_vs_real,original,278000,279000,2764,0,3,0.5,uniform,1.0,0.08800347333219433,0.007744611318530239,ok
v2e_vs_real,original,279000,280000,2773,0,3,0.5,uniform,1.0,0.08880096380565586,0.007885611172813401,ok
v2e_vs_real,original,280000,281000,2793,0,3,0.5,uniform,1.0,0.0879447416693307,0.007734277587285312,ok
v2e_vs_real,original,281000,282000,2987,0,3,0.5,uniform,1.0,0.08385206465225307,0.007031168746445629,ok
v2e_vs_real,original,282000,283000,2912,0,3,0.5,uniform,1.0,0.08595598762534415,0.007388431808648316,ok
v2e_vs_real,original,283000,284000,2846,0,3,0.5,uniform,1.0,0.08703244653125554,0.007574646749215855,ok
v2e_vs_real,original,284000,285000,2801,0,3,0.5,uniform,1.0,0.0887765985942512,0.007881284457964804,ok
v2e_vs_real,original,285000,286000,2837,0,3,0.5,uniform,1.0,0.08699032897262923,0.007567317334766257,ok
v2e_vs_real,original,286000,287000,2775,0,3,0.5,uniform,1.0,0.08895808710313226,0.007913541261048465,ok
v2e_vs_real,original,287000,288000,2764,0,3,0.5,uniform,1.0,0.09040444167617553,0.008172963074781023,ok
v2e_vs_real,original,288000,289000,2765,0,3,0.5,uniform,1.0,0.08885318649050265,0.007894888749516042,ok
v2e_vs_real,original,289000,290000,2796,0,3,0.5,uniform,1.0,0.09017058935043264,0.008130735183804355,ok
v2e_vs_real,original,290000,291000,2824,0,3,0.5,uniform,1.0,0.08959798583111721,0.008027799064993079,ok
v2e_vs_real,original,291000,292000,2856,0,3,0.5,uniform,1.0,0.08948651719127114,0.008007836759023664,ok
v2e_vs_real,original,292000,293000,2890,0,3,0.5,uniform,1.0,0.0890810391489101,0.007935431535849653,ok
v2e_vs_real,original,293000,294000,2831,0,3,0.5,uniform,1.0,0.0891446898801612,0.007946775733830114,ok
v2e_vs_real,original,294000,295000,2851,0,3,0.5,uniform,1.0,0.08943236597951443,0.00799814808469381,ok
v2e_vs_real,original,295000,296000,2873,0,3,0.5,uniform,1.0,0.08922966291191334,0.007961932743373682,ok
v2e_vs_real,original,296000,297000,2909,0,3,0.5,uniform,1.0,0.08713256948830055,0.007592084665633523,ok
v2e_vs_real,original,297000,298000,2847,0,3,0.5,uniform,1.0,0.0883351532496051,0.007803099299631218,ok
v2e_vs_real,original,298000,299000,3319,0,3,0.5,uniform,1.0,0.08066706348879536,0.006507175131905341,ok
v2e_vs_real,original,299000,300000,3315,0,3,0.5,uniform,1.0,0.0811718151047647,0.006588863567402108,ok
v2e_vs_real,original,300000,301000,3420,0,3,0.5,uniform,1.0,0.08148522673749478,0.006639842176460935,ok
v2e_vs_real,original,301000,302000,3376,0,3,0.5,uniform,1.0,0.08152568720981965,0.00664643767503335,ok
v2e_vs_real,original,302000,303000,3362,0,3,0.5,uniform,1.0,0.08318979494174641,0.006920541982449818,ok
v2e_vs_real,original,303000,304000,3351,0,3,0.5,uniform,1.0,0.08453071646575808,0.007145442026214383,ok
v2e_vs_real,original,304000,305000,3394,0,3,0.5,uniform,1.0,0.08478404271540226,0.007188333899167154,ok
v2e_vs_real,original,305000,306000,3334,0,3,0.5,uniform,1.0,0.08619154717861678,0.0074289828050437216,ok
v2e_vs_real,original,306000,307000,3355,0,3,0.5,uniform,1.0,0.08649167765731482,0.0074808103039768516,ok
v2e_vs_real,original,307000,308000,3314,0,3,0.5,uniform,1.0,0.08686268891505856,0.0075451267255542374,ok
v2e_vs_real,original,308000,309000,3326,0,3,0.5,uniform,1.0,0.08740368015946663,0.007639403305418341,ok
v2e_vs_real,original,309000,310000,3336,0,3,0.5,uniform,1.0,0.08808540453149269,0.007759038491476714,ok
v2e_vs_real,original,310000,311000,6646,0,3,0.5,uniform,1.0,0.06875111094260729,0.004726715255842696,ok
v2e_vs_real,original,311000,312000,3422,0,3,0.5,uniform,1.0,0.08623804179171152,0.007436999852068982,ok
v2e_vs_real,original,312000,313000,3399,0,3,0.5,uniform,1.0,0.0862054857748542,0.007431385777678591,ok
v2e_vs_real,original,313000,314000,3493,0,3,0.5,uniform,1.0,0.08637223636747914,0.007460163215119686,ok
v2e_vs_real,original,314000,315000,3588,0,3,0.5,uniform,1.0,0.08527909999678589,0.007272524896261808,ok
v2e_vs_real,original,315000,316000,3464,0,3,0.5,uniform,1.0,0.08699160080615231,0.00756753861081696,ok
v2e_vs_real,original,316000,317000,3588,0,3,0.5,uniform,1.0,0.08562683528647393,0.007331954921176936,ok
v2e_vs_real,original,317000,318000,3502,0,3,0.5,uniform,1.0,0.08663678586145193,0.007505932664403078,ok
v2e_vs_real,original,318000,319000,3508,0,3,0.5,uniform,1.0,0.08718765551886842,0.007601687274876868,ok
v2e_vs_real,original,319000,320000,3511,0,3,0.5,uniform,1.0,0.08662650681373214,0.007504151682749582,ok
v2e_vs_real,original,320000,321000,3489,0,3,0.5,uniform,1.0,0.08718661430992415,0.00760150571482747,ok
v2e_vs_real,original,321000,322000,3511,0,3,0.5,uniform,1.0,0.08643051039468169,0.007470233127085179,ok
v2e_vs_real,original,322000,323000,3569,0,3,0.5,uniform,1.0,0.08669221509048028,0.0075155401572940955,ok
v2e_vs_real,original,323000,324000,3551,0,3,0.5,uniform,1.0,0.08696556441329469,0.007563009393722907,ok
v2e_vs_real,original,324000,325000,3519,0,3,0.5,uniform,1.0,0.08752498685248858,0.0076606233235283,ok
v2e_vs_real,original,325000,326000,3650,0,3,0.5,uniform,1.0,0.08533847880719672,0.007282655965126363,ok
v2e_vs_real,original,326000,327000,3523,0,3,0.5,uniform,1.0,0.08717811785255486,0.0076000242323139445,ok
v2e_vs_real,original,327000,328000,3625,0,3,0.5,uniform,1.0,0.08630570483729037,0.007448674687461486,ok
v2e_vs_real,original,328000,329000,3502,0,3,0.5,uniform,1.0,0.08723817724846604,0.007610499569634777,ok
v2e_vs_real,original,329000,330000,3504,0,3,0.5,uniform,1.0,0.08759228801451427,0.00767240891961762,ok
v2e_vs_real,original,330000,331000,3561,0,3,0.5,uniform,1.0,0.08690160229000884,0.007551888480570871,ok
v2e_vs_real,original,331000,332000,3957,0,3,0.5,uniform,1.0,0.07941448501523497,0.006306660430234981,ok
v2e_vs_real,original,332000,333000,3945,0,3,0.5,uniform,1.0,0.07872956000250553,0.006198343618188117,ok
v2e_vs_real,original,333000,334000,3842,0,3,0.5,uniform,1.0,0.08051653079072763,0.006482911730574189,ok
v2e_vs_real,original,334000,335000,3751,0,3,0.5,uniform,1.0,0.08137623345478649,0.006622091371287912,ok
v2e_vs_real,original,335000,336000,3755,0,3,0.5,uniform,1.0,0.08182383495896559,0.006695139967392039,ok
v2e_vs_real,original,336000,337000,3786,0,3,0.5,uniform,1.0,0.08207280098645614,0.006735944661762436,ok
v2e_vs_real,original,337000,338000,3627,0,3,0.5,uniform,1.0,0.08396463470269394,0.0070500598807568355,ok
v2e_vs_real,original,338000,339000,3670,0,3,0.5,uniform,1.0,0.08351917448213758,0.006975452506177741,ok
v2e_vs_real,original,339000,340000,3667,0,3,0.5,uniform,1.0,0.0840667898592791,0.007067225157244191,ok
v2e_vs_real,original,340000,341000,3638,0,3,0.5,uniform,1.0,0.0850786708802745,0.0072383802387540695,ok
v2e_vs_real,original,341000,342000,3625,0,3,0.5,uniform,1.0,0.08545556273445123,0.007302653202261732,ok
v2e_vs_real,original,342000,343000,3711,0,3,0.5,uniform,1.0,0.08506652516349385,0.007236313703391332,ok
v2e_vs_real,original,343000,344000,3730,0,3,0.5,uniform,1.0,0.08473540298187789,0.0071800885185012405,ok
v2e_vs_real,original,344000,345000,3715,0,3,0.5,uniform,1.0,0.08479138709382096,0.007189579325294189,ok
v2e_vs_real,original,345000,346000,3758,0,3,0.5,uniform,1.0,0.08471033141053402,0.0071758402476825075,ok
v2e_vs_real,original,346000,347000,3776,0,3,0.5,uniform,1.0,0.0841206902277515,0.007076290524393326,ok
v2e_vs_real,original,347000,348000,3984,0,3,0.5,uniform,1.0,0.08234773338174799,0.006781149193111451,ok
v2e_vs_real,original,348000,349000,3961,0,3,0.5,uniform,1.0,0.08237070921501337,0.006784933736584287,ok
v2e_vs_real,original,349000,350000,3929,0,3,0.5,uniform,1.0,0.08264579367740713,0.0068303272125685485,ok
v2e_vs_real,original,350000,351000,3918,0,3,0.5,uniform,1.0,0.08258199946012525,0.006819786634832126,ok
v2e_vs_real,original,351000,352000,3949,0,3,0.5,uniform,1.0,0.0827293579287599,0.006844146663304869,ok
v2e_vs_real,original,352000,353000,3934,0,3,0.5,uniform,1.0,0.08319027623753351,0.006920622060477132,ok
v2e_vs_real,original,353000,354000,3866,0,3,0.5,uniform,1.0,0.0835579846889118,0.006981936805272418,ok
v2e_vs_real,original,354000,355000,3940,0,3,0.5,uniform,1.0,0.08385671722803585,0.007031949024262765,ok
v2e_vs_real,original,355000,356000,3890,0,3,0.5,uniform,1.0,0.08475010290458139,0.007182579942337135,ok
v2e_vs_real,original,356000,357000,3850,0,3,0.5,uniform,1.0,0.08452858935934417,0.007145082419080632,ok
v2e_vs_real,original,357000,358000,3930,0,3,0.5,uniform,1.0,0.08474353662290202,0.007181466999357135,ok
v2e_vs_real,original,358000,359000,7710,0,3,0.5,uniform,1.0,0.06761232922703299,0.0045714270635047,ok
v2e_vs_real,original,359000,360000,3929,0,3,0.5,uniform,1.0,0.08424454112656059,0.007097142709624758,ok
v2e_vs_real,original,360000,361000,3936,0,3,0.5,uniform,1.0,0.08458294109056622,0.007154273923530194,ok
v2e_vs_real,original,361000,362000,3932,0,3,0.5,uniform,1.0,0.08371520183911188,0.007008235018963242,ok
v2e_vs_real,original,362000,363000,3974,0,3,0.5,uniform,1.0,0.08293965699832756,0.006878986703000226,ok
v2e_vs_real,original,363000,364000,4085,0,3,0.5,uniform,1.0,0.08251973126908708,0.006809506048722348,ok
v2e_vs_real,original,364000,365000,4559,0,3,0.5,uniform,1.0,0.07462483202840399,0.005568865555267511,ok
v2e_vs_real,original,365000,366000,4436,0,3,0.5,uniform,1.0,0.07595556055556955,0.005769247179310793,ok
v2e_vs_real,original,366000,367000,4341,0,3,0.5,uniform,1.0,0.07712045318356217,0.005947564299238004,ok
v2e_vs_real,original,367000,368000,4383,0,3,0.5,uniform,1.0,0.07719382857198048,0.005958887169600311,ok
v2e_vs_real,original,368000,369000,4254,0,3,0.5,uniform,1.0,0.07748710214485686,0.00600425099880748,ok
v2e_vs_real,original,369000,370000,4173,0,3,0.5,uniform,1.0,0.07907874930391738,0.006253448591471814,ok
v2e_vs_real,original,370000,371000,4050,0,3,0.5,uniform,1.0,0.0801508440438837,0.0064241578009469665,ok
v2e_vs_real,original,371000,372000,4096,0,3,0.5,uniform,1.0,0.08005677344479448,0.00640908697439115,ok
v2e_vs_real,original,372000,373000,4040,0,3,0.5,uniform,1.0,0.07997444527540189,0.006395911897108251,ok
v2e_vs_real,original,373000,374000,4054,0,3,0.5,uniform,1.0,0.08084598836833003,0.006536073835252155,ok
v2e_vs_real,original,374000,375000,4094,0,3,0.5,uniform,1.0,0.08101072368430451,0.0065627373518547345,ok
v2e_vs_real,original,375000,376000,4072,0,3,0.5,uniform,1.0,0.0809220211659436,0.006548373509581424,ok
v2e_vs_real,original,376000,377000,4080,0,3,0.5,uniform,1.0,0.08106873291878905,0.006572139457057951,ok
v2e_vs_real,original,377000,378000,4222,0,3,0.5,uniform,1.0,0.08056113351987022,0.0064900962340063584,ok
v2e_vs_real,original,378000,379000,4279,0,3,0.5,uniform,1.0,0.07872639873502076,0.006197845857785478,ok
v2e_vs_real,original,379000,380000,4275,0,3,0.5,uniform,1.0,0.08059102384061591,0.0064949131236787215,ok
v2e_vs_real,original,380000,381000,4594,0,3,0.5,uniform,1.0,0.07757085979224995,0.0060172382889089,ok
v2e_vs_real,original,381000,382000,4835,0,3,0.5,uniform,1.0,0.07517097599225897,0.005650675631628774,ok
v2e_vs_real,original,382000,383000,4989,0,3,0.5,uniform,1.0,0.07409167108919476,0.005489575724789419,ok
v2e_vs_real,original,383000,384000,4930,0,3,0.5,uniform,1.0,0.07521351954429491,0.005657073522240032,ok
v2e_vs_real,original,384000,385000,4940,0,3,0.5,uniform,1.0,0.07550182872229455,0.005700526140410702,ok
v2e_vs_real,original,385000,386000,4849,0,3,0.5,uniform,1.0,0.0763870210338051,0.0058349769824189825,ok
v2e_vs_real,original,386000,387000,4877,0,3,0.5,uniform,1.0,0.07705551150786402,0.005937551853738564,ok
v2e_vs_real,original,387000,388000,4967,0,3,0.5,uniform,1.0,0.07697588122628232,0.005925286290562722,ok
v2e_vs_real,original,388000,389000,4833,0,3,0.5,uniform,1.0,0.07857741915932319,0.006174410801739971,ok
v2e_vs_real,original,389000,390000,4942,0,3,0.5,uniform,1.0,0.07885023930900364,0.006217360239087144,ok
v2e_vs_real,original,390000,391000,4949,0,3,0.5,uniform,1.0,0.07856135462954965,0.006171886441229862,ok
v2e_vs_real,original,391000,392000,5094,0,3,0.5,uniform,1.0,0.07798188388568243,0.006081174214360058,ok
v2e_vs_real,original,392000,393000,5039,0,3,0.5,uniform,1.0,0.078434520042294,0.0061519739342650185,ok
v2e_vs_real,original,393000,394000,5144,0,3,0.5,uniform,1.0,0.0779749945084924,0.0060800997685994205,ok
v2e_vs_real,original,394000,395000,5271,0,3,0.5,uniform,1.0,0.07651347481921274,0.0058543118289103024,ok
v2e_vs_real,original,395000,396000,5196,0,3,0.5,uniform,1.0,0.07678085387011517,0.005895299521023979,ok
v2e_vs_real,original,396000,397000,5308,0,3,0.5,uniform,1.0,0.0763175176248004,0.005824363496411718,ok
v2e_vs_real,original,397000,398000,5252,0,3,0.5,uniform,1.0,0.07610540640428655,0.005792032883961621,ok
v2e_vs_real,original,398000,399000,6106,0,3,0.5,uniform,1.0,0.06788514136556646,0.004608392418222943,ok
v2e_vs_real,original,399000,400000,5164,0,3,0.5,uniform,1.0,0.07077935212517324,0.005009716687259264,ok
v2e_vs_real,original,400000,401000,9964,0,3,0.5,uniform,1.0,0.05942271397638462,0.0035310589363192163,ok
v2e_vs_real,original,401000,402000,4803,0,3,0.5,uniform,1.0,0.07344187297326629,0.005393708705821382,ok
v2e_vs_real,original,402000,403000,4520,0,3,0.5,uniform,1.0,0.07530766392738271,0.0056712442461996195,ok
v2e_vs_real,original,403000,404000,4390,0,3,0.5,uniform,1.0,0.07626905277489188,0.005816968411179241,ok
v2e_vs_real,original,404000,405000,4220,0,3,0.5,uniform,1.0,0.07736603791878055,0.005985503823250191,ok
v2e_vs_real,original,405000,406000,8029,0,3,0.5,uniform,1.0,0.0640375228274204,0.0041008043298723885,ok
v2e_vs_real,original,406000,407000,3930,0,3,0.5,uniform,1.0,0.08071766583431433,0.0065153415777400355,ok
v2e_vs_real,original,407000,408000,3962,0,3,0.5,uniform,1.0,0.08161646886235445,0.006661247989559673,ok
v2e_vs_real,original,408000,409000,3999,0,3,0.5,uniform,1.0,0.08194140182135291,0.006714393332448418,ok
v2e_vs_real,original,409000,410000,3858,0,3,0.5,uniform,1.0,0.08322502424731992,0.00692640466096699,ok
v2e_vs_real,original,410000,411000,7939,0,3,0.5,uniform,1.0,0.06590399181076269,0.004343336136593075,ok
v2e_vs_real,original,411000,412000,3998,0,3,0.5,uniform,1.0,0.08296049339459352,0.006882443464274396,ok
v2e_vs_real,original,412000,413000,3931,0,3,0.5,uniform,1.0,0.08395937947011164,0.007049177401006204,ok
v2e_vs_real,original,413000,414000,3922,0,3,0.5,uniform,1.0,0.08366415525537801,0.0069996908745959974,ok
v2e_vs_real,original,414000,415000,4059,0,3,0.5,uniform,1.0,0.08270180061006847,0.006839587824147522,ok
v2e_vs_real,original,415000,416000,8159,0,3,0.5,uniform,1.0,0.0658952228885416,0.004342180399530578,ok
v2e_vs_real,original,416000,417000,4192,0,3,0.5,uniform,1.0,0.08166062428959449,0.0066684575593663085,ok
v2e_vs_real,original,417000,418000,4183,0,3,0.5,uniform,1.0,0.082168845394866,0.006751719153525393,ok
v2e_vs_real,original,418000,419000,4063,0,3,0.5,uniform,1.0,0.0832948193545307,0.006938026931303902,ok
v2e_vs_real,original,419000,420000,4063,0,3,0.5,uniform,1.0,0.08328044065156326,0.00693563179511855,ok
v2e_vs_real,original,420000,421000,8105,0,3,0.5,uniform,1.0,0.0663129911813156,0.004397412799413241,ok
v2e_vs_real,original,421000,422000,4032,0,3,0.5,uniform,1.0,0.08305289334071664,0.006897783092264454,ok
v2e_vs_real,original,422000,423000,3999,0,3,0.5,uniform,1.0,0.0835022800811143,0.006972630778744857,ok
v2e_vs_real,original,423000,424000,4053,0,3,0.5,uniform,1.0,0.0833169407823095,0.006941712621322867,ok
v2e_vs_real,original,424000,425000,3981,0,3,0.5,uniform,1.0,0.08468594868251163,0.007171709904256993,ok
v2e_vs_real,original,425000,426000,8000,0,3,0.5,uniform,1.0,0.06703388870200286,0.004493542234512507,ok
v2e_vs_real,original,426000,427000,3959,0,3,0.5,uniform,1.0,0.0847096574896465,0.007175726072013223,ok
v2e_vs_real,original,427000,428000,4023,0,3,0.5,uniform,1.0,0.0845439040305851,0.007147671708732781,ok
v2e_vs_real,original,428000,429000,3928,0,3,0.5,uniform,1.0,0.08476942651738832,0.007185855672086898,ok
v2e_vs_real,original,429000,430000,7900,0,3,0.5,uniform,1.0,0.06685218658580659,0.004469214851303498,ok
v2e_vs_real,original,430000,431000,4004,0,3,0.5,uniform,1.0,0.08344337135033211,0.006962796222309427,ok
v2e_vs_real,original,431000,432000,4102,0,3,0.5,uniform,1.0,0.07985989805032678,0.0063776033166085865,ok
v2e_vs_real,original,432000,433000,4121,0,3,0.5,uniform,1.0,0.08018087494219141,0.006428972706495339,ok
v2e_vs_real,original,433000,434000,3924,0,3,0.5,uniform,1.0,0.08114431290728398,0.006584399517195213,ok
v2e_vs_real,original,434000,435000,3944,0,3,0.5,uniform,1.0,0.08096129649199782,0.006554731529665178,ok
v2e_vs_real,original,435000,436000,7799,0,3,0.5,uniform,1.0,0.0655703249802486,0.004299467518015415,ok
v2e_vs_real,original,436000,437000,3828,0,3,0.5,uniform,1.0,0.083062863762041,0.006899439336351384,ok
v2e_vs_real,original,437000,438000,3810,0,3,0.5,uniform,1.0,0.08359116264736349,0.006987482472737977,ok
v2e_vs_real,original,438000,439000,3807,0,3,0.5,uniform,1.0,0.08325526574289284,0.0069314392739197065,ok
v2e_vs_real,original,439000,440000,3788,0,3,0.5,uniform,1.0,0.08505280935513589,0.007233980379201091,ok
v2e_vs_real,original,440000,441000,7462,0,3,0.5,uniform,1.0,0.06745642878462635,0.004550369784375365,ok
v2e_vs_real,original,441000,442000,3743,0,3,0.5,uniform,1.0,0.0856271831749496,0.007332014498476372,ok
v2e_vs_real,original,442000,443000,3721,0,3,0.5,uniform,1.0,0.0861041091467875,0.007413917611961895,ok
v2e_vs_real,original,443000,444000,3772,0,3,0.5,uniform,1.0,0.08610137996409767,0.00741344763172192,ok
v2e_vs_real,original,444000,445000,3794,0,3,0.5,uniform,1.0,0.08563387453753295,0.007333160468309933,ok
v2e_vs_real,original,445000,446000,7536,0,3,0.5,uniform,1.0,0.06809284960729739,0.0046366361676420205,ok
v2e_vs_real,original,446000,447000,3826,0,3,0.5,uniform,1.0,0.08575279333677775,0.007353541565060114,ok
v2e_vs_real,original,447000,448000,3831,0,3,0.5,uniform,1.0,0.08479543138360243,0.007190265183531229,ok
v2e_vs_real,original,448000,449000,3951,0,3,0.5,uniform,1.0,0.08425135543553544,0.007098290892724926,ok
v2e_vs_real,original,449000,450000,3861,0,3,0.5,uniform,1.0,0.08457188582304742,0.007152403871666569,ok
v2e_vs_real,original,450000,451000,7808,0,3,0.5,uniform,1.0,0.06690149944925149,0.004475810628558197,ok
v2e_vs_real,original,451000,452000,3935,0,3,0.5,uniform,1.0,0.08338014389433555,0.006952248395840103,ok
v2e_vs_real,original,452000,453000,3769,0,3,0.5,uniform,1.0,0.08564620999368462,0.007335273286282323,ok
v2e_vs_real,original,453000,454000,3733,0,3,0.5,uniform,1.0,0.08511365656826003,0.007244334534419715,ok
v2e_vs_real,original,454000,455000,3833,0,3,0.5,uniform,1.0,0.08570592294153355,0.007345505227260087,ok
v2e_vs_real,original,455000,456000,7586,0,3,0.5,uniform,1.0,0.06785437190330557,0.004604215786392103,ok
v2e_vs_real,original,456000,457000,3696,0,3,0.5,uniform,1.0,0.08677826221587859,0.00753046679320778,ok
v2e_vs_real,original,457000,458000,3846,0,3,0.5,uniform,1.0,0.0861708111530035,0.007425408694766592,ok
v2e_vs_real,original,458000,459000,3759,0,3,0.5,uniform,1.0,0.08662267007526775,0.007503486970968687,ok
v2e_vs_real,original,459000,460000,3764,0,3,0.5,uniform,1.0,0.08669006603490563,0.007515167549136299,ok
v2e_vs_real,original,460000,461000,7470,0,3,0.5,uniform,1.0,0.06849269158957082,0.0046912488011840656,ok
v2e_vs_real,original,461000,462000,3873,0,3,0.5,uniform,1.0,0.08522780781747549,0.007263779225372537,ok
v2e_vs_real,original,462000,463000,3780,0,3,0.5,uniform,1.0,0.08575700499921335,0.007354263906435104,ok
v2e_vs_real,original,463000,464000,3746,0,3,0.5,uniform,1.0,0.08624828177085773,0.00743876610842527,ok
v2e_vs_real,original,464000,465000,3700,0,3,0.5,uniform,1.0,0.08600316454341692,0.007396544311482044,ok
v2e_vs_real,original,465000,466000,7930,0,3,0.5,uniform,1.0,0.06479763775204168,0.004198733858244818,ok
v2e_vs_real,original,466000,467000,3867,0,3,0.5,uniform,1.0,0.08126452000738957,0.006603922212031419,ok
v2e_vs_real,original,467000,468000,3792,0,3,0.5,uniform,1.0,0.0825734301645044,0.006818371369132285,ok
v2e_vs_real,original,468000,469000,3810,0,3,0.5,uniform,1.0,0.08183302448296485,0.006696643896029524,ok
v2e_vs_real,original,469000,470000,3790,0,3,0.5,uniform,1.0,0.08255025173882395,0.006814544062143206,ok
v2e_vs_real,original,470000,471000,7466,0,3,0.5,uniform,1.0,0.06658056142782695,0.004432971160044637,ok
v2e_vs_real,original,471000,472000,3699,0,3,0.5,uniform,1.0,0.08470940326851933,0.007175683002108635,ok
v2e_vs_real,original,472000,473000,3632,0,3,0.5,uniform,1.0,0.0855011197332443,0.007310441475638578,ok
v2e_vs_real,original,473000,474000,3705,0,3,0.5,uniform,1.0,0.08482646176629018,0.007195528615787888,ok
v2e_vs_real,original,474000,475000,3599,0,3,0.5,uniform,1.0,0.08616646157889045,0.0074246591010264035,ok
v2e_vs_real,original,475000,476000,7295,0,3,0.5,uniform,1.0,0.06796343456925794,0.004619028438449804,ok
v2e_vs_real,original,476000,477000,3712,0,3,0.5,uniform,1.0,0.08604680299687104,0.0074040523059823345,ok
v2e_vs_real,original,477000,478000,3644,0,3,0.5,uniform,1.0,0.08633430584426399,0.007453612365610915,ok
v2e_vs_real,original,478000,479000,3733,0,3,0.5,uniform,1.0,0.08530052315586299,0.007276179250663919,ok
v2e_vs_real,original,479000,480000,3642,0,3,0.5,uniform,1.0,0.08672444474484627,0.007521129316301893,ok
v2e_vs_real,original,480000,481000,7394,0,3,0.5,uniform,1.0,0.06763195117310435,0.00457408081948117,ok
v2e_vs_real,original,481000,482000,3805,0,3,0.5,uniform,1.0,0.08317560884507462,0.006918181906748856,ok
v2e_vs_real,original,482000,483000,3764,0,3,0.5,uniform,1.0,0.08376475427798001,0.007016534059250371,ok
v2e_vs_real,original,483000,484000,3838,0,3,0.5,uniform,1.0,0.08376083974922718,0.007015878275495716,ok
v2e_vs_real,original,484000,485000,3727,0,3,0.5,uniform,1.0,0.08503415478013111,0.007230807479171296,ok
v2e_vs_real,original,485000,486000,7347,0,3,0.5,uniform,1.0,0.06699911930073886,0.004488881987074638,ok
v2e_vs_real,original,486000,487000,3693,0,3,0.5,uniform,1.0,0.08465514279987121,0.007166493202466586,ok
v2e_vs_real,original,487000,488000,3651,0,3,0.5,uniform,1.0,0.08485208607450029,0.007199876511194405,ok
v2e_vs_real,original,488000,489000,3605,0,3,0.5,uniform,1.0,0.08607774486073368,0.007409378160309563,ok
v2e_vs_real,original,489000,490000,3554,0,3,0.5,uniform,1.0,0.08688088641675012,0.007548288424560237,ok
v2e_vs_real,original,490000,491000,6916,0,3,0.5,uniform,1.0,0.06893351186832922,0.004751829058501084,ok
v2e_vs_real,original,491000,492000,3489,0,3,0.5,uniform,1.0,0.08766085409346323,0.00768442534039545,ok
v2e_vs_real,original,492000,493000,3505,0,3,0.5,uniform,1.0,0.0877386829100028,0.0076980764787820165,ok
v2e_vs_real,original,493000,494000,3407,0,3,0.5,uniform,1.0,0.08844793800245808,0.007823037736886668,ok
v2e_vs_real,original,494000,495000,3464,0,3,0.5,uniform,1.0,0.08768990263130583,0.007689519023487896,ok
v2e_vs_real,original,495000,496000,7018,0,3,0.5,uniform,1.0,0.06763846734595325,0.004574962264909584,ok
v2e_vs_real,original,496000,497000,3500,0,3,0.5,uniform,1.0,0.08632747312405392,0.0074524326159842525,ok
v2e_vs_real,original,497000,498000,3517,0,3,0.5,uniform,1.0,0.08526124092010894,0.007269479203236858,ok
v2e_vs_real,original,498000,499000,3826,0,3,0.5,uniform,1.0,0.07972125357445689,0.006355478271482855,ok
v2e_vs_real,original,499000,500000,3678,0,3,0.5,uniform,1.0,0.08066783635981638,0.006507299822974113,ok
v2e_vs_real,original,500000,501000,7236,0,3,0.5,uniform,1.0,0.06362110276563843,0.004047644717115926,ok
v2e_vs_real,original,501000,502000,3620,0,3,0.5,uniform,1.0,0.07928663214831123,0.006286370037421621,ok
v2e_vs_real,original,502000,503000,3597,0,3,0.5,uniform,1.0,0.08084025142990353,0.00653514625125002,ok
v2e_vs_real,original,503000,504000,3531,0,3,0.5,uniform,1.0,0.08165689466081684,0.006667848445647738,ok
v2e_vs_real,original,504000,505000,3552,0,3,0.5,uniform,1.0,0.08149601902829003,0.006641601117459409,ok
v2e_vs_real,original,505000,506000,6954,0,3,0.5,uniform,1.0,0.06312953509730708,0.003985338201602126,ok
v2e_vs_real,original,506000,507000,3571,0,3,0.5,uniform,1.0,0.079552240594612,0.006328558983623032,ok
v2e_vs_real,original,507000,508000,3469,0,3,0.5,uniform,1.0,0.08138305574956625,0.006623201763137009,ok
v2e_vs_real,original,508000,509000,3445,0,3,0.5,uniform,1.0,0.08243148697297843,0.006794950044576312,ok
v2e_vs_real,original,509000,510000,3553,0,3,0.5,uniform,1.0,0.08195623216102096,0.0067168239900311675,ok
v2e_vs_real,original,510000,511000,7061,0,3,0.5,uniform,1.0,0.06245413474246293,0.0039005189464297154,ok
v2e_vs_real,original,511000,512000,3620,0,3,0.5,uniform,1.0,0.07855696331767476,0.006171196485694497,ok
v2e_vs_real,original,512000,513000,3564,0,3,0.5,uniform,1.0,0.07880666905440534,0.006210491087450567,ok
v2e_vs_real,original,513000,514000,3550,0,3,0.5,uniform,1.0,0.08099288870805643,0.006559848021275616,ok
v2e_vs_real,original,514000,515000,3583,0,3,0.5,uniform,1.0,0.08024363199552144,0.006439040475832672,ok
v2e_vs_real,original,515000,516000,7298,0,3,0.5,uniform,1.0,0.060224843918855825,0.0036270318250505454,ok
v2e_vs_real,original,516000,517000,3692,0,3,0.5,uniform,1.0,0.07682779624598839,0.005902510276015107,ok
v2e_vs_real,original,517000,518000,3705,0,3,0.5,uniform,1.0,0.07795005500184046,0.0060762110747899535,ok
v2e_vs_real,original,518000,519000,3553,0,3,0.5,uniform,1.0,0.07943484718389822,0.006309894947129264,ok
v2e_vs_real,original,519000,520000,3495,0,3,0.5,uniform,1.0,0.08077015127357012,0.006523817336755401,ok
v2e_vs_real,original,520000,521000,6998,0,3,0.5,uniform,1.0,0.060730908157171117,0.003688243205594753,ok
v2e_vs_real,original,521000,522000,3553,0,3,0.5,uniform,1.0,0.07755253363030278,0.006014395472479242,ok
v2e_vs_real,original,522000,523000,3452,0,3,0.5,uniform,1.0,0.07943500285261614,0.0063099196781951335,ok
v2e_vs_real,original,523000,524000,3473,0,3,0.5,uniform,1.0,0.0798495723761,0.006375954208646032,ok
v2e_vs_real,original,524000,525000,3435,0,3,0.5,uniform,1.0,0.08042856553462734,0.006468754153957845,ok
v2e_vs_real,original,525000,526000,6764,0,3,0.5,uniform,1.0,0.060687627388993144,0.0036829881181052707,ok
v2e_vs_real,original,526000,527000,3447,0,3,0.5,uniform,1.0,0.0787502139985508,0.006201596204817547,ok
v2e_vs_real,original,527000,528000,3382,0,3,0.5,uniform,1.0,0.08003226347068573,0.006405163196241259,ok
v2e_vs_real,original,528000,529000,3474,0,3,0.5,uniform,1.0,0.0784411780229478,0.006153018409627788,ok
v2e_vs_real,original,529000,530000,3449,0,3,0.5,uniform,1.0,0.0794057353528865,0.00630527080693265,ok
v2e_vs_real,original,530000,531000,6723,0,3,0.5,uniform,1.0,0.06049605076537917,0.0036597721582073343,ok
v2e_vs_real,original,531000,532000,3849,0,3,0.5,uniform,1.0,0.07077521388270466,0.00500913090014259,ok
v2e_vs_real,original,532000,533000,4071,0,3,0.5,uniform,1.0,0.071553809444021,0.005119947645951268,ok
v2e_vs_real,original,533000,534000,4042,0,3,0.5,uniform,1.0,0.07200571485333379,0.005184822971539614,ok
v2e_vs_real,original,534000,535000,3893,0,3,0.5,uniform,1.0,0.07336899823711239,0.005383009902317401,ok
v2e_vs_real,original,535000,536000,3907,0,3,0.5,uniform,1.0,0.07397807470962639,0.005472755537743065,ok
v2e_vs_real,original,536000,537000,3943,0,3,0.5,uniform,1.0,0.07384183616830375,0.005452616768706612,ok
v2e_vs_real,original,537000,538000,3844,0,3,0.5,uniform,1.0,0.07547289741007998,0.005696158243472457,ok
v2e_vs_real,original,538000,539000,3850,0,3,0.5,uniform,1.0,0.07592968240217045,0.005765316669694473,ok
v2e_vs_real,original,539000,540000,3860,0,3,0.5,uniform,1.0,0.07580294585906343,0.005746086600912102,ok
v2e_vs_real,original,540000,541000,3885,0,3,0.5,uniform,1.0,0.07555860385407236,0.005709102616376639,ok
v2e_vs_real,original,541000,542000,3929,0,3,0.5,uniform,1.0,0.07518434196801177,0.005652685277162936,ok
v2e_vs_real,original,542000,543000,3923,0,3,0.5,uniform,1.0,0.07610424399366413,0.005791855953847163,ok
v2e_vs_real,original,543000,544000,3891,0,3,0.5,uniform,1.0,0.07689379842859508,0.00591265623677741,ok
v2e_vs_real,original,544000,545000,3984,0,3,0.5,uniform,1.0,0.07644547598092663,0.005843910797950431,ok
v2e_vs_real,original,545000,546000,3945,0,3,0.5,uniform,1.0,0.07816794395195174,0.00611022746167547,ok
v2e_vs_real,original,546000,547000,3929,0,3,0.5,uniform,1.0,0.0785015623003371,0.006162495283593707,ok
v2e_vs_real,original,547000,548000,4118,0,3,0.5,uniform,1.0,0.07684425456936252,0.005905039460320991,ok
v2e_vs_real,original,548000,549000,4178,0,3,0.5,uniform,1.0,0.07551454281314066,0.005702446176277654,ok
v2e_vs_real,original,549000,550000,4239,0,3,0.5,uniform,1.0,0.07688589525004391,0.005911440888400725,ok
v2e_vs_real,original,550000,551000,4119,0,3,0.5,uniform,1.0,0.07901107368710046,0.006242749765188418,ok
v2e_vs_real,original,551000,552000,4122,0,3,0.5,uniform,1.0,0.07964391264723827,0.006343152821760922,ok
v2e_vs_real,original,552000,553000,4102,0,3,0.5,uniform,1.0,0.08127478575406095,0.0066055907993685095,ok
v2e_vs_real,original,553000,554000,4122,0,3,0.5,uniform,1.0,0.08139439141632375,0.006625046954033718,ok
v2e_vs_real,original,554000,555000,4127,0,3,0.5,uniform,1.0,0.08120060924484214,0.006593538941733543,ok
v2e_vs_real,original,555000,556000,4072,0,3,0.5,uniform,1.0,0.08126338932857616,0.006603738445167745,ok
v2e_vs_real,original,556000,557000,4055,0,3,0.5,uniform,1.0,0.08288341834051595,0.006869661035808976,ok
v2e_vs_real,original,557000,558000,4013,0,3,0.5,uniform,1.0,0.0833205555381107,0.006942314975179388,ok
v2e_vs_real,original,558000,559000,4008,0,3,0.5,uniform,1.0,0.08313140912675256,0.006910831183399518,ok
v2e_vs_real,original,559000,560000,7835,0,3,0.5,uniform,1.0,0.0657067674625963,0.004317379290383704,ok
v2e_vs_real,original,560000,561000,4110,0,3,0.5,uniform,1.0,0.0822586843244233,0.0067664911467851235,ok
v2e_vs_real,original,561000,562000,3948,0,3,0.5,uniform,1.0,0.08358222869893889,0.006985988954281723,ok
v2e_vs_real,original,562000,563000,3979,0,3,0.5,uniform,1.0,0.0830136955696436,0.006891273652129466,ok
v2e_vs_real,original,563000,564000,4195,0,3,0.5,uniform,1.0,0.08089147173080559,0.006543430198775719,ok
v2e_vs_real,original,564000,565000,4417,0,3,0.5,uniform,1.0,0.07664833922603516,0.0058749679061093595,ok
v2e_vs_real,original,565000,566000,4336,0,3,0.5,uniform,1.0,0.07786190677826355,0.006062476527147002,ok
v2e_vs_real,original,566000,567000,4107,0,3,0.5,uniform,1.0,0.08096918138908106,0.0065560083348179116,ok
v2e_vs_real,original,567000,568000,4136,0,3,0.5,uniform,1.0,0.08078070995279561,0.006525523100477693,ok
v2e_vs_real,original,568000,569000,4172,0,3,0.5,uniform,1.0,0.0794551243631385,0.006313116787561804,ok
v2e_vs_real,original,569000,570000,4064,0,3,0.5,uniform,1.0,0.08251613555846411,0.006808912627502826,ok
v2e_vs_real,original,570000,571000,4020,0,3,0.5,uniform,1.0,0.08282780709365761,0.006860445627944157,ok
v2e_vs_real,original,571000,572000,3964,0,3,0.5,uniform,1.0,0.08390506842179289,0.007040060506865747,ok
v2e_vs_real,original,572000,573000,3827,0,3,0.5,uniform,1.0,0.08517259397769109,0.007254370764888619,ok
v2e_vs_real,original,573000,574000,3918,0,3,0.5,uniform,1.0,0.08415527809186955,0.0070821108307199,ok
v2e_vs_real,original,574000,575000,3918,0,3,0.5,uniform,1.0,0.08444015550325172,0.007130139861413332,ok
v2e_vs_real,original,575000,576000,3886,0,3,0.5,uniform,1.0,0.08456130293010873,0.0071506139532376166,ok
v2e_vs_real,original,576000,577000,3851,0,3,0.5,uniform,1.0,0.08435262907187602,0.0071153660313375035,ok
v2e_vs_real,original,577000,578000,3871,0,3,0.5,uniform,1.0,0.08473553255919139,0.007180110478089783,ok
v2e_vs_real,original,578000,579000,3823,0,3,0.5,uniform,1.0,0.08538894302037378,0.007291271590136639,ok
v2e_vs_real,original,579000,580000,4044,0,3,0.5,uniform,1.0,0.0833023167823566,0.0069392759813080886,ok
v2e_vs_real,original,580000,581000,3970,0,3,0.5,uniform,1.0,0.08333964907069334,0.006945497107226318,ok
v2e_vs_real,original,581000,582000,4182,0,3,0.5,uniform,1.0,0.08234723519973267,0.00678106714504009,ok
v2e_vs_real,original,582000,583000,4147,0,3,0.5,uniform,1.0,0.08180125687962284,0.006691445627086043,ok
v2e_vs_real,original,583000,584000,4077,0,3,0.5,uniform,1.0,0.08362536110876279,0.0069932010205709765,ok
v2e_vs_real,original,584000,585000,4075,0,3,0.5,uniform,1.0,0.08387659934371476,0.007035283917466051,ok
v2e_vs_real,original,585000,586000,4191,0,3,0.5,uniform,1.0,0.0824440962847553,0.0067970290122100025,ok
v2e_vs_real,original,586000,587000,4095,0,3,0.5,uniform,1.0,0.0836511739302605,0.006997518899910695,ok
v2e_vs_real,original,587000,588000,4064,0,3,0.5,uniform,1.0,0.08488816103343778,0.0072059998836388655,ok
v2e_vs_real,original,588000,589000,4061,0,3,0.5,uniform,1.0,0.08457658087516816,0.00715319803253386,ok
v2e_vs_real,original,589000,590000,4000,0,3,0.5,uniform,1.0,0.08518778326411353,0.00725695841745358,ok
v2e_vs_real,original,590000,591000,3956,0,3,0.5,uniform,1.0,0.08560168118814956,0.0073276478222376,ok
v2e_vs_real,original,591000,592000,4123,0,3,0.5,uniform,1.0,0.08390901040792827,0.007040722027637813,ok
v2e_vs_real,original,592000,593000,3923,0,3,0.5,uniform,1.0,0.08521709970206204,0.007261954081631182,ok
v2e_vs_real,original,593000,594000,3950,0,3,0.5,uniform,1.0,0.08527256467264772,0.00727141028585089,ok
v2e_vs_real,original,594000,595000,3986,0,3,0.5,uniform,1.0,0.08490777099073633,0.007209329574615326,ok
v2e_vs_real,original,595000,596000,3971,0,3,0.5,uniform,1.0,0.08449573187248745,0.0071395287046672916,ok
v2e_vs_real,original,596000,597000,4010,0,3,0.5,uniform,1.0,0.08454252982979202,0.007147439350021274,ok
v2e_vs_real,original,597000,598000,3993,0,3,0.5,uniform,1.0,0.08351796165337468,0.006975249918734562,ok
v2e_vs_real,original,598000,599000,4233,0,3,0.5,uniform,1.0,0.0793287469168505,0.006293050087397719,ok
v2e_vs_real,original,599000,600000,4188,0,3,0.5,uniform,1.0,0.08009870517406933,0.006415802570562481,ok
v2e_vs_real,original,600000,601000,4173,0,3,0.5,uniform,1.0,0.08145296891590124,0.006634586145214774,ok
v2e_vs_real,original,601000,602000,4094,0,3,0.5,uniform,1.0,0.08175017629650615,0.006683091324509836,ok
v2e_vs_real,original,602000,603000,4185,0,3,0.5,uniform,1.0,0.08203227438283893,0.006729294040421372,ok
v2e_vs_real,original,603000,604000,4194,0,3,0.5,uniform,1.0,0.0819631826745744,0.006717963314145654,ok
v2e_vs_real,original,604000,605000,4189,0,3,0.5,uniform,1.0,0.08340299440388523,0.00695605947553451,ok
v2e_vs_real,original,605000,606000,4201,0,3,0.5,uniform,1.0,0.08331790371929187,0.006941873080177192,ok
v2e_vs_real,original,606000,607000,4276,0,3,0.5,uniform,1.0,0.0829478254560731,0.006880341747891167,ok
v2e_vs_real,original,607000,608000,4343,0,3,0.5,uniform,1.0,0.08225002489212255,0.006765066594754779,ok
v2e_vs_real,original,608000,609000,4248,0,3,0.5,uniform,1.0,0.08285964111615664,0.006865720125898275,ok
v2e_vs_real,original,609000,610000,8391,0,3,0.5,uniform,1.0,0.06638759517212467,0.00440731279273791,ok
v2e_vs_real,original,610000,611000,4206,0,3,0.5,uniform,1.0,0.08340949831837341,0.006957144409722737,ok
v2e_vs_real,original,611000,612000,4204,0,3,0.5,uniform,1.0,0.08260298858044507,0.006823253722421138,ok
v2e_vs_real,original,612000,613000,4195,0,3,0.5,uniform,1.0,0.08333876197393292,0.006945349247347847,ok
v2e_vs_real,original,613000,614000,4325,0,3,0.5,uniform,1.0,0.08238937524592413,0.006788009153413695,ok
v2e_vs_real,original,614000,615000,4451,0,3,0.5,uniform,1.0,0.08032835022185773,0.0064526438493654305,ok
v2e_vs_real,original,615000,616000,4361,0,3,0.5,uniform,1.0,0.08057510479351097,0.0064923475124852754,ok
v2e_vs_real,original,616000,617000,4337,0,3,0.5,uniform,1.0,0.08065904035634544,0.006505880791206563,ok
v2e_vs_real,original,617000,618000,4390,0,3,0.5,uniform,1.0,0.0804446008750131,0.006471333809940158,ok
v2e_vs_real,original,618000,619000,4274,0,3,0.5,uniform,1.0,0.0821091621599451,0.006741914510608159,ok
v2e_vs_real,original,619000,620000,4233,0,3,0.5,uniform,1.0,0.08310169343379516,0.006905891451564473,ok
v2e_vs_real,original,620000,621000,4178,0,3,0.5,uniform,1.0,0.0833983387889773,0.006955282912761037,ok
v2e_vs_real,original,621000,622000,4087,0,3,0.5,uniform,1.0,0.08422818133766981,0.007094386531451389,ok
v2e_vs_real,original,622000,623000,4015,0,3,0.5,uniform,1.0,0.084990297078822,0.007223350597546419,ok
v2e_vs_real,original,623000,624000,4059,0,3,0.5,uniform,1.0,0.0847263666460744,0.007178557205045028,ok
v2e_vs_real,original,624000,625000,4017,0,3,0.5,uniform,1.0,0.08444024275907056,0.0071301545972107675,ok
v2e_vs_real,original,625000,626000,3972,0,3,0.5,uniform,1.0,0.08417737518963211,0.007085830493816093,ok
v2e_vs_real,original,626000,627000,3996,0,3,0.5,uniform,1.0,0.08418326710528459,0.007086822460519691,ok
v2e_vs_real,original,627000,628000,3950,0,3,0.5,uniform,1.0,0.08369944211395523,0.007005596610187343,ok
v2e_vs_real,original,628000,629000,4027,0,3,0.5,uniform,1.0,0.08271073229596841,0.006841065236935352,ok
v2e_vs_real,original,629000,630000,3882,0,3,0.5,uniform,1.0,0.08531400729751193,0.007278479841159919,ok
v2e_vs_real,original,630000,631000,3954,0,3,0.5,uniform,1.0,0.08472164849359917,0.007177757723472974,ok
v2e_vs_real,original,631000,632000,4060,0,3,0.5,uniform,1.0,0.07989565282970365,0.0063833153410845335,ok
v2e_vs_real,original,632000,633000,4057,0,3,0.5,uniform,1.0,0.08098451600919175,0.006558491833243035,ok
v2e_vs_real,original,633000,634000,3955,0,3,0.5,uniform,1.0,0.08162790261873377,0.006663114485933485,ok
v2e_vs_real,original,634000,635000,4001,0,3,0.5,uniform,1.0,0.08196402859074386,0.006718101982824278,ok
v2e_vs_real,original,635000,636000,3981,0,3,0.5,uniform,1.0,0.082568207817281,0.006817508942157703,ok
v2e_vs_real,original,636000,637000,4028,0,3,0.5,uniform,1.0,0.08179156698838974,0.006689860430416246,ok
v2e_vs_real,original,637000,638000,3950,0,3,0.5,uniform,1.0,0.08321512963403895,0.006924757800009907,ok
v2e_vs_real,original,638000,639000,3882,0,3,0.5,uniform,1.0,0.08523540249539985,0.0072650738385528135,ok
v2e_vs_real,original,639000,640000,3863,0,3,0.5,uniform,1.0,0.08601295301749017,0.007398228086788972,ok
v2e_vs_real,original,640000,641000,3852,0,3,0.5,uniform,1.0,0.0863414324289217,0.007454842953878052,ok
v2e_vs_real,original,641000,642000,3783,0,3,0.5,uniform,1.0,0.0869090835213981,0.007553188798529352,ok
v2e_vs_real,original,642000,643000,3764,0,3,0.5,uniform,1.0,0.08734476262161817,0.007629107557426826,ok
v2e_vs_real,original,643000,644000,3715,0,3,0.5,uniform,1.0,0.08760569987999389,0.007674758651463563,ok
v2e_vs_real,original,644000,645000,3777,0,3,0.5,uniform,1.0,0.08684811283801423,0.007542594703524454,ok
v2e_vs_real,original,645000,646000,3695,0,3,0.5,uniform,1.0,0.08734111999023167,0.007628471241148047,ok
v2e_vs_real,original,646000,647000,3654,0,3,0.5,uniform,1.0,0.087307093982326,0.007622528659638704,ok
v2e_vs_real,original,647000,648000,3752,0,3,0.5,uniform,1.0,0.08649223727376372,0.007480907108621043,ok
v2e_vs_real,original,648000,649000,3784,0,3,0.5,uniform,1.0,0.08637260233009088,0.00746022643327202,ok
v2e_vs_real,original,649000,650000,3862,0,3,0.5,uniform,1.0,0.08533479719151373,0.00728202761171678,ok
v2e_vs_real,original,650000,651000,3867,0,3,0.5,uniform,1.0,0.08528728018249991,0.007273920160928243,ok
v2e_vs_real,original,651000,652000,3836,0,3,0.5,uniform,1.0,0.08586902007567664,0.007373488608756956,ok
v2e_vs_real,original,652000,653000,3814,0,3,0.5,uniform,1.0,0.08610755016963376,0.007414510196215994,ok
v2e_vs_real,original,653000,654000,3827,0,3,0.5,uniform,1.0,0.08580575362167492,0.007362627354583579,ok
v2e_vs_real,original,654000,655000,3803,0,3,0.5,uniform,1.0,0.08595859487642821,0.00738888003312991,ok
v2e_vs_real,original,655000,656000,3750,0,3,0.5,uniform,1.0,0.08635066345024303,0.007456437078297138,ok
v2e_vs_real,original,656000,657000,3695,0,3,0.5,uniform,1.0,0.08655577356433279,0.007491901937320051,ok
v2e_vs_real,original,657000,658000,3612,0,3,0.5,uniform,1.0,0.087851015215999,0.007717800874481687,ok
v2e_vs_real,original,658000,659000,3747,0,3,0.5,uniform,1.0,0.0859632279474713,0.007389676559148912,ok
v2e_vs_real,original,659000,660000,7160,0,3,0.5,uniform,1.0,0.06890120170582166,0.004747375596506322,ok
v2e_vs_real,original,660000,661000,3729,0,3,0.5,uniform,1.0,0.08516782464373453,0.0072535583545459146,ok
v2e_vs_real,original,661000,662000,3680,0,3,0.5,uniform,1.0,0.0857502738016276,0.0073531094570541,ok
v2e_vs_real,original,662000,663000,3779,0,3,0.5,uniform,1.0,0.0859485975238471,0.007387161416316257,ok
v2e_vs_real,original,663000,664000,3658,0,3,0.5,uniform,1.0,0.08668741398016798,0.007514707742569023,ok
v2e_vs_real,original,664000,665000,3601,0,3,0.5,uniform,1.0,0.08248536526519036,0.006803835482931874,ok
v2e_vs_real,original,665000,666000,2425,0,3,0.5,uniform,1.0,0.09327023066861169,0.008699335928976032,ok
v2e_vs_real,original,666000,667000,4389,0,3,0.5,uniform,1.0,0.07265980854796353,0.005279447778226714,ok
v2e_vs_real,original,667000,668000,2176,0,3,0.5,uniform,1.0,0.09227218826427787,0.008514156727078339,ok
v2e_vs_real,original,668000,669000,4137,0,3,0.5,uniform,1.0,0.07200000383690536,0.005184000552514387,ok
v2e_vs_real,original,669000,670000,3860,0,3,0.5,uniform,1.0,0.07352249243012807,0.0054055568931382384,ok
v2e_vs_real,original,670000,671000,3858,0,3,0.5,uniform,1.0,0.07396338314015401,0.005470582045537218,ok
v2e_vs_real,original,671000,672000,3788,0,3,0.5,uniform,1.0,0.07429989711931657,0.005520474711941027,ok
v2e_vs_real,original,672000,673000,3723,0,3,0.5,uniform,1.0,0.0755547784091091,0.005708524540449579,ok
v2e_vs_real,original,673000,674000,3788,0,3,0.5,uniform,1.0,0.07483614948259884,0.005600449269381879,ok
v2e_vs_real,original,674000,675000,3688,0,3,0.5,uniform,1.0,0.0752441541109702,0.005661682727875434,ok
v2e_vs_real,original,675000,676000,1820,0,3,0.5,uniform,1.0,0.0980296477514713,0.009609811838277542,ok
v2e_vs_real,original,676000,677000,3699,0,3,0.5,uniform,1.0,0.07508464964310835,0.005637704612028331,ok
v2e_vs_real,original,677000,678000,3738,0,3,0.5,uniform,1.0,0.07560729064680077,0.005716462398949808,ok
v2e_vs_real,original,678000,679000,3601,0,3,0.5,uniform,1.0,0.0752619109839774,0.005664355244960138,ok
v2e_vs_real,original,679000,680000,3729,0,3,0.5,uniform,1.0,0.07514201378750562,0.005646322236041686,ok
v2e_vs_real,original,680000,681000,3667,0,3,0.5,uniform,1.0,0.07472879289890359,0.005584392488127224,ok
v2e_vs_real,original,681000,682000,3801,0,3,0.5,uniform,1.0,0.07277272369166563,0.00529586931350351,ok
v2e_vs_real,original,682000,683000,1900,0,3,0.5,uniform,1.0,0.09326718411423299,0.008698767632598234,ok
v2e_vs_real,original,683000,684000,3819,0,3,0.5,uniform,1.0,0.07273464335776832,0.005290328344381751,ok
v2e_vs_real,original,684000,685000,3761,0,3,0.5,uniform,1.0,0.07331914711330935,0.0053756973334230995,ok
v2e_vs_real,original,685000,686000,3690,0,3,0.5,uniform,1.0,0.07346953156954912,0.005397772069048975,ok
v2e_vs_real,original,686000,687000,3688,0,3,0.5,uniform,1.0,0.07431705999993253,0.005523025407033572,ok
v2e_vs_real,original,687000,688000,3672,0,3,0.5,uniform,1.0,0.0743315938152912,0.005525185839121436,ok
v2e_vs_real,original,688000,689000,3711,0,3,0.5,uniform,1.0,0.07448053899347631,0.005547350688758745,ok
v2e_vs_real,original,689000,690000,1897,0,3,0.5,uniform,1.0,0.09521125925007422,0.009065183887984843,ok
v2e_vs_real,original,690000,691000,3596,0,3,0.5,uniform,1.0,0.07516442854626713,0.005649691318686898,ok
v2e_vs_real,original,691000,692000,3709,0,3,0.5,uniform,1.0,0.07429029171357558,0.005519047442888158,ok
v2e_vs_real,original,692000,693000,3623,0,3,0.5,uniform,1.0,0.07486533364565638,0.005604818181875449,ok
v2e_vs_real,original,693000,694000,3749,0,3,0.5,uniform,1.0,0.07481687457351623,0.005597564720949258,ok
v2e_vs_real,original,694000,695000,3710,0,3,0.5,uniform,1.0,0.07419644621538844,0.005505112630993029,ok
v2e_vs_real,original,695000,696000,3779,0,3,0.5,uniform,1.0,0.0744786577893054,0.005547070466096462,ok
v2e_vs_real,original,696000,697000,1844,0,3,0.5,uniform,1.0,0.09617183198258214,0.00924902126688601,ok
v2e_vs_real,original,697000,698000,3685,0,3,0.5,uniform,1.0,0.07367501811498296,0.005428008294243067,ok
v2e_vs_real,original,698000,699000,3679,0,3,0.5,uniform,1.0,0.06969424836525079,0.004857288255197263,ok
v2e_vs_real,original,699000,700000,3343,0,3,0.5,uniform,1.0,0.06677988238334563,0.004459552691133475,ok
v2e_vs_real,original,700000,701000,3194,0,3,0.5,uniform,1.0,0.06706442050218392,0.004497636497293747,ok
v2e_vs_real,original,701000,702000,3100,0,3,0.5,uniform,1.0,0.0672981375937374,0.004529039323585611,ok
v2e_vs_real,original,702000,703000,2934,0,3,0.5,uniform,1.0,0.06967385445324364,0.004854445994371778,ok
v2e_vs_real,original,703000,704000,1443,0,3,0.5,uniform,1.0,0.08653738803870953,0.007488719528562187,ok
v2e_vs_real,original,704000,705000,3020,0,3,0.5,uniform,1.0,0.06914833062783164,0.0047814916286159186,ok
v2e_vs_real,original,705000,706000,2829,0,3,0.5,uniform,1.0,0.06989028138192903,0.0048846514316452155,ok
v2e_vs_real,original,706000,707000,2769,0,3,0.5,uniform,1.0,0.07161462831521045,0.005128654988725743,ok
v2e_vs_real,original,707000,708000,2783,0,3,0.5,uniform,1.0,0.07089641357393507,0.0050263014576464446,ok
v2e_vs_real,original,708000,709000,1381,0,3,0.5,uniform,1.0,0.09226797359686273,0.008513378951671358,ok
v2e_vs_real,original,709000,710000,2829,0,3,0.5,uniform,1.0,0.071022542850436,0.0050442015929420166,ok
v2e_vs_real,original,710000,711000,2817,0,3,0.5,uniform,1.0,0.07102788956236293,0.005044961095683226,ok
v2e_vs_real,original,711000,712000,1393,0,3,0.5,uniform,1.0,0.0909499090704321,0.008271885959919867,ok
v2e_vs_real,original,712000,713000,4195,0,3,0.5,uniform,1.0,0.06391782277404577,0.004085488068174324,ok
v2e_vs_real,original,713000,714000,2791,0,3,0.5,uniform,1.0,0.07161777548079362,0.005129105764817365,ok
v2e_vs_real,original,714000,715000,1398,0,3,0.5,uniform,1.0,0.09013151709254329,0.008123690373403424,ok
v2e_vs_real,original,715000,716000,2972,0,3,0.5,uniform,1.0,0.06997808525253406,0.004896932415610925,ok
v2e_vs_real,original,716000,717000,2912,0,3,0.5,uniform,1.0,0.06954706057174163,0.0048367936341695,ok
v2e_vs_real,original,717000,718000,2932,0,3,0.5,uniform,1.0,0.06982593231210676,0.004875660823254916,ok
v2e_vs_real,original,718000,719000,1477,0,3,0.5,uniform,1.0,0.0886700585643389,0.007862379285803292,ok
v2e_vs_real,original,719000,720000,2907,0,3,0.5,uniform,1.0,0.07017488920306326,0.004924515074662205,ok
v2e_vs_real,original,720000,721000,4255,0,3,0.5,uniform,1.0,0.06310531090949902,0.003982280264984535,ok
v2e_vs_real,original,721000,722000,2817,0,3,0.5,uniform,1.0,0.07133245587650414,0.005088319261373409,ok
v2e_vs_real,original,722000,723000,2673,0,3,0.5,uniform,1.0,0.07034726218309664,0.004948737296657338,ok
v2e_vs_real,original,723000,724000,1432,0,3,0.5,uniform,1.0,0.09499658750244347,0.0090243516371094,ok
v2e_vs_real,original,724000,725000,2843,0,3,0.5,uniform,1.0,0.07140474238766187,0.005098637235448356,ok
v2e_vs_real,original,725000,726000,2728,0,3,0.5,uniform,1.0,0.06930680941602127,0.004803433831428694,ok
v2e_vs_real,original,726000,727000,2752,0,3,0.5,uniform,1.0,0.07241169669551135,0.00524345381832273,ok
v2e_vs_real,original,727000,728000,2843,0,3,0.5,uniform,1.0,0.0707417952676305,0.005004401597687348,ok
v2e_vs_real,original,728000,729000,2935,0,3,0.5,uniform,1.0,0.06990554957572412,0.004886785861484023,ok
v2e_vs_real,original,729000,730000,2854,0,3,0.5,uniform,1.0,0.07030221854021954,0.004942401931676787,ok
v2e_vs_real,original,730000,731000,1480,0,3,0.5,uniform,1.0,0.0893012358525198,0.007974710724787367,ok
v2e_vs_real,original,731000,732000,2987,0,3,0.5,uniform,1.0,0.06909696967790666,0.0047743912186695514,ok
v2e_vs_real,original,732000,733000,3400,0,3,0.5,uniform,1.0,0.06496926649470648,0.00422100558886019,ok
v2e_vs_real,original,733000,734000,3151,0,3,0.5,uniform,1.0,0.06525003327174007,0.004257566841963186,ok
v2e_vs_real,original,734000,735000,3058,0,3,0.5,uniform,1.0,0.06653725355850891,0.004427206111109307,ok
v2e_vs_real,original,735000,736000,2793,0,3,0.5,uniform,1.0,0.06854415717845566,0.004698301483304835,ok
v2e_vs_real,original,736000,737000,2732,0,3,0.5,uniform,1.0,0.06868779055286939,0.004718012571034853,ok
v2e_vs_real,original,737000,738000,1375,0,3,0.5,uniform,1.0,0.08955480449830877,0.008020063008730306,ok
v2e_vs_real,original,738000,739000,2712,0,3,0.5,uniform,1.0,0.0700436125201256,0.004906107654869496,ok
v2e_vs_real,original,739000,740000,2650,0,3,0.5,uniform,1.0,0.07103049828976947,0.005045331687292944,ok
v2e_vs_real,original,740000,741000,2758,0,3,0.5,uniform,1.0,0.06973933905104492,0.004863575411276599,ok
v2e_vs_real,original,741000,742000,2659,0,3,0.5,uniform,1.0,0.07147623672657598,0.005108852416593529,ok
v2e_vs_real,original,742000,743000,2747,0,3,0.5,uniform,1.0,0.07126147283065651,0.005078197509994396,ok
v2e_vs_real,original,743000,744000,1354,0,3,0.5,uniform,1.0,0.09072582373673353,0.008231175092708841,ok
v2e_vs_real,original,744000,745000,2802,0,3,0.5,uniform,1.0,0.07135042014534762,0.005090882454917628,ok
v2e_vs_real,original,745000,746000,2794,0,3,0.5,uniform,1.0,0.07126647506326368,0.005078910467942784,ok
v2e_vs_real,original,746000,747000,2759,0,3,0.5,uniform,1.0,0.06981586049645382,0.0048742543768603,ok
v2e_vs_real,original,747000,748000,2949,0,3,0.5,uniform,1.0,0.07213331287659974,0.00520321482655343,ok
v2e_vs_real,original,748000,749000,2845,0,3,0.5,uniform,1.0,0.06874103427416868,0.004725329793082433,ok
v2e_vs_real,original,749000,750000,3110,0,3,0.5,uniform,1.0,0.07094625503804229,0.005033371103922941,ok
v2e_vs_real,original,750000,751000,3069,0,3,0.5,uniform,1.0,0.07032066213317206,0.004944995522847739,ok
v2e_vs_real,original,751000,752000,1440,0,3,0.5,uniform,1.0,0.09043867483846402,0.008179153906537425,ok
v2e_vs_real,original,752000,753000,3003,0,3,0.5,uniform,1.0,0.07045778306100926,0.004964299193872244,ok
v2e_vs_real,original,753000,754000,2899,0,3,0.5,uniform,1.0,0.07080828120091096,0.0050138126866272805,ok
v2e_vs_real,original,754000,755000,2901,0,3,0.5,uniform,1.0,0.07187546268318849,0.005166082135922421,ok
v2e_vs_real,original,755000,756000,2919,0,3,0.5,uniform,1.0,0.07077997457511505,0.005009804800853932,ok
v2e_vs_real,original,756000,757000,2892,0,3,0.5,uniform,1.0,0.07120225690417457,0.005069761388248075,ok
v2e_vs_real,original,757000,758000,1398,0,3,0.5,uniform,1.0,0.09186296295368261,0.008438803962629665,ok
v2e_vs_real,original,758000,759000,2909,0,3,0.5,uniform,1.0,0.07132701262189277,0.00508754272956365,ok
v2e_vs_real,original,759000,760000,2796,0,3,0.5,uniform,1.0,0.07135797076471753,0.005091959991658282,ok
v2e_vs_real,original,760000,761000,2836,0,3,0.5,uniform,1.0,0.07158713424944531,0.005124717790048106,ok
v2e_vs_real,original,761000,762000,2795,0,3,0.5,uniform,1.0,0.07133010272866355,0.005087983555281695,ok
v2e_vs_real,original,762000,763000,2704,0,3,0.5,uniform,1.0,0.07081135570048334,0.005014248096140374,ok
v2e_vs_real,original,763000,764000,3001,0,3,0.5,uniform,1.0,0.07292026921306885,0.005317365662106437,ok
v2e_vs_real,original,764000,765000,2895,0,3,0.5,uniform,1.0,0.07189057433601728,0.005168254678362428,ok
v2e_vs_real,original,765000,766000,3614,0,3,0.5,uniform,1.0,0.06437242767025018,0.004143809444161591,ok
v2e_vs_real,original,766000,767000,3214,0,3,0.5,uniform,1.0,0.066195900898243,0.004381897295730007,ok
v2e_vs_real,original,767000,768000,1615,0,3,0.5,uniform,1.0,0.08262162528288845,0.006826332964386032,ok
v2e_vs_real,original,768000,769000,3085,0,3,0.5,uniform,1.0,0.06735947524822773,0.0045372989057166045,ok
v2e_vs_real,original,769000,770000,2932,0,3,0.5,uniform,1.0,0.06619081512720111,0.004381224007203315,ok
v2e_vs_real,original,770000,771000,3037,0,3,0.5,uniform,1.0,0.07090929522501428,0.005028128149308233,ok
v2e_vs_real,original,771000,772000,3152,0,3,0.5,uniform,1.0,0.0698360036511563,0.004877067405964317,ok
v2e_vs_real,original,772000,773000,3286,0,3,0.5,uniform,1.0,0.07022657666143318,0.004931772069584152,ok
v2e_vs_real,original,773000,774000,3366,0,3,0.5,uniform,1.0,0.07034363610044442,0.004948227139831748,ok
v2e_vs_real,original,774000,775000,1748,0,3,0.5,uniform,1.0,0.09036298413146414,0.008165468901143239,ok
v2e_vs_real,original,775000,776000,3450,0,3,0.5,uniform,1.0,0.07168837327426925,0.005139222862710961,ok
v2e_vs_real,original,776000,777000,3578,0,3,0.5,uniform,1.0,0.07236396879999439,0.0052365439804865615,ok
v2e_vs_real,original,777000,778000,3652,0,3,0.5,uniform,1.0,0.07192374657955004,0.005173025322039336,ok
v2e_vs_real,original,778000,779000,3816,0,3,0.5,uniform,1.0,0.07178388394381234,0.005152925994058719,ok
v2e_vs_real,original,779000,780000,3934,0,3,0.5,uniform,1.0,0.07151626394807528,0.005114576009090772,ok
v2e_vs_real,original,780000,781000,4163,0,3,0.5,uniform,1.0,0.0716249123948441,0.005130128075569091,ok
v2e_vs_real,original,781000,782000,4458,0,3,0.5,uniform,1.0,0.07066438424259767,0.004993455200385486,ok
v2e_vs_real,original,782000,783000,2335,0,3,0.5,uniform,1.0,0.08862127930364594,0.007853731145414823,ok
v2e_vs_real,original,783000,784000,4809,0,3,0.5,uniform,1.0,0.06949676691283621,0.004829800611337086,ok
v2e_vs_real,original,784000,785000,4890,0,3,0.5,uniform,1.0,0.06982019920090445,0.004874860216453978,ok
v2e_vs_real,original,785000,786000,5202,0,3,0.5,uniform,1.0,0.06930422598304044,0.004803075739108337,ok
v2e_vs_real,original,786000,787000,5275,0,3,0.5,uniform,1.0,0.0704179944966322,0.004958693948927723,ok
v2e_vs_real,original,787000,788000,5328,0,3,0.5,uniform,1.0,0.07143062471459688,0.0051023341471175794,ok
v2e_vs_real,original,788000,789000,5498,0,3,0.5,uniform,1.0,0.07104573929644462,0.005047497072178374,ok
v2e_vs_real,original,789000,790000,2767,0,3,0.5,uniform,1.0,0.0909821095944045,0.008277744266248232,ok
v2e_vs_real,original,790000,791000,5483,0,3,0.5,uniform,1.0,0.07143474421704551,0.005102922681354717,ok
v2e_vs_real,original,791000,792000,5375,0,3,0.5,uniform,1.0,0.07162320791533415,0.005129883912083185,ok
v2e_vs_real,original,792000,793000,5387,0,3,0.5,uniform,1.0,0.07053771830534006,0.004975569703723506,ok
v2e_vs_real,original,793000,794000,5154,0,3,0.5,uniform,1.0,0.06965173956755243,0.004851364824786148,ok
v2e_vs_real,original,794000,795000,5045,0,3,0.5,uniform,1.0,0.06855323354645801,0.004699545829675215,ok
v2e_vs_real,original,795000,796000,5002,0,3,0.5,uniform,1.0,0.06747829838530865,0.004553320752976749,ok
v2e_vs_real,original,796000,797000,2437,0,3,0.5,uniform,1.0,0.08358584368254593,0.006986593264123002,ok
v2e_vs_real,original,797000,798000,4660,0,3,0.5,uniform,1.0,0.06643156131451831,0.004413152338684606,ok
v2e_vs_real,original,798000,799000,4956,0,3,0.5,uniform,1.0,0.062165881323363134,0.003864596800710469,ok
v2e_vs_real,original,799000,800000,4678,0,3,0.5,uniform,1.0,0.07159651081372786,0.005126060360700252,ok
v2e_vs_real,original,800000,801000,4115,0,3,0.5,uniform,1.0,0.07470043003229647,0.00558015424701002,ok
v2e_vs_real,original,801000,802000,4068,0,3,0.5,uniform,1.0,0.07574096896806913,0.0057366943802220115,ok
v2e_vs_real,original,802000,803000,3869,0,3,0.5,uniform,1.0,0.07844727344816856,0.006153974711451732,ok
v2e_vs_real,original,803000,804000,3792,0,3,0.5,uniform,1.0,0.0797523341902297,0.006360434808790081,ok
v2e_vs_real,original,804000,805000,3712,0,3,0.5,uniform,1.0,0.08060576421015164,0.006497289223902564,ok
v2e_vs_real,original,805000,806000,3765,0,3,0.5,uniform,1.0,0.08143238465729082,0.006631233270972973,ok
v2e_vs_real,original,806000,807000,3786,0,3,0.5,uniform,1.0,0.0820878363703162,0.006738412879959809,ok
v2e_vs_real,original,807000,808000,3631,0,3,0.5,uniform,1.0,0.08488743209525251,0.0072058761277261065,ok
v2e_vs_real,original,808000,809000,3739,0,3,0.5,uniform,1.0,0.08486759199405164,0.007202508170868819,ok
v2e_vs_real,original,809000,810000,3726,0,3,0.5,uniform,1.0,0.08616232911277975,0.007423946958138973,ok
v2e_vs_real,original,810000,811000,7585,0,3,0.5,uniform,1.0,0.06850437341868712,0.004692849177486926,ok
v2e_vs_real,original,811000,812000,3838,0,3,0.5,uniform,1.0,0.08621547439988138,0.007433108025996602,ok
v2e_vs_real,original,812000,813000,3923,0,3,0.5,uniform,1.0,0.08578020140008542,0.007358242952239218,ok
v2e_vs_real,original,813000,814000,4056,0,3,0.5,uniform,1.0,0.08537852244753577,0.007289492095324369,ok
v2e_vs_real,original,814000,815000,4076,0,3,0.5,uniform,1.0,0.08442554833912877,0.0071276732123625695,ok
v2e_vs_real,original,815000,816000,4126,0,3,0.5,uniform,1.0,0.08420937904055467,0.007091219518395807,ok
v2e_vs_real,original,816000,817000,4122,0,3,0.5,uniform,1.0,0.08448245828248295,0.0071372857574514715,ok
v2e_vs_real,original,817000,818000,4324,0,3,0.5,uniform,1.0,0.0826484498791657,0.006830766267428965,ok
v2e_vs_real,original,818000,819000,4067,0,3,0.5,uniform,1.0,0.08393227297293504,0.007044626446403281,ok
v2e_vs_real,original,819000,820000,4287,0,3,0.5,uniform,1.0,0.08266201951495575,0.006833009470290924,ok
v2e_vs_real,original,820000,821000,4148,0,3,0.5,uniform,1.0,0.08500599992509217,0.00722602002326477,ok
v2e_vs_real,original,821000,822000,4137,0,3,0.5,uniform,1.0,0.0854480958253491,0.0073013770801780425,ok
v2e_vs_real,original,822000,823000,4134,0,3,0.5,uniform,1.0,0.08617489655056942,0.007426112795501341,ok
v2e_vs_real,original,823000,824000,4078,0,3,0.5,uniform,1.0,0.08614566186550919,0.007421075058246644,ok
v2e_vs_real,original,824000,825000,4087,0,3,0.5,uniform,1.0,0.08660900257418723,0.007501119326895569,ok
v2e_vs_real,original,825000,826000,4034,0,3,0.5,uniform,1.0,0.08664889704326126,0.007508031358813691,ok
v2e_vs_real,original,826000,827000,4080,0,3,0.5,uniform,1.0,0.08733467376748844,0.0076273452420736335,ok
v2e_vs_real,original,827000,828000,4064,0,3,0.5,uniform,1.0,0.08685618836078808,0.0075439974565646994,ok
v2e_vs_real,original,828000,829000,4255,0,3,0.5,uniform,1.0,0.08521781087922295,0.007262075291047009,ok
v2e_vs_real,original,829000,830000,4107,0,3,0.5,uniform,1.0,0.08570649648757606,0.0073456035401748875,ok
v2e_vs_real,original,830000,831000,4156,0,3,0.5,uniform,1.0,0.0849837782693164,0.007222242568928334,ok
v2e_vs_real,original,831000,832000,4410,0,3,0.5,uniform,1.0,0.08027565325046401,0.006444180504788732,ok
v2e_vs_real,original,832000,833000,4267,0,3,0.5,uniform,1.0,0.08241328541386396,0.006791949612707002,ok
v2e_vs_real,original,833000,834000,4195,0,3,0.5,uniform,1.0,0.08347318332239718,0.0069677723339745265,ok
v2e_vs_real,original,834000,835000,4166,0,3,0.5,uniform,1.0,0.0838653328247196,0.007033394049800991,ok
v2e_vs_real,original,835000,836000,4208,0,3,0.5,uniform,1.0,0.08351499072415354,0.006974753675655452,ok
v2e_vs_real,original,836000,837000,4174,0,3,0.5,uniform,1.0,0.08459368728330505,0.0071560919281856055,ok
v2e_vs_real,original,837000,838000,4046,0,3,0.5,uniform,1.0,0.08596715486537106,0.00739035171564669,ok
v2e_vs_real,original,838000,839000,4092,0,3,0.5,uniform,1.0,0.08547557340734752,0.007306073649314853,ok
v2e_vs_real,original,839000,840000,4106,0,3,0.5,uniform,1.0,0.08493540182853473,0.007214022483774662,ok
v2e_vs_real,original,840000,841000,4015,0,3,0.5,uniform,1.0,0.08628604056999882,0.007445280797247482,ok
v2e_vs_real,original,841000,842000,4067,0,3,0.5,uniform,1.0,0.08533866369997299,0.007282687522097089,ok
v2e_vs_real,original,842000,843000,4177,0,3,0.5,uniform,1.0,0.08532912034159489,0.007281058778270383,ok
v2e_vs_real,original,843000,844000,4118,0,3,0.5,uniform,1.0,0.08544298921999592,0.007300504406848338,ok
v2e_vs_real,original,844000,845000,4078,0,3,0.5,uniform,1.0,0.08643030279243806,0.007470197240792527,ok
v2e_vs_real,original,845000,846000,4108,0,3,0.5,uniform,1.0,0.0865139315787741,0.007484660357216806,ok
v2e_vs_real,original,846000,847000,4205,0,3,0.5,uniform,1.0,0.08589945761647826,0.007378716818805143,ok
v2e_vs_real,original,847000,848000,4219,0,3,0.5,uniform,1.0,0.08536049711792096,0.007286414468218591,ok
v2e_vs_real,original,848000,849000,4373,0,3,0.5,uniform,1.0,0.08411890550614912,0.0070759902635524445,ok
v2e_vs_real,original,849000,850000,4315,0,3,0.5,uniform,1.0,0.08378424497225871,0.00701979970557146,ok
v2e_vs_real,original,850000,851000,4485,0,3,0.5,uniform,1.0,0.08255888071961791,0.006815968785676097,ok
v2e_vs_real,original,851000,852000,4394,0,3,0.5,uniform,1.0,0.08322100130071391,0.006925735057493428,ok
v2e_vs_real,original,852000,853000,4402,0,3,0.5,uniform,1.0,0.08383948543419892,0.007029059317871252,ok
v2e_vs_real,original,853000,854000,4317,0,3,0.5,uniform,1.0,0.08450407171135092,0.00714093813579714,ok
v2e_vs_real,original,854000,855000,4404,0,3,0.5,uniform,1.0,0.08444910907331203,0.0071316520232761514,ok
v2e_vs_real,original,855000,856000,4343,0,3,0.5,uniform,1.0,0.08434261172167737,0.007113676152033628,ok
v2e_vs_real,original,856000,857000,4349,0,3,0.5,uniform,1.0,0.08529840844103845,0.00727581848257422,ok
v2e_vs_real,original,857000,858000,4396,0,3,0.5,uniform,1.0,0.08491214149458788,0.007210071773196913,ok
v2e_vs_real,original,858000,859000,4318,0,3,0.5,uniform,1.0,0.08577355880452232,0.007357103389992848,ok
v2e_vs_real,original,859000,860000,8595,0,3,0.5,uniform,1.0,0.06796418344447898,0.004619130231274791,ok
v2e_vs_real,original,860000,861000,4386,0,3,0.5,uniform,1.0,0.08437697827817404,0.007119474463355455,ok
v2e_vs_real,original,861000,862000,4353,0,3,0.5,uniform,1.0,0.08506377679126931,0.007235846121994886,ok
v2e_vs_real,original,862000,863000,4279,0,3,0.5,uniform,1.0,0.0857284103341303,0.007349360338417018,ok
v2e_vs_real,original,863000,864000,4302,0,3,0.5,uniform,1.0,0.085188328831278,0.007257051369065949,ok
v2e_vs_real,original,864000,865000,4682,0,3,0.5,uniform,1.0,0.07961697718812509,0.006338863056574431,ok
v2e_vs_real,original,865000,866000,4591,0,3,0.5,uniform,1.0,0.08075220050908004,0.0065209178870586654,ok
v2e_vs_real,original,866000,867000,4633,0,3,0.5,uniform,1.0,0.08122536656290483,0.006597560173278258,ok
v2e_vs_real,original,867000,868000,4578,0,3,0.5,uniform,1.0,0.08184313838421817,0.006698299300578286,ok
v2e_vs_real,original,868000,869000,4515,0,3,0.5,uniform,1.0,0.08278893958223779,0.00685400851715142,ok
v2e_vs_real,original,869000,870000,4479,0,3,0.5,uniform,1.0,0.08333395413514146,0.006944547911797859,ok
v2e_vs_real,original,870000,871000,4613,0,3,0.5,uniform,1.0,0.08266115456957532,0.006832866474775222,ok
v2e_vs_real,original,871000,872000,4596,0,3,0.5,uniform,1.0,0.0829526526145317,0.006881142575787174,ok
v2e_vs_real,original,872000,873000,4539,0,3,0.5,uniform,1.0,0.08299349079061415,0.006887919513611756,ok
v2e_vs_real,original,873000,874000,4559,0,3,0.5,uniform,1.0,0.08353243363500182,0.006977667468985984,ok
v2e_vs_real,original,874000,875000,4608,0,3,0.5,uniform,1.0,0.08279398643591009,0.0068548441899496625,ok
v2e_vs_real,original,875000,876000,4520,0,3,0.5,uniform,1.0,0.08391336119904796,0.007041452187721888,ok
v2e_vs_real,original,876000,877000,4648,0,3,0.5,uniform,1.0,0.08320410705098351,0.006922923430151524,ok
v2e_vs_real,original,877000,878000,4632,0,3,0.5,uniform,1.0,0.08342541713734929,0.006959800224540731,ok
v2e_vs_real,original,878000,879000,4642,0,3,0.5,uniform,1.0,0.08407112527804043,0.007067954105515969,ok
v2e_vs_real,original,879000,880000,4644,0,3,0.5,uniform,1.0,0.08354695778445442,0.00698009415503741,ok
v2e_vs_real,original,880000,881000,4743,0,3,0.5,uniform,1.0,0.08280535385144805,0.006856726626463521,ok
v2e_vs_real,original,881000,882000,4935,0,3,0.5,uniform,1.0,0.08130236593666318,0.00661007470689909,ok
v2e_vs_real,original,882000,883000,4893,0,3,0.5,uniform,1.0,0.08177316211943372,0.00668685004301119,ok
v2e_vs_real,original,883000,884000,4932,0,3,0.5,uniform,1.0,0.08114450176674341,0.006584430166973025,ok
v2e_vs_real,original,884000,885000,4954,0,3,0.5,uniform,1.0,0.08109614201635477,0.006576584249936783,ok
v2e_vs_real,original,885000,886000,4924,0,3,0.5,uniform,1.0,0.08150175128933705,0.006642535463228953,ok
v2e_vs_real,original,886000,887000,4912,0,3,0.5,uniform,1.0,0.08178261596524378,0.006688396274118546,ok
v2e_vs_real,original,887000,888000,4768,0,3,0.5,uniform,1.0,0.08303299729148929,0.006894478639208466,ok
v2e_vs_real,original,888000,889000,4933,0,3,0.5,uniform,1.0,0.08206147323529568,0.00673408538954715,ok
v2e_vs_real,original,889000,890000,4884,0,3,0.5,uniform,1.0,0.08265304487336282,0.006831525826838129,ok
v2e_vs_real,original,890000,891000,4837,0,3,0.5,uniform,1.0,0.0827545743885852,0.006848319582235881,ok
v2e_vs_real,original,891000,892000,4915,0,3,0.5,uniform,1.0,0.0820441836983026,0.006731248078720822,ok
v2e_vs_real,original,892000,893000,4833,0,3,0.5,uniform,1.0,0.08278005565102108,0.006852537613586147,ok
v2e_vs_real,original,893000,894000,4970,0,3,0.5,uniform,1.0,0.08165917614245916,0.00666822104826517,ok
v2e_vs_real,original,894000,895000,4900,0,3,0.5,uniform,1.0,0.08114851841134609,0.006585082040356574,ok
v2e_vs_real,original,895000,896000,4901,0,3,0.5,uniform,1.0,0.08104538371682332,0.006568354221807131,ok
v2e_vs_real,original,896000,897000,4909,0,3,0.5,uniform,1.0,0.08200977308714805,0.006725602881805513,ok
v2e_vs_real,original,897000,898000,4850,0,3,0.5,uniform,1.0,0.08197781959243891,0.006720362905130462,ok
v2e_vs_real,original,898000,899000,4958,0,3,0.5,uniform,1.0,0.07855174563082706,0.006170376741650158,ok
v2e_vs_real,original,899000,900000,4926,0,3,0.5,uniform,1.0,0.07966932386940913,0.0063472011658088036,ok
v2e_vs_real,original,900000,901000,4938,0,3,0.5,uniform,1.0,0.07987818553333745,0.006380524524098279,ok
v2e_vs_real,original,901000,902000,4871,0,3,0.5,uniform,1.0,0.08075426055955934,0.0065212505985212,ok
v2e_vs_real,original,902000,903000,4845,0,3,0.5,uniform,1.0,0.08034155426394374,0.006454765341546215,ok
v2e_vs_real,original,903000,904000,4738,0,3,0.5,uniform,1.0,0.08129976098356316,0.006609651135984499,ok
v2e_vs_real,original,904000,905000,4797,0,3,0.5,uniform,1.0,0.08133582694004896,0.006615516744021593,ok
v2e_vs_real,original,905000,906000,4780,0,3,0.5,uniform,1.0,0.08175963069065852,0.00668463721067287,ok
v2e_vs_real,original,906000,907000,4645,0,3,0.5,uniform,1.0,0.08283664883785706,0.006861910390686445,ok
v2e_vs_real,original,907000,908000,4716,0,3,0.5,uniform,1.0,0.08319634198187087,0.0069216313191644094,ok
v2e_vs_real,original,908000,909000,4618,0,3,0.5,uniform,1.0,0.08335535008762053,0.00694811438822978,ok
v2e_vs_real,original,909000,910000,4678,0,3,0.5,uniform,1.0,0.0832630278193984,0.006932731801653911,ok
v2e_vs_real,original,910000,911000,9220,0,3,0.5,uniform,1.0,0.06681480548177797,0.004464218231567828,ok
v2e_vs_real,original,911000,912000,4728,0,3,0.5,uniform,1.0,0.08236331542529757,0.00678371572784706,ok
v2e_vs_real,original,912000,913000,4768,0,3,0.5,uniform,1.0,0.08239611226612595,0.006789119316572031,ok
v2e_vs_real,original,913000,914000,4802,0,3,0.5,uniform,1.0,0.0820672045256312,0.006735026058651782,ok
v2e_vs_real,original,914000,915000,5011,0,3,0.5,uniform,1.0,0.080788872758522,0.006526841961592659,ok
v2e_vs_real,original,915000,916000,4938,0,3,0.5,uniform,1.0,0.08038804601536623,0.006462237942168637,ok
v2e_vs_real,original,916000,917000,4911,0,3,0.5,uniform,1.0,0.08132094592540733,0.006613096246203022,ok
v2e_vs_real,original,917000,918000,4999,0,3,0.5,uniform,1.0,0.08030922492278701,0.006449571607698795,ok
v2e_vs_real,original,918000,919000,5091,0,3,0.5,uniform,1.0,0.08063712119875867,0.006502345315223294,ok
v2e_vs_real,original,919000,920000,4998,0,3,0.5,uniform,1.0,0.08073410215947927,0.006517995251497235,ok
v2e_vs_real,original,920000,921000,4966,0,3,0.5,uniform,1.0,0.080935345121094,0.006550530089870595,ok
v2e_vs_real,original,921000,922000,5038,0,3,0.5,uniform,1.0,0.08147034360081577,0.006637416886434984,ok
v2e_vs_real,original,922000,923000,5013,0,3,0.5,uniform,1.0,0.08095389574441442,0.006553533236197519,ok
v2e_vs_real,original,923000,924000,4991,0,3,0.5,uniform,1.0,0.08207297267293659,0.006735972843372597,ok
v2e_vs_real,original,924000,925000,5020,0,3,0.5,uniform,1.0,0.08106674909096728,0.006571817808177844,ok
v2e_vs_real,original,925000,926000,4957,0,3,0.5,uniform,1.0,0.08166910766834101,0.006669843147343076,ok
v2e_vs_real,original,926000,927000,4852,0,3,0.5,uniform,1.0,0.08279614881071486,0.006855202257886038,ok
v2e_vs_real,original,927000,928000,4927,0,3,0.5,uniform,1.0,0.08201449652127542,0.006726377639638298,ok
v2e_vs_real,original,928000,929000,4915,0,3,0.5,uniform,1.0,0.08192656857206596,0.006711962637993425,ok
v2e_vs_real,original,929000,930000,4877,0,3,0.5,uniform,1.0,0.08150885721569168,0.006643693804608012,ok
v2e_vs_real,original,930000,931000,4925,0,3,0.5,uniform,1.0,0.08075321016394381,0.006521080951782077,ok
v2e_vs_real,original,931000,932000,4766,0,3,0.5,uniform,1.0,0.07918231046735912,0.00626983829094925,ok
v2e_vs_real,original,932000,933000,4161,0,3,0.5,uniform,1.0,0.08332014483857499,0.006942246535921113,ok
v2e_vs_real,original,933000,934000,4101,0,3,0.5,uniform,1.0,0.08342316978238248,0.0069594252565402135,ok
v2e_vs_real,original,934000,935000,4157,0,3,0.5,uniform,1.0,0.0828713096049326,0.006867653955636593,ok
v2e_vs_real,original,935000,936000,8107,0,3,0.5,uniform,1.0,0.06673912572195466,0.00445411090213087,ok
v2e_vs_real,original,936000,937000,4011,0,3,0.5,uniform,1.0,0.08405478539158057,0.007065206947224667,ok
v2e_vs_real,original,937000,938000,3981,0,3,0.5,uniform,1.0,0.08492998431747462,0.007213102236166485,ok
v2e_vs_real,original,938000,939000,4051,0,3,0.5,uniform,1.0,0.08404488884613423,0.007063543341159057,ok
v2e_vs_real,original,939000,940000,3997,0,3,0.5,uniform,1.0,0.08470412934663013,0.0071747895283706484,ok
v2e_vs_real,original,940000,941000,7794,0,3,0.5,uniform,1.0,0.06749343121065172,0.004555363256586977,ok
v2e_vs_real,original,941000,942000,3893,0,3,0.5,uniform,1.0,0.08568669552059802,0.007342209789239673,ok
v2e_vs_real,original,942000,943000,3866,0,3,0.5,uniform,1.0,0.08604017820135304,0.0074029122649205865,ok
v2e_vs_real,original,943000,944000,3893,0,3,0.5,uniform,1.0,0.08570444429044459,0.007345251771133919,ok
v2e_vs_real,original,944000,945000,3915,0,3,0.5,uniform,1.0,0.08518801043254873,0.007256997121456031,ok
v2e_vs_real,original,945000,946000,7805,0,3,0.5,uniform,1.0,0.06759673279901764,0.004569318285101786,ok
v2e_vs_real,original,946000,947000,3934,0,3,0.5,uniform,1.0,0.08518095124323312,0.007255794454702057,ok
v2e_vs_real,original,947000,948000,3985,0,3,0.5,uniform,1.0,0.08451656054599385,0.007143049006524646,ok
v2e_vs_real,original,948000,949000,3945,0,3,0.5,uniform,1.0,0.0849737503455405,0.007220538247786244,ok
v2e_vs_real,original,949000,950000,3977,0,3,0.5,uniform,1.0,0.08472035554660572,0.0071775386439432865,ok
v2e_vs_real,original,950000,951000,8055,0,3,0.5,uniform,1.0,0.06693732011941414,0.004480604824768925,ok
v2e_vs_real,original,951000,952000,3972,0,3,0.5,uniform,1.0,0.08490608775736493,0.007209043738261354,ok
v2e_vs_real,original,952000,953000,4046,0,3,0.5,uniform,1.0,0.0839387770053506,0.0070457182851539745,ok
v2e_vs_real,original,953000,954000,3993,0,3,0.5,uniform,1.0,0.08462491662622897,0.007161376513996204,ok
v2e_vs_real,original,954000,955000,4014,0,3,0.5,uniform,1.0,0.084607614219783,0.007158448383963625,ok
v2e_vs_real,original,955000,956000,8005,0,3,0.5,uniform,1.0,0.06721076262625565,0.004517286612802884,ok
v2e_vs_real,original,956000,957000,3942,0,3,0.5,uniform,1.0,0.08536272285055872,0.007286794452461301,ok
v2e_vs_real,original,957000,958000,3971,0,3,0.5,uniform,1.0,0.0849791843708258,0.007221461776330803,ok
v2e_vs_real,original,958000,959000,4005,0,3,0.5,uniform,1.0,0.08505980639763096,0.007235170664402459,ok
v2e_vs_real,original,959000,960000,3967,0,3,0.5,uniform,1.0,0.0852734802440907,0.007271566432939327,ok
v2e_vs_real,original,960000,961000,7929,0,3,0.5,uniform,1.0,0.06706234099879722,0.00449735758023896,ok
v2e_vs_real,original,961000,962000,3890,0,3,0.5,uniform,1.0,0.08437551926657837,0.007119228251504737,ok
v2e_vs_real,original,962000,963000,4018,0,3,0.5,uniform,1.0,0.08341490730310325,0.0069580467603853075,ok
v2e_vs_real,original,963000,964000,3934,0,3,0.5,uniform,1.0,0.08389098364608669,0.007037697137107984,ok
v2e_vs_real,original,964000,965000,3880,0,3,0.5,uniform,1.0,0.08359163678749336,0.006987561740812213,ok
v2e_vs_real,original,965000,966000,7769,0,3,0.5,uniform,1.0,0.06386913561343217,0.00407926648400699,ok
v2e_vs_real,original,966000,967000,3882,0,3,0.5,uniform,1.0,0.08027816863126014,0.006444584358789039,ok
v2e_vs_real,original,967000,968000,3768,0,3,0.5,uniform,1.0,0.08089748952573468,0.006544403811566353,ok
v2e_vs_real,original,968000,969000,3776,0,3,0.5,uniform,1.0,0.0823290620333916,0.006778074455298043,ok
v2e_vs_real,original,969000,970000,3674,0,3,0.5,uniform,1.0,0.08341365753848232,0.006957838263947209,ok
v2e_vs_real,original,970000,971000,7404,0,3,0.5,uniform,1.0,0.06593129530859503,0.004346935701069165,ok
v2e_vs_real,original,971000,972000,3638,0,3,0.5,uniform,1.0,0.08382755794158274,0.0070270594704494125,ok
v2e_vs_real,original,972000,973000,3641,0,3,0.5,uniform,1.0,0.08437346736585712,0.007118881995337355,ok
v2e_vs_real,original,973000,974000,3669,0,3,0.5,uniform,1.0,0.08407484225603747,0.007068579100377582,ok
v2e_vs_real,original,974000,975000,3653,0,3,0.5,uniform,1.0,0.08436818381302037,0.007117990439907592,ok
v2e_vs_real,original,975000,976000,7149,0,3,0.5,uniform,1.0,0.0663642060343803,0.004404207842573679,ok
v2e_vs_real,original,976000,977000,3700,0,3,0.5,uniform,1.0,0.08158114166555873,0.006655482675455963,ok
v2e_vs_real,original,977000,978000,3626,0,3,0.5,uniform,1.0,0.08293376137559831,0.006878008775904682,ok
v2e_vs_real,original,978000,979000,3716,0,3,0.5,uniform,1.0,0.08167878712500846,0.006671424266212449,ok
v2e_vs_real,original,979000,980000,3669,0,3,0.5,uniform,1.0,0.0832024167594491,0.006922642154613057,ok
v2e_vs_real,original,980000,981000,7399,0,3,0.5,uniform,1.0,0.06368223437346816,0.0040554269747973305,ok
v2e_vs_real,original,981000,982000,3727,0,3,0.5,uniform,1.0,0.0803294565514474,0.006452821589850876,ok
v2e_vs_real,original,982000,983000,3734,0,3,0.5,uniform,1.0,0.08030733303317837,0.006449267738901822,ok
v2e_vs_real,original,983000,984000,3770,0,3,0.5,uniform,1.0,0.0803427389599189,0.006454955703581671,ok
v2e_vs_real,original,984000,985000,3701,0,3,0.5,uniform,1.0,0.08074023771851081,0.006518985986841636,ok
v2e_vs_real,original,985000,986000,7562,0,3,0.5,uniform,1.0,0.06018505014533185,0.003622240260996109,ok
v2e_vs_real,original,986000,987000,3737,0,3,0.5,uniform,1.0,0.0770670392739882,0.00593932854245844,ok
v2e_vs_real,original,987000,988000,3783,0,3,0.5,uniform,1.0,0.07717867114453156,0.005956547279635749,ok
v2e_vs_real,original,988000,989000,3871,0,3,0.5,uniform,1.0,0.07598444228686362,0.005773635469645708,ok
v2e_vs_real,original,989000,990000,3824,0,3,0.5,uniform,1.0,0.07669003987389213,0.005881362215859164,ok
v2e_vs_real,original,990000,991000,7539,0,3,0.5,uniform,1.0,0.05714750536195977,0.0032658373690952207,ok
v2e_vs_real,original,991000,992000,3762,0,3,0.5,uniform,1.0,0.07395172601348313,0.005468857780373277,ok
v2e_vs_real,original,992000,993000,3785,0,3,0.5,uniform,1.0,0.07358962165855125,0.005415432415848714,ok
v2e_vs_real,original,993000,994000,3713,0,3,0.5,uniform,1.0,0.07484948456947385,0.005602445340315905,ok
v2e_vs_real,original,994000,995000,3757,0,3,0.5,uniform,1.0,0.07417758928062924,0.005502314751485723,ok
v2e_vs_real,original,995000,996000,7339,0,3,0.5,uniform,1.0,0.05485936046773053,0.0030095494309283956,ok
v2e_vs_real,original,996000,997000,3678,0,3,0.5,uniform,1.0,0.07178947826309415,0.0051537291892872665,ok
v2e_vs_real,original,997000,998000,3670,0,3,0.5,uniform,1.0,0.07215784817011263,0.005206755052541027,ok
v2e_vs_real,original,998000,999000,3744,0,3,0.5,uniform,1.0,0.06719079104828468,0.004514602401694253,ok
v2e_vs_real,original,999000,1000000,3654,0,3,0.5,uniform,1.0,0.06943329197769843,0.004820982034860322,ok
v2e_vs_real,original,1000000,1001000,7137,0,3,0.5,uniform,1.0,0.05263378068451287,0.0027703148691454,ok
v2e_vs_real,original,1001000,1002000,3522,0,3,0.5,uniform,1.0,0.07050193581075805,0.004970522953064248,ok
v2e_vs_real,original,1002000,1003000,3569,0,3,0.5,uniform,1.0,0.07197938577931304,0.005181031977167173,ok
v2e_vs_real,original,1003000,1004000,3589,0,3,0.5,uniform,1.0,0.07365197266632877,0.005424613077641639,ok
v2e_vs_real,original,1004000,1005000,3552,0,3,0.5,uniform,1.0,0.07453292711353576,0.005555157224111634,ok
v2e_vs_real,original,1005000,1006000,7023,0,3,0.5,uniform,1.0,0.05684869147142725,0.0032317737220135256,ok
v2e_vs_real,original,1006000,1007000,3493,0,3,0.5,uniform,1.0,0.07715630601114634,0.005953095557285656,ok
v2e_vs_real,original,1007000,1008000,3525,0,3,0.5,uniform,1.0,0.0777851955305732,0.006050536643729505,ok
v2e_vs_real,original,1008000,1009000,3527,0,3,0.5,uniform,1.0,0.07758792578587391,0.006019886227754278,ok
v2e_vs_real,original,1009000,1010000,3614,0,3,0.5,uniform,1.0,0.07811235679972743,0.0061015402848079246,ok
v2e_vs_real,original,1010000,1011000,7059,0,3,0.5,uniform,1.0,0.06113331314631298,0.003737281976245163,ok
v2e_vs_real,original,1011000,1012000,3571,0,3,0.5,uniform,1.0,0.08032955651967913,0.006452837650648325,ok
v2e_vs_real,original,1012000,1013000,3599,0,3,0.5,uniform,1.0,0.08014849507142968,0.0064237812622149875,ok
v2e_vs_real,original,1013000,1014000,3654,0,3,0.5,uniform,1.0,0.08045981157348606,0.00647378127844088,ok
v2e_vs_real,original,1014000,1015000,3661,0,3,0.5,uniform,1.0,0.0803045927684981,0.006448827619714319,ok
