comparison_set,variant,window_start,window_end,n_events,distance,distance_squared,status
real_vs_real,original,16000,17000,6166,0.020757936965726684,0.00043089194707308237,ok
real_vs_real,original,17000,18000,6186,0.029580145717907923,0.0008749850206926663,ok
real_vs_real,original,18000,19000,6141,0.037060089909200435,0.0013734502640780199,ok
real_vs_real,original,19000,20000,5941,0.04219409607476818,0.0017803417435667676,ok
real_vs_real,original,20000,21000,5943,0.045070487841561195,0.0020313488742763155,ok
real_vs_real,original,21000,22000,5867,0.04639867320619456,0.0021528368752952373,ok
real_vs_real,original,22000,23000,5827,0.047607359723770615,0.0022664606998684966,ok
real_vs_real,original,23000,24000,5781,0.048252970614831026,0.0023283491731557466,ok
real_vs_real,original,24000,25000,5741,0.048639153889864666,0.002365767291121937,ok
real_vs_real,original,25000,26000,5606,0.04921498274336197,0.0024221145264294165,ok
real_vs_real,original,26000,27000,5736,0.0489777932604449,0.002398824232662882,ok
real_vs_real,original,27000,28000,5434,0.049600801035627466,0.0024602394633759027,ok
real_vs_real,original,28000,29000,5344,0.04990920942803631,0.0024909291857315883,ok
real_vs_real,original,29000,30000,5340,0.05011842541470342,0.0025118565660491895,ok
real_vs_real,original,30000,31000,5344,0.05005581514243796,0.002505584629573921,ok
real_vs_real,original,31000,32000,5263,0.050368121898424024,0.002536947703574502,ok
real_vs_real,original,32000,33000,5368,0.05002525752320853,0.0025025263902633313,ok
real_vs_real,original,33000,34000,5210,0.050418331926125805,0.002542008194212997,ok
real_vs_real,original,34000,35000,5314,0.0504096653389633,0.0025411343595862783,ok
real_vs_real,original,35000,36000,5379,0.05013178913183739,0.0025131962815590093,ok
real_vs_real,original,36000,37000,5171,0.05067097493664798,0.002567547701030408,ok
real_vs_real,original,37000,38000,5192,0.05051245945064552,0.0025515085597531077,ok
real_vs_real,original,38000,39000,5268,0.050495759112990715,0.0025498216883971846,ok
real_vs_real,original,39000,40000,5368,0.05030828849082475,0.0025309238908760496,ok
real_vs_real,original,40000,41000,5281,0.05056938181509794,0.002557262377161158,ok
real_vs_real,original,41000,42000,5289,0.050898422515250764,0.0025906494145409857,ok
real_vs_real,original,42000,43000,5387,0.0507054901093766,0.002571046727232088,ok
real_vs_real,original,43000,44000,5341,0.05093573434923441,0.002594449033695778,ok
real_vs_real,original,44000,45000,5405,0.051128118965932605,0.0026140845489945573,ok
real_vs_real,original,45000,46000,5439,0.050798890899684306,0.002580527316638029,ok
real_vs_real,original,46000,47000,5361,0.0510590349598472,0.0026070250510308985,ok
real_vs_real,original,47000,48000,5386,0.05081645863372198,0.002582312468072777,ok
real_vs_real,original,48000,49000,5506,0.05094003485167137,0.0025948871506894936,ok
real_vs_real,original,49000,50000,5456,0.05106880454609404,0.0026080227977671555,ok
real_vs_real,original,50000,51000,5400,0.05137441601100419,0.0026393306204717235,ok
real_vs_real,original,51000,52000,5625,0.05055161831413068,0.002555466114177552,ok
real_vs_real,original,52000,53000,5465,0.050875033690921584,0.0025882690530524065,ok
real_vs_real,original,53000,54000,5459,0.050966564880478106,0.0025975907357159845,ok
real_vs_real,original,54000,55000,5471,0.0508584078693883,0.0025865776510090575,ok
real_vs_real,original,55000,56000,5457,0.050481933206151644,0.002548425580230356,ok
real_vs_real,original,56000,57000,5402,0.05043110237903535,0.0025432960871647446,ok
real_vs_real,original,57000,58000,5352,0.050538253158389515,0.0025541150323014675,ok
real_vs_real,original,58000,59000,5236,0.05056982482676202,0.0025573071830093962,ok
real_vs_real,original,59000,60000,5305,0.05016968012612424,0.0025169968039576254,ok
real_vs_real,original,60000,61000,5017,0.050669235504529085,0.0025673714266134305,ok
real_vs_real,original,61000,62000,5158,0.0504412358662565,0.002544318275715321,ok
real_vs_real,original,62000,63000,5085,0.050725624518109434,0.002573088982752225,ok
real_vs_real,original,63000,64000,4961,0.050833145853825944,0.0025840087173963416,ok
real_vs_real,original,64000,65000,5130,0.05064652027088431,0.002565070015549095,ok
real_vs_real,original,65000,66000,5083,0.05062750205019947,0.0025631439638429516,ok
real_vs_real,original,66000,67000,5145,0.050507748960426105,0.0025510327050494246,ok
real_vs_real,original,67000,68000,5059,0.05063856803102195,0.002564264572232438,ok
real_vs_real,original,68000,69000,5008,0.050576306170061175,0.0025579627458077684,ok
real_vs_real,original,69000,70000,4854,0.050862866043268416,0.002587031142135467,ok
real_vs_real,original,70000,71000,4969,0.05053132222142881,0.0025534145254458647,ok
real_vs_real,original,71000,72000,4896,0.05060019669297838,0.0025603799053681006,ok
real_vs_real,original,72000,73000,5020,0.05018640570739838,0.0025186753178275886,ok
real_vs_real,original,73000,74000,4752,0.05143427065600084,0.002645484197914749,ok
real_vs_real,original,74000,75000,4901,0.050844001798763416,0.0025851125189126577,ok
real_vs_real,original,75000,76000,4719,0.051628878548550416,0.0026655411001809694,ok
real_vs_real,original,76000,77000,4634,0.05188382906922074,0.002691931718884115,ok
real_vs_real,original,77000,78000,4680,0.05172202752450012,0.002675168131245148,ok
real_vs_real,original,78000,79000,4507,0.05229921926652578,0.0027352083358881418,ok
real_vs_real,original,79000,80000,4472,0.0522352500908406,0.0027285213520526633,ok
real_vs_real,original,80000,81000,4517,0.05196329314413018,0.002700183834382807,ok
real_vs_real,original,81000,82000,4407,0.052253877122742036,0.0027304676743586235,ok
real_vs_real,original,82000,83000,4229,0.05249953204392984,0.0027562008648316164,ok
real_vs_real,original,83000,84000,3962,0.05356099004423395,0.002868779654518529,ok
real_vs_real,original,84000,85000,3745,0.05425631389812248,0.002943747597811599,ok
real_vs_real,original,85000,86000,3481,0.054181947055925425,0.002935683386771106,ok
real_vs_real,original,86000,87000,3435,0.05420392275473329,0.0029380652420010933,ok
real_vs_real,original,87000,88000,3230,0.05526988175380421,0.0030547598290795,ok
real_vs_real,original,88000,89000,3315,0.05475984357112905,0.0029986404679345235,ok
real_vs_real,original,89000,90000,3264,0.05478393960864637,0.003001280039043813,ok
real_vs_real,original,90000,91000,3262,0.05490084797869348,0.0030141031087796127,ok
real_vs_real,original,91000,92000,3174,0.055128890952820156,0.003039194617687936,ok
real_vs_real,original,92000,93000,3141,0.0558793049593012,0.0031224967227345838,ok
real_vs_real,original,93000,94000,3155,0.05597992549425708,0.003133752058342574,ok
real_vs_real,original,94000,95000,3158,0.05612544520635228,0.0031500655996112518,ok
real_vs_real,original,95000,96000,3161,0.055634006118498044,0.003095142636793078,ok
real_vs_real,original,96000,97000,3077,0.056691880463553626,0.0032139693104938534,ok
real_vs_real,original,97000,98000,3169,0.056139728229414605,0.0031516690856725313,ok
real_vs_real,original,98000,99000,3243,0.05613898495878436,0.003151585632202617,ok
real_vs_real,original,99000,100000,3161,0.05609507768560042,0.0031466577405535458,ok
real_vs_real,original,100000,101000,3188,0.0562478562455516,0.0031638213322202377,ok
real_vs_real,original,101000,102000,3137,0.056807917472534476,0.003227139487566288,ok
real_vs_real,original,102000,103000,3313,0.054962391143648814,0.0030208644402274455,ok
real_vs_real,original,103000,104000,3520,0.054949917637142576,0.0030194934483287524,ok
real_vs_real,original,104000,105000,3779,0.05392950743981207,0.0029083917727007456,ok
real_vs_real,original,105000,106000,4122,0.05273597480087061,0.00278108303819806,ok
real_vs_real,original,106000,107000,4274,0.05269705156009148,0.00277697924312694,ok
real_vs_real,original,107000,108000,4426,0.05253495609440286,0.0027599216118408365,ok
real_vs_real,original,108000,109000,4482,0.0517980357697213,0.0026830365096013275,ok
real_vs_real,original,109000,110000,4733,0.05110379264548616,0.0026115976227528456,ok
real_vs_real,original,110000,111000,4721,0.051472957486254,0.002649465352381712,ok
real_vs_real,original,111000,112000,4895,0.05077046045520772,0.002577639654833811,ok
real_vs_real,original,112000,113000,5037,0.05045084225703432,0.0025452874844441595,ok
real_vs_real,original,113000,114000,5028,0.0500843904583007,0.0025084461675795224,ok
real_vs_real,original,114000,115000,5199,0.04970368165752722,0.002470455970312808,ok
real_vs_real,original,115000,116000,5189,0.049758452232398415,0.0024759035685638746,ok
real_vs_real,original,116000,117000,5190,0.0499101056647053,0.002491018647462048,ok
real_vs_real,original,117000,118000,5310,0.04969961814013515,0.002470052043275251,ok
real_vs_real,original,118000,119000,5204,0.049759168926106434,0.002475974892216796,ok
real_vs_real,original,119000,120000,5318,0.049808562892223816,0.0024808929373886157,ok
real_vs_real,original,120000,121000,5478,0.04937201065935489,0.002437595436547453,ok
real_vs_real,original,121000,122000,5770,0.0492605432093056,0.002426601117275864,ok
real_vs_real,original,122000,123000,5966,0.04921609905389437,0.002422224406082742,ok
real_vs_real,original,123000,124000,6145,0.048965930241072465,0.002397662324373575,ok
real_vs_real,original,124000,125000,6067,0.04926196343554821,0.0024267410415252885,ok
real_vs_real,original,125000,126000,6197,0.04909857954479505,0.0024106705133165674,ok
real_vs_real,original,126000,127000,6232,0.04902393588442697,0.002403346289600406,ok
real_vs_real,original,127000,128000,6191,0.04886896694544278,0.002388175930314779,ok
real_vs_real,original,128000,129000,6390,0.04841483914997537,0.0023439966499179876,ok
real_vs_real,original,129000,130000,6412,0.04821311241474395,0.0023245042087167373,ok
real_vs_real,original,130000,131000,6510,0.047613224416279964,0.0022670191393150386,ok
real_vs_real,original,131000,132000,6485,0.047613655385690526,0.0022670601791872965,ok
real_vs_real,original,132000,133000,6504,0.04678265246202319,0.0021886165713824444,ok
real_vs_real,original,133000,134000,6510,0.04517838863355016,0.002041086799524094,ok
real_vs_real,original,134000,135000,6554,0.04304655799771567,0.001853006155450699,ok
real_vs_real,original,135000,136000,6535,0.04047139750085133,0.0016379340156719153,ok
real_vs_real,original,136000,137000,6473,0.037297011505596694,0.0013910670672486124,ok
real_vs_real,original,137000,138000,6463,0.03389212439587861,0.0011486760960657102,ok
real_vs_real,original,138000,139000,6492,0.030687807328390077,0.0009417415186243918,ok
real_vs_real,original,139000,140000,6401,0.03009288382394307,0.0009055816568413345,ok
real_vs_real,original,140000,141000,6369,0.032025395969262994,0.0010256259869880866,ok
real_vs_real,original,141000,142000,6392,0.03490529245612593,0.0012183794414476821,ok
real_vs_real,original,142000,143000,6331,0.03809861120142874,0.0014515041754776313,ok
real_vs_real,original,143000,144000,6255,0.04018374703696919,0.00161473352593113,ok
real_vs_real,original,144000,145000,6064,0.043130610888927355,0.001860249595652059,ok
real_vs_real,original,145000,146000,6052,0.044980008414642204,0.0020232011569812835,ok
real_vs_real,original,146000,147000,6039,0.04620169550000582,0.002134596667075258,ok
real_vs_real,original,147000,148000,6014,0.04737859172007211,0.0022447309533772854,ok
real_vs_real,original,148000,149000,6013,0.0485167648854394,0.0023538764749490054,ok
real_vs_real,original,149000,150000,6131,0.04883081319343907,0.0023844483171325433,ok
real_vs_real,original,150000,151000,6114,0.04935751869109343,0.002436164651341637,ok
real_vs_real,original,151000,152000,5968,0.04943459752905436,0.0024437794328595877,ok
real_vs_real,original,152000,153000,5763,0.05020864492321282,0.002520908025025265,ok
real_vs_real,original,153000,154000,5738,0.050312873911890016,0.0025313852812737427,ok
real_vs_real,original,154000,155000,5673,0.0508065698086911,0.0025813075357254025,ok
real_vs_real,original,155000,156000,5681,0.05088162360954048,0.0025889396211429476,ok
real_vs_real,original,156000,157000,5707,0.0507120820662959,0.00257171526749873,ok
real_vs_real,original,157000,158000,5604,0.051480016599821314,0.0026501921091178784,ok
real_vs_real,original,158000,159000,5599,0.0515237402956256,0.002654695814051073,ok
real_vs_real,original,159000,160000,5586,0.051878316725390096,0.0026913597462598898,ok
real_vs_real,original,160000,161000,5601,0.051779980931166564,0.002681166425231973,ok
real_vs_real,original,161000,162000,5413,0.05194130603011283,0.002697899272113835,ok
real_vs_real,original,162000,163000,5509,0.05173813095918973,0.002676834195150267,ok
real_vs_real,original,163000,164000,5321,0.05191582933292079,0.002695253335324959,ok
real_vs_real,original,164000,165000,5544,0.05167582639344117,0.0026703910334450708,ok
real_vs_real,original,165000,166000,5564,0.051939743224147954,0.0026977369261904235,ok
real_vs_real,original,166000,167000,5555,0.05182681912675133,0.0026860191807969976,ok
real_vs_real,original,167000,168000,5650,0.05178879198143337,0.0026820789748961773,ok
real_vs_real,original,168000,169000,5534,0.05214682858689284,0.0027192917316707843,ok
real_vs_real,original,169000,170000,5436,0.0521923889347776,0.0027240454627190957,ok
real_vs_real,original,170000,171000,5455,0.051942483234878316,0.002698021564605615,ok
real_vs_real,original,171000,172000,5488,0.05185913725314983,0.0026893701166410323,ok
real_vs_real,original,172000,173000,5421,0.052152717154684704,0.0027199059066165443,ok
real_vs_real,original,173000,174000,5639,0.051339335645146145,0.0026357273844849734,ok
real_vs_real,original,174000,175000,5526,0.05157625559317557,0.0026601101410125743,ok
real_vs_real,original,175000,176000,5709,0.05151892759892538,0.002654199900943315,ok
real_vs_real,original,176000,177000,5713,0.05116756114039035,0.002618119313055585,ok
real_vs_real,original,177000,178000,5461,0.051422906273709865,0.0026443152896347493,ok
real_vs_real,original,178000,179000,5483,0.05149159018186496,0.0026513838594571315,ok
real_vs_real,original,179000,180000,5382,0.051445804077179996,0.0026466707571475897,ok
real_vs_real,original,180000,181000,5358,0.05122127563532688,0.002623619077710131,ok
real_vs_real,original,181000,182000,5455,0.05130894347113449,0.0026326076801240746,ok
real_vs_real,original,182000,183000,5462,0.051054832086652034,0.002606595879396234,ok
real_vs_real,original,183000,184000,5358,0.05118624757368173,0.0026200319406742387,ok
real_vs_real,original,184000,185000,5457,0.050857826764767335,0.0025865185432350844,ok
real_vs_real,original,185000,186000,5335,0.05141029735425188,0.0026430186740525976,ok
real_vs_real,original,186000,187000,5041,0.052222540972237025,0.0027271937855969748,ok
real_vs_real,original,187000,188000,5151,0.05154262451593186,0.0026566421419903404,ok
real_vs_real,original,188000,189000,5047,0.05191075667748784,0.0026947266588293484,ok
real_vs_real,original,189000,190000,5096,0.052022080583550644,0.002706296868241437,ok
real_vs_real,original,190000,191000,5212,0.05177657156041071,0.002680813362550331,ok
real_vs_real,original,191000,192000,4970,0.052249763027622784,0.0027300377364427365,ok
real_vs_real,original,192000,193000,5224,0.05148512564263593,0.0026507181624380077,ok
real_vs_real,original,193000,194000,5005,0.05185425350045544,0.0026888636060894947,ok
real_vs_real,original,194000,195000,4824,0.052652598309988904,0.0027722961087930467,ok
real_vs_real,original,195000,196000,4802,0.05265456879194106,0.0027725036146652535,ok
real_vs_real,original,196000,197000,4698,0.05294023406833687,0.0028026683832102954,ok
real_vs_real,original,197000,198000,4664,0.05318322654296462,0.002828455585520296,ok
real_vs_real,original,198000,199000,4628,0.05318034149782559,0.0028281487218253507,ok
real_vs_real,original,199000,200000,4519,0.05364450520886528,0.0028777329391039743,ok
real_vs_real,original,200000,201000,4650,0.052718512512885056,0.0027792415615712183,ok
real_vs_real,original,201000,202000,4482,0.05314724022238274,0.002824629143255658,ok
real_vs_real,original,202000,203000,4189,0.05406846166094568,0.0029233985463811524,ok
real_vs_real,original,203000,204000,4037,0.054257088199819205,0.0029438316199229602,ok
real_vs_real,original,204000,205000,3946,0.05364130533719086,0.0028773896382777403,ok
real_vs_real,original,205000,206000,3701,0.05418747429945644,0.002936282370954252,ok
real_vs_real,original,206000,207000,3510,0.05350329663856449,0.0028626027511942267,ok
real_vs_real,original,207000,208000,3245,0.05261324925597157,0.0027681539972709934,ok
real_vs_real,original,208000,209000,3041,0.0519378242775008,0.0026975375906805516,ok
real_vs_real,original,209000,210000,3114,0.05068345344735703,0.0025688124533504073,ok
real_vs_real,original,210000,211000,2931,0.050617533361529174,0.0025621346836055187,ok
real_vs_real,original,211000,212000,2709,0.053079743052341505,0.002817459122502596,ok
real_vs_real,original,212000,213000,2880,0.05160250229823189,0.002662818243439028,ok
real_vs_real,original,213000,214000,2762,0.05196099007987675,0.00269994449008105,ok
real_vs_real,original,214000,215000,2745,0.05181138824193709,0.0026844199515567366,ok
real_vs_real,original,215000,216000,2891,0.05090416007179759,0.0025912335126151926,ok
real_vs_real,original,216000,217000,2888,0.05044361523305506,0.0025445583177805043,ok
real_vs_real,original,217000,218000,3022,0.050088858139101654,0.0025088937096790502,ok
real_vs_real,original,218000,219000,3063,0.04958868130172261,0.002459037313243813,ok
real_vs_real,original,219000,220000,2915,0.05137816387289015,0.002639715722949554,ok
real_vs_real,original,220000,221000,2885,0.051380596725037114,0.0026399657198208945,ok
real_vs_real,original,221000,222000,2875,0.05186261638333148,0.0026897309781246026,ok
real_vs_real,original,222000,223000,2774,0.05210883428163663,0.002715330610191069,ok
real_vs_real,original,223000,224000,2921,0.05146055319477728,0.0026481885351125017,ok
real_vs_real,original,224000,225000,2965,0.05064678836072945,0.00256509717125652,ok
real_vs_real,original,225000,226000,2850,0.05107800761805007,0.002608962862229581,ok
real_vs_real,original,226000,227000,3546,0.051053229158073726,0.0026064322074667895,ok
real_vs_real,original,227000,228000,3791,0.05449711567485882,0.0029699356168789433,ok
real_vs_real,original,228000,229000,4253,0.05486322980920162,0.00300997398509727,ok
real_vs_real,original,229000,230000,4540,0.054141843757384935,0.0029313392454490823,ok
real_vs_real,original,230000,231000,4628,0.05420555546359051,0.0029382422431163866,ok
real_vs_real,original,231000,232000,4854,0.053771733874820545,0.0028913993639045235,ok
real_vs_real,original,232000,233000,5077,0.05312194590813192,0.0028219411370664937,ok
real_vs_real,original,233000,234000,4998,0.05363790310081559,0.002877024649052483,ok
real_vs_real,original,234000,235000,5202,0.0530993795644406,0.002819544110128532,ok
real_vs_real,original,235000,236000,5153,0.053020827095777316,0.002811208105920314,ok
real_vs_real,original,236000,237000,5133,0.05337198774365926,0.0028485690757093143,ok
real_vs_real,original,237000,238000,5214,0.053014164128908275,0.002810501598286825,ok
real_vs_real,original,238000,239000,5271,0.05265501379575494,0.0027725504778311435,ok
real_vs_real,original,239000,240000,5371,0.052825304732487095,0.002790512820080124,ok
real_vs_real,original,240000,241000,5495,0.05245811542882287,0.002751853874343704,ok
real_vs_real,original,241000,242000,5434,0.05283381308551506,0.002791411805155143,ok
real_vs_real,original,242000,243000,5473,0.05269453659708361,0.002776714187181384,ok
real_vs_real,original,243000,244000,5429,0.052301081193084374,0.0027354030939656044,ok
real_vs_real,original,244000,245000,5393,0.05265669733021198,0.0027727277737255532,ok
real_vs_real,original,245000,246000,5371,0.05248780832453135,0.0027549700227127425,ok
real_vs_real,original,246000,247000,5503,0.05184938063793046,0.0026883582725369982,ok
real_vs_real,original,247000,248000,5496,0.05209073425917805,0.002713444595660305,ok
real_vs_real,original,248000,249000,5723,0.051779574263446385,0.0026811243109037593,ok
real_vs_real,original,249000,250000,5729,0.05144920848171398,0.0026470210533948695,ok
real_vs_real,original,250000,251000,5998,0.05077785273891972,0.002578390328775417,ok
real_vs_real,original,251000,252000,6047,0.050491482318258805,0.0025493897866950416,ok
real_vs_real,original,252000,253000,5739,0.05110167791939197,0.0026113814861772728,ok
real_vs_real,original,253000,254000,5944,0.05057946934008049,0.0025582827187241425,ok
real_vs_real,original,254000,255000,5928,0.05032891172756181,0.002532999355680709,ok
real_vs_real,original,255000,256000,5991,0.050111990909628416,0.0025112116329266813,ok
real_vs_real,original,256000,257000,6128,0.04913944439857782,0.002414684995800921,ok
real_vs_real,original,257000,258000,6176,0.04801373657186677,0.0023053188995926168,ok
real_vs_real,original,258000,259000,6170,0.04638333290227886,0.002151413571123625,ok
real_vs_real,original,259000,260000,6249,0.043762347244073754,0.0019151430363108899,ok
real_vs_real,original,260000,261000,6107,0.039490641907266304,0.0015595107982479379,ok
real_vs_real,original,261000,262000,6144,0.033015470238230586,0.0010900212750514894,ok
real_vs_real,original,262000,263000,6044,0.0253184436361249,0.0006410235881556335,ok
real_vs_real,original,263000,264000,6171,0.01751651359745289,0.000306828248609752,ok
real_vs_real,original,264000,265000,6143,0.017225712159734497,0.00029672515941002496,ok
real_vs_real,original,265000,266000,6227,0.025204711486038235,0.0006352774810944278,ok
real_vs_real,original,266000,267000,6143,0.033497470613724385,0.0011220805375173285,ok
real_vs_real,original,267000,268000,6133,0.03908223074794931,0.0015274207602359543,ok
real_vs_real,original,268000,269000,6013,0.04344233789390366,0.0018872367216880978,ok
real_vs_real,original,269000,270000,5940,0.04549132401932476,0.0020694605610311937,ok
real_vs_real,original,270000,271000,5878,0.04729554508955301,0.002236868585317942,ok
real_vs_real,original,271000,272000,5710,0.047924975498396284,0.0022968032765218844,ok
real_vs_real,original,272000,273000,5624,0.04883347423341406,0.0023847082057055153,ok
real_vs_real,original,273000,274000,5678,0.048992264845429054,0.0024002420146846636,ok
real_vs_real,original,274000,275000,5558,0.049364723168508026,0.002436875893503433,ok
real_vs_real,original,275000,276000,5502,0.049298056399387065,0.002430298364757148,ok
real_vs_real,original,276000,277000,5569,0.0490250890678146,0.0024034593581071548,ok
real_vs_real,original,277000,278000,5335,0.049960138745951906,0.0024960154635147646,ok
real_vs_real,original,278000,279000,5407,0.04987068735017687,0.0024870854567790915,ok
real_vs_real,original,279000,280000,5250,0.04996764518010552,0.0024967655648449223,ok
real_vs_real,original,280000,281000,5223,0.05047438943894036,0.002547663989233814,ok
real_vs_real,original,281000,282000,5237,0.050198233232844724,0.0025198626196990767,ok
real_vs_real,original,282000,283000,5183,0.05057268978413211,0.0025575969520020606,ok
real_vs_real,original,283000,284000,5221,0.05061518766620842,0.002561897222485497,ok
real_vs_real,original,284000,285000,5232,0.05053016024541877,0.0025532970944276995,ok
real_vs_real,original,285000,286000,5203,0.050087022484494245,0.002508709821362232,ok
real_vs_real,original,286000,287000,5208,0.050238923997680644,0.0025239494844447323,ok
real_vs_real,original,287000,288000,5203,0.05041045754039728,0.002541214229432197,ok
real_vs_real,original,288000,289000,5364,0.050124828833084785,0.002512498465546048,ok
real_vs_real,original,289000,290000,5308,0.050368356944653636,0.002536971381304038,ok
real_vs_real,original,290000,291000,5186,0.05112754960422387,0.002614026328532372,ok
real_vs_real,original,291000,292000,5326,0.050736244401102255,0.0025741664959283797,ok
real_vs_real,original,292000,293000,5455,0.05056034755772738,0.0025563487451581886,ok
real_vs_real,original,293000,294000,5426,0.0507930317395357,0.0025799320732934807,ok
real_vs_real,original,294000,295000,5399,0.050704486948301736,0.002570944996690501,ok
real_vs_real,original,295000,296000,5355,0.05080517688447725,0.002581165998263021,ok
real_vs_real,original,296000,297000,5394,0.050833400633290914,0.002584034619944661,ok
real_vs_real,original,297000,298000,5458,0.05075348655960568,0.0025759163979560745,ok
real_vs_real,original,298000,299000,5482,0.05092486681021717,0.0025933420596383583,ok
real_vs_real,original,299000,300000,5342,0.05141058373677165,0.00264304812015561,ok
real_vs_real,original,300000,301000,5430,0.05088452284381485,0.002589234665042716,ok
real_vs_real,original,301000,302000,5489,0.05097720720015649,0.002598675653927687,ok
real_vs_real,original,302000,303000,5413,0.05114543567545902,0.002615855590432516,ok
real_vs_real,original,303000,304000,5404,0.050951869380166416,0.0025960929933335404,ok
real_vs_real,original,304000,305000,5355,0.05077104682699547,0.0025776991959089667,ok
real_vs_real,original,305000,306000,5431,0.050073746163356775,0.0025073800548322876,ok
real_vs_real,original,306000,307000,5200,0.050611492864455154,0.002561523209968795,ok
real_vs_real,original,307000,308000,5291,0.05018709106454643,0.002518744109521076,ok
real_vs_real,original,308000,309000,5079,0.05073249016610838,0.0025737855584542836,ok
real_vs_real,original,309000,310000,5126,0.050417212304742796,0.0025418952965815082,ok
real_vs_real,original,310000,311000,4982,0.050556410815401166,0.002555950674535612,ok
real_vs_real,original,311000,312000,4991,0.050960381110044264,0.002596960442880956,ok
real_vs_real,original,312000,313000,4996,0.0506740672998619,0.0025678610967109334,ok
real_vs_real,original,313000,314000,5042,0.05044820268795594,0.002545021154445085,ok
real_vs_real,original,314000,315000,5097,0.050649389226377656,0.002565360629005101,ok
real_vs_real,original,315000,316000,4997,0.05076571690406313,0.0025771580127834813,ok
real_vs_real,original,316000,317000,4979,0.050754078366531306,0.0025759764708360015,ok
real_vs_real,original,317000,318000,4808,0.051091207848400946,0.002610311519408507,ok
real_vs_real,original,318000,319000,4887,0.05101805892593442,0.002602842336570116,ok
real_vs_real,original,319000,320000,4699,0.05147305578032958,0.0026494754713649203,ok
real_vs_real,original,320000,321000,4811,0.051254930011150786,0.002627067850447966,ok
real_vs_real,original,321000,322000,4728,0.05131836716146842,0.0026335748081192803,ok
real_vs_real,original,322000,323000,4819,0.05074083492807826,0.002574632329198487,ok
real_vs_real,original,323000,324000,4754,0.051400749029483314,0.00264203700079193,ok
real_vs_real,original,324000,325000,4692,0.051545462415358595,0.0026569346956131458,ok
real_vs_real,original,325000,326000,4553,0.05225011279905133,0.002730074287513588,ok
real_vs_real,original,326000,327000,4445,0.05231348713287625,0.002736700936001609,ok
real_vs_real,original,327000,328000,4495,0.05225939611645744,0.002731044482456807,ok
real_vs_real,original,328000,329000,4400,0.052315380176197156,0.0027368990029800425,ok
real_vs_real,original,329000,330000,4405,0.0523225180809037,0.0027376458983264947,ok
real_vs_real,original,330000,331000,4268,0.052402180671278234,0.0027459885391052864,ok
real_vs_real,original,331000,332000,4114,0.05248137756877865,0.002754294991516703,ok
real_vs_real,original,332000,333000,3906,0.05375610681771346,0.0028897190201974195,ok
real_vs_real,original,333000,334000,3547,0.055187183518018615,0.0030456252246514656,ok
real_vs_real,original,334000,335000,3509,0.0544315058693753,0.002962788831207838,ok
real_vs_real,original,335000,336000,3231,0.05542348506617495,0.0030717626968805177,ok
real_vs_real,original,336000,337000,3179,0.0556738083011143,0.003099572930749223,ok
real_vs_real,original,337000,338000,3112,0.05619536323434065,0.003157918849039485,ok
real_vs_real,original,338000,339000,3123,0.05577785338676085,0.0031111689284349883,ok
real_vs_real,original,339000,340000,3341,0.05422361745965516,0.0029402006904110205,ok
real_vs_real,original,340000,341000,3112,0.05584453091533729,0.003118611633154062,ok
real_vs_real,original,341000,342000,3041,0.056029379107201176,0.003139291323138472,ok
real_vs_real,original,342000,343000,3113,0.05635586621714786,0.0031759836570850676,ok
real_vs_real,original,343000,344000,3114,0.057311998517995275,0.0032846651741266926,ok
real_vs_real,original,344000,345000,3072,0.056451477380762866,0.0031867692984707814,ok
real_vs_real,original,345000,346000,3122,0.05636205059661141,0.0031766807474549845,ok
real_vs_real,original,346000,347000,3078,0.056470377711412216,0.0031889035588695616,ok
real_vs_real,original,347000,348000,3182,0.055355284606964754,0.0030642075339180693,ok
real_vs_real,original,348000,349000,3195,0.05589155128132496,0.0031238655046329777,ok
real_vs_real,original,349000,350000,3082,0.055929175291592144,0.0031280726487976415,ok
real_vs_real,original,350000,351000,3140,0.05729607132452618,0.003282839789225191,ok
real_vs_real,original,351000,352000,3253,0.05621031999840679,0.00315960007432329,ok
real_vs_real,original,352000,353000,3387,0.055213115779368625,0.0030484881540659647,ok
real_vs_real,original,353000,354000,3682,0.0545105510839236,0.002971400179473045,ok
real_vs_real,original,354000,355000,3961,0.053501237817989274,0.0028623824480570456,ok
real_vs_real,original,355000,356000,4065,0.05328519079756546,0.0028393115583329547,ok
real_vs_real,original,356000,357000,4361,0.052388759541631136,0.0027445821263108474,ok
real_vs_real,original,357000,358000,4452,0.052257139958041064,0.002730808676594292,ok
real_vs_real,original,358000,359000,4639,0.0513752835974329,0.0026394197647166585,ok
real_vs_real,original,359000,360000,4634,0.05159989216129782,0.0026625488710575636,ok
real_vs_real,original,360000,361000,4646,0.051725409788241944,0.0026755180177615557,ok
real_vs_real,original,361000,362000,4871,0.05078823792078888,0.002579445111098658,ok
real_vs_real,original,362000,363000,4879,0.05093572626809498,0.002594448210458301,ok
real_vs_real,original,363000,364000,5032,0.05030105804025989,0.002530196439969594,ok
real_vs_real,original,364000,365000,5135,0.04995670390674985,0.0024956722652266757,ok
real_vs_real,original,365000,366000,5197,0.05005183254492063,0.0025051859411047758,ok
real_vs_real,original,366000,367000,5241,0.04975480374093547,0.0024755404952990067,ok
real_vs_real,original,367000,368000,5247,0.04965158484774821,0.0024652798778931396,ok
real_vs_real,original,368000,369000,5242,0.049801277908832715,0.0024801672813527893,ok
real_vs_real,original,369000,370000,5380,0.04959777725709459,0.00245993950884437,ok
real_vs_real,original,370000,371000,5587,0.049529128369387956,0.002453134557031311,ok
real_vs_real,original,371000,372000,5905,0.04915299386547995,0.00241601680593991,ok
real_vs_real,original,372000,373000,6038,0.04887483346736241,0.0023887493464624086,ok
real_vs_real,original,373000,374000,6060,0.04921158523916619,0.0024217801217517195,ok
real_vs_real,original,374000,375000,6190,0.049035365794935844,0.002404467098643164,ok
real_vs_real,original,375000,376000,6058,0.049332771562957387,0.002433722350082937,ok
real_vs_real,original,376000,377000,6263,0.048670793107467004,0.0023688461017098575,ok
real_vs_real,original,377000,378000,6286,0.048696142875618714,0.002371314330962671,ok
real_vs_real,original,378000,379000,6300,0.04847626565393138,0.0023499483317505274,ok
real_vs_real,original,379000,380000,6358,0.04807595263580824,0.002311297221840477,ok
real_vs_real,original,380000,381000,6476,0.04744567984927213,0.0022510925363596274,ok
real_vs_real,original,381000,382000,6687,0.04665287057443739,0.0021764903328352066,ok
real_vs_real,original,382000,383000,6402,0.04591788944824621,0.0021084525713813604,ok
real_vs_real,original,383000,384000,6553,0.04390496207073756,0.0019276456944329035,ok
real_vs_real,original,384000,385000,6443,0.041941303433753144,0.001759072933722153,ok
real_vs_real,original,385000,386000,6434,0.038793848208653225,0.001504962658836027,ok
real_vs_real,original,386000,387000,6452,0.03513340812795857,0.0012343563666857055,ok
real_vs_real,original,387000,388000,6371,0.03207011242971498,0.0010284921112545592,ok
real_vs_real,original,388000,389000,6412,0.029724002033614864,0.0008835162968943405,ok
real_vs_real,original,389000,390000,6496,0.030763966652908648,0.0009464216442212753,ok
real_vs_real,original,390000,391000,6372,0.03383019384253635,0.0011444820154235841,ok
real_vs_real,original,391000,392000,6369,0.03675689915959667,0.0013510696358287584,ok
real_vs_real,original,392000,393000,6360,0.039443260776275905,0.0015557708206653054,ok
real_vs_real,original,393000,394000,6221,0.042004630991741294,0.0017643890247523533,ok
real_vs_real,original,394000,395000,6213,0.04401403030368469,0.001937234863573674,ok
real_vs_real,original,395000,396000,6026,0.045473807866894485,0.0020678672019152347,ok
real_vs_real,original,396000,397000,6083,0.04642170231843946,0.002154974446141807,ok
real_vs_real,original,397000,398000,6138,0.047279858763823485,0.0022353850447270965,ok
real_vs_real,original,398000,399000,6089,0.04849915835182972,0.0023521683608358547,ok
real_vs_real,original,399000,400000,6029,0.04884498502235983,0.002385832561834556,ok
real_vs_real,original,400000,401000,6068,0.04941424330608673,0.0024417674415131373,ok
real_vs_real,original,401000,402000,5964,0.04994236334059093,0.0024942396560436006,ok
real_vs_real,original,402000,403000,5751,0.05046366122756846,0.0025465811044907962,ok
real_vs_real,original,403000,404000,5818,0.050237484123030286,0.00252380481101172,ok
real_vs_real,original,404000,405000,5664,0.05075373838186152,0.0025759419597344434,ok
real_vs_real,original,405000,406000,5718,0.050291277639922784,0.002529212606655797,ok
real_vs_real,original,406000,407000,5634,0.051187864833164,0.002620197506178268,ok
real_vs_real,original,407000,408000,5660,0.051055826418570746,0.0026066974112832265,ok
real_vs_real,original,408000,409000,5691,0.051066860205839476,0.0026078242112827516,ok
real_vs_real,original,409000,410000,5809,0.05115927559380337,0.0026172714792827255,ok
real_vs_real,original,410000,411000,5512,0.05177128180012331,0.002680265619227779,ok
real_vs_real,original,411000,412000,5456,0.05175752025118732,0.0026788409025520657,ok
real_vs_real,original,412000,413000,5551,0.050968702336667726,0.002597808617883838,ok
real_vs_real,original,413000,414000,5376,0.05176505693968809,0.0026796211199691497,ok
real_vs_real,original,414000,415000,5538,0.05154786946316708,0.002657182846191713,ok
real_vs_real,original,415000,416000,5627,0.05167766470840927,0.0026705810297147684,ok
real_vs_real,original,416000,417000,5501,0.05197052711073355,0.002700935688167491,ok
real_vs_real,original,417000,418000,5706,0.051586488128049605,0.0026611657573854027,ok
real_vs_real,original,418000,419000,5592,0.05159997447747078,0.0026625573660756354,ok
real_vs_real,original,419000,420000,5505,0.05169809955940249,0.0026726934980538914,ok
real_vs_real,original,420000,421000,5452,0.05205506012884165,0.00270972928501732,ok
real_vs_real,original,421000,422000,5415,0.05186017054710184,0.002689477289174489,ok
real_vs_real,original,422000,423000,5504,0.05147925592226437,0.002650113790309991,ok
real_vs_real,original,423000,424000,5556,0.051613325335381544,0.0026639353521759387,ok
real_vs_real,original,424000,425000,5640,0.05141800223351936,0.002643810953686202,ok
real_vs_real,original,425000,426000,5720,0.051079137279087104,0.0026090782651758257,ok
real_vs_real,original,426000,427000,5784,0.05078637871909817,0.0025792562633996674,ok
real_vs_real,original,427000,428000,5403,0.05160105109435331,0.0026626684740420612,ok
real_vs_real,original,428000,429000,5459,0.051027225745013116,0.0026037777672325295,ok
real_vs_real,original,429000,430000,5454,0.05104946769646524,0.002606048152092448,ok
real_vs_real,original,430000,431000,5353,0.05116830216903097,0.0026181951468612595,ok
real_vs_real,original,431000,432000,5495,0.05074354474127689,0.002574907332909969,ok
real_vs_real,original,432000,433000,5403,0.05105684994294993,0.0026068019260969064,ok
real_vs_real,original,433000,434000,5313,0.05128757728794081,0.0026304155840665023,ok
real_vs_real,original,434000,435000,5425,0.05089029107340113,0.0025898217255354906,ok
real_vs_real,original,435000,436000,5189,0.051415026337165055,0.0026435049332513764,ok
real_vs_real,original,436000,437000,5122,0.05188480015391412,0.002692032487011607,ok
real_vs_real,original,437000,438000,5097,0.051619726546195094,0.0026645961687039588,ok
real_vs_real,original,438000,439000,5053,0.051729162055524705,0.002675906206966737,ok
real_vs_real,original,439000,440000,5118,0.05169520467568682,0.0026723941864611528,ok
real_vs_real,original,440000,441000,5182,0.05162773093170618,0.002665422601156651,ok
real_vs_real,original,441000,442000,5003,0.0520207032211648,0.0027061535636245058,ok
real_vs_real,original,442000,443000,5137,0.05175096871220455,0.0026781627626515743,ok
real_vs_real,original,443000,444000,4991,0.051921540541775814,0.0026958463722312693,ok
real_vs_real,original,444000,445000,4821,0.05263261306067598,0.0027701919575948398,ok
real_vs_real,original,445000,446000,4772,0.05257643527461346,0.002764281546185619,ok
real_vs_real,original,446000,447000,4684,0.05300291590761692,0.0028093090947099108,ok
real_vs_real,original,447000,448000,4604,0.05314211907944102,0.0028240848202534894,ok
real_vs_real,original,448000,449000,4585,0.05344648901099011,0.0028565271876018865,ok
real_vs_real,original,449000,450000,4458,0.05363309086821367,0.002876508436078064,ok
real_vs_real,original,450000,451000,4531,0.05315723215801679,0.002825691330701295,ok
real_vs_real,original,451000,452000,4465,0.052701905574113465,0.0027774908511427722,ok
real_vs_real,original,452000,453000,4233,0.05328992606993094,0.002839816220538705,ok
real_vs_real,original,453000,454000,3916,0.054361376977302124,0.0029551593068683534,ok
real_vs_real,original,454000,455000,3886,0.05338588739702619,0.00285005297316796,ok
real_vs_real,original,455000,456000,3645,0.0534131925317412,0.0028529691364328536,ok
real_vs_real,original,456000,457000,3382,0.052927113243068126,0.0028012793162445573,ok
real_vs_real,original,457000,458000,3239,0.05201856137017038,0.0027059307270221817,ok
real_vs_real,original,458000,459000,2972,0.05121053624768451,0.0026225190227754094,ok
real_vs_real,original,459000,460000,3017,0.05059434788209879,0.002559788037614834,ok
real_vs_real,original,460000,461000,2921,0.050834493491551454,0.002584145728542587,ok
real_vs_real,original,461000,462000,2908,0.05151707008560082,0.0026540085102047073,ok
real_vs_real,original,462000,463000,2820,0.05171524439275564,0.002674466502602444,ok
real_vs_real,original,463000,464000,2733,0.05201410359919126,0.002705466973227401,ok
real_vs_real,original,464000,465000,2839,0.051421203410189756,0.002644140160152111,ok
real_vs_real,original,465000,466000,2943,0.05033343664349155,0.002533454844344378,ok
real_vs_real,original,466000,467000,2970,0.04967021546504728,0.0024671303043442222,ok
real_vs_real,original,467000,468000,2926,0.05005543938822999,0.0025055470123487664,ok
real_vs_real,original,468000,469000,3105,0.04963329262139933,0.002463463736441453,ok
real_vs_real,original,469000,470000,2853,0.051601979934873594,0.002662764333199097,ok
real_vs_real,original,470000,471000,2823,0.051522457995605314,0.0026545636779089143,ok
real_vs_real,original,471000,472000,2861,0.051915818651460194,0.0026952522262513024,ok
real_vs_real,original,472000,473000,2788,0.051795826511657504,0.0026828076440257222,ok
real_vs_real,original,473000,474000,2993,0.050315611811993066,0.0025316607920151763,ok
real_vs_real,original,474000,475000,2872,0.0513727331150567,0.0026391577077108427,ok
real_vs_real,original,475000,476000,3034,0.051174223207491286,0.0026188011208901395,ok
real_vs_real,original,476000,477000,3725,0.05216571675336575,0.0027212620043923844,ok
real_vs_real,original,477000,478000,4183,0.053988647451144865,0.0029147740536040107,ok
real_vs_real,original,478000,479000,4463,0.05454602149860124,0.0029752684613258682,ok
real_vs_real,original,479000,480000,4571,0.05446917461666142,0.0029668909834203528,ok
real_vs_real,original,480000,481000,4676,0.05416964503984977,0.0029343504437433212,ok
real_vs_real,original,481000,482000,4827,0.05412198546828686,0.002929189311029454,ok
real_vs_real,original,482000,483000,5011,0.05359916122994472,0.00287287008455361,ok
real_vs_real,original,483000,484000,5061,0.05343351296229508,0.002855140307491756,ok
real_vs_real,original,484000,485000,5307,0.05309047219207803,0.0028185982375778106,ok
real_vs_real,original,485000,486000,5110,0.05308689078536243,0.0028182179732569985,ok
real_vs_real,original,486000,487000,5169,0.0534148564644926,0.002853146891122347,ok
real_vs_real,original,487000,488000,5245,0.053150626140428925,0.002824989059119646,ok
real_vs_real,original,488000,489000,5065,0.05349578084878855,0.002861798568621612,ok
real_vs_real,original,489000,490000,5389,0.05284368943490369,0.0027924555130925516,ok
real_vs_real,original,490000,491000,5461,0.052846993981837294,0.002792804772916347,ok
real_vs_real,original,491000,492000,5378,0.05345119719010243,0.002857030481055214,ok
real_vs_real,original,492000,493000,5335,0.052990077651552496,0.0028079483295175636,ok
real_vs_real,original,493000,494000,5520,0.05239625828683893,0.002745367882461137,ok
real_vs_real,original,494000,495000,5283,0.05267982725186397,0.0027751641992862304,ok
real_vs_real,original,495000,496000,5519,0.052602625337553895,0.0027670361924030666,ok
real_vs_real,original,496000,497000,5453,0.05238663580576127,0.002744359611045469,ok
real_vs_real,original,497000,498000,5560,0.05203015030526623,0.002707136540788596,ok
real_vs_real,original,498000,499000,5755,0.051614421774667775,0.0026640485351332992,ok
real_vs_real,original,499000,500000,5746,0.05156374044454247,0.002658819328632145,ok
real_vs_real,original,500000,501000,5826,0.051498084700231,0.002652052727792166,ok
real_vs_real,original,501000,502000,6066,0.050654376077969646,0.0025658658158483837,ok
real_vs_real,original,502000,503000,5886,0.05067035423135032,0.0025674847979305217,ok
real_vs_real,original,503000,504000,5983,0.05072586027100437,0.0025731129002334596,ok
real_vs_real,original,504000,505000,6050,0.04984673598029782,0.002484697087889517,ok
real_vs_real,original,505000,506000,6139,0.04933719388094519,0.0024341587000459757,ok
real_vs_real,original,506000,507000,6095,0.048499020494720685,0.0023521549889473367,ok
real_vs_real,original,507000,508000,6101,0.047243938070039106,0.00223198968436569,ok
real_vs_real,original,508000,509000,6117,0.045124015360559155,0.002036176762259979,ok
real_vs_real,original,509000,510000,6187,0.040816246884146264,0.0016659660097075799,ok
real_vs_real,original,510000,511000,6135,0.03469177259475578,0.0012035190857662484,ok
real_vs_real,original,511000,512000,5942,0.027411284010012197,0.0007513784910775504,ok
real_vs_real,original,512000,513000,6137,0.01895977571313991,0.00035947309509257,ok
real_vs_real,original,513000,514000,6055,0.016675173947091105,0.00027806142616574594,ok
real_vs_real,original,514000,515000,6092,0.02303412956052662,0.0005305711246111262,ok
real_vs_real,original,515000,516000,6151,0.031576202370189814,0.0009970565561231808,ok
real_vs_real,original,516000,517000,6134,0.038162984567821474,0.0014564133911237802,ok
real_vs_real,original,517000,518000,6053,0.04261794008005375,0.0018162888166670516,ok
real_vs_real,original,518000,519000,6080,0.04502255713549975,0.002027030651019339,ok
real_vs_real,original,519000,520000,5856,0.047168957642359746,0.002224910565066728,ok
real_vs_real,original,520000,521000,5788,0.0480873017278535,0.002312388587465622,ok
real_vs_real,original,521000,522000,5723,0.048619521595039406,0.002363857880130503,ok
real_vs_real,original,522000,523000,5571,0.04918369625446731,0.0024190359772517014,ok
real_vs_real,original,523000,524000,5618,0.049348741429821284,0.00243529828070736,ok
real_vs_real,original,524000,525000,5564,0.049210714053041366,0.002421694377610203,ok
real_vs_real,original,525000,526000,5558,0.049794477568472405,0.002479489996317102,ok
real_vs_real,original,526000,527000,5498,0.04944943470977839,0.0024452465931166355,ok
real_vs_real,original,527000,528000,5325,0.050175672625971134,0.0025175981234686288,ok
real_vs_real,original,528000,529000,5359,0.05055340268270871,0.0025556465228001005,ok
real_vs_real,original,529000,530000,5211,0.05047057534520973,0.0025472789756764923,ok
real_vs_real,original,530000,531000,5187,0.050476755141064096,0.002547902809570941,ok
real_vs_real,original,531000,532000,5362,0.050147255953892564,0.0025147472797052133,ok
real_vs_real,original,532000,533000,5267,0.05059517144797972,0.0025598713738504623,ok
real_vs_real,original,533000,534000,5416,0.05005696446502692,0.0025056996914529684,ok
real_vs_real,original,534000,535000,5160,0.05076595671013644,0.0025771823606954465,ok
real_vs_real,original,535000,536000,5155,0.05050340297575959,0.002550593712131962,ok
real_vs_real,original,536000,537000,5231,0.050552414718191926,0.002555546633840068,ok
real_vs_real,original,537000,538000,5338,0.05032412062053211,0.0025325171162298653,ok
real_vs_real,original,538000,539000,5193,0.05078999221709778,0.002579623309412853,ok
real_vs_real,original,539000,540000,5233,0.05082252223799259,0.0025829287666312515,ok
real_vs_real,original,540000,541000,5391,0.050986596044893535,0.002599632976245153,ok
real_vs_real,original,541000,542000,5416,0.05070194380393274,0.0025706871054971534,ok
real_vs_real,original,542000,543000,5356,0.05109620119890136,0.0026108217769586087,ok
real_vs_real,original,543000,544000,5372,0.05114745811004632,0.0026160624711189426,ok
real_vs_real,original,544000,545000,5397,0.05104852490123512,0.002605951894592022,ok
real_vs_real,original,545000,546000,5330,0.0509585650511063,0.0025967753520678323,ok
real_vs_real,original,546000,547000,5606,0.05058528588871445,0.002558871148442973,ok
real_vs_real,original,547000,548000,5485,0.050908838766295074,0.002591709864532628,ok
real_vs_real,original,548000,549000,5537,0.05084651574546835,0.0025853681634541606,ok
real_vs_real,original,549000,550000,5463,0.05101660737640261,0.002602694228198017,ok
real_vs_real,original,550000,551000,5520,0.05096015303923505,0.002596937197782257,ok
real_vs_real,original,551000,552000,5471,0.050881545482900276,0.0025889316707284494,ok
real_vs_real,original,552000,553000,5505,0.05054346728310588,0.0025546420849983944,ok
real_vs_real,original,553000,554000,5458,0.05055940412560055,0.002556253345535794,ok
real_vs_real,original,554000,555000,5364,0.05058421238283227,0.002558762542391481,ok
real_vs_real,original,555000,556000,5370,0.05012849127074679,0.002512865637081337,ok
real_vs_real,original,556000,557000,5136,0.05072146654727084,0.0025726671687059145,ok
real_vs_real,original,557000,558000,5204,0.050501659503765006,0.0025504176126342182,ok
real_vs_real,original,558000,559000,5035,0.05061930296310312,0.002562313832470421,ok
real_vs_real,original,559000,560000,5080,0.051067750765645785,0.0026079151682621158,ok
real_vs_real,original,560000,561000,5013,0.05096875225173408,0.0025978137060986475,ok
real_vs_real,original,561000,562000,5031,0.05083149347238922,0.002583840728633548,ok
real_vs_real,original,562000,563000,5173,0.05031277678116634,0.002531375507431471,ok
real_vs_real,original,563000,564000,5117,0.05047175580176485,0.0025473981337129836,ok
real_vs_real,original,564000,565000,5131,0.05053733697056455,0.0025540224280763903,ok
real_vs_real,original,565000,566000,4961,0.05070671469389797,0.002571170915048368,ok
real_vs_real,original,566000,567000,5035,0.05020737034602231,0.00252078003706264,ok
real_vs_real,original,567000,568000,4891,0.051110548719467,0.0026122881904050094,ok
real_vs_real,original,568000,569000,4889,0.050929594128323236,0.0025938235580757365,ok
real_vs_real,original,569000,570000,4895,0.050784597472588025,0.002579075340452794,ok
real_vs_real,original,570000,571000,4881,0.05089231726619275,0.0025900279567228203,ok
real_vs_real,original,571000,572000,4895,0.05070477027519939,0.002570973728660743,ok
real_vs_real,original,572000,573000,4708,0.05136592807375903,0.0026384585668785864,ok
real_vs_real,original,573000,574000,4679,0.05162825991930748,0.002665477222295571,ok
real_vs_real,original,574000,575000,4651,0.05189416837482359,0.002693004711314541,ok
real_vs_real,original,575000,576000,4700,0.05188131377354704,0.0026916707188692412,ok
real_vs_real,original,576000,577000,4563,0.05218804191826782,0.0027235917192628793,ok
real_vs_real,original,577000,578000,4541,0.052172646361116445,0.002721985028322117,ok
real_vs_real,original,578000,579000,4340,0.052643508714877274,0.0027713390098133596,ok
real_vs_real,original,579000,580000,4244,0.05263165916471167,0.0027700915464303785,ok
real_vs_real,original,580000,581000,4198,0.052333284278887574,0.0027387726434148613,ok
real_vs_real,original,581000,582000,3915,0.05335352676925334,0.0028465988187174325,ok
real_vs_real,original,582000,583000,3920,0.052851630466944875,0.0027932948430144954,ok
real_vs_real,original,583000,584000,3524,0.05420754374271836,0.0029384577986187248,ok
real_vs_real,original,584000,585000,3417,0.05503586638389725,0.0030289465886261914,ok
real_vs_real,original,585000,586000,3276,0.055250860395578805,0.003052657574451738,ok
real_vs_real,original,586000,587000,3115,0.05549212066526921,0.0030793754559287974,ok
real_vs_real,original,587000,588000,3199,0.05518250517963918,0.0030451088779009047,ok
real_vs_real,original,588000,589000,3247,0.05439762934441881,0.0029591020782927745,ok
real_vs_real,original,589000,590000,3223,0.05464543991995041,0.00298612410404491,ok
real_vs_real,original,590000,591000,3145,0.055061948369807996,0.0030318181582794012,ok
real_vs_real,original,591000,592000,3199,0.056047185534066374,0.003141287006290059,ok
real_vs_real,original,592000,593000,3210,0.056318485741159656,0.0031717718361772033,ok
real_vs_real,original,593000,594000,3246,0.056029823456133686,0.0031393411165255088,ok
real_vs_real,original,594000,595000,3080,0.056481139544155574,0.0031901191242063743,ok
real_vs_real,original,595000,596000,3160,0.056207157257235185,0.003159244526939566,ok
real_vs_real,original,596000,597000,3062,0.05602919490837941,0.0031392706820811693,ok
real_vs_real,original,597000,598000,3144,0.05566225809420763,0.0030982869761461826,ok
real_vs_real,original,598000,599000,3136,0.05660244201203359,0.0032038364417256255,ok
real_vs_real,original,599000,600000,3214,0.05691401304481216,0.0032392048808650487,ok
real_vs_real,original,600000,601000,3353,0.05565713764598908,0.0030977169709445742,ok
real_vs_real,original,601000,602000,3680,0.05457443643106758,0.0029783691117686363,ok
real_vs_real,original,602000,603000,3862,0.05391420237282473,0.0029067412174979,ok
real_vs_real,original,603000,604000,4079,0.053134791771084995,0.0028233060965565616,ok
real_vs_real,original,604000,605000,4253,0.05269901468913518,0.0027771861492056856,ok
real_vs_real,original,605000,606000,4467,0.05171851643621405,0.002674804942362943,ok
real_vs_real,original,606000,607000,4588,0.05151509302113981,0.0026538048089766878,ok
real_vs_real,original,607000,608000,4760,0.05125161990802165,0.0026267285431963213,ok
real_vs_real,original,608000,609000,4837,0.051067930977373055,0.0026079335743097384,ok
real_vs_real,original,609000,610000,4923,0.0508788151284849,0.0025886538288785437,ok
real_vs_real,original,610000,611000,4957,0.05056841375409665,0.0025571644696055114,ok
real_vs_real,original,611000,612000,5123,0.05003974530245488,0.002503976109934555,ok
real_vs_real,original,612000,613000,5127,0.04992692577061781,0.0024926979169047807,ok
real_vs_real,original,613000,614000,5251,0.049570733847674756,0.0024572576541970078,ok
real_vs_real,original,614000,615000,5243,0.049598600447864856,0.00246002116638694,ok
real_vs_real,original,615000,616000,5328,0.04977008333785386,0.002477061195456919,ok
real_vs_real,original,616000,617000,5253,0.04975157766802528,0.0024752194804575516,ok
real_vs_real,original,617000,618000,5429,0.04941282758170111,0.002441627529618922,ok
real_vs_real,original,618000,619000,5604,0.04931124809860528,0.002431599189042203,ok
real_vs_real,original,619000,620000,5861,0.04943602636540608,0.002443920702801125,ok
real_vs_real,original,620000,621000,5997,0.04910818671957442,0.0024116140028845857,ok
real_vs_real,original,621000,622000,6021,0.049307115124115744,0.0024311916018628036,ok
real_vs_real,original,622000,623000,6075,0.0491152380673542,0.002412306610412879,ok
real_vs_real,original,623000,624000,6299,0.04878224693026829,0.00237970761556567,ok
real_vs_real,original,624000,625000,6219,0.04894670803668575,0.0023957802276285576,ok
real_vs_real,original,625000,626000,6408,0.048578736444568976,0.002359893634550894,ok
real_vs_real,original,626000,627000,6338,0.04866677486497977,0.002368454975758627,ok
real_vs_real,original,627000,628000,6372,0.04842565758078658,0.0023450443121315933,ok
real_vs_real,original,628000,629000,6528,0.047498136271482846,0.002256072949264354,ok
real_vs_real,original,629000,630000,6479,0.047361402070773946,0.0022431024061095105,ok
real_vs_real,original,630000,631000,6544,0.045925438931281586,0.002109145941030874,ok
real_vs_real,original,631000,632000,6534,0.04462177841719007,0.001991103109112809,ok
real_vs_real,original,632000,633000,6605,0.042350206441743476,0.001793539985658291,ok
real_vs_real,original,633000,634000,6470,0.03948436128051489,0.0015590147857302236,ok
real_vs_real,original,634000,635000,6530,0.035948735339440194,0.0012923115725051162,ok
real_vs_real,original,635000,636000,6489,0.032649683624530065,0.0010660018407819068,ok
real_vs_real,original,636000,637000,6342,0.030638842755025618,0.0009387386853671857,ok
real_vs_real,original,637000,638000,6290,0.030397293510679206,0.0009239954527743802,ok
real_vs_real,original,638000,639000,6326,0.032776880924450275,0.0010743239231355921,ok
real_vs_real,original,639000,640000,6249,0.03595309857778021,0.0012926252973435813,ok
real_vs_real,original,640000,641000,6283,0.038979315661111326,0.0015193870494085585,ok
real_vs_real,original,641000,642000,6209,0.04163584475900015,0.0017335435687955607,ok
real_vs_real,original,642000,643000,6343,0.043245238786625624,0.0018701506777122692,ok
real_vs_real,original,643000,644000,6179,0.045067513848368955,0.0020310808044729273,ok
real_vs_real,original,644000,645000,5880,0.0474212956258892,0.002248779278837978,ok
real_vs_real,original,645000,646000,6005,0.04761085854889943,0.00226679385176331,ok
real_vs_real,original,646000,647000,5882,0.04865733332249497,0.0023675360860563794,ok
real_vs_real,original,647000,648000,6029,0.04918611438783183,0.0024192738485728773,ok
real_vs_real,original,648000,649000,6089,0.049133400401829626,0.002414091035046512,ok
real_vs_real,original,649000,650000,5861,0.05012668570614923,0.0025126846198830653,ok
real_vs_real,original,650000,651000,5933,0.05028647468840874,0.002528729536587973,ok
real_vs_real,original,651000,652000,5788,0.050901461766365196,0.0025909588099527377,ok
real_vs_real,original,652000,653000,5637,0.051295646619242255,0.0026312433620861797,ok
real_vs_real,original,653000,654000,5612,0.05107379683092873,0.0026085327227269857,ok
real_vs_real,original,654000,655000,5528,0.05114704423823224,0.002616020134307686,ok
real_vs_real,original,655000,656000,5570,0.05102905965495055,0.0026039649292685014,ok
real_vs_real,original,656000,657000,5612,0.05151846818383676,0.002654152564009001,ok
real_vs_real,original,657000,658000,5568,0.05184568282216878,0.0026879748272969272,ok
real_vs_real,original,658000,659000,5609,0.05193043765235574,0.0026967703547652066,ok
real_vs_real,original,659000,660000,5612,0.051580170647043164,0.002660514003978093,ok
real_vs_real,original,660000,661000,5479,0.05161809735967028,0.0026644279750324,ok
real_vs_real,original,661000,662000,5476,0.05184623080032049,0.002688031648200101,ok
real_vs_real,original,662000,663000,5460,0.05190955211459071,0.002694601600737409,ok
real_vs_real,original,663000,664000,5498,0.051565876820681054,0.002659039652285652,ok
real_vs_real,original,664000,665000,5456,0.0520313995310133,0.0027072665371559316,ok
real_vs_real,original,665000,666000,5590,0.05197467892700963,0.002701367249565739,ok
real_vs_real,original,666000,667000,5574,0.05215173536247962,0.002719803501318107,ok
real_vs_real,original,667000,668000,5549,0.05181711595804866,0.002685013506209861,ok
real_vs_real,original,668000,669000,5618,0.051627093335640147,0.002665356766286899,ok
real_vs_real,original,669000,670000,5486,0.05183135231041262,0.002686489082326116,ok
real_vs_real,original,670000,671000,5533,0.05178026921794593,0.002681196280282959,ok
real_vs_real,original,671000,672000,5409,0.05210955473334264,0.0027154056945072323,ok
real_vs_real,original,672000,673000,5491,0.05144038798701566,0.002646113516254705,ok
real_vs_real,original,673000,674000,5655,0.05167612206132011,0.0026704215912964546,ok
real_vs_real,original,674000,675000,5450,0.051750383778022845,0.00267810222117265,ok
real_vs_real,original,675000,676000,5632,0.05117063531383397,0.002618433918421392,ok
real_vs_real,original,676000,677000,5724,0.05087105569644425,0.0025878643076707327,ok
real_vs_real,original,677000,678000,5494,0.05088197785604835,0.0025889756705433946,ok
real_vs_real,original,678000,679000,5381,0.0512600901473249,0.002627596841911875,ok
real_vs_real,original,679000,680000,5291,0.051396218149482815,0.0026415712400692268,ok
real_vs_real,original,680000,681000,5229,0.051352142724320836,0.0026370425623790175,ok
real_vs_real,original,681000,682000,5323,0.05141074021246366,0.002643064209193428,ok
real_vs_real,original,682000,683000,5257,0.05149906960119366,0.0026521541697885885,ok
real_vs_real,original,683000,684000,5249,0.05164863134515184,0.002667581119827401,ok
real_vs_real,original,684000,685000,5356,0.0512891070396175,0.002630572500921341,ok
real_vs_real,original,685000,686000,5119,0.05167575777722521,0.0026703839418504515,ok
real_vs_real,original,686000,687000,5107,0.05196504988209044,0.0027003664092481476,ok
real_vs_real,original,687000,688000,5200,0.051725927250651324,0.002675571549939673,ok
real_vs_real,original,688000,689000,4906,0.052145988347410056,0.002719204100728225,ok
real_vs_real,original,689000,690000,5030,0.05212177529274142,0.0027166794596670293,ok
real_vs_real,original,690000,691000,4971,0.05214125207125259,0.002718710167557903,ok
real_vs_real,original,691000,692000,5010,0.05234288886653043,0.002739778014893955,ok
real_vs_real,original,692000,693000,4881,0.05270180410001276,0.002777480155396122,ok
real_vs_real,original,693000,694000,4939,0.05227819374455494,0.002733009541193223,ok
real_vs_real,original,694000,695000,4700,0.05289607240708927,0.0027979944760960305,ok
real_vs_real,original,695000,696000,4575,0.05344424200751503,0.0028562870037578346,ok
real_vs_real,original,696000,697000,4518,0.053732369581809956,0.002887167540876216,ok
real_vs_real,original,697000,698000,4439,0.05369118563015824,0.0028827434143721105,ok
real_vs_real,original,698000,699000,4468,0.053395365283149136,0.0028510650337209282,ok
real_vs_real,original,699000,700000,4327,0.05349742292259742,0.0028619742593592513,ok
real_vs_real,original,700000,701000,4341,0.053536126137159606,0.0028661168017738636,ok
real_vs_real,original,701000,702000,4189,0.05326994650900096,0.002837687201071823,ok
real_vs_real,original,702000,703000,3834,0.05397689261545979,0.002913504936420878,ok
real_vs_real,original,703000,704000,3608,0.05428479156235022,0.00294683859496781,ok
real_vs_real,original,704000,705000,3377,0.05308642410841916,0.002818168424618947,ok
real_vs_real,original,705000,706000,3072,0.05306539581101167,0.002815936232579335,ok
real_vs_real,original,706000,707000,2988,0.052164849768695586,0.00272117155139058,ok
real_vs_real,original,707000,708000,2883,0.05135335164521587,0.0026371667251971955,ok
real_vs_real,original,708000,709000,2850,0.051261098612819384,0.002627700230993193,ok
real_vs_real,original,709000,710000,3045,0.050298128453961005,0.0025299017259711614,ok
real_vs_real,original,710000,711000,2908,0.05158672419740459,0.0026611901134190887,ok
real_vs_real,original,711000,712000,2874,0.05164110216908134,0.0026668034332374977,ok
real_vs_real,original,712000,713000,2865,0.051467284598285756,0.0026488813839209424,ok
real_vs_real,original,713000,714000,2806,0.05145145901024816,0.0026472526342832467,ok
real_vs_real,original,714000,715000,2848,0.050590338103817856,0.002559382309458605,ok
real_vs_real,original,715000,716000,2907,0.05040129621272857,0.0025402906599232074,ok
real_vs_real,original,716000,717000,2917,0.050465891939492954,0.0025468062492485797,ok
real_vs_real,original,717000,718000,3061,0.05016280588637772,0.0025163070943944113,ok
real_vs_real,original,718000,719000,2993,0.05048622877910368,0.0025488592963359966,ok
real_vs_real,original,719000,720000,2811,0.051898563407832714,0.002693460883796833,ok
real_vs_real,original,720000,721000,2978,0.0509122428317746,0.002592056470161584,ok
real_vs_real,original,721000,722000,2894,0.05127921629265879,0.0026295580235892826,ok
real_vs_real,original,722000,723000,2761,0.05228773776346142,0.0027340075204205097,ok
real_vs_real,original,723000,724000,2974,0.05137067785333362,0.0026389465431109816,ok
real_vs_real,original,724000,725000,3567,0.05284398261830988,0.002792486498964237,ok
real_vs_real,original,725000,726000,4188,0.0540592291457559,0.0029224002558333444,ok
real_vs_real,original,726000,727000,4532,0.05419453554829948,0.0029370476832958955,ok
real_vs_real,original,727000,728000,4587,0.05415985378161902,0.0029332897616463523,ok
real_vs_real,original,728000,729000,4681,0.0541341883560803,0.0029305103489715794,ok
real_vs_real,original,729000,730000,4832,0.053584341270981446,0.0028712816294450055,ok
real_vs_real,original,730000,731000,4838,0.05402062108200617,0.0029182275020856892,ok
real_vs_real,original,731000,732000,5073,0.05369495131533316,0.002883147796755998,ok
real_vs_real,original,732000,733000,5150,0.05304816776101012,0.002814108102800274,ok
real_vs_real,original,733000,734000,5205,0.053214092281496664,0.0028317396173436426,ok
real_vs_real,original,734000,735000,5479,0.05235582318841176,0.0027411322217362347,ok
real_vs_real,original,735000,736000,5241,0.05270373864236011,0.002777684066882202,ok
real_vs_real,original,736000,737000,5276,0.05294978975796142,0.002803680235412316,ok
real_vs_real,original,737000,738000,5292,0.05319359740042838,0.002829558804398861,ok
real_vs_real,original,738000,739000,5234,0.05288927575993533,0.002797275490410483,ok
real_vs_real,original,739000,740000,5500,0.05241270449792393,0.0027470915927866953,ok
real_vs_real,original,740000,741000,5360,0.05289101125249969,0.002797459071312049,ok
real_vs_real,original,741000,742000,5437,0.052668836261983945,0.002774006313191675,ok
real_vs_real,original,742000,743000,5583,0.052282413656178,0.002733450777715708,ok
real_vs_real,original,743000,744000,5546,0.05184202628701741,0.002687595689543804,ok
real_vs_real,original,744000,745000,5532,0.05230819340363935,0.0027361470971525386,ok
real_vs_real,original,745000,746000,5583,0.05190826114645856,0.002694467575248939,ok
real_vs_real,original,746000,747000,5583,0.05166340687249609,0.0026691076096730763,ok
real_vs_real,original,747000,748000,5682,0.0512796437296503,0.002629601861039863,ok
real_vs_real,original,748000,749000,5961,0.05083404442226669,0.002584100072324983,ok
real_vs_real,original,749000,750000,5867,0.051026787279395906,0.0026037330200567197,ok
real_vs_real,original,750000,751000,5981,0.05067057983741454,0.0025675076610598008,ok
real_vs_real,original,751000,752000,6175,0.050323604190952664,0.0025324651387676686,ok
real_vs_real,original,752000,753000,5884,0.05048401805975824,0.002548636079457996,ok
real_vs_real,original,753000,754000,6081,0.04970929104876236,0.0024710136165705656,ok
real_vs_real,original,754000,755000,6071,0.048514788952912724,0.0023536847471456626,ok
real_vs_real,original,755000,756000,6066,0.04735161052543037,0.002242175019352048,ok
real_vs_real,original,756000,757000,6146,0.04558777565945236,0.0020782452895765566,ok
real_vs_real,original,757000,758000,6130,0.04234060568577348,0.0017927268898381538,ok
real_vs_real,original,758000,759000,6275,0.037045152174034285,0.0013723432995973572,ok
real_vs_real,original,759000,760000,6330,0.03000296587673931,0.0009001779614007835,ok
real_vs_real,original,760000,761000,6155,0.02134439825395516,0.000455583336823444,ok
real_vs_real,original,761000,762000,6039,0.01644550302267336,0.0002704545696687586,ok
real_vs_real,original,762000,763000,6146,0.02029696461656651,0.00041196677264615294,ok
real_vs_real,original,763000,764000,6121,0.029321710332951095,0.0008597626968494909,ok
real_vs_real,original,764000,765000,6119,0.03574537777993798,0.0012777320326304836,ok
real_vs_real,original,765000,766000,6229,0.040956258134329446,0.0016774150803658266,ok
real_vs_real,original,766000,767000,5979,0.044002687838689256,0.001936236537029131,ok
real_vs_real,original,767000,768000,6003,0.046024453722304716,0.002118250340436568,ok
real_vs_real,original,768000,769000,5824,0.047776660754626644,0.0022826093128626816,ok
real_vs_real,original,769000,770000,5686,0.048307363916929844,0.0023336014086026953,ok
real_vs_real,original,770000,771000,5666,0.04889693474477832,0.0023909102274351094,ok
real_vs_real,original,771000,772000,5533,0.04903148402909764,0.0024040864260956567,ok
real_vs_real,original,772000,773000,5542,0.04928466655305622,0.002428978357245938,ok
real_vs_real,original,773000,774000,5439,0.04957521558504454,0.002457702000303643,ok
real_vs_real,original,774000,775000,5401,0.04997113377337961,0.0024971142105970003,ok
real_vs_real,original,775000,776000,5395,0.050103175223265704,0.002510328167453266,ok
real_vs_real,original,776000,777000,5451,0.049629230458804484,0.0024630605159331265,ok
real_vs_real,original,777000,778000,5223,0.05048640631287562,0.0025488772223887673,ok
real_vs_real,original,778000,779000,5142,0.0509175257344707,0.002592594426920486,ok
real_vs_real,original,779000,780000,5252,0.05026398190926018,0.0025264678773744345,ok
real_vs_real,original,780000,781000,5143,0.0508600909589787,0.0025867488523555865,ok
real_vs_real,original,781000,782000,5206,0.05055374133406185,0.0025556807628712335,ok
real_vs_real,original,782000,783000,5156,0.050928229383216936,0.002593684548109561,ok
real_vs_real,original,783000,784000,5122,0.05057708594588677,0.0025580416227776173,ok
real_vs_real,original,784000,785000,5202,0.05032192954811069,0.002532296593445016,ok
real_vs_real,original,785000,786000,5197,0.05067104909946166,0.002567555216840054,ok
real_vs_real,original,786000,787000,5242,0.05052792033165722,0.002553070733042299,ok
real_vs_real,original,787000,788000,5248,0.051031355555772505,0.0026041992498596735,ok
real_vs_real,original,788000,789000,5241,0.050595907613355924,0.002559945867219248,ok
real_vs_real,original,789000,790000,5429,0.05050692459116189,0.002550949431657314,ok
real_vs_real,original,790000,791000,5453,0.05046782732935538,0.00254700159534563,ok
real_vs_real,original,791000,792000,5423,0.05047413544543082,0.0025476383489636957,ok
real_vs_real,original,792000,793000,5424,0.050826270715662605,0.0025833097948618224,ok
real_vs_real,original,793000,794000,5421,0.05082208102967798,0.0025828839201871546,ok
real_vs_real,original,794000,795000,5378,0.05078907925531537,0.0025795305716027057,ok
real_vs_real,original,795000,796000,5452,0.050965782322604875,0.0025975109677551437,ok
real_vs_real,original,796000,797000,5392,0.05105664327203697,0.0026067808222080377,ok
real_vs_real,original,797000,798000,5433,0.05078656182947772,0.002579274862459363,ok
real_vs_real,original,798000,799000,5448,0.051033635103129374,0.0026044319118393587,ok
real_vs_real,original,799000,800000,5373,0.05107156591871373,0.0026083048453895215,ok
real_vs_real,original,800000,801000,5449,0.05094467897902515,0.002595360316275927,ok
real_vs_real,original,801000,802000,5484,0.05072235249366112,0.0025727570424912104,ok
real_vs_real,original,802000,803000,5386,0.05056185366934414,0.0025565010464801696,ok
real_vs_real,original,803000,804000,5308,0.050667552604789765,0.002567200886959138,ok
real_vs_real,original,804000,805000,5212,0.05050862613815223,0.002551121314363634,ok
real_vs_real,original,805000,806000,5130,0.050433892134168525,0.002543577475800946,ok
real_vs_real,original,806000,807000,5134,0.05049182336568805,0.002549424226791841,ok
real_vs_real,original,807000,808000,5104,0.050380581145448425,0.0025382029565531134,ok
real_vs_real,original,808000,809000,5057,0.05066750092064336,0.002567195649543395,ok
real_vs_real,original,809000,810000,4999,0.0509191077016013,0.002592755529127273,ok
real_vs_real,original,810000,811000,5001,0.050747260617063576,0.002575284460136172,ok
real_vs_real,original,811000,812000,4868,0.05130979125118419,0.002632694678240098,ok
real_vs_real,original,812000,813000,5083,0.05042826641515553,0.0025430100536379028,ok
real_vs_real,original,813000,814000,5185,0.0498917760508379,0.0024891893175069623,ok
real_vs_real,original,814000,815000,4926,0.05057767551156427,0.002558101260153088,ok
real_vs_real,original,815000,816000,4810,0.05079905009740901,0.0025805434907990705,ok
real_vs_real,original,816000,817000,4754,0.0514808445235823,0.002650277352861254,ok
real_vs_real,original,817000,818000,4876,0.05095309572238079,0.0025962179636940994,ok
real_vs_real,original,818000,819000,4778,0.05113556244505244,0.0026148457465718575,ok
real_vs_real,original,819000,820000,4739,0.05147953115073008,0.0026501421274989887,ok
real_vs_real,original,820000,821000,4617,0.05162853357269383,0.002665505478866774,ok
real_vs_real,original,821000,822000,4673,0.05145793425297112,0.002647918997583098,ok
real_vs_real,original,822000,823000,4670,0.051570186303944374,0.002659484115423532,ok
real_vs_real,original,823000,824000,4702,0.051455936457712154,0.0026477133967401107,ok
real_vs_real,original,824000,825000,4572,0.052162736779029724,0.00272095110827834,ok
real_vs_real,original,825000,826000,4402,0.05282074995764806,0.0027900316260883774,ok
real_vs_real,original,826000,827000,4413,0.052681824184622424,0.002775374599419468,ok
real_vs_real,original,827000,828000,4219,0.0529960420316454,0.002808580471019926,ok
real_vs_real,original,828000,829000,4054,0.053365412059438996,0.002847867204273717,ok
real_vs_real,original,829000,830000,3880,0.0533750547429056,0.0028488964688081703,ok
real_vs_real,original,830000,831000,3786,0.05379341122152945,0.00289373109084857,ok
real_vs_real,original,831000,832000,3590,0.05398756798217863,0.0029146574966303594,ok
real_vs_real,original,832000,833000,3436,0.05413077197385561,0.002930140474485552,ok
real_vs_real,original,833000,834000,3388,0.05486428180318626,0.003010089417779435,ok
real_vs_real,original,834000,835000,3293,0.0554996955210749,0.0030802162029320217,ok
real_vs_real,original,835000,836000,3025,0.057146434309702614,0.003265714954313156,ok
real_vs_real,original,836000,837000,3112,0.05602833772177886,0.003139174627865708,ok
real_vs_real,original,837000,838000,3014,0.056418321869350134,0.003183027042553592,ok
real_vs_real,original,838000,839000,3058,0.054966347432697286,0.003021299350091988,ok
real_vs_real,original,839000,840000,3085,0.0557908590316899,0.0031126199514938946,ok
real_vs_real,original,840000,841000,3132,0.056308164754737176,0.003170609418046626,ok
real_vs_real,original,841000,842000,3093,0.05688500653158728,0.003235903968098728,ok
real_vs_real,original,842000,843000,3076,0.05761029887136103,0.003318946536047542,ok
real_vs_real,original,843000,844000,3055,0.05745406348944972,0.0033009694114497197,ok
real_vs_real,original,844000,845000,2965,0.057706481789596906,0.003330038040533079,ok
real_vs_real,original,845000,846000,3085,0.05632544420011093,0.0031725556643398102,ok
real_vs_real,original,846000,847000,3027,0.056064653237184445,0.003143245342605736,ok
real_vs_real,original,847000,848000,3118,0.05558681701248484,0.003089894225579474,ok
real_vs_real,original,848000,849000,3071,0.057554390844121554,0.0033125079054379027,ok
real_vs_real,original,849000,850000,3325,0.05595932824443201,0.003131446417568086,ok
real_vs_real,original,850000,851000,3605,0.054414365385699465,0.002960923160328408,ok
real_vs_real,original,851000,852000,3785,0.05423586001049662,0.0029415285110781864,ok
real_vs_real,original,852000,853000,3968,0.05380187098061844,0.002894641321015113,ok
real_vs_real,original,853000,854000,4152,0.0529052170434485,0.0027989619904143937,ok
real_vs_real,original,854000,855000,4266,0.05294402538521078,0.002803069823989843,ok
real_vs_real,original,855000,856000,4520,0.05149929768805844,0.0026521776623632614,ok
real_vs_real,original,856000,857000,4549,0.0513515997832463,0.0026369868002987015,ok
real_vs_real,original,857000,858000,4736,0.051814641966015006,0.002684757122066323,ok
real_vs_real,original,858000,859000,4839,0.050781817915217235,0.0025787930307742783,ok
real_vs_real,original,859000,860000,4927,0.051037820979993695,0.002604859170385885,ok
real_vs_real,original,860000,861000,4973,0.050707362994889156,0.0025712366618954544,ok
real_vs_real,original,861000,862000,5013,0.05025917230474429,0.002525984400757975,ok
real_vs_real,original,862000,863000,5218,0.04961860176405502,0.002462005641019884,ok
real_vs_real,original,863000,864000,5205,0.049795306922366375,0.002479572591492669,ok
real_vs_real,original,864000,865000,5369,0.049285173942705034,0.0024290283705626914,ok
real_vs_real,original,865000,866000,5180,0.04993418750197255,0.002493423081482152,ok
real_vs_real,original,866000,867000,5262,0.04960966884266468,0.0024611192426788543,ok
real_vs_real,original,867000,868000,5386,0.04953355201412848,0.0024535727751363715,ok
real_vs_real,original,868000,869000,5753,0.04963342926759634,0.002463477300861489,ok
real_vs_real,original,869000,870000,5913,0.049308916566074584,0.0024313692529201046,ok
real_vs_real,original,870000,871000,5899,0.04933613820129549,0.002434054532617328,ok
real_vs_real,original,871000,872000,6169,0.049023664923540385,0.0024033197225355636,ok
real_vs_real,original,872000,873000,6178,0.04892302753960877,0.0023934626236413177,ok
real_vs_real,original,873000,874000,6214,0.048781114624721233,0.002379597144030192,ok
real_vs_real,original,874000,875000,6215,0.04866395754409964,0.002368180763853932,ok
real_vs_real,original,875000,876000,6162,0.04905553330787017,0.0024064453481195598,ok
real_vs_real,original,876000,877000,6324,0.048540825806034006,0.002356211769931737,ok
real_vs_real,original,877000,878000,6571,0.04779666947400133,0.002284521612806931,ok
real_vs_real,original,878000,879000,6475,0.047304160529613525,0.002237683603411446,ok
real_vs_real,original,879000,880000,6410,0.04645692688532016,0.002158246055627983,ok
real_vs_real,original,880000,881000,6643,0.04475172208774495,0.002002716629818759,ok
real_vs_real,original,881000,882000,6478,0.04306909111996325,0.0018549466098996973,ok
real_vs_real,original,882000,883000,6415,0.040551786857328555,0.001644447417322205,ok
real_vs_real,original,883000,884000,6519,0.03717859076991433,0.0013822476116367593,ok
real_vs_real,original,884000,885000,6591,0.03370353911240378,0.0011359285487013311,ok
real_vs_real,original,885000,886000,6412,0.030721716010571172,0.000943823834634185,ok
real_vs_real,original,886000,887000,6296,0.030322654671804394,0.0009194633863455009,ok
real_vs_real,original,887000,888000,6382,0.03182008037802176,0.0010125175152637654,ok
real_vs_real,original,888000,889000,6280,0.034429235522651765,0.0011853722586742262,ok
real_vs_real,original,889000,890000,6407,0.03776083109489589,0.0014258803649772563,ok
real_vs_real,original,890000,891000,6274,0.04052141773103535,0.0016419852949330657,ok
real_vs_real,original,891000,892000,6257,0.04279209250657091,0.0018311631810909218,ok
real_vs_real,original,892000,893000,6375,0.044272662685183616,0.00196006866123605,ok
real_vs_real,original,893000,894000,6104,0.04628772759456164,0.002142553725868343,ok
real_vs_real,original,894000,895000,6003,0.04717800617392515,0.002225764266546919,ok
real_vs_real,original,895000,896000,5982,0.04813674117482581,0.0023171458509321703,ok
real_vs_real,original,896000,897000,5999,0.04846210951520833,0.002348576058664046,ok
real_vs_real,original,897000,898000,6040,0.049071412281403805,0.002408003503291508,ok
real_vs_real,original,898000,899000,5898,0.04984586900895857,0.0024846106572582564,ok
real_vs_real,original,899000,900000,5934,0.04963040350656873,0.0024631769522248294,ok
real_vs_real,original,900000,901000,5947,0.050151218089012226,0.002515144675811667,ok
real_vs_real,original,901000,902000,5793,0.05068537600658455,0.002569007340928857,ok
real_vs_real,original,902000,903000,5798,0.05037215641183974,0.002537354141578847,ok
real_vs_real,original,903000,904000,5523,0.05106475910607964,0.0026076096225619433,ok
real_vs_real,original,904000,905000,5587,0.051198172815466646,0.0026212528996423876,ok
real_vs_real,original,905000,906000,5522,0.05126696903809929,0.0026283021143534316,ok
real_vs_real,original,906000,907000,5581,0.051440588141206216,0.0026461341083132057,ok
real_vs_real,original,907000,908000,5718,0.05132467130715242,0.0026342218847872343,ok
real_vs_real,original,908000,909000,5535,0.051544089263833734,0.0026567931380380603,ok
real_vs_real,original,909000,910000,5734,0.05116080076734108,0.0026174275351555673,ok
real_vs_real,original,910000,911000,5409,0.05190479405531146,0.002694107645924296,ok
real_vs_real,original,911000,912000,5536,0.05131431671599981,0.002633159100029937,ok
real_vs_real,original,912000,913000,5514,0.05167442736379721,0.0026702464433763537,ok
real_vs_real,original,913000,914000,5385,0.052074610107778016,0.002711765017877096,ok
real_vs_real,original,914000,915000,5625,0.051297141194950005,0.002631396694774637,ok
real_vs_real,original,915000,916000,5563,0.05162783680001376,0.0026654335326488547,ok
real_vs_real,original,916000,917000,5662,0.05178937592917578,0.0026821394591334913,ok
real_vs_real,original,917000,918000,5630,0.05139941319313845,0.0026418996765989744,ok
real_vs_real,original,918000,919000,5553,0.05182736372107629,0.0026860756302767345,ok
real_vs_real,original,919000,920000,5451,0.051933750774375835,0.0026971144694949824,ok
real_vs_real,original,920000,921000,5483,0.05199174526413591,0.002703141575610799,ok
real_vs_real,original,921000,922000,5457,0.05189870964539961,0.002693476062857494,ok
real_vs_real,original,922000,923000,5460,0.05173594615475702,0.0026766081245279175,ok
real_vs_real,original,923000,924000,5640,0.05151121489514944,0.0026534052599742654,ok
real_vs_real,original,924000,925000,5620,0.05111927484632405,0.002613180260814019,ok
real_vs_real,original,925000,926000,5571,0.0509776911789968,0.0025987249979411682,ok
real_vs_real,original,926000,927000,5703,0.05076691100985634,0.0025772792534826732,ok
real_vs_real,original,927000,928000,5421,0.05112042332118253,0.0026132976805369025,ok
real_vs_real,original,928000,929000,5308,0.051231552815403196,0.002624672003877447,ok
real_vs_real,original,929000,930000,5320,0.05108251736556722,0.0026094235804034766,ok
real_vs_real,original,930000,931000,5209,0.05142339086269862,0.002644365127817876,ok
real_vs_real,original,931000,932000,5331,0.05139919359111187,0.002641877101816596,ok
real_vs_real,original,932000,933000,5295,0.051305745152942284,0.002632279485698661,ok
real_vs_real,original,933000,934000,5259,0.05157971886907204,0.002660467398612506,ok
real_vs_real,original,934000,935000,5245,0.051490181284641244,0.0026512387687252195,ok
real_vs_real,original,935000,936000,5152,0.05146774192384557,0.0026489284587395707,ok
real_vs_real,original,936000,937000,5019,0.051853989659481674,0.0026888362436056326,ok
real_vs_real,original,937000,938000,5080,0.05183293911440471,0.0026866535772375856,ok
real_vs_real,original,938000,939000,5001,0.0517172413571307,0.0026746730535917094,ok
real_vs_real,original,939000,940000,5033,0.051697393886173226,0.002672620534622141,ok
real_vs_real,original,940000,941000,4974,0.052127057244847314,0.0027172300970075888,ok
real_vs_real,original,941000,942000,4976,0.052194040393542335,0.0027242178526027286,ok
real_vs_real,original,942000,943000,5001,0.052250528491554156,0.0027301177276467126,ok
real_vs_real,original,943000,944000,4816,0.052820155363489246,0.002789968812623142,ok
real_vs_real,original,944000,945000,4582,0.053201395022513705,0.0028303884323415463,ok
real_vs_real,original,945000,946000,4526,0.05360463587481043,0.002873456987271013,ok
real_vs_real,original,946000,947000,4479,0.05332706539304678,0.002843775903434288,ok
real_vs_real,original,947000,948000,4399,0.05359168895989885,0.002872069125574545,ok
real_vs_real,original,948000,949000,4321,0.05379025015401819,0.002893391011631854,ok
real_vs_real,original,949000,950000,4258,0.05369902920325954,0.0028835857373725213,ok
real_vs_real,original,950000,951000,4226,0.05360955719339336,0.0028739846224717135,ok
real_vs_real,original,951000,952000,4111,0.05304798077266792,0.0028140882640573447,ok
real_vs_real,original,952000,953000,3780,0.05351206894891447,0.002863541523193376,ok
real_vs_real,original,953000,954000,3434,0.053534639159544053,0.002865957589942588,ok
real_vs_real,original,954000,955000,3330,0.05302895209351791,0.002812069760136618,ok
real_vs_real,original,955000,956000,3066,0.051863431263534834,0.002689815502427402,ok
real_vs_real,original,956000,957000,2902,0.05135286900601545,0.0026371171551489822,ok
real_vs_real,original,957000,958000,2866,0.05142989669556634,0.002645034274116626,ok
real_vs_real,original,958000,959000,2857,0.05108000799564142,0.0026091672168347914,ok
real_vs_real,original,959000,960000,3005,0.05005652789362244,0.002505655984765002,ok
real_vs_real,original,960000,961000,2997,0.05075317382176067,0.002575884652981853,ok
real_vs_real,original,961000,962000,2855,0.05116133627567811,0.0026174823295130167,ok
real_vs_real,original,962000,963000,2880,0.05036842536915163,0.0025369782741677975,ok
real_vs_real,original,963000,964000,2957,0.05119495132253961,0.0026209230409172,ok
real_vs_real,original,964000,965000,2799,0.050603722423685694,0.0025607367231334304,ok
real_vs_real,original,965000,966000,2909,0.05009509629315095,0.0025095186726200656,ok
real_vs_real,original,966000,967000,2921,0.051049958996099654,0.002606098313503456,ok
real_vs_real,original,967000,968000,2949,0.050383916556637494,0.00253853904758621,ok
real_vs_real,original,968000,969000,3076,0.05036518274974441,0.0025366516334151515,ok
real_vs_real,original,969000,970000,2821,0.05195254151941275,0.0026990665703263052,ok
real_vs_real,original,970000,971000,2848,0.051834899680443594,0.0026868568248816513,ok
real_vs_real,original,971000,972000,2790,0.0515734588128542,0.002659821653921169,ok
real_vs_real,original,972000,973000,2915,0.05140224392197063,0.002642190680213767,ok
real_vs_real,original,973000,974000,3183,0.05186613478780452,0.002690095937826706,ok
real_vs_real,original,974000,975000,3735,0.05424008792946552,0.0029419871385961507,ok
real_vs_real,original,975000,976000,4203,0.05512566126827519,0.0030388385302646155,ok
real_vs_real,original,976000,977000,4800,0.05324141583049768,0.0028346483596359685,ok
real_vs_real,original,977000,978000,4727,0.05393366677947492,0.002908840412279437,ok
real_vs_real,original,978000,979000,4742,0.0543041401447548,0.00294893963686117,ok
real_vs_real,original,979000,980000,4900,0.053707767686843835,0.0028845243099039864,ok
real_vs_real,original,980000,981000,4896,0.05389351433925612,0.002904510887835605,ok
real_vs_real,original,981000,982000,5181,0.053370602965769245,0.002848421260929777,ok
real_vs_real,original,982000,983000,5187,0.053193676360708486,0.0028295672047677967,ok
real_vs_real,original,983000,984000,5183,0.053397647296452334,0.0028513087367963235,ok
real_vs_real,original,984000,985000,5477,0.052691338630121015,0.002776377166634083,ok
real_vs_real,original,985000,986000,5282,0.0529083677338421,0.002799295376259464,ok
real_vs_real,original,986000,987000,5229,0.053252330061323,0.0028358106569600855,ok
real_vs_real,original,987000,988000,5307,0.05313498867587685,0.002823327021585561,ok
real_vs_real,original,988000,989000,5175,0.053176536297758994,0.0028277440126268797,ok
real_vs_real,original,989000,990000,5358,0.05314669603285745,0.0028245712992089464,ok
real_vs_real,original,990000,991000,5336,0.05306564238451234,0.002815962401680953,ok
real_vs_real,original,991000,992000,5276,0.05311080986930755,0.0028207581249737367,ok
real_vs_real,original,992000,993000,5568,0.052514278112826406,0.0027577494057112783,ok
real_vs_real,original,993000,994000,5635,0.05197218466718901,0.0027011079790803965,ok
real_vs_real,original,994000,995000,5422,0.05244242646033902,0.002750208093048066,ok
real_vs_real,original,995000,996000,5560,0.05214231096836344,0.002718820593121515,ok
real_vs_real,original,996000,997000,5550,0.051857575269351926,0.0026892081128165007,ok
real_vs_real,original,997000,998000,5693,0.051509970778034715,0.00265327708955399,ok
real_vs_real,original,998000,999000,5902,0.051169151144524035,0.002618282028851145,ok
real_vs_real,original,999000,1000000,5890,0.05081626385478675,0.002582292672159306,ok
real_vs_real,original,1000000,1001000,6151,0.050366600660482416,0.0025367944620925077,ok
real_vs_real,original,1001000,1002000,6236,0.049854528067449895,0.0024854739688281494,ok
real_vs_real,original,1002000,1003000,6160,0.04947625493516718,0.0024478998024096543,ok
real_vs_real,original,1003000,1004000,6006,0.049386673857807414,0.002439043554737438,ok
real_vs_real,original,1004000,1005000,6067,0.048022095143798266,0.002306121622000013,ok
real_vs_real,original,1005000,1006000,6030,0.04622468466720552,0.0021367214725825853,ok
real_vs_real,original,1006000,1007000,6179,0.04356369151415033,0.0018977952183400531,ok
real_vs_real,original,1007000,1008000,6099,0.03920602720547448,0.0015371125692364054,ok
real_vs_real,original,1008000,1009000,6092,0.03258977622452896,0.001062093514364873,ok
real_vs_real,original,1009000,1010000,6300,0.02384009924424281,0.0005683503319753465,ok
real_vs_real,original,1010000,1011000,6201,0.016734018723556954,0.0002800273826403547,ok
real_vs_real,original,1011000,1012000,6032,0.018373571442147452,0.00033758812753969646,ok
real_vs_real,original,1012000,1013000,6145,0.026813982601848287,0.0007189896629722226,ok
real_vs_real,original,1013000,1014000,6058,0.03472667018358694,0.0012059416220396263,ok
real_vs_real,original,1014000,1015000,5940,0.04035013722939411,0.0016281335744309363,ok
v2e_vs_real,original,15000,16000,21529,0.031914415428896975,0.0010185299121682175,ok
v2e_vs_real,original,16000,17000,16314,0.032507535262401605,0.001056739848836284,ok
v2e_vs_real,original,17000,18000,21922,0.030540795322203634,0.0009327401789127355,ok
v2e_vs_real,original,18000,19000,16581,0.03186586976141174,0.0010154336556512551,ok
v2e_vs_real,original,19000,20000,22096,0.031074095133264385,0.0009655993883511653,ok
v2e_vs_real,original,20000,21000,16500,0.033184473100378156,0.0011012092549497216,ok
v2e_vs_real,original,21000,22000,21884,0.03307102917800722,0.001093692970892605,ok
v2e_vs_real,original,22000,23000,21796,0.033817561695078595,0.0011436274790004469,ok
v2e_vs_real,original,23000,24000,16476,0.036116588558098635,0.0013044079690749811,ok
v2e_vs_real,original,24000,25000,21799,0.03554805528380568,0.0012636642344605051,ok
v2e_vs_real,original,25000,26000,16463,0.038063489578186754,0.0014488292388687317,ok
v2e_vs_real,original,26000,27000,21695,0.037434403230523286,0.0014013345452254123,ok
v2e_vs_real,original,27000,28000,16167,0.039974844949645816,0.0015979882287482235,ok
v2e_vs_real,original,28000,29000,21495,0.038951756842738966,0.0015172393611358618,ok
v2e_vs_real,original,29000,30000,20954,0.03973621093693641,0.0015789664596247048,ok
v2e_vs_real,original,30000,31000,15348,0.04216710445064511,0.0017780646977516143,ok
v2e_vs_real,original,31000,32000,19952,0.04077185332333547,0.0016623440234195819,ok
v2e_vs_real,original,32000,33000,15110,0.042889398883532645,0.0018395005365907714,ok
v2e_vs_real,original,33000,34000,20274,0.040796764668205567,0.0016643760073929458,ok
v2e_vs_real,original,34000,35000,14602,0.04285380609261099,0.0018364486966231028,ok
v2e_vs_real,original,35000,36000,18495,0.041482908071541785,0.0017208316620719866,ok
v2e_vs_real,original,36000,37000,17494,0.04215329687625007,0.0017769004375372743,ok
v2e_vs_real,original,37000,38000,12783,0.04484560463684565,0.002011128255244272,ok
v2e_vs_real,original,38000,39000,16813,0.04316936971115338,0.0018635944812582467,ok
v2e_vs_real,original,39000,40000,12649,0.045772104274373754,0.0020950855297041443,ok
v2e_vs_real,original,40000,41000,17189,0.04357710719383915,0.001898964271383348,ok
v2e_vs_real,original,41000,42000,13108,0.045920357241266405,0.002108679209165528,ok
v2e_vs_real,original,42000,43000,17778,0.04352100916410277,0.0018940782386619175,ok
v2e_vs_real,original,43000,44000,18401,0.04332999742545055,0.0018774886768895512,ok
v2e_vs_real,original,44000,45000,14036,0.045695811302808614,0.0020881071706218913,ok
v2e_vs_real,original,45000,46000,18992,0.043372788004951854,0.0018811987393224955,ok
v2e_vs_real,original,46000,47000,14936,0.04541262748814899,0.002062306735377385,ok
v2e_vs_real,original,47000,48000,20238,0.04310839587834554,0.0018583337952041592,ok
v2e_vs_real,original,48000,49000,15549,0.04514983166753716,0.002038507299606941,ok
v2e_vs_real,original,49000,50000,20705,0.042957240633868826,0.0018453245228761109,ok
v2e_vs_real,original,50000,51000,20716,0.04297060942775552,0.0018464732745927114,ok
v2e_vs_real,original,51000,52000,15561,0.04504852675767448,0.0020293697630369132,ok
v2e_vs_real,original,52000,53000,20629,0.04290580358368762,0.0018409079811619812,ok
v2e_vs_real,original,53000,54000,15559,0.04485888413563441,0.0020123194858942726,ok
v2e_vs_real,original,54000,55000,20615,0.04279535701604385,0.001831442582130654,ok
v2e_vs_real,original,55000,56000,15432,0.04486974928892286,0.0020132944012507935,ok
v2e_vs_real,original,56000,57000,20537,0.042761012862576255,0.0018285042210334117,ok
v2e_vs_real,original,57000,58000,15165,0.04498899616119919,0.0020240097755923957,ok
v2e_vs_real,original,58000,59000,19848,0.042922044755881614,0.0018423019260259041,ok
v2e_vs_real,original,59000,60000,19144,0.04305108607702744,0.0018533960124116262,ok
v2e_vs_real,original,60000,61000,13973,0.04540386529430213,0.0020615109836631335,ok
v2e_vs_real,original,61000,62000,18443,0.04315199927499693,0.0018620950414293355,ok
v2e_vs_real,original,62000,63000,13463,0.045619556622482536,0.00208114394643189,ok
v2e_vs_real,original,63000,64000,17084,0.043627300242953325,0.0019033413264887954,ok
v2e_vs_real,original,64000,65000,16453,0.043838608084046576,0.001921823558746634,ok
v2e_vs_real,original,65000,66000,12231,0.045836784624889784,0.0021010108247485324,ok
v2e_vs_real,original,66000,67000,16545,0.04287496934896954,0.0018382629966750776,ok
v2e_vs_real,original,67000,68000,11403,0.04545299154528467,0.0020659744404157195,ok
v2e_vs_real,original,68000,69000,14493,0.04354555998964406,0.0018962157948116895,ok
v2e_vs_real,original,69000,70000,10748,0.04600293663517116,0.0021162701790595727,ok
v2e_vs_real,original,70000,71000,14166,0.043939524316241166,0.0019306817971375487,ok
v2e_vs_real,original,71000,72000,10672,0.04640030370720824,0.002152988184121163,ok
v2e_vs_real,original,72000,73000,14169,0.044311411990363196,0.001963501232579703,ok
v2e_vs_real,original,73000,74000,14202,0.04455299662038686,0.0019849695078562025,ok
v2e_vs_real,original,74000,75000,11155,0.04679762343428367,0.002190017559097016,ok
v2e_vs_real,original,75000,76000,15101,0.04402927722517786,0.001938577252971566,ok
v2e_vs_real,original,76000,77000,11184,0.04650694980467516,0.002162896380134575,ok
v2e_vs_real,original,77000,78000,14607,0.04421920868239403,0.0019553384164971116,ok
v2e_vs_real,original,78000,79000,10701,0.04711790416676107,0.0022200968930680804,ok
v2e_vs_real,original,79000,80000,14554,0.0444509934092365,0.0019758908150679867,ok
v2e_vs_real,original,80000,81000,14691,0.0441848944348779,0.0019523048962213042,ok
v2e_vs_real,original,81000,82000,10761,0.04694418839748672,0.002203756824298727,ok
v2e_vs_real,original,82000,83000,14651,0.044112021801241,0.001945870467393161,ok
v2e_vs_real,original,83000,84000,10853,0.04699540611735173,0.0022085681961348204,ok
v2e_vs_real,original,84000,85000,14644,0.044338865330219766,0.0019659349787713646,ok
v2e_vs_real,original,85000,86000,10801,0.04727699920890121,0.0022351146541984453,ok
v2e_vs_real,original,86000,87000,14349,0.044990920239429716,0.0020241829039907267,ok
v2e_vs_real,original,87000,88000,14183,0.0453585796299078,0.0020574007460426873,ok
v2e_vs_real,original,88000,89000,10728,0.048170796892899104,0.0023204256732969383,ok
v2e_vs_real,original,89000,90000,13779,0.04592945791973885,0.0021095151048010617,ok
v2e_vs_real,original,90000,91000,10042,0.049101438789100095,0.0024109512911597436,ok
v2e_vs_real,original,91000,92000,12803,0.04637676131026702,0.0021508039896294805,ok
v2e_vs_real,original,92000,93000,9377,0.04935363413640564,0.002435781202470184,ok
v2e_vs_real,original,93000,94000,12002,0.046378211118822954,0.002150938466582113,ok
v2e_vs_real,original,94000,95000,11820,0.04620670574260683,0.0021350596555838553,ok
v2e_vs_real,original,95000,96000,8860,0.04882094673298418,0.0023834848399048782,ok
v2e_vs_real,original,96000,97000,12087,0.04538665426230266,0.0020599483851257957,ok
v2e_vs_real,original,97000,98000,9084,0.047956914002074545,0.0022998656006023733,ok
v2e_vs_real,original,98000,99000,11852,0.044984831905222185,0.002023635101541096,ok
v2e_vs_real,original,99000,100000,10673,0.04525374031134708,0.00204790101216684,ok
v2e_vs_real,original,100000,101000,13786,0.043456479522450124,0.0018884656124851273,ok
v2e_vs_real,original,101000,102000,14253,0.043866831307439354,0.0019242988889553415,ok
v2e_vs_real,original,102000,103000,10725,0.04662871321916897,0.0021742368964755027,ok
v2e_vs_real,original,103000,104000,14301,0.044466346585214304,0.0019772559786364,ok
v2e_vs_real,original,104000,105000,10888,0.047232039685642296,0.002230865572866089,ok
v2e_vs_real,original,105000,106000,14318,0.044812967829772794,0.0020082020857122517,ok
v2e_vs_real,original,106000,107000,10550,0.047500130045979375,0.0022562623543849526,ok
v2e_vs_real,original,107000,108000,14078,0.04488503892375465,0.00201466671918697,ok
v2e_vs_real,original,108000,109000,14368,0.044788172165371315,0.0020059803659149417,ok
v2e_vs_real,original,109000,110000,10955,0.04729980565364113,0.002237271614872221,ok
v2e_vs_real,original,110000,111000,14869,0.0445419273672609,0.001983983293590345,ok
v2e_vs_real,original,111000,112000,11601,0.046775736709358695,0.0021879695447032466,ok
v2e_vs_real,original,112000,113000,15627,0.044058273163421736,0.0019411314341426877,ok
v2e_vs_real,original,113000,114000,11734,0.04641909874605397,0.002154732728395909,ok
v2e_vs_real,original,114000,115000,16201,0.04375566555018531,0.001914558267739674,ok
v2e_vs_real,original,115000,116000,17421,0.04322869965711768,0.0018687204740452862,ok
v2e_vs_real,original,116000,117000,13489,0.04523518154121128,0.002046221649066342,ok
v2e_vs_real,original,117000,118000,18425,0.04262934727467956,0.00181726124906523,ok
v2e_vs_real,original,118000,119000,14088,0.04458630321433694,0.0019879384343207923,ok
v2e_vs_real,original,119000,120000,19145,0.0421462119604886,0.0017763031826184324,ok
v2e_vs_real,original,120000,121000,14442,0.04408272246805422,0.001943286420195492,ok
v2e_vs_real,original,121000,122000,19337,0.04170460601825781,0.0017392741631381053,ok
v2e_vs_real,original,122000,123000,19359,0.04140401215651592,0.0017142922226569181,ok
v2e_vs_real,original,123000,124000,14627,0.043193709538179866,0.00186569654366865,ok
v2e_vs_real,original,124000,125000,19759,0.040941876928916765,0.001676237286462567,ok
v2e_vs_real,original,125000,126000,15007,0.04249795581670255,0.001806076248598402,ok
v2e_vs_real,original,126000,127000,19728,0.04039912331605691,0.001632089164705973,ok
v2e_vs_real,original,127000,128000,14694,0.04193244327028797,0.0017583297986159192,ok
v2e_vs_real,original,128000,129000,19407,0.039605156122583154,0.0015685683914941858,ok
v2e_vs_real,original,129000,130000,18885,0.03930177807185631,0.0015446297596094453,ok
v2e_vs_real,original,130000,131000,13949,0.040732319321390195,0.0016591218372996972,ok
v2e_vs_real,original,131000,132000,17640,0.03871471964499589,0.001498829517190631,ok
v2e_vs_real,original,132000,133000,12828,0.04012463789904678,0.001609986566529621,ok
v2e_vs_real,original,133000,134000,17169,0.03624406904526184,0.0013136325409577074,ok
v2e_vs_real,original,134000,135000,14036,0.03580961254616656,0.0012823283507065696,ok
v2e_vs_real,original,135000,136000,16716,0.03427859786700195,0.0011750222717276308,ok
v2e_vs_real,original,136000,137000,13672,0.03461916579335033,0.0011984866402274777,ok
v2e_vs_real,original,137000,138000,16882,0.03388556675180139,0.0011482316340907877,ok
v2e_vs_real,original,138000,139000,14049,0.034893605292115264,0.0012175636902819341,ok
v2e_vs_real,original,139000,140000,17402,0.03416506070900702,0.001167251373250135,ok
v2e_vs_real,original,140000,141000,14693,0.03493673058413187,0.001220575143908215,ok
v2e_vs_real,original,141000,142000,15323,0.035203500743765756,0.001239286464616316,ok
v2e_vs_real,original,142000,143000,19750,0.03458558278503322,0.0011961625365803862,ok
v2e_vs_real,original,143000,144000,16574,0.03572897838295703,0.0012765598962898106,ok
v2e_vs_real,original,144000,145000,20801,0.035168340904649716,0.0012368122019856586,ok
v2e_vs_real,original,145000,146000,17118,0.03667883171354902,0.0013453366958708496,ok
v2e_vs_real,original,146000,147000,21293,0.03601048911234854,0.0012967553261105727,ok
v2e_vs_real,original,147000,148000,17683,0.03718512794456523,0.0013827337402536857,ok
v2e_vs_real,original,148000,149000,17637,0.03724247612728885,0.0013870020280916798,ok
v2e_vs_real,original,149000,150000,22626,0.0365437684936645,0.0013354470157185465,ok
v2e_vs_real,original,150000,151000,18080,0.037521501214879543,0.001407863053418207,ok
v2e_vs_real,original,151000,152000,22444,0.03709467984476807,0.001376015272785843,ok
v2e_vs_real,original,152000,153000,17545,0.03846318002016274,0.0014794162172634463,ok
v2e_vs_real,original,153000,154000,21845,0.03768177863553535,0.0014199164411374883,ok
v2e_vs_real,original,154000,155000,17441,0.03913741090353579,0.0015317369322322026,ok
v2e_vs_real,original,155000,156000,21220,0.0385187093411621,0.001483690969308928,ok
v2e_vs_real,original,156000,157000,17175,0.039651057880915004,0.001572206391075672,ok
v2e_vs_real,original,157000,158000,17234,0.039986377143519686,0.0015989103570637937,ok
v2e_vs_real,original,158000,159000,21602,0.0388850948516577,0.0015120506016224158,ok
v2e_vs_real,original,159000,160000,17364,0.04038569623697968,0.0016310044605455944,ok
v2e_vs_real,original,160000,161000,20929,0.03955895248548501,0.0015649107217488606,ok
v2e_vs_real,original,161000,162000,16223,0.04113587476814934,0.0016921601929408656,ok
v2e_vs_real,original,162000,163000,19544,0.040154389972605495,0.001612375034072081,ok
v2e_vs_real,original,163000,164000,14989,0.041699369568807154,0.00173883742243596,ok
v2e_vs_real,original,164000,165000,17847,0.04097065107833158,0.001678594249782393,ok
v2e_vs_real,original,165000,166000,13641,0.04237412873143873,0.0017955667857485413,ok
v2e_vs_real,original,166000,167000,14046,0.042025134563581854,0.0017661119350871623,ok
v2e_vs_real,original,167000,168000,17456,0.04090879708774631,0.0016735296791664008,ok
v2e_vs_real,original,168000,169000,13984,0.042727286716934806,0.0018256210301911533,ok
v2e_vs_real,original,169000,170000,16980,0.04149093900298977,0.0017214980193498177,ok
v2e_vs_real,original,170000,171000,14412,0.04313062368898538,0.0018602506998008671,ok
v2e_vs_real,original,171000,172000,17558,0.041842608689715406,0.001750803901960647,ok
v2e_vs_real,original,172000,173000,14836,0.043287684711266886,0.0018738236476620491,ok
v2e_vs_real,original,173000,174000,14660,0.04334183393987001,0.001878514569271268,ok
v2e_vs_real,original,174000,175000,18537,0.04188646874229687,0.001754476263699413,ok
v2e_vs_real,original,175000,176000,14999,0.043462168860228335,0.0018889601220350015,ok
v2e_vs_real,original,176000,177000,18771,0.04195333293381617,0.0017600821442556249,ok
v2e_vs_real,original,177000,178000,14956,0.043434286766682186,0.001886537266930383,ok
v2e_vs_real,original,178000,179000,18364,0.042048698489180344,0.0017680930446339973,ok
v2e_vs_real,original,179000,180000,15331,0.04329864355430012,0.001874772533642335,ok
v2e_vs_real,original,180000,181000,18640,0.04196589619588587,0.0017611364435238686,ok
v2e_vs_real,original,181000,182000,15242,0.0432975920545435,0.0018746814777216682,ok
v2e_vs_real,original,182000,183000,15450,0.04274797217335659,0.0018273891249340694,ok
v2e_vs_real,original,183000,184000,19464,0.04154769809137201,0.001726211216691797,ok
v2e_vs_real,original,184000,185000,15445,0.042784392168936064,0.0018305042132653179,ok
v2e_vs_real,original,185000,186000,18940,0.041624705246971684,0.0017326160868972721,ok
v2e_vs_real,original,186000,187000,14737,0.04312869129828531,0.001860084013102791,ok
v2e_vs_real,original,187000,188000,18179,0.04181815231364386,0.001748757862927117,ok
v2e_vs_real,original,188000,189000,14602,0.043416952192038095,0.0018850317376457213,ok
v2e_vs_real,original,189000,190000,18071,0.04213946132702907,0.0017757342009321782,ok
v2e_vs_real,original,190000,191000,14516,0.043621496544347965,0.0019028349607685614,ok
v2e_vs_real,original,191000,192000,14513,0.04371328281557248,0.0019108510945142242,ok
v2e_vs_real,original,192000,193000,17778,0.04236354694120259,0.0017946701094394754,ok
v2e_vs_real,original,193000,194000,13984,0.043965057338866506,0.0019329262668098199,ok
v2e_vs_real,original,194000,195000,16611,0.04257493256940888,0.0018126248832897125,ok
v2e_vs_real,original,195000,196000,12973,0.04420513010194486,0.0019540935273298717,ok
v2e_vs_real,original,196000,197000,15535,0.04266006613355951,0.001819881242519671,ok
v2e_vs_real,original,197000,198000,12025,0.044185732681538144,0.0019523789726043482,ok
v2e_vs_real,original,198000,199000,11411,0.044572412604372676,0.0019866999653744403,ok
v2e_vs_real,original,199000,200000,13917,0.042325796735123475,0.001791473069262989,ok
v2e_vs_real,original,200000,201000,10441,0.04375839262146402,0.0019147969248141967,ok
v2e_vs_real,original,201000,202000,12059,0.042693644199418804,0.0018227472550265671,ok
v2e_vs_real,original,202000,203000,8971,0.04463467856983869,0.001992254531032817,ok
v2e_vs_real,original,203000,204000,10794,0.04341387712484093,0.0018847647270107866,ok
v2e_vs_real,original,204000,205000,8404,0.04540610614607479,0.0020617144753486112,ok
v2e_vs_real,original,205000,206000,8403,0.04563582647488171,0.002082628658045514,ok
v2e_vs_real,original,206000,207000,11033,0.04335871994702481,0.0018799785954445268,ok
v2e_vs_real,original,207000,208000,9251,0.044850230528694406,0.002011543178477032,ok
v2e_vs_real,original,208000,209000,11659,0.043283890610925434,0.0018734951864185587,ok
v2e_vs_real,original,209000,210000,9764,0.04471252882743939,0.0019992102341445986,ok
v2e_vs_real,original,210000,211000,12507,0.0429518659489112,0.0018448627884932376,ok
v2e_vs_real,original,211000,212000,9885,0.04480370688600804,0.0020073721507273246,ok
v2e_vs_real,original,212000,213000,12567,0.04315274646686028,0.001862159527633122,ok
v2e_vs_real,original,213000,214000,10400,0.04457276984910061,0.001986731812020892,ok
v2e_vs_real,original,214000,215000,13250,0.04284083792899408,0.0018353373944583378,ok
v2e_vs_real,original,215000,216000,10775,0.04435608982407327,0.001967462704481256,ok
v2e_vs_real,original,216000,217000,10809,0.044140740250554256,0.0019484049498669003,ok
v2e_vs_real,original,217000,218000,13981,0.0424916923709818,0.0018055439205501525,ok
v2e_vs_real,original,218000,219000,11334,0.04396963431943485,0.001933328742184823,ok
v2e_vs_real,original,219000,220000,13865,0.04256489720929222,0.0018117704744376126,ok
v2e_vs_real,original,220000,221000,11124,0.04419151059653476,0.001952889608803644,ok
v2e_vs_real,original,221000,222000,13990,0.04259276112790914,0.0018141433004991278,ok
v2e_vs_real,original,222000,223000,10953,0.044297186451649026,0.0019622407275321583,ok
v2e_vs_real,original,223000,224000,11160,0.04421552601202082,0.0019550127405196897,ok
v2e_vs_real,original,224000,225000,14084,0.04271695987166605,0.0018247386606775275,ok
v2e_vs_real,original,225000,226000,11386,0.044107905635205016,0.0019455073395241503,ok
v2e_vs_real,original,226000,227000,13606,0.04285816368349696,0.0018368221943214178,ok
v2e_vs_real,original,227000,228000,11046,0.04428900260386579,0.001961515751645231,ok
v2e_vs_real,original,228000,229000,13741,0.04248788265530973,0.001805220172531369,ok
v2e_vs_real,original,229000,230000,11026,0.04381738000703164,0.0019199627906806164,ok
v2e_vs_real,original,230000,231000,10670,0.04389918215682993,0.0019271381940385356,ok
v2e_vs_real,original,231000,232000,12662,0.042793270002871676,0.0018312639575386771,ok
v2e_vs_real,original,232000,233000,10140,0.043863092050462876,0.0019239708442273793,ok
v2e_vs_real,original,233000,234000,13083,0.04183456501192249,0.0017501308297367692,ok
v2e_vs_real,original,234000,235000,10473,0.043666854207733544,0.0019067941563994564,ok
v2e_vs_real,original,235000,236000,13004,0.042699350750725985,0.0018232345545335239,ok
v2e_vs_real,original,236000,237000,10552,0.04471047397349329,0.001999026482934421,ok
v2e_vs_real,original,237000,238000,13401,0.043305114812775554,0.001875332968947673,ok
v2e_vs_real,original,238000,239000,11419,0.04491566929622413,0.002017417348327771,ok
v2e_vs_real,original,239000,240000,14313,0.04306288533148231,0.001854412093072394,ok
v2e_vs_real,original,240000,241000,12134,0.04443867661793118,0.0019747959795530638,ok
v2e_vs_real,original,241000,242000,12570,0.044302871078271945,0.001962744385777985,ok
v2e_vs_real,original,242000,243000,16566,0.042384946367050196,0.0017964836785377216,ok
v2e_vs_real,original,243000,244000,13732,0.04371627240477936,0.0019111124729688737,ok
v2e_vs_real,original,244000,245000,17967,0.04172637769201373,0.0017410905952965812,ok
v2e_vs_real,original,245000,246000,15319,0.04287785597209962,0.0018385105327641195,ok
v2e_vs_real,original,246000,247000,19125,0.041036679609105856,0.0016840090733404043,ok
v2e_vs_real,original,247000,248000,16001,0.04219756260629845,0.0017806342899124772,ok
v2e_vs_real,original,248000,249000,15807,0.041789131005022344,0.0017463314701549198,ok
v2e_vs_real,original,249000,250000,20003,0.04000480959855593,0.0016003847910167127,ok
v2e_vs_real,original,250000,251000,16382,0.04053454512659747,0.0016430493486201665,ok
v2e_vs_real,original,251000,252000,20452,0.03877119113054702,0.001503205261681408,ok
v2e_vs_real,original,252000,253000,16093,0.03934595568603945,0.00154810422884778,ok
v2e_vs_real,original,253000,254000,19765,0.03763340140695857,0.001416272901457271,ok
v2e_vs_real,original,254000,255000,15593,0.03822892050714991,0.0014614503631419872,ok
v2e_vs_real,original,255000,256000,19075,0.03657452845427464,0.0013376961316525454,ok
v2e_vs_real,original,256000,257000,15191,0.037002424001237315,0.001369179381967343,ok
v2e_vs_real,original,257000,258000,15322,0.03603158375416437,0.0012982750278333615,ok
v2e_vs_real,original,258000,259000,18947,0.034283434040664314,0.0011753538496205806,ok
v2e_vs_real,original,259000,260000,15006,0.033943223076038684,0.0011521423927897249,ok
v2e_vs_real,original,260000,261000,18679,0.0321428255240702,0.0010331612326708187,ok
v2e_vs_real,original,261000,262000,14976,0.03187707445697902,0.0010161478759357846,ok
v2e_vs_real,original,262000,263000,18576,0.030820704724389435,0.0009499158397080012,ok
v2e_vs_real,original,263000,264000,15157,0.03102148229942569,0.0009623323640535813,ok
v2e_vs_real,original,264000,265000,17813,0.030533213815970385,0.0009322771459317647,ok
v2e_vs_real,original,265000,266000,14332,0.03105073908738095,0.0009641483978726072,ok
v2e_vs_real,original,266000,267000,16028,0.031628596573342195,0.0010003681211992336,ok
v2e_vs_real,original,267000,268000,15487,0.032879961492153255,0.0010810918677254808,ok
v2e_vs_real,original,268000,269000,14598,0.03434464901333108,0.0011795549158489034,ok
v2e_vs_real,original,269000,270000,14570,0.035777046852605604,0.0012799970814935367,ok
v2e_vs_real,original,270000,271000,17270,0.03629434873304444,0.0013172797499558446,ok
v2e_vs_real,original,271000,272000,15142,0.0384018362475699,0.001474701027185173,ok
v2e_vs_real,original,272000,273000,14542,0.03982677261990648,0.001586171817317732,ok
v2e_vs_real,original,273000,274000,14588,0.040920558032945246,0.0016744920697276398,ok
v2e_vs_real,original,274000,275000,14874,0.04157056025198335,0.001728111479663778,ok
v2e_vs_real,original,275000,276000,15314,0.04195946380867428,0.0017605966031114472,ok
v2e_vs_real,original,276000,277000,15465,0.04232609355128691,0.0017914981953122914,ok
v2e_vs_real,original,277000,278000,15558,0.042575677378196106,0.0018126883042122396,ok
v2e_vs_real,original,278000,279000,15735,0.042932997438706044,0.0018432422690719398,ok
v2e_vs_real,original,279000,280000,18875,0.04141112007380565,0.0017148808657671492,ok
v2e_vs_real,original,280000,281000,16495,0.04266077810565004,0.00181994198857951,ok
v2e_vs_real,original,281000,282000,16481,0.04273491792592296,0.0018262732101353718,ok
v2e_vs_real,original,282000,283000,16756,0.042782546028233795,0.0018303462446579435,ok
v2e_vs_real,original,283000,284000,17027,0.04288388924496753,0.0018390279567746415,ok
v2e_vs_real,original,284000,285000,16563,0.04281299667030129,0.0018329526838912296,ok
v2e_vs_real,original,285000,286000,16838,0.042800101794064016,0.0018318487135822415,ok
v2e_vs_real,original,286000,287000,16989,0.04278432944829291,0.0018304988463400643,ok
v2e_vs_real,original,287000,288000,17255,0.04294274187513676,0.0018440790797546241,ok
v2e_vs_real,original,288000,289000,21141,0.04166238922012003,0.0017357546755287737,ok
v2e_vs_real,original,289000,290000,18128,0.04312543440938927,0.001859803092998536,ok
v2e_vs_real,original,290000,291000,17071,0.04324056281419162,0.001869746272488051,ok
v2e_vs_real,original,291000,292000,16760,0.043350154444945305,0.0018792358904006112,ok
v2e_vs_real,original,292000,293000,16321,0.04346237202314962,0.0018889777818786586,ok
v2e_vs_real,original,293000,294000,15932,0.04348451138158116,0.0018909027300948612,ok
v2e_vs_real,original,294000,295000,15703,0.04350779273126569,0.0018929280283467758,ok
v2e_vs_real,original,295000,296000,14978,0.04360934055320164,0.0019017745834851172,ok
v2e_vs_real,original,296000,297000,14613,0.043897936261007964,0.001927028807975518,ok
v2e_vs_real,original,297000,298000,17484,0.042971207746519816,0.0018465246951945647,ok
v2e_vs_real,original,298000,299000,14097,0.04469746015296672,0.0019978629441260477,ok
v2e_vs_real,original,299000,300000,15158,0.042761824605630744,0.001828573643602727,ok
v2e_vs_real,original,300000,301000,14218,0.043137141753639044,0.001860812998673549,ok
v2e_vs_real,original,301000,302000,13795,0.043275751359375225,0.0018727906557184665,ok
v2e_vs_real,original,302000,303000,13521,0.04370716091495427,0.0019103159152457057,ok
v2e_vs_real,original,303000,304000,13278,0.044095998388310055,0.0019444570738618432,ok
v2e_vs_real,original,304000,305000,13306,0.04425848846121037,0.0019588138008710915,ok
v2e_vs_real,original,305000,306000,13361,0.0445115437713384,0.001981277528907774,ok
v2e_vs_real,original,306000,307000,13108,0.04464340491279729,0.0019930336022079727,ok
v2e_vs_real,original,307000,308000,16691,0.042878102335251016,0.0018385316598722584,ok
v2e_vs_real,original,308000,309000,14004,0.04414179139648686,0.0019484977476909612,ok
v2e_vs_real,original,309000,310000,14476,0.04403776219330156,0.0019393244989937806,ok
v2e_vs_real,original,310000,311000,14533,0.04402596733368657,0.001938285799666837,ok
v2e_vs_real,original,311000,312000,14509,0.04376659605533082,0.0019155149302704994,ok
v2e_vs_real,original,312000,313000,14481,0.0437241054660586,0.0019117973988070159,ok
v2e_vs_real,original,313000,314000,14644,0.04370292975763131,0.0019099460694004566,ok
v2e_vs_real,original,314000,315000,15627,0.04386576846780415,0.0019242056432710005,ok
v2e_vs_real,original,315000,316000,15147,0.04350507960109725,0.0018926919510978083,ok
v2e_vs_real,original,316000,317000,19299,0.04216540277458506,0.0017779211911429856,ok
v2e_vs_real,original,317000,318000,16592,0.04367244120858753,0.0019072821211175343,ok
v2e_vs_real,original,318000,319000,16208,0.04370383076660287,0.0019100248236758638,ok
v2e_vs_real,original,319000,320000,15751,0.043993430137764,0.0019354218952863217,ok
v2e_vs_real,original,320000,321000,15380,0.04408328386424216,0.0019433359162553529,ok
v2e_vs_real,original,321000,322000,15131,0.04429027202517822,0.001961628196064284,ok
v2e_vs_real,original,322000,323000,14874,0.04453511592566228,0.001983376550512178,ok
v2e_vs_real,original,323000,324000,14580,0.04457108436381838,0.0019865815613666154,ok
v2e_vs_real,original,324000,325000,14240,0.044626078686911805,0.001991486898970444,ok
v2e_vs_real,original,325000,326000,16597,0.04301482896387656,0.0018502755107915536,ok
v2e_vs_real,original,326000,327000,12937,0.04481602845907491,0.002008476406844612,ok
v2e_vs_real,original,327000,328000,12834,0.04486597495344185,0.0020129557085228713,ok
v2e_vs_real,original,328000,329000,12274,0.0449526778087485,0.00202074324217715,ok
v2e_vs_real,original,329000,330000,12207,0.044986649081035814,0.00202379859554026,ok
v2e_vs_real,original,330000,331000,11861,0.0451336727213661,0.002037048413319386,ok
v2e_vs_real,original,331000,332000,11590,0.04529358521431316,0.0020515088615662477,ok
v2e_vs_real,original,332000,333000,11922,0.04447903860541007,0.001978384875261559,ok
v2e_vs_real,original,333000,334000,12300,0.04375191066739594,0.0019142296870477949,ok
v2e_vs_real,original,334000,335000,14111,0.04251187642622861,0.0018072596372789322,ok
v2e_vs_real,original,335000,336000,11566,0.04430938815130232,0.0019633218783427706,ok
v2e_vs_real,original,336000,337000,11622,0.04477112731932621,0.0020044538414433176,ok
v2e_vs_real,original,337000,338000,11289,0.04493165691904945,0.002018853793491164,ok
v2e_vs_real,original,338000,339000,11143,0.04533847454839953,0.002055577274375872,ok
v2e_vs_real,original,339000,340000,11217,0.0450676832851064,0.002031096076686659,ok
v2e_vs_real,original,340000,341000,11139,0.045134846743026126,0.002037154390516456,ok
v2e_vs_real,original,341000,342000,11319,0.0455177385643099,0.0020718645240088646,ok
v2e_vs_real,original,342000,343000,11007,0.04553041758727262,0.002073018925671424,ok
v2e_vs_real,original,343000,344000,13553,0.04335477858615345,0.0018796368262543894,ok
v2e_vs_real,original,344000,345000,11434,0.04492942522945652,0.0020186532514493236,ok
v2e_vs_real,original,345000,346000,11191,0.045178757495008104,0.002041120128792751,ok
v2e_vs_real,original,346000,347000,10912,0.045462282051760235,0.0020668190893538005,ok
v2e_vs_real,original,347000,348000,11130,0.04526239138390417,0.0020486840737897224,ok
v2e_vs_real,original,348000,349000,11182,0.04511589190818466,0.0020354437026710017,ok
v2e_vs_real,original,349000,350000,11702,0.045003890815040394,0.002025350188492077,ok
v2e_vs_real,original,350000,351000,11589,0.044956603534481616,0.002021096201356565,ok
v2e_vs_real,original,351000,352000,11510,0.04512492007862152,0.0020362584121019793,ok
v2e_vs_real,original,352000,353000,13922,0.04345552546747687,0.0018883826936545312,ok
v2e_vs_real,original,353000,354000,11907,0.04500940937007014,0.002025846931842558,ok
v2e_vs_real,original,354000,355000,11572,0.04514638585472618,0.00203819615574382,ok
v2e_vs_real,original,355000,356000,11557,0.045363005461614855,0.0020578022645104995,ok
v2e_vs_real,original,356000,357000,11166,0.0452848839200838,0.002050720711655464,ok
v2e_vs_real,original,357000,358000,11108,0.04535619782510589,0.0020571846811501403,ok
v2e_vs_real,original,358000,359000,10829,0.04486826492134706,0.002013161197052183,ok
v2e_vs_real,original,359000,360000,11099,0.045156096115275574,0.0020390730163720055,ok
v2e_vs_real,original,360000,361000,10907,0.04537391348826224,0.0020587920252403058,ok
v2e_vs_real,original,361000,362000,13316,0.04342848899213853,0.0018860336561402978,ok
v2e_vs_real,original,362000,363000,11276,0.0449499256871626,0.00202049581928144,ok
v2e_vs_real,original,363000,364000,11112,0.045020952672472705,0.0020268861795370275,ok
v2e_vs_real,original,364000,365000,10893,0.04518578519464631,0.002041755183656718,ok
v2e_vs_real,original,365000,366000,11352,0.04520793423683877,0.002043757317962339,ok
v2e_vs_real,original,366000,367000,12736,0.043217166297867836,0.0018677234628175635,ok
v2e_vs_real,original,367000,368000,12759,0.042873946367322224,0.0018381752771080226,ok
v2e_vs_real,original,368000,369000,12891,0.04296626146992155,0.0018460996247016655,ok
v2e_vs_real,original,369000,370000,12981,0.04290812014276532,0.001841106774185983,ok
v2e_vs_real,original,370000,371000,15723,0.04132298883582078,0.0017075894063253686,ok
v2e_vs_real,original,371000,372000,13320,0.04255474858525164,0.0018109066271539765,ok
v2e_vs_real,original,372000,373000,13304,0.04249248120571287,0.0018056109590178615,ok
v2e_vs_real,original,373000,374000,13316,0.04240302319648404,0.0017980163762015635,ok
v2e_vs_real,original,374000,375000,13633,0.0422631704791571,0.0017861755789502962,ok
v2e_vs_real,original,375000,376000,13870,0.04212106120742395,0.0017741837972395545,ok
v2e_vs_real,original,376000,377000,14202,0.0418370217020818,0.0017503363849004632,ok
v2e_vs_real,original,377000,378000,14904,0.0407137816001037,0.0016576120121809426,ok
v2e_vs_real,original,378000,379000,15323,0.04009003402290059,0.0016072108279573266,ok
v2e_vs_real,original,379000,380000,19553,0.037857161328288515,0.0014331646638360632,ok
v2e_vs_real,original,380000,381000,17072,0.037703432947998446,0.0014215488560642149,ok
v2e_vs_real,original,381000,382000,17693,0.03663575403852643,0.0013421784739714056,ok
v2e_vs_real,original,382000,383000,18425,0.03551738570779375,0.001261484687516192,ok
v2e_vs_real,original,383000,384000,19184,0.034747353510141514,0.0012073785759587436,ok
v2e_vs_real,original,384000,385000,19634,0.034190907015463755,0.0011690181225400887,ok
v2e_vs_real,original,385000,386000,19706,0.03383248804732749,0.0011446372474725574,ok
v2e_vs_real,original,386000,387000,19814,0.033705891087580604,0.0011360870940078456,ok
v2e_vs_real,original,387000,388000,19938,0.03403952275598345,0.0011586891094551152,ok
v2e_vs_real,original,388000,389000,24530,0.03343001902467713,0.0011175661719902746,ok
v2e_vs_real,original,389000,390000,20534,0.03416042278423352,0.0011669344847975807,ok
v2e_vs_real,original,390000,391000,20435,0.03443354134619648,0.0011856687696402226,ok
v2e_vs_real,original,391000,392000,20709,0.03469218519156238,0.00120354771336566,ok
v2e_vs_real,original,392000,393000,20328,0.03460969954042279,0.0011978313022783416,ok
v2e_vs_real,original,393000,394000,20402,0.03483637737472684,0.00121357318859438,ok
v2e_vs_real,original,394000,395000,20872,0.034846444712538026,0.0012142747091039695,ok
v2e_vs_real,original,395000,396000,20485,0.03520342418671774,0.0012392810744699836,ok
v2e_vs_real,original,396000,397000,20090,0.03555586345245888,0.0012642194258499014,ok
v2e_vs_real,original,397000,398000,23888,0.03521679480838159,0.001240222636575652,ok
v2e_vs_real,original,398000,399000,18990,0.03654703617775024,0.001335685853377785,ok
v2e_vs_real,original,399000,400000,21757,0.03671912376965452,0.0013482940504112076,ok
v2e_vs_real,original,400000,401000,17026,0.03929268420999802,0.0015439150324266277,ok
v2e_vs_real,original,401000,402000,20402,0.03842566493129378,0.0014765317254120608,ok
v2e_vs_real,original,402000,403000,19694,0.03925516994039369,0.0015409683670491888,ok
v2e_vs_real,original,403000,404000,18868,0.040395774272828866,0.0016318185791013423,ok
v2e_vs_real,original,404000,405000,13891,0.04295749630794819,0.0018453464890473823,ok
v2e_vs_real,original,405000,406000,18592,0.04130338496089795,0.0017059696092281312,ok
v2e_vs_real,original,406000,407000,18541,0.041825093762141184,0.0017493384682119016,ok
v2e_vs_real,original,407000,408000,18448,0.04224622098663289,0.001784743187651421,ok
v2e_vs_real,original,408000,409000,14235,0.044592470294948026,0.0019884884070058223,ok
v2e_vs_real,original,409000,410000,18903,0.042465325771369286,0.0018033038928685205,ok
v2e_vs_real,original,410000,411000,18697,0.04274451807435686,0.0018270938254090208,ok
v2e_vs_real,original,411000,412000,19022,0.04269886559621279,0.0018231931232034443,ok
v2e_vs_real,original,412000,413000,14230,0.04489842540474019,0.002015868603825019,ok
v2e_vs_real,original,413000,414000,19190,0.04272447347721179,0.0018253806339049736,ok
v2e_vs_real,original,414000,415000,18975,0.04285712372524877,0.0018367330540012808,ok
v2e_vs_real,original,415000,416000,19093,0.042558556053291965,0.001811230693341194,ok
v2e_vs_real,original,416000,417000,14317,0.04470742339667151,0.0019987537067692514,ok
v2e_vs_real,original,417000,418000,18649,0.04273276561744509,0.0018260892573154972,ok
v2e_vs_real,original,418000,419000,18314,0.0428555899370163,0.0018366015888496927,ok
v2e_vs_real,original,419000,420000,17736,0.04297772634400242,0.0018470849616999596,ok
v2e_vs_real,original,420000,421000,13273,0.0452240598889288,0.0020452155928374193,ok
v2e_vs_real,original,421000,422000,17596,0.043062211633875844,0.001854354070800712,ok
v2e_vs_real,original,422000,423000,17646,0.043202802907238026,0.0018664821790416546,ok
v2e_vs_real,original,423000,424000,17869,0.043356340186985365,0.001879772234409602,ok
v2e_vs_real,original,424000,425000,13709,0.04557352877779163,0.002076946525260202,ok
v2e_vs_real,original,425000,426000,18400,0.04337968464218982,0.001881797039655839,ok
v2e_vs_real,original,426000,427000,18253,0.043394408468268746,0.0018830746863109545,ok
v2e_vs_real,original,427000,428000,17647,0.04353342079533509,0.0018951587261437138,ok
v2e_vs_real,original,428000,429000,12797,0.04589771087821951,0.00210659986386063,ok
v2e_vs_real,original,429000,430000,16478,0.04365452661149321,0.001905717693673569,ok
v2e_vs_real,original,430000,431000,15569,0.043722857788552165,0.001911688293197957,ok
v2e_vs_real,original,431000,432000,11183,0.04616760325113257,0.0021314475899539866,ok
v2e_vs_real,original,432000,433000,14448,0.043316656312699306,0.0018763327141125127,ok
v2e_vs_real,original,433000,434000,14327,0.04274980360370374,0.0018275457081552416,ok
v2e_vs_real,original,434000,435000,14300,0.04355741384247923,0.0018972483006450011,ok
v2e_vs_real,original,435000,436000,10607,0.046553596812806436,0.0021672373762093413,ok
v2e_vs_real,original,436000,437000,14128,0.04431587325198179,0.001963896622085715,ok
v2e_vs_real,original,437000,438000,14186,0.044512787007219515,0.00198138820715009,ok
v2e_vs_real,original,438000,439000,14395,0.04425053175509735,0.0019581095606088787,ok
v2e_vs_real,original,439000,440000,14693,0.044035659764329604,0.0019391393308797974,ok
v2e_vs_real,original,440000,441000,10763,0.04672208811723072,0.0021829535180342722,ok
v2e_vs_real,original,441000,442000,14400,0.04413308854805055,0.0019477295047900705,ok
v2e_vs_real,original,442000,443000,14312,0.04414391566689531,0.0019486852904059648,ok
v2e_vs_real,original,443000,444000,14072,0.04434726229665775,0.0019666796732085625,ok
v2e_vs_real,original,444000,445000,10471,0.046836480759754384,0.0021936559299588427,ok
v2e_vs_real,original,445000,446000,14014,0.044202789868967654,0.0019538866322001093,ok
v2e_vs_real,original,446000,447000,13914,0.04424703964507539,0.001957800517352873,ok
v2e_vs_real,original,447000,448000,13954,0.044255334553436325,0.0019585346364365754,ok
v2e_vs_real,original,448000,449000,10644,0.04642004750174959,0.0021548208100646885,ok
v2e_vs_real,original,449000,450000,14448,0.04368493432225155,0.0019083734867394314,ok
v2e_vs_real,original,450000,451000,14240,0.04369167083456294,0.0019089621003157981,ok
v2e_vs_real,original,451000,452000,13919,0.04379419664600328,0.0019179316598688049,ok
v2e_vs_real,original,452000,453000,10253,0.04613323549223472,0.002128275416981985,ok
v2e_vs_real,original,453000,454000,13421,0.04397481768554315,0.0019337845904767584,ok
v2e_vs_real,original,454000,455000,13107,0.044199052214169324,0.0019535562166308664,ok
v2e_vs_real,original,455000,456000,12936,0.04435824077634988,0.001967653524772629,ok
v2e_vs_real,original,456000,457000,9525,0.04692683501850738,0.002202127844854211,ok
v2e_vs_real,original,457000,458000,12682,0.04458099588163464,0.0019874651937983245,ok
v2e_vs_real,original,458000,459000,12749,0.04470089141870743,0.0019981696936270713,ok
v2e_vs_real,original,459000,460000,13020,0.044578481826137724,0.0019872410419232915,ok
v2e_vs_real,original,460000,461000,9506,0.04736698757570423,0.0022436315119969187,ok
v2e_vs_real,original,461000,462000,12430,0.044878524487747914,0.002014081960197389,ok
v2e_vs_real,original,462000,463000,12295,0.04474750143270145,0.0020023388844696184,ok
v2e_vs_real,original,463000,464000,12125,0.04455725840195731,0.001985349276298795,ok
v2e_vs_real,original,464000,465000,9009,0.04703985172258189,0.0022127476500824906,ok
v2e_vs_real,original,465000,466000,12191,0.04396627058045515,0.0019330329487537961,ok
v2e_vs_real,original,466000,467000,12129,0.04316257963734608,0.0018630082809502424,ok
v2e_vs_real,original,467000,468000,8435,0.04611500135883203,0.00212659335032508,ok
v2e_vs_real,original,468000,469000,10473,0.04466602112428668,0.0019950534430752238,ok
v2e_vs_real,original,469000,470000,10342,0.04541514137103945,0.0020625350657514988,ok
v2e_vs_real,original,470000,471000,10747,0.045803479817428765,0.002097958763385604,ok
v2e_vs_real,original,471000,472000,11261,0.04616708112475476,0.002131399379579687,ok
v2e_vs_real,original,472000,473000,8904,0.04916767178049075,0.002417459948314067,ok
v2e_vs_real,original,473000,474000,12597,0.04613638055596062,0.002128565610804421,ok
v2e_vs_real,original,474000,475000,13615,0.045904947931069966,0.0021072642445542447,ok
v2e_vs_real,original,475000,476000,14416,0.04581687059092962,0.002099185630745992,ok
v2e_vs_real,original,476000,477000,11528,0.04844664118276272,0.0023470770418913605,ok
v2e_vs_real,original,477000,478000,15844,0.045374114472489395,0.0020588102641625715,ok
v2e_vs_real,original,478000,479000,16042,0.045206026029783596,0.0020435847894054717,ok
v2e_vs_real,original,479000,480000,16147,0.04500588460478072,0.0020255296490588387,ok
v2e_vs_real,original,480000,481000,12326,0.04737982988725403,0.0022448482801451304,ok
v2e_vs_real,original,481000,482000,16386,0.044644369150227556,0.00199311969682179,ok
v2e_vs_real,original,482000,483000,16546,0.04423440521679538,0.0019566826048836544,ok
v2e_vs_real,original,483000,484000,16459,0.04403894564457464,0.0019394287334857999,ok
v2e_vs_real,original,484000,485000,12543,0.046054365899401144,0.002121004618395923,ok
v2e_vs_real,original,485000,486000,16530,0.04362504974283452,0.0019031449650647862,ok
v2e_vs_real,original,486000,487000,16397,0.043564766704655006,0.0018978888980310175,ok
v2e_vs_real,original,487000,488000,16257,0.043663757470450204,0.0019065237164382959,ok
v2e_vs_real,original,488000,489000,12267,0.04596104425322223,0.002112417588846652,ok
v2e_vs_real,original,489000,490000,15989,0.043717062701461556,0.001911181571243521,ok
v2e_vs_real,original,490000,491000,15896,0.04380983042546067,0.0019193012419076194,ok
v2e_vs_real,original,491000,492000,15896,0.043857307337796365,0.001923463406921927,ok
v2e_vs_real,original,492000,493000,11930,0.04637493166347932,0.002150634286792377,ok
v2e_vs_real,original,493000,494000,15860,0.04382782261042079,0.0019208780347705122,ok
v2e_vs_real,original,494000,495000,15802,0.04371453431655769,0.0019109605105134997,ok
v2e_vs_real,original,495000,496000,15633,0.04374328857224466,0.0019134752951146703,ok
v2e_vs_real,original,496000,497000,11511,0.0461971563680483,0.0021341772564939057,ok
v2e_vs_real,original,497000,498000,14971,0.043831526294640495,0.0019212026973177612,ok
v2e_vs_real,original,498000,499000,14027,0.044141077688177585,0.001948434739473729,ok
v2e_vs_real,original,499000,500000,16193,0.0424635805423501,0.001803155672476654,ok
v2e_vs_real,original,500000,501000,12076,0.0442067455805038,0.0019542363548193924,ok
v2e_vs_real,original,501000,502000,15982,0.04198665229261067,0.001762878970740589,ok
v2e_vs_real,original,502000,503000,15771,0.04207063214253603,0.0017699380888725857,ok
v2e_vs_real,original,503000,504000,11935,0.04418371340542226,0.0019522005302924905,ok
v2e_vs_real,original,504000,505000,15873,0.04141942399301698,0.0017155686839133105,ok
v2e_vs_real,original,505000,506000,16096,0.04048317098649308,0.001638887133121635,ok
v2e_vs_real,original,506000,507000,16353,0.039490155677731766,0.0015594723954514905,ok
v2e_vs_real,original,507000,508000,16846,0.03825784223209294,0.0014636624922557142,ok
v2e_vs_real,original,508000,509000,12825,0.03838432053597597,0.0014733560630085466,ok
v2e_vs_real,original,509000,510000,17306,0.03471450881593746,0.0012050971223317997,ok
v2e_vs_real,original,510000,511000,17351,0.03284803625563267,0.0010789934858513586,ok
v2e_vs_real,original,511000,512000,17550,0.0317572428735888,0.0010085224749321062,ok
v2e_vs_real,original,512000,513000,13198,0.03157456527054461,0.0009969531720238822,ok
v2e_vs_real,original,513000,514000,18009,0.02883565073966563,0.0008314947535799791,ok
v2e_vs_real,original,514000,515000,18309,0.028555926552997435,0.000815440941300184,ok
v2e_vs_real,original,515000,516000,18866,0.029778298424497685,0.0008867470570584413,ok
v2e_vs_real,original,516000,517000,14138,0.03201186883537418,0.0010247597463332004,ok
v2e_vs_real,original,517000,518000,19139,0.0314542584502964,0.0009893703746580427,ok
v2e_vs_real,original,518000,519000,19181,0.03282497326885771,0.001077478870101223,ok
v2e_vs_real,original,519000,520000,19275,0.03467182673055266,0.0012021355688334662,ok
v2e_vs_real,original,520000,521000,14421,0.037515527480722455,0.0014074148021568414,ok
v2e_vs_real,original,521000,522000,19065,0.03710903441594998,0.0013770804352841602,ok
v2e_vs_real,original,522000,523000,19022,0.03808604495140651,0.0014505468200405574,ok
v2e_vs_real,original,523000,524000,18643,0.039299572460687084,0.0015444563955927947,ok
v2e_vs_real,original,524000,525000,14002,0.04190122976942064,0.001755713056189783,ok
v2e_vs_real,original,525000,526000,18684,0.04020752794514422,0.0016166453034595532,ok
v2e_vs_real,original,526000,527000,18458,0.040774333595895725,0.0016625462801893906,ok
v2e_vs_real,original,527000,528000,18097,0.041112594024953444,0.0016902453874606375,ok
v2e_vs_real,original,528000,529000,13452,0.043538435661410614,0.0018955953798427917,ok
v2e_vs_real,original,529000,530000,17913,0.04165650414262979,0.0017352643373849327,ok
v2e_vs_real,original,530000,531000,17734,0.04180548392229354,0.0017476984859771437,ok
v2e_vs_real,original,531000,532000,17094,0.04227406545821032,0.0017870966103650512,ok
v2e_vs_real,original,532000,533000,12988,0.044255822049186086,0.0019585777852492254,ok
v2e_vs_real,original,533000,534000,16592,0.04207082844685345,0.0017699546062045733,ok
v2e_vs_real,original,534000,535000,15509,0.042681343108672776,0.0018216970495602493,ok
v2e_vs_real,original,535000,536000,11011,0.04568224872633059,0.0020868678486943328,ok
v2e_vs_real,original,536000,537000,14391,0.04362081962077511,0.0019027759043881989,ok
v2e_vs_real,original,537000,538000,14298,0.044087762873011464,0.0019437308351468883,ok
v2e_vs_real,original,538000,539000,14142,0.04460736991905571,0.001989817451095476,ok
v2e_vs_real,original,539000,540000,10982,0.04727266628347925,0.002234704977549196,ok
v2e_vs_real,original,540000,541000,14976,0.044766125928390306,0.002004006030636499,ok
v2e_vs_real,original,541000,542000,15586,0.044726423641921094,0.0020004529717965983,ok
v2e_vs_real,original,542000,543000,11960,0.04717740750892553,0.002225707779263223,ok
v2e_vs_real,original,543000,544000,16355,0.04421555043368725,0.0019550149001539407,ok
v2e_vs_real,original,544000,545000,16894,0.04410407892772265,0.0019451697780627887,ok
v2e_vs_real,original,545000,546000,17797,0.043780358763559436,0.0019167198134659755,ok
v2e_vs_real,original,546000,547000,13770,0.04604481272616454,0.0021201247789875643,ok
v2e_vs_real,original,547000,548000,19167,0.04339693650185392,0.001883294097745941,ok
v2e_vs_real,original,548000,549000,19484,0.04331640631846771,0.0018763110563465894,ok
v2e_vs_real,original,549000,550000,14621,0.04540441866181777,0.002061561234017626,ok
v2e_vs_real,original,550000,551000,19509,0.04318045482441559,0.0018645516788433957,ok
v2e_vs_real,original,551000,552000,19568,0.04320942442816961,0.0018670543594137001,ok
v2e_vs_real,original,552000,553000,19698,0.043109566592480754,0.0018584347317915327,ok
v2e_vs_real,original,553000,554000,14483,0.04535005197700808,0.0020566272143173344,ok
v2e_vs_real,original,554000,555000,19233,0.04307764558077289,0.0018556835487826824,ok
v2e_vs_real,original,555000,556000,19174,0.043077521067412555,0.0018556728213133728,ok
v2e_vs_real,original,556000,557000,18952,0.04321143609430462,0.001867228209332172,ok
v2e_vs_real,original,557000,558000,14131,0.04544824505062461,0.002065542978181624,ok
v2e_vs_real,original,558000,559000,18337,0.043397522803901745,0.0018833449855151718,ok
v2e_vs_real,original,559000,560000,17762,0.04351801585777278,0.0018938177041973626,ok
v2e_vs_real,original,560000,561000,12980,0.04603723682583525,0.0021194271745580413,ok
v2e_vs_real,original,561000,562000,16820,0.04385946049736441,0.001923652275119869,ok
v2e_vs_real,original,562000,563000,16504,0.04393623675066046,0.001930392899810087,ok
v2e_vs_real,original,563000,564000,15989,0.04401784773936167,0.001937570919605627,ok
v2e_vs_real,original,564000,565000,11582,0.046626337250796186,0.0021740153254249843,ok
v2e_vs_real,original,565000,566000,15309,0.04390855275087259,0.0019279610046761607,ok
v2e_vs_real,original,566000,567000,15559,0.043110431624267684,0.001858509314830659,ok
v2e_vs_real,original,567000,568000,10765,0.045748538636124866,0.0020929287873410096,ok
v2e_vs_real,original,568000,569000,13599,0.04391777361210059,0.001928770839043719,ok
v2e_vs_real,original,569000,570000,13193,0.044280621327525804,0.001960773425151733,ok
v2e_vs_real,original,570000,571000,12860,0.04463878050762041,0.0019926207252075117,ok
v2e_vs_real,original,571000,572000,9667,0.047469768788436555,0.0022533789488276253,ok
v2e_vs_real,original,572000,573000,13049,0.04482831885944314,0.0020095781717639053,ok
v2e_vs_real,original,573000,574000,13323,0.044857049436335956,0.002012154884133888,ok
v2e_vs_real,original,574000,575000,10441,0.047287894584751564,0.0022361449742585764,ok
v2e_vs_real,original,575000,576000,13730,0.04471236781905412,0.0019991958359863865,ok
v2e_vs_real,original,576000,577000,13845,0.04438377715499254,0.0019699196745440375,ok
v2e_vs_real,original,577000,578000,13807,0.044330495217731934,0.001965192806249354,ok
v2e_vs_real,original,578000,579000,10260,0.04702525456116346,0.0022113745665422245,ok
v2e_vs_real,original,579000,580000,13762,0.04460731557516639,0.001989812602822482,ok
v2e_vs_real,original,580000,581000,13661,0.04467633727192736,0.001995975112035006,ok
v2e_vs_real,original,581000,582000,13475,0.04477546736734332,0.0020048424779640266,ok
v2e_vs_real,original,582000,583000,10267,0.04724848219574949,0.0022324190698020563,ok
v2e_vs_real,original,583000,584000,13281,0.04494506147453486,0.0020200585509497176,ok
v2e_vs_real,original,584000,585000,13596,0.04486330674383998,0.002012716291991878,ok
v2e_vs_real,original,585000,586000,10257,0.04786594076189408,0.0022911482850211527,ok
v2e_vs_real,original,586000,587000,13580,0.045296051370069264,0.0020517322697199535,ok
v2e_vs_real,original,587000,588000,13587,0.045483664120229535,0.0020687637018018553,ok
v2e_vs_real,original,588000,589000,13170,0.04573527371940661,0.0020917152621890453,ok
v2e_vs_real,original,589000,590000,9520,0.04889272489179897,0.002390498547345139,ok
v2e_vs_real,original,590000,591000,12194,0.04641283215688784,0.0021541509888234416,ok
v2e_vs_real,original,591000,592000,11522,0.046689378230585644,0.0021798980395586844,ok
v2e_vs_real,original,592000,593000,8573,0.04943803616531257,0.0024441194198827534,ok
v2e_vs_real,original,593000,594000,10730,0.04674429293460244,0.0021850289219559234,ok
v2e_vs_real,original,594000,595000,10545,0.046634088886543544,0.0021747382462780442,ok
v2e_vs_real,original,595000,596000,10892,0.04586315698558753,0.002103429168684646,ok
v2e_vs_real,original,596000,597000,8236,0.04842760268274922,0.0023452327015982192,ok
v2e_vs_real,original,597000,598000,10849,0.04576709747808776,0.002094627211568787,ok
v2e_vs_real,original,598000,599000,10592,0.04574550874769734,0.0020926515705856534,ok
v2e_vs_real,original,599000,600000,9455,0.04642101463916335,0.002154910600129418,ok
v2e_vs_real,original,600000,601000,12362,0.04409952035464034,0.0019447676955093376,ok
v2e_vs_real,original,601000,602000,12888,0.04456065530737525,0.00198565200142271,ok
v2e_vs_real,original,602000,603000,13254,0.04484272764968777,0.0020108702230640717,ok
v2e_vs_real,original,603000,604000,9992,0.047610235738436736,0.0022667345470695184,ok
v2e_vs_real,original,604000,605000,13496,0.04509610414056127,0.0020336586086563474,ok
v2e_vs_real,original,605000,606000,13583,0.045117293710518105,0.002035570191761157,ok
v2e_vs_real,original,606000,607000,13432,0.04516895228361445,0.002040234250399439,ok
v2e_vs_real,original,607000,608000,10308,0.04783400227906235,0.002288091774033342,ok
v2e_vs_real,original,608000,609000,13840,0.04507853190242303,0.002032074038477771,ok
v2e_vs_real,original,609000,610000,14059,0.044864059689039074,0.0020127838517816606,ok
v2e_vs_real,original,610000,611000,11016,0.0470576251145019,0.002214420081417,ok
v2e_vs_real,original,611000,612000,15115,0.04410792158617889,0.001945508746652506,ok
v2e_vs_real,original,612000,613000,15297,0.04388387259575513,0.001925794274000468,ok
v2e_vs_real,original,613000,614000,15540,0.04381883693493914,0.0019200904703307869,ok
v2e_vs_real,original,614000,615000,11920,0.04611549110310555,0.0021266385196806073,ok
v2e_vs_real,original,615000,616000,16785,0.04299903275191141,0.0018489168175999497,ok
v2e_vs_real,original,616000,617000,17511,0.04257567029577058,0.0018126877011341613,ok
v2e_vs_real,original,617000,618000,13777,0.04420499257176424,0.0019540813682697314,ok
v2e_vs_real,original,618000,619000,18657,0.04183165825160537,0.0017498876320791034,ok
v2e_vs_real,original,619000,620000,19060,0.041320197080417495,0.0017073586867645426,ok
v2e_vs_real,original,620000,621000,19489,0.04088407301239578,0.0016715074260829086,ok
v2e_vs_real,original,621000,622000,14544,0.04255397814893838,0.0018108410563003254,ok
v2e_vs_real,original,622000,623000,19482,0.040220235812992375,0.0016176673688527144,ok
v2e_vs_real,original,623000,624000,19548,0.03993903499985424,0.0015951265167195821,ok
v2e_vs_real,original,624000,625000,14988,0.04158470786866609,0.0017292879285222993,ok
v2e_vs_real,original,625000,626000,20025,0.03946896297918478,0.0015577990386522584,ok
v2e_vs_real,original,626000,627000,20015,0.0389267103120722,0.0015152887757199879,ok
v2e_vs_real,original,627000,628000,19603,0.038681278642619644,0.0014962413174279825,ok
v2e_vs_real,original,628000,629000,14654,0.04005379012204015,0.0016043061031404409,ok
v2e_vs_real,original,629000,630000,19184,0.037694324466900894,0.0014208620970160035,ok
v2e_vs_real,original,630000,631000,18385,0.03740140657703496,0.0013988652139406738,ok
v2e_vs_real,original,631000,632000,17616,0.03745854992217667,0.0014031429622722016,ok
v2e_vs_real,original,632000,633000,13471,0.03851402457041582,0.0014833300886105936,ok
v2e_vs_real,original,633000,634000,17531,0.0356196320951421,0.0012687581905932773,ok
v2e_vs_real,original,634000,635000,17101,0.03518263318429344,0.0012378176777805459,ok
v2e_vs_real,original,635000,636000,12489,0.03673800361863936,0.0013496809098831589,ok
v2e_vs_real,original,636000,637000,16751,0.03530178953147637,0.0012462163441246544,ok
v2e_vs_real,original,637000,638000,16787,0.03537604883705897,0.0012514648313219812,ok
v2e_vs_real,original,638000,639000,16961,0.03633760049759929,0.0013204212099231286,ok
v2e_vs_real,original,639000,640000,13056,0.03859574651738254,0.0014896316492340467,ok
v2e_vs_real,original,640000,641000,17864,0.0368686736620971,0.001359299097602212,ok
v2e_vs_real,original,641000,642000,19079,0.036869790475545255,0.0013593814497106075,ok
v2e_vs_real,original,642000,643000,14942,0.038610749798360156,0.001490789999991569,ok
v2e_vs_real,original,643000,644000,20408,0.03697714468158458,0.0013673092288028388,ok
v2e_vs_real,original,644000,645000,20588,0.037038129791954165,0.0013718230584856429,ok
v2e_vs_real,original,645000,646000,20798,0.037500401662219296,0.0014062801248277796,ok
v2e_vs_real,original,646000,647000,15648,0.03953410769195663,0.0015629456709992245,ok
v2e_vs_real,original,647000,648000,20756,0.03795574936634469,0.001440638909960775,ok
v2e_vs_real,original,648000,649000,20856,0.0381523568006077,0.0014556023294408766,ok
v2e_vs_real,original,649000,650000,21326,0.03844676117548944,0.001478153444885122,ok
v2e_vs_real,original,650000,651000,15983,0.04083877388713971,0.0016678054526049245,ok
v2e_vs_real,original,651000,652000,21060,0.03917051224819055,0.0015343290297856458,ok
v2e_vs_real,original,652000,653000,20729,0.03972139643369272,0.0015777893346425767,ok
v2e_vs_real,original,653000,654000,15376,0.04194480092252229,0.0017593663244300267,ok
v2e_vs_real,original,654000,655000,19890,0.040472379559558076,0.0016380135072129346,ok
v2e_vs_real,original,655000,656000,19784,0.04078058812563494,0.0016630563678726772,ok
v2e_vs_real,original,656000,657000,19407,0.04107527460471362,0.001687178183852632,ok
v2e_vs_real,original,657000,658000,15088,0.04312513665145413,0.001859777411206592,ok
v2e_vs_real,original,658000,659000,19990,0.0410748721886567,0.0016871451253144838,ok
v2e_vs_real,original,659000,660000,19702,0.041428705624748874,0.0017163376497420992,ok
v2e_vs_real,original,660000,661000,14534,0.04359800663023895,0.0019007861821303599,ok
v2e_vs_real,original,661000,662000,18778,0.04172771728479683,0.0017412023897999322,ok
v2e_vs_real,original,662000,663000,17992,0.042038503977450084,0.0017672358166620865,ok
v2e_vs_real,original,663000,664000,16942,0.04244941650582343,0.0018019529616848744,ok
v2e_vs_real,original,664000,665000,12203,0.0448233499494776,0.0020091327006933335,ok
v2e_vs_real,original,665000,666000,15341,0.04254276961364613,0.0018098872463997726,ok
v2e_vs_real,original,666000,667000,12716,0.04240211697058806,0.0017979395235874316,ok
v2e_vs_real,original,667000,668000,15917,0.04133177151850018,0.0017083153368575021,ok
v2e_vs_real,original,668000,669000,13059,0.042945977946198116,0.0018443570217553348,ok
v2e_vs_real,original,669000,670000,16437,0.04193577008477176,0.0017586088126028386,ok
v2e_vs_real,original,670000,671000,13563,0.04355593049034052,0.0018971190808793749,ok
v2e_vs_real,original,671000,672000,17273,0.042151248172128467,0.0017767277224683634,ok
v2e_vs_real,original,672000,673000,14225,0.043566227328725456,0.0018980161636581846,ok
v2e_vs_real,original,673000,674000,17885,0.0420081983426071,0.0017646887279918176,ok
v2e_vs_real,original,674000,675000,14670,0.04345417965521676,0.0018882657295078542,ok
v2e_vs_real,original,675000,676000,17934,0.04208527070043988,0.0017711700099293038,ok
v2e_vs_real,original,676000,677000,14662,0.04350328486511313,0.001892535794055181,ok
v2e_vs_real,original,677000,678000,18223,0.042102540682946145,0.001772623931959135,ok
v2e_vs_real,original,678000,679000,14954,0.04349344087767862,0.0018916793993801252,ok
v2e_vs_real,original,679000,680000,18358,0.042116234162360745,0.0017737771800188022,ok
v2e_vs_real,original,680000,681000,15069,0.04343847431243849,0.0018869010505923787,ok
v2e_vs_real,original,681000,682000,14761,0.04351235817185045,0.0018933253136754007,ok
v2e_vs_real,original,682000,683000,19090,0.04161272765899551,0.0017316191032217304,ok
v2e_vs_real,original,683000,684000,15289,0.042945870834388666,0.0018443478217239951,ok
v2e_vs_real,original,684000,685000,19101,0.04156842946529435,0.0017279343282111514,ok
v2e_vs_real,original,685000,686000,14910,0.043021706123820294,0.0018508671978043566,ok
v2e_vs_real,original,686000,687000,18309,0.04174664811027472,0.0017427826284431033,ok
v2e_vs_real,original,687000,688000,14533,0.04327132752131643,0.0018724077854570368,ok
v2e_vs_real,original,688000,689000,17743,0.0420150713537612,0.0017652662208616449,ok
v2e_vs_real,original,689000,690000,14233,0.04368456185013182,0.0019083409440379929,ok
v2e_vs_real,original,690000,691000,17450,0.04228989149723392,0.0017884349228478177,ok
v2e_vs_real,original,691000,692000,13974,0.043876984853060436,0.0019251897997956948,ok
v2e_vs_real,original,692000,693000,17147,0.04245299072507417,0.0018022564215032337,ok
v2e_vs_real,original,693000,694000,13413,0.04416053671898627,0.0019501530033089345,ok
v2e_vs_real,original,694000,695000,16234,0.04264808022149722,0.0018188587465792622,ok
v2e_vs_real,original,695000,696000,12449,0.04416320875887176,0.0019503890078796874,ok
v2e_vs_real,original,696000,697000,11978,0.04434923467863364,0.0019668546165805202,ok
v2e_vs_real,original,697000,698000,14245,0.042892523231407235,0.0018397685491568095,ok
v2e_vs_real,original,698000,699000,11009,0.04470935065803502,0.0019989260362631364,ok
v2e_vs_real,original,699000,700000,13710,0.042257231515609874,0.001785673615363852,ok
v2e_vs_real,original,700000,701000,10254,0.04388849616066484,0.0019262000952446926,ok
v2e_vs_real,original,701000,702000,11866,0.0428172110861225,0.0018333135651935712,ok
v2e_vs_real,original,702000,703000,8758,0.04462564911795768,0.0019914485591990775,ok
v2e_vs_real,original,703000,704000,10769,0.0434059641945612,0.0018840777276595288,ok
v2e_vs_real,original,704000,705000,8489,0.045384023294676855,0.0020597095704117715,ok
v2e_vs_real,original,705000,706000,10574,0.043886765873671685,0.0019260482188504736,ok
v2e_vs_real,original,706000,707000,8916,0.045477094186569915,0.002068166095654151,ok
v2e_vs_real,original,707000,708000,11620,0.04365199382767025,0.0019054965651309616,ok
v2e_vs_real,original,708000,709000,9581,0.04551454772869428,0.00207157405494759,ok
v2e_vs_real,original,709000,710000,12123,0.043779753987664254,0.0019166668592204043,ok
v2e_vs_real,original,710000,711000,10149,0.04527475219768926,0.0020498031865621687,ok
v2e_vs_real,original,711000,712000,12693,0.04355782039423322,0.0018972837174962792,ok
v2e_vs_real,original,712000,713000,10458,0.04515905628044938,0.0020393403641407945,ok
v2e_vs_real,original,713000,714000,10708,0.04487279918579452,0.002013568106768641,ok
v2e_vs_real,original,714000,715000,13324,0.043335584166923825,0.0018779728550885387,ok
v2e_vs_real,original,715000,716000,10858,0.04476177523468745,0.0020036165221606786,ok
v2e_vs_real,original,716000,717000,13797,0.04288364252166464,0.0018390067959259237,ok
v2e_vs_real,original,717000,718000,11170,0.044188581694323964,0.0019526307521559427,ok
v2e_vs_real,original,718000,719000,13827,0.042692032757067434,0.0018226096609305189,ok
v2e_vs_real,original,719000,720000,11193,0.044244330797044956,0.0019575608076783406,ok
v2e_vs_real,original,720000,721000,13917,0.04265092131837255,0.001819101089306006,ok
v2e_vs_real,original,721000,722000,11180,0.044239803032461965,0.001957160172351031,ok
v2e_vs_real,original,722000,723000,13735,0.04267401360973018,0.0018210714375634365,ok
v2e_vs_real,original,723000,724000,10977,0.04440792264469855,0.00197206359361753,ok
v2e_vs_real,original,724000,725000,13873,0.04286993229161983,0.001837831094688069,ok
v2e_vs_real,original,725000,726000,11216,0.044518398220442776,0.0019818877801139226,ok
v2e_vs_real,original,726000,727000,13554,0.04306841677978098,0.0018548885239169197,ok
v2e_vs_real,original,727000,728000,10983,0.044490321555345796,0.001979388712098067,ok
v2e_vs_real,original,728000,729000,10938,0.04433511396382558,0.001965602330185402,ok
v2e_vs_real,original,729000,730000,13748,0.0426679878696389,0.0018205571888436525,ok
v2e_vs_real,original,730000,731000,10737,0.044264735512442505,0.0019593668099864886,ok
v2e_vs_real,original,731000,732000,12887,0.042962949773387354,0.0018458150532306048,ok
v2e_vs_real,original,732000,733000,10549,0.04405541461019899,0.0019408795564765347,ok
v2e_vs_real,original,733000,734000,13817,0.04200426505024024,0.0017643582824108338,ok
v2e_vs_real,original,734000,735000,10891,0.04378008420568653,0.001916695773057003,ok
v2e_vs_real,original,735000,736000,13480,0.042669158636115076,0.001820657098713954,ok
v2e_vs_real,original,736000,737000,10701,0.04455529344060495,0.0019851741735784144,ok
v2e_vs_real,original,737000,738000,13710,0.04319189130655601,0.0018655394746373488,ok
v2e_vs_real,original,738000,739000,11206,0.044912175052637164,0.002017103467958724,ok
v2e_vs_real,original,739000,740000,14565,0.042850249009387525,0.0018361438401665168,ok
v2e_vs_real,original,740000,741000,11990,0.044461315920425196,0.001976808613375855,ok
v2e_vs_real,original,741000,742000,15640,0.04227104529228337,0.0017868412701022719,ok
v2e_vs_real,original,742000,743000,13147,0.04365952285185969,0.0019061539356520587,ok
v2e_vs_real,original,743000,744000,17108,0.041699493203349786,0.0017388477334162149,ok
v2e_vs_real,original,744000,745000,14699,0.04285926292735563,0.001836916418676201,ok
v2e_vs_real,original,745000,746000,18554,0.04102471548159417,0.0016830272803457522,ok
v2e_vs_real,original,746000,747000,15566,0.0420732943415151,0.001770162096747766,ok
v2e_vs_real,original,747000,748000,15488,0.041483334100244844,0.0017208670080725364,ok
v2e_vs_real,original,748000,749000,19668,0.03964136731564172,0.0015714380026536274,ok
v2e_vs_real,original,749000,750000,16191,0.04024454252101771,0.0016196232027260026,ok
v2e_vs_real,original,750000,751000,20593,0.038330845887606706,0.0014692537464594559,ok
v2e_vs_real,original,751000,752000,16454,0.038679445512305705,0.0014960995051394258,ok
v2e_vs_real,original,752000,753000,20364,0.03688678524675147,0.0013606349258399619,ok
v2e_vs_real,original,753000,754000,15798,0.037244984590893385,0.0013871888771758854,ok
v2e_vs_real,original,754000,755000,19588,0.03556566787287129,0.001264916731243389,ok
v2e_vs_real,original,755000,756000,15418,0.035641103894120764,0.0012702882867915103,ok
v2e_vs_real,original,756000,757000,19178,0.03380482741641679,0.0011427663566537243,ok
v2e_vs_real,original,757000,758000,15324,0.0335854729795208,0.001127983995258122,ok
v2e_vs_real,original,758000,759000,18887,0.03196910803255924,0.001022023868397444,ok
v2e_vs_real,original,759000,760000,15186,0.031835628004279325,0.0010135072104268542,ok
v2e_vs_real,original,760000,761000,18488,0.030740130215787687,0.0009449556056835831,ok
v2e_vs_real,original,761000,762000,15018,0.03117606883523574,0.0009719472680193571,ok
v2e_vs_real,original,762000,763000,18711,0.030613998294614392,0.0009372168915826529,ok
v2e_vs_real,original,763000,764000,14944,0.03154455738708493,0.0009950591007470942,ok
v2e_vs_real,original,764000,765000,14441,0.0317769521468617,0.0010097746877439386,ok
v2e_vs_real,original,765000,766000,17781,0.032053762933434725,0.001027443718192834,ok
v2e_vs_real,original,766000,767000,14967,0.03326645727240021,0.001106657179456429,ok
v2e_vs_real,original,767000,768000,17886,0.03422827901079501,0.0011715750840408303,ok
v2e_vs_real,original,768000,769000,13551,0.03659076306184935,0.0013388839414483988,ok
v2e_vs_real,original,769000,770000,16587,0.036921527337127176,0.0013631991809062295,ok
v2e_vs_real,original,770000,771000,13174,0.03937426129354101,0.001550332452412042,ok
v2e_vs_real,original,771000,772000,16391,0.039365002648443705,0.0015496034335119799,ok
v2e_vs_real,original,772000,773000,13481,0.041538204226736514,0.0017254224103820709,ok
v2e_vs_real,original,773000,774000,16705,0.04097059276024491,0.0016785894711258324,ok
v2e_vs_real,original,774000,775000,13866,0.042767974726512704,0.0018290996622076297,ok
v2e_vs_real,original,775000,776000,17663,0.04153494724479709,0.001725151842628077,ok
v2e_vs_real,original,776000,777000,14277,0.04331041556441434,0.0018757920963622637,ok
v2e_vs_real,original,777000,778000,17928,0.04196188466924727,0.001760799764995209,ok
v2e_vs_real,original,778000,779000,14503,0.043529468750336676,0.0018948146496865375,ok
v2e_vs_real,original,779000,780000,14589,0.0435389606575277,0.0018956410951377451,ok
v2e_vs_real,original,780000,781000,18732,0.04207237041095442,0.0017700843519965533,ok
v2e_vs_real,original,781000,782000,15158,0.04351218293196602,0.0018933100635048752,ok
v2e_vs_real,original,782000,783000,19387,0.04187548337455955,0.0017535561078530128,ok
v2e_vs_real,original,783000,784000,15704,0.04328703118009793,0.0018737670683867708,ok
v2e_vs_real,original,784000,785000,19665,0.04191510769960069,0.0017568762534691251,ok
v2e_vs_real,original,785000,786000,15816,0.043321921565370375,0.0018767888881161027,ok
v2e_vs_real,original,786000,787000,20083,0.04191300618385764,0.001756700087368089,ok
v2e_vs_real,original,787000,788000,16124,0.043412537946478987,0.0018846484509544782,ok
v2e_vs_real,original,788000,789000,20144,0.041961620216690435,0.0017607775712097631,ok
v2e_vs_real,original,789000,790000,16175,0.04333402238235433,0.0018778374958343862,ok
v2e_vs_real,original,790000,791000,19655,0.042148226198775146,0.0017764729717031156,ok
v2e_vs_real,original,791000,792000,15637,0.04341822288610771,0.0018851420785877273,ok
v2e_vs_real,original,792000,793000,18860,0.04220229415377614,0.0017810336318418477,ok
v2e_vs_real,original,793000,794000,14805,0.04365771192266374,0.0019059958103222953,ok
v2e_vs_real,original,794000,795000,17952,0.0423022980367963,0.0017894844191939398,ok
v2e_vs_real,original,795000,796000,14061,0.043865844543680345,0.0019242123175303306,ok
v2e_vs_real,original,796000,797000,13661,0.044139794674286005,0.0019483214738881273,ok
v2e_vs_real,original,797000,798000,16648,0.04276168631880354,0.0018285618168277498,ok
v2e_vs_real,original,798000,799000,12534,0.04458030328867439,0.001987403441310193,ok
v2e_vs_real,original,799000,800000,18329,0.04192541455223408,0.0017577403853766813,ok
v2e_vs_real,original,800000,801000,14908,0.04382137317462351,0.001920312746909613,ok
v2e_vs_real,original,801000,802000,14103,0.04411353151750667,0.0019460036629460541,ok
v2e_vs_real,original,802000,803000,13304,0.04409423681498303,0.0019443017202958048,ok
v2e_vs_real,original,803000,804000,13297,0.04509250841507478,0.0020333343151635905,ok
v2e_vs_real,original,804000,805000,13633,0.045166687633045384,0.0020400296717410947,ok
v2e_vs_real,original,805000,806000,13586,0.04527947067845732,0.002050230464921276,ok
v2e_vs_real,original,806000,807000,12875,0.04525342401889894,0.0020478723854342597,ok
v2e_vs_real,original,807000,808000,13247,0.0442951500307134,0.0019620603162434098,ok
v2e_vs_real,original,808000,809000,14707,0.044512193328083,0.001981335354876636,ok
v2e_vs_real,original,809000,810000,14847,0.04436046062468215,0.0019678504668339753,ok
v2e_vs_real,original,810000,811000,14915,0.04419055532426542,0.0019528051798669626,ok
v2e_vs_real,original,811000,812000,14850,0.044262720383089475,0.0019591884157115647,ok
v2e_vs_real,original,812000,813000,11438,0.04652222203189663,0.0021643171427850882,ok
v2e_vs_real,original,813000,814000,14966,0.04456892044484523,0.0019863886696189427,ok
v2e_vs_real,original,814000,815000,14984,0.04450417187250302,0.001980621314057289,ok
v2e_vs_real,original,815000,816000,15125,0.04437190459065472,0.001968865917002166,ok
v2e_vs_real,original,816000,817000,15036,0.04444642108422144,0.0019754843471959244,ok
v2e_vs_real,original,817000,818000,15019,0.044518304198366124,0.001981879408698263,ok
v2e_vs_real,original,818000,819000,14934,0.04459796731005021,0.0019889786881883073,ok
v2e_vs_real,original,819000,820000,14794,0.04467350085007851,0.0019957216782019653,ok
v2e_vs_real,original,820000,821000,14769,0.044921879325927845,0.0020179752421732233,ok
v2e_vs_real,original,821000,822000,14736,0.045218716665810205,0.0020447323369028217,ok
v2e_vs_real,original,822000,823000,14889,0.04532952745355053,0.002054766059162191,ok
v2e_vs_real,original,823000,824000,13116,0.04480454782600564,0.0020074475058928266,ok
v2e_vs_real,original,824000,825000,14020,0.04490605173244757,0.0020165534821972573,ok
v2e_vs_real,original,825000,826000,14372,0.0453588158252277,0.002057422173066927,ok
v2e_vs_real,original,826000,827000,14657,0.045953090107979974,0.002111686490472127,ok
v2e_vs_real,original,827000,828000,14001,0.04598176456903717,0.0021143226728823623,ok
v2e_vs_real,original,828000,829000,13569,0.04606199590337121,0.002121707466602186,ok
v2e_vs_real,original,829000,830000,13102,0.04603273318051937,0.002119012524068889,ok
v2e_vs_real,original,830000,831000,12613,0.04611855411703856,0.0021269210338462144,ok
v2e_vs_real,original,831000,832000,12071,0.046209397558074856,0.0021353084226802144,ok
v2e_vs_real,original,832000,833000,12290,0.04546323748453121,0.0020669059625748835,ok
v2e_vs_real,original,833000,834000,12481,0.044787124153211365,0.002005886489915169,ok
v2e_vs_real,original,834000,835000,11864,0.045087065233433726,0.002032843451363908,ok
v2e_vs_real,original,835000,836000,11676,0.0452625633500638,0.0020486996410185388,ok
v2e_vs_real,original,836000,837000,11469,0.04559914785015029,0.002079282284659866,ok
v2e_vs_real,original,837000,838000,11539,0.04563323663291189,0.002082392285595332,ok
v2e_vs_real,original,838000,839000,10858,0.04576161650359596,0.0020941255450221863,ok
v2e_vs_real,original,839000,840000,11391,0.04664053100978359,0.0021753391328745847,ok
v2e_vs_real,original,840000,841000,11319,0.04641794906026581,0.0021546259949614317,ok
v2e_vs_real,original,841000,842000,11091,0.04648043485600724,0.002160430824403533,ok
v2e_vs_real,original,842000,843000,11146,0.046314305032896755,0.0021450148506802057,ok
v2e_vs_real,original,843000,844000,11357,0.045826387015197374,0.0021000577468666503,ok
v2e_vs_real,original,844000,845000,11210,0.04585978760838943,0.0021031201194865886,ok
v2e_vs_real,original,845000,846000,10998,0.04587012914015221,0.002104068747334241,ok
v2e_vs_real,original,846000,847000,10884,0.046317946653676334,0.0021453521822128066,ok
v2e_vs_real,original,847000,848000,11256,0.046481151036832355,0.0021604974017088215,ok
v2e_vs_real,original,848000,849000,11775,0.04595601286932424,0.0021119551188454955,ok
v2e_vs_real,original,849000,850000,11766,0.04542672652557392,0.0020635874828292813,ok
v2e_vs_real,original,850000,851000,12295,0.045959561715194094,0.0021122813130527345,ok
v2e_vs_real,original,851000,852000,12155,0.04562580669448075,0.0020817142365221245,ok
v2e_vs_real,original,852000,853000,12512,0.04570275255690518,0.002088741591277703,ok
v2e_vs_real,original,853000,854000,11528,0.04467195307998782,0.0019955833919806337,ok
v2e_vs_real,original,854000,855000,12317,0.04554982254468879,0.002074786333852639,ok
v2e_vs_real,original,855000,856000,12279,0.04525322743017301,0.002047854592846963,ok
v2e_vs_real,original,856000,857000,12574,0.04587785717343271,0.002104777778825891,ok
v2e_vs_real,original,857000,858000,12552,0.04550521116618196,0.0020707242432788115,ok
v2e_vs_real,original,858000,859000,12213,0.045443480124461484,0.002065109885822326,ok
v2e_vs_real,original,859000,860000,11959,0.045501628282915554,0.0020703981763966206,ok
v2e_vs_real,original,860000,861000,11902,0.04540118855675213,0.002061267922365761,ok
v2e_vs_real,original,861000,862000,11765,0.045412779618872655,0.0020623205527122955,ok
v2e_vs_real,original,862000,863000,11908,0.04532016361290097,0.002053917229900113,ok
v2e_vs_real,original,863000,864000,11763,0.04528267934794444,0.0020505210489287543,ok
v2e_vs_real,original,864000,865000,11460,0.04553786380049643,0.002073697039512563,ok
v2e_vs_real,original,865000,866000,11633,0.04501484576757917,0.0020263363394789407,ok
v2e_vs_real,original,866000,867000,12957,0.04318013969782963,0.0018645244643240822,ok
v2e_vs_real,original,867000,868000,13246,0.04278845469218494,0.0018308518549451634,ok
v2e_vs_real,original,868000,869000,13502,0.0435069988753228,0.0018928589511373395,ok
v2e_vs_real,original,869000,870000,13660,0.043345539474132784,0.0018788357923036035,ok
v2e_vs_real,original,870000,871000,13208,0.04319581417007434,0.0018658783618155956,ok
v2e_vs_real,original,871000,872000,13998,0.042967038609453695,0.0018461664068662846,ok
v2e_vs_real,original,872000,873000,14232,0.04226184094560024,0.0017860632001112128,ok
v2e_vs_real,original,873000,874000,14348,0.04208495146490312,0.0017711431398032512,ok
v2e_vs_real,original,874000,875000,14394,0.04142184033319047,0.001715768856588325,ok
v2e_vs_real,original,875000,876000,15370,0.04108910586562538,0.0016883146208365699,ok
v2e_vs_real,original,876000,877000,15881,0.04009839066283811,0.0016078809337495823,ok
v2e_vs_real,original,877000,878000,16268,0.03921416915896504,0.0015377510628279251,ok
v2e_vs_real,original,878000,879000,16821,0.03833620494539199,0.0014696646096150976,ok
v2e_vs_real,original,879000,880000,17248,0.037570614829962094,0.0014115510987013679,ok
v2e_vs_real,original,880000,881000,17842,0.03677911226056427,0.0013527030986751887,ok
v2e_vs_real,original,881000,882000,18825,0.03598437907521573,0.0012948755374288241,ok
v2e_vs_real,original,882000,883000,19710,0.03538799755932072,0.0012523103712584894,ok
v2e_vs_real,original,883000,884000,19220,0.03533353708426669,0.0012484588428852495,ok
v2e_vs_real,original,884000,885000,20229,0.03505412204668015,0.0012287914724635474,ok
v2e_vs_real,original,885000,886000,20250,0.034859298736933,0.0012151707084307386,ok
v2e_vs_real,original,886000,887000,20193,0.03487895077032474,0.001216541206838737,ok
v2e_vs_real,original,887000,888000,20272,0.035167918917931085,0.0012367825210181753,ok
v2e_vs_real,original,888000,889000,20342,0.03542808884037871,0.0012551494788817664,ok
v2e_vs_real,original,889000,890000,20308,0.03595746355855429,0.0012929391855647596,ok
v2e_vs_real,original,890000,891000,20590,0.036127542732153746,0.001305199343863595,ok
v2e_vs_real,original,891000,892000,20779,0.03595146198697038,0.0012925076190005759,ok
v2e_vs_real,original,892000,893000,20840,0.03597134231975211,0.0012939374682847892,ok
v2e_vs_real,original,893000,894000,21149,0.03617624562760825,0.001308720747709045,ok
v2e_vs_real,original,894000,895000,21044,0.03634515224633334,0.0013209700918091496,ok
v2e_vs_real,original,895000,896000,21086,0.03651652679802858,0.0013334567293911393,ok
v2e_vs_real,original,896000,897000,20799,0.0368073636516023,0.0013547820189812943,ok
v2e_vs_real,original,897000,898000,19962,0.0375676645330855,0.0014113294184704501,ok
v2e_vs_real,original,898000,899000,19179,0.0381038587316077,0.0014519040502383167,ok
v2e_vs_real,original,899000,900000,19896,0.03780753595164085,0.0014294097747346154,ok
v2e_vs_real,original,900000,901000,19009,0.03870620374137154,0.0014981702080685642,ok
v2e_vs_real,original,901000,902000,18495,0.039609963991156426,0.0015689492473807088,ok
v2e_vs_real,original,902000,903000,18184,0.04038673250815754,0.001631088162685469,ok
v2e_vs_real,original,903000,904000,17796,0.0410681382985096,0.001686591983305511,ok
v2e_vs_real,original,904000,905000,17594,0.041485704452267215,0.0017210636739008636,ok
v2e_vs_real,original,905000,906000,17392,0.04204349099689347,0.0017676551352058625,ok
v2e_vs_real,original,906000,907000,17335,0.042442050933840084,0.0018013276874706758,ok
v2e_vs_real,original,907000,908000,17407,0.04275380347857517,0.0018278877118846266,ok
v2e_vs_real,original,908000,909000,17663,0.04292221503361271,0.0018423165433916892,ok
v2e_vs_real,original,909000,910000,17492,0.04314573933815015,0.001861554823035597,ok
v2e_vs_real,original,910000,911000,17595,0.04313383051963842,0.0018605273352968908,ok
v2e_vs_real,original,911000,912000,13150,0.04526859672088917,0.002049245849078498,ok
v2e_vs_real,original,912000,913000,17620,0.04313219406526361,0.0018603861648835613,ok
v2e_vs_real,original,913000,914000,17617,0.04316339361540657,0.0018630785483985204,ok
v2e_vs_real,original,914000,915000,17631,0.04324090042630572,0.0018697754696776858,ok
v2e_vs_real,original,915000,916000,17626,0.04302633616890178,0.0018512656041193452,ok
v2e_vs_real,original,916000,917000,17766,0.04280338292654996,0.001832129589956869,ok
v2e_vs_real,original,917000,918000,16942,0.04273714565828359,0.0018264636190173482,ok
v2e_vs_real,original,918000,919000,17139,0.043371088401272,0.0018810513091109503,ok
v2e_vs_real,original,919000,920000,16892,0.043456490391192246,0.001888466557119784,ok
v2e_vs_real,original,920000,921000,16702,0.04366356921428965,0.0019065072765310626,ok
v2e_vs_real,original,921000,922000,16643,0.04370146160636606,0.0019098177465326866,ok
v2e_vs_real,original,922000,923000,16839,0.043655796431220466,0.0019058285620441615,ok
v2e_vs_real,original,923000,924000,16805,0.04385048768290318,0.0019228652700284431,ok
v2e_vs_real,original,924000,925000,17214,0.04369358581102404,0.0019091294410253212,ok
v2e_vs_real,original,925000,926000,17369,0.04368149593117064,0.0019080730867848772,ok
v2e_vs_real,original,926000,927000,17084,0.0437004888074067,0.001909732722006278,ok
v2e_vs_real,original,927000,928000,16682,0.04377080738620466,0.0019158835792402284,ok
v2e_vs_real,original,928000,929000,16097,0.043788527445177465,0.0019174351358170602,ok
v2e_vs_real,original,929000,930000,15443,0.04381248077231413,0.0019195334714243954,ok
v2e_vs_real,original,930000,931000,14741,0.043877573455191415,0.0019252414523157186,ok
v2e_vs_real,original,931000,932000,13805,0.04402387257995127,0.0019381013569357854,ok
v2e_vs_real,original,932000,933000,13726,0.043404622857706465,0.0018839612854197345,ok
v2e_vs_real,original,933000,934000,13699,0.04281211071119264,0.0018328768235474156,ok
v2e_vs_real,original,934000,935000,13697,0.04341309576125323,0.0018846968835757435,ok
v2e_vs_real,original,935000,936000,13253,0.04415548876499738,0.0019497071880758097,ok
v2e_vs_real,original,936000,937000,9922,0.04694537357565041,0.0022038681001573753,ok
v2e_vs_real,original,937000,938000,12984,0.044786504362722766,0.0020058309730321853,ok
v2e_vs_real,original,938000,939000,13435,0.04443158797552073,0.0019741660100264383,ok
v2e_vs_real,original,939000,940000,13525,0.044211717975144636,0.001954676006313727,ok
v2e_vs_real,original,940000,941000,13343,0.04423567921432859,0.0019567953155529825,ok
v2e_vs_real,original,941000,942000,13032,0.04451184266482157,0.00198130413741783,ok
v2e_vs_real,original,942000,943000,10019,0.04678561789115701,0.002188894041457351,ok
v2e_vs_real,original,943000,944000,13224,0.04436784736262234,0.0019685058795929538,ok
v2e_vs_real,original,944000,945000,12821,0.04454363416189229,0.001984135344348498,ok
v2e_vs_real,original,945000,946000,12606,0.04469840590509858,0.001997947490456952,ok
v2e_vs_real,original,946000,947000,13166,0.044319544230232794,0.001964222000775561,ok
v2e_vs_real,original,947000,948000,9680,0.04714375555261966,0.0022225336876051573,ok
v2e_vs_real,original,948000,949000,13236,0.04437964064347292,0.0019695525036437936,ok
v2e_vs_real,original,949000,950000,13300,0.044161418390860525,0.0019502308742926344,ok
v2e_vs_real,original,950000,951000,13267,0.0440712325296731,0.0019422735366845165,ok
v2e_vs_real,original,951000,952000,12918,0.04422943852488055,0.001956243232226188,ok
v2e_vs_real,original,952000,953000,9638,0.04666140129377735,0.002177286370698926,ok
v2e_vs_real,original,953000,954000,12661,0.044294852018309,0.0019620339153238932,ok
v2e_vs_real,original,954000,955000,12249,0.04464264256038814,0.001992965534774579,ok
v2e_vs_real,original,955000,956000,11921,0.0447922942477712,0.002006349623978917,ok
v2e_vs_real,original,956000,957000,11923,0.04462413277007061,0.0019913132254808894,ok
v2e_vs_real,original,957000,958000,9010,0.04748714023500701,0.002255028487699222,ok
v2e_vs_real,original,958000,959000,12329,0.044807025387608244,0.0020076695240857697,ok
v2e_vs_real,original,959000,960000,12213,0.04493915144347043,0.0020195273324591706,ok
v2e_vs_real,original,960000,961000,12032,0.04499490260444219,0.0020245412603832383,ok
v2e_vs_real,original,961000,962000,12203,0.044671705557584804,0.0019955612774235527,ok
v2e_vs_real,original,962000,963000,11961,0.04476728645231546,0.0020041099363036674,ok
v2e_vs_real,original,963000,964000,8934,0.047228909590686506,0.00223056990112524,ok
v2e_vs_real,original,964000,965000,11850,0.04443587817017113,0.0019745472687542915,ok
v2e_vs_real,original,965000,966000,11829,0.04426247095889338,0.0019591663353868798,ok
v2e_vs_real,original,966000,967000,11936,0.043316995293153936,0.0018763620812271202,ok
v2e_vs_real,original,967000,968000,11024,0.04392334393218753,0.0019292601421852355,ok
v2e_vs_real,original,968000,969000,7822,0.04747514149706568,0.0022538890601664077,ok
v2e_vs_real,original,969000,970000,10245,0.04569514801908121,0.0020880465524857413,ok
v2e_vs_real,original,970000,971000,10726,0.04615767967427147,0.0021305313929126535,ok
v2e_vs_real,original,971000,972000,11246,0.04637426059477329,0.0021505720457119424,ok
v2e_vs_real,original,972000,973000,12191,0.046124647095700966,0.0021274830697029555,ok
v2e_vs_real,original,973000,974000,9847,0.04910365357212074,0.0024111687941308457,ok
v2e_vs_real,original,974000,975000,13966,0.04587576264900845,0.002104585598628159,ok
v2e_vs_real,original,975000,976000,14610,0.04591413535017674,0.002108107824954349,ok
v2e_vs_real,original,976000,977000,15678,0.04560559208892892,0.002079870029781776,ok
v2e_vs_real,original,977000,978000,16190,0.045412868387467664,0.0020623286151774597,ok
v2e_vs_real,original,978000,979000,16539,0.04521617216133882,0.002044502224923832,ok
v2e_vs_real,original,979000,980000,12451,0.04781760914616891,0.0022865237444557765,ok
v2e_vs_real,original,980000,981000,16790,0.044880945024103606,0.00201429922625661,ok
v2e_vs_real,original,981000,982000,16808,0.04474152647540264,0.002001804191349155,ok
v2e_vs_real,original,982000,983000,16755,0.044388426366916645,0.0019703323953311805,ok
v2e_vs_real,original,983000,984000,16761,0.044022235753749514,0.001937957240758702,ok
v2e_vs_real,original,984000,985000,12303,0.0462815383906602,0.0021419807958061544,ok
v2e_vs_real,original,985000,986000,16700,0.04360016354914795,0.001900974261512449,ok
v2e_vs_real,original,986000,987000,16556,0.04357531442845549,0.0018988080275387615,ok
v2e_vs_real,original,987000,988000,16650,0.04350220828344082,0.001892442125535867,ok
v2e_vs_real,original,988000,989000,16733,0.04359648532340473,0.001900653532553844,ok
v2e_vs_real,original,989000,990000,12261,0.04626004312430201,0.0021399915898622814,ok
v2e_vs_real,original,990000,991000,16378,0.04387224290304019,0.0019247736973433604,ok
v2e_vs_real,original,991000,992000,16544,0.043763748286623695,0.0019152656640949587,ok
v2e_vs_real,original,992000,993000,16513,0.04375412411009138,0.00191442337664128,ok
v2e_vs_real,original,993000,994000,16461,0.04368691725364713,0.0019085467391270114,ok
v2e_vs_real,original,994000,995000,12179,0.046074971454674235,0.0021229029945490454,ok
v2e_vs_real,original,995000,996000,15877,0.043669331858349376,0.0019070105449546476,ok
v2e_vs_real,original,996000,997000,15771,0.043490803342399395,0.0018914499753672584,ok
v2e_vs_real,original,997000,998000,15088,0.0435864081835962,0.0018997749783470621,ok
v2e_vs_real,original,998000,999000,14454,0.043706370465289815,0.0019102468192491579,ok
v2e_vs_real,original,999000,1000000,16380,0.04215138636317912,0.0017767393723380027,ok
v2e_vs_real,original,1000000,1001000,12076,0.043639046556717326,0.0019043663843793424,ok
v2e_vs_real,original,1001000,1002000,15728,0.041213347418018714,0.00169854000539831,ok
v2e_vs_real,original,1002000,1003000,15632,0.04077395419158732,0.001662515340417661,ok
v2e_vs_real,original,1003000,1004000,15516,0.04009546663313137,0.0016076464445285508,ok
v2e_vs_real,original,1004000,1005000,15747,0.039152162142052936,0.0015328918003976032,ok
v2e_vs_real,original,1005000,1006000,11961,0.039539465455364214,0.0015633693284959399,ok
v2e_vs_real,original,1006000,1007000,16252,0.0355138412690169,0.0012612329216809283,ok
v2e_vs_real,original,1007000,1008000,16695,0.03296624991568257,0.0010867736335032408,ok
v2e_vs_real,original,1008000,1009000,17071,0.031120079542558077,0.0009684593507351417,ok
v2e_vs_real,original,1009000,1010000,17028,0.030400950009181592,0.0009242177614607583,ok
v2e_vs_real,original,1010000,1011000,12766,0.03107065105946621,0.0009653853572591088,ok
v2e_vs_real,original,1011000,1012000,17345,0.029018872368602348,0.0008420949535452328,ok
v2e_vs_real,original,1012000,1013000,17502,0.028184587734361926,0.0007943709857559447,ok
v2e_vs_real,original,1013000,1014000,17967,0.02878343150679924,0.0008284859293066031,ok
v2e_vs_real,original,1014000,1015000,17818,0.030275821492251883,0.0009166253670307011,ok
