comparison_set,variant,window_start,window_end,n_events,distance,distance_squared,status
real_vs_real,original,16000,17000,4808,4.666812626656207,,ok
real_vs_real,original,17000,18000,4741,5.895414024767768,,ok
real_vs_real,original,18000,19000,4794,7.453760342909438,,ok
real_vs_real,original,19000,20000,4917,9.541522407507674,,ok
real_vs_real,original,20000,21000,4805,9.25393173285131,,ok
real_vs_real,original,21000,22000,4786,10.71368487401382,,ok
real_vs_real,original,22000,23000,4892,10.568342528660082,,ok
real_vs_real,original,23000,24000,5022,12.118940719421476,,ok
real_vs_real,original,24000,25000,5033,14.503275288576017,,ok
real_vs_real,original,25000,26000,5024,15.041830618003537,,ok
real_vs_real,original,26000,27000,5119,16.08635618883458,,ok
real_vs_real,original,27000,28000,4953,17.609204081715934,,ok
real_vs_real,original,28000,29000,4956,17.352179891930174,,ok
real_vs_real,original,29000,30000,5025,17.533162972627846,,ok
real_vs_real,original,30000,31000,4940,17.672855424212273,,ok
real_vs_real,original,31000,32000,5117,19.769470774868513,,ok
real_vs_real,original,32000,33000,4969,20.45407338435799,,ok
real_vs_real,original,33000,34000,5009,20.322503601614194,,ok
real_vs_real,original,34000,35000,4969,22.542661798999376,,ok
real_vs_real,original,35000,36000,5008,23.42794811082005,,ok
real_vs_real,original,36000,37000,4896,24.725257145516924,,ok
real_vs_real,original,37000,38000,4887,24.578057387248034,,ok
real_vs_real,original,38000,39000,4904,26.23429654539521,,ok
real_vs_real,original,39000,40000,4840,27.272811689986458,,ok
real_vs_real,original,40000,41000,4773,26.990582576115237,,ok
real_vs_real,original,41000,42000,4866,28.32609233357208,,ok
real_vs_real,original,42000,43000,4828,29.87756189189488,,ok
real_vs_real,original,43000,44000,4837,30.002649148165773,,ok
real_vs_real,original,44000,45000,4798,31.987943445015098,,ok
real_vs_real,original,45000,46000,4591,33.06096255300791,,ok
real_vs_real,original,46000,47000,4649,31.75951234464713,,ok
real_vs_real,original,47000,48000,4708,33.31836236655882,,ok
real_vs_real,original,48000,49000,4679,33.84745674297078,,ok
real_vs_real,original,49000,50000,4694,34.96035669420185,,ok
real_vs_real,original,50000,51000,4734,34.432874556382224,,ok
real_vs_real,original,51000,52000,4671,36.32164617235106,,ok
real_vs_real,original,52000,53000,4528,36.618959021085715,,ok
real_vs_real,original,53000,54000,4499,36.828034843841614,,ok
real_vs_real,original,54000,55000,4467,37.964031067067616,,ok
real_vs_real,original,55000,56000,4426,38.657810199182855,,ok
real_vs_real,original,56000,57000,4419,39.44525100081845,,ok
real_vs_real,original,57000,58000,4526,39.72373027404794,,ok
real_vs_real,original,58000,59000,4468,39.84455987335087,,ok
real_vs_real,original,59000,60000,4409,40.749033248294836,,ok
real_vs_real,original,60000,61000,4387,41.33772559006184,,ok
real_vs_real,original,61000,62000,4293,41.69303092966747,,ok
real_vs_real,original,62000,63000,4253,42.76261428983162,,ok
real_vs_real,original,63000,64000,4223,42.12844208550994,,ok
real_vs_real,original,64000,65000,4192,43.23118953156421,,ok
real_vs_real,original,65000,66000,4326,42.66132811844698,,ok
real_vs_real,original,66000,67000,4376,42.22274663648286,,ok
real_vs_real,original,67000,68000,4407,42.97045752317213,,ok
real_vs_real,original,68000,69000,4364,42.51948816608612,,ok
real_vs_real,original,69000,70000,4328,42.52239430753942,,ok
real_vs_real,original,70000,71000,4307,42.20773599845112,,ok
real_vs_real,original,71000,72000,4258,42.44938759805049,,ok
real_vs_real,original,72000,73000,4250,43.245163231968924,,ok
real_vs_real,original,73000,74000,4254,42.51093127071628,,ok
real_vs_real,original,74000,75000,4354,41.9208027393269,,ok
real_vs_real,original,75000,76000,4337,42.742394490822974,,ok
real_vs_real,original,76000,77000,4384,41.62705238815197,,ok
real_vs_real,original,77000,78000,4375,41.95302371134134,,ok
real_vs_real,original,78000,79000,4297,42.24143282930954,,ok
real_vs_real,original,79000,80000,4199,41.65543410141875,,ok
real_vs_real,original,80000,81000,4306,41.90951485326656,,ok
real_vs_real,original,81000,82000,4290,42.272923545096965,,ok
real_vs_real,original,82000,83000,4317,41.76460958690024,,ok
real_vs_real,original,83000,84000,4289,41.60972172358541,,ok
real_vs_real,original,84000,85000,4339,42.2941752718924,,ok
real_vs_real,original,85000,86000,4484,41.29789310348881,,ok
real_vs_real,original,86000,87000,4214,41.655948966253575,,ok
real_vs_real,original,87000,88000,4207,42.136736525896815,,ok
real_vs_real,original,88000,89000,4348,41.56933507760634,,ok
real_vs_real,original,89000,90000,4188,42.13699361509259,,ok
real_vs_real,original,90000,91000,4261,42.34467482920497,,ok
real_vs_real,original,91000,92000,4399,41.55940971995351,,ok
real_vs_real,original,92000,93000,4245,43.53268544608413,,ok
real_vs_real,original,93000,94000,4315,42.740927684166536,,ok
real_vs_real,original,94000,95000,4178,43.96216569092314,,ok
real_vs_real,original,95000,96000,3956,44.862344476077546,,ok
real_vs_real,original,96000,97000,4014,44.47946583541551,,ok
real_vs_real,original,97000,98000,3949,45.12510650493268,,ok
real_vs_real,original,98000,99000,3988,45.56804738480062,,ok
real_vs_real,original,99000,100000,4067,46.36787209244727,,ok
real_vs_real,original,100000,101000,3982,46.342659548700524,,ok
real_vs_real,original,101000,102000,4093,46.083283309997704,,ok
real_vs_real,original,102000,103000,4048,44.4619880295511,,ok
real_vs_real,original,103000,104000,3890,45.88852222168795,,ok
real_vs_real,original,104000,105000,3937,45.26561403143456,,ok
real_vs_real,original,105000,106000,3933,44.48379057516336,,ok
real_vs_real,original,106000,107000,3791,47.91320624281334,,ok
real_vs_real,original,107000,108000,3947,47.604217202489465,,ok
real_vs_real,original,108000,109000,3843,47.16804607674694,,ok
real_vs_real,original,109000,110000,3848,48.43236982705987,,ok
real_vs_real,original,110000,111000,3929,46.22085167712284,,ok
real_vs_real,original,111000,112000,3776,46.194734941244604,,ok
real_vs_real,original,112000,113000,3575,49.59581622992315,,ok
real_vs_real,original,113000,114000,3604,49.96988331529407,,ok
real_vs_real,original,114000,115000,3513,50.84488282305973,,ok
real_vs_real,original,115000,116000,3470,52.624909333773694,,ok
real_vs_real,original,116000,117000,3577,49.21071170126232,,ok
real_vs_real,original,117000,118000,3447,50.635935370974984,,ok
real_vs_real,original,118000,119000,3491,49.300080988389986,,ok
real_vs_real,original,119000,120000,3456,47.605656437146514,,ok
real_vs_real,original,120000,121000,3299,50.86220748232051,,ok
real_vs_real,original,121000,122000,3184,50.634167677792426,,ok
real_vs_real,original,122000,123000,3049,53.14191028353663,,ok
real_vs_real,original,123000,124000,2896,53.5254863078501,,ok
real_vs_real,original,124000,125000,2959,50.14972347155675,,ok
real_vs_real,original,125000,126000,2801,48.90497672847202,,ok
real_vs_real,original,126000,127000,2673,48.69972849510658,,ok
real_vs_real,original,127000,128000,2701,45.14917929843532,,ok
real_vs_real,original,128000,129000,2416,52.36269444405144,,ok
real_vs_real,original,129000,130000,2279,53.07677681103965,,ok
real_vs_real,original,130000,131000,2110,55.24234017704853,,ok
real_vs_real,original,131000,132000,2160,57.74773833644428,,ok
real_vs_real,original,132000,133000,2133,56.033927687847154,,ok
real_vs_real,original,133000,134000,2291,52.71512869122253,,ok
real_vs_real,original,134000,135000,2148,53.31666636947528,,ok
real_vs_real,original,135000,136000,2417,46.72669119481356,,ok
real_vs_real,original,136000,137000,2301,51.64846135388849,,ok
real_vs_real,original,137000,138000,2098,53.59098494355732,,ok
real_vs_real,original,138000,139000,2338,51.75258916833994,,ok
real_vs_real,original,139000,140000,2280,56.323373776959706,,ok
real_vs_real,original,140000,141000,2157,54.90025193727654,,ok
real_vs_real,original,141000,142000,2270,51.11190888610901,,ok
real_vs_real,original,142000,143000,2222,53.011377860702474,,ok
real_vs_real,original,143000,144000,2355,47.44025365946331,,ok
real_vs_real,original,144000,145000,2303,46.93765708981263,,ok
real_vs_real,original,145000,146000,2274,55.011221726254426,,ok
real_vs_real,original,146000,147000,2239,52.64374486513493,,ok
real_vs_real,original,147000,148000,2283,53.79403773189762,,ok
real_vs_real,original,148000,149000,2142,55.719554559566156,,ok
real_vs_real,original,149000,150000,2096,53.68865312283097,,ok
real_vs_real,original,150000,151000,2180,52.13504412866798,,ok
real_vs_real,original,151000,152000,2314,46.502826426481576,,ok
real_vs_real,original,152000,153000,2676,39.98433986753896,,ok
real_vs_real,original,153000,154000,2871,41.86207763431036,,ok
real_vs_real,original,154000,155000,3151,39.15277636156287,,ok
real_vs_real,original,155000,156000,3285,37.67653784294409,,ok
real_vs_real,original,156000,157000,3508,36.9462486324498,,ok
real_vs_real,original,157000,158000,3650,36.13247108864552,,ok
real_vs_real,original,158000,159000,3695,34.54645552748735,,ok
real_vs_real,original,159000,160000,3739,33.20101948401184,,ok
real_vs_real,original,160000,161000,4024,31.68351743257897,,ok
real_vs_real,original,161000,162000,3901,31.898928417443987,,ok
real_vs_real,original,162000,163000,3812,32.570909358091214,,ok
real_vs_real,original,163000,164000,3928,32.183024565962974,,ok
real_vs_real,original,164000,165000,3806,33.17541327940091,,ok
real_vs_real,original,165000,166000,3947,32.72307737347759,,ok
real_vs_real,original,166000,167000,4097,31.108035454067906,,ok
real_vs_real,original,167000,168000,4139,30.648760092056744,,ok
real_vs_real,original,168000,169000,4258,28.95099237787125,,ok
real_vs_real,original,169000,170000,4190,29.077547543796975,,ok
real_vs_real,original,170000,171000,4019,29.772321420242356,,ok
real_vs_real,original,171000,172000,4106,29.95000392218842,,ok
real_vs_real,original,172000,173000,4008,31.490103153053525,,ok
real_vs_real,original,173000,174000,4141,31.11305473204906,,ok
real_vs_real,original,174000,175000,4150,29.307622683029443,,ok
real_vs_real,original,175000,176000,4149,29.555975922364595,,ok
real_vs_real,original,176000,177000,4200,28.8675260011132,,ok
real_vs_real,original,177000,178000,4312,25.568396724615827,,ok
real_vs_real,original,178000,179000,4212,24.483304007856752,,ok
real_vs_real,original,179000,180000,4276,21.764637869186547,,ok
real_vs_real,original,180000,181000,4237,20.310594604061894,,ok
real_vs_real,original,181000,182000,4284,18.180266005976804,,ok
real_vs_real,original,182000,183000,4489,15.932921174333961,,ok
real_vs_real,original,183000,184000,4548,15.419279859713072,,ok
real_vs_real,original,184000,185000,4480,13.598492764037953,,ok
real_vs_real,original,185000,186000,4732,14.194451111721795,,ok
real_vs_real,original,186000,187000,4528,11.5231701525395,,ok
real_vs_real,original,187000,188000,4553,9.894624609484964,,ok
real_vs_real,original,188000,189000,4501,11.556602186428766,,ok
real_vs_real,original,189000,190000,4613,9.945677730165569,,ok
real_vs_real,original,190000,191000,4839,13.08669374905409,,ok
real_vs_real,original,191000,192000,4904,14.727066809900325,,ok
real_vs_real,original,192000,193000,4752,13.304983083771939,,ok
real_vs_real,original,193000,194000,4827,14.718800676768494,,ok
real_vs_real,original,194000,195000,4764,16.890553612441067,,ok
real_vs_real,original,195000,196000,4826,14.575799967626027,,ok
real_vs_real,original,196000,197000,4633,18.727408157863675,,ok
real_vs_real,original,197000,198000,4633,17.544159488636218,,ok
real_vs_real,original,198000,199000,4771,18.06181051494136,,ok
real_vs_real,original,199000,200000,4792,18.829371242354668,,ok
real_vs_real,original,200000,201000,4733,20.306042507225147,,ok
real_vs_real,original,201000,202000,4795,21.17505576000506,,ok
real_vs_real,original,202000,203000,4895,21.799583943121174,,ok
real_vs_real,original,203000,204000,4733,21.206515697833556,,ok
real_vs_real,original,204000,205000,4693,22.77825192013001,,ok
real_vs_real,original,205000,206000,4663,23.59107822368362,,ok
real_vs_real,original,206000,207000,4683,24.254347097103636,,ok
real_vs_real,original,207000,208000,4714,24.196473152867643,,ok
real_vs_real,original,208000,209000,4781,25.88921627405663,,ok
real_vs_real,original,209000,210000,4702,27.06123601793249,,ok
real_vs_real,original,210000,211000,4642,29.53573775194149,,ok
real_vs_real,original,211000,212000,4580,29.66457507833233,,ok
real_vs_real,original,212000,213000,4362,31.934269445555596,,ok
real_vs_real,original,213000,214000,4464,32.44574081369178,,ok
real_vs_real,original,214000,215000,4305,35.587415862017785,,ok
real_vs_real,original,215000,216000,4292,34.3607493758753,,ok
real_vs_real,original,216000,217000,4295,36.76840428266934,,ok
real_vs_real,original,217000,218000,4301,36.05608208770848,,ok
real_vs_real,original,218000,219000,4367,38.07177290234108,,ok
real_vs_real,original,219000,220000,4287,38.52668293691623,,ok
real_vs_real,original,220000,221000,4126,40.33573599180487,,ok
real_vs_real,original,221000,222000,4106,41.296961845784416,,ok
real_vs_real,original,222000,223000,4185,41.625498421540485,,ok
real_vs_real,original,223000,224000,4107,42.90681689247853,,ok
real_vs_real,original,224000,225000,4139,42.42305687349208,,ok
real_vs_real,original,225000,226000,4098,42.30539559458611,,ok
real_vs_real,original,226000,227000,4169,44.02630998694425,,ok
real_vs_real,original,227000,228000,4189,43.916560573019375,,ok
real_vs_real,original,228000,229000,4050,44.21333942765138,,ok
real_vs_real,original,229000,230000,4063,44.34411303811314,,ok
real_vs_real,original,230000,231000,3981,43.81359243468824,,ok
real_vs_real,original,231000,232000,4007,44.86478177479655,,ok
real_vs_real,original,232000,233000,4081,43.66075148683312,,ok
real_vs_real,original,233000,234000,4161,43.13861853361783,,ok
real_vs_real,original,234000,235000,4018,42.75730191343518,,ok
real_vs_real,original,235000,236000,4195,42.413716804922075,,ok
real_vs_real,original,236000,237000,4124,42.169028805258534,,ok
real_vs_real,original,237000,238000,4088,42.08267172171674,,ok
real_vs_real,original,238000,239000,4116,41.4890094879622,,ok
real_vs_real,original,239000,240000,4190,41.770211153888944,,ok
real_vs_real,original,240000,241000,4252,40.821631847302626,,ok
real_vs_real,original,241000,242000,4169,41.739130949704325,,ok
real_vs_real,original,242000,243000,4168,42.611568230247734,,ok
real_vs_real,original,243000,244000,4192,40.89588772494494,,ok
real_vs_real,original,244000,245000,4190,42.20497460552779,,ok
real_vs_real,original,245000,246000,4187,39.96750446026062,,ok
real_vs_real,original,246000,247000,4279,40.5776225163268,,ok
real_vs_real,original,247000,248000,4191,40.253591063355806,,ok
real_vs_real,original,248000,249000,4394,39.66679451347445,,ok
real_vs_real,original,249000,250000,4330,40.60894121881075,,ok
real_vs_real,original,250000,251000,4336,40.06443711049862,,ok
real_vs_real,original,251000,252000,4277,40.44901568648205,,ok
real_vs_real,original,252000,253000,4301,39.503961392907804,,ok
real_vs_real,original,253000,254000,4257,40.50364146617272,,ok
real_vs_real,original,254000,255000,4263,39.66538161796,,ok
real_vs_real,original,255000,256000,4281,40.338274417720214,,ok
real_vs_real,original,256000,257000,4315,40.14637944142532,,ok
real_vs_real,original,257000,258000,4200,41.898314356436195,,ok
real_vs_real,original,258000,259000,4110,42.839067832472665,,ok
real_vs_real,original,259000,260000,4044,43.90149644644453,,ok
real_vs_real,original,260000,261000,4112,44.272978293274555,,ok
real_vs_real,original,261000,262000,4003,44.71376658977249,,ok
real_vs_real,original,262000,263000,3922,43.71662161268458,,ok
real_vs_real,original,263000,264000,3951,44.90411151353352,,ok
real_vs_real,original,264000,265000,3847,44.492979661817856,,ok
real_vs_real,original,265000,266000,4077,45.25158836330781,,ok
real_vs_real,original,266000,267000,3937,45.8334160440386,,ok
real_vs_real,original,267000,268000,3906,45.94206359371068,,ok
real_vs_real,original,268000,269000,4006,45.30547437468572,,ok
real_vs_real,original,269000,270000,3942,44.71587435498247,,ok
real_vs_real,original,270000,271000,4013,44.221992764541945,,ok
real_vs_real,original,271000,272000,3887,45.333696247438795,,ok
real_vs_real,original,272000,273000,3810,46.32819454953278,,ok
real_vs_real,original,273000,274000,3907,45.90965855791592,,ok
real_vs_real,original,274000,275000,3872,47.54634442226347,,ok
real_vs_real,original,275000,276000,3884,47.48684689828662,,ok
real_vs_real,original,276000,277000,3865,48.29279833593404,,ok
real_vs_real,original,277000,278000,3871,47.82229821380177,,ok
real_vs_real,original,278000,279000,3645,47.72828791188095,,ok
real_vs_real,original,279000,280000,3731,47.316706359620355,,ok
real_vs_real,original,280000,281000,3775,46.318813647365964,,ok
real_vs_real,original,281000,282000,3818,45.62972116846075,,ok
real_vs_real,original,282000,283000,3691,48.14717645928834,,ok
real_vs_real,original,283000,284000,3638,47.49148957816067,,ok
real_vs_real,original,284000,285000,3647,48.423758710887306,,ok
real_vs_real,original,285000,286000,3610,49.23749451515116,,ok
real_vs_real,original,286000,287000,3542,48.49970106279974,,ok
real_vs_real,original,287000,288000,3447,47.45470501307335,,ok
real_vs_real,original,288000,289000,3436,47.29944646012881,,ok
real_vs_real,original,289000,290000,3445,46.523602710043775,,ok
real_vs_real,original,290000,291000,3474,46.1267974257825,,ok
real_vs_real,original,291000,292000,3343,46.69779324098884,,ok
real_vs_real,original,292000,293000,3217,46.16830722276797,,ok
real_vs_real,original,293000,294000,3089,48.49524032661267,,ok
real_vs_real,original,294000,295000,2817,47.53460698868607,,ok
real_vs_real,original,295000,296000,2580,45.60785013531413,,ok
real_vs_real,original,296000,297000,2619,46.664666458027405,,ok
real_vs_real,original,297000,298000,2625,44.00946430704357,,ok
real_vs_real,original,298000,299000,2572,46.93269187885611,,ok
real_vs_real,original,299000,300000,2535,49.69656320172021,,ok
real_vs_real,original,300000,301000,2594,48.244822979663546,,ok
real_vs_real,original,301000,302000,2518,50.87669821432603,,ok
real_vs_real,original,302000,303000,2596,50.403057716007304,,ok
real_vs_real,original,303000,304000,2400,45.74531545353552,,ok
real_vs_real,original,304000,305000,2362,48.17332144911875,,ok
real_vs_real,original,305000,306000,2463,44.43448374670905,,ok
real_vs_real,original,306000,307000,2463,45.261172625207244,,ok
real_vs_real,original,307000,308000,2633,44.282363543822285,,ok
real_vs_real,original,308000,309000,2570,50.218695306091774,,ok
real_vs_real,original,309000,310000,2583,49.010015814820804,,ok
real_vs_real,original,310000,311000,2505,49.11342603475681,,ok
real_vs_real,original,311000,312000,2423,51.37603139013326,,ok
real_vs_real,original,312000,313000,2436,43.76234525261115,,ok
real_vs_real,original,313000,314000,2423,46.825233648373555,,ok
real_vs_real,original,314000,315000,2371,45.18195129599661,,ok
real_vs_real,original,315000,316000,2501,45.06760931881001,,ok
real_vs_real,original,316000,317000,2490,48.5813199730923,,ok
real_vs_real,original,317000,318000,2620,47.94867503891298,,ok
real_vs_real,original,318000,319000,2635,44.40309000117782,,ok
real_vs_real,original,319000,320000,2827,41.69347655855325,,ok
real_vs_real,original,320000,321000,2869,37.62774039086859,,ok
real_vs_real,original,321000,322000,3146,33.887198151739206,,ok
real_vs_real,original,322000,323000,3338,31.102404487847075,,ok
real_vs_real,original,323000,324000,3487,30.979126602527135,,ok
real_vs_real,original,324000,325000,3428,32.382683521503566,,ok
real_vs_real,original,325000,326000,3480,31.923991111683577,,ok
real_vs_real,original,326000,327000,3547,32.463165533673696,,ok
real_vs_real,original,327000,328000,3671,32.35034061388167,,ok
real_vs_real,original,328000,329000,3778,26.911138190922156,,ok
real_vs_real,original,329000,330000,3863,27.21334424537775,,ok
real_vs_real,original,330000,331000,3796,27.22365370480275,,ok
real_vs_real,original,331000,332000,4024,25.621789060785023,,ok
real_vs_real,original,332000,333000,3946,26.988064177873376,,ok
real_vs_real,original,333000,334000,4004,27.87564652127975,,ok
real_vs_real,original,334000,335000,3980,27.955705660800852,,ok
real_vs_real,original,335000,336000,4114,27.18868704707442,,ok
real_vs_real,original,336000,337000,4033,26.17049142643299,,ok
real_vs_real,original,337000,338000,4119,25.716657236694957,,ok
real_vs_real,original,338000,339000,4091,24.659080443653405,,ok
real_vs_real,original,339000,340000,4199,23.83319178479173,,ok
real_vs_real,original,340000,341000,4151,24.09456861698262,,ok
real_vs_real,original,341000,342000,4197,22.83608905811432,,ok
real_vs_real,original,342000,343000,4496,16.633830751393443,,ok
real_vs_real,original,343000,344000,4518,9.070264191964462,,ok
real_vs_real,original,344000,345000,4564,7.355547535414469,,ok
real_vs_real,original,345000,346000,4746,4.280531289936305,,ok
real_vs_real,original,346000,347000,4674,3.103212329893413,,ok
real_vs_real,original,347000,348000,4717,3.574834390824643,,ok
real_vs_real,original,348000,349000,4933,4.481854123603896,,ok
real_vs_real,original,349000,350000,4795,7.6759925156577316,,ok
real_vs_real,original,350000,351000,4845,9.617917308350709,,ok
real_vs_real,original,351000,352000,4938,9.409237042176702,,ok
real_vs_real,original,352000,353000,5015,11.426008022381986,,ok
real_vs_real,original,353000,354000,4900,12.633102364558532,,ok
real_vs_real,original,354000,355000,4965,12.579032059107908,,ok
real_vs_real,original,355000,356000,4952,13.354001046221688,,ok
real_vs_real,original,356000,357000,5092,15.164978811097424,,ok
real_vs_real,original,357000,358000,5135,16.3146408638192,,ok
real_vs_real,original,358000,359000,5029,16.90851955014119,,ok
real_vs_real,original,359000,360000,5166,17.619997704847083,,ok
real_vs_real,original,360000,361000,5037,17.260318391697094,,ok
real_vs_real,original,361000,362000,5090,19.294932708277454,,ok
real_vs_real,original,362000,363000,4999,19.250959179610533,,ok
real_vs_real,original,363000,364000,5038,20.950559067819185,,ok
real_vs_real,original,364000,365000,5001,21.88397738772252,,ok
real_vs_real,original,365000,366000,4955,22.023748972323226,,ok
real_vs_real,original,366000,367000,4946,23.615069051618974,,ok
real_vs_real,original,367000,368000,5057,24.284578865773476,,ok
real_vs_real,original,368000,369000,4936,25.618565703261964,,ok
real_vs_real,original,369000,370000,4905,26.616683870220765,,ok
real_vs_real,original,370000,371000,4868,27.501784504717698,,ok
real_vs_real,original,371000,372000,4874,27.66272498879334,,ok
real_vs_real,original,372000,373000,4726,28.5265988872728,,ok
real_vs_real,original,373000,374000,4757,30.10230180585588,,ok
real_vs_real,original,374000,375000,4817,31.235581083828873,,ok
real_vs_real,original,375000,376000,4804,32.11277232521527,,ok
real_vs_real,original,376000,377000,4715,32.36243418236882,,ok
real_vs_real,original,377000,378000,4703,34.36367768436543,,ok
real_vs_real,original,378000,379000,4704,33.322716051531934,,ok
real_vs_real,original,379000,380000,4578,34.21734270568708,,ok
real_vs_real,original,380000,381000,4625,34.89648631693841,,ok
real_vs_real,original,381000,382000,4652,35.866574005126644,,ok
real_vs_real,original,382000,383000,4646,35.98064386242082,,ok
real_vs_real,original,383000,384000,4510,36.521085685198344,,ok
real_vs_real,original,384000,385000,4564,38.08472544587831,,ok
real_vs_real,original,385000,386000,4572,37.71405469195362,,ok
real_vs_real,original,386000,387000,4502,40.17834998084907,,ok
real_vs_real,original,387000,388000,4378,39.035922474925144,,ok
real_vs_real,original,388000,389000,4287,40.223524930652076,,ok
real_vs_real,original,389000,390000,4341,41.339244072636426,,ok
real_vs_real,original,390000,391000,4314,41.65191508656742,,ok
real_vs_real,original,391000,392000,4447,41.80258316221813,,ok
real_vs_real,original,392000,393000,4365,42.529627461060095,,ok
real_vs_real,original,393000,394000,4456,41.80512965180647,,ok
real_vs_real,original,394000,395000,4300,43.44516433958506,,ok
real_vs_real,original,395000,396000,4272,42.41746150182262,,ok
real_vs_real,original,396000,397000,4243,44.213095558704666,,ok
real_vs_real,original,397000,398000,4229,43.58287925102107,,ok
real_vs_real,original,398000,399000,4228,44.49120502873736,,ok
real_vs_real,original,399000,400000,4296,42.42359029838548,,ok
real_vs_real,original,400000,401000,4427,43.503592918930664,,ok
real_vs_real,original,401000,402000,4284,43.604912726178554,,ok
real_vs_real,original,402000,403000,4337,42.42360193335965,,ok
real_vs_real,original,403000,404000,4201,43.11515738540753,,ok
real_vs_real,original,404000,405000,4279,43.26770820272135,,ok
real_vs_real,original,405000,406000,4250,43.0312929039232,,ok
real_vs_real,original,406000,407000,4219,43.223807349231166,,ok
real_vs_real,original,407000,408000,4316,42.52166623217096,,ok
real_vs_real,original,408000,409000,4247,43.26168776741056,,ok
real_vs_real,original,409000,410000,4366,42.73546879614151,,ok
real_vs_real,original,410000,411000,4325,42.35166568099861,,ok
real_vs_real,original,411000,412000,4335,42.83180981881432,,ok
real_vs_real,original,412000,413000,4235,42.69026017011655,,ok
real_vs_real,original,413000,414000,4252,42.57735633058579,,ok
real_vs_real,original,414000,415000,4162,42.73754479523046,,ok
real_vs_real,original,415000,416000,4299,42.48657920530021,,ok
real_vs_real,original,416000,417000,4472,41.89707413031133,,ok
real_vs_real,original,417000,418000,4382,42.77889150878836,,ok
real_vs_real,original,418000,419000,4449,41.92588028708965,,ok
real_vs_real,original,419000,420000,4309,41.589179438618174,,ok
real_vs_real,original,420000,421000,4250,41.901321201983976,,ok
real_vs_real,original,421000,422000,4236,41.538055011250115,,ok
real_vs_real,original,422000,423000,4141,43.38363568980149,,ok
real_vs_real,original,423000,424000,4192,44.762161209625184,,ok
real_vs_real,original,424000,425000,4262,43.06096629648344,,ok
real_vs_real,original,425000,426000,4199,44.83828348983854,,ok
real_vs_real,original,426000,427000,4162,43.32207906621262,,ok
real_vs_real,original,427000,428000,4247,44.063555979608125,,ok
real_vs_real,original,428000,429000,4039,45.77487336814867,,ok
real_vs_real,original,429000,430000,3913,46.45589413318366,,ok
real_vs_real,original,430000,431000,3967,45.52288925177375,,ok
real_vs_real,original,431000,432000,3818,47.461286120658315,,ok
real_vs_real,original,432000,433000,4069,46.00588811089445,,ok
real_vs_real,original,433000,434000,4138,45.6186649092229,,ok
real_vs_real,original,434000,435000,4021,45.64580976702401,,ok
real_vs_real,original,435000,436000,4074,45.85654932551913,,ok
real_vs_real,original,436000,437000,3924,46.28074632239173,,ok
real_vs_real,original,437000,438000,3789,47.309756340210576,,ok
real_vs_real,original,438000,439000,3728,47.72154242015719,,ok
real_vs_real,original,439000,440000,3720,49.807965302031455,,ok
real_vs_real,original,440000,441000,3853,48.25269255948211,,ok
real_vs_real,original,441000,442000,3837,48.93695464079003,,ok
real_vs_real,original,442000,443000,3720,49.79463942954065,,ok
real_vs_real,original,443000,444000,3788,48.327520670879046,,ok
real_vs_real,original,444000,445000,3690,48.61774421220165,,ok
real_vs_real,original,445000,446000,3519,50.50313063211394,,ok
real_vs_real,original,446000,447000,3474,51.450452458173565,,ok
real_vs_real,original,447000,448000,3456,51.575364163470454,,ok
real_vs_real,original,448000,449000,3374,51.39244242912805,,ok
real_vs_real,original,449000,450000,3459,48.312454121656074,,ok
real_vs_real,original,450000,451000,3422,50.39424141243666,,ok
real_vs_real,original,451000,452000,3211,50.817085976624625,,ok
real_vs_real,original,452000,453000,3368,47.70114764246582,,ok
real_vs_real,original,453000,454000,3047,51.411923361176406,,ok
real_vs_real,original,454000,455000,3025,51.47557216065142,,ok
real_vs_real,original,455000,456000,2760,51.21097070492687,,ok
real_vs_real,original,456000,457000,2570,54.27084699345766,,ok
real_vs_real,original,457000,458000,2644,50.95392465733944,,ok
real_vs_real,original,458000,459000,2486,49.95553379949099,,ok
real_vs_real,original,459000,460000,2364,50.165888275840764,,ok
real_vs_real,original,460000,461000,2334,47.6217157081381,,ok
real_vs_real,original,461000,462000,2292,51.34993457844202,,ok
real_vs_real,original,462000,463000,2067,56.78315629409285,,ok
real_vs_real,original,463000,464000,2154,55.72193565226901,,ok
real_vs_real,original,464000,465000,2146,57.68998951082858,,ok
real_vs_real,original,465000,466000,2114,56.064638236444246,,ok
real_vs_real,original,466000,467000,2222,52.35649962885456,,ok
real_vs_real,original,467000,468000,2324,50.92697184711196,,ok
real_vs_real,original,468000,469000,2312,47.886265363127215,,ok
real_vs_real,original,469000,470000,2316,46.57603473179368,,ok
real_vs_real,original,470000,471000,2298,53.27281008548742,,ok
real_vs_real,original,471000,472000,2291,51.911998936919666,,ok
real_vs_real,original,472000,473000,2286,53.45539689077487,,ok
real_vs_real,original,473000,474000,2191,54.00776326129549,,ok
real_vs_real,original,474000,475000,2256,51.3476799659603,,ok
real_vs_real,original,475000,476000,2217,51.32836140167394,,ok
real_vs_real,original,476000,477000,2288,50.92182022781302,,ok
real_vs_real,original,477000,478000,2386,46.157879029949065,,ok
real_vs_real,original,478000,479000,2222,55.06642309222598,,ok
real_vs_real,original,479000,480000,2172,52.53606889467452,,ok
real_vs_real,original,480000,481000,2297,52.30192162865191,,ok
real_vs_real,original,481000,482000,2093,58.838479862651646,,ok
real_vs_real,original,482000,483000,2346,48.295917895289016,,ok
real_vs_real,original,483000,484000,2547,43.09283918946229,,ok
real_vs_real,original,484000,485000,2953,37.61346325265934,,ok
real_vs_real,original,485000,486000,3391,37.53288841252709,,ok
real_vs_real,original,486000,487000,3480,36.16380588470614,,ok
real_vs_real,original,487000,488000,3527,35.82898018558686,,ok
real_vs_real,original,488000,489000,3558,35.51424439824854,,ok
real_vs_real,original,489000,490000,3638,35.8519171531444,,ok
real_vs_real,original,490000,491000,3753,33.863312708239455,,ok
real_vs_real,original,491000,492000,3957,32.30632102966592,,ok
real_vs_real,original,492000,493000,3739,32.39765647698192,,ok
real_vs_real,original,493000,494000,4036,31.77035706317107,,ok
real_vs_real,original,494000,495000,4051,30.208656119276064,,ok
real_vs_real,original,495000,496000,3812,32.57158850571442,,ok
real_vs_real,original,496000,497000,4008,31.68268822956612,,ok
real_vs_real,original,497000,498000,3981,30.60216892861506,,ok
real_vs_real,original,498000,499000,4021,30.971675059326163,,ok
real_vs_real,original,499000,500000,4209,29.517736136666127,,ok
real_vs_real,original,500000,501000,4245,29.69369097126024,,ok
real_vs_real,original,501000,502000,4211,28.30261789881817,,ok
real_vs_real,original,502000,503000,4320,27.78735088123508,,ok
real_vs_real,original,503000,504000,4117,29.665616727499327,,ok
real_vs_real,original,504000,505000,4088,30.15911424986714,,ok
real_vs_real,original,505000,506000,3975,29.73690498701476,,ok
real_vs_real,original,506000,507000,4045,30.24957601103341,,ok
real_vs_real,original,507000,508000,4224,28.2473039226,,ok
real_vs_real,original,508000,509000,4290,25.040296768241266,,ok
real_vs_real,original,509000,510000,4357,23.795724748720243,,ok
real_vs_real,original,510000,511000,4424,21.4799319507218,,ok
real_vs_real,original,511000,512000,4281,19.20251015075661,,ok
real_vs_real,original,512000,513000,4329,17.76149884310977,,ok
real_vs_real,original,513000,514000,4315,17.115217868616273,,ok
real_vs_real,original,514000,515000,4311,15.99945093935216,,ok
real_vs_real,original,515000,516000,4555,13.706680350336082,,ok
real_vs_real,original,516000,517000,4604,13.231811537943118,,ok
real_vs_real,original,517000,518000,4528,12.342731992990785,,ok
real_vs_real,original,518000,519000,4679,13.805728830627679,,ok
real_vs_real,original,519000,520000,4679,13.529596943492091,,ok
real_vs_real,original,520000,521000,4541,10.299000522920698,,ok
real_vs_real,original,521000,522000,4679,13.703473939602402,,ok
real_vs_real,original,522000,523000,4632,11.771944081035535,,ok
real_vs_real,original,523000,524000,4778,12.640004886804586,,ok
real_vs_real,original,524000,525000,4750,15.900965407774194,,ok
real_vs_real,original,525000,526000,4722,15.062315735704946,,ok
real_vs_real,original,526000,527000,4846,16.44064223727697,,ok
real_vs_real,original,527000,528000,4867,18.038191794398823,,ok
real_vs_real,original,528000,529000,4725,17.92770980973616,,ok
real_vs_real,original,529000,530000,4675,18.049969187754083,,ok
real_vs_real,original,530000,531000,4703,19.440736379602836,,ok
real_vs_real,original,531000,532000,4764,20.14464132679686,,ok
real_vs_real,original,532000,533000,4750,19.427306580090715,,ok
real_vs_real,original,533000,534000,4784,20.482339355678338,,ok
real_vs_real,original,534000,535000,4821,20.728087308731183,,ok
real_vs_real,original,535000,536000,4900,22.003374947768947,,ok
real_vs_real,original,536000,537000,4697,22.945973391213368,,ok
real_vs_real,original,537000,538000,4699,23.313432254023574,,ok
real_vs_real,original,538000,539000,4580,25.896125850036217,,ok
real_vs_real,original,539000,540000,4527,25.34836083399343,,ok
real_vs_real,original,540000,541000,4713,26.85174235861141,,ok
real_vs_real,original,541000,542000,4632,27.46706210156855,,ok
real_vs_real,original,542000,543000,4511,28.756294605053004,,ok
real_vs_real,original,543000,544000,4630,31.260574992389536,,ok
real_vs_real,original,544000,545000,4464,32.11735760665466,,ok
real_vs_real,original,545000,546000,4347,32.94807530077021,,ok
real_vs_real,original,546000,547000,4356,33.38721066249214,,ok
real_vs_real,original,547000,548000,4247,35.88908277788468,,ok
real_vs_real,original,548000,549000,4257,36.713992546556945,,ok
real_vs_real,original,549000,550000,4243,37.88172404671367,,ok
real_vs_real,original,550000,551000,4086,38.23965715244367,,ok
real_vs_real,original,551000,552000,4237,39.76141587087611,,ok
real_vs_real,original,552000,553000,4218,40.36779282715563,,ok
real_vs_real,original,553000,554000,4099,40.61513483163464,,ok
real_vs_real,original,554000,555000,3964,42.49114148158761,,ok
real_vs_real,original,555000,556000,4046,42.777583115833366,,ok
real_vs_real,original,556000,557000,4032,43.91432400306844,,ok
real_vs_real,original,557000,558000,3990,43.26508258811431,,ok
real_vs_real,original,558000,559000,4132,43.90565488011888,,ok
real_vs_real,original,559000,560000,4080,44.34192008812834,,ok
real_vs_real,original,560000,561000,3967,44.42116271866708,,ok
real_vs_real,original,561000,562000,4007,44.46635194148412,,ok
real_vs_real,original,562000,563000,4039,44.083915554583996,,ok
real_vs_real,original,563000,564000,3901,44.17752137627275,,ok
real_vs_real,original,564000,565000,4072,43.585889566485235,,ok
real_vs_real,original,565000,566000,4012,43.262660810563425,,ok
real_vs_real,original,566000,567000,4164,42.283923688981254,,ok
real_vs_real,original,567000,568000,4005,42.09951369887723,,ok
real_vs_real,original,568000,569000,4178,42.43695196573416,,ok
real_vs_real,original,569000,570000,4094,41.87878039484335,,ok
real_vs_real,original,570000,571000,4069,41.09899009127104,,ok
real_vs_real,original,571000,572000,4095,41.56963625803587,,ok
real_vs_real,original,572000,573000,4167,41.428159756036564,,ok
real_vs_real,original,573000,574000,4236,40.470118811034624,,ok
real_vs_real,original,574000,575000,4299,41.54674667220724,,ok
real_vs_real,original,575000,576000,4144,41.593504126652384,,ok
real_vs_real,original,576000,577000,4132,40.18129576811005,,ok
real_vs_real,original,577000,578000,4235,40.42424058840433,,ok
real_vs_real,original,578000,579000,4114,40.76139695065584,,ok
real_vs_real,original,579000,580000,4139,40.288960058429545,,ok
real_vs_real,original,580000,581000,4235,40.03881359243783,,ok
real_vs_real,original,581000,582000,4270,40.213397932580925,,ok
real_vs_real,original,582000,583000,4222,38.79554200387565,,ok
real_vs_real,original,583000,584000,4188,40.23417928830798,,ok
real_vs_real,original,584000,585000,4268,39.37138539123499,,ok
real_vs_real,original,585000,586000,4252,39.90083452164114,,ok
real_vs_real,original,586000,587000,4257,39.75551408208108,,ok
real_vs_real,original,587000,588000,4243,39.44165331758768,,ok
real_vs_real,original,588000,589000,4145,40.26258710397073,,ok
real_vs_real,original,589000,590000,4224,40.82726075264564,,ok
real_vs_real,original,590000,591000,4115,41.5967070414951,,ok
real_vs_real,original,591000,592000,3985,43.78862929688951,,ok
real_vs_real,original,592000,593000,4021,43.16537797600395,,ok
real_vs_real,original,593000,594000,4008,43.77639088963398,,ok
real_vs_real,original,594000,595000,3863,45.542693745137726,,ok
real_vs_real,original,595000,596000,3876,43.69738567087934,,ok
real_vs_real,original,596000,597000,3838,45.60647135638465,,ok
real_vs_real,original,597000,598000,3840,45.422532237203036,,ok
real_vs_real,original,598000,599000,3896,44.02496716296687,,ok
real_vs_real,original,599000,600000,3894,45.59959489154804,,ok
real_vs_real,original,600000,601000,3913,44.48208892491558,,ok
real_vs_real,original,601000,602000,4011,43.965391001924935,,ok
real_vs_real,original,602000,603000,3914,44.17954967898171,,ok
real_vs_real,original,603000,604000,3823,43.953993066045186,,ok
real_vs_real,original,604000,605000,3813,45.905707403559504,,ok
real_vs_real,original,605000,606000,3773,47.10989001760778,,ok
real_vs_real,original,606000,607000,3691,46.880651243892665,,ok
real_vs_real,original,607000,608000,3780,47.40855923296258,,ok
real_vs_real,original,608000,609000,3736,47.40729901374827,,ok
real_vs_real,original,609000,610000,3798,48.170995733515454,,ok
real_vs_real,original,610000,611000,3669,47.01998078892132,,ok
real_vs_real,original,611000,612000,3677,46.6543767873379,,ok
real_vs_real,original,612000,613000,3591,46.670697947801614,,ok
real_vs_real,original,613000,614000,3524,47.95476319339837,,ok
real_vs_real,original,614000,615000,3643,45.85586480150743,,ok
real_vs_real,original,615000,616000,3553,47.54945792260309,,ok
real_vs_real,original,616000,617000,3568,48.78791100754147,,ok
real_vs_real,original,617000,618000,3561,48.01898860494353,,ok
real_vs_real,original,618000,619000,3491,48.59175219953415,,ok
real_vs_real,original,619000,620000,3406,47.43885647639659,,ok
real_vs_real,original,620000,621000,3405,47.157797808283995,,ok
real_vs_real,original,621000,622000,3315,48.10076302319922,,ok
real_vs_real,original,622000,623000,3278,46.78810024324406,,ok
real_vs_real,original,623000,624000,3275,44.32500758951857,,ok
real_vs_real,original,624000,625000,3018,47.724321089828884,,ok
real_vs_real,original,625000,626000,2951,48.34122805015562,,ok
real_vs_real,original,626000,627000,2868,47.66517609064117,,ok
real_vs_real,original,627000,628000,2711,48.037196941279525,,ok
real_vs_real,original,628000,629000,2530,46.31187866254986,,ok
real_vs_real,original,629000,630000,2511,47.169014260409085,,ok
real_vs_real,original,630000,631000,2399,49.59286863533301,,ok
real_vs_real,original,631000,632000,2517,44.34480558751374,,ok
real_vs_real,original,632000,633000,2550,47.928760919654415,,ok
real_vs_real,original,633000,634000,2511,49.24112870604357,,ok
real_vs_real,original,634000,635000,2510,48.69501684501517,,ok
real_vs_real,original,635000,636000,2510,52.126295508638016,,ok
real_vs_real,original,636000,637000,2327,48.074032194870206,,ok
real_vs_real,original,637000,638000,2308,47.357752826779205,,ok
real_vs_real,original,638000,639000,2477,45.64612673944977,,ok
real_vs_real,original,639000,640000,2448,44.76064212851714,,ok
real_vs_real,original,640000,641000,2446,48.15801820030763,,ok
real_vs_real,original,641000,642000,2438,49.51635141553782,,ok
real_vs_real,original,642000,643000,2487,51.8804682354741,,ok
real_vs_real,original,643000,644000,2495,50.57996408426876,,ok
real_vs_real,original,644000,645000,2385,51.28905009037043,,ok
real_vs_real,original,645000,646000,2332,51.110622015529074,,ok
real_vs_real,original,646000,647000,2322,48.44177583999037,,ok
real_vs_real,original,647000,648000,2304,45.73271716333271,,ok
real_vs_real,original,648000,649000,2431,43.36866547855631,,ok
real_vs_real,original,649000,650000,2550,49.032034475463895,,ok
real_vs_real,original,650000,651000,2496,49.76710568093447,,ok
real_vs_real,original,651000,652000,2623,44.23239951748449,,ok
real_vs_real,original,652000,653000,2766,43.40183607119584,,ok
real_vs_real,original,653000,654000,2865,37.760845333414245,,ok
real_vs_real,original,654000,655000,3063,34.958484135110446,,ok
real_vs_real,original,655000,656000,3123,34.22852895955248,,ok
real_vs_real,original,656000,657000,3395,31.401750207154127,,ok
real_vs_real,original,657000,658000,3389,31.482095113865697,,ok
real_vs_real,original,658000,659000,3403,32.6781333747681,,ok
real_vs_real,original,659000,660000,3588,31.51273846348457,,ok
real_vs_real,original,660000,661000,3509,32.85931171069289,,ok
real_vs_real,original,661000,662000,3717,28.941716144624788,,ok
real_vs_real,original,662000,663000,3702,27.396409465438097,,ok
real_vs_real,original,663000,664000,3761,28.187415397166333,,ok
real_vs_real,original,664000,665000,3897,25.858261446974304,,ok
real_vs_real,original,665000,666000,3853,27.815972201883472,,ok
real_vs_real,original,666000,667000,3987,28.117023396477002,,ok
real_vs_real,original,667000,668000,3941,28.05231667643178,,ok
real_vs_real,original,668000,669000,3920,28.40705449429903,,ok
real_vs_real,original,669000,670000,4019,26.935620237022434,,ok
real_vs_real,original,670000,671000,4043,25.646318158587242,,ok
real_vs_real,original,671000,672000,4042,26.2589019690099,,ok
real_vs_real,original,672000,673000,4172,23.629246941276786,,ok
real_vs_real,original,673000,674000,4121,23.906529188485276,,ok
real_vs_real,original,674000,675000,4019,25.100158445959547,,ok
real_vs_real,original,675000,676000,4269,20.32390753969398,,ok
real_vs_real,original,676000,677000,4529,12.138271495957746,,ok
real_vs_real,original,677000,678000,4434,9.263468242762137,,ok
real_vs_real,original,678000,679000,4563,4.934307152960872,,ok
real_vs_real,original,679000,680000,4723,2.8491168926290307,,ok
real_vs_real,original,680000,681000,4605,2.049953260616416,,ok
real_vs_real,original,681000,682000,4711,2.7455663640776127,,ok
real_vs_real,original,682000,683000,4900,6.196456305515334,,ok
real_vs_real,original,683000,684000,4810,7.416477701801563,,ok
real_vs_real,original,684000,685000,4853,8.302038775330066,,ok
real_vs_real,original,685000,686000,4827,10.252674390089211,,ok
real_vs_real,original,686000,687000,4777,10.883114502243174,,ok
real_vs_real,original,687000,688000,4805,11.200807008780394,,ok
real_vs_real,original,688000,689000,4981,13.858229700387405,,ok
real_vs_real,original,689000,690000,5075,14.078835534557763,,ok
real_vs_real,original,690000,691000,5033,14.912900863325007,,ok
real_vs_real,original,691000,692000,5009,17.46248907836859,,ok
real_vs_real,original,692000,693000,5103,15.8454822202969,,ok
real_vs_real,original,693000,694000,4924,18.186965179669958,,ok
real_vs_real,original,694000,695000,5099,17.184636532156187,,ok
real_vs_real,original,695000,696000,5001,19.251659220023093,,ok
real_vs_real,original,696000,697000,4986,18.085116615774357,,ok
real_vs_real,original,697000,698000,4992,20.38335029108736,,ok
real_vs_real,original,698000,699000,5046,21.71729587836369,,ok
real_vs_real,original,699000,700000,5024,22.619959051581677,,ok
real_vs_real,original,700000,701000,5041,22.407992481534826,,ok
real_vs_real,original,701000,702000,5018,24.79560286094277,,ok
real_vs_real,original,702000,703000,4984,25.435110946863283,,ok
real_vs_real,original,703000,704000,4854,25.575816950068177,,ok
real_vs_real,original,704000,705000,4763,26.032733183167345,,ok
real_vs_real,original,705000,706000,4815,27.585174719916733,,ok
real_vs_real,original,706000,707000,4800,28.05572633501176,,ok
real_vs_real,original,707000,708000,4857,30.03473037960618,,ok
real_vs_real,original,708000,709000,4761,31.75041749434526,,ok
real_vs_real,original,709000,710000,4777,31.602868186626115,,ok
real_vs_real,original,710000,711000,4718,32.07017251440407,,ok
real_vs_real,original,711000,712000,4776,32.21577026083543,,ok
real_vs_real,original,712000,713000,4601,33.042681684422725,,ok
real_vs_real,original,713000,714000,4555,33.73961520909954,,ok
real_vs_real,original,714000,715000,4549,34.52846130861596,,ok
real_vs_real,original,715000,716000,4594,36.1627851101341,,ok
real_vs_real,original,716000,717000,4712,36.481122243908175,,ok
real_vs_real,original,717000,718000,4551,36.343261072667524,,ok
real_vs_real,original,718000,719000,4622,38.1095734226043,,ok
real_vs_real,original,719000,720000,4582,37.60719175726599,,ok
real_vs_real,original,720000,721000,4382,39.57779236080426,,ok
real_vs_real,original,721000,722000,4463,38.142100692635935,,ok
real_vs_real,original,722000,723000,4341,41.36645398129451,,ok
real_vs_real,original,723000,724000,4319,39.532820070890274,,ok
real_vs_real,original,724000,725000,4416,40.9143542527176,,ok
real_vs_real,original,725000,726000,4278,41.30839975300628,,ok
real_vs_real,original,726000,727000,4427,40.912362182739976,,ok
real_vs_real,original,727000,728000,4400,41.56459332324634,,ok
real_vs_real,original,728000,729000,4276,42.49129591810719,,ok
real_vs_real,original,729000,730000,4203,43.42154318600786,,ok
real_vs_real,original,730000,731000,4199,42.632720836155585,,ok
real_vs_real,original,731000,732000,4279,42.727942340444805,,ok
real_vs_real,original,732000,733000,4296,42.3201839590876,,ok
real_vs_real,original,733000,734000,4310,42.55512628802619,,ok
real_vs_real,original,734000,735000,4398,42.563823811867216,,ok
real_vs_real,original,735000,736000,4449,42.610838464372925,,ok
real_vs_real,original,736000,737000,4297,42.28201465322219,,ok
real_vs_real,original,737000,738000,4146,42.98309540911617,,ok
real_vs_real,original,738000,739000,4251,42.180636239000165,,ok
real_vs_real,original,739000,740000,4298,42.910465785780474,,ok
real_vs_real,original,740000,741000,4278,42.66210237550112,,ok
real_vs_real,original,741000,742000,4266,43.13160038116074,,ok
real_vs_real,original,742000,743000,4338,42.27756970510423,,ok
real_vs_real,original,743000,744000,4382,42.08639367522755,,ok
real_vs_real,original,744000,745000,4331,41.506921561189884,,ok
real_vs_real,original,745000,746000,4225,43.22519751968103,,ok
real_vs_real,original,746000,747000,4215,41.498703117329,,ok
real_vs_real,original,747000,748000,4305,41.86218271077903,,ok
real_vs_real,original,748000,749000,4203,42.941839639313756,,ok
real_vs_real,original,749000,750000,4403,41.393595338053245,,ok
real_vs_real,original,750000,751000,4374,41.81310377932686,,ok
real_vs_real,original,751000,752000,4372,41.55553835139931,,ok
real_vs_real,original,752000,753000,4406,41.244649042412966,,ok
real_vs_real,original,753000,754000,4250,41.76621889966855,,ok
real_vs_real,original,754000,755000,4304,41.81111012403787,,ok
real_vs_real,original,755000,756000,4186,41.9065893237673,,ok
real_vs_real,original,756000,757000,4202,42.809386944184276,,ok
real_vs_real,original,757000,758000,4252,43.576983002808106,,ok
real_vs_real,original,758000,759000,4163,44.28642104054242,,ok
real_vs_real,original,759000,760000,4154,44.34482752053443,,ok
real_vs_real,original,760000,761000,4241,44.76855940957603,,ok
real_vs_real,original,761000,762000,4116,43.29532713942536,,ok
real_vs_real,original,762000,763000,3892,46.13525469697144,,ok
real_vs_real,original,763000,764000,4049,44.758229601092616,,ok
real_vs_real,original,764000,765000,3847,46.34359543761705,,ok
real_vs_real,original,765000,766000,3887,46.93440895411406,,ok
real_vs_real,original,766000,767000,4028,45.53966012110029,,ok
real_vs_real,original,767000,768000,4002,46.43554020622831,,ok
real_vs_real,original,768000,769000,4104,43.786549517423566,,ok
real_vs_real,original,769000,770000,4126,44.27733283163914,,ok
real_vs_real,original,770000,771000,3850,44.868499633293375,,ok
real_vs_real,original,771000,772000,3856,46.12852660506589,,ok
real_vs_real,original,772000,773000,3708,49.391830171839516,,ok
real_vs_real,original,773000,774000,3666,50.25865724281313,,ok
real_vs_real,original,774000,775000,3907,46.71281451467532,,ok
real_vs_real,original,775000,776000,3767,49.549732040687765,,ok
real_vs_real,original,776000,777000,3789,48.0110712070708,,ok
real_vs_real,original,777000,778000,3833,46.25311656976898,,ok
real_vs_real,original,778000,779000,3578,50.24426625428543,,ok
real_vs_real,original,779000,780000,3506,50.96996532551302,,ok
real_vs_real,original,780000,781000,3553,49.80775250304838,,ok
real_vs_real,original,781000,782000,3449,53.40431453083225,,ok
real_vs_real,original,782000,783000,3416,51.05527319775836,,ok
real_vs_real,original,783000,784000,3364,49.18084387184957,,ok
real_vs_real,original,784000,785000,3390,50.3862310910272,,ok
real_vs_real,original,785000,786000,3366,48.23020735513505,,ok
real_vs_real,original,786000,787000,3224,49.878674824445206,,ok
real_vs_real,original,787000,788000,3111,50.8330976343737,,ok
real_vs_real,original,788000,789000,2989,49.59931633998226,,ok
real_vs_real,original,789000,790000,2796,53.01311916220792,,ok
real_vs_real,original,790000,791000,2734,50.506198835438006,,ok
real_vs_real,original,791000,792000,2613,49.668859788534405,,ok
real_vs_real,original,792000,793000,2421,50.046179578702336,,ok
real_vs_real,original,793000,794000,2508,46.430198656565,,ok
real_vs_real,original,794000,795000,2372,49.50657442290836,,ok
real_vs_real,original,795000,796000,2179,55.51383690246908,,ok
real_vs_real,original,796000,797000,2168,56.091118761668454,,ok
real_vs_real,original,797000,798000,2172,55.55951467684437,,ok
real_vs_real,original,798000,799000,2193,58.960689629385065,,ok
real_vs_real,original,799000,800000,2198,51.417644833023246,,ok
real_vs_real,original,800000,801000,2223,52.12650913167547,,ok
real_vs_real,original,801000,802000,2270,48.621464816664904,,ok
real_vs_real,original,802000,803000,2426,46.09337181735436,,ok
real_vs_real,original,803000,804000,2257,52.64421680031812,,ok
real_vs_real,original,804000,805000,2243,52.47432635097689,,ok
real_vs_real,original,805000,806000,2249,52.21961723906063,,ok
real_vs_real,original,806000,807000,2137,57.401009419231,,ok
real_vs_real,original,807000,808000,2246,53.29662908976925,,ok
real_vs_real,original,808000,809000,2282,50.26454876428255,,ok
real_vs_real,original,809000,810000,2192,50.8381012728355,,ok
real_vs_real,original,810000,811000,2375,48.30897900429664,,ok
real_vs_real,original,811000,812000,2338,46.919475009438024,,ok
real_vs_real,original,812000,813000,2239,54.68292545467954,,ok
real_vs_real,original,813000,814000,2235,51.83740111399181,,ok
real_vs_real,original,814000,815000,2205,56.472504885645456,,ok
real_vs_real,original,815000,816000,2108,55.68680218523107,,ok
real_vs_real,original,816000,817000,2313,49.97048611368654,,ok
real_vs_real,original,817000,818000,2482,43.32707540584866,,ok
real_vs_real,original,818000,819000,2934,38.92052160673015,,ok
real_vs_real,original,819000,820000,3402,38.05899991888024,,ok
real_vs_real,original,820000,821000,3445,36.64833897129555,,ok
real_vs_real,original,821000,822000,3585,35.17543300521572,,ok
real_vs_real,original,822000,823000,3589,35.49227604654668,,ok
real_vs_real,original,823000,824000,3589,35.94586364239841,,ok
real_vs_real,original,824000,825000,3766,34.39910827045912,,ok
real_vs_real,original,825000,826000,3858,32.902463815025335,,ok
real_vs_real,original,826000,827000,3857,32.479973687630384,,ok
real_vs_real,original,827000,828000,4070,30.468667885235394,,ok
real_vs_real,original,828000,829000,3915,32.42774028859152,,ok
real_vs_real,original,829000,830000,3934,31.806002887515806,,ok
real_vs_real,original,830000,831000,4006,31.232915716605277,,ok
real_vs_real,original,831000,832000,3889,31.992158428644434,,ok
real_vs_real,original,832000,833000,4060,30.810607527759938,,ok
real_vs_real,original,833000,834000,4151,30.036694249449233,,ok
real_vs_real,original,834000,835000,4185,29.632881669121783,,ok
real_vs_real,original,835000,836000,4312,28.970467877191485,,ok
real_vs_real,original,836000,837000,4014,29.74539712736899,,ok
real_vs_real,original,837000,838000,3982,30.396096632335976,,ok
real_vs_real,original,838000,839000,4121,30.667952448733697,,ok
real_vs_real,original,839000,840000,4070,30.871170148324328,,ok
real_vs_real,original,840000,841000,4079,30.090750445594377,,ok
real_vs_real,original,841000,842000,4229,29.502397414579868,,ok
real_vs_real,original,842000,843000,4188,26.21564175056595,,ok
real_vs_real,original,843000,844000,4524,22.802737490028093,,ok
real_vs_real,original,844000,845000,4347,20.80394527673537,,ok
real_vs_real,original,845000,846000,4279,18.52154681752196,,ok
real_vs_real,original,846000,847000,4447,18.308182717353564,,ok
real_vs_real,original,847000,848000,4332,15.866398275487484,,ok
real_vs_real,original,848000,849000,4382,13.380971323245069,,ok
real_vs_real,original,849000,850000,4524,15.007682528625283,,ok
real_vs_real,original,850000,851000,4538,12.391997847130916,,ok
real_vs_real,original,851000,852000,4657,12.896902383959556,,ok
real_vs_real,original,852000,853000,4709,14.036144005030192,,ok
real_vs_real,original,853000,854000,4703,10.365193945266558,,ok
real_vs_real,original,854000,855000,4624,12.176392507837447,,ok
real_vs_real,original,855000,856000,4742,12.377779059483823,,ok
real_vs_real,original,856000,857000,4667,12.865266713845632,,ok
real_vs_real,original,857000,858000,4852,13.519087654712179,,ok
real_vs_real,original,858000,859000,4758,15.716988805109644,,ok
real_vs_real,original,859000,860000,4758,14.524929762896605,,ok
real_vs_real,original,860000,861000,4877,18.229722804135502,,ok
real_vs_real,original,861000,862000,4738,17.16387784211717,,ok
real_vs_real,original,862000,863000,4718,17.961308454437813,,ok
real_vs_real,original,863000,864000,4689,18.64875701441009,,ok
real_vs_real,original,864000,865000,4643,19.952097438351434,,ok
real_vs_real,original,865000,866000,4764,18.994616544149665,,ok
real_vs_real,original,866000,867000,4907,20.555481863764363,,ok
real_vs_real,original,867000,868000,4755,21.90228724092102,,ok
real_vs_real,original,868000,869000,4994,21.734567709411603,,ok
real_vs_real,original,869000,870000,4758,22.01033628334022,,ok
real_vs_real,original,870000,871000,4652,23.466973601549427,,ok
real_vs_real,original,871000,872000,4658,24.603081335381244,,ok
real_vs_real,original,872000,873000,4600,25.742147776901607,,ok
real_vs_real,original,873000,874000,4578,26.37838402184039,,ok
real_vs_real,original,874000,875000,4719,28.817544090766965,,ok
real_vs_real,original,875000,876000,4641,28.813773670569486,,ok
real_vs_real,original,876000,877000,4508,30.665504654417404,,ok
real_vs_real,original,877000,878000,4585,31.651486037878858,,ok
real_vs_real,original,878000,879000,4410,32.968594918817665,,ok
real_vs_real,original,879000,880000,4331,34.334477794546665,,ok
real_vs_real,original,880000,881000,4318,36.317923217153215,,ok
real_vs_real,original,881000,882000,4360,36.34953885023203,,ok
real_vs_real,original,882000,883000,4198,36.5192473617408,,ok
real_vs_real,original,883000,884000,4313,37.98540761996164,,ok
real_vs_real,original,884000,885000,4250,38.79713642840487,,ok
real_vs_real,original,885000,886000,4261,39.95925764473915,,ok
real_vs_real,original,886000,887000,4111,42.04054371925305,,ok
real_vs_real,original,887000,888000,4092,41.530806600883665,,ok
real_vs_real,original,888000,889000,4100,43.02333882447025,,ok
real_vs_real,original,889000,890000,4081,43.21143259690085,,ok
real_vs_real,original,890000,891000,4108,43.558548535783196,,ok
real_vs_real,original,891000,892000,4064,44.01822489875871,,ok
real_vs_real,original,892000,893000,4061,43.93890675505813,,ok
real_vs_real,original,893000,894000,4147,45.07753236745925,,ok
real_vs_real,original,894000,895000,4171,44.0707117548488,,ok
real_vs_real,original,895000,896000,4050,43.82657425273998,,ok
real_vs_real,original,896000,897000,3986,44.67032742778038,,ok
real_vs_real,original,897000,898000,4167,43.507711919089836,,ok
real_vs_real,original,898000,899000,4114,42.143620554388136,,ok
real_vs_real,original,899000,900000,4086,43.59498799729929,,ok
real_vs_real,original,900000,901000,4107,41.72992167284436,,ok
real_vs_real,original,901000,902000,4046,43.34913435141394,,ok
real_vs_real,original,902000,903000,4175,42.42943441026945,,ok
real_vs_real,original,903000,904000,4242,41.88518230054802,,ok
real_vs_real,original,904000,905000,4156,41.264135691933106,,ok
real_vs_real,original,905000,906000,4138,41.96938186127634,,ok
real_vs_real,original,906000,907000,4215,40.635442256916775,,ok
real_vs_real,original,907000,908000,4209,41.71815847273743,,ok
real_vs_real,original,908000,909000,4137,41.31627065993761,,ok
real_vs_real,original,909000,910000,4194,41.381044079615684,,ok
real_vs_real,original,910000,911000,4244,41.32975674988041,,ok
real_vs_real,original,911000,912000,4198,39.39152777107375,,ok
real_vs_real,original,912000,913000,4284,41.052803741435696,,ok
real_vs_real,original,913000,914000,4236,40.79304838177861,,ok
real_vs_real,original,914000,915000,4292,40.63108671282603,,ok
real_vs_real,original,915000,916000,4243,39.69151494822009,,ok
real_vs_real,original,916000,917000,4277,39.98422863194598,,ok
real_vs_real,original,917000,918000,4259,40.017043201270944,,ok
real_vs_real,original,918000,919000,4295,40.470819642183386,,ok
real_vs_real,original,919000,920000,4291,40.093615119174615,,ok
real_vs_real,original,920000,921000,4216,40.42014605137557,,ok
real_vs_real,original,921000,922000,4242,40.742774541369556,,ok
real_vs_real,original,922000,923000,4120,41.472536692025415,,ok
real_vs_real,original,923000,924000,4165,42.305245926670466,,ok
real_vs_real,original,924000,925000,4024,43.79407287215428,,ok
real_vs_real,original,925000,926000,4035,43.94385980444822,,ok
real_vs_real,original,926000,927000,4005,44.33404823017261,,ok
real_vs_real,original,927000,928000,3888,44.74151456748932,,ok
real_vs_real,original,928000,929000,4055,44.78292244724419,,ok
real_vs_real,original,929000,930000,3959,45.78033974566004,,ok
real_vs_real,original,930000,931000,3900,46.32783701865706,,ok
real_vs_real,original,931000,932000,4101,43.9571537008747,,ok
real_vs_real,original,932000,933000,3961,45.58519564371824,,ok
real_vs_real,original,933000,934000,3914,44.23248773215971,,ok
real_vs_real,original,934000,935000,4011,44.88590202522894,,ok
real_vs_real,original,935000,936000,3930,45.01683283671818,,ok
real_vs_real,original,936000,937000,3921,46.206535460582565,,ok
real_vs_real,original,937000,938000,3883,47.29162474991456,,ok
real_vs_real,original,938000,939000,3906,45.713375487230614,,ok
real_vs_real,original,939000,940000,3890,47.741562525803594,,ok
real_vs_real,original,940000,941000,3838,45.60457232878731,,ok
real_vs_real,original,941000,942000,3791,48.761532503403465,,ok
real_vs_real,original,942000,943000,3770,46.17639503163548,,ok
real_vs_real,original,943000,944000,3798,48.94590573266721,,ok
real_vs_real,original,944000,945000,3830,47.32653720337454,,ok
real_vs_real,original,945000,946000,3669,47.909098102456525,,ok
real_vs_real,original,946000,947000,3627,46.67614471675284,,ok
real_vs_real,original,947000,948000,3596,48.249975861455034,,ok
real_vs_real,original,948000,949000,3791,45.69295456336529,,ok
real_vs_real,original,949000,950000,3721,48.11939901428717,,ok
real_vs_real,original,950000,951000,3527,48.38279502379318,,ok
real_vs_real,original,951000,952000,3576,49.359837451267865,,ok
real_vs_real,original,952000,953000,3539,49.71651224995172,,ok
real_vs_real,original,953000,954000,3420,47.4008681431077,,ok
real_vs_real,original,954000,955000,3428,48.293432533135174,,ok
real_vs_real,original,955000,956000,3262,45.59337411061625,,ok
real_vs_real,original,956000,957000,3350,44.94758490554823,,ok
real_vs_real,original,957000,958000,3272,44.1572374855236,,ok
real_vs_real,original,958000,959000,3015,48.45271973100962,,ok
real_vs_real,original,959000,960000,2906,46.804230366222846,,ok
real_vs_real,original,960000,961000,2710,47.45006404462732,,ok
real_vs_real,original,961000,962000,2535,48.07545474246135,,ok
real_vs_real,original,962000,963000,2449,46.96728071074557,,ok
real_vs_real,original,963000,964000,2472,47.7612692343879,,ok
real_vs_real,original,964000,965000,2509,45.121176450880526,,ok
real_vs_real,original,965000,966000,2553,46.577531636150354,,ok
real_vs_real,original,966000,967000,2588,48.31365518853068,,ok
real_vs_real,original,967000,968000,2510,47.86599381225831,,ok
real_vs_real,original,968000,969000,2503,50.9704271005161,,ok
real_vs_real,original,969000,970000,2459,50.93170730339539,,ok
real_vs_real,original,970000,971000,2468,44.224380388441936,,ok
real_vs_real,original,971000,972000,2494,45.08926035664119,,ok
real_vs_real,original,972000,973000,2477,45.615205872043795,,ok
real_vs_real,original,973000,974000,2565,43.53161066722914,,ok
real_vs_real,original,974000,975000,2578,45.8266663896324,,ok
real_vs_real,original,975000,976000,2528,49.773509910295594,,ok
real_vs_real,original,976000,977000,2585,49.236183082655465,,ok
real_vs_real,original,977000,978000,2489,52.41172917204043,,ok
real_vs_real,original,978000,979000,2379,48.334476789267,,ok
real_vs_real,original,979000,980000,2398,47.3462440442352,,ok
real_vs_real,original,980000,981000,2367,44.582142132857605,,ok
real_vs_real,original,981000,982000,2502,45.88828988595342,,ok
real_vs_real,original,982000,983000,2543,45.97486970182634,,ok
real_vs_real,original,983000,984000,2732,42.85838773504167,,ok
real_vs_real,original,984000,985000,2902,41.52870947360828,,ok
real_vs_real,original,985000,986000,2969,39.72228058111524,,ok
real_vs_real,original,986000,987000,3089,35.56995733928448,,ok
real_vs_real,original,987000,988000,3385,32.91503742288495,,ok
real_vs_real,original,988000,989000,3327,31.4975726376163,,ok
real_vs_real,original,989000,990000,3424,30.29328489987482,,ok
real_vs_real,original,990000,991000,3601,29.62910759466392,,ok
real_vs_real,original,991000,992000,3624,30.578976049529413,,ok
real_vs_real,original,992000,993000,3712,30.566166658180453,,ok
real_vs_real,original,993000,994000,3784,29.094809355554915,,ok
real_vs_real,original,994000,995000,3782,28.7582713261848,,ok
real_vs_real,original,995000,996000,3909,26.614331528409785,,ok
real_vs_real,original,996000,997000,3845,27.967005387379682,,ok
real_vs_real,original,997000,998000,3944,26.833422851569193,,ok
real_vs_real,original,998000,999000,3991,25.47190649611158,,ok
real_vs_real,original,999000,1000000,4150,25.716556792550133,,ok
real_vs_real,original,1000000,1001000,4011,28.738249166211304,,ok
real_vs_real,original,1001000,1002000,4109,27.45100254880636,,ok
real_vs_real,original,1002000,1003000,4066,26.377249091397,,ok
real_vs_real,original,1003000,1004000,4049,25.432555895160576,,ok
real_vs_real,original,1004000,1005000,4150,24.789766970406568,,ok
real_vs_real,original,1005000,1006000,4145,24.44418595755136,,ok
real_vs_real,original,1006000,1007000,4320,21.162372372796344,,ok
real_vs_real,original,1007000,1008000,4372,14.359332669075956,,ok
real_vs_real,original,1008000,1009000,4569,8.748409030672349,,ok
real_vs_real,original,1009000,1010000,4674,6.779732048706354,,ok
real_vs_real,original,1010000,1011000,4662,6.698772788475924,,ok
real_vs_real,original,1011000,1012000,4785,2.84660142229987,,ok
real_vs_real,original,1012000,1013000,4726,3.0648110249029155,,ok
real_vs_real,original,1013000,1014000,4725,5.714172704626425,,ok
real_vs_real,original,1014000,1015000,4793,7.176633253613287,,ok
v2e_vs_real,original,15000,16000,14225,21.51173384069286,,ok
v2e_vs_real,original,16000,17000,9988,16.816751478356146,,ok
v2e_vs_real,original,17000,18000,15447,14.763242319465093,,ok
v2e_vs_real,original,18000,19000,15816,12.591403563042919,,ok
v2e_vs_real,original,19000,20000,16017,13.449594847333119,,ok
v2e_vs_real,original,20000,21000,16354,14.138245850823985,,ok
v2e_vs_real,original,21000,22000,16408,13.35122151690215,,ok
v2e_vs_real,original,22000,23000,16697,14.93770361708398,,ok
v2e_vs_real,original,23000,24000,17071,14.491853211023871,,ok
v2e_vs_real,original,24000,25000,11826,13.427842378739175,,ok
v2e_vs_real,original,25000,26000,18166,14.15226531071073,,ok
v2e_vs_real,original,26000,27000,18069,16.218197062993035,,ok
v2e_vs_real,original,27000,28000,18153,16.09833783524507,,ok
v2e_vs_real,original,28000,29000,17933,15.800998158307276,,ok
v2e_vs_real,original,29000,30000,17821,16.0976408420575,,ok
v2e_vs_real,original,30000,31000,17308,16.560243857976367,,ok
v2e_vs_real,original,31000,32000,16542,16.541668144103166,,ok
v2e_vs_real,original,32000,33000,17943,17.636611295725512,,ok
v2e_vs_real,original,33000,34000,11990,18.094126002166576,,ok
v2e_vs_real,original,34000,35000,17723,19.377631195935624,,ok
v2e_vs_real,original,35000,36000,16641,18.737606186927856,,ok
v2e_vs_real,original,36000,37000,15823,19.560799319445877,,ok
v2e_vs_real,original,37000,38000,15218,19.06063329140226,,ok
v2e_vs_real,original,38000,39000,14812,19.917003924324387,,ok
v2e_vs_real,original,39000,40000,14500,21.33131299932108,,ok
v2e_vs_real,original,40000,41000,14633,22.27269863107475,,ok
v2e_vs_real,original,41000,42000,9749,22.967142310578677,,ok
v2e_vs_real,original,42000,43000,14733,23.819218647619024,,ok
v2e_vs_real,original,43000,44000,14910,24.816843720008524,,ok
v2e_vs_real,original,44000,45000,14756,25.627640792390558,,ok
v2e_vs_real,original,45000,46000,14927,27.082206618485767,,ok
v2e_vs_real,original,46000,47000,15020,28.38734312616622,,ok
v2e_vs_real,original,47000,48000,15293,29.47826205758017,,ok
v2e_vs_real,original,48000,49000,15703,30.042380304853815,,ok
v2e_vs_real,original,49000,50000,10693,30.744486443766323,,ok
v2e_vs_real,original,50000,51000,16117,31.113236799153256,,ok
v2e_vs_real,original,51000,52000,15965,32.21286658133715,,ok
v2e_vs_real,original,52000,53000,15562,32.68925968901048,,ok
v2e_vs_real,original,53000,54000,15390,33.74867216555066,,ok
v2e_vs_real,original,54000,55000,14918,34.06397886961774,,ok
v2e_vs_real,original,55000,56000,14953,35.32795974635489,,ok
v2e_vs_real,original,56000,57000,14945,35.86679350297506,,ok
v2e_vs_real,original,57000,58000,9946,37.10223944303273,,ok
v2e_vs_real,original,58000,59000,14963,38.047590407815925,,ok
v2e_vs_real,original,59000,60000,14871,39.90940947845845,,ok
v2e_vs_real,original,60000,61000,14611,39.29140136520822,,ok
v2e_vs_real,original,61000,62000,14087,40.44095403653894,,ok
v2e_vs_real,original,62000,63000,13479,39.927178251318004,,ok
v2e_vs_real,original,63000,64000,13345,39.946093181095655,,ok
v2e_vs_real,original,64000,65000,12629,39.93007367068158,,ok
v2e_vs_real,original,65000,66000,13330,39.74014625946027,,ok
v2e_vs_real,original,66000,67000,9721,39.67944826618798,,ok
v2e_vs_real,original,67000,68000,14188,40.06856497598578,,ok
v2e_vs_real,original,68000,69000,13274,41.31484025776763,,ok
v2e_vs_real,original,69000,70000,12649,42.78137908290206,,ok
v2e_vs_real,original,70000,71000,12506,43.3294278003416,,ok
v2e_vs_real,original,71000,72000,12465,42.68613542656763,,ok
v2e_vs_real,original,72000,73000,12424,44.69151075493486,,ok
v2e_vs_real,original,73000,74000,12516,44.95886289632535,,ok
v2e_vs_real,original,74000,75000,8384,45.407422930321914,,ok
v2e_vs_real,original,75000,76000,12589,45.593089398104304,,ok
v2e_vs_real,original,76000,77000,12756,44.96935358883073,,ok
v2e_vs_real,original,77000,78000,12721,44.86301294085751,,ok
v2e_vs_real,original,78000,79000,12818,44.964463103111896,,ok
v2e_vs_real,original,79000,80000,12647,44.139449391245314,,ok
v2e_vs_real,original,80000,81000,12880,45.64065050995317,,ok
v2e_vs_real,original,81000,82000,13138,44.753338876603785,,ok
v2e_vs_real,original,82000,83000,9049,44.86070121637284,,ok
v2e_vs_real,original,83000,84000,13497,44.550416234473694,,ok
v2e_vs_real,original,84000,85000,13313,42.73500424372262,,ok
v2e_vs_real,original,85000,86000,13272,42.657251609609546,,ok
v2e_vs_real,original,86000,87000,13129,42.19938418636478,,ok
v2e_vs_real,original,87000,88000,13070,42.527162446796225,,ok
v2e_vs_real,original,88000,89000,13176,42.40253478664799,,ok
v2e_vs_real,original,89000,90000,13222,43.151808553528134,,ok
v2e_vs_real,original,90000,91000,13239,44.39862557771034,,ok
v2e_vs_real,original,91000,92000,8996,44.54417169251202,,ok
v2e_vs_real,original,92000,93000,13304,45.311074373802185,,ok
v2e_vs_real,original,93000,94000,12912,45.25753747199358,,ok
v2e_vs_real,original,94000,95000,12762,45.04705102451079,,ok
v2e_vs_real,original,95000,96000,12283,44.91350181251348,,ok
v2e_vs_real,original,96000,97000,11965,43.958013587266294,,ok
v2e_vs_real,original,97000,98000,11464,44.03773884745326,,ok
v2e_vs_real,original,98000,99000,11236,44.19909397416463,,ok
v2e_vs_real,original,99000,100000,7943,44.58240410304649,,ok
v2e_vs_real,original,100000,101000,11930,46.37402306197952,,ok
v2e_vs_real,original,101000,102000,11920,48.424461965567794,,ok
v2e_vs_real,original,102000,103000,11268,51.440467536050974,,ok
v2e_vs_real,original,103000,104000,10961,51.983293716963004,,ok
v2e_vs_real,original,104000,105000,10990,51.51883681718604,,ok
v2e_vs_real,original,105000,106000,10889,51.844147779829605,,ok
v2e_vs_real,original,106000,107000,10745,50.91203357952383,,ok
v2e_vs_real,original,107000,108000,7106,51.891796241540675,,ok
v2e_vs_real,original,108000,109000,10648,52.45301061100428,,ok
v2e_vs_real,original,109000,110000,10651,52.606761339844404,,ok
v2e_vs_real,original,110000,111000,10691,52.536805658804376,,ok
v2e_vs_real,original,111000,112000,10668,53.55167504641875,,ok
v2e_vs_real,original,112000,113000,10664,54.07509414306194,,ok
v2e_vs_real,original,113000,114000,10689,53.37748436672919,,ok
v2e_vs_real,original,114000,115000,10618,52.92568453791034,,ok
v2e_vs_real,original,115000,116000,11168,49.954488759588024,,ok
v2e_vs_real,original,116000,117000,7561,50.107042349113385,,ok
v2e_vs_real,original,117000,118000,11289,49.7736663332128,,ok
v2e_vs_real,original,118000,119000,11078,49.92108432939829,,ok
v2e_vs_real,original,119000,120000,10586,50.26527898906602,,ok
v2e_vs_real,original,120000,121000,10328,51.456376040718396,,ok
v2e_vs_real,original,121000,122000,10054,51.90747529751758,,ok
v2e_vs_real,original,122000,123000,9998,51.24620243066723,,ok
v2e_vs_real,original,123000,124000,9891,51.3905413154849,,ok
v2e_vs_real,original,124000,125000,6577,50.929699437584965,,ok
v2e_vs_real,original,125000,126000,9781,51.62052233916364,,ok
v2e_vs_real,original,126000,127000,9705,54.38797716121518,,ok
v2e_vs_real,original,127000,128000,9498,55.471152355083454,,ok
v2e_vs_real,original,128000,129000,9374,52.54680294104176,,ok
v2e_vs_real,original,129000,130000,9433,50.27837013450556,,ok
v2e_vs_real,original,130000,131000,9342,47.636953667093714,,ok
v2e_vs_real,original,131000,132000,9088,46.27992339860834,,ok
v2e_vs_real,original,132000,133000,8570,44.398971543515486,,ok
v2e_vs_real,original,133000,134000,9464,43.50956938971907,,ok
v2e_vs_real,original,134000,135000,6460,43.78561985122088,,ok
v2e_vs_real,original,135000,136000,8064,46.56032734328755,,ok
v2e_vs_real,original,136000,137000,7937,47.4904259217022,,ok
v2e_vs_real,original,137000,138000,7993,45.248376408399245,,ok
v2e_vs_real,original,138000,139000,6305,45.06211760861572,,ok
v2e_vs_real,original,139000,140000,8726,42.92057431683602,,ok
v2e_vs_real,original,140000,141000,9260,42.63524718451904,,ok
v2e_vs_real,original,141000,142000,9721,41.39573996845474,,ok
v2e_vs_real,original,142000,143000,10143,39.75781034426709,,ok
v2e_vs_real,original,143000,144000,7781,40.780914775086835,,ok
v2e_vs_real,original,144000,145000,10227,41.50875994252481,,ok
v2e_vs_real,original,145000,146000,10385,40.7852175274882,,ok
v2e_vs_real,original,146000,147000,10451,40.62335465973443,,ok
v2e_vs_real,original,147000,148000,10341,39.873122372029165,,ok
v2e_vs_real,original,148000,149000,7927,38.08254051127263,,ok
v2e_vs_real,original,149000,150000,10424,37.75426609263719,,ok
v2e_vs_real,original,150000,151000,10428,37.06550665117867,,ok
v2e_vs_real,original,151000,152000,10495,36.88947868879753,,ok
v2e_vs_real,original,152000,153000,7849,36.118439218216956,,ok
v2e_vs_real,original,153000,154000,10211,36.95359234282098,,ok
v2e_vs_real,original,154000,155000,10182,38.4297916475779,,ok
v2e_vs_real,original,155000,156000,10027,38.41221528647335,,ok
v2e_vs_real,original,156000,157000,7474,39.06461940872016,,ok
v2e_vs_real,original,157000,158000,10134,38.08649940907136,,ok
v2e_vs_real,original,158000,159000,10004,39.56723033728839,,ok
v2e_vs_real,original,159000,160000,9776,39.26587781650014,,ok
v2e_vs_real,original,160000,161000,9793,38.24692311513894,,ok
v2e_vs_real,original,161000,162000,7460,37.03450042108083,,ok
v2e_vs_real,original,162000,163000,9898,35.69521134400666,,ok
v2e_vs_real,original,163000,164000,9889,35.424624165945325,,ok
v2e_vs_real,original,164000,165000,9783,34.55164448918913,,ok
v2e_vs_real,original,165000,166000,10415,33.679645878153934,,ok
v2e_vs_real,original,166000,167000,8465,32.25947972099396,,ok
v2e_vs_real,original,167000,168000,11125,28.9085970328586,,ok
v2e_vs_real,original,168000,169000,11002,26.622545088844262,,ok
v2e_vs_real,original,169000,170000,10905,25.47233676516889,,ok
v2e_vs_real,original,170000,171000,8339,25.916517980113884,,ok
v2e_vs_real,original,171000,172000,11341,25.225396787227165,,ok
v2e_vs_real,original,172000,173000,11339,23.96294920242233,,ok
v2e_vs_real,original,173000,174000,11772,21.28792778811724,,ok
v2e_vs_real,original,174000,175000,11942,20.957361269211802,,ok
v2e_vs_real,original,175000,176000,9226,20.177864030260423,,ok
v2e_vs_real,original,176000,177000,12809,19.674827530987105,,ok
v2e_vs_real,original,177000,178000,13210,20.6507462745531,,ok
v2e_vs_real,original,178000,179000,13528,19.107265721772677,,ok
v2e_vs_real,original,179000,180000,10338,18.90967187928728,,ok
v2e_vs_real,original,180000,181000,13861,18.265325346179402,,ok
v2e_vs_real,original,181000,182000,14070,17.576814244391255,,ok
v2e_vs_real,original,182000,183000,14407,17.490332892397408,,ok
v2e_vs_real,original,183000,184000,14244,17.40526945286352,,ok
v2e_vs_real,original,184000,185000,10582,17.431091353767766,,ok
v2e_vs_real,original,185000,186000,14134,17.109961557283185,,ok
v2e_vs_real,original,186000,187000,14086,16.71734821508971,,ok
v2e_vs_real,original,187000,188000,14091,16.850776492373853,,ok
v2e_vs_real,original,188000,189000,10559,16.98762835840281,,ok
v2e_vs_real,original,189000,190000,14065,17.686842181112404,,ok
v2e_vs_real,original,190000,191000,13794,18.29967242985266,,ok
v2e_vs_real,original,191000,192000,13476,18.111041871929984,,ok
v2e_vs_real,original,192000,193000,13513,19.4916299715791,,ok
v2e_vs_real,original,193000,194000,10072,20.06085549098535,,ok
v2e_vs_real,original,194000,195000,13448,19.626054009819313,,ok
v2e_vs_real,original,195000,196000,13310,19.55087821023608,,ok
v2e_vs_real,original,196000,197000,13041,18.649469985239527,,ok
v2e_vs_real,original,197000,198000,9609,18.706074064491887,,ok
v2e_vs_real,original,198000,199000,12536,18.84491837414611,,ok
v2e_vs_real,original,199000,200000,13134,19.74753229099798,,ok
v2e_vs_real,original,200000,201000,12689,17.71438278435822,,ok
v2e_vs_real,original,201000,202000,12294,17.91342625133594,,ok
v2e_vs_real,original,202000,203000,9100,20.10612490734396,,ok
v2e_vs_real,original,203000,204000,12006,21.836667027771604,,ok
v2e_vs_real,original,204000,205000,11942,24.63516065871001,,ok
v2e_vs_real,original,205000,206000,12143,28.342079994821802,,ok
v2e_vs_real,original,206000,207000,12380,30.613321830082818,,ok
v2e_vs_real,original,207000,208000,9315,32.45510879144021,,ok
v2e_vs_real,original,208000,209000,12809,33.41698152214602,,ok
v2e_vs_real,original,209000,210000,12953,35.654466476851105,,ok
v2e_vs_real,original,210000,211000,13269,35.44424078296793,,ok
v2e_vs_real,original,211000,212000,10063,36.761726967463,,ok
v2e_vs_real,original,212000,213000,13557,36.47367628692236,,ok
v2e_vs_real,original,213000,214000,13773,37.5813673919993,,ok
v2e_vs_real,original,214000,215000,13911,36.15772163253573,,ok
v2e_vs_real,original,215000,216000,14113,36.00810861936817,,ok
v2e_vs_real,original,216000,217000,10718,34.97375927919588,,ok
v2e_vs_real,original,217000,218000,14206,34.82915600740865,,ok
v2e_vs_real,original,218000,219000,14433,33.69092723134902,,ok
v2e_vs_real,original,219000,220000,14360,34.26014293402528,,ok
v2e_vs_real,original,220000,221000,10712,33.820793879477634,,ok
v2e_vs_real,original,221000,222000,14471,34.63393580868333,,ok
v2e_vs_real,original,222000,223000,14381,34.04898167359274,,ok
v2e_vs_real,original,223000,224000,13968,34.0808827798565,,ok
v2e_vs_real,original,224000,225000,13854,33.687009232822085,,ok
v2e_vs_real,original,225000,226000,10365,33.898587001505376,,ok
v2e_vs_real,original,226000,227000,13688,33.897664207610624,,ok
v2e_vs_real,original,227000,228000,13308,34.129969663624244,,ok
v2e_vs_real,original,228000,229000,12904,34.08420290943764,,ok
v2e_vs_real,original,229000,230000,9510,34.57451496212034,,ok
v2e_vs_real,original,230000,231000,12440,34.24514175860528,,ok
v2e_vs_real,original,231000,232000,12279,33.76187545719829,,ok
v2e_vs_real,original,232000,233000,12481,33.53072151983793,,ok
v2e_vs_real,original,233000,234000,11978,36.23180405801196,,ok
v2e_vs_real,original,234000,235000,8634,38.348029319843114,,ok
v2e_vs_real,original,235000,236000,11179,39.99323078835927,,ok
v2e_vs_real,original,236000,237000,10869,41.30345367281457,,ok
v2e_vs_real,original,237000,238000,11192,42.93421915364234,,ok
v2e_vs_real,original,238000,239000,8504,43.41488539619946,,ok
v2e_vs_real,original,239000,240000,11589,45.36820934730411,,ok
v2e_vs_real,original,240000,241000,12206,46.10665739130508,,ok
v2e_vs_real,original,241000,242000,12253,48.72597384732156,,ok
v2e_vs_real,original,242000,243000,12602,47.05732010715769,,ok
v2e_vs_real,original,243000,244000,9468,46.717120956113504,,ok
v2e_vs_real,original,244000,245000,12773,45.58577242883761,,ok
v2e_vs_real,original,245000,246000,13196,43.81261764234663,,ok
v2e_vs_real,original,246000,247000,13588,42.87045700426188,,ok
v2e_vs_real,original,247000,248000,10267,42.01932187845706,,ok
v2e_vs_real,original,248000,249000,13916,41.951408189674574,,ok
v2e_vs_real,original,249000,250000,14023,41.385314468918764,,ok
v2e_vs_real,original,250000,251000,13996,41.120098170555494,,ok
v2e_vs_real,original,251000,252000,13953,40.68771388006837,,ok
v2e_vs_real,original,252000,253000,10475,40.594055276508016,,ok
v2e_vs_real,original,253000,254000,13867,39.43845174196003,,ok
v2e_vs_real,original,254000,255000,13998,38.64394148486189,,ok
v2e_vs_real,original,255000,256000,13824,38.5108230702014,,ok
v2e_vs_real,original,256000,257000,14017,38.44452572047865,,ok
v2e_vs_real,original,257000,258000,10604,38.15592382208392,,ok
v2e_vs_real,original,258000,259000,14133,37.944328145425125,,ok
v2e_vs_real,original,259000,260000,13925,37.63176045919612,,ok
v2e_vs_real,original,260000,261000,13452,38.0853747454205,,ok
v2e_vs_real,original,261000,262000,10001,37.72553377582436,,ok
v2e_vs_real,original,262000,263000,12776,38.27471761895797,,ok
v2e_vs_real,original,263000,264000,12169,39.05587039767866,,ok
v2e_vs_real,original,264000,265000,11925,38.57654583903153,,ok
v2e_vs_real,original,265000,266000,12388,38.22972264041009,,ok
v2e_vs_real,original,266000,267000,9641,37.89559622643276,,ok
v2e_vs_real,original,267000,268000,9117,39.16325169421704,,ok
v2e_vs_real,original,268000,269000,11578,43.77610399277876,,ok
v2e_vs_real,original,269000,270000,8663,47.53334813849884,,ok
v2e_vs_real,original,270000,271000,8570,48.58328610734217,,ok
v2e_vs_real,original,271000,272000,11725,49.74623221219925,,ok
v2e_vs_real,original,272000,273000,8839,49.715736988551974,,ok
v2e_vs_real,original,273000,274000,12186,49.69328440652772,,ok
v2e_vs_real,original,274000,275000,9194,49.413803527728774,,ok
v2e_vs_real,original,275000,276000,9351,50.003426323168455,,ok
v2e_vs_real,original,276000,277000,12387,49.334055483140006,,ok
v2e_vs_real,original,277000,278000,9142,49.00542755769027,,ok
v2e_vs_real,original,278000,279000,11863,50.48200952425006,,ok
v2e_vs_real,original,279000,280000,8808,50.46889378764014,,ok
v2e_vs_real,original,280000,281000,9008,50.96598937522102,,ok
v2e_vs_real,original,281000,282000,11762,51.827826500227445,,ok
v2e_vs_real,original,282000,283000,9208,49.76498449055806,,ok
v2e_vs_real,original,283000,284000,12529,51.879545079331905,,ok
v2e_vs_real,original,284000,285000,9320,53.003712614398545,,ok
v2e_vs_real,original,285000,286000,9288,53.033918241800635,,ok
v2e_vs_real,original,286000,287000,12283,55.11473019561812,,ok
v2e_vs_real,original,287000,288000,9165,55.771727027371654,,ok
v2e_vs_real,original,288000,289000,12245,57.95515602049319,,ok
v2e_vs_real,original,289000,290000,9186,59.594522184754,,ok
v2e_vs_real,original,290000,291000,9100,62.26342638212392,,ok
v2e_vs_real,original,291000,292000,12159,63.22680979743234,,ok
v2e_vs_real,original,292000,293000,8975,64.6030160767129,,ok
v2e_vs_real,original,293000,294000,8981,63.49483981004104,,ok
v2e_vs_real,original,294000,295000,11598,60.26849492195148,,ok
v2e_vs_real,original,295000,296000,8406,55.61954163692991,,ok
v2e_vs_real,original,296000,297000,11170,51.40544707774437,,ok
v2e_vs_real,original,297000,298000,8182,47.96973074244714,,ok
v2e_vs_real,original,298000,299000,7864,46.580872565013884,,ok
v2e_vs_real,original,299000,300000,11779,42.01710158264246,,ok
v2e_vs_real,original,300000,301000,8196,41.257198380269166,,ok
v2e_vs_real,original,301000,302000,10746,38.695452259644206,,ok
v2e_vs_real,original,302000,303000,8043,36.40420520521866,,ok
v2e_vs_real,original,303000,304000,7970,36.11201052912293,,ok
v2e_vs_real,original,304000,305000,10335,37.13239518541947,,ok
v2e_vs_real,original,305000,306000,7774,37.12823012758946,,ok
v2e_vs_real,original,306000,307000,10308,37.27362400341259,,ok
v2e_vs_real,original,307000,308000,7625,37.686872639875084,,ok
v2e_vs_real,original,308000,309000,7482,38.74958566879819,,ok
v2e_vs_real,original,309000,310000,10130,37.65836221070989,,ok
v2e_vs_real,original,310000,311000,7611,38.35751136766943,,ok
v2e_vs_real,original,311000,312000,7537,39.542405983696824,,ok
v2e_vs_real,original,312000,313000,9887,39.17210118626728,,ok
v2e_vs_real,original,313000,314000,7464,38.97890788246713,,ok
v2e_vs_real,original,314000,315000,9918,39.844629106373475,,ok
v2e_vs_real,original,315000,316000,7609,38.53618438495805,,ok
v2e_vs_real,original,316000,317000,7777,37.4928450509961,,ok
v2e_vs_real,original,317000,318000,10351,38.97468600628169,,ok
v2e_vs_real,original,318000,319000,7851,40.46629842162824,,ok
v2e_vs_real,original,319000,320000,10244,40.647194546187116,,ok
v2e_vs_real,original,320000,321000,7727,40.647456216161345,,ok
v2e_vs_real,original,321000,322000,7716,42.19008250559933,,ok
v2e_vs_real,original,322000,323000,10345,40.354331841996704,,ok
v2e_vs_real,original,323000,324000,7695,41.07487520986577,,ok
v2e_vs_real,original,324000,325000,7568,40.9818119055264,,ok
v2e_vs_real,original,325000,326000,10405,40.2783650293398,,ok
v2e_vs_real,original,326000,327000,7741,39.322953844427566,,ok
v2e_vs_real,original,327000,328000,10258,39.599845682231106,,ok
v2e_vs_real,original,328000,329000,7750,39.57450724704544,,ok
v2e_vs_real,original,329000,330000,7868,37.29423426266884,,ok
v2e_vs_real,original,330000,331000,10439,35.965868375676195,,ok
v2e_vs_real,original,331000,332000,7722,34.127477584821264,,ok
v2e_vs_real,original,332000,333000,10798,29.818306197318716,,ok
v2e_vs_real,original,333000,334000,8199,28.734538499502023,,ok
v2e_vs_real,original,334000,335000,8391,29.704799649165185,,ok
v2e_vs_real,original,335000,336000,11362,29.753342203910083,,ok
v2e_vs_real,original,336000,337000,8616,30.81623169537029,,ok
v2e_vs_real,original,337000,338000,11747,30.792996593292106,,ok
v2e_vs_real,original,338000,339000,8880,30.949827509002887,,ok
v2e_vs_real,original,339000,340000,9063,32.51263326759496,,ok
v2e_vs_real,original,340000,341000,12044,31.530454329164204,,ok
v2e_vs_real,original,341000,342000,8986,29.42109801666957,,ok
v2e_vs_real,original,342000,343000,12461,27.9668676824529,,ok
v2e_vs_real,original,343000,344000,9711,27.48079811312445,,ok
v2e_vs_real,original,344000,345000,9998,25.385049661259377,,ok
v2e_vs_real,original,345000,346000,13915,20.988383710499445,,ok
v2e_vs_real,original,346000,347000,10758,18.356088297520095,,ok
v2e_vs_real,original,347000,348000,10951,16.909104506467546,,ok
v2e_vs_real,original,348000,349000,15173,15.653645640806607,,ok
v2e_vs_real,original,349000,350000,12068,13.055445139522165,,ok
v2e_vs_real,original,350000,351000,16355,12.317909673414055,,ok
v2e_vs_real,original,351000,352000,12655,10.839268397289718,,ok
v2e_vs_real,original,352000,353000,12766,10.935587749893761,,ok
v2e_vs_real,original,353000,354000,17315,11.937058884069575,,ok
v2e_vs_real,original,354000,355000,13003,13.548587677777418,,ok
v2e_vs_real,original,355000,356000,17570,14.887610294374884,,ok
v2e_vs_real,original,356000,357000,13126,16.360328054258257,,ok
v2e_vs_real,original,357000,358000,13252,17.121873273612724,,ok
v2e_vs_real,original,358000,359000,17951,19.10249463550528,,ok
v2e_vs_real,original,359000,360000,13333,20.904581340441307,,ok
v2e_vs_real,original,360000,361000,17679,20.143297495639793,,ok
v2e_vs_real,original,361000,362000,13172,20.390875705540687,,ok
v2e_vs_real,original,362000,363000,13127,20.36812944638896,,ok
v2e_vs_real,original,363000,364000,17279,19.871185004746216,,ok
v2e_vs_real,original,364000,365000,12566,19.45124130925841,,ok
v2e_vs_real,original,365000,366000,16755,18.287747796746036,,ok
v2e_vs_real,original,366000,367000,12321,19.233368420520506,,ok
v2e_vs_real,original,367000,368000,11906,20.711732411120224,,ok
v2e_vs_real,original,368000,369000,15404,22.222394428942383,,ok
v2e_vs_real,original,369000,370000,11365,22.666668482855723,,ok
v2e_vs_real,original,370000,371000,11060,23.4347175951736,,ok
v2e_vs_real,original,371000,372000,14691,23.70023400254015,,ok
v2e_vs_real,original,372000,373000,11036,23.896539484446997,,ok
v2e_vs_real,original,373000,374000,14953,25.192942029822163,,ok
v2e_vs_real,original,374000,375000,11487,27.033377623881936,,ok
v2e_vs_real,original,375000,376000,11917,27.646046047566863,,ok
v2e_vs_real,original,376000,377000,16157,28.726780254407608,,ok
v2e_vs_real,original,377000,378000,12115,28.994801819006785,,ok
v2e_vs_real,original,378000,379000,16338,29.874565714080607,,ok
v2e_vs_real,original,379000,380000,12357,31.64620359288791,,ok
v2e_vs_real,original,380000,381000,12445,32.79575159397657,,ok
v2e_vs_real,original,381000,382000,16930,32.88929531422287,,ok
v2e_vs_real,original,382000,383000,13344,32.512832193449775,,ok
v2e_vs_real,original,383000,384000,17616,32.90980340049147,,ok
v2e_vs_real,original,384000,385000,13119,33.81126522535928,,ok
v2e_vs_real,original,385000,386000,12946,35.009580390459966,,ok
v2e_vs_real,original,386000,387000,16747,34.62504990253139,,ok
v2e_vs_real,original,387000,388000,12565,34.342021879522825,,ok
v2e_vs_real,original,388000,389000,12431,36.22696588542636,,ok
v2e_vs_real,original,389000,390000,16452,36.90327425662711,,ok
v2e_vs_real,original,390000,391000,12239,38.28427226574013,,ok
v2e_vs_real,original,391000,392000,16473,40.699957725331174,,ok
v2e_vs_real,original,392000,393000,12346,42.334145659272636,,ok
v2e_vs_real,original,393000,394000,12189,42.18420398507096,,ok
v2e_vs_real,original,394000,395000,15939,42.74313599155664,,ok
v2e_vs_real,original,395000,396000,11534,42.54900815710045,,ok
v2e_vs_real,original,396000,397000,14940,42.589566051166734,,ok
v2e_vs_real,original,397000,398000,10819,42.19800533528596,,ok
v2e_vs_real,original,398000,399000,10382,42.568808899162164,,ok
v2e_vs_real,original,399000,400000,13441,39.04318702105865,,ok
v2e_vs_real,original,400000,401000,12208,40.19666308508413,,ok
v2e_vs_real,original,401000,402000,11534,41.54683251098205,,ok
v2e_vs_real,original,402000,403000,11373,43.99581800253762,,ok
v2e_vs_real,original,403000,404000,8806,45.765221146658156,,ok
v2e_vs_real,original,404000,405000,11927,46.43115612356878,,ok
v2e_vs_real,original,405000,406000,12302,46.78272560603939,,ok
v2e_vs_real,original,406000,407000,12487,47.14013965435617,,ok
v2e_vs_real,original,407000,408000,12700,46.233603929276356,,ok
v2e_vs_real,original,408000,409000,12815,46.450241907817706,,ok
v2e_vs_real,original,409000,410000,9708,47.74239009585979,,ok
v2e_vs_real,original,410000,411000,12839,46.85486099822012,,ok
v2e_vs_real,original,411000,412000,12844,47.32120052491701,,ok
v2e_vs_real,original,412000,413000,12896,46.55285972654766,,ok
v2e_vs_real,original,413000,414000,12935,46.05897930260369,,ok
v2e_vs_real,original,414000,415000,12984,45.88436846669498,,ok
v2e_vs_real,original,415000,416000,13291,44.68130647588897,,ok
v2e_vs_real,original,416000,417000,10189,43.99897757368614,,ok
v2e_vs_real,original,417000,418000,13170,43.78058136303976,,ok
v2e_vs_real,original,418000,419000,13096,42.29056813310013,,ok
v2e_vs_real,original,419000,420000,13015,42.428635278605675,,ok
v2e_vs_real,original,420000,421000,13066,42.08267877823285,,ok
v2e_vs_real,original,421000,422000,13075,42.064741901457815,,ok
v2e_vs_real,original,422000,423000,9749,42.70700831010421,,ok
v2e_vs_real,original,423000,424000,13048,43.7175482084115,,ok
v2e_vs_real,original,424000,425000,13275,45.8299164891467,,ok
v2e_vs_real,original,425000,426000,13177,46.837686714871424,,ok
v2e_vs_real,original,426000,427000,12911,47.26099764508045,,ok
v2e_vs_real,original,427000,428000,12549,46.79309463277189,,ok
v2e_vs_real,original,428000,429000,9099,46.34001494684771,,ok
v2e_vs_real,original,429000,430000,11819,46.156909484407954,,ok
v2e_vs_real,original,430000,431000,10942,45.070940876050045,,ok
v2e_vs_real,original,431000,432000,10457,44.61054842984618,,ok
v2e_vs_real,original,432000,433000,10164,42.56160409192064,,ok
v2e_vs_real,original,433000,434000,9979,44.55423228484602,,ok
v2e_vs_real,original,434000,435000,7379,48.468183146517745,,ok
v2e_vs_real,original,435000,436000,9797,51.61682864095309,,ok
v2e_vs_real,original,436000,437000,9630,53.6335915345794,,ok
v2e_vs_real,original,437000,438000,9756,54.698741447833555,,ok
v2e_vs_real,original,438000,439000,9837,52.75128649286682,,ok
v2e_vs_real,original,439000,440000,9856,53.09417651911077,,ok
v2e_vs_real,original,440000,441000,7359,52.02040915697631,,ok
v2e_vs_real,original,441000,442000,10029,53.6045898900135,,ok
v2e_vs_real,original,442000,443000,10000,54.02624529233321,,ok
v2e_vs_real,original,443000,444000,10048,54.97215687930202,,ok
v2e_vs_real,original,444000,445000,9905,54.92997461564033,,ok
v2e_vs_real,original,445000,446000,9881,55.132383497095226,,ok
v2e_vs_real,original,446000,447000,10013,53.32384030819416,,ok
v2e_vs_real,original,447000,448000,7385,55.290639124767594,,ok
v2e_vs_real,original,448000,449000,10099,54.486051186247344,,ok
v2e_vs_real,original,449000,450000,10183,52.34564801217676,,ok
v2e_vs_real,original,450000,451000,10043,51.67952761089499,,ok
v2e_vs_real,original,451000,452000,9942,51.159993564378794,,ok
v2e_vs_real,original,452000,453000,9813,51.224158977538906,,ok
v2e_vs_real,original,453000,454000,7297,53.038055683725176,,ok
v2e_vs_real,original,454000,455000,9410,53.93496621043309,,ok
v2e_vs_real,original,455000,456000,9408,53.820715745572855,,ok
v2e_vs_real,original,456000,457000,9321,53.411014223008614,,ok
v2e_vs_real,original,457000,458000,9122,52.93460507111051,,ok
v2e_vs_real,original,458000,459000,9355,53.375444403137465,,ok
v2e_vs_real,original,459000,460000,6924,54.89060947579196,,ok
v2e_vs_real,original,460000,461000,8925,54.92594466555246,,ok
v2e_vs_real,original,461000,462000,8990,53.64759667664401,,ok
v2e_vs_real,original,462000,463000,8898,51.92251582030226,,ok
v2e_vs_real,original,463000,464000,8983,49.11655313154137,,ok
v2e_vs_real,original,464000,465000,9171,47.04292784235379,,ok
v2e_vs_real,original,465000,466000,9294,44.300330729418675,,ok
v2e_vs_real,original,466000,467000,6546,42.34623072987896,,ok
v2e_vs_real,original,467000,468000,8136,43.23479736898779,,ok
v2e_vs_real,original,468000,469000,7709,44.497650983972825,,ok
v2e_vs_real,original,469000,470000,7738,45.504877331966014,,ok
v2e_vs_real,original,470000,471000,7885,44.3173009592232,,ok
v2e_vs_real,original,471000,472000,8164,44.15950372437619,,ok
v2e_vs_real,original,472000,473000,6439,42.929309198208266,,ok
v2e_vs_real,original,473000,474000,8975,41.85752860557543,,ok
v2e_vs_real,original,474000,475000,9609,40.94664263489724,,ok
v2e_vs_real,original,475000,476000,10162,40.281410628216754,,ok
v2e_vs_real,original,476000,477000,10705,40.24381369671666,,ok
v2e_vs_real,original,477000,478000,10704,39.6208798097661,,ok
v2e_vs_real,original,478000,479000,8156,39.87808595988838,,ok
v2e_vs_real,original,479000,480000,10957,39.4666773310087,,ok
v2e_vs_real,original,480000,481000,10940,39.021534190942226,,ok
v2e_vs_real,original,481000,482000,11100,39.258389984742266,,ok
v2e_vs_real,original,482000,483000,10965,38.175343675353226,,ok
v2e_vs_real,original,483000,484000,10942,38.06892040905546,,ok
v2e_vs_real,original,484000,485000,8114,36.725691746838194,,ok
v2e_vs_real,original,485000,486000,10726,36.98425247197382,,ok
v2e_vs_real,original,486000,487000,10540,37.23974511092038,,ok
v2e_vs_real,original,487000,488000,10361,37.775536986695265,,ok
v2e_vs_real,original,488000,489000,10383,38.47976277114679,,ok
v2e_vs_real,original,489000,490000,10233,38.742125416907044,,ok
v2e_vs_real,original,490000,491000,10291,38.68965641580521,,ok
v2e_vs_real,original,491000,492000,7749,38.40939079851032,,ok
v2e_vs_real,original,492000,493000,10193,38.771494646365504,,ok
v2e_vs_real,original,493000,494000,10103,38.14359977097116,,ok
v2e_vs_real,original,494000,495000,10091,37.092371841538366,,ok
v2e_vs_real,original,495000,496000,10167,36.53552574413439,,ok
v2e_vs_real,original,496000,497000,10176,35.045614950985794,,ok
v2e_vs_real,original,497000,498000,7520,35.26018550841391,,ok
v2e_vs_real,original,498000,499000,9854,35.06936158551286,,ok
v2e_vs_real,original,499000,500000,10838,32.43266255938568,,ok
v2e_vs_real,original,500000,501000,10828,29.019180710046747,,ok
v2e_vs_real,original,501000,502000,10856,25.299650230007018,,ok
v2e_vs_real,original,502000,503000,10590,25.15886706282541,,ok
v2e_vs_real,original,503000,504000,8031,23.628852414395165,,ok
v2e_vs_real,original,504000,505000,10980,22.3975321914229,,ok
v2e_vs_real,original,505000,506000,11165,20.846329175409604,,ok
v2e_vs_real,original,506000,507000,11201,19.828956682509936,,ok
v2e_vs_real,original,507000,508000,11490,19.028574733568217,,ok
v2e_vs_real,original,508000,509000,12035,17.672402200011955,,ok
v2e_vs_real,original,509000,510000,9304,16.527879188440917,,ok
v2e_vs_real,original,510000,511000,12674,16.84726312923381,,ok
v2e_vs_real,original,511000,512000,13097,16.11149121952538,,ok
v2e_vs_real,original,512000,513000,13467,16.048729936364314,,ok
v2e_vs_real,original,513000,514000,13659,16.170779321838115,,ok
v2e_vs_real,original,514000,515000,13755,16.183515198477203,,ok
v2e_vs_real,original,515000,516000,13989,16.630573261781464,,ok
v2e_vs_real,original,516000,517000,10458,16.903928841754887,,ok
v2e_vs_real,original,517000,518000,14053,16.914485148536432,,ok
v2e_vs_real,original,518000,519000,14033,15.93319292952589,,ok
v2e_vs_real,original,519000,520000,13956,16.616346211880753,,ok
v2e_vs_real,original,520000,521000,13752,15.957056710214635,,ok
v2e_vs_real,original,521000,522000,13666,16.018281896766457,,ok
v2e_vs_real,original,522000,523000,10358,15.905382575750556,,ok
v2e_vs_real,original,523000,524000,13374,16.66141728064425,,ok
v2e_vs_real,original,524000,525000,13283,16.854547626441487,,ok
v2e_vs_real,original,525000,526000,13203,17.265620442329418,,ok
v2e_vs_real,original,526000,527000,13209,18.233255192753436,,ok
v2e_vs_real,original,527000,528000,13353,18.005556972286012,,ok
v2e_vs_real,original,528000,529000,9759,18.36261533287683,,ok
v2e_vs_real,original,529000,530000,13052,18.657572632241045,,ok
v2e_vs_real,original,530000,531000,12703,18.73405584410064,,ok
v2e_vs_real,original,531000,532000,12451,18.627747046298506,,ok
v2e_vs_real,original,532000,533000,13546,19.62086147326414,,ok
v2e_vs_real,original,533000,534000,10606,18.983782937393773,,ok
v2e_vs_real,original,534000,535000,10231,19.307368995718345,,ok
v2e_vs_real,original,535000,536000,13378,20.721965246282654,,ok
v2e_vs_real,original,536000,537000,10013,22.527980032302413,,ok
v2e_vs_real,original,537000,538000,13221,24.401592238679637,,ok
v2e_vs_real,original,538000,539000,10072,27.695042485640258,,ok
v2e_vs_real,original,539000,540000,10160,29.397293766879002,,ok
v2e_vs_real,original,540000,541000,13735,31.669416591842303,,ok
v2e_vs_real,original,541000,542000,10522,33.861232661933336,,ok
v2e_vs_real,original,542000,543000,14150,34.20377576606585,,ok
v2e_vs_real,original,543000,544000,10761,34.59579880431409,,ok
v2e_vs_real,original,544000,545000,10745,36.423427271591144,,ok
v2e_vs_real,original,545000,546000,14686,36.32742585720299,,ok
v2e_vs_real,original,546000,547000,11066,36.502214101589566,,ok
v2e_vs_real,original,547000,548000,11143,37.10387287740987,,ok
v2e_vs_real,original,548000,549000,15142,36.45764948919249,,ok
v2e_vs_real,original,549000,550000,11721,36.173312548597764,,ok
v2e_vs_real,original,550000,551000,15672,35.75825132402076,,ok
v2e_vs_real,original,551000,552000,11572,35.843910957747504,,ok
v2e_vs_real,original,552000,553000,11804,35.39043939179961,,ok
v2e_vs_real,original,553000,554000,15433,36.14233985052092,,ok
v2e_vs_real,original,554000,555000,11594,35.77605197968541,,ok
v2e_vs_real,original,555000,556000,15510,35.95038277125706,,ok
v2e_vs_real,original,556000,557000,11439,35.74525593748092,,ok
v2e_vs_real,original,557000,558000,11385,36.10646492009061,,ok
v2e_vs_real,original,558000,559000,14980,35.75547252369368,,ok
v2e_vs_real,original,559000,560000,11063,35.11518912053184,,ok
v2e_vs_real,original,560000,561000,14543,35.42106112133684,,ok
v2e_vs_real,original,561000,562000,10680,35.85152556650497,,ok
v2e_vs_real,original,562000,563000,10553,35.79089184352997,,ok
v2e_vs_real,original,563000,564000,13522,35.2798415479679,,ok
v2e_vs_real,original,564000,565000,10169,35.219912256910604,,ok
v2e_vs_real,original,565000,566000,10109,34.16048451092056,,ok
v2e_vs_real,original,566000,567000,13542,35.84958316581972,,ok
v2e_vs_real,original,567000,568000,9587,37.69587068431502,,ok
v2e_vs_real,original,568000,569000,12360,39.34497446848825,,ok
v2e_vs_real,original,569000,570000,9040,40.63125860519385,,ok
v2e_vs_real,original,570000,571000,9037,41.89510716816257,,ok
v2e_vs_real,original,571000,572000,12229,43.75113033803172,,ok
v2e_vs_real,original,572000,573000,9274,46.20442251482429,,ok
v2e_vs_real,original,573000,574000,12672,47.39362282095035,,ok
v2e_vs_real,original,574000,575000,9815,48.66321510052593,,ok
v2e_vs_real,original,575000,576000,9879,48.51820273517501,,ok
v2e_vs_real,original,576000,577000,13652,46.817695369365595,,ok
v2e_vs_real,original,577000,578000,10339,45.51484620264992,,ok
v2e_vs_real,original,578000,579000,14062,44.278581526043006,,ok
v2e_vs_real,original,579000,580000,10871,42.79191231048995,,ok
v2e_vs_real,original,580000,581000,11078,42.60300145095863,,ok
v2e_vs_real,original,581000,582000,14981,41.1617150932618,,ok
v2e_vs_real,original,582000,583000,11259,41.20508100621723,,ok
v2e_vs_real,original,583000,584000,15239,41.20779744440815,,ok
v2e_vs_real,original,584000,585000,11492,40.56378018849273,,ok
v2e_vs_real,original,585000,586000,11564,40.22731218017158,,ok
v2e_vs_real,original,586000,587000,15403,39.41930706539418,,ok
v2e_vs_real,original,587000,588000,11431,38.82340801672857,,ok
v2e_vs_real,original,588000,589000,11497,38.06106647525277,,ok
v2e_vs_real,original,589000,590000,15580,37.87232956552731,,ok
v2e_vs_real,original,590000,591000,11473,38.11859351388836,,ok
v2e_vs_real,original,591000,592000,15400,37.57654731332004,,ok
v2e_vs_real,original,592000,593000,11432,37.41861593980253,,ok
v2e_vs_real,original,593000,594000,11215,37.58000675664675,,ok
v2e_vs_real,original,594000,595000,14478,37.770728744434855,,ok
v2e_vs_real,original,595000,596000,10461,37.91012358042292,,ok
v2e_vs_real,original,596000,597000,13647,38.21774208942064,,ok
v2e_vs_real,original,597000,598000,9749,38.755703441958254,,ok
v2e_vs_real,original,598000,599000,9355,39.19363275614448,,ok
v2e_vs_real,original,599000,600000,13836,36.80019221416331,,ok
v2e_vs_real,original,600000,601000,9222,38.46701996906032,,ok
v2e_vs_real,original,601000,602000,11983,41.26718501879615,,ok
v2e_vs_real,original,602000,603000,8646,45.87314801268093,,ok
v2e_vs_real,original,603000,604000,8636,47.06275868434329,,ok
v2e_vs_real,original,604000,605000,11481,49.13836687285459,,ok
v2e_vs_real,original,605000,606000,8640,48.70707215127707,,ok
v2e_vs_real,original,606000,607000,8899,49.33680526144369,,ok
v2e_vs_real,original,607000,608000,11937,49.040157578759036,,ok
v2e_vs_real,original,608000,609000,8929,49.242726095520275,,ok
v2e_vs_real,original,609000,610000,12051,49.39625303403119,,ok
v2e_vs_real,original,610000,611000,8870,49.93004477810207,,ok
v2e_vs_real,original,611000,612000,8803,50.30078554806718,,ok
v2e_vs_real,original,612000,613000,11649,51.0344414259724,,ok
v2e_vs_real,original,613000,614000,8648,50.45204843477958,,ok
v2e_vs_real,original,614000,615000,11572,50.70388253627954,,ok
v2e_vs_real,original,615000,616000,8903,51.55759027626292,,ok
v2e_vs_real,original,616000,617000,8966,51.310064870894124,,ok
v2e_vs_real,original,617000,618000,12118,52.89445685695385,,ok
v2e_vs_real,original,618000,619000,8925,53.187686542583364,,ok
v2e_vs_real,original,619000,620000,11846,54.90576922846249,,ok
v2e_vs_real,original,620000,621000,8822,55.62422258432248,,ok
v2e_vs_real,original,621000,622000,8747,56.46407468764068,,ok
v2e_vs_real,original,622000,623000,11674,58.3954448625665,,ok
v2e_vs_real,original,623000,624000,8945,59.587891371433365,,ok
v2e_vs_real,original,624000,625000,11894,61.79105167249627,,ok
v2e_vs_real,original,625000,626000,8772,61.181613984604205,,ok
v2e_vs_real,original,626000,627000,8609,60.19979607412765,,ok
v2e_vs_real,original,627000,628000,11003,57.99249060173952,,ok
v2e_vs_real,original,628000,629000,8071,54.5637759648827,,ok
v2e_vs_real,original,629000,630000,8050,48.369364385788984,,ok
v2e_vs_real,original,630000,631000,10320,47.07387798937868,,ok
v2e_vs_real,original,631000,632000,7392,46.00541630713205,,ok
v2e_vs_real,original,632000,633000,11219,40.84824338239616,,ok
v2e_vs_real,original,633000,634000,8152,41.16445629390847,,ok
v2e_vs_real,original,634000,635000,7698,39.03099118200955,,ok
v2e_vs_real,original,635000,636000,10444,34.97414099489272,,ok
v2e_vs_real,original,636000,637000,7765,35.28462283483825,,ok
v2e_vs_real,original,637000,638000,10220,35.30800154421477,,ok
v2e_vs_real,original,638000,639000,7598,37.27412177906188,,ok
v2e_vs_real,original,639000,640000,7476,36.55284413779394,,ok
v2e_vs_real,original,640000,641000,9772,37.8254964553861,,ok
v2e_vs_real,original,641000,642000,7326,38.33024217200011,,ok
v2e_vs_real,original,642000,643000,9727,38.48587523797279,,ok
v2e_vs_real,original,643000,644000,7411,38.10791628517537,,ok
v2e_vs_real,original,644000,645000,7389,38.93415332833911,,ok
v2e_vs_real,original,645000,646000,9896,38.464980999646706,,ok
v2e_vs_real,original,646000,647000,7305,39.780113786908025,,ok
v2e_vs_real,original,647000,648000,7384,39.574121338247934,,ok
v2e_vs_real,original,648000,649000,10115,37.847951180497276,,ok
v2e_vs_real,original,649000,650000,7631,37.09460238833188,,ok
v2e_vs_real,original,650000,651000,10293,37.21780846810417,,ok
v2e_vs_real,original,651000,652000,7769,38.91811900108573,,ok
v2e_vs_real,original,652000,653000,7587,40.81120982480445,,ok
v2e_vs_real,original,653000,654000,10263,40.30694719317907,,ok
v2e_vs_real,original,654000,655000,7685,40.317465968978155,,ok
v2e_vs_real,original,655000,656000,10401,41.01862125590559,,ok
v2e_vs_real,original,656000,657000,7563,41.835887527006186,,ok
v2e_vs_real,original,657000,658000,7699,41.299863828890395,,ok
v2e_vs_real,original,658000,659000,10262,40.844907386289144,,ok
v2e_vs_real,original,659000,660000,7554,41.95721339978146,,ok
v2e_vs_real,original,660000,661000,10326,40.1965708259843,,ok
v2e_vs_real,original,661000,662000,7566,40.246022242977844,,ok
v2e_vs_real,original,662000,663000,7642,39.231582672268345,,ok
v2e_vs_real,original,663000,664000,10335,35.713321888858175,,ok
v2e_vs_real,original,664000,665000,7549,36.32655717547374,,ok
v2e_vs_real,original,665000,666000,7872,31.215250179125754,,ok
v2e_vs_real,original,666000,667000,9910,22.921484621829418,,ok
v2e_vs_real,original,667000,668000,10048,23.565135398428428,,ok
v2e_vs_real,original,668000,669000,10195,25.36042577164031,,ok
v2e_vs_real,original,669000,670000,10597,26.123494263650226,,ok
v2e_vs_real,original,670000,671000,7061,26.789734875486896,,ok
v2e_vs_real,original,671000,672000,10749,27.213341158802656,,ok
v2e_vs_real,original,672000,673000,10859,29.29801245115768,,ok
v2e_vs_real,original,673000,674000,10899,28.977473191070175,,ok
v2e_vs_real,original,674000,675000,10989,28.59079773102601,,ok
v2e_vs_real,original,675000,676000,7551,27.856080720205036,,ok
v2e_vs_real,original,676000,677000,11397,28.064817685062923,,ok
v2e_vs_real,original,677000,678000,11894,27.040867827619362,,ok
v2e_vs_real,original,678000,679000,12210,25.811023523662218,,ok
v2e_vs_real,original,679000,680000,12672,22.679499607975906,,ok
v2e_vs_real,original,680000,681000,8707,21.36454608064794,,ok
v2e_vs_real,original,681000,682000,13548,19.660502201366647,,ok
v2e_vs_real,original,682000,683000,14241,16.429683804292125,,ok
v2e_vs_real,original,683000,684000,14780,15.317576549370528,,ok
v2e_vs_real,original,684000,685000,10218,12.652692492956144,,ok
v2e_vs_real,original,685000,686000,15337,12.152034920479547,,ok
v2e_vs_real,original,686000,687000,15701,12.59087995517502,,ok
v2e_vs_real,original,687000,688000,15481,12.049594222907702,,ok
v2e_vs_real,original,688000,689000,15751,13.797912083947793,,ok
v2e_vs_real,original,689000,690000,10637,14.88087112842227,,ok
v2e_vs_real,original,690000,691000,16001,15.315676501670913,,ok
v2e_vs_real,original,691000,692000,16304,15.746336359337512,,ok
v2e_vs_real,original,692000,693000,16318,17.72012973073622,,ok
v2e_vs_real,original,693000,694000,16305,18.36858804448847,,ok
v2e_vs_real,original,694000,695000,10770,18.64663675683655,,ok
v2e_vs_real,original,695000,696000,16088,19.838327002485325,,ok
v2e_vs_real,original,696000,697000,15954,19.2920005518318,,ok
v2e_vs_real,original,697000,698000,15450,19.057948052002907,,ok
v2e_vs_real,original,698000,699000,15301,19.050594212145675,,ok
v2e_vs_real,original,699000,700000,10378,21.42547953718461,,ok
v2e_vs_real,original,700000,701000,15116,20.39552989787511,,ok
v2e_vs_real,original,701000,702000,14469,21.162027498703594,,ok
v2e_vs_real,original,702000,703000,14106,22.258027744592614,,ok
v2e_vs_real,original,703000,704000,13718,21.647215619422123,,ok
v2e_vs_real,original,704000,705000,9151,22.99072803722755,,ok
v2e_vs_real,original,705000,706000,13393,22.522483608602244,,ok
v2e_vs_real,original,706000,707000,13295,22.453281070382726,,ok
v2e_vs_real,original,707000,708000,13661,24.015927893149694,,ok
v2e_vs_real,original,708000,709000,9320,26.09589663577659,,ok
v2e_vs_real,original,709000,710000,14044,26.73884096689431,,ok
v2e_vs_real,original,710000,711000,14421,26.494615454586455,,ok
v2e_vs_real,original,711000,712000,14274,27.4903016527496,,ok
v2e_vs_real,original,712000,713000,14778,29.406283423628707,,ok
v2e_vs_real,original,713000,714000,10013,30.95686077373758,,ok
v2e_vs_real,original,714000,715000,14986,31.369970320456037,,ok
v2e_vs_real,original,715000,716000,15524,31.48940927027538,,ok
v2e_vs_real,original,716000,717000,15315,32.016862917552416,,ok
v2e_vs_real,original,717000,718000,15535,33.434806238914085,,ok
v2e_vs_real,original,718000,719000,10271,34.35435771223543,,ok
v2e_vs_real,original,719000,720000,15190,34.600720468224196,,ok
v2e_vs_real,original,720000,721000,14652,34.92543843049424,,ok
v2e_vs_real,original,721000,722000,14738,35.575920621531125,,ok
v2e_vs_real,original,722000,723000,14746,36.894019913413544,,ok
v2e_vs_real,original,723000,724000,9788,38.656390258819144,,ok
v2e_vs_real,original,724000,725000,14795,39.360074583503334,,ok
v2e_vs_real,original,725000,726000,14913,40.77615421350637,,ok
v2e_vs_real,original,726000,727000,14637,41.25138564655486,,ok
v2e_vs_real,original,727000,728000,9679,42.51903247547332,,ok
v2e_vs_real,original,728000,729000,14016,42.22403656668318,,ok
v2e_vs_real,original,729000,730000,13421,41.79674446095153,,ok
v2e_vs_real,original,730000,731000,12963,42.391487235515655,,ok
v2e_vs_real,original,731000,732000,12561,41.7264355714958,,ok
v2e_vs_real,original,732000,733000,9018,41.221076146922314,,ok
v2e_vs_real,original,733000,734000,12735,42.52873816111021,,ok
v2e_vs_real,original,734000,735000,12462,42.130879823006374,,ok
v2e_vs_real,original,735000,736000,11921,42.741158283589485,,ok
v2e_vs_real,original,736000,737000,12235,43.97100756917121,,ok
v2e_vs_real,original,737000,738000,8252,44.30787790577909,,ok
v2e_vs_real,original,738000,739000,12285,44.22583459316859,,ok
v2e_vs_real,original,739000,740000,12464,45.11788156517917,,ok
v2e_vs_real,original,740000,741000,12399,44.308121359259275,,ok
v2e_vs_real,original,741000,742000,12574,44.92727267042777,,ok
v2e_vs_real,original,742000,743000,8605,45.98893317028077,,ok
v2e_vs_real,original,743000,744000,12722,45.59222655550903,,ok
v2e_vs_real,original,744000,745000,12903,45.39971064086814,,ok
v2e_vs_real,original,745000,746000,12968,45.75422101518444,,ok
v2e_vs_real,original,746000,747000,8820,45.368535973328974,,ok
v2e_vs_real,original,747000,748000,13176,45.46839052512099,,ok
v2e_vs_real,original,748000,749000,13432,43.85739399567265,,ok
v2e_vs_real,original,749000,750000,13515,43.1692818430549,,ok
v2e_vs_real,original,750000,751000,13634,43.35779746531356,,ok
v2e_vs_real,original,751000,752000,9026,42.41383477410819,,ok
v2e_vs_real,original,752000,753000,13576,42.17908085851432,,ok
v2e_vs_real,original,753000,754000,13595,42.63498581145679,,ok
v2e_vs_real,original,754000,755000,13381,42.677501720489545,,ok
v2e_vs_real,original,755000,756000,13477,42.910784665577786,,ok
v2e_vs_real,original,756000,757000,9102,43.54544960592012,,ok
v2e_vs_real,original,757000,758000,13273,45.11436116599608,,ok
v2e_vs_real,original,758000,759000,13563,45.83953813023688,,ok
v2e_vs_real,original,759000,760000,13125,45.24073507586698,,ok
v2e_vs_real,original,760000,761000,13147,45.822754384424094,,ok
v2e_vs_real,original,761000,762000,8461,46.114749966135214,,ok
v2e_vs_real,original,762000,763000,12343,45.241504116890916,,ok
v2e_vs_real,original,763000,764000,11823,45.25418350502571,,ok
v2e_vs_real,original,764000,765000,11384,44.58298553472114,,ok
v2e_vs_real,original,765000,766000,7461,45.01759524229592,,ok
v2e_vs_real,original,766000,767000,11404,45.6228862453653,,ok
v2e_vs_real,original,767000,768000,11145,49.64708887500158,,ok
v2e_vs_real,original,768000,769000,10672,51.79448369404362,,ok
v2e_vs_real,original,769000,770000,10407,52.1816659169395,,ok
v2e_vs_real,original,770000,771000,6904,53.03212252199894,,ok
v2e_vs_real,original,771000,772000,10422,52.242325783235465,,ok
v2e_vs_real,original,772000,773000,10345,50.45615588732426,,ok
v2e_vs_real,original,773000,774000,10084,51.09289755904738,,ok
v2e_vs_real,original,774000,775000,10328,51.20916370337424,,ok
v2e_vs_real,original,775000,776000,6963,52.636988452808765,,ok
v2e_vs_real,original,776000,777000,10342,52.54862983489476,,ok
v2e_vs_real,original,777000,778000,10518,52.86127787402599,,ok
v2e_vs_real,original,778000,779000,10435,53.45713247876069,,ok
v2e_vs_real,original,779000,780000,10434,53.99626359950229,,ok
v2e_vs_real,original,780000,781000,7109,53.923134200009265,,ok
v2e_vs_real,original,781000,782000,10769,51.62489640300262,,ok
v2e_vs_real,original,782000,783000,11062,49.15340790004227,,ok
v2e_vs_real,original,783000,784000,10953,50.338015344002685,,ok
v2e_vs_real,original,784000,785000,10954,48.22932832536182,,ok
v2e_vs_real,original,785000,786000,7263,49.587204886026875,,ok
v2e_vs_real,original,786000,787000,10567,50.42287967793952,,ok
v2e_vs_real,original,787000,788000,10407,51.88323696752973,,ok
v2e_vs_real,original,788000,789000,10139,51.62265314333851,,ok
v2e_vs_real,original,789000,790000,6577,53.63743818863411,,ok
v2e_vs_real,original,790000,791000,9849,51.30425291042643,,ok
v2e_vs_real,original,791000,792000,9780,51.603786325390644,,ok
v2e_vs_real,original,792000,793000,9757,53.77321373943792,,ok
v2e_vs_real,original,793000,794000,9463,52.91246011645259,,ok
v2e_vs_real,original,794000,795000,6468,53.28239754814721,,ok
v2e_vs_real,original,795000,796000,9609,51.83993612710019,,ok
v2e_vs_real,original,796000,797000,9587,48.080626626677976,,ok
v2e_vs_real,original,797000,798000,9686,45.62744784230159,,ok
v2e_vs_real,original,798000,799000,9891,43.724285120243685,,ok
v2e_vs_real,original,799000,800000,7918,44.764741335427566,,ok
v2e_vs_real,original,800000,801000,9250,43.648390739036444,,ok
v2e_vs_real,original,801000,802000,8358,44.32156593422482,,ok
v2e_vs_real,original,802000,803000,5952,45.937130642043826,,ok
v2e_vs_real,original,803000,804000,7786,46.89915844470721,,ok
v2e_vs_real,original,804000,805000,7980,45.53457839723874,,ok
v2e_vs_real,original,805000,806000,8392,44.32175815788272,,ok
v2e_vs_real,original,806000,807000,8969,42.31331292976972,,ok
v2e_vs_real,original,807000,808000,9580,41.4903692579166,,ok
v2e_vs_real,original,808000,809000,7447,41.30610982418922,,ok
v2e_vs_real,original,809000,810000,10311,40.587536268089664,,ok
v2e_vs_real,original,810000,811000,10587,40.557362344584575,,ok
v2e_vs_real,original,811000,812000,10722,40.451398807013206,,ok
v2e_vs_real,original,812000,813000,10854,39.42046637751489,,ok
v2e_vs_real,original,813000,814000,8194,40.16140181311438,,ok
v2e_vs_real,original,814000,815000,10881,38.94424869566669,,ok
v2e_vs_real,original,815000,816000,10916,38.74657124177157,,ok
v2e_vs_real,original,816000,817000,10836,36.960450522022924,,ok
v2e_vs_real,original,817000,818000,10732,36.33419474992398,,ok
v2e_vs_real,original,818000,819000,7877,37.906401624920285,,ok
v2e_vs_real,original,819000,820000,10322,37.24890045686229,,ok
v2e_vs_real,original,820000,821000,10162,37.464456708101345,,ok
v2e_vs_real,original,821000,822000,10109,36.28863220468201,,ok
v2e_vs_real,original,822000,823000,10198,38.639832066192255,,ok
v2e_vs_real,original,823000,824000,7641,38.51676122505153,,ok
v2e_vs_real,original,824000,825000,10182,37.55508503586052,,ok
v2e_vs_real,original,825000,826000,9993,37.96808955565941,,ok
v2e_vs_real,original,826000,827000,9974,38.27363115179089,,ok
v2e_vs_real,original,827000,828000,9926,37.81663625012757,,ok
v2e_vs_real,original,828000,829000,7563,36.23652349480292,,ok
v2e_vs_real,original,829000,830000,10160,35.04497691831539,,ok
v2e_vs_real,original,830000,831000,10015,34.908122016525844,,ok
v2e_vs_real,original,831000,832000,9688,34.77279130369116,,ok
v2e_vs_real,original,832000,833000,10833,34.184377668481325,,ok
v2e_vs_real,original,833000,834000,10933,31.34176014089233,,ok
v2e_vs_real,original,834000,835000,8206,28.8436883190179,,ok
v2e_vs_real,original,835000,836000,10833,26.538113055684555,,ok
v2e_vs_real,original,836000,837000,10925,25.276753080697095,,ok
v2e_vs_real,original,837000,838000,11122,24.45570084664856,,ok
v2e_vs_real,original,838000,839000,11177,22.76305552643687,,ok
v2e_vs_real,original,839000,840000,8403,21.36441503345109,,ok
v2e_vs_real,original,840000,841000,11471,20.446141619787543,,ok
v2e_vs_real,original,841000,842000,11836,18.8382974208672,,ok
v2e_vs_real,original,842000,843000,12290,17.406856793329233,,ok
v2e_vs_real,original,843000,844000,12723,17.306626974352405,,ok
v2e_vs_real,original,844000,845000,9761,18.16469517070185,,ok
v2e_vs_real,original,845000,846000,13502,15.982345389281083,,ok
v2e_vs_real,original,846000,847000,13770,16.495163260234694,,ok
v2e_vs_real,original,847000,848000,13902,16.324706020058795,,ok
v2e_vs_real,original,848000,849000,14203,16.82898952380137,,ok
v2e_vs_real,original,849000,850000,14204,16.724901062645102,,ok
v2e_vs_real,original,850000,851000,10730,17.045220453730554,,ok
v2e_vs_real,original,851000,852000,14204,16.435723418691804,,ok
v2e_vs_real,original,852000,853000,14150,16.314624340116687,,ok
v2e_vs_real,original,853000,854000,13931,15.888911286898248,,ok
v2e_vs_real,original,854000,855000,13927,16.219804904289795,,ok
v2e_vs_real,original,855000,856000,10313,16.417894369846618,,ok
v2e_vs_real,original,856000,857000,13745,16.987685023360186,,ok
v2e_vs_real,original,857000,858000,13366,16.14741052286862,,ok
v2e_vs_real,original,858000,859000,13261,17.861666822463473,,ok
v2e_vs_real,original,859000,860000,13299,17.088266189012707,,ok
v2e_vs_real,original,860000,861000,9819,18.361865255409647,,ok
v2e_vs_real,original,861000,862000,13248,18.95860266384314,,ok
v2e_vs_real,original,862000,863000,13184,18.019851077230694,,ok
v2e_vs_real,original,863000,864000,12891,18.8545315073761,,ok
v2e_vs_real,original,864000,865000,12594,18.740509283351212,,ok
v2e_vs_real,original,865000,866000,9481,18.99432011889054,,ok
v2e_vs_real,original,866000,867000,13078,20.47467002002471,,ok
v2e_vs_real,original,867000,868000,12645,18.96819764714921,,ok
v2e_vs_real,original,868000,869000,12233,20.2536482896892,,ok
v2e_vs_real,original,869000,870000,12138,21.692561448447414,,ok
v2e_vs_real,original,870000,871000,11935,24.13361319319761,,ok
v2e_vs_real,original,871000,872000,9006,26.997200660484136,,ok
v2e_vs_real,original,872000,873000,12177,29.915589574553213,,ok
v2e_vs_real,original,873000,874000,12257,32.78715329248753,,ok
v2e_vs_real,original,874000,875000,12496,34.44622507794347,,ok
v2e_vs_real,original,875000,876000,12782,35.79535515721876,,ok
v2e_vs_real,original,876000,877000,9756,35.80587684918121,,ok
v2e_vs_real,original,877000,878000,13162,36.89008532285077,,ok
v2e_vs_real,original,878000,879000,13329,37.475896362678306,,ok
v2e_vs_real,original,879000,880000,13515,37.80285975284167,,ok
v2e_vs_real,original,880000,881000,13717,37.832556214691266,,ok
v2e_vs_real,original,881000,882000,10269,37.09956662923349,,ok
v2e_vs_real,original,882000,883000,14147,36.09352217727172,,ok
v2e_vs_real,original,883000,884000,14175,35.871905584289884,,ok
v2e_vs_real,original,884000,885000,14190,35.03106627921317,,ok
v2e_vs_real,original,885000,886000,14210,35.46155318347207,,ok
v2e_vs_real,original,886000,887000,10604,35.7405251297957,,ok
v2e_vs_real,original,887000,888000,14069,36.31011299252484,,ok
v2e_vs_real,original,888000,889000,14142,35.51215524031534,,ok
v2e_vs_real,original,889000,890000,13853,35.5042723348096,,ok
v2e_vs_real,original,890000,891000,13664,35.491457828195514,,ok
v2e_vs_real,original,891000,892000,13649,35.26856884716525,,ok
v2e_vs_real,original,892000,893000,9951,35.17455696854396,,ok
v2e_vs_real,original,893000,894000,13242,35.43055389230813,,ok
v2e_vs_real,original,894000,895000,13036,35.420838719027714,,ok
v2e_vs_real,original,895000,896000,12717,35.672605162851596,,ok
v2e_vs_real,original,896000,897000,12422,35.463471007572224,,ok
v2e_vs_real,original,897000,898000,9156,34.814290539310015,,ok
v2e_vs_real,original,898000,899000,12073,34.81190889197673,,ok
v2e_vs_real,original,899000,900000,12553,34.294134060336745,,ok
v2e_vs_real,original,900000,901000,11752,37.41563752154545,,ok
v2e_vs_real,original,901000,902000,11092,39.051473217196865,,ok
v2e_vs_real,original,902000,903000,8176,40.387128280597366,,ok
v2e_vs_real,original,903000,904000,10912,42.1336747008732,,ok
v2e_vs_real,original,904000,905000,10903,43.527535593749846,,ok
v2e_vs_real,original,905000,906000,11150,45.599425797041384,,ok
v2e_vs_real,original,906000,907000,11522,47.145013838901484,,ok
v2e_vs_real,original,907000,908000,8851,49.28979192344201,,ok
v2e_vs_real,original,908000,909000,12130,49.105570264900656,,ok
v2e_vs_real,original,909000,910000,12294,48.34506770299116,,ok
v2e_vs_real,original,910000,911000,12376,46.816747560662066,,ok
v2e_vs_real,original,911000,912000,12758,45.25617041574586,,ok
v2e_vs_real,original,912000,913000,13182,44.52075518505458,,ok
v2e_vs_real,original,913000,914000,10133,43.370196886541066,,ok
v2e_vs_real,original,914000,915000,13694,42.85508930797015,,ok
v2e_vs_real,original,915000,916000,13901,42.45987519394842,,ok
v2e_vs_real,original,916000,917000,13858,42.043170628162706,,ok
v2e_vs_real,original,917000,918000,14089,41.064254386201185,,ok
v2e_vs_real,original,918000,919000,10571,41.25061269532122,,ok
v2e_vs_real,original,919000,920000,14042,40.15147492790635,,ok
v2e_vs_real,original,920000,921000,13941,39.36782485782999,,ok
v2e_vs_real,original,921000,922000,14021,38.667902588145395,,ok
v2e_vs_real,original,922000,923000,14107,37.92841376794272,,ok
v2e_vs_real,original,923000,924000,10495,38.760855015308195,,ok
v2e_vs_real,original,924000,925000,14177,38.25055468811657,,ok
v2e_vs_real,original,925000,926000,13956,38.016839239502175,,ok
v2e_vs_real,original,926000,927000,13456,38.58019710488768,,ok
v2e_vs_real,original,927000,928000,13369,37.94497006037433,,ok
v2e_vs_real,original,928000,929000,12902,38.35373196264206,,ok
v2e_vs_real,original,929000,930000,9320,38.81789405921828,,ok
v2e_vs_real,original,930000,931000,12120,38.80773190175555,,ok
v2e_vs_real,original,931000,932000,11446,39.35192063599518,,ok
v2e_vs_real,original,932000,933000,12825,36.8010885404799,,ok
v2e_vs_real,original,933000,934000,9446,37.40029928843689,,ok
v2e_vs_real,original,934000,935000,8867,39.893764117171756,,ok
v2e_vs_real,original,935000,936000,11680,43.311292097556716,,ok
v2e_vs_real,original,936000,937000,8613,46.200893722633246,,ok
v2e_vs_real,original,937000,938000,8731,47.95653212162931,,ok
v2e_vs_real,original,938000,939000,11626,50.27309487321615,,ok
v2e_vs_real,original,939000,940000,8978,48.490210216621314,,ok
v2e_vs_real,original,940000,941000,9273,48.88246360312571,,ok
v2e_vs_real,original,941000,942000,12249,50.676306567253945,,ok
v2e_vs_real,original,942000,943000,9476,49.48290822454496,,ok
v2e_vs_real,original,943000,944000,9227,50.12516887143827,,ok
v2e_vs_real,original,944000,945000,12155,49.875053681503864,,ok
v2e_vs_real,original,945000,946000,9067,50.95897247799868,,ok
v2e_vs_real,original,946000,947000,8925,51.26020092097356,,ok
v2e_vs_real,original,947000,948000,11701,51.83263901552465,,ok
v2e_vs_real,original,948000,949000,9000,51.61154129632111,,ok
v2e_vs_real,original,949000,950000,9145,51.8128425938998,,ok
v2e_vs_real,original,950000,951000,12256,51.96482017776465,,ok
v2e_vs_real,original,951000,952000,9159,53.19600196365049,,ok
v2e_vs_real,original,952000,953000,9095,55.67996074784898,,ok
v2e_vs_real,original,953000,954000,12043,55.13241282496854,,ok
v2e_vs_real,original,954000,955000,9104,56.40294533703665,,ok
v2e_vs_real,original,955000,956000,9016,59.63566928107836,,ok
v2e_vs_real,original,956000,957000,11962,61.387339922794496,,ok
v2e_vs_real,original,957000,958000,8973,63.13944461035823,,ok
v2e_vs_real,original,958000,959000,8959,63.63064622856726,,ok
v2e_vs_real,original,959000,960000,8930,63.25222024582446,,ok
v2e_vs_real,original,960000,961000,11359,61.615577373908856,,ok
v2e_vs_real,original,961000,962000,8329,57.14637960033859,,ok
v2e_vs_real,original,962000,963000,8273,53.97058351858243,,ok
v2e_vs_real,original,963000,964000,10748,49.01665489958323,,ok
v2e_vs_real,original,964000,965000,7821,47.24787873881808,,ok
v2e_vs_real,original,965000,966000,8115,44.3693707432329,,ok
v2e_vs_real,original,966000,967000,11508,39.86233516360294,,ok
v2e_vs_real,original,967000,968000,8145,38.59358603080627,,ok
v2e_vs_real,original,968000,969000,8008,36.33913577016945,,ok
v2e_vs_real,original,969000,970000,10678,35.00649784925748,,ok
v2e_vs_real,original,970000,971000,8004,35.22432936828913,,ok
v2e_vs_real,original,971000,972000,7839,36.382559998031326,,ok
v2e_vs_real,original,972000,973000,10588,36.21100236162364,,ok
v2e_vs_real,original,973000,974000,7805,36.9142328101574,,ok
v2e_vs_real,original,974000,975000,7704,37.318550797764644,,ok
v2e_vs_real,original,975000,976000,10392,37.69089860935793,,ok
v2e_vs_real,original,976000,977000,7915,37.38386574639985,,ok
v2e_vs_real,original,977000,978000,7829,38.37849183970453,,ok
v2e_vs_real,original,978000,979000,10477,37.989488058493315,,ok
v2e_vs_real,original,979000,980000,7751,39.393877885941045,,ok
v2e_vs_real,original,980000,981000,7858,37.93608619574603,,ok
v2e_vs_real,original,981000,982000,10582,37.757554974514115,,ok
v2e_vs_real,original,982000,983000,7970,37.485990545580606,,ok
v2e_vs_real,original,983000,984000,8087,37.22887823856593,,ok
v2e_vs_real,original,984000,985000,10846,37.74493430046853,,ok
v2e_vs_real,original,985000,986000,8226,38.52025171880513,,ok
v2e_vs_real,original,986000,987000,8083,39.52447303073587,,ok
v2e_vs_real,original,987000,988000,10883,39.34575209343634,,ok
v2e_vs_real,original,988000,989000,8299,39.69884656535643,,ok
v2e_vs_real,original,989000,990000,8121,39.23897878340493,,ok
v2e_vs_real,original,990000,991000,10898,39.92419218327649,,ok
v2e_vs_real,original,991000,992000,8304,38.59945317409044,,ok
v2e_vs_real,original,992000,993000,8120,38.83505298020935,,ok
v2e_vs_real,original,993000,994000,10855,39.10842356789739,,ok
v2e_vs_real,original,994000,995000,8202,38.070571866297094,,ok
v2e_vs_real,original,995000,996000,8231,36.87420444576992,,ok
v2e_vs_real,original,996000,997000,11076,34.71427156371621,,ok
v2e_vs_real,original,997000,998000,8253,33.47645486003903,,ok
v2e_vs_real,original,998000,999000,8080,33.1075820096034,,ok
v2e_vs_real,original,999000,1000000,11648,27.41870738833304,,ok
v2e_vs_real,original,1000000,1001000,8701,28.96668542184855,,ok
v2e_vs_real,original,1001000,1002000,8790,28.901537509624088,,ok
v2e_vs_real,original,1002000,1003000,11913,28.8064409867267,,ok
v2e_vs_real,original,1003000,1004000,8981,30.03321655344486,,ok
v2e_vs_real,original,1004000,1005000,9039,29.77361806318655,,ok
v2e_vs_real,original,1005000,1006000,12198,30.89245265969211,,ok
v2e_vs_real,original,1006000,1007000,9226,30.104859319288174,,ok
v2e_vs_real,original,1007000,1008000,9179,30.444003131664175,,ok
v2e_vs_real,original,1008000,1009000,12522,28.625139727529653,,ok
v2e_vs_real,original,1009000,1010000,9623,27.848693622427326,,ok
v2e_vs_real,original,1010000,1011000,10146,26.400785848118126,,ok
v2e_vs_real,original,1011000,1012000,13890,23.394573858893587,,ok
v2e_vs_real,original,1012000,1013000,10838,18.832794665316438,,ok
v2e_vs_real,original,1013000,1014000,11106,17.059875037758456,,ok
v2e_vs_real,original,1014000,1015000,15232,13.434840682570997,,ok
