comparison_set,variant,window_start,window_end,n_events,kernel_index,rbf_kernel_max_distance,rbf_kernel_target_similarity,weight_method,weight,mmd,mmd_squared,status
real_vs_real,original,16000,17000,3519,0,75,0.5,uniform,1.0,0.014711251741348658,0.0002164209277973339,ok
real_vs_real,original,17000,18000,3408,0,75,0.5,uniform,1.0,0.024635657317934104,0.0006069156114866803,ok
real_vs_real,original,18000,19000,3506,0,75,0.5,uniform,1.0,0.028677209858596567,0.0008223823652739881,ok
real_vs_real,original,19000,20000,3402,0,75,0.5,uniform,1.0,0.03462811664049895,0.0011991064620680003,ok
real_vs_real,original,20000,21000,3464,0,75,0.5,uniform,1.0,0.046333290558775456,0.0021467738140039105,ok
real_vs_real,original,21000,22000,3532,0,75,0.5,uniform,1.0,0.061679776446889815,0.003804394822538304,ok
real_vs_real,original,22000,23000,3460,0,75,0.5,uniform,1.0,0.049904826404842506,0.0024904916984974657,ok
real_vs_real,original,23000,24000,3459,0,75,0.5,uniform,1.0,0.05972237366538152,0.0035667619162274566,ok
real_vs_real,original,24000,25000,3564,0,75,0.5,uniform,1.0,0.06056789253787335,0.0036684696064793743,ok
real_vs_real,original,25000,26000,3450,0,75,0.5,uniform,1.0,0.07398309907569185,0.005473498948843636,ok
real_vs_real,original,26000,27000,3432,0,75,0.5,uniform,1.0,0.07630322873619985,0.0058221827155688355,ok
real_vs_real,original,27000,28000,3398,0,75,0.5,uniform,1.0,0.08676226514924126,0.007527690653827246,ok
real_vs_real,original,28000,29000,3451,0,75,0.5,uniform,1.0,0.08825792416489282,0.007789461177895973,ok
real_vs_real,original,29000,30000,3333,0,75,0.5,uniform,1.0,0.09293428752800366,0.008636781798337656,ok
real_vs_real,original,30000,31000,3420,0,75,0.5,uniform,1.0,0.10342680103241592,0.01069710317179895,ok
real_vs_real,original,31000,32000,3535,0,75,0.5,uniform,1.0,0.1074074904010306,0.011536368994247481,ok
real_vs_real,original,32000,33000,3445,0,75,0.5,uniform,1.0,0.12350252859128562,0.015252874568441321,ok
real_vs_real,original,33000,34000,3370,0,75,0.5,uniform,1.0,0.1252771292815236,0.015694359121019574,ok
real_vs_real,original,34000,35000,3452,0,75,0.5,uniform,1.0,0.1288836598669751,0.016610997780706127,ok
real_vs_real,original,35000,36000,3392,0,75,0.5,uniform,1.0,0.1355058478837354,0.018361834810690036,ok
real_vs_real,original,36000,37000,3231,0,75,0.5,uniform,1.0,0.1403919761612935,0.0197099069704732,ok
real_vs_real,original,37000,38000,3336,0,75,0.5,uniform,1.0,0.1491447891286751,0.022244168124236963,ok
real_vs_real,original,38000,39000,3313,0,75,0.5,uniform,1.0,0.1530788323605535,0.023433128916870438,ok
real_vs_real,original,39000,40000,3326,0,75,0.5,uniform,1.0,0.15844401620909082,0.02510450627246663,ok
real_vs_real,original,40000,41000,3332,0,75,0.5,uniform,1.0,0.17274441459028952,0.02984063277214183,ok
real_vs_real,original,41000,42000,3308,0,75,0.5,uniform,1.0,0.17704633663314376,0.03134540531521646,ok
real_vs_real,original,42000,43000,3255,0,75,0.5,uniform,1.0,0.18314156151949723,0.03354083155579979,ok
real_vs_real,original,43000,44000,3258,0,75,0.5,uniform,1.0,0.1861927857869688,0.03466775347911205,ok
real_vs_real,original,44000,45000,3153,0,75,0.5,uniform,1.0,0.1915900610951453,0.036706751510441504,ok
real_vs_real,original,45000,46000,3222,0,75,0.5,uniform,1.0,0.19883368328480464,0.039534833608601994,ok
real_vs_real,original,46000,47000,3199,0,75,0.5,uniform,1.0,0.20686582363715103,0.04279346898907688,ok
real_vs_real,original,47000,48000,3212,0,75,0.5,uniform,1.0,0.2080552642190808,0.04328699296927152,ok
real_vs_real,original,48000,49000,3169,0,75,0.5,uniform,1.0,0.21687388185306472,0.04703428063001708,ok
real_vs_real,original,49000,50000,3244,0,75,0.5,uniform,1.0,0.2277269818652798,0.051859578269469464,ok
real_vs_real,original,50000,51000,3310,0,75,0.5,uniform,1.0,0.23334811075800085,0.05445134079432823,ok
real_vs_real,original,51000,52000,3242,0,75,0.5,uniform,1.0,0.23156164715567937,0.053620796433451356,ok
real_vs_real,original,52000,53000,3143,0,75,0.5,uniform,1.0,0.2380522506379307,0.05666887403378418,ok
real_vs_real,original,53000,54000,3217,0,75,0.5,uniform,1.0,0.2461277710328736,0.06057887967361064,ok
real_vs_real,original,54000,55000,3137,0,75,0.5,uniform,1.0,0.2522777059169793,0.0636440409027339,ok
real_vs_real,original,55000,56000,3121,0,75,0.5,uniform,1.0,0.25645892599329323,0.06577118072163346,ok
real_vs_real,original,56000,57000,3042,0,75,0.5,uniform,1.0,0.27178070981673685,0.07386475422848932,ok
real_vs_real,original,57000,58000,3163,0,75,0.5,uniform,1.0,0.26701362844390625,0.07129627777478043,ok
real_vs_real,original,58000,59000,3185,0,75,0.5,uniform,1.0,0.28260144803113707,0.07986357842929548,ok
real_vs_real,original,59000,60000,3182,0,75,0.5,uniform,1.0,0.2818205388372767,0.07942281611053298,ok
real_vs_real,original,60000,61000,2999,0,75,0.5,uniform,1.0,0.28738933404684375,0.08259262932388833,ok
real_vs_real,original,61000,62000,3041,0,75,0.5,uniform,1.0,0.29388450733141513,0.0863681036494286,ok
real_vs_real,original,62000,63000,2981,0,75,0.5,uniform,1.0,0.2975079947755262,0.08851100695535452,ok
real_vs_real,original,63000,64000,2969,0,75,0.5,uniform,1.0,0.30242456994885314,0.09146062050874876,ok
real_vs_real,original,64000,65000,3000,0,75,0.5,uniform,1.0,0.3093506252233086,0.09569780932605193,ok
real_vs_real,original,65000,66000,3131,0,75,0.5,uniform,1.0,0.3151058590334123,0.09929170239718471,ok
real_vs_real,original,66000,67000,3059,0,75,0.5,uniform,1.0,0.3218757509572914,0.10360399905432027,ok
real_vs_real,original,67000,68000,3063,0,75,0.5,uniform,1.0,0.3248754488042322,0.10554405723575128,ok
real_vs_real,original,68000,69000,2969,0,75,0.5,uniform,1.0,0.3279085858929199,0.10752404070229443,ok
real_vs_real,original,69000,70000,2946,0,75,0.5,uniform,1.0,0.3360780715268982,0.11294847016123893,ok
real_vs_real,original,70000,71000,2950,0,75,0.5,uniform,1.0,0.33689830748226657,0.11350046958441584,ok
real_vs_real,original,71000,72000,2911,0,75,0.5,uniform,1.0,0.34144216400467764,0.11658275136019719,ok
real_vs_real,original,72000,73000,3010,0,75,0.5,uniform,1.0,0.3493823920476001,0.12206805587290293,ok
real_vs_real,original,73000,74000,3015,0,75,0.5,uniform,1.0,0.34847603309630276,0.1214355456425355,ok
real_vs_real,original,74000,75000,2953,0,75,0.5,uniform,1.0,0.3594172058312989,0.12918072784757828,ok
real_vs_real,original,75000,76000,3053,0,75,0.5,uniform,1.0,0.36461651168327014,0.13294520059207626,ok
real_vs_real,original,76000,77000,2991,0,75,0.5,uniform,1.0,0.3608360491133244,0.13020265433971345,ok
real_vs_real,original,77000,78000,2951,0,75,0.5,uniform,1.0,0.3627674747608688,0.1316002407443776,ok
real_vs_real,original,78000,79000,2918,0,75,0.5,uniform,1.0,0.3676386117448826,0.13515814884570454,ok
real_vs_real,original,79000,80000,2906,0,75,0.5,uniform,1.0,0.3694801771949491,0.13651560134001095,ok
real_vs_real,original,80000,81000,2968,0,75,0.5,uniform,1.0,0.37732756236748977,0.14237608932219187,ok
real_vs_real,original,81000,82000,2980,0,75,0.5,uniform,1.0,0.3764767605292934,0.14173475121863094,ok
real_vs_real,original,82000,83000,2937,0,75,0.5,uniform,1.0,0.3885521850409774,0.15097280050011794,ok
real_vs_real,original,83000,84000,3019,0,75,0.5,uniform,1.0,0.39030127835757444,0.1523350878875568,ok
real_vs_real,original,84000,85000,3020,0,75,0.5,uniform,1.0,0.3898342513820914,0.1519707435506356,ok
real_vs_real,original,85000,86000,2897,0,75,0.5,uniform,1.0,0.3938470675068665,0.15511551258375825,ok
real_vs_real,original,86000,87000,2976,0,75,0.5,uniform,1.0,0.39283068109005964,0.15431594400568016,ok
real_vs_real,original,87000,88000,2844,0,75,0.5,uniform,1.0,0.39740311178408627,0.15792923325567498,ok
real_vs_real,original,88000,89000,2896,0,75,0.5,uniform,1.0,0.4027096183556007,0.16217503671611358,ok
real_vs_real,original,89000,90000,3075,0,75,0.5,uniform,1.0,0.4018987313411831,0.16152259025365245,ok
real_vs_real,original,90000,91000,2970,0,75,0.5,uniform,1.0,0.40455194573308273,0.16366227679642312,ok
real_vs_real,original,91000,92000,3039,0,75,0.5,uniform,1.0,0.40725881099221894,0.1658597391307959,ok
real_vs_real,original,92000,93000,3099,0,75,0.5,uniform,1.0,0.4041920712971973,0.16337123049951863,ok
real_vs_real,original,93000,94000,2970,0,75,0.5,uniform,1.0,0.4121133125357843,0.16983738236921703,ok
real_vs_real,original,94000,95000,2891,0,75,0.5,uniform,1.0,0.4086316738804495,0.16697984489833806,ok
real_vs_real,original,95000,96000,2953,0,75,0.5,uniform,1.0,0.4154890744612305,0.17263117099664996,ok
real_vs_real,original,96000,97000,2970,0,75,0.5,uniform,1.0,0.41460585720165166,0.17189801682591635,ok
real_vs_real,original,97000,98000,2895,0,75,0.5,uniform,1.0,0.4205863241509371,0.17689285606279714,ok
real_vs_real,original,98000,99000,3014,0,75,0.5,uniform,1.0,0.4213945570042089,0.17757337267277348,ok
real_vs_real,original,99000,100000,3033,0,75,0.5,uniform,1.0,0.42680508929850697,0.18216258425110649,ok
real_vs_real,original,100000,101000,3114,0,75,0.5,uniform,1.0,0.4198697509744231,0.17629060778332403,ok
real_vs_real,original,101000,102000,2995,0,75,0.5,uniform,1.0,0.42366512754669583,0.17949214029915805,ok
real_vs_real,original,102000,103000,2897,0,75,0.5,uniform,1.0,0.4276603348694805,0.18289336202067621,ok
real_vs_real,original,103000,104000,2912,0,75,0.5,uniform,1.0,0.42819552845419484,0.18335141058816717,ok
real_vs_real,original,104000,105000,2972,0,75,0.5,uniform,1.0,0.4313886799542789,0.18609619319269527,ok
real_vs_real,original,105000,106000,2911,0,75,0.5,uniform,1.0,0.4338930071937368,0.18826314169162411,ok
real_vs_real,original,106000,107000,3047,0,75,0.5,uniform,1.0,0.43391999324800573,0.18828656054034934,ok
real_vs_real,original,107000,108000,2973,0,75,0.5,uniform,1.0,0.4388857768636921,0.19262072513324657,ok
real_vs_real,original,108000,109000,3050,0,75,0.5,uniform,1.0,0.43467014383599156,0.18893813394240158,ok
real_vs_real,original,109000,110000,3088,0,75,0.5,uniform,1.0,0.43396276328848654,0.18832367992097898,ok
real_vs_real,original,110000,111000,2998,0,75,0.5,uniform,1.0,0.43749989566850794,0.19140615870995534,ok
real_vs_real,original,111000,112000,2938,0,75,0.5,uniform,1.0,0.43497934143690625,0.18920702747688467,ok
real_vs_real,original,112000,113000,2877,0,75,0.5,uniform,1.0,0.43950988045946904,0.19316893502149676,ok
real_vs_real,original,113000,114000,2933,0,75,0.5,uniform,1.0,0.44580543737149464,0.19874248798998964,ok
real_vs_real,original,114000,115000,2879,0,75,0.5,uniform,1.0,0.44460511859985113,0.1976737114851877,ok
real_vs_real,original,115000,116000,2955,0,75,0.5,uniform,1.0,0.4492794414901905,0.2018520165457375,ok
real_vs_real,original,116000,117000,2985,0,75,0.5,uniform,1.0,0.44933919746948014,0.20190571438251648,ok
real_vs_real,original,117000,118000,3103,0,75,0.5,uniform,1.0,0.44484790825669973,0.19788966148036113,ok
real_vs_real,original,118000,119000,2790,0,75,0.5,uniform,1.0,0.4532330514128118,0.20542019889296848,ok
real_vs_real,original,119000,120000,2753,0,75,0.5,uniform,1.0,0.4581152354664245,0.20986956896645756,ok
real_vs_real,original,120000,121000,2783,0,75,0.5,uniform,1.0,0.46266113739067716,0.21405532805163505,ok
real_vs_real,original,121000,122000,2647,0,75,0.5,uniform,1.0,0.4591950546978071,0.21086009825892202,ok
real_vs_real,original,122000,123000,2849,0,75,0.5,uniform,1.0,0.4633717690299065,0.21471339633390504,ok
real_vs_real,original,123000,124000,2833,0,75,0.5,uniform,1.0,0.4629388338575032,0.2143123638933449,ok
real_vs_real,original,124000,125000,2814,0,75,0.5,uniform,1.0,0.47230992859262605,0.22307666864717152,ok
real_vs_real,original,125000,126000,2872,0,75,0.5,uniform,1.0,0.46595499925855266,0.2171140613340378,ok
real_vs_real,original,126000,127000,2804,0,75,0.5,uniform,1.0,0.4740916493578836,0.22476289199087846,ok
real_vs_real,original,127000,128000,2655,0,75,0.5,uniform,1.0,0.47326258201955373,0.22397747153981484,ok
real_vs_real,original,128000,129000,2672,0,75,0.5,uniform,1.0,0.477731308470753,0.22822720309317776,ok
real_vs_real,original,129000,130000,2607,0,75,0.5,uniform,1.0,0.4716438127702508,0.2224478861244594,ok
real_vs_real,original,130000,131000,2654,0,75,0.5,uniform,1.0,0.4805309273589798,0.2309099721484811,ok
real_vs_real,original,131000,132000,2811,0,75,0.5,uniform,1.0,0.4725522842699124,0.2233056613687121,ok
real_vs_real,original,132000,133000,2823,0,75,0.5,uniform,1.0,0.47286028921599943,0.22359685311743863,ok
real_vs_real,original,133000,134000,2842,0,75,0.5,uniform,1.0,0.47114152569565915,0.22197433723483345,ok
real_vs_real,original,134000,135000,2834,0,75,0.5,uniform,1.0,0.47153318393386195,0.2223435435508053,ok
real_vs_real,original,135000,136000,2751,0,75,0.5,uniform,1.0,0.47318482138282114,0.22390387518709234,ok
real_vs_real,original,136000,137000,2629,0,75,0.5,uniform,1.0,0.47243908373775434,0.22319868784296887,ok
real_vs_real,original,137000,138000,2622,0,75,0.5,uniform,1.0,0.47695479254717,0.22748587413371396,ok
real_vs_real,original,138000,139000,2607,0,75,0.5,uniform,1.0,0.4859749564090349,0.23617165825676334,ok
real_vs_real,original,139000,140000,2741,0,75,0.5,uniform,1.0,0.48995587163772775,0.24005675615228556,ok
real_vs_real,original,140000,141000,2641,0,75,0.5,uniform,1.0,0.4851404821482639,0.23536128741904996,ok
real_vs_real,original,141000,142000,2646,0,75,0.5,uniform,1.0,0.48776101222054413,0.2379108050424098,ok
real_vs_real,original,142000,143000,2796,0,75,0.5,uniform,1.0,0.48663399207120056,0.2368126422391533,ok
real_vs_real,original,143000,144000,2539,0,75,0.5,uniform,1.0,0.48450937970356467,0.23474933902073303,ok
real_vs_real,original,144000,145000,2533,0,75,0.5,uniform,1.0,0.4896943829465991,0.23980058868945045,ok
real_vs_real,original,145000,146000,2477,0,75,0.5,uniform,1.0,0.4844424063352504,0.23468444505588784,ok
real_vs_real,original,146000,147000,2469,0,75,0.5,uniform,1.0,0.4962827500008071,0.2462965679483636,ok
real_vs_real,original,147000,148000,2460,0,75,0.5,uniform,1.0,0.49624833361423487,0.24626240861490495,ok
real_vs_real,original,148000,149000,2509,0,75,0.5,uniform,1.0,0.4878014276900464,0.2379502328564476,ok
real_vs_real,original,149000,150000,2559,0,75,0.5,uniform,1.0,0.48773268703996636,0.23788317400722578,ok
real_vs_real,original,150000,151000,2596,0,75,0.5,uniform,1.0,0.4878158775816212,0.23796433042072726,ok
real_vs_real,original,151000,152000,2451,0,75,0.5,uniform,1.0,0.4855448611725789,0.2357538122110989,ok
real_vs_real,original,152000,153000,2419,0,75,0.5,uniform,1.0,0.4902180589228585,0.2403137452940952,ok
real_vs_real,original,153000,154000,2331,0,75,0.5,uniform,1.0,0.49155441316846665,0.24162574110539564,ok
real_vs_real,original,154000,155000,2254,0,75,0.5,uniform,1.0,0.49727833220097106,0.24728573967657935,ok
real_vs_real,original,155000,156000,2259,0,75,0.5,uniform,1.0,0.4944822271882963,0.24451267300509788,ok
real_vs_real,original,156000,157000,2283,0,75,0.5,uniform,1.0,0.4937389047456453,0.2437781060594294,ok
real_vs_real,original,157000,158000,2306,0,75,0.5,uniform,1.0,0.4941282641345261,0.24416274141659997,ok
real_vs_real,original,158000,159000,2341,0,75,0.5,uniform,1.0,0.4846472037950626,0.23488291214637294,ok
real_vs_real,original,159000,160000,2283,0,75,0.5,uniform,1.0,0.4774630121819093,0.22797092800182203,ok
real_vs_real,original,160000,161000,2287,0,75,0.5,uniform,1.0,0.4865069622359169,0.23668902430401986,ok
real_vs_real,original,161000,162000,2030,0,75,0.5,uniform,1.0,0.48154152530824845,0.2318822405961945,ok
real_vs_real,original,162000,163000,2119,0,75,0.5,uniform,1.0,0.48249371112256784,0.23280018127282795,ok
real_vs_real,original,163000,164000,2004,0,75,0.5,uniform,1.0,0.4803055768876395,0.23069344718936813,ok
real_vs_real,original,164000,165000,1954,0,75,0.5,uniform,1.0,0.48695282133712414,0.23712305020818517,ok
real_vs_real,original,165000,166000,1935,0,75,0.5,uniform,1.0,0.47549825424747744,0.2260985897923987,ok
real_vs_real,original,166000,167000,1848,0,75,0.5,uniform,1.0,0.48355979605993543,0.23383007636552636,ok
real_vs_real,original,167000,168000,1907,0,75,0.5,uniform,1.0,0.4632263636816735,0.21457866400974604,ok
real_vs_real,original,168000,169000,1844,0,75,0.5,uniform,1.0,0.4699806949535434,0.2208818536290156,ok
real_vs_real,original,169000,170000,1639,0,75,0.5,uniform,1.0,0.48712166743339047,0.23728751888308666,ok
real_vs_real,original,170000,171000,1626,0,75,0.5,uniform,1.0,0.504906893465423,0.25493097106890394,ok
real_vs_real,original,171000,172000,1476,0,75,0.5,uniform,1.0,0.5261684150910194,0.27685320103939526,ok
real_vs_real,original,172000,173000,1466,0,75,0.5,uniform,1.0,0.5085204235305386,0.2585930211476784,ok
real_vs_real,original,173000,174000,1466,0,75,0.5,uniform,1.0,0.5079101659616054,0.25797273668714554,ok
real_vs_real,original,174000,175000,1527,0,75,0.5,uniform,1.0,0.5014293735368599,0.2514314166455678,ok
real_vs_real,original,175000,176000,1578,0,75,0.5,uniform,1.0,0.443299044013042,0.19651404242287696,ok
real_vs_real,original,176000,177000,1659,0,75,0.5,uniform,1.0,0.47167996671259926,0.22248199099799876,ok
real_vs_real,original,177000,178000,1580,0,75,0.5,uniform,1.0,0.49212458121655545,0.24218660343757006,ok
real_vs_real,original,178000,179000,1585,0,75,0.5,uniform,1.0,0.4970410454295607,0.24704980084171058,ok
real_vs_real,original,179000,180000,1473,0,75,0.5,uniform,1.0,0.5038054895671206,0.2538199713179661,ok
real_vs_real,original,180000,181000,1523,0,75,0.5,uniform,1.0,0.5217034520629775,0.27217449189442744,ok
real_vs_real,original,181000,182000,1554,0,75,0.5,uniform,1.0,0.46869986283442566,0.21967956142100944,ok
real_vs_real,original,182000,183000,1569,0,75,0.5,uniform,1.0,0.47874569082552654,0.22919743648401064,ok
real_vs_real,original,183000,184000,1576,0,75,0.5,uniform,1.0,0.4507618536932818,0.20318624874500357,ok
real_vs_real,original,184000,185000,1670,0,75,0.5,uniform,1.0,0.42882534289040186,0.18389117470507074,ok
real_vs_real,original,185000,186000,1638,0,75,0.5,uniform,1.0,0.4654185299879449,0.2166144080561396,ok
real_vs_real,original,186000,187000,1569,0,75,0.5,uniform,1.0,0.4637838690434643,0.21509547718492522,ok
real_vs_real,original,187000,188000,1612,0,75,0.5,uniform,1.0,0.47736855413665624,0.22788073647852172,ok
real_vs_real,original,188000,189000,1496,0,75,0.5,uniform,1.0,0.5037470904722722,0.25376113115927956,ok
real_vs_real,original,189000,190000,1531,0,75,0.5,uniform,1.0,0.468378529719253,0.21937844710196916,ok
real_vs_real,original,190000,191000,1553,0,75,0.5,uniform,1.0,0.4499948584422832,0.20249537262449052,ok
real_vs_real,original,191000,192000,1556,0,75,0.5,uniform,1.0,0.4452704895779579,0.1982658088889943,ok
real_vs_real,original,192000,193000,1659,0,75,0.5,uniform,1.0,0.44272460831305077,0.19600507880594423,ok
real_vs_real,original,193000,194000,1593,0,75,0.5,uniform,1.0,0.4561223897634622,0.20804763444353175,ok
real_vs_real,original,194000,195000,1526,0,75,0.5,uniform,1.0,0.4605338673222093,0.21209144295075028,ok
real_vs_real,original,195000,196000,1640,0,75,0.5,uniform,1.0,0.44870862015353224,0.2013394258000869,ok
real_vs_real,original,196000,197000,1489,0,75,0.5,uniform,1.0,0.4993411360831846,0.24934157018484546,ok
real_vs_real,original,197000,198000,1531,0,75,0.5,uniform,1.0,0.4721846742600121,0.22295836660603371,ok
real_vs_real,original,198000,199000,1561,0,75,0.5,uniform,1.0,0.43603048564748315,0.19012258441398003,ok
real_vs_real,original,199000,200000,1520,0,75,0.5,uniform,1.0,0.45071176980539035,0.20314109944110717,ok
real_vs_real,original,200000,201000,1570,0,75,0.5,uniform,1.0,0.41591972758702506,0.17298921979606513,ok
real_vs_real,original,201000,202000,1632,0,75,0.5,uniform,1.0,0.41449870865478555,0.17180917947648477,ok
real_vs_real,original,202000,203000,1533,0,75,0.5,uniform,1.0,0.4407818587930431,0.1942886470410502,ok
real_vs_real,original,203000,204000,1610,0,75,0.5,uniform,1.0,0.44605921449787916,0.19896882283846495,ok
real_vs_real,original,204000,205000,1528,0,75,0.5,uniform,1.0,0.4431991854080264,0.19642551794633817,ok
real_vs_real,original,205000,206000,1727,0,75,0.5,uniform,1.0,0.43118783198613253,0.18592294645290125,ok
real_vs_real,original,206000,207000,1873,0,75,0.5,uniform,1.0,0.39981887200212407,0.15985513040905086,ok
real_vs_real,original,207000,208000,2006,0,75,0.5,uniform,1.0,0.39284453179995477,0.15432682616512566,ok
real_vs_real,original,208000,209000,2248,0,75,0.5,uniform,1.0,0.3822653238407076,0.14612677781104105,ok
real_vs_real,original,209000,210000,2423,0,75,0.5,uniform,1.0,0.37624108930600425,0.14155735728216867,ok
real_vs_real,original,210000,211000,2438,0,75,0.5,uniform,1.0,0.37697097705552945,0.1421071175422005,ok
real_vs_real,original,211000,212000,2405,0,75,0.5,uniform,1.0,0.36805929255014747,0.13546764283251506,ok
real_vs_real,original,212000,213000,2502,0,75,0.5,uniform,1.0,0.37342532760970193,0.1394464753004132,ok
real_vs_real,original,213000,214000,2440,0,75,0.5,uniform,1.0,0.3596220692651505,0.12932803270254872,ok
real_vs_real,original,214000,215000,2571,0,75,0.5,uniform,1.0,0.357071712846022,0.127500208114792,ok
real_vs_real,original,215000,216000,2566,0,75,0.5,uniform,1.0,0.3567226230936284,0.12725102982679887,ok
real_vs_real,original,216000,217000,2671,0,75,0.5,uniform,1.0,0.34717843206939025,0.12053286369416022,ok
real_vs_real,original,217000,218000,2792,0,75,0.5,uniform,1.0,0.34237343348324173,0.11721956795510374,ok
real_vs_real,original,218000,219000,2665,0,75,0.5,uniform,1.0,0.33517844062167657,0.11234458705757877,ok
real_vs_real,original,219000,220000,2598,0,75,0.5,uniform,1.0,0.33827103270455355,0.11442729156700515,ok
real_vs_real,original,220000,221000,2698,0,75,0.5,uniform,1.0,0.33151745000215965,0.10990381965593443,ok
real_vs_real,original,221000,222000,2603,0,75,0.5,uniform,1.0,0.3235983038948836,0.10471586228364543,ok
real_vs_real,original,222000,223000,2712,0,75,0.5,uniform,1.0,0.3219148109152433,0.10362914548659685,ok
real_vs_real,original,223000,224000,2749,0,75,0.5,uniform,1.0,0.32294998709448264,0.10429669416432652,ok
real_vs_real,original,224000,225000,2781,0,75,0.5,uniform,1.0,0.3163441501178288,0.1000736213137714,ok
real_vs_real,original,225000,226000,2915,0,75,0.5,uniform,1.0,0.3139169140368153,0.0985438289183973,ok
real_vs_real,original,226000,227000,2855,0,75,0.5,uniform,1.0,0.3058491773199723,0.09354371926730387,ok
real_vs_real,original,227000,228000,2635,0,75,0.5,uniform,1.0,0.3021894743606776,0.09131847841438262,ok
real_vs_real,original,228000,229000,2896,0,75,0.5,uniform,1.0,0.30038952080840003,0.0902338642115002,ok
real_vs_real,original,229000,230000,2756,0,75,0.5,uniform,1.0,0.29274072492552455,0.08569713202992163,ok
real_vs_real,original,230000,231000,2746,0,75,0.5,uniform,1.0,0.29318224194342185,0.08595582699097115,ok
real_vs_real,original,231000,232000,2913,0,75,0.5,uniform,1.0,0.291893397872614,0.08520175572162014,ok
real_vs_real,original,232000,233000,2883,0,75,0.5,uniform,1.0,0.28840536619413115,0.08317765524957088,ok
real_vs_real,original,233000,234000,2910,0,75,0.5,uniform,1.0,0.28199925750032107,0.07952358123073239,ok
real_vs_real,original,234000,235000,3044,0,75,0.5,uniform,1.0,0.28044117605029384,0.07864725322447191,ok
real_vs_real,original,235000,236000,2866,0,75,0.5,uniform,1.0,0.273063332057608,0.07456358331440349,ok
real_vs_real,original,236000,237000,2843,0,75,0.5,uniform,1.0,0.271730521177505,0.0738374761393985,ok
real_vs_real,original,237000,238000,2796,0,75,0.5,uniform,1.0,0.2672020972251759,0.07139696076153235,ok
real_vs_real,original,238000,239000,2780,0,75,0.5,uniform,1.0,0.26538744835514827,0.07043049774445648,ok
real_vs_real,original,239000,240000,2944,0,75,0.5,uniform,1.0,0.2692746752155013,0.0725088507124137,ok
real_vs_real,original,240000,241000,2948,0,75,0.5,uniform,1.0,0.26356376475189636,0.06946585809019296,ok
real_vs_real,original,241000,242000,2935,0,75,0.5,uniform,1.0,0.2579277567108695,0.06652672768190149,ok
real_vs_real,original,242000,243000,3025,0,75,0.5,uniform,1.0,0.24792546279792718,0.06146703510356638,ok
real_vs_real,original,243000,244000,2856,0,75,0.5,uniform,1.0,0.23544525997962348,0.0554344704468725,ok
real_vs_real,original,244000,245000,2995,0,75,0.5,uniform,1.0,0.22428417884764615,0.05030339288136293,ok
real_vs_real,original,245000,246000,2922,0,75,0.5,uniform,1.0,0.2131329523158602,0.04542565536287474,ok
real_vs_real,original,246000,247000,2897,0,75,0.5,uniform,1.0,0.1982675866396563,0.03931003591191362,ok
real_vs_real,original,247000,248000,2996,0,75,0.5,uniform,1.0,0.19792473072711259,0.039174199033400026,ok
real_vs_real,original,248000,249000,3088,0,75,0.5,uniform,1.0,0.1922711371163382,0.03696819016800973,ok
real_vs_real,original,249000,250000,3098,0,75,0.5,uniform,1.0,0.18282017525752597,0.03342321648119251,ok
real_vs_real,original,250000,251000,3313,0,75,0.5,uniform,1.0,0.19489524965596128,0.03798415833845947,ok
real_vs_real,original,251000,252000,3062,0,75,0.5,uniform,1.0,0.16224958819354066,0.02632492886897353,ok
real_vs_real,original,252000,253000,3100,0,75,0.5,uniform,1.0,0.14964204883522586,0.022392742779604125,ok
real_vs_real,original,253000,254000,3167,0,75,0.5,uniform,1.0,0.148264137064592,0.021982254339508123,ok
real_vs_real,original,254000,255000,3029,0,75,0.5,uniform,1.0,0.12987427664294462,0.016867327733528115,ok
real_vs_real,original,255000,256000,3089,0,75,0.5,uniform,1.0,0.13050526737140566,0.017031624811682078,ok
real_vs_real,original,256000,257000,3269,0,75,0.5,uniform,1.0,0.1282951605235255,0.016459648213757172,ok
real_vs_real,original,257000,258000,3201,0,75,0.5,uniform,1.0,0.13738825838475166,0.018875533541995282,ok
real_vs_real,original,258000,259000,3334,0,75,0.5,uniform,1.0,0.1317766121479473,0.01736507550919053,ok
real_vs_real,original,259000,260000,3320,0,75,0.5,uniform,1.0,0.1314803870747783,0.01728709218533353,ok
real_vs_real,original,260000,261000,3300,0,75,0.5,uniform,1.0,0.09858247233346196,0.009718503851377791,ok
real_vs_real,original,261000,262000,3331,0,75,0.5,uniform,1.0,0.10089690784318536,0.010180186012316239,ok
real_vs_real,original,262000,263000,3267,0,75,0.5,uniform,1.0,0.0869514168241464,0.007560548887726448,ok
real_vs_real,original,263000,264000,3279,0,75,0.5,uniform,1.0,0.0920282694611168,0.008469202380007923,ok
real_vs_real,original,264000,265000,3402,0,75,0.5,uniform,1.0,0.104013301940295,0.010818766980522976,ok
real_vs_real,original,265000,266000,3338,0,75,0.5,uniform,1.0,0.09299407083537724,0.00864789721053516,ok
real_vs_real,original,266000,267000,3406,0,75,0.5,uniform,1.0,0.11054120894607505,0.012219358875259823,ok
real_vs_real,original,267000,268000,3412,0,75,0.5,uniform,1.0,0.10421474921540717,0.01086071395403021,ok
real_vs_real,original,268000,269000,3276,0,75,0.5,uniform,1.0,0.09052634534352776,0.008195019201255649,ok
real_vs_real,original,269000,270000,3152,0,75,0.5,uniform,1.0,0.07450731915606029,0.00555134060782303,ok
real_vs_real,original,270000,271000,3307,0,75,0.5,uniform,1.0,0.08549604245110462,0.007309573274801084,ok
real_vs_real,original,271000,272000,3301,0,75,0.5,uniform,1.0,0.07725175885103132,0.0059678342455778965,ok
real_vs_real,original,272000,273000,3287,0,75,0.5,uniform,1.0,0.09624510647893383,0.00926312052114131,ok
real_vs_real,original,273000,274000,3342,0,75,0.5,uniform,1.0,0.09467361629998636,0.008963093623317042,ok
real_vs_real,original,274000,275000,3348,0,75,0.5,uniform,1.0,0.10127533579769152,0.010256693640935177,ok
real_vs_real,original,275000,276000,3401,0,75,0.5,uniform,1.0,0.1244243558038518,0.01548142031720351,ok
real_vs_real,original,276000,277000,3403,0,75,0.5,uniform,1.0,0.09742520374656219,0.009491670325059154,ok
real_vs_real,original,277000,278000,3213,0,75,0.5,uniform,1.0,0.1008209404251046,0.010164862028202493,ok
real_vs_real,original,278000,279000,3266,0,75,0.5,uniform,1.0,0.1088517665817769,0.011848707087973642,ok
real_vs_real,original,279000,280000,3290,0,75,0.5,uniform,1.0,0.0989557550120073,0.009792241449996408,ok
real_vs_real,original,280000,281000,3302,0,75,0.5,uniform,1.0,0.11209083050468611,0.012564354283230272,ok
real_vs_real,original,281000,282000,3372,0,75,0.5,uniform,1.0,0.1304893727514801,0.017027476401074715,ok
real_vs_real,original,282000,283000,3324,0,75,0.5,uniform,1.0,0.12753306054133154,0.016264681531038938,ok
real_vs_real,original,283000,284000,3403,0,75,0.5,uniform,1.0,0.1416052330509748,0.02005204202742089,ok
real_vs_real,original,284000,285000,3384,0,75,0.5,uniform,1.0,0.14030698130159858,0.019686049001967132,ok
real_vs_real,original,285000,286000,3310,0,75,0.5,uniform,1.0,0.1375274072011051,0.018913787731458576,ok
real_vs_real,original,286000,287000,3307,0,75,0.5,uniform,1.0,0.1418167078305677,0.020111978619900606,ok
real_vs_real,original,287000,288000,3202,0,75,0.5,uniform,1.0,0.1491485154886659,0.022245279672472806,ok
real_vs_real,original,288000,289000,3268,0,75,0.5,uniform,1.0,0.15084365005729117,0.02275380676260652,ok
real_vs_real,original,289000,290000,3253,0,75,0.5,uniform,1.0,0.16334947724145912,0.02668305171505797,ok
real_vs_real,original,290000,291000,3197,0,75,0.5,uniform,1.0,0.16763425442012914,0.02810124325499258,ok
real_vs_real,original,291000,292000,3269,0,75,0.5,uniform,1.0,0.18158440364179734,0.03297289564594719,ok
real_vs_real,original,292000,293000,3200,0,75,0.5,uniform,1.0,0.18432914968076253,0.03397723542203296,ok
real_vs_real,original,293000,294000,3192,0,75,0.5,uniform,1.0,0.18686920069389631,0.0349200981679757,ok
real_vs_real,original,294000,295000,3029,0,75,0.5,uniform,1.0,0.19319307292671334,0.03732356342686638,ok
real_vs_real,original,295000,296000,3155,0,75,0.5,uniform,1.0,0.20157289791043564,0.040631633172010906,ok
real_vs_real,original,296000,297000,3020,0,75,0.5,uniform,1.0,0.20440783395621903,0.04178256258267321,ok
real_vs_real,original,297000,298000,3128,0,75,0.5,uniform,1.0,0.21515804623442925,0.0462929848594168,ok
real_vs_real,original,298000,299000,2997,0,75,0.5,uniform,1.0,0.22203655133263,0.04930023012768764,ok
real_vs_real,original,299000,300000,3068,0,75,0.5,uniform,1.0,0.22539745849469026,0.05080401429586562,ok
real_vs_real,original,300000,301000,3136,0,75,0.5,uniform,1.0,0.2335595905237604,0.054550082325626637,ok
real_vs_real,original,301000,302000,2942,0,75,0.5,uniform,1.0,0.2384297615512249,0.05684875119337396,ok
real_vs_real,original,302000,303000,2979,0,75,0.5,uniform,1.0,0.2422806185305934,0.05869989811556692,ok
real_vs_real,original,303000,304000,2893,0,75,0.5,uniform,1.0,0.24978027234399755,0.06239018445224159,ok
real_vs_real,original,304000,305000,2884,0,75,0.5,uniform,1.0,0.25974247301432424,0.06746615228759695,ok
real_vs_real,original,305000,306000,2988,0,75,0.5,uniform,1.0,0.2617238301713724,0.0684993632795734,ok
real_vs_real,original,306000,307000,2898,0,75,0.5,uniform,1.0,0.28042375268636216,0.07863748107070201,ok
real_vs_real,original,307000,308000,2995,0,75,0.5,uniform,1.0,0.273333608215497,0.07471126138010281,ok
real_vs_real,original,308000,309000,2909,0,75,0.5,uniform,1.0,0.2773252117973759,0.07690927309845941,ok
real_vs_real,original,309000,310000,2971,0,75,0.5,uniform,1.0,0.29151408016221003,0.08498045893281941,ok
real_vs_real,original,310000,311000,2859,0,75,0.5,uniform,1.0,0.2951308249529352,0.08710220383740008,ok
real_vs_real,original,311000,312000,2842,0,75,0.5,uniform,1.0,0.3063991215535947,0.0938804216888145,ok
real_vs_real,original,312000,313000,2907,0,75,0.5,uniform,1.0,0.30818967198312364,0.09498087391706533,ok
real_vs_real,original,313000,314000,2847,0,75,0.5,uniform,1.0,0.31334115032577836,0.09818267648748202,ok
real_vs_real,original,314000,315000,2892,0,75,0.5,uniform,1.0,0.3129148160565052,0.09791568210767648,ok
real_vs_real,original,315000,316000,2765,0,75,0.5,uniform,1.0,0.331068724281099,0.10960650019711438,ok
real_vs_real,original,316000,317000,2874,0,75,0.5,uniform,1.0,0.3226180877759012,0.10408243056017907,ok
real_vs_real,original,317000,318000,2862,0,75,0.5,uniform,1.0,0.33318322648584175,0.1110110624115157,ok
real_vs_real,original,318000,319000,2853,0,75,0.5,uniform,1.0,0.3394015675959388,0.11519342408658062,ok
real_vs_real,original,319000,320000,2904,0,75,0.5,uniform,1.0,0.3421053856853479,0.11703609491492062,ok
real_vs_real,original,320000,321000,2758,0,75,0.5,uniform,1.0,0.3483007909051555,0.12131344094515684,ok
real_vs_real,original,321000,322000,2872,0,75,0.5,uniform,1.0,0.3475298045368574,0.12077696504142632,ok
real_vs_real,original,322000,323000,2806,0,75,0.5,uniform,1.0,0.3504081741830669,0.12278588853431055,ok
real_vs_real,original,323000,324000,2814,0,75,0.5,uniform,1.0,0.35902194728969467,0.12889675863568428,ok
real_vs_real,original,324000,325000,2816,0,75,0.5,uniform,1.0,0.36344343387296774,0.13209112962537428,ok
real_vs_real,original,325000,326000,2894,0,75,0.5,uniform,1.0,0.3642695724374598,0.13269232140376974,ok
real_vs_real,original,326000,327000,2833,0,75,0.5,uniform,1.0,0.3606673327827447,0.1300809249366191,ok
real_vs_real,original,327000,328000,2855,0,75,0.5,uniform,1.0,0.3643475998837286,0.1327491735410336,ok
real_vs_real,original,328000,329000,2916,0,75,0.5,uniform,1.0,0.3711435750180947,0.13774755327721208,ok
real_vs_real,original,329000,330000,2814,0,75,0.5,uniform,1.0,0.3732463762954069,0.13931285741765248,ok
real_vs_real,original,330000,331000,2864,0,75,0.5,uniform,1.0,0.371508235599875,0.1380183691185322,ok
real_vs_real,original,331000,332000,2877,0,75,0.5,uniform,1.0,0.3760103601555923,0.14138379094433823,ok
real_vs_real,original,332000,333000,2849,0,75,0.5,uniform,1.0,0.382205352547745,0.14608093151614604,ok
real_vs_real,original,333000,334000,2882,0,75,0.5,uniform,1.0,0.38837781807277283,0.15083732957096782,ok
real_vs_real,original,334000,335000,3028,0,75,0.5,uniform,1.0,0.388108801601993,0.1506284418809352,ok
real_vs_real,original,335000,336000,2880,0,75,0.5,uniform,1.0,0.39290988918504294,0.15437818101940273,ok
real_vs_real,original,336000,337000,2783,0,75,0.5,uniform,1.0,0.39560264569278447,0.15650145327913076,ok
real_vs_real,original,337000,338000,2950,0,75,0.5,uniform,1.0,0.3947602570377368,0.15583566053650003,ok
real_vs_real,original,338000,339000,2918,0,75,0.5,uniform,1.0,0.3990960773665621,0.15927767896937695,ok
real_vs_real,original,339000,340000,2970,0,75,0.5,uniform,1.0,0.3965546571229769,0.15725559608592174,ok
real_vs_real,original,340000,341000,2946,0,75,0.5,uniform,1.0,0.401894163081736,0.161518918319169,ok
real_vs_real,original,341000,342000,2948,0,75,0.5,uniform,1.0,0.4048127360257819,0.16387335124867938,ok
real_vs_real,original,342000,343000,2836,0,75,0.5,uniform,1.0,0.4035649549093202,0.16286467283096165,ok
real_vs_real,original,343000,344000,2968,0,75,0.5,uniform,1.0,0.4081175119860385,0.1665599035896743,ok
real_vs_real,original,344000,345000,2908,0,75,0.5,uniform,1.0,0.41461083961403705,0.17190214832545678,ok
real_vs_real,original,345000,346000,2923,0,75,0.5,uniform,1.0,0.4100708584661371,0.16815810896315467,ok
real_vs_real,original,346000,347000,2958,0,75,0.5,uniform,1.0,0.4108698050060855,0.1688139966657387,ok
real_vs_real,original,347000,348000,2958,0,75,0.5,uniform,1.0,0.4171900106177939,0.174047504959275,ok
real_vs_real,original,348000,349000,2913,0,75,0.5,uniform,1.0,0.4143384923308882,0.1716763862270335,ok
real_vs_real,original,349000,350000,2988,0,75,0.5,uniform,1.0,0.428192980252996,0.18334922833794265,ok
real_vs_real,original,350000,351000,2905,0,75,0.5,uniform,1.0,0.42438749627197675,0.18010474699199708,ok
real_vs_real,original,351000,352000,2969,0,75,0.5,uniform,1.0,0.4195343682936237,0.17600908617952993,ok
real_vs_real,original,352000,353000,2932,0,75,0.5,uniform,1.0,0.4320557688776779,0.18667218742048142,ok
real_vs_real,original,353000,354000,3035,0,75,0.5,uniform,1.0,0.42602410738649993,0.181496540074464,ok
real_vs_real,original,354000,355000,2984,0,75,0.5,uniform,1.0,0.42574549223901065,0.18125922416183746,ok
real_vs_real,original,355000,356000,3027,0,75,0.5,uniform,1.0,0.42824088617259876,0.1833902565898927,ok
real_vs_real,original,356000,357000,2957,0,75,0.5,uniform,1.0,0.4326864846196122,0.18721759397247786,ok
real_vs_real,original,357000,358000,2938,0,75,0.5,uniform,1.0,0.4289407884781678,0.1839902000202723,ok
real_vs_real,original,358000,359000,3019,0,75,0.5,uniform,1.0,0.43683164002066815,0.1908218817231466,ok
real_vs_real,original,359000,360000,2961,0,75,0.5,uniform,1.0,0.42918586871372616,0.1842005099035558,ok
real_vs_real,original,360000,361000,3039,0,75,0.5,uniform,1.0,0.43697391878461433,0.19094620569798273,ok
real_vs_real,original,361000,362000,2958,0,75,0.5,uniform,1.0,0.4345184674569234,0.18880629856111342,ok
real_vs_real,original,362000,363000,2913,0,75,0.5,uniform,1.0,0.4413566830199437,0.19479572164636705,ok
real_vs_real,original,363000,364000,2900,0,75,0.5,uniform,1.0,0.442207419279241,0.19554740166560644,ok
real_vs_real,original,364000,365000,2837,0,75,0.5,uniform,1.0,0.4486325413825482,0.20127115718736382,ok
real_vs_real,original,365000,366000,2828,0,75,0.5,uniform,1.0,0.45180884078078726,0.20413122860767877,ok
real_vs_real,original,366000,367000,2728,0,75,0.5,uniform,1.0,0.45897317947867294,0.21065637948076213,ok
real_vs_real,original,367000,368000,2772,0,75,0.5,uniform,1.0,0.45628460906251156,0.20819564446732902,ok
real_vs_real,original,368000,369000,2827,0,75,0.5,uniform,1.0,0.45528868267700323,0.20728778457376093,ok
real_vs_real,original,369000,370000,2739,0,75,0.5,uniform,1.0,0.45200669128796617,0.20431004896909474,ok
real_vs_real,original,370000,371000,2806,0,75,0.5,uniform,1.0,0.4635057704298576,0.21483759922177584,ok
real_vs_real,original,371000,372000,2771,0,75,0.5,uniform,1.0,0.4554105521434235,0.20739877100357787,ok
real_vs_real,original,372000,373000,2804,0,75,0.5,uniform,1.0,0.45454533847109524,0.20661146472580252,ok
real_vs_real,original,373000,374000,2685,0,75,0.5,uniform,1.0,0.46529434959796484,0.2164988317677931,ok
real_vs_real,original,374000,375000,2810,0,75,0.5,uniform,1.0,0.46523210573528095,0.21644091220688363,ok
real_vs_real,original,375000,376000,2681,0,75,0.5,uniform,1.0,0.46556254385343626,0.21674848223928275,ok
real_vs_real,original,376000,377000,2746,0,75,0.5,uniform,1.0,0.47403067164993484,0.22470507766488834,ok
real_vs_real,original,377000,378000,2788,0,75,0.5,uniform,1.0,0.462860450741188,0.2142397968603357,ok
real_vs_real,original,378000,379000,2696,0,75,0.5,uniform,1.0,0.4625898723517267,0.21398939000238684,ok
real_vs_real,original,379000,380000,2826,0,75,0.5,uniform,1.0,0.47020267798401444,0.2210905583833388,ok
real_vs_real,original,380000,381000,2764,0,75,0.5,uniform,1.0,0.4582123394095002,0.20995854798712701,ok
real_vs_real,original,381000,382000,2819,0,75,0.5,uniform,1.0,0.46250672291983586,0.21391246874604583,ok
real_vs_real,original,382000,383000,2788,0,75,0.5,uniform,1.0,0.4648073393013979,0.21604586266844483,ok
real_vs_real,original,383000,384000,2728,0,75,0.5,uniform,1.0,0.470431631293771,0.2213059197217185,ok
real_vs_real,original,384000,385000,2680,0,75,0.5,uniform,1.0,0.47802511041394125,0.22850800618626071,ok
real_vs_real,original,385000,386000,2683,0,75,0.5,uniform,1.0,0.47608051247452904,0.22665265435801019,ok
real_vs_real,original,386000,387000,2685,0,75,0.5,uniform,1.0,0.4740460911162327,0.22471969650257959,ok
real_vs_real,original,387000,388000,2677,0,75,0.5,uniform,1.0,0.4711650224727353,0.22199647840173314,ok
real_vs_real,original,388000,389000,2690,0,75,0.5,uniform,1.0,0.47129532453063333,0.222119282924435,ok
real_vs_real,original,389000,390000,2778,0,75,0.5,uniform,1.0,0.47821092848203023,0.22868569211964546,ok
real_vs_real,original,390000,391000,2651,0,75,0.5,uniform,1.0,0.48217802267882326,0.2324956455544598,ok
real_vs_real,original,391000,392000,2642,0,75,0.5,uniform,1.0,0.4839376820897626,0.23419568014641218,ok
real_vs_real,original,392000,393000,2652,0,75,0.5,uniform,1.0,0.475502360263066,0.22610249461574664,ok
real_vs_real,original,393000,394000,2591,0,75,0.5,uniform,1.0,0.47583936863719717,0.22642310474504643,ok
real_vs_real,original,394000,395000,2651,0,75,0.5,uniform,1.0,0.47422005034404036,0.22488465614830416,ok
real_vs_real,original,395000,396000,2621,0,75,0.5,uniform,1.0,0.4744244720266811,0.22507857965779512,ok
real_vs_real,original,396000,397000,2612,0,75,0.5,uniform,1.0,0.47462837451746964,0.2252720938970954,ok
real_vs_real,original,397000,398000,2649,0,75,0.5,uniform,1.0,0.4730591241470139,0.22378493493873988,ok
real_vs_real,original,398000,399000,2585,0,75,0.5,uniform,1.0,0.47363965051218987,0.22433451853730937,ok
real_vs_real,original,399000,400000,2529,0,75,0.5,uniform,1.0,0.48184064816991407,0.23217041022880291,ok
real_vs_real,original,400000,401000,2570,0,75,0.5,uniform,1.0,0.478587841252327,0.22904632179456255,ok
real_vs_real,original,401000,402000,2587,0,75,0.5,uniform,1.0,0.47073078551339254,0.22158747243005558,ok
real_vs_real,original,402000,403000,2554,0,75,0.5,uniform,1.0,0.4728920609138426,0.22362690127534146,ok
real_vs_real,original,403000,404000,2584,0,75,0.5,uniform,1.0,0.4723200770606237,0.2230862551945535,ok
real_vs_real,original,404000,405000,2551,0,75,0.5,uniform,1.0,0.4753968789504787,0.22600219251585613,ok
real_vs_real,original,405000,406000,2490,0,75,0.5,uniform,1.0,0.47407554865411405,0.22474762583169924,ok
real_vs_real,original,406000,407000,2508,0,75,0.5,uniform,1.0,0.4696023326678749,0.22052635084710945,ok
real_vs_real,original,407000,408000,2497,0,75,0.5,uniform,1.0,0.4755285400422984,0.2261273923947598,ok
real_vs_real,original,408000,409000,2460,0,75,0.5,uniform,1.0,0.4743965664104802,0.22505210222205316,ok
real_vs_real,original,409000,410000,2426,0,75,0.5,uniform,1.0,0.47345229481705353,0.2241570754675342,ok
real_vs_real,original,410000,411000,2434,0,75,0.5,uniform,1.0,0.4741983740341298,0.22486409793661244,ok
real_vs_real,original,411000,412000,2349,0,75,0.5,uniform,1.0,0.4675448347863532,0.21859817253539834,ok
real_vs_real,original,412000,413000,2348,0,75,0.5,uniform,1.0,0.4641805254258436,0.2154635601846122,ok
real_vs_real,original,413000,414000,2423,0,75,0.5,uniform,1.0,0.45697509392703267,0.2088262364696203,ok
real_vs_real,original,414000,415000,2296,0,75,0.5,uniform,1.0,0.46617152692634845,0.2173158925168432,ok
real_vs_real,original,415000,416000,2187,0,75,0.5,uniform,1.0,0.45914963186638375,0.21081838444303572,ok
real_vs_real,original,416000,417000,2240,0,75,0.5,uniform,1.0,0.47202715111689125,0.22280963139152848,ok
real_vs_real,original,417000,418000,2045,0,75,0.5,uniform,1.0,0.48340542292199135,0.23368080291038934,ok
real_vs_real,original,418000,419000,1986,0,75,0.5,uniform,1.0,0.463779261323888,0.2150912032341312,ok
real_vs_real,original,419000,420000,1924,0,75,0.5,uniform,1.0,0.46363636784635043,0.21495868158975637,ok
real_vs_real,original,420000,421000,1862,0,75,0.5,uniform,1.0,0.4643890147127662,0.21565715698589383,ok
real_vs_real,original,421000,422000,1739,0,75,0.5,uniform,1.0,0.4590147615000486,0.21069455127494652,ok
real_vs_real,original,422000,423000,1877,0,75,0.5,uniform,1.0,0.45769920658858276,0.20948856371181815,ok
real_vs_real,original,423000,424000,1790,0,75,0.5,uniform,1.0,0.48077915533093873,0.23114859620073092,ok
real_vs_real,original,424000,425000,1805,0,75,0.5,uniform,1.0,0.4788561093336447,0.2293031734461555,ok
real_vs_real,original,425000,426000,1834,0,75,0.5,uniform,1.0,0.4940817850750091,0.2441168103429075,ok
real_vs_real,original,426000,427000,1685,0,75,0.5,uniform,1.0,0.49228917371868625,0.24234863056062683,ok
real_vs_real,original,427000,428000,1712,0,75,0.5,uniform,1.0,0.4660093027450091,0.21716467024488958,ok
real_vs_real,original,428000,429000,1688,0,75,0.5,uniform,1.0,0.4589829286861455,0.2106653288253113,ok
real_vs_real,original,429000,430000,1682,0,75,0.5,uniform,1.0,0.44898317587880116,0.2015858922222145,ok
real_vs_real,original,430000,431000,1773,0,75,0.5,uniform,1.0,0.45093772064542015,0.20334482790088698,ok
real_vs_real,original,431000,432000,1876,0,75,0.5,uniform,1.0,0.45776454473455924,0.20954837841603827,ok
real_vs_real,original,432000,433000,1753,0,75,0.5,uniform,1.0,0.47133717492149285,0.22215873246297396,ok
real_vs_real,original,433000,434000,1796,0,75,0.5,uniform,1.0,0.46653036607774545,0.21765058247263516,ok
real_vs_real,original,434000,435000,1740,0,75,0.5,uniform,1.0,0.4736487680610258,0.22434315548572742,ok
real_vs_real,original,435000,436000,1665,0,75,0.5,uniform,1.0,0.45125084901326384,0.20362732873519146,ok
real_vs_real,original,436000,437000,1755,0,75,0.5,uniform,1.0,0.45235099737240675,0.20462142482381115,ok
real_vs_real,original,437000,438000,1737,0,75,0.5,uniform,1.0,0.42970018535090443,0.1846422492906016,ok
real_vs_real,original,438000,439000,1735,0,75,0.5,uniform,1.0,0.4357460387153548,0.18987461025612345,ok
real_vs_real,original,439000,440000,1780,0,75,0.5,uniform,1.0,0.45361518403159584,0.20576673518401856,ok
real_vs_real,original,440000,441000,1825,0,75,0.5,uniform,1.0,0.44639836837446056,0.1992715032873806,ok
real_vs_real,original,441000,442000,1775,0,75,0.5,uniform,1.0,0.45644436541678585,0.20834145872073231,ok
real_vs_real,original,442000,443000,1778,0,75,0.5,uniform,1.0,0.46104569225849634,0.21256313035011612,ok
real_vs_real,original,443000,444000,1710,0,75,0.5,uniform,1.0,0.44531562804020797,0.19830600857684486,ok
real_vs_real,original,444000,445000,1743,0,75,0.5,uniform,1.0,0.436953058840163,0.19092797562977495,ok
real_vs_real,original,445000,446000,1749,0,75,0.5,uniform,1.0,0.4136996294365452,0.17114738339593483,ok
real_vs_real,original,446000,447000,1739,0,75,0.5,uniform,1.0,0.40547345442301364,0.16440872224173173,ok
real_vs_real,original,447000,448000,1775,0,75,0.5,uniform,1.0,0.4179063639855526,0.17464572905962517,ok
real_vs_real,original,448000,449000,1754,0,75,0.5,uniform,1.0,0.42888882623361313,0.18394562526804642,ok
real_vs_real,original,449000,450000,1777,0,75,0.5,uniform,1.0,0.4333088822445304,0.1877565874320043,ok
real_vs_real,original,450000,451000,1747,0,75,0.5,uniform,1.0,0.4486277478336422,0.20126685612628603,ok
real_vs_real,original,451000,452000,1719,0,75,0.5,uniform,1.0,0.4393496186665891,0.1930280874224773,ok
real_vs_real,original,452000,453000,1657,0,75,0.5,uniform,1.0,0.41532801400804625,0.17249735921986786,ok
real_vs_real,original,453000,454000,1763,0,75,0.5,uniform,1.0,0.3924353928328576,0.15400553754787927,ok
real_vs_real,original,454000,455000,1833,0,75,0.5,uniform,1.0,0.3773280208618573,0.1423764353275262,ok
real_vs_real,original,455000,456000,2009,0,75,0.5,uniform,1.0,0.3701408707866494,0.1370042642266991,ok
real_vs_real,original,456000,457000,2035,0,75,0.5,uniform,1.0,0.3716463981337371,0.13812104524578023,ok
real_vs_real,original,457000,458000,2164,0,75,0.5,uniform,1.0,0.371291651212983,0.13785749026046346,ok
real_vs_real,original,458000,459000,2134,0,75,0.5,uniform,1.0,0.3603887138136147,0.12988002504423146,ok
real_vs_real,original,459000,460000,2281,0,75,0.5,uniform,1.0,0.349329017899987,0.12203076274696945,ok
real_vs_real,original,460000,461000,2328,0,75,0.5,uniform,1.0,0.33697477536968823,0.11355199923545184,ok
real_vs_real,original,461000,462000,2241,0,75,0.5,uniform,1.0,0.33120667933325015,0.10969786443495838,ok
real_vs_real,original,462000,463000,2380,0,75,0.5,uniform,1.0,0.3282690495930982,0.10776056892075597,ok
real_vs_real,original,463000,464000,2516,0,75,0.5,uniform,1.0,0.31661017382240086,0.1002420021678509,ok
real_vs_real,original,464000,465000,2471,0,75,0.5,uniform,1.0,0.3213235994119603,0.10324885553905794,ok
real_vs_real,original,465000,466000,2543,0,75,0.5,uniform,1.0,0.3155400488966242,0.09956552245768396,ok
real_vs_real,original,466000,467000,2528,0,75,0.5,uniform,1.0,0.31425818301337316,0.09875820559086673,ok
real_vs_real,original,467000,468000,2563,0,75,0.5,uniform,1.0,0.31153452487370864,0.09705376018828737,ok
real_vs_real,original,468000,469000,2591,0,75,0.5,uniform,1.0,0.30112460302817007,0.09067602654887302,ok
real_vs_real,original,469000,470000,2609,0,75,0.5,uniform,1.0,0.3001538377948815,0.09009232634299602,ok
real_vs_real,original,470000,471000,2597,0,75,0.5,uniform,1.0,0.2856450066312254,0.08159306981335279,ok
real_vs_real,original,471000,472000,2791,0,75,0.5,uniform,1.0,0.28691480229124217,0.0823201037738226,ok
real_vs_real,original,472000,473000,2692,0,75,0.5,uniform,1.0,0.28515700534524185,0.08131451769746628,ok
real_vs_real,original,473000,474000,2696,0,75,0.5,uniform,1.0,0.2805020629822564,0.07868140733730172,ok
real_vs_real,original,474000,475000,2750,0,75,0.5,uniform,1.0,0.27865257145443767,0.07764725557817048,ok
real_vs_real,original,475000,476000,2700,0,75,0.5,uniform,1.0,0.2774185246819215,0.07696103783669389,ok
real_vs_real,original,476000,477000,2817,0,75,0.5,uniform,1.0,0.2711557608822872,0.0735254466596521,ok
real_vs_real,original,477000,478000,2761,0,75,0.5,uniform,1.0,0.26518814246409794,0.07032475090355872,ok
real_vs_real,original,478000,479000,2730,0,75,0.5,uniform,1.0,0.2629294754087087,0.06913190903869876,ok
real_vs_real,original,479000,480000,2879,0,75,0.5,uniform,1.0,0.2541233511175831,0.06457867758323044,ok
real_vs_real,original,480000,481000,2890,0,75,0.5,uniform,1.0,0.2502571779494332,0.06262865511521426,ok
real_vs_real,original,481000,482000,2840,0,75,0.5,uniform,1.0,0.2540273110984053,0.064529874783886,ok
real_vs_real,original,482000,483000,2820,0,75,0.5,uniform,1.0,0.2503283095351206,0.06266426255471114,ok
real_vs_real,original,483000,484000,2855,0,75,0.5,uniform,1.0,0.24587638769190664,0.060455198024420786,ok
real_vs_real,original,484000,485000,2833,0,75,0.5,uniform,1.0,0.2446543238952343,0.05985573820063422,ok
real_vs_real,original,485000,486000,2880,0,75,0.5,uniform,1.0,0.2391372372731662,0.057186618250642585,ok
real_vs_real,original,486000,487000,2870,0,75,0.5,uniform,1.0,0.23692534219755895,0.05613361777543041,ok
real_vs_real,original,487000,488000,2839,0,75,0.5,uniform,1.0,0.22979942022065022,0.05280777353374699,ok
real_vs_real,original,488000,489000,2941,0,75,0.5,uniform,1.0,0.22547964892669672,0.05084107208010641,ok
real_vs_real,original,489000,490000,2985,0,75,0.5,uniform,1.0,0.21259505649975846,0.045196658048135496,ok
real_vs_real,original,490000,491000,3021,0,75,0.5,uniform,1.0,0.19005392869474247,0.03612049581230625,ok
real_vs_real,original,491000,492000,3217,0,75,0.5,uniform,1.0,0.1697309802920083,0.02880860567088611,ok
real_vs_real,original,492000,493000,3058,0,75,0.5,uniform,1.0,0.16117752065824523,0.025978193165539065,ok
real_vs_real,original,493000,494000,3260,0,75,0.5,uniform,1.0,0.1486484194950292,0.022096352618370174,ok
real_vs_real,original,494000,495000,3264,0,75,0.5,uniform,1.0,0.14576091554922377,0.021246244501747946,ok
real_vs_real,original,495000,496000,3263,0,75,0.5,uniform,1.0,0.13287262562674465,0.017655134640945036,ok
real_vs_real,original,496000,497000,3358,0,75,0.5,uniform,1.0,0.13461284025715162,0.01812061676209742,ok
real_vs_real,original,497000,498000,3248,0,75,0.5,uniform,1.0,0.11869337806097345,0.014088117995525173,ok
real_vs_real,original,498000,499000,3279,0,75,0.5,uniform,1.0,0.10760700421808873,0.011579267356791767,ok
real_vs_real,original,499000,500000,3374,0,75,0.5,uniform,1.0,0.10114027998106004,0.010229356234647213,ok
real_vs_real,original,500000,501000,3262,0,75,0.5,uniform,1.0,0.09019560821579578,0.008135247741417329,ok
real_vs_real,original,501000,502000,3328,0,75,0.5,uniform,1.0,0.0912652880644718,0.00832935280549102,ok
real_vs_real,original,502000,503000,3359,0,75,0.5,uniform,1.0,0.08729455829883487,0.00762033990858868,ok
real_vs_real,original,503000,504000,3321,0,75,0.5,uniform,1.0,0.08102311980548334,0.006564745943013706,ok
real_vs_real,original,504000,505000,3362,0,75,0.5,uniform,1.0,0.0704668037945556,0.004965570437020395,ok
real_vs_real,original,505000,506000,3464,0,75,0.5,uniform,1.0,0.0636435733286833,0.004050504426043489,ok
real_vs_real,original,506000,507000,3476,0,75,0.5,uniform,1.0,0.0542385285558876,0.0029418179799078348,ok
real_vs_real,original,507000,508000,3390,0,75,0.5,uniform,1.0,0.044453699903902764,0.0019761314351462445,ok
real_vs_real,original,508000,509000,3454,0,75,0.5,uniform,1.0,0.03984464092387839,0.0015875954103528045,ok
real_vs_real,original,509000,510000,3479,0,75,0.5,uniform,1.0,0.032582572162601985,0.0010616240087311657,ok
real_vs_real,original,510000,511000,3411,0,75,0.5,uniform,1.0,0.03203488186009412,0.0010262336557901874,ok
real_vs_real,original,511000,512000,3459,0,75,0.5,uniform,1.0,0.0350413214467685,0.001227894208735758,ok
real_vs_real,original,512000,513000,3479,0,75,0.5,uniform,1.0,0.036984317562340475,0.0013678397455520463,ok
real_vs_real,original,513000,514000,3495,0,75,0.5,uniform,1.0,0.045282943681018345,0.002050544988418279,ok
real_vs_real,original,514000,515000,3482,0,75,0.5,uniform,1.0,0.018810284337936328,0.00035382679687401275,ok
real_vs_real,original,515000,516000,3579,0,75,0.5,uniform,1.0,0.017479993678293962,0.0003055501789931969,ok
real_vs_real,original,516000,517000,3473,0,75,0.5,uniform,1.0,0.027083481326305843,0.0007335149607523572,ok
real_vs_real,original,517000,518000,3520,0,75,0.5,uniform,1.0,0.03021832147193874,0.000913146952581434,ok
real_vs_real,original,518000,519000,3552,0,75,0.5,uniform,1.0,0.03840723465713904,0.0014751156740085425,ok
real_vs_real,original,519000,520000,3522,0,75,0.5,uniform,1.0,0.05011725605682116,0.002511739354664977,ok
real_vs_real,original,520000,521000,3373,0,75,0.5,uniform,1.0,0.05332205407122221,0.0028432414503743453,ok
real_vs_real,original,521000,522000,3501,0,75,0.5,uniform,1.0,0.06705699815660177,0.004496641001774493,ok
real_vs_real,original,522000,523000,3530,0,75,0.5,uniform,1.0,0.06263819660141684,0.003923543673477747,ok
real_vs_real,original,523000,524000,3468,0,75,0.5,uniform,1.0,0.06718018045239824,0.00451317664561679,ok
real_vs_real,original,524000,525000,3473,0,75,0.5,uniform,1.0,0.07747580014644638,0.006002499608332101,ok
real_vs_real,original,525000,526000,3559,0,75,0.5,uniform,1.0,0.08673289950137417,0.00752259585591547,ok
real_vs_real,original,526000,527000,3514,0,75,0.5,uniform,1.0,0.08479336402107847,0.007189914582011125,ok
real_vs_real,original,527000,528000,3360,0,75,0.5,uniform,1.0,0.09765584968500211,0.009536664977699727,ok
real_vs_real,original,528000,529000,3387,0,75,0.5,uniform,1.0,0.10289514730644456,0.010587411339214925,ok
real_vs_real,original,529000,530000,3337,0,75,0.5,uniform,1.0,0.11218414890741271,0.01258528326608055,ok
real_vs_real,original,530000,531000,3470,0,75,0.5,uniform,1.0,0.11898598468085696,0.014157664550473126,ok
real_vs_real,original,531000,532000,3303,0,75,0.5,uniform,1.0,0.13017993236458023,0.016946814790446685,ok
real_vs_real,original,532000,533000,3416,0,75,0.5,uniform,1.0,0.12924709563642348,0.016704811730450797,ok
real_vs_real,original,533000,534000,3392,0,75,0.5,uniform,1.0,0.13729019073713203,0.01884859647263809,ok
real_vs_real,original,534000,535000,3472,0,75,0.5,uniform,1.0,0.14491555056039282,0.02100051679422177,ok
real_vs_real,original,535000,536000,3240,0,75,0.5,uniform,1.0,0.1534772741141822,0.023555273669519816,ok
real_vs_real,original,536000,537000,3320,0,75,0.5,uniform,1.0,0.15088898766533537,0.02276748659866973,ok
real_vs_real,original,537000,538000,3208,0,75,0.5,uniform,1.0,0.16528025911317437,0.027317564052518062,ok
real_vs_real,original,538000,539000,3266,0,75,0.5,uniform,1.0,0.16755629108053702,0.02807511068066565,ok
real_vs_real,original,539000,540000,3340,0,75,0.5,uniform,1.0,0.1811666517283824,0.032821355698473,ok
real_vs_real,original,540000,541000,3290,0,75,0.5,uniform,1.0,0.1860261228851063,0.034605718395664675,ok
real_vs_real,original,541000,542000,3268,0,75,0.5,uniform,1.0,0.19181746386967075,0.03679393944539244,ok
real_vs_real,original,542000,543000,3315,0,75,0.5,uniform,1.0,0.19470634653406546,0.03791056138064358,ok
real_vs_real,original,543000,544000,3226,0,75,0.5,uniform,1.0,0.20249225422929235,0.04100311302286036,ok
real_vs_real,original,544000,545000,3176,0,75,0.5,uniform,1.0,0.20940734579523138,0.0438514364730036,ok
real_vs_real,original,545000,546000,3149,0,75,0.5,uniform,1.0,0.21093838528644504,0.044495002387252736,ok
real_vs_real,original,546000,547000,3136,0,75,0.5,uniform,1.0,0.22470258605391458,0.05049125217931688,ok
real_vs_real,original,547000,548000,3187,0,75,0.5,uniform,1.0,0.224146815221352,0.050241794773874915,ok
real_vs_real,original,548000,549000,3207,0,75,0.5,uniform,1.0,0.23683239288216779,0.056089582318293474,ok
real_vs_real,original,549000,550000,3422,0,75,0.5,uniform,1.0,0.2351167598669882,0.055279890770351,ok
real_vs_real,original,550000,551000,3305,0,75,0.5,uniform,1.0,0.24144138144237004,0.058293940672800026,ok
real_vs_real,original,551000,552000,3155,0,75,0.5,uniform,1.0,0.2530835724237845,0.06405129463078496,ok
real_vs_real,original,552000,553000,3132,0,75,0.5,uniform,1.0,0.2495531775810904,0.06227678844081924,ok
real_vs_real,original,553000,554000,3047,0,75,0.5,uniform,1.0,0.2629526816826147,0.0691441128040785,ok
real_vs_real,original,554000,555000,3060,0,75,0.5,uniform,1.0,0.2645331732767286,0.06997779976385571,ok
real_vs_real,original,555000,556000,3146,0,75,0.5,uniform,1.0,0.2722205760233602,0.07410404201049003,ok
real_vs_real,original,556000,557000,3122,0,75,0.5,uniform,1.0,0.2746433672859084,0.07542897919414238,ok
real_vs_real,original,557000,558000,3123,0,75,0.5,uniform,1.0,0.2845418180722681,0.0809640462318717,ok
real_vs_real,original,558000,559000,3161,0,75,0.5,uniform,1.0,0.2979134804133652,0.08875244181200453,ok
real_vs_real,original,559000,560000,3112,0,75,0.5,uniform,1.0,0.29722375766459286,0.08834196212026063,ok
real_vs_real,original,560000,561000,2992,0,75,0.5,uniform,1.0,0.29706263394462545,0.08824620848611853,ok
real_vs_real,original,561000,562000,3001,0,75,0.5,uniform,1.0,0.3132010978889377,0.09809492771883593,ok
real_vs_real,original,562000,563000,2888,0,75,0.5,uniform,1.0,0.3144821390232617,0.0988990157646461,ok
real_vs_real,original,563000,564000,2920,0,75,0.5,uniform,1.0,0.3180849490927646,0.10117803483934662,ok
real_vs_real,original,564000,565000,3042,0,75,0.5,uniform,1.0,0.32820752619903176,0.10772018025368812,ok
real_vs_real,original,565000,566000,3041,0,75,0.5,uniform,1.0,0.3254872945255531,0.10594197889756413,ok
real_vs_real,original,566000,567000,3051,0,75,0.5,uniform,1.0,0.3321325175849674,0.1103120092373287,ok
real_vs_real,original,567000,568000,3125,0,75,0.5,uniform,1.0,0.3388342074116508,0.1148086201122816,ok
real_vs_real,original,568000,569000,2959,0,75,0.5,uniform,1.0,0.33914007202544183,0.11501598845342187,ok
real_vs_real,original,569000,570000,2964,0,75,0.5,uniform,1.0,0.3501443722220008,0.12260108139873904,ok
real_vs_real,original,570000,571000,2897,0,75,0.5,uniform,1.0,0.3494483339855028,0.12211413812524352,ok
real_vs_real,original,571000,572000,2879,0,75,0.5,uniform,1.0,0.3568975656402711,0.12737587235995163,ok
real_vs_real,original,572000,573000,2941,0,75,0.5,uniform,1.0,0.3595403512433075,0.12926926417216095,ok
real_vs_real,original,573000,574000,2938,0,75,0.5,uniform,1.0,0.36304323724807125,0.13180039211155936,ok
real_vs_real,original,574000,575000,3027,0,75,0.5,uniform,1.0,0.3677488424213296,0.13523921110222792,ok
real_vs_real,original,575000,576000,3039,0,75,0.5,uniform,1.0,0.3705977405363852,0.1373426852906739,ok
real_vs_real,original,576000,577000,2928,0,75,0.5,uniform,1.0,0.37114956252202386,0.1377519977602897,ok
real_vs_real,original,577000,578000,2954,0,75,0.5,uniform,1.0,0.3744209087598589,0.14019101691655858,ok
real_vs_real,original,578000,579000,2903,0,75,0.5,uniform,1.0,0.3805448595633087,0.14481439014005834,ok
real_vs_real,original,579000,580000,2912,0,75,0.5,uniform,1.0,0.38262968451922424,0.14640547547528107,ok
real_vs_real,original,580000,581000,2907,0,75,0.5,uniform,1.0,0.38765850559007253,0.15027911695632828,ok
real_vs_real,original,581000,582000,2960,0,75,0.5,uniform,1.0,0.3910803747754533,0.15294385953450904,ok
real_vs_real,original,582000,583000,3049,0,75,0.5,uniform,1.0,0.39080183483063063,0.15272607410698752,ok
real_vs_real,original,583000,584000,3031,0,75,0.5,uniform,1.0,0.3970266308757088,0.15763014562451633,ok
real_vs_real,original,584000,585000,3099,0,75,0.5,uniform,1.0,0.39212340701609755,0.15376076632991212,ok
real_vs_real,original,585000,586000,2988,0,75,0.5,uniform,1.0,0.3951907299028351,0.15617571300113556,ok
real_vs_real,original,586000,587000,2924,0,75,0.5,uniform,1.0,0.40461082098141277,0.16370991645525285,ok
real_vs_real,original,587000,588000,2907,0,75,0.5,uniform,1.0,0.40312668741651086,0.16251112610740928,ok
real_vs_real,original,588000,589000,2886,0,75,0.5,uniform,1.0,0.40499502961236244,0.16402097401071833,ok
real_vs_real,original,589000,590000,3040,0,75,0.5,uniform,1.0,0.40446012853601054,0.16358799557536619,ok
real_vs_real,original,590000,591000,2901,0,75,0.5,uniform,1.0,0.4096232726703106,0.16779122551313566,ok
real_vs_real,original,591000,592000,3057,0,75,0.5,uniform,1.0,0.4169518458290403,0.17384884174024381,ok
real_vs_real,original,592000,593000,3087,0,75,0.5,uniform,1.0,0.41421593341132745,0.17157483949181726,ok
real_vs_real,original,593000,594000,3015,0,75,0.5,uniform,1.0,0.4120461699928301,0.16978204620576026,ok
real_vs_real,original,594000,595000,2950,0,75,0.5,uniform,1.0,0.4220919859301629,0.17816164458646885,ok
real_vs_real,original,595000,596000,2951,0,75,0.5,uniform,1.0,0.4174442326106668,0.1742596873399085,ok
real_vs_real,original,596000,597000,2833,0,75,0.5,uniform,1.0,0.4236159247008514,0.1794504516601574,ok
real_vs_real,original,597000,598000,2986,0,75,0.5,uniform,1.0,0.42587896034895484,0.18137288886790665,ok
real_vs_real,original,598000,599000,3040,0,75,0.5,uniform,1.0,0.42385258574129464,0.17965101443958154,ok
real_vs_real,original,599000,600000,2992,0,75,0.5,uniform,1.0,0.42847154048897973,0.18358786100899938,ok
real_vs_real,original,600000,601000,3101,0,75,0.5,uniform,1.0,0.4271843121559386,0.18248643655214242,ok
real_vs_real,original,601000,602000,3004,0,75,0.5,uniform,1.0,0.4278272992418768,0.1830361979765984,ok
real_vs_real,original,602000,603000,2877,0,75,0.5,uniform,1.0,0.43642863822142947,0.19046995625981136,ok
real_vs_real,original,603000,604000,2956,0,75,0.5,uniform,1.0,0.436001376167859,0.1900972000202669,ok
real_vs_real,original,604000,605000,2901,0,75,0.5,uniform,1.0,0.4402438020437511,0.19381460523793748,ok
real_vs_real,original,605000,606000,2904,0,75,0.5,uniform,1.0,0.4340570256416668,0.1884055015088906,ok
real_vs_real,original,606000,607000,3023,0,75,0.5,uniform,1.0,0.43926053195415493,0.19294981493264718,ok
real_vs_real,original,607000,608000,3019,0,75,0.5,uniform,1.0,0.43689980076925616,0.1908814359122157,ok
real_vs_real,original,608000,609000,3040,0,75,0.5,uniform,1.0,0.4373160285152742,0.1912453087963721,ok
real_vs_real,original,609000,610000,3033,0,75,0.5,uniform,1.0,0.4391902819167624,0.19288810373012522,ok
real_vs_real,original,610000,611000,2895,0,75,0.5,uniform,1.0,0.4463130298061301,0.19919532057472758,ok
real_vs_real,original,611000,612000,2902,0,75,0.5,uniform,1.0,0.4466511874862737,0.1994972832828984,ok
real_vs_real,original,612000,613000,2799,0,75,0.5,uniform,1.0,0.45068772001233376,0.20311942096991573,ok
real_vs_real,original,613000,614000,2817,0,75,0.5,uniform,1.0,0.4520369244084963,0.2043373810286926,ok
real_vs_real,original,614000,615000,2889,0,75,0.5,uniform,1.0,0.451577433736964,0.2039221786604621,ok
real_vs_real,original,615000,616000,2815,0,75,0.5,uniform,1.0,0.45780720857845814,0.20958744022639986,ok
real_vs_real,original,616000,617000,2864,0,75,0.5,uniform,1.0,0.4538827744835049,0.20600957297284414,ok
real_vs_real,original,617000,618000,3040,0,75,0.5,uniform,1.0,0.4552166810588687,0.20722222671425178,ok
real_vs_real,original,618000,619000,2792,0,75,0.5,uniform,1.0,0.4604905553992368,0.21205155161189757,ok
real_vs_real,original,619000,620000,2736,0,75,0.5,uniform,1.0,0.46243397846386397,0.2138451844379174,ok
real_vs_real,original,620000,621000,2733,0,75,0.5,uniform,1.0,0.46532813253193106,0.2165302709256544,ok
real_vs_real,original,621000,622000,2670,0,75,0.5,uniform,1.0,0.46639115347288723,0.21752070803777024,ok
real_vs_real,original,622000,623000,2812,0,75,0.5,uniform,1.0,0.46777992084729203,0.2188180543478988,ok
real_vs_real,original,623000,624000,2766,0,75,0.5,uniform,1.0,0.4747028058379916,0.225342753870462,ok
real_vs_real,original,624000,625000,2736,0,75,0.5,uniform,1.0,0.47761711055709055,0.22811810429690407,ok
real_vs_real,original,625000,626000,2875,0,75,0.5,uniform,1.0,0.4689441680081474,0.2199086327088536,ok
real_vs_real,original,626000,627000,2841,0,75,0.5,uniform,1.0,0.4663689819878272,0.2175000273603623,ok
real_vs_real,original,627000,628000,2690,0,75,0.5,uniform,1.0,0.47460676645055805,0.22525158276065455,ok
real_vs_real,original,628000,629000,2675,0,75,0.5,uniform,1.0,0.4732654179797464,0.2239801558555441,ok
real_vs_real,original,629000,630000,2638,0,75,0.5,uniform,1.0,0.475509650206896,0.22610942743988457,ok
real_vs_real,original,630000,631000,2668,0,75,0.5,uniform,1.0,0.474692372316285,0.22533284833526257,ok
real_vs_real,original,631000,632000,2895,0,75,0.5,uniform,1.0,0.4734686234557442,0.22417253739707727,ok
real_vs_real,original,632000,633000,2732,0,75,0.5,uniform,1.0,0.47450158641383755,0.22515175550924854,ok
real_vs_real,original,633000,634000,2801,0,75,0.5,uniform,1.0,0.4818601264874661,0.23218918149851683,ok
real_vs_real,original,634000,635000,2742,0,75,0.5,uniform,1.0,0.4772823280417359,0.22779842066093922,ok
real_vs_real,original,635000,636000,2534,0,75,0.5,uniform,1.0,0.48215500098452474,0.23247344497438707,ok
real_vs_real,original,636000,637000,2620,0,75,0.5,uniform,1.0,0.48525365124423925,0.2354711060458658,ok
real_vs_real,original,637000,638000,2541,0,75,0.5,uniform,1.0,0.487450056796989,0.2376075578713878,ok
real_vs_real,original,638000,639000,2559,0,75,0.5,uniform,1.0,0.49381061066196663,0.2438489192023444,ok
real_vs_real,original,639000,640000,2629,0,75,0.5,uniform,1.0,0.48487234420818215,0.23510119017793785,ok
real_vs_real,original,640000,641000,2568,0,75,0.5,uniform,1.0,0.4858716347158298,0.2360712454214327,ok
real_vs_real,original,641000,642000,2689,0,75,0.5,uniform,1.0,0.4921262914786869,0.24218828676456552,ok
real_vs_real,original,642000,643000,2626,0,75,0.5,uniform,1.0,0.4818352051063868,0.2321651648799138,ok
real_vs_real,original,643000,644000,2550,0,75,0.5,uniform,1.0,0.4855950801842635,0.2358025818991613,ok
real_vs_real,original,644000,645000,2374,0,75,0.5,uniform,1.0,0.49683036683992793,0.24684041341429738,ok
real_vs_real,original,645000,646000,2477,0,75,0.5,uniform,1.0,0.487448802494841,0.2376063350536545,ok
real_vs_real,original,646000,647000,2417,0,75,0.5,uniform,1.0,0.4966499118038311,0.24666113489475322,ok
real_vs_real,original,647000,648000,2286,0,75,0.5,uniform,1.0,0.50272876279022,0.2527362089365853,ok
real_vs_real,original,648000,649000,2495,0,75,0.5,uniform,1.0,0.4927808418333646,0.2428329580779995,ok
real_vs_real,original,649000,650000,2416,0,75,0.5,uniform,1.0,0.49310387596279515,0.24315143248953167,ok
real_vs_real,original,650000,651000,2493,0,75,0.5,uniform,1.0,0.49165694584088354,0.24172655239358548,ok
real_vs_real,original,651000,652000,2471,0,75,0.5,uniform,1.0,0.47926363290490914,0.22969362982521152,ok
real_vs_real,original,652000,653000,2252,0,75,0.5,uniform,1.0,0.49563925585970725,0.24565827194916434,ok
real_vs_real,original,653000,654000,2335,0,75,0.5,uniform,1.0,0.4889903725889403,0.23911158448467065,ok
real_vs_real,original,654000,655000,2165,0,75,0.5,uniform,1.0,0.49587208723708437,0.2458891269008626,ok
real_vs_real,original,655000,656000,2130,0,75,0.5,uniform,1.0,0.49940610999386204,0.24940646269920144,ok
real_vs_real,original,656000,657000,2255,0,75,0.5,uniform,1.0,0.4930801347849373,0.2431280193195319,ok
real_vs_real,original,657000,658000,2132,0,75,0.5,uniform,1.0,0.49482271658884425,0.2448495208523637,ok
real_vs_real,original,658000,659000,2218,0,75,0.5,uniform,1.0,0.48302591148031687,0.2333140311613909,ok
real_vs_real,original,659000,660000,2245,0,75,0.5,uniform,1.0,0.47359426632745927,0.22429152909824443,ok
real_vs_real,original,660000,661000,1991,0,75,0.5,uniform,1.0,0.4902964955507954,0.24039065354939115,ok
real_vs_real,original,661000,662000,1946,0,75,0.5,uniform,1.0,0.4908059006401443,0.2408904321031832,ok
real_vs_real,original,662000,663000,1870,0,75,0.5,uniform,1.0,0.48981727786352075,0.23992096569362947,ok
real_vs_real,original,663000,664000,1799,0,75,0.5,uniform,1.0,0.49801945408101794,0.24802337664315513,ok
real_vs_real,original,664000,665000,1802,0,75,0.5,uniform,1.0,0.4909531088457446,0.24103495508530157,ok
real_vs_real,original,665000,666000,1734,0,75,0.5,uniform,1.0,0.482655043875959,0.23295589137890388,ok
real_vs_real,original,666000,667000,1647,0,75,0.5,uniform,1.0,0.4833126857047609,0.23359115216314896,ok
real_vs_real,original,667000,668000,1720,0,75,0.5,uniform,1.0,0.4665352853782668,0.2176551725029808,ok
real_vs_real,original,668000,669000,1619,0,75,0.5,uniform,1.0,0.47619061101656457,0.2267574980203291,ok
real_vs_real,original,669000,670000,1450,0,75,0.5,uniform,1.0,0.5126738783025588,0.26283450549378695,ok
real_vs_real,original,670000,671000,1599,0,75,0.5,uniform,1.0,0.5043914660568944,0.25441075103102334,ok
real_vs_real,original,671000,672000,1414,0,75,0.5,uniform,1.0,0.5328092557047003,0.2838857029645967,ok
real_vs_real,original,672000,673000,1425,0,75,0.5,uniform,1.0,0.5217162635082611,0.27218785960902125,ok
real_vs_real,original,673000,674000,1507,0,75,0.5,uniform,1.0,0.46941207085161646,0.22034769226120302,ok
real_vs_real,original,674000,675000,1505,0,75,0.5,uniform,1.0,0.4900712518389269,0.24016983187897295,ok
real_vs_real,original,675000,676000,1652,0,75,0.5,uniform,1.0,0.4487389185172405,0.20136661699202263,ok
real_vs_real,original,676000,677000,1663,0,75,0.5,uniform,1.0,0.46004149523817484,0.21163817734097565,ok
real_vs_real,original,677000,678000,1490,0,75,0.5,uniform,1.0,0.4926412157543212,0.24269536745989562,ok
real_vs_real,original,678000,679000,1528,0,75,0.5,uniform,1.0,0.49476007163271646,0.24478752848201074,ok
real_vs_real,original,679000,680000,1482,0,75,0.5,uniform,1.0,0.5010428222452,0.2510439097234351,ok
real_vs_real,original,680000,681000,1469,0,75,0.5,uniform,1.0,0.5013242880618459,0.2513260418007167,ok
real_vs_real,original,681000,682000,1523,0,75,0.5,uniform,1.0,0.475189354430251,0.22580492256383872,ok
real_vs_real,original,682000,683000,1590,0,75,0.5,uniform,1.0,0.45697492494690395,0.2088260820302285,ok
real_vs_real,original,683000,684000,1577,0,75,0.5,uniform,1.0,0.4483563726802635,0.20102343692300334,ok
real_vs_real,original,684000,685000,1659,0,75,0.5,uniform,1.0,0.4317228285956947,0.1863846007306676,ok
real_vs_real,original,685000,686000,1555,0,75,0.5,uniform,1.0,0.46991145868054424,0.22081677899927685,ok
real_vs_real,original,686000,687000,1594,0,75,0.5,uniform,1.0,0.46102633820567546,0.21254528451933385,ok
real_vs_real,original,687000,688000,1599,0,75,0.5,uniform,1.0,0.4713557008412688,0.22217619671556368,ok
real_vs_real,original,688000,689000,1542,0,75,0.5,uniform,1.0,0.49902475099842153,0.2490257021090366,ok
real_vs_real,original,689000,690000,1471,0,75,0.5,uniform,1.0,0.44996234128265117,0.20246610857256503,ok
real_vs_real,original,690000,691000,1544,0,75,0.5,uniform,1.0,0.4617578825823997,0.21322034212698124,ok
real_vs_real,original,691000,692000,1482,0,75,0.5,uniform,1.0,0.43973253686796687,0.19336470398033784,ok
real_vs_real,original,692000,693000,1633,0,75,0.5,uniform,1.0,0.4336627659786528,0.18806339459625576,ok
real_vs_real,original,693000,694000,1541,0,75,0.5,uniform,1.0,0.4438075177919423,0.19696511284864518,ok
real_vs_real,original,694000,695000,1575,0,75,0.5,uniform,1.0,0.4689368185711931,0.2199017398116721,ok
real_vs_real,original,695000,696000,1529,0,75,0.5,uniform,1.0,0.4648166326032469,0.2160545019446218,ok
real_vs_real,original,696000,697000,1543,0,75,0.5,uniform,1.0,0.4663874461992283,0.21751724997223804,ok
real_vs_real,original,697000,698000,1481,0,75,0.5,uniform,1.0,0.46667556120438825,0.2177860794254307,ok
real_vs_real,original,698000,699000,1489,0,75,0.5,uniform,1.0,0.4489362916605093,0.20154379396988986,ok
real_vs_real,original,699000,700000,1462,0,75,0.5,uniform,1.0,0.4448813355544438,0.19791940272470565,ok
real_vs_real,original,700000,701000,1560,0,75,0.5,uniform,1.0,0.4168776099003658,0.1737869416362416,ok
real_vs_real,original,701000,702000,1610,0,75,0.5,uniform,1.0,0.4208304759109955,0.17709828945547496,ok
real_vs_real,original,702000,703000,1508,0,75,0.5,uniform,1.0,0.4474479311014996,0.20020965104701233,ok
real_vs_real,original,703000,704000,1633,0,75,0.5,uniform,1.0,0.41813590450702537,0.17483763463790825,ok
real_vs_real,original,704000,705000,1664,0,75,0.5,uniform,1.0,0.4164831376046259,0.17345820390899375,ok
real_vs_real,original,705000,706000,1884,0,75,0.5,uniform,1.0,0.41499390888643245,0.1722199444128406,ok
real_vs_real,original,706000,707000,2081,0,75,0.5,uniform,1.0,0.3851171245856576,0.14831519964912493,ok
real_vs_real,original,707000,708000,2129,0,75,0.5,uniform,1.0,0.38259263247125574,0.14637712242128537,ok
real_vs_real,original,708000,709000,2297,0,75,0.5,uniform,1.0,0.3764591636892212,0.14172150192558786,ok
real_vs_real,original,709000,710000,2495,0,75,0.5,uniform,1.0,0.3726568495789189,0.138873127538085,ok
real_vs_real,original,710000,711000,2356,0,75,0.5,uniform,1.0,0.36957775953906286,0.13658772034591338,ok
real_vs_real,original,711000,712000,2341,0,75,0.5,uniform,1.0,0.3667422920351228,0.13449990876717532,ok
real_vs_real,original,712000,713000,2412,0,75,0.5,uniform,1.0,0.3676729713343132,0.1351834138498027,ok
real_vs_real,original,713000,714000,2412,0,75,0.5,uniform,1.0,0.3540603144714926,0.12535870628365225,ok
real_vs_real,original,714000,715000,2495,0,75,0.5,uniform,1.0,0.35413424581380437,0.12541106405811203,ok
real_vs_real,original,715000,716000,2580,0,75,0.5,uniform,1.0,0.34315841881091697,0.11775770040080868,ok
real_vs_real,original,716000,717000,2605,0,75,0.5,uniform,1.0,0.34019103137123896,0.11572993782542729,ok
real_vs_real,original,717000,718000,2713,0,75,0.5,uniform,1.0,0.33382432009569146,0.11143867668735069,ok
real_vs_real,original,718000,719000,2592,0,75,0.5,uniform,1.0,0.33243822997766254,0.11051517675068123,ok
real_vs_real,original,719000,720000,2565,0,75,0.5,uniform,1.0,0.3280397432244462,0.10761007313476056,ok
real_vs_real,original,720000,721000,2644,0,75,0.5,uniform,1.0,0.3222561037613037,0.10384899641141615,ok
real_vs_real,original,721000,722000,2495,0,75,0.5,uniform,1.0,0.32121950314509157,0.10318196920077949,ok
real_vs_real,original,722000,723000,2662,0,75,0.5,uniform,1.0,0.3190000701746339,0.10176104477142134,ok
real_vs_real,original,723000,724000,2733,0,75,0.5,uniform,1.0,0.3156301906032044,0.09962241722021514,ok
real_vs_real,original,724000,725000,2738,0,75,0.5,uniform,1.0,0.30762359112598936,0.09463227381724987,ok
real_vs_real,original,725000,726000,2846,0,75,0.5,uniform,1.0,0.3070434459959274,0.09427567772905399,ok
real_vs_real,original,726000,727000,2715,0,75,0.5,uniform,1.0,0.2999160727973638,0.08994965072219363,ok
real_vs_real,original,727000,728000,2777,0,75,0.5,uniform,1.0,0.29699045758952164,0.08820333189923346,ok
real_vs_real,original,728000,729000,2721,0,75,0.5,uniform,1.0,0.29424272202965124,0.0865787794674186,ok
real_vs_real,original,729000,730000,2705,0,75,0.5,uniform,1.0,0.28922116946791604,0.083648884868389,ok
real_vs_real,original,730000,731000,2829,0,75,0.5,uniform,1.0,0.28399191674474433,0.0806514087763538,ok
real_vs_real,original,731000,732000,2802,0,75,0.5,uniform,1.0,0.2870349894400481,0.08238908516284854,ok
real_vs_real,original,732000,733000,2895,0,75,0.5,uniform,1.0,0.2831759560052316,0.08018862205947686,ok
real_vs_real,original,733000,734000,2863,0,75,0.5,uniform,1.0,0.278168920176696,0.07737794815226906,ok
real_vs_real,original,734000,735000,2965,0,75,0.5,uniform,1.0,0.2804980673095182,0.078679165764375,ok
real_vs_real,original,735000,736000,2747,0,75,0.5,uniform,1.0,0.27182902584271157,0.07389101929059755,ok
real_vs_real,original,736000,737000,2747,0,75,0.5,uniform,1.0,0.27064564599153684,0.07324906569417627,ok
real_vs_real,original,737000,738000,2777,0,75,0.5,uniform,1.0,0.26483829841056256,0.07013932430500219,ok
real_vs_real,original,738000,739000,2731,0,75,0.5,uniform,1.0,0.26077835952119877,0.0680053527945676,ok
real_vs_real,original,739000,740000,2801,0,75,0.5,uniform,1.0,0.2648582678535763,0.07014990205039678,ok
real_vs_real,original,740000,741000,2833,0,75,0.5,uniform,1.0,0.2607394976796833,0.06798508565025357,ok
real_vs_real,original,741000,742000,2836,0,75,0.5,uniform,1.0,0.2644058238714868,0.06991043969715971,ok
real_vs_real,original,742000,743000,3051,0,75,0.5,uniform,1.0,0.24764509330466822,0.06132809223787783,ok
real_vs_real,original,743000,744000,2760,0,75,0.5,uniform,1.0,0.23349415327962475,0.0545195196157689,ok
real_vs_real,original,744000,745000,2868,0,75,0.5,uniform,1.0,0.22280843948273518,0.04964360070473167,ok
real_vs_real,original,745000,746000,2793,0,75,0.5,uniform,1.0,0.2128515883625489,0.04530579866845996,ok
real_vs_real,original,746000,747000,2840,0,75,0.5,uniform,1.0,0.19422912844730897,0.03772495433740125,ok
real_vs_real,original,747000,748000,2948,0,75,0.5,uniform,1.0,0.19583715436162513,0.03835219102845899,ok
real_vs_real,original,748000,749000,2989,0,75,0.5,uniform,1.0,0.19484396505526824,0.03796417071845859,ok
real_vs_real,original,749000,750000,2992,0,75,0.5,uniform,1.0,0.18665660251299915,0.03484068726169576,ok
real_vs_real,original,750000,751000,3116,0,75,0.5,uniform,1.0,0.1946223593070771,0.03787786274225302,ok
real_vs_real,original,751000,752000,2970,0,75,0.5,uniform,1.0,0.1597367191357907,0.025515819440266485,ok
real_vs_real,original,752000,753000,3010,0,75,0.5,uniform,1.0,0.15529598645451595,0.024116843408881206,ok
real_vs_real,original,753000,754000,3068,0,75,0.5,uniform,1.0,0.14140276935519117,0.019994743181317387,ok
real_vs_real,original,754000,755000,2939,0,75,0.5,uniform,1.0,0.14189636099583905,0.020134577263861475,ok
real_vs_real,original,755000,756000,3121,0,75,0.5,uniform,1.0,0.13657267305824708,0.01865209502627485,ok
real_vs_real,original,756000,757000,3126,0,75,0.5,uniform,1.0,0.1443920918376788,0.020849076185260662,ok
real_vs_real,original,757000,758000,2993,0,75,0.5,uniform,1.0,0.12716434945555655,0.016170771772454906,ok
real_vs_real,original,758000,759000,3227,0,75,0.5,uniform,1.0,0.1346749421930502,0.018137340054701412,ok
real_vs_real,original,759000,760000,3142,0,75,0.5,uniform,1.0,0.12835795402749492,0.0164757643621245,ok
real_vs_real,original,760000,761000,3089,0,75,0.5,uniform,1.0,0.10512854137379087,0.011052010211380858,ok
real_vs_real,original,761000,762000,3067,0,75,0.5,uniform,1.0,0.10485337414727822,0.010994230070069111,ok
real_vs_real,original,762000,763000,3022,0,75,0.5,uniform,1.0,0.09410798450872371,0.008856312748294182,ok
real_vs_real,original,763000,764000,3175,0,75,0.5,uniform,1.0,0.09655030610395071,0.009321961608766582,ok
real_vs_real,original,764000,765000,3235,0,75,0.5,uniform,1.0,0.10563290967016517,0.011158311605385274,ok
real_vs_real,original,765000,766000,3221,0,75,0.5,uniform,1.0,0.10052313709647767,0.010104901091717244,ok
real_vs_real,original,766000,767000,3282,0,75,0.5,uniform,1.0,0.10530835913493941,0.011089850503693377,ok
real_vs_real,original,767000,768000,3386,0,75,0.5,uniform,1.0,0.12234016897290936,0.014967116944320014,ok
real_vs_real,original,768000,769000,3190,0,75,0.5,uniform,1.0,0.08478049637201768,0.007187732565085703,ok
real_vs_real,original,769000,770000,3133,0,75,0.5,uniform,1.0,0.07789450997649537,0.006067554684478338,ok
real_vs_real,original,770000,771000,3171,0,75,0.5,uniform,1.0,0.08425388971913851,0.0070987179328047545,ok
real_vs_real,original,771000,772000,3070,0,75,0.5,uniform,1.0,0.06952748792528435,0.0048340715772005605,ok
real_vs_real,original,772000,773000,3213,0,75,0.5,uniform,1.0,0.08707965694131466,0.007582866653017051,ok
real_vs_real,original,773000,774000,3238,0,75,0.5,uniform,1.0,0.10537331552758425,0.011103535625275829,ok
real_vs_real,original,774000,775000,3259,0,75,0.5,uniform,1.0,0.10059767440386669,0.010119892095466376,ok
real_vs_real,original,775000,776000,3322,0,75,0.5,uniform,1.0,0.1217999129080979,0.014835218784420234,ok
real_vs_real,original,776000,777000,3244,0,75,0.5,uniform,1.0,0.09226389807398735,0.008512626887807129,ok
real_vs_real,original,777000,778000,3182,0,75,0.5,uniform,1.0,0.0979723566060877,0.009598582658950416,ok
real_vs_real,original,778000,779000,3236,0,75,0.5,uniform,1.0,0.0991591124448455,0.009832529580849514,ok
real_vs_real,original,779000,780000,3106,0,75,0.5,uniform,1.0,0.09298823945933717,0.008646812677747029,ok
real_vs_real,original,780000,781000,3173,0,75,0.5,uniform,1.0,0.10517797746681683,0.011062406944010228,ok
real_vs_real,original,781000,782000,3266,0,75,0.5,uniform,1.0,0.11639865642773782,0.013548647218182552,ok
real_vs_real,original,782000,783000,3317,0,75,0.5,uniform,1.0,0.11822711459551455,0.013977650625580929,ok
real_vs_real,original,783000,784000,3326,0,75,0.5,uniform,1.0,0.1323631756621651,0.017520010271373176,ok
real_vs_real,original,784000,785000,3348,0,75,0.5,uniform,1.0,0.1293386912130974,0.01672849704471696,ok
real_vs_real,original,785000,786000,3139,0,75,0.5,uniform,1.0,0.13074473006130646,0.017094184438803894,ok
real_vs_real,original,786000,787000,3236,0,75,0.5,uniform,1.0,0.13305982813236525,0.017704917862614578,ok
real_vs_real,original,787000,788000,3197,0,75,0.5,uniform,1.0,0.13423894585018473,0.018020094582968826,ok
real_vs_real,original,788000,789000,3233,0,75,0.5,uniform,1.0,0.1388110159778094,0.019268498156791658,ok
real_vs_real,original,789000,790000,3132,0,75,0.5,uniform,1.0,0.15231413018176004,0.023199594253026146,ok
real_vs_real,original,790000,791000,3153,0,75,0.5,uniform,1.0,0.15799998670238288,0.024963995797953165,ok
real_vs_real,original,791000,792000,3327,0,75,0.5,uniform,1.0,0.16931186365468714,0.028666507174223366,ok
real_vs_real,original,792000,793000,3262,0,75,0.5,uniform,1.0,0.17152839966567282,0.029421991891866783,ok
real_vs_real,original,793000,794000,3029,0,75,0.5,uniform,1.0,0.16810399576436294,0.028258953391944952,ok
real_vs_real,original,794000,795000,2995,0,75,0.5,uniform,1.0,0.17782404667981316,0.03162139157758437,ok
real_vs_real,original,795000,796000,3078,0,75,0.5,uniform,1.0,0.1854462209740387,0.03439030087355199,ok
real_vs_real,original,796000,797000,3073,0,75,0.5,uniform,1.0,0.1850833854375572,0.03425585956502736,ok
real_vs_real,original,797000,798000,2988,0,75,0.5,uniform,1.0,0.19956579199055496,0.03982650533281745,ok
real_vs_real,original,798000,799000,2997,0,75,0.5,uniform,1.0,0.19997922967441312,0.039991692301171666,ok
real_vs_real,original,799000,800000,2994,0,75,0.5,uniform,1.0,0.2115913747365544,0.044770909862904995,ok
real_vs_real,original,800000,801000,3024,0,75,0.5,uniform,1.0,0.21871999961825048,0.047838438233007485,ok
real_vs_real,original,801000,802000,2939,0,75,0.5,uniform,1.0,0.22053428918616233,0.04863537270684587,ok
real_vs_real,original,802000,803000,2965,0,75,0.5,uniform,1.0,0.22875342338251645,0.05232812870922082,ok
real_vs_real,original,803000,804000,2796,0,75,0.5,uniform,1.0,0.2333886669786648,0.0544702698740781,ok
real_vs_real,original,804000,805000,2799,0,75,0.5,uniform,1.0,0.24270273097467893,0.05890461562256738,ok
real_vs_real,original,805000,806000,2876,0,75,0.5,uniform,1.0,0.24780956213071828,0.06140957908341832,ok
real_vs_real,original,806000,807000,2877,0,75,0.5,uniform,1.0,0.2525050253820584,0.06375878784319394,ok
real_vs_real,original,807000,808000,2875,0,75,0.5,uniform,1.0,0.2552910896684456,0.06517354046410234,ok
real_vs_real,original,808000,809000,2868,0,75,0.5,uniform,1.0,0.2630726569642359,0.06920722284222253,ok
real_vs_real,original,809000,810000,2815,0,75,0.5,uniform,1.0,0.268889201450091,0.07230140265646762,ok
real_vs_real,original,810000,811000,2800,0,75,0.5,uniform,1.0,0.2728405367530192,0.07444195849567564,ok
real_vs_real,original,811000,812000,2828,0,75,0.5,uniform,1.0,0.2809277943310944,0.07892042562773366,ok
real_vs_real,original,812000,813000,2742,0,75,0.5,uniform,1.0,0.28997318534458155,0.08408444821888306,ok
real_vs_real,original,813000,814000,2832,0,75,0.5,uniform,1.0,0.29687815878169566,0.08813664116160969,ok
real_vs_real,original,814000,815000,2767,0,75,0.5,uniform,1.0,0.2987210254346494,0.08923425103672844,ok
real_vs_real,original,815000,816000,2692,0,75,0.5,uniform,1.0,0.3105259831575992,0.09642638621599359,ok
real_vs_real,original,816000,817000,2800,0,75,0.5,uniform,1.0,0.30787133315987,0.09478475778163564,ok
real_vs_real,original,817000,818000,2721,0,75,0.5,uniform,1.0,0.3130703516460368,0.09801304507977315,ok
real_vs_real,original,818000,819000,2786,0,75,0.5,uniform,1.0,0.3150860192174382,0.09927919950629183,ok
real_vs_real,original,819000,820000,2730,0,75,0.5,uniform,1.0,0.32935670723415295,0.10847584060012355,ok
real_vs_real,original,820000,821000,2723,0,75,0.5,uniform,1.0,0.3289075331042753,0.10818016533273994,ok
real_vs_real,original,821000,822000,2719,0,75,0.5,uniform,1.0,0.334682058125862,0.11201208003136287,ok
real_vs_real,original,822000,823000,2703,0,75,0.5,uniform,1.0,0.3398973914807092,0.11553023673539048,ok
real_vs_real,original,823000,824000,2724,0,75,0.5,uniform,1.0,0.3496864289746369,0.12228059860903379,ok
real_vs_real,original,824000,825000,2755,0,75,0.5,uniform,1.0,0.3506284555741319,0.12294031385830101,ok
real_vs_real,original,825000,826000,2750,0,75,0.5,uniform,1.0,0.3476791085531962,0.12088076252434521,ok
real_vs_real,original,826000,827000,2722,0,75,0.5,uniform,1.0,0.3525989767045059,0.12432603837306472,ok
real_vs_real,original,827000,828000,2736,0,75,0.5,uniform,1.0,0.35604682435400775,0.12676934113257365,ok
real_vs_real,original,828000,829000,2629,0,75,0.5,uniform,1.0,0.3596728168373192,0.12936453517169177,ok
real_vs_real,original,829000,830000,2757,0,75,0.5,uniform,1.0,0.3630719778007834,0.13182126106417252,ok
real_vs_real,original,830000,831000,2756,0,75,0.5,uniform,1.0,0.35897033783348037,0.12885970344428305,ok
real_vs_real,original,831000,832000,2778,0,75,0.5,uniform,1.0,0.3669138825025996,0.13462579717313147,ok
real_vs_real,original,832000,833000,2686,0,75,0.5,uniform,1.0,0.3711683379881555,0.13776593512488963,ok
real_vs_real,original,833000,834000,2731,0,75,0.5,uniform,1.0,0.3750749669991984,0.14068123086944978,ok
real_vs_real,original,834000,835000,2779,0,75,0.5,uniform,1.0,0.37894316928889793,0.14359792555071435,ok
real_vs_real,original,835000,836000,2800,0,75,0.5,uniform,1.0,0.3750708570352454,0.14067814779715349,ok
real_vs_real,original,836000,837000,2708,0,75,0.5,uniform,1.0,0.38002884408811677,0.14442192233895015,ok
real_vs_real,original,837000,838000,2829,0,75,0.5,uniform,1.0,0.38396994565091686,0.14743291916316806,ok
real_vs_real,original,838000,839000,2801,0,75,0.5,uniform,1.0,0.3894200438542931,0.15164797055547954,ok
real_vs_real,original,839000,840000,2802,0,75,0.5,uniform,1.0,0.38535270059766435,0.14849670385791316,ok
real_vs_real,original,840000,841000,2853,0,75,0.5,uniform,1.0,0.39114687174823054,0.15299587527842673,ok
real_vs_real,original,841000,842000,2777,0,75,0.5,uniform,1.0,0.39391213981176537,0.15516677389108377,ok
real_vs_real,original,842000,843000,2803,0,75,0.5,uniform,1.0,0.3983389001524993,0.1586738793747028,ok
real_vs_real,original,843000,844000,2817,0,75,0.5,uniform,1.0,0.3987187350122385,0.15897662964975964,ok
real_vs_real,original,844000,845000,2957,0,75,0.5,uniform,1.0,0.3951828269130897,0.15616946668702103,ok
real_vs_real,original,845000,846000,2814,0,75,0.5,uniform,1.0,0.40494307011359165,0.16397889003302119,ok
real_vs_real,original,846000,847000,2771,0,75,0.5,uniform,1.0,0.40474644351110456,0.16381968353488774,ok
real_vs_real,original,847000,848000,2866,0,75,0.5,uniform,1.0,0.4001674885177986,0.16013401886664247,ok
real_vs_real,original,848000,849000,2788,0,75,0.5,uniform,1.0,0.4084400658572463,0.1668232873974717,ok
real_vs_real,original,849000,850000,2867,0,75,0.5,uniform,1.0,0.40799266528026884,0.16645801492249748,ok
real_vs_real,original,850000,851000,2737,0,75,0.5,uniform,1.0,0.41514189749215835,0.17234279505338973,ok
real_vs_real,original,851000,852000,2931,0,75,0.5,uniform,1.0,0.4118939249544713,0.16965660541439964,ok
real_vs_real,original,852000,853000,2834,0,75,0.5,uniform,1.0,0.41576946793948316,0.1728642504706809,ok
real_vs_real,original,853000,854000,2799,0,75,0.5,uniform,1.0,0.41779354159699716,0.1745514434001618,ok
real_vs_real,original,854000,855000,2799,0,75,0.5,uniform,1.0,0.421406529390867,0.17758346301325562,ok
real_vs_real,original,855000,856000,2948,0,75,0.5,uniform,1.0,0.42132220901114614,0.1775124038060319,ok
real_vs_real,original,856000,857000,2909,0,75,0.5,uniform,1.0,0.41982635396419754,0.17625416748287168,ok
real_vs_real,original,857000,858000,2843,0,75,0.5,uniform,1.0,0.4295972732179288,0.18455381715627978,ok
real_vs_real,original,858000,859000,2845,0,75,0.5,uniform,1.0,0.42412301678749564,0.1798803333689263,ok
real_vs_real,original,859000,860000,2934,0,75,0.5,uniform,1.0,0.42340985401906905,0.17927590448044936,ok
real_vs_real,original,860000,861000,2773,0,75,0.5,uniform,1.0,0.43385891270053173,0.18823355612968762,ok
real_vs_real,original,861000,862000,2858,0,75,0.5,uniform,1.0,0.43186067328803923,0.18650364113279855,ok
real_vs_real,original,862000,863000,2787,0,75,0.5,uniform,1.0,0.4288415448131103,0.18390507055769492,ok
real_vs_real,original,863000,864000,2971,0,75,0.5,uniform,1.0,0.4272774711218829,0.18256603732831148,ok
real_vs_real,original,864000,865000,2830,0,75,0.5,uniform,1.0,0.4325037315117682,0.18705947777160367,ok
real_vs_real,original,865000,866000,2892,0,75,0.5,uniform,1.0,0.4345859732754806,0.18886496816779674,ok
real_vs_real,original,866000,867000,2892,0,75,0.5,uniform,1.0,0.4411427180049513,0.194606897648796,ok
real_vs_real,original,867000,868000,2853,0,75,0.5,uniform,1.0,0.4423009337694881,0.1956301160133611,ok
real_vs_real,original,868000,869000,2765,0,75,0.5,uniform,1.0,0.44276669207561403,0.19604234361158163,ok
real_vs_real,original,869000,870000,2786,0,75,0.5,uniform,1.0,0.4401441502948645,0.19372687303878824,ok
real_vs_real,original,870000,871000,2787,0,75,0.5,uniform,1.0,0.44454426479857967,0.1976196033653097,ok
real_vs_real,original,871000,872000,2739,0,75,0.5,uniform,1.0,0.4428109292055248,0.19608151902386028,ok
real_vs_real,original,872000,873000,2705,0,75,0.5,uniform,1.0,0.4511222959774292,0.2035113259279472,ok
real_vs_real,original,873000,874000,2703,0,75,0.5,uniform,1.0,0.45811189599661434,0.2098665092536128,ok
real_vs_real,original,874000,875000,2643,0,75,0.5,uniform,1.0,0.4572624051871505,0.20908890719753778,ok
real_vs_real,original,875000,876000,2740,0,75,0.5,uniform,1.0,0.4619638965820325,0.21341064174525484,ok
real_vs_real,original,876000,877000,2658,0,75,0.5,uniform,1.0,0.4558319672504739,0.20778278236743714,ok
real_vs_real,original,877000,878000,2638,0,75,0.5,uniform,1.0,0.46037201305519093,0.2119423904044889,ok
real_vs_real,original,878000,879000,2569,0,75,0.5,uniform,1.0,0.46970616573145174,0.22062388212614203,ok
real_vs_real,original,879000,880000,2628,0,75,0.5,uniform,1.0,0.46494257831260477,0.2161716011279726,ok
real_vs_real,original,880000,881000,2693,0,75,0.5,uniform,1.0,0.46217074224423194,0.21360179498658427,ok
real_vs_real,original,881000,882000,2600,0,75,0.5,uniform,1.0,0.4687834608198448,0.21975793313823097,ok
real_vs_real,original,882000,883000,2614,0,75,0.5,uniform,1.0,0.46797394465638537,0.2189996128772576,ok
real_vs_real,original,883000,884000,2672,0,75,0.5,uniform,1.0,0.46549667684410767,0.2166871561529076,ok
real_vs_real,original,884000,885000,2631,0,75,0.5,uniform,1.0,0.47132901587628645,0.2221510412069087,ok
real_vs_real,original,885000,886000,2584,0,75,0.5,uniform,1.0,0.4671726948167971,0.2182503267823882,ok
real_vs_real,original,886000,887000,2680,0,75,0.5,uniform,1.0,0.4646533947313352,0.215902777235354,ok
real_vs_real,original,887000,888000,2620,0,75,0.5,uniform,1.0,0.46898967431321753,0.21995131461241788,ok
real_vs_real,original,888000,889000,2708,0,75,0.5,uniform,1.0,0.46458137764404805,0.2158358564536416,ok
real_vs_real,original,889000,890000,2618,0,75,0.5,uniform,1.0,0.47327377066184084,0.22398806199647672,ok
real_vs_real,original,890000,891000,2499,0,75,0.5,uniform,1.0,0.46991908937108817,0.22082395055535273,ok
real_vs_real,original,891000,892000,2723,0,75,0.5,uniform,1.0,0.470211117386706,0.22109849491405464,ok
real_vs_real,original,892000,893000,2487,0,75,0.5,uniform,1.0,0.48339187310936743,0.2336677029881828,ok
real_vs_real,original,893000,894000,2509,0,75,0.5,uniform,1.0,0.4805241015483077,0.23090341216880833,ok
real_vs_real,original,894000,895000,2533,0,75,0.5,uniform,1.0,0.47745054794620173,0.22795902573412827,ok
real_vs_real,original,895000,896000,2521,0,75,0.5,uniform,1.0,0.4748703340596273,0.22550183416990202,ok
real_vs_real,original,896000,897000,2564,0,75,0.5,uniform,1.0,0.4772699257351036,0.22778658201119129,ok
real_vs_real,original,897000,898000,2643,0,75,0.5,uniform,1.0,0.47826058492224033,0.22873318709016346,ok
real_vs_real,original,898000,899000,2517,0,75,0.5,uniform,1.0,0.4806304233125451,0.23100560381359628,ok
real_vs_real,original,899000,900000,2636,0,75,0.5,uniform,1.0,0.4785159097075953,0.22897747584328748,ok
real_vs_real,original,900000,901000,2456,0,75,0.5,uniform,1.0,0.47590191337998716,0.22648263115873282,ok
real_vs_real,original,901000,902000,2493,0,75,0.5,uniform,1.0,0.47464906732385526,0.22529173711140568,ok
real_vs_real,original,902000,903000,2495,0,75,0.5,uniform,1.0,0.4815044083998357,0.23184649530847576,ok
real_vs_real,original,903000,904000,2536,0,75,0.5,uniform,1.0,0.47483104091196277,0.22546451741353804,ok
real_vs_real,original,904000,905000,2497,0,75,0.5,uniform,1.0,0.47621809556223477,0.22678367454092177,ok
real_vs_real,original,905000,906000,2513,0,75,0.5,uniform,1.0,0.4721288242743514,0.22290562671068137,ok
real_vs_real,original,906000,907000,2410,0,75,0.5,uniform,1.0,0.4861949963101785,0.23638557443705446,ok
real_vs_real,original,907000,908000,2514,0,75,0.5,uniform,1.0,0.4757227806598997,0.22631216403878707,ok
real_vs_real,original,908000,909000,2407,0,75,0.5,uniform,1.0,0.4831425251788178,0.23342669963616458,ok
real_vs_real,original,909000,910000,2496,0,75,0.5,uniform,1.0,0.47366548868345226,0.22435899516973365,ok
real_vs_real,original,910000,911000,2357,0,75,0.5,uniform,1.0,0.4811946856939658,0.23154832554011454,ok
real_vs_real,original,911000,912000,2375,0,75,0.5,uniform,1.0,0.4806077147515353,0.23098377547869314,ok
real_vs_real,original,912000,913000,2322,0,75,0.5,uniform,1.0,0.4762464723001124,0.22681070237830175,ok
real_vs_real,original,913000,914000,2411,0,75,0.5,uniform,1.0,0.4770870841376812,0.2276120858509949,ok
real_vs_real,original,914000,915000,2432,0,75,0.5,uniform,1.0,0.46890940510656254,0.21987603019739035,ok
real_vs_real,original,915000,916000,2355,0,75,0.5,uniform,1.0,0.47579378464770034,0.22637972550938226,ok
real_vs_real,original,916000,917000,2289,0,75,0.5,uniform,1.0,0.48714513817457905,0.2373103856471297,ok
real_vs_real,original,917000,918000,2319,0,75,0.5,uniform,1.0,0.4822228341982476,0.23253886182219058,ok
real_vs_real,original,918000,919000,2286,0,75,0.5,uniform,1.0,0.4706127558217235,0.22147636594211714,ok
real_vs_real,original,919000,920000,2150,0,75,0.5,uniform,1.0,0.47416236234738945,0.22482994586685706,ok
real_vs_real,original,920000,921000,2163,0,75,0.5,uniform,1.0,0.47846822835641417,0.2289318455465257,ok
real_vs_real,original,921000,922000,2211,0,75,0.5,uniform,1.0,0.45728622623712795,0.20911069270619378,ok
real_vs_real,original,922000,923000,2086,0,75,0.5,uniform,1.0,0.4744012962507641,0.22505658988440524,ok
real_vs_real,original,923000,924000,2100,0,75,0.5,uniform,1.0,0.4642907979446503,0.21556594505608007,ok
real_vs_real,original,924000,925000,1971,0,75,0.5,uniform,1.0,0.48666996082339953,0.23684765076784922,ok
real_vs_real,original,925000,926000,1966,0,75,0.5,uniform,1.0,0.48162563227285493,0.23196324966222726,ok
real_vs_real,original,926000,927000,1842,0,75,0.5,uniform,1.0,0.48501482243794986,0.23523937798451605,ok
real_vs_real,original,927000,928000,1810,0,75,0.5,uniform,1.0,0.45900969962337135,0.2106899043483376,ok
real_vs_real,original,928000,929000,1732,0,75,0.5,uniform,1.0,0.4730065178032837,0.22373516588438813,ok
real_vs_real,original,929000,930000,1671,0,75,0.5,uniform,1.0,0.4671250686677394,0.21820582977784023,ok
real_vs_real,original,930000,931000,1692,0,75,0.5,uniform,1.0,0.46564123421155273,0.2168217589980581,ok
real_vs_real,original,931000,932000,1784,0,75,0.5,uniform,1.0,0.49480869160366103,0.2448356412865269,ok
real_vs_real,original,932000,933000,1645,0,75,0.5,uniform,1.0,0.4785360094471226,0.22899671233757662,ok
real_vs_real,original,933000,934000,1745,0,75,0.5,uniform,1.0,0.4974685752887083,0.24747498339977722,ok
real_vs_real,original,934000,935000,1680,0,75,0.5,uniform,1.0,0.49995183188946285,0.24995183420962974,ok
real_vs_real,original,935000,936000,1656,0,75,0.5,uniform,1.0,0.47210803600298307,0.22288599765859396,ok
real_vs_real,original,936000,937000,1591,0,75,0.5,uniform,1.0,0.48257472278152275,0.23287836306766352,ok
real_vs_real,original,937000,938000,1647,0,75,0.5,uniform,1.0,0.4639250239010119,0.2152264278015545,ok
real_vs_real,original,938000,939000,1724,0,75,0.5,uniform,1.0,0.4437933446772665,0.19695253277983504,ok
real_vs_real,original,939000,940000,1700,0,75,0.5,uniform,1.0,0.4626943264372959,0.21408603971726295,ok
real_vs_real,original,940000,941000,1720,0,75,0.5,uniform,1.0,0.4719816457785482,0.22276667395182695,ok
real_vs_real,original,941000,942000,1697,0,75,0.5,uniform,1.0,0.48690526310116944,0.237076735235619,ok
real_vs_real,original,942000,943000,1676,0,75,0.5,uniform,1.0,0.49350248153206433,0.2435446992783055,ok
real_vs_real,original,943000,944000,1590,0,75,0.5,uniform,1.0,0.4634849689104835,0.2148183164059519,ok
real_vs_real,original,944000,945000,1626,0,75,0.5,uniform,1.0,0.44623114322236357,0.19912223318153757,ok
real_vs_real,original,945000,946000,1642,0,75,0.5,uniform,1.0,0.45456272316308893,0.20662726928944303,ok
real_vs_real,original,946000,947000,1643,0,75,0.5,uniform,1.0,0.4430661731211396,0.19630763376421165,ok
real_vs_real,original,947000,948000,1781,0,75,0.5,uniform,1.0,0.44835666600059687,0.2010236999471708,ok
real_vs_real,original,948000,949000,1697,0,75,0.5,uniform,1.0,0.4484158191718643,0.20107674688357408,ok
real_vs_real,original,949000,950000,1689,0,75,0.5,uniform,1.0,0.4675488642436182,0.21860194045549733,ok
real_vs_real,original,950000,951000,1723,0,75,0.5,uniform,1.0,0.45701184301842934,0.20885982465910152,ok
real_vs_real,original,951000,952000,1665,0,75,0.5,uniform,1.0,0.46134468809689283,0.21283892123521933,ok
real_vs_real,original,952000,953000,1629,0,75,0.5,uniform,1.0,0.4422807163724925,0.19561223207496517,ok
real_vs_real,original,953000,954000,1623,0,75,0.5,uniform,1.0,0.4517001090910998,0.20403298855291147,ok
real_vs_real,original,954000,955000,1667,0,75,0.5,uniform,1.0,0.42085379337026524,0.1771179153941419,ok
real_vs_real,original,955000,956000,1670,0,75,0.5,uniform,1.0,0.4345854995982203,0.18886455646103473,ok
real_vs_real,original,956000,957000,1592,0,75,0.5,uniform,1.0,0.45697717013337213,0.20882813402310496,ok
real_vs_real,original,957000,958000,1648,0,75,0.5,uniform,1.0,0.4355490800795681,0.18970300115815802,ok
real_vs_real,original,958000,959000,1749,0,75,0.5,uniform,1.0,0.45257321696526864,0.20482251671429214,ok
real_vs_real,original,959000,960000,1670,0,75,0.5,uniform,1.0,0.44916413475605615,0.20174841995115655,ok
real_vs_real,original,960000,961000,1607,0,75,0.5,uniform,1.0,0.4327963819241579,0.1873127082066416,ok
real_vs_real,original,961000,962000,1604,0,75,0.5,uniform,1.0,0.4309183023789244,0.18569058332513416,ok
real_vs_real,original,962000,963000,1667,0,75,0.5,uniform,1.0,0.40725903319908896,0.16585992012225664,ok
real_vs_real,original,963000,964000,1770,0,75,0.5,uniform,1.0,0.3895179028887097,0.15172419667081827,ok
real_vs_real,original,964000,965000,1862,0,75,0.5,uniform,1.0,0.3855361431867648,0.14863811770332563,ok
real_vs_real,original,965000,966000,1898,0,75,0.5,uniform,1.0,0.380516839890448,0.1447930654402128,ok
real_vs_real,original,966000,967000,2055,0,75,0.5,uniform,1.0,0.38013263364130295,0.14450081915907304,ok
real_vs_real,original,967000,968000,2077,0,75,0.5,uniform,1.0,0.3708018585329205,0.137494018291468,ok
real_vs_real,original,968000,969000,2099,0,75,0.5,uniform,1.0,0.3566201702968965,0.12717794586258746,ok
real_vs_real,original,969000,970000,2151,0,75,0.5,uniform,1.0,0.3378036374027665,0.11411129744253973,ok
real_vs_real,original,970000,971000,2204,0,75,0.5,uniform,1.0,0.3366031909886603,0.11330170818374852,ok
real_vs_real,original,971000,972000,2228,0,75,0.5,uniform,1.0,0.33447417232927873,0.11187297195535606,ok
real_vs_real,original,972000,973000,2410,0,75,0.5,uniform,1.0,0.3260043798780381,0.10627885569966417,ok
real_vs_real,original,973000,974000,2363,0,75,0.5,uniform,1.0,0.3337423190593437,0.11138393553110876,ok
real_vs_real,original,974000,975000,2387,0,75,0.5,uniform,1.0,0.327378590046289,0.10717674122069615,ok
real_vs_real,original,975000,976000,2453,0,75,0.5,uniform,1.0,0.31573312103136153,0.09968740371620438,ok
real_vs_real,original,976000,977000,2424,0,75,0.5,uniform,1.0,0.3146958737004127,0.0990334929240661,ok
real_vs_real,original,977000,978000,2377,0,75,0.5,uniform,1.0,0.30857467663653665,0.09521833106134314,ok
real_vs_real,original,978000,979000,2565,0,75,0.5,uniform,1.0,0.3061029572369674,0.09369902042921668,ok
real_vs_real,original,979000,980000,2474,0,75,0.5,uniform,1.0,0.2965909579696133,0.08796619634933295,ok
real_vs_real,original,980000,981000,2578,0,75,0.5,uniform,1.0,0.29375907939558427,0.08629439672734118,ok
real_vs_real,original,981000,982000,2489,0,75,0.5,uniform,1.0,0.29199892726152477,0.08526337352188124,ok
real_vs_real,original,982000,983000,2593,0,75,0.5,uniform,1.0,0.2987773494061963,0.08926790451819233,ok
real_vs_real,original,983000,984000,2613,0,75,0.5,uniform,1.0,0.2858365805551731,0.08170255078347394,ok
real_vs_real,original,984000,985000,2663,0,75,0.5,uniform,1.0,0.28161747850614954,0.07930840420016161,ok
real_vs_real,original,985000,986000,2665,0,75,0.5,uniform,1.0,0.27352153969851223,0.0748140326790448,ok
real_vs_real,original,986000,987000,2664,0,75,0.5,uniform,1.0,0.2705865880973913,0.07321710165818729,ok
real_vs_real,original,987000,988000,2730,0,75,0.5,uniform,1.0,0.2662692312725432,0.07089930352247109,ok
real_vs_real,original,988000,989000,2767,0,75,0.5,uniform,1.0,0.2640912294199405,0.06974417745653566,ok
real_vs_real,original,989000,990000,2661,0,75,0.5,uniform,1.0,0.259959766970934,0.0675790804435823,ok
real_vs_real,original,990000,991000,2703,0,75,0.5,uniform,1.0,0.2571511689488353,0.06612672369175243,ok
real_vs_real,original,991000,992000,2800,0,75,0.5,uniform,1.0,0.24871464588643633,0.061858975078415424,ok
real_vs_real,original,992000,993000,2830,0,75,0.5,uniform,1.0,0.24848413764987695,0.061744366663603,ok
real_vs_real,original,993000,994000,2770,0,75,0.5,uniform,1.0,0.25282423526253484,0.06392009393608555,ok
real_vs_real,original,994000,995000,2733,0,75,0.5,uniform,1.0,0.24569565614455516,0.06036635544830349,ok
real_vs_real,original,995000,996000,2732,0,75,0.5,uniform,1.0,0.2407494504811203,0.05796029790696139,ok
real_vs_real,original,996000,997000,2862,0,75,0.5,uniform,1.0,0.23645018544945787,0.05590869019908301,ok
real_vs_real,original,997000,998000,2757,0,75,0.5,uniform,1.0,0.23142315867591712,0.05355667837153871,ok
real_vs_real,original,998000,999000,2865,0,75,0.5,uniform,1.0,0.2314184412265492,0.053554494939725805,ok
real_vs_real,original,999000,1000000,2853,0,75,0.5,uniform,1.0,0.2221054051475451,0.04933081099575515,ok
real_vs_real,original,1000000,1001000,2963,0,75,0.5,uniform,1.0,0.20056687010033808,0.04022706938184589,ok
real_vs_real,original,1001000,1002000,3011,0,75,0.5,uniform,1.0,0.17973055075609337,0.03230307087508866,ok
real_vs_real,original,1002000,1003000,3088,0,75,0.5,uniform,1.0,0.16763247984463545,0.028100648298862108,ok
real_vs_real,original,1003000,1004000,3131,0,75,0.5,uniform,1.0,0.15290842407352404,0.023380986152648664,ok
real_vs_real,original,1004000,1005000,3166,0,75,0.5,uniform,1.0,0.15196028667458467,0.023091928726221955,ok
real_vs_real,original,1005000,1006000,3149,0,75,0.5,uniform,1.0,0.1353785449193705,0.018327350424486022,ok
real_vs_real,original,1006000,1007000,3186,0,75,0.5,uniform,1.0,0.1308474607373421,0.01712105798141028,ok
real_vs_real,original,1007000,1008000,3320,0,75,0.5,uniform,1.0,0.12203109897905105,0.014891589118034954,ok
real_vs_real,original,1008000,1009000,3194,0,75,0.5,uniform,1.0,0.11309593425266637,0.012790690344483435,ok
real_vs_real,original,1009000,1010000,3288,0,75,0.5,uniform,1.0,0.11135242525993518,0.012399362611269449,ok
real_vs_real,original,1010000,1011000,3294,0,75,0.5,uniform,1.0,0.09910747524205314,0.009822291648854176,ok
real_vs_real,original,1011000,1012000,3224,0,75,0.5,uniform,1.0,0.09145240441583441,0.00836354227343733,ok
real_vs_real,original,1012000,1013000,3196,0,75,0.5,uniform,1.0,0.08728582548054603,0.007618815329820339,ok
real_vs_real,original,1013000,1014000,3291,0,75,0.5,uniform,1.0,0.0885214578649167,0.007836048502530224,ok
real_vs_real,original,1014000,1015000,3384,0,75,0.5,uniform,1.0,0.07088041292356369,0.005024032936214895,ok
v2e_vs_real,original,15000,16000,12548,0,75,0.5,uniform,1.0,0.10351939400091141,0.010716264934315933,ok
v2e_vs_real,original,16000,17000,9409,0,75,0.5,uniform,1.0,0.0756745301821222,0.005726634518284923,ok
v2e_vs_real,original,17000,18000,9433,0,75,0.5,uniform,1.0,0.06481756198539045,0.004201316341729933,ok
v2e_vs_real,original,18000,19000,9797,0,75,0.5,uniform,1.0,0.05237525325266897,0.002743167153281212,ok
v2e_vs_real,original,19000,20000,10257,0,75,0.5,uniform,1.0,0.05538291677947973,0.003067267471002777,ok
v2e_vs_real,original,20000,21000,10156,0,75,0.5,uniform,1.0,0.060976582187849196,0.0037181435753115277,ok
v2e_vs_real,original,21000,22000,10081,0,75,0.5,uniform,1.0,0.06814276671545427,0.004643436655636823,ok
v2e_vs_real,original,22000,23000,15716,0,75,0.5,uniform,1.0,0.06811381195062133,0.004639491378444605,ok
v2e_vs_real,original,23000,24000,11389,0,75,0.5,uniform,1.0,0.08462880244725832,0.007162034203657075,ok
v2e_vs_real,original,24000,25000,11061,0,75,0.5,uniform,1.0,0.0911607754506608,0.008310286980765802,ok
v2e_vs_real,original,25000,26000,11113,0,75,0.5,uniform,1.0,0.09862478133976754,0.00972684749431696,ok
v2e_vs_real,original,26000,27000,10865,0,75,0.5,uniform,1.0,0.10268842563954127,0.010544912760327596,ok
v2e_vs_real,original,27000,28000,10981,0,75,0.5,uniform,1.0,0.10894886243802258,0.011869854626539167,ok
v2e_vs_real,original,28000,29000,15966,0,75,0.5,uniform,1.0,0.09940443103689815,0.00988124090976944,ok
v2e_vs_real,original,29000,30000,11768,0,75,0.5,uniform,1.0,0.12542640119140802,0.01573178211582804,ok
v2e_vs_real,original,30000,31000,11021,0,75,0.5,uniform,1.0,0.11438820918401957,0.013084662400327018,ok
v2e_vs_real,original,31000,32000,10949,0,75,0.5,uniform,1.0,0.1136890244871667,0.012925194288843589,ok
v2e_vs_real,original,32000,33000,12082,0,75,0.5,uniform,1.0,0.12554402776805687,0.015761302908226638,ok
v2e_vs_real,original,33000,34000,12020,0,75,0.5,uniform,1.0,0.1358988327553931,0.01846849274427831,ok
v2e_vs_real,original,34000,35000,16701,0,75,0.5,uniform,1.0,0.141390868894589,0.019991377806766852,ok
v2e_vs_real,original,35000,36000,11691,0,75,0.5,uniform,1.0,0.1505844479851018,0.022675675974977827,ok
v2e_vs_real,original,36000,37000,10259,0,75,0.5,uniform,1.0,0.14774930700479172,0.021829857720396195,ok
v2e_vs_real,original,37000,38000,9792,0,75,0.5,uniform,1.0,0.15303099577871687,0.023418485669025657,ok
v2e_vs_real,original,38000,39000,9534,0,75,0.5,uniform,1.0,0.1594033054236847,0.025409413779996504,ok
v2e_vs_real,original,39000,40000,9136,0,75,0.5,uniform,1.0,0.16780457976384683,0.028158376989721234,ok
v2e_vs_real,original,40000,41000,12864,0,75,0.5,uniform,1.0,0.17306575947383315,0.029951757102254672,ok
v2e_vs_real,original,41000,42000,9452,0,75,0.5,uniform,1.0,0.18572120488630833,0.03449236594442212,ok
v2e_vs_real,original,42000,43000,9035,0,75,0.5,uniform,1.0,0.1909296591742935,0.03645413475241188,ok
v2e_vs_real,original,43000,44000,8800,0,75,0.5,uniform,1.0,0.19175229576826053,0.03676894293239846,ok
v2e_vs_real,original,44000,45000,8726,0,75,0.5,uniform,1.0,0.20017465244752025,0.04006989148248552,ok
v2e_vs_real,original,45000,46000,8843,0,75,0.5,uniform,1.0,0.2060464742805782,0.04245514956345697,ok
v2e_vs_real,original,46000,47000,8690,0,75,0.5,uniform,1.0,0.2109796908193705,0.044512429938237175,ok
v2e_vs_real,original,47000,48000,12341,0,75,0.5,uniform,1.0,0.21109015466852873,0.044559053397983384,ok
v2e_vs_real,original,48000,49000,9658,0,75,0.5,uniform,1.0,0.22406341266722146,0.050204412896081574,ok
v2e_vs_real,original,49000,50000,9383,0,75,0.5,uniform,1.0,0.2229861567991567,0.049722826124058095,ok
v2e_vs_real,original,50000,51000,9296,0,75,0.5,uniform,1.0,0.2272584231590615,0.051646390896743055,ok
v2e_vs_real,original,51000,52000,9241,0,75,0.5,uniform,1.0,0.23369263709146126,0.05461224863076142,ok
v2e_vs_real,original,52000,53000,8868,0,75,0.5,uniform,1.0,0.23980206959853118,0.05750503258373879,ok
v2e_vs_real,original,53000,54000,12661,0,75,0.5,uniform,1.0,0.23861400796111315,0.05693664479526617,ok
v2e_vs_real,original,54000,55000,9282,0,75,0.5,uniform,1.0,0.2619957806804792,0.06864178909437374,ok
v2e_vs_real,original,55000,56000,8485,0,75,0.5,uniform,1.0,0.260097497929208,0.06765070842903437,ok
v2e_vs_real,original,56000,57000,8294,0,75,0.5,uniform,1.0,0.26354258210207404,0.06945469258102843,ok
v2e_vs_real,original,57000,58000,8403,0,75,0.5,uniform,1.0,0.2699087045276443,0.07285070877979122,ok
v2e_vs_real,original,58000,59000,8286,0,75,0.5,uniform,1.0,0.27616900271395106,0.0762693180600183,ok
v2e_vs_real,original,59000,60000,11565,0,75,0.5,uniform,1.0,0.27538337877140107,0.07583600530355294,ok
v2e_vs_real,original,60000,61000,8584,0,75,0.5,uniform,1.0,0.2946040034166441,0.08679151882911407,ok
v2e_vs_real,original,61000,62000,8286,0,75,0.5,uniform,1.0,0.29450165154504127,0.08673122276275691,ok
v2e_vs_real,original,62000,63000,8193,0,75,0.5,uniform,1.0,0.29441558973136855,0.08668053947686954,ok
v2e_vs_real,original,63000,64000,7868,0,75,0.5,uniform,1.0,0.2983600340408362,0.08901870991284894,ok
v2e_vs_real,original,64000,65000,7789,0,75,0.5,uniform,1.0,0.3034147723976131,0.09206052410909538,ok
v2e_vs_real,original,65000,66000,8370,0,75,0.5,uniform,1.0,0.2967051680447665,0.08803395674447312,ok
v2e_vs_real,original,66000,67000,11694,0,75,0.5,uniform,1.0,0.29605533334137635,0.08764876039987346,ok
v2e_vs_real,original,67000,68000,8648,0,75,0.5,uniform,1.0,0.3090408561870631,0.09550625079283304,ok
v2e_vs_real,original,68000,69000,7990,0,75,0.5,uniform,1.0,0.307686681524323,0.09467109398745016,ok
v2e_vs_real,original,69000,70000,7762,0,75,0.5,uniform,1.0,0.3167508418247557,0.10033109579669142,ok
v2e_vs_real,original,70000,71000,7732,0,75,0.5,uniform,1.0,0.31979222342968155,0.10226706616609937,ok
v2e_vs_real,original,71000,72000,7642,0,75,0.5,uniform,1.0,0.32720873093323877,0.10706555359894065,ok
v2e_vs_real,original,72000,73000,10848,0,75,0.5,uniform,1.0,0.3258745458930705,0.10619421966101494,ok
v2e_vs_real,original,73000,74000,8133,0,75,0.5,uniform,1.0,0.3490248689495486,0.12181835914524958,ok
v2e_vs_real,original,74000,75000,7587,0,75,0.5,uniform,1.0,0.34707069660172085,0.12045806843960377,ok
v2e_vs_real,original,75000,76000,7608,0,75,0.5,uniform,1.0,0.34828270904925585,0.1213008454226886,ok
v2e_vs_real,original,76000,77000,7651,0,75,0.5,uniform,1.0,0.35413453122678296,0.12541126620721332,ok
v2e_vs_real,original,77000,78000,7632,0,75,0.5,uniform,1.0,0.3576235147861953,0.12789457832803205,ok
v2e_vs_real,original,78000,79000,10955,0,75,0.5,uniform,1.0,0.3574528048975574,0.12777250772913123,ok
v2e_vs_real,original,79000,80000,8334,0,75,0.5,uniform,1.0,0.38195218862193564,0.1458874743930867,ok
v2e_vs_real,original,80000,81000,7806,0,75,0.5,uniform,1.0,0.37385127169391996,0.13976477334716117,ok
v2e_vs_real,original,81000,82000,7990,0,75,0.5,uniform,1.0,0.3728041954756998,0.13898296816428382,ok
v2e_vs_real,original,82000,83000,7947,0,75,0.5,uniform,1.0,0.3727400907171739,0.138935175227847,ok
v2e_vs_real,original,83000,84000,7921,0,75,0.5,uniform,1.0,0.37509721633143767,0.14069792169959333,ok
v2e_vs_real,original,84000,85000,11157,0,75,0.5,uniform,1.0,0.37143942971701105,0.1379672499484984,ok
v2e_vs_real,original,85000,86000,8116,0,75,0.5,uniform,1.0,0.3949446737791288,0.15598129534650246,ok
v2e_vs_real,original,86000,87000,7579,0,75,0.5,uniform,1.0,0.38693056979113266,0.14971526583889058,ok
v2e_vs_real,original,87000,88000,7861,0,75,0.5,uniform,1.0,0.39780882255622246,0.1582518593035681,ok
v2e_vs_real,original,88000,89000,7666,0,75,0.5,uniform,1.0,0.3950503769995583,0.15606480036749315,ok
v2e_vs_real,original,89000,90000,7760,0,75,0.5,uniform,1.0,0.4038019975200897,0.16305605320121455,ok
v2e_vs_real,original,90000,91000,7616,0,75,0.5,uniform,1.0,0.4073677005325169,0.1659484434371504,ok
v2e_vs_real,original,91000,92000,11131,0,75,0.5,uniform,1.0,0.40878600840007756,0.16710600066366826,ok
v2e_vs_real,original,92000,93000,7810,0,75,0.5,uniform,1.0,0.4168791523167808,0.1737882276363577,ok
v2e_vs_real,original,93000,94000,7691,0,75,0.5,uniform,1.0,0.4239186252083476,0.1797070007985355,ok
v2e_vs_real,original,94000,95000,7454,0,75,0.5,uniform,1.0,0.42240692267148455,0.17842760832079352,ok
v2e_vs_real,original,95000,96000,7527,0,75,0.5,uniform,1.0,0.4267688214707955,0.1821316269795717,ok
v2e_vs_real,original,96000,97000,7330,0,75,0.5,uniform,1.0,0.4247773662654807,0.18043581089143831,ok
v2e_vs_real,original,97000,98000,10073,0,75,0.5,uniform,1.0,0.4196184379406282,0.17607963345973285,ok
v2e_vs_real,original,98000,99000,7826,0,75,0.5,uniform,1.0,0.4249791800034976,0.18060730343644524,ok
v2e_vs_real,original,99000,100000,8051,0,75,0.5,uniform,1.0,0.41537724063946085,0.1725382520412526,ok
v2e_vs_real,original,100000,101000,8214,0,75,0.5,uniform,1.0,0.4156776383105992,0.17278789899147728,ok
v2e_vs_real,original,101000,102000,7527,0,75,0.5,uniform,1.0,0.4147667057862563,0.1720314202287829,ok
v2e_vs_real,original,102000,103000,7864,0,75,0.5,uniform,1.0,0.42732828364973635,0.18260946200702952,ok
v2e_vs_real,original,103000,104000,10773,0,75,0.5,uniform,1.0,0.4205356426904548,0.17685022677307388,ok
v2e_vs_real,original,104000,105000,7299,0,75,0.5,uniform,1.0,0.4296025826012222,0.18455837897763994,ok
v2e_vs_real,original,105000,106000,7317,0,75,0.5,uniform,1.0,0.4329631899958955,0.1874571238914219,ok
v2e_vs_real,original,106000,107000,7345,0,75,0.5,uniform,1.0,0.4371321181724085,0.19108448873789652,ok
v2e_vs_real,original,107000,108000,7231,0,75,0.5,uniform,1.0,0.4382364198988124,0.1920511597257282,ok
v2e_vs_real,original,108000,109000,7300,0,75,0.5,uniform,1.0,0.440959894591606,0.19444562863824028,ok
v2e_vs_real,original,109000,110000,10813,0,75,0.5,uniform,1.0,0.4346175080434747,0.18889237829791983,ok
v2e_vs_real,original,110000,111000,7885,0,75,0.5,uniform,1.0,0.4537130932368901,0.20585557097458693,ok
v2e_vs_real,original,111000,112000,7970,0,75,0.5,uniform,1.0,0.45298930405149485,0.20519930958505764,ok
v2e_vs_real,original,112000,113000,7655,0,75,0.5,uniform,1.0,0.45405339459722915,0.20616448514526708,ok
v2e_vs_real,original,113000,114000,7764,0,75,0.5,uniform,1.0,0.45081828944180435,0.20323713009523448,ok
v2e_vs_real,original,114000,115000,7673,0,75,0.5,uniform,1.0,0.45627864443782457,0.20819020137001876,ok
v2e_vs_real,original,115000,116000,7994,0,75,0.5,uniform,1.0,0.4535113962952501,0.20567258656966741,ok
v2e_vs_real,original,116000,117000,11831,0,75,0.5,uniform,1.0,0.4447747779014047,0.19782460305724386,ok
v2e_vs_real,original,117000,118000,8226,0,75,0.5,uniform,1.0,0.4544360714656568,0.2065121430491395,ok
v2e_vs_real,original,118000,119000,7967,0,75,0.5,uniform,1.0,0.44991281759695634,0.20242154343803212,ok
v2e_vs_real,original,119000,120000,7895,0,75,0.5,uniform,1.0,0.45456015286493345,0.20662493257259165,ok
v2e_vs_real,original,120000,121000,7735,0,75,0.5,uniform,1.0,0.4596765760307957,0.21130255455139588,ok
v2e_vs_real,original,121000,122000,7643,0,75,0.5,uniform,1.0,0.46227360013481256,0.21369688138160056,ok
v2e_vs_real,original,122000,123000,10945,0,75,0.5,uniform,1.0,0.456784108254979,0.20865172155429637,ok
v2e_vs_real,original,123000,124000,8045,0,75,0.5,uniform,1.0,0.4765707448948706,0.22711967488965182,ok
v2e_vs_real,original,124000,125000,7540,0,75,0.5,uniform,1.0,0.468287253709955,0.21929295198721177,ok
v2e_vs_real,original,125000,126000,7534,0,75,0.5,uniform,1.0,0.47043552836693103,0.22130958634987358,ok
v2e_vs_real,original,126000,127000,7303,0,75,0.5,uniform,1.0,0.4700435291697924,0.2209409193143935,ok
v2e_vs_real,original,127000,128000,7228,0,75,0.5,uniform,1.0,0.4730495420533072,0.22377586923684364,ok
v2e_vs_real,original,128000,129000,10284,0,75,0.5,uniform,1.0,0.4628250407592956,0.21420701835384362,ok
v2e_vs_real,original,129000,130000,7331,0,75,0.5,uniform,1.0,0.4786848565639947,0.22913919190369214,ok
v2e_vs_real,original,130000,131000,6839,0,75,0.5,uniform,1.0,0.47259236286320405,0.22334354143662632,ok
v2e_vs_real,original,131000,132000,6732,0,75,0.5,uniform,1.0,0.47016801530169583,0.22105796261273566,ok
v2e_vs_real,original,132000,133000,8341,0,75,0.5,uniform,1.0,0.471334605513058,0.22215631035414998,ok
v2e_vs_real,original,133000,134000,7254,0,75,0.5,uniform,1.0,0.47768169950807665,0.22817980604492444,ok
v2e_vs_real,original,134000,135000,7151,0,75,0.5,uniform,1.0,0.4796173230518747,0.23003277657144636,ok
v2e_vs_real,original,135000,136000,6774,0,75,0.5,uniform,1.0,0.4866201362533742,0.2367991570072525,ok
v2e_vs_real,original,136000,137000,8894,0,75,0.5,uniform,1.0,0.487594316103954,0.2377482170968826,ok
v2e_vs_real,original,137000,138000,6612,0,75,0.5,uniform,1.0,0.4860939888705804,0.23628736601611197,ok
v2e_vs_real,original,138000,139000,6605,0,75,0.5,uniform,1.0,0.48660725633140745,0.23678662191438005,ok
v2e_vs_real,original,139000,140000,6562,0,75,0.5,uniform,1.0,0.4868658465663037,0.2370383525527236,ok
v2e_vs_real,original,140000,141000,8694,0,75,0.5,uniform,1.0,0.4883003642944751,0.2384372457701171,ok
v2e_vs_real,original,141000,142000,6452,0,75,0.5,uniform,1.0,0.4917915444586253,0.24185892320100003,ok
v2e_vs_real,original,142000,143000,6399,0,75,0.5,uniform,1.0,0.4956832437899356,0.24570187817411274,ok
v2e_vs_real,original,143000,144000,8577,0,75,0.5,uniform,1.0,0.4998233267313554,0.24982335794479923,ok
v2e_vs_real,original,144000,145000,6517,0,75,0.5,uniform,1.0,0.5064299380994959,0.25647128220345927,ok
v2e_vs_real,original,145000,146000,6470,0,75,0.5,uniform,1.0,0.5036401436319116,0.2536533942775725,ok
v2e_vs_real,original,146000,147000,6421,0,75,0.5,uniform,1.0,0.5108917447384865,0.2610103748419349,ok
v2e_vs_real,original,147000,148000,8595,0,75,0.5,uniform,1.0,0.5085450615942247,0.2586180796718739,ok
v2e_vs_real,original,148000,149000,6876,0,75,0.5,uniform,1.0,0.4927939948726136,0.24284592138250954,ok
v2e_vs_real,original,149000,150000,6963,0,75,0.5,uniform,1.0,0.48543917017546157,0.23565118794064072,ok
v2e_vs_real,original,150000,151000,7133,0,75,0.5,uniform,1.0,0.47933883705231617,0.22976572070666693,ok
v2e_vs_real,original,151000,152000,9254,0,75,0.5,uniform,1.0,0.4822699165986264,0.23258427245604604,ok
v2e_vs_real,original,152000,153000,6644,0,75,0.5,uniform,1.0,0.4875189045365928,0.23767468228055946,ok
v2e_vs_real,original,153000,154000,6452,0,75,0.5,uniform,1.0,0.49083473326666394,0.24091873538095715,ok
v2e_vs_real,original,154000,155000,8573,0,75,0.5,uniform,1.0,0.48954756189276954,0.239656815355155,ok
v2e_vs_real,original,155000,156000,6320,0,75,0.5,uniform,1.0,0.4955710635350767,0.24559067901328702,ok
v2e_vs_real,original,156000,157000,6290,0,75,0.5,uniform,1.0,0.4975518071613231,0.2475578008094984,ok
v2e_vs_real,original,157000,158000,6225,0,75,0.5,uniform,1.0,0.4947909368388636,0.2448180711778803,ok
v2e_vs_real,original,158000,159000,8221,0,75,0.5,uniform,1.0,0.4961144160478214,0.24612951381047085,ok
v2e_vs_real,original,159000,160000,6149,0,75,0.5,uniform,1.0,0.4971878417954167,0.2471957500291843,ok
v2e_vs_real,original,160000,161000,6052,0,75,0.5,uniform,1.0,0.49747572886847097,0.24748210081321645,ok
v2e_vs_real,original,161000,162000,6010,0,75,0.5,uniform,1.0,0.49731638587639654,0.24732358766116092,ok
v2e_vs_real,original,162000,163000,7987,0,75,0.5,uniform,1.0,0.48855113954457063,0.2386822159502985,ok
v2e_vs_real,original,163000,164000,5964,0,75,0.5,uniform,1.0,0.4877632310532361,0.2379129695674926,ok
v2e_vs_real,original,164000,165000,5927,0,75,0.5,uniform,1.0,0.47999361481300973,0.23039387026125993,ok
v2e_vs_real,original,165000,166000,5846,0,75,0.5,uniform,1.0,0.47353935748991477,0.22423952309196132,ok
v2e_vs_real,original,166000,167000,7760,0,75,0.5,uniform,1.0,0.46370181593128135,0.21501937409796792,ok
v2e_vs_real,original,167000,168000,5366,0,75,0.5,uniform,1.0,0.463040232538231,0.21440625694905907,ok
v2e_vs_real,original,168000,169000,5042,0,75,0.5,uniform,1.0,0.4675541216981314,0.21860685671691105,ok
v2e_vs_real,original,169000,170000,6182,0,75,0.5,uniform,1.0,0.4772456288234728,0.227763390231112,ok
v2e_vs_real,original,170000,171000,4477,0,75,0.5,uniform,1.0,0.48681802762285425,0.2369917920186061,ok
v2e_vs_real,original,171000,172000,4328,0,75,0.5,uniform,1.0,0.49031462964152295,0.2404084360405038,ok
v2e_vs_real,original,172000,173000,4351,0,75,0.5,uniform,1.0,0.48920543548181816,0.23932195810495538,ok
v2e_vs_real,original,173000,174000,4599,0,75,0.5,uniform,1.0,0.4762460352646723,0.2268102861053195,ok
v2e_vs_real,original,174000,175000,5930,0,75,0.5,uniform,1.0,0.47115360407211426,0.22198571863014263,ok
v2e_vs_real,original,175000,176000,4323,0,75,0.5,uniform,1.0,0.4775220175271011,0.22802727722315308,ok
v2e_vs_real,original,176000,177000,4351,0,75,0.5,uniform,1.0,0.4825435235807356,0.23284825214971192,ok
v2e_vs_real,original,177000,178000,5941,0,75,0.5,uniform,1.0,0.46784041325929554,0.21887465227862846,ok
v2e_vs_real,original,178000,179000,4463,0,75,0.5,uniform,1.0,0.46936796953683857,0.2203062908271346,ok
v2e_vs_real,original,179000,180000,4379,0,75,0.5,uniform,1.0,0.4771738559487615,0.2276948888010094,ok
v2e_vs_real,original,180000,181000,4429,0,75,0.5,uniform,1.0,0.47219962449153274,0.22297248536994452,ok
v2e_vs_real,original,181000,182000,5903,0,75,0.5,uniform,1.0,0.467964276797091,0.2189905643582244,ok
v2e_vs_real,original,182000,183000,4790,0,75,0.5,uniform,1.0,0.43878041339318363,0.19252825117749314,ok
v2e_vs_real,original,183000,184000,4809,0,75,0.5,uniform,1.0,0.44156197523753377,0.1949769779756724,ok
v2e_vs_real,original,184000,185000,4748,0,75,0.5,uniform,1.0,0.4405864935939466,0.19411645833740873,ok
v2e_vs_real,original,185000,186000,6261,0,75,0.5,uniform,1.0,0.441887094488955,0.19526420427589067,ok
v2e_vs_real,original,186000,187000,4591,0,75,0.5,uniform,1.0,0.4454466822475089,0.19842274672531313,ok
v2e_vs_real,original,187000,188000,4590,0,75,0.5,uniform,1.0,0.4549524054543062,0.20698169122865945,ok
v2e_vs_real,original,188000,189000,5940,0,75,0.5,uniform,1.0,0.4547149217625722,0.2067656600735422,ok
v2e_vs_real,original,189000,190000,4436,0,75,0.5,uniform,1.0,0.4580204770799023,0.20978275742450128,ok
v2e_vs_real,original,190000,191000,4423,0,75,0.5,uniform,1.0,0.45914001170617774,0.210809550349549,ok
v2e_vs_real,original,191000,192000,4343,0,75,0.5,uniform,1.0,0.45540093153301325,0.20739000844113623,ok
v2e_vs_real,original,192000,193000,5827,0,75,0.5,uniform,1.0,0.4538231063382044,0.2059554118464572,ok
v2e_vs_real,original,193000,194000,4384,0,75,0.5,uniform,1.0,0.4513877498148997,0.20375090068295848,ok
v2e_vs_real,original,194000,195000,4425,0,75,0.5,uniform,1.0,0.44895901534031885,0.20156419745534865,ok
v2e_vs_real,original,195000,196000,4441,0,75,0.5,uniform,1.0,0.4470516856396378,0.19985520963324155,ok
v2e_vs_real,original,196000,197000,6142,0,75,0.5,uniform,1.0,0.43262211469179873,0.18716189412040388,ok
v2e_vs_real,original,197000,198000,4533,0,75,0.5,uniform,1.0,0.43806963578316604,0.19190500579519576,ok
v2e_vs_real,original,198000,199000,4623,0,75,0.5,uniform,1.0,0.43393344384717075,0.1882982336890657,ok
v2e_vs_real,original,199000,200000,5448,0,75,0.5,uniform,1.0,0.4130005095424069,0.17056942088228774,ok
v2e_vs_real,original,200000,201000,6891,0,75,0.5,uniform,1.0,0.41599683310925234,0.17305336515692715,ok
v2e_vs_real,original,201000,202000,5037,0,75,0.5,uniform,1.0,0.4070027167999465,0.16565121148253742,ok
v2e_vs_real,original,202000,203000,4919,0,75,0.5,uniform,1.0,0.4116334691547518,0.16944211292837602,ok
v2e_vs_real,original,203000,204000,6538,0,75,0.5,uniform,1.0,0.4098852951294338,0.16800595516334305,ok
v2e_vs_real,original,204000,205000,5020,0,75,0.5,uniform,1.0,0.39749442927840917,0.15800182130736823,ok
v2e_vs_real,original,205000,206000,5297,0,75,0.5,uniform,1.0,0.39749036408431887,0.15799858953988438,ok
v2e_vs_real,original,206000,207000,7231,0,75,0.5,uniform,1.0,0.3922621191445489,0.1538695701157723,ok
v2e_vs_real,original,207000,208000,5756,0,75,0.5,uniform,1.0,0.3895168159672949,0.1517233499212995,ok
v2e_vs_real,original,208000,209000,6098,0,75,0.5,uniform,1.0,0.39566634503480796,0.1565518565932037,ok
v2e_vs_real,original,209000,210000,6421,0,75,0.5,uniform,1.0,0.39642806066043906,0.15715520727899673,ok
v2e_vs_real,original,210000,211000,9116,0,75,0.5,uniform,1.0,0.39240726982073865,0.153983465408166,ok
v2e_vs_real,original,211000,212000,6962,0,75,0.5,uniform,1.0,0.3943498193460819,0.15551178001828742,ok
v2e_vs_real,original,212000,213000,6943,0,75,0.5,uniform,1.0,0.3877146215065536,0.15032262772997013,ok
v2e_vs_real,original,213000,214000,7062,0,75,0.5,uniform,1.0,0.3893351590354203,0.15158186606113605,ok
v2e_vs_real,original,214000,215000,9558,0,75,0.5,uniform,1.0,0.3782934829855919,0.1431059592693703,ok
v2e_vs_real,original,215000,216000,7361,0,75,0.5,uniform,1.0,0.3701036133577593,0.1369766846204698,ok
v2e_vs_real,original,216000,217000,7434,0,75,0.5,uniform,1.0,0.36887827004392415,0.1360711781105982,ok
v2e_vs_real,original,217000,218000,9972,0,75,0.5,uniform,1.0,0.3624642671513567,0.13138034496157008,ok
v2e_vs_real,original,218000,219000,7484,0,75,0.5,uniform,1.0,0.36230856702404746,0.1312674977390187,ok
v2e_vs_real,original,219000,220000,7527,0,75,0.5,uniform,1.0,0.35751086152498396,0.12781401610833626,ok
v2e_vs_real,original,220000,221000,7303,0,75,0.5,uniform,1.0,0.35454877421121117,0.1257048332946724,ok
v2e_vs_real,original,221000,222000,9647,0,75,0.5,uniform,1.0,0.3467883506238598,0.12026216012841712,ok
v2e_vs_real,original,222000,223000,7252,0,75,0.5,uniform,1.0,0.3463278876692323,0.11994300577743239,ok
v2e_vs_real,original,223000,224000,7171,0,75,0.5,uniform,1.0,0.340896732577023,0.11621058228169034,ok
v2e_vs_real,original,224000,225000,7052,0,75,0.5,uniform,1.0,0.33811572547868596,0.11432224381597811,ok
v2e_vs_real,original,225000,226000,9542,0,75,0.5,uniform,1.0,0.33378507301461585,0.11141247496737244,ok
v2e_vs_real,original,226000,227000,7037,0,75,0.5,uniform,1.0,0.33336768074978945,0.11113401056849354,ok
v2e_vs_real,original,227000,228000,7151,0,75,0.5,uniform,1.0,0.3294353905037045,0.10852767651632828,ok
v2e_vs_real,original,228000,229000,9574,0,75,0.5,uniform,1.0,0.3252063473411562,0.10575916835097676,ok
v2e_vs_real,original,229000,230000,7177,0,75,0.5,uniform,1.0,0.3253207435711501,0.10583358619768601,ok
v2e_vs_real,original,230000,231000,6987,0,75,0.5,uniform,1.0,0.3221840465137608,0.1038025598279812,ok
v2e_vs_real,original,231000,232000,6751,0,75,0.5,uniform,1.0,0.3230005854580077,0.10432937820621574,ok
v2e_vs_real,original,232000,233000,9566,0,75,0.5,uniform,1.0,0.30595655439341957,0.09360941317629351,ok
v2e_vs_real,original,233000,234000,7167,0,75,0.5,uniform,1.0,0.2948256247989637,0.0869221490380993,ok
v2e_vs_real,original,234000,235000,6863,0,75,0.5,uniform,1.0,0.2797149228797393,0.07824043808161851,ok
v2e_vs_real,original,235000,236000,6746,0,75,0.5,uniform,1.0,0.258208033692972,0.06667138866359096,ok
v2e_vs_real,original,236000,237000,8867,0,75,0.5,uniform,1.0,0.24938712011741127,0.062193935680456114,ok
v2e_vs_real,original,237000,238000,6679,0,75,0.5,uniform,1.0,0.2347560528606173,0.05511040435469694,ok
v2e_vs_real,original,238000,239000,6761,0,75,0.5,uniform,1.0,0.22135093654314364,0.0489962371085268,ok
v2e_vs_real,original,239000,240000,6808,0,75,0.5,uniform,1.0,0.2145511605751451,0.046032200504141696,ok
v2e_vs_real,original,240000,241000,9263,0,75,0.5,uniform,1.0,0.20811026727305196,0.04330988334446112,ok
v2e_vs_real,original,241000,242000,7037,0,75,0.5,uniform,1.0,0.20045954538423502,0.04018402933565418,ok
v2e_vs_real,original,242000,243000,7054,0,75,0.5,uniform,1.0,0.2000214868330481,0.04000859519490324,ok
v2e_vs_real,original,243000,244000,9559,0,75,0.5,uniform,1.0,0.19526588187878735,0.038128764625900535,ok
v2e_vs_real,original,244000,245000,7321,0,75,0.5,uniform,1.0,0.19600728189951996,0.03841885455763788,ok
v2e_vs_real,original,245000,246000,7430,0,75,0.5,uniform,1.0,0.19414289897594159,0.03769146522278266,ok
v2e_vs_real,original,246000,247000,7499,0,75,0.5,uniform,1.0,0.1902035326825237,0.03617738384491187,ok
v2e_vs_real,original,247000,248000,10097,0,75,0.5,uniform,1.0,0.18474920928659655,0.03413227033202265,ok
v2e_vs_real,original,248000,249000,7858,0,75,0.5,uniform,1.0,0.18073310553582317,0.032664455436623,ok
v2e_vs_real,original,249000,250000,7928,0,75,0.5,uniform,1.0,0.1724375418450922,0.029734705837577924,ok
v2e_vs_real,original,250000,251000,8045,0,75,0.5,uniform,1.0,0.1716080705083209,0.029449329863588836,ok
v2e_vs_real,original,251000,252000,10481,0,75,0.5,uniform,1.0,0.1682556771748914,0.02830997290158127,ok
v2e_vs_real,original,252000,253000,7973,0,75,0.5,uniform,1.0,0.16927567113294187,0.028654252837507888,ok
v2e_vs_real,original,253000,254000,7919,0,75,0.5,uniform,1.0,0.16782933123632904,0.028166684423233446,ok
v2e_vs_real,original,254000,255000,10484,0,75,0.5,uniform,1.0,0.16717030704360616,0.02794591155705356,ok
v2e_vs_real,original,255000,256000,7908,0,75,0.5,uniform,1.0,0.16882852052813807,0.028503069343719933,ok
v2e_vs_real,original,256000,257000,8003,0,75,0.5,uniform,1.0,0.16583550345411324,0.027501414205879204,ok
v2e_vs_real,original,257000,258000,7975,0,75,0.5,uniform,1.0,0.1679746119174105,0.028215470248804664,ok
v2e_vs_real,original,258000,259000,10813,0,75,0.5,uniform,1.0,0.17193958607991963,0.029563221261334094,ok
v2e_vs_real,original,259000,260000,7980,0,75,0.5,uniform,1.0,0.17681718174863392,0.03126431576152944,ok
v2e_vs_real,original,260000,261000,8076,0,75,0.5,uniform,1.0,0.17751730166781335,0.03151239239142145,ok
v2e_vs_real,original,261000,262000,8010,0,75,0.5,uniform,1.0,0.17688983623955176,0.03129001416485544,ok
v2e_vs_real,original,262000,263000,10463,0,75,0.5,uniform,1.0,0.17333970462978382,0.030046653201140694,ok
v2e_vs_real,original,263000,264000,7574,0,75,0.5,uniform,1.0,0.17517815032738396,0.030687384352123537,ok
v2e_vs_real,original,264000,265000,7590,0,75,0.5,uniform,1.0,0.1778712405786447,0.0316381782249861,ok
v2e_vs_real,original,265000,266000,7648,0,75,0.5,uniform,1.0,0.16721859254918017,0.02796205769412874,ok
v2e_vs_real,original,266000,267000,11376,0,75,0.5,uniform,1.0,0.14168391075243011,0.020074330566102583,ok
v2e_vs_real,original,267000,268000,7619,0,75,0.5,uniform,1.0,0.13531110680204678,0.01830909562399491,ok
v2e_vs_real,original,268000,269000,7536,0,75,0.5,uniform,1.0,0.12491746073255955,0.015604371995870558,ok
v2e_vs_real,original,269000,270000,7470,0,75,0.5,uniform,1.0,0.11500439398052281,0.013226010634827312,ok
v2e_vs_real,original,270000,271000,7397,0,75,0.5,uniform,1.0,0.10917716440854046,0.011919653228289473,ok
v2e_vs_real,original,271000,272000,7485,0,75,0.5,uniform,1.0,0.10295231257304255,0.010599178664137454,ok
v2e_vs_real,original,272000,273000,10785,0,75,0.5,uniform,1.0,0.09010490938290064,0.008118894694900736,ok
v2e_vs_real,original,273000,274000,7985,0,75,0.5,uniform,1.0,0.0993156840840288,0.00986360510507861,ok
v2e_vs_real,original,274000,275000,7698,0,75,0.5,uniform,1.0,0.091597078488945,0.008390024787709949,ok
v2e_vs_real,original,275000,276000,7760,0,75,0.5,uniform,1.0,0.09236451637454919,0.008531203885104366,ok
v2e_vs_real,original,276000,277000,8516,0,75,0.5,uniform,1.0,0.09713779667614629,0.009435751543096338,ok
v2e_vs_real,original,277000,278000,8303,0,75,0.5,uniform,1.0,0.10348656024076013,0.010709468150464474,ok
v2e_vs_real,original,278000,279000,11758,0,75,0.5,uniform,1.0,0.10546525542860313,0.011122920102620504,ok
v2e_vs_real,original,279000,280000,8250,0,75,0.5,uniform,1.0,0.11772705559708409,0.013859659619558928,ok
v2e_vs_real,original,280000,281000,8204,0,75,0.5,uniform,1.0,0.12405129592606773,0.015388724020936828,ok
v2e_vs_real,original,281000,282000,8319,0,75,0.5,uniform,1.0,0.12708600535839903,0.016150852757955025,ok
v2e_vs_real,original,282000,283000,8691,0,75,0.5,uniform,1.0,0.13484699232797884,0.018183711339901987,ok
v2e_vs_real,original,283000,284000,8630,0,75,0.5,uniform,1.0,0.1354652583412229,0.01835083621745426,ok
v2e_vs_real,original,284000,285000,8953,0,75,0.5,uniform,1.0,0.14606917426337868,0.021336203669985288,ok
v2e_vs_real,original,285000,286000,12591,0,75,0.5,uniform,1.0,0.14003808548657376,0.01961066538674494,ok
v2e_vs_real,original,286000,287000,9040,0,75,0.5,uniform,1.0,0.1555049909341504,0.024181802205430203,ok
v2e_vs_real,original,287000,288000,8483,0,75,0.5,uniform,1.0,0.15246234055080576,0.023244765286229874,ok
v2e_vs_real,original,288000,289000,8579,0,75,0.5,uniform,1.0,0.15758711800001002,0.024833699759549077,ok
v2e_vs_real,original,289000,290000,8649,0,75,0.5,uniform,1.0,0.16311729019087826,0.026607250359215184,ok
v2e_vs_real,original,290000,291000,8638,0,75,0.5,uniform,1.0,0.17015177495988693,0.028951626522000007,ok
v2e_vs_real,original,291000,292000,12863,0,75,0.5,uniform,1.0,0.1719744751947372,0.029575220118505274,ok
v2e_vs_real,original,292000,293000,8741,0,75,0.5,uniform,1.0,0.18179232958928893,0.03304845109750065,ok
v2e_vs_real,original,293000,294000,8643,0,75,0.5,uniform,1.0,0.182458505761761,0.03329110632481458,ok
v2e_vs_real,original,294000,295000,8594,0,75,0.5,uniform,1.0,0.1853741681864286,0.03436358223081032,ok
v2e_vs_real,original,295000,296000,8449,0,75,0.5,uniform,1.0,0.18783359144523804,0.0352814580752166,ok
v2e_vs_real,original,296000,297000,8366,0,75,0.5,uniform,1.0,0.19240214887008208,0.037018586889825233,ok
v2e_vs_real,original,297000,298000,11608,0,75,0.5,uniform,1.0,0.18675667149872446,0.034878054349282483,ok
v2e_vs_real,original,298000,299000,8762,0,75,0.5,uniform,1.0,0.19407246298029743,0.03766412088723892,ok
v2e_vs_real,original,299000,300000,8347,0,75,0.5,uniform,1.0,0.1944439200714949,0.0378084380527699,ok
v2e_vs_real,original,300000,301000,8338,0,75,0.5,uniform,1.0,0.20479380552390403,0.04194050278096262,ok
v2e_vs_real,original,301000,302000,7388,0,75,0.5,uniform,1.0,0.21515227722012115,0.04629050239300386,ok
v2e_vs_real,original,302000,303000,7819,0,75,0.5,uniform,1.0,0.22699537610664272,0.05152690077379618,ok
v2e_vs_real,original,303000,304000,10330,0,75,0.5,uniform,1.0,0.23993666040346648,0.057569601005568405,ok
v2e_vs_real,original,304000,305000,7252,0,75,0.5,uniform,1.0,0.2523510816607945,0.06368106841537297,ok
v2e_vs_real,original,305000,306000,7063,0,75,0.5,uniform,1.0,0.2647857204517078,0.07011147775512994,ok
v2e_vs_real,original,306000,307000,7079,0,75,0.5,uniform,1.0,0.26995935178377856,0.07287805161551791,ok
v2e_vs_real,original,307000,308000,7639,0,75,0.5,uniform,1.0,0.27826977483055476,0.07743406758424765,ok
v2e_vs_real,original,308000,309000,7318,0,75,0.5,uniform,1.0,0.2853906554579968,0.08144782622274505,ok
v2e_vs_real,original,309000,310000,7510,0,75,0.5,uniform,1.0,0.2920216832085653,0.08527666346396368,ok
v2e_vs_real,original,310000,311000,11287,0,75,0.5,uniform,1.0,0.29120995812082884,0.08480323970873488,ok
v2e_vs_real,original,311000,312000,7852,0,75,0.5,uniform,1.0,0.30280346120650814,0.09168993611864129,ok
v2e_vs_real,original,312000,313000,7778,0,75,0.5,uniform,1.0,0.30363394393162746,0.09219357190747468,ok
v2e_vs_real,original,313000,314000,7429,0,75,0.5,uniform,1.0,0.3048486355272325,0.09293269058281545,ok
v2e_vs_real,original,314000,315000,8240,0,75,0.5,uniform,1.0,0.3141193466407682,0.09867096393402308,ok
v2e_vs_real,original,315000,316000,8037,0,75,0.5,uniform,1.0,0.3165997151800898,0.10023537965211399,ok
v2e_vs_real,original,316000,317000,11446,0,75,0.5,uniform,1.0,0.31537226319552525,0.09945966439306764,ok
v2e_vs_real,original,317000,318000,8719,0,75,0.5,uniform,1.0,0.32970435254303065,0.10870496008581904,ok
v2e_vs_real,original,318000,319000,8011,0,75,0.5,uniform,1.0,0.32730535449616704,0.10712879508186157,ok
v2e_vs_real,original,319000,320000,8183,0,75,0.5,uniform,1.0,0.33437938562757236,0.11180957353267273,ok
v2e_vs_real,original,320000,321000,7544,0,75,0.5,uniform,1.0,0.3318920019325411,0.11015230094678985,ok
v2e_vs_real,original,321000,322000,7682,0,75,0.5,uniform,1.0,0.3408470844437196,0.11617673497378411,ok
v2e_vs_real,original,322000,323000,11187,0,75,0.5,uniform,1.0,0.33771250236923256,0.1140497342564889,ok
v2e_vs_real,original,323000,324000,8259,0,75,0.5,uniform,1.0,0.35014648733470916,0.12260256259283564,ok
v2e_vs_real,original,324000,325000,7757,0,75,0.5,uniform,1.0,0.3491730361366025,0.12192180916485312,ok
v2e_vs_real,original,325000,326000,7874,0,75,0.5,uniform,1.0,0.35032848861052185,0.12273004993213255,ok
v2e_vs_real,original,326000,327000,7834,0,75,0.5,uniform,1.0,0.35364582526342675,0.12506536972625015,ok
v2e_vs_real,original,327000,328000,7949,0,75,0.5,uniform,1.0,0.3601380645725545,0.12969942555406544,ok
v2e_vs_real,original,328000,329000,11149,0,75,0.5,uniform,1.0,0.35444925191573134,0.12563427218362158,ok
v2e_vs_real,original,329000,330000,8327,0,75,0.5,uniform,1.0,0.3662162258851974,0.13411432410159796,ok
v2e_vs_real,original,330000,331000,7182,0,75,0.5,uniform,1.0,0.3572129148295016,0.1276010665209888,ok
v2e_vs_real,original,331000,332000,7087,0,75,0.5,uniform,1.0,0.35694631305094443,0.12741067040066284,ok
v2e_vs_real,original,332000,333000,7388,0,75,0.5,uniform,1.0,0.3441892482907384,0.11846623863894354,ok
v2e_vs_real,original,333000,334000,7169,0,75,0.5,uniform,1.0,0.35242255461031785,0.12420165699806249,ok
v2e_vs_real,original,334000,335000,7041,0,75,0.5,uniform,1.0,0.3608353443926163,0.13020214576293798,ok
v2e_vs_real,original,335000,336000,10314,0,75,0.5,uniform,1.0,0.36990518880267315,0.13682984870314127,ok
v2e_vs_real,original,336000,337000,6803,0,75,0.5,uniform,1.0,0.3822667799901247,0.14612789108401839,ok
v2e_vs_real,original,337000,338000,6871,0,75,0.5,uniform,1.0,0.38603498180342427,0.1490230071759701,ok
v2e_vs_real,original,338000,339000,6726,0,75,0.5,uniform,1.0,0.3948912996284362,0.15593913852223537,ok
v2e_vs_real,original,339000,340000,6781,0,75,0.5,uniform,1.0,0.4034234265530417,0.16275046109179742,ok
v2e_vs_real,original,340000,341000,6828,0,75,0.5,uniform,1.0,0.4078836237907044,0.1663690505566369,ok
v2e_vs_real,original,341000,342000,10590,0,75,0.5,uniform,1.0,0.40732567459333685,0.16591420518291694,ok
v2e_vs_real,original,342000,343000,7569,0,75,0.5,uniform,1.0,0.4157752033650416,0.1728690197332417,ok
v2e_vs_real,original,343000,344000,7487,0,75,0.5,uniform,1.0,0.4162230972732915,0.17324166670377186,ok
v2e_vs_real,original,344000,345000,7084,0,75,0.5,uniform,1.0,0.41369114438694965,0.17114036294418403,ok
v2e_vs_real,original,345000,346000,7289,0,75,0.5,uniform,1.0,0.4175261502365723,0.17432808613137274,ok
v2e_vs_real,original,346000,347000,7306,0,75,0.5,uniform,1.0,0.42191120929141707,0.1780090685257459,ok
v2e_vs_real,original,347000,348000,11059,0,75,0.5,uniform,1.0,0.42065135569193074,0.17694756304545922,ok
v2e_vs_real,original,348000,349000,8156,0,75,0.5,uniform,1.0,0.4305075664369194,0.18533676475943858,ok
v2e_vs_real,original,349000,350000,7854,0,75,0.5,uniform,1.0,0.42860737043005226,0.18370427798696404,ok
v2e_vs_real,original,350000,351000,7980,0,75,0.5,uniform,1.0,0.4320342748414686,0.18665361463779362,ok
v2e_vs_real,original,351000,352000,8114,0,75,0.5,uniform,1.0,0.4325486920449691,0.18709837098981352,ok
v2e_vs_real,original,352000,353000,8142,0,75,0.5,uniform,1.0,0.434465209721762,0.18876001845857462,ok
v2e_vs_real,original,353000,354000,11612,0,75,0.5,uniform,1.0,0.4322422308777192,0.18683334615414748,ok
v2e_vs_real,original,354000,355000,8658,0,75,0.5,uniform,1.0,0.4398452331076638,0.19346382908753515,ok
v2e_vs_real,original,355000,356000,8472,0,75,0.5,uniform,1.0,0.440365550766841,0.19392181830218322,ok
v2e_vs_real,original,356000,357000,8311,0,75,0.5,uniform,1.0,0.4413563324908982,0.19479541222981628,ok
v2e_vs_real,original,357000,358000,8384,0,75,0.5,uniform,1.0,0.44171703910734805,0.19511394263776247,ok
v2e_vs_real,original,358000,359000,8446,0,75,0.5,uniform,1.0,0.44558195367251974,0.19854327743861955,ok
v2e_vs_real,original,359000,360000,8180,0,75,0.5,uniform,1.0,0.4444958120316767,0.19757652691369967,ok
v2e_vs_real,original,360000,361000,12033,0,75,0.5,uniform,1.0,0.4422590502863656,0.19559306756019804,ok
v2e_vs_real,original,361000,362000,8067,0,75,0.5,uniform,1.0,0.44651322351302286,0.19937405877199071,ok
v2e_vs_real,original,362000,363000,7779,0,75,0.5,uniform,1.0,0.445560104720815,0.1985238069188236,ok
v2e_vs_real,original,363000,364000,7677,0,75,0.5,uniform,1.0,0.4430391027679361,0.19628364658141786,ok
v2e_vs_real,original,364000,365000,7391,0,75,0.5,uniform,1.0,0.4416373389695579,0.19504353917211223,ok
v2e_vs_real,original,365000,366000,7403,0,75,0.5,uniform,1.0,0.43508017197418636,0.18929475604508755,ok
v2e_vs_real,original,366000,367000,10917,0,75,0.5,uniform,1.0,0.43287582464875823,0.18738147956534248,ok
v2e_vs_real,original,367000,368000,7121,0,75,0.5,uniform,1.0,0.4440019556377466,0.1971377366101435,ok
v2e_vs_real,original,368000,369000,7034,0,75,0.5,uniform,1.0,0.4486824682380968,0.20131595730423074,ok
v2e_vs_real,original,369000,370000,7048,0,75,0.5,uniform,1.0,0.46361170798628176,0.21493581578195742,ok
v2e_vs_real,original,370000,371000,6777,0,75,0.5,uniform,1.0,0.4650559138031931,0.216277002963323,ok
v2e_vs_real,original,371000,372000,6692,0,75,0.5,uniform,1.0,0.46637217767281774,0.2175030081072863,ok
v2e_vs_real,original,372000,373000,9666,0,75,0.5,uniform,1.0,0.46938878473335444,0.22032583123345534,ok
v2e_vs_real,original,373000,374000,6976,0,75,0.5,uniform,1.0,0.4792985634680876,0.2297271129425724,ok
v2e_vs_real,original,374000,375000,7215,0,75,0.5,uniform,1.0,0.48078405823445775,0.23115331065239444,ok
v2e_vs_real,original,375000,376000,7098,0,75,0.5,uniform,1.0,0.479342576707063,0.22976930584416658,ok
v2e_vs_real,original,376000,377000,7288,0,75,0.5,uniform,1.0,0.4793666500379135,0.22979238516857145,ok
v2e_vs_real,original,377000,378000,6916,0,75,0.5,uniform,1.0,0.47415668404563416,0.22482456102515133,ok
v2e_vs_real,original,378000,379000,10699,0,75,0.5,uniform,1.0,0.47391336515672244,0.22459387767416894,ok
v2e_vs_real,original,379000,380000,7822,0,75,0.5,uniform,1.0,0.48798742888323426,0.2381317307480696,ok
v2e_vs_real,original,380000,381000,7550,0,75,0.5,uniform,1.0,0.482552390656486,0.23285680972828987,ok
v2e_vs_real,original,381000,382000,7534,0,75,0.5,uniform,1.0,0.4785190246334005,0.22898045693610097,ok
v2e_vs_real,original,382000,383000,7574,0,75,0.5,uniform,1.0,0.47530560091060664,0.22591541425699288,ok
v2e_vs_real,original,383000,384000,7562,0,75,0.5,uniform,1.0,0.47759156874485786,0.22809370653617428,ok
v2e_vs_real,original,384000,385000,7426,0,75,0.5,uniform,1.0,0.47490726541207867,0.22553691074117851,ok
v2e_vs_real,original,385000,386000,10945,0,75,0.5,uniform,1.0,0.47288136115972473,0.223616781732274,ok
v2e_vs_real,original,386000,387000,7404,0,75,0.5,uniform,1.0,0.47979086328337806,0.2301992724902092,ok
v2e_vs_real,original,387000,388000,7228,0,75,0.5,uniform,1.0,0.4767987078543895,0.22733700781161545,ok
v2e_vs_real,original,388000,389000,7203,0,75,0.5,uniform,1.0,0.4805735894815572,0.23095097490718824,ok
v2e_vs_real,original,389000,390000,7261,0,75,0.5,uniform,1.0,0.4834066237061825,0.23368196384301068,ok
v2e_vs_real,original,390000,391000,6943,0,75,0.5,uniform,1.0,0.48346856945019,0.2337418576462132,ok
v2e_vs_real,original,391000,392000,10169,0,75,0.5,uniform,1.0,0.47976833932784263,0.23017765942139595,ok
v2e_vs_real,original,392000,393000,6790,0,75,0.5,uniform,1.0,0.4850481222298159,0.23527168087867043,ok
v2e_vs_real,original,393000,394000,6682,0,75,0.5,uniform,1.0,0.47723112090127673,0.22774954275668902,ok
v2e_vs_real,original,394000,395000,7041,0,75,0.5,uniform,1.0,0.4813419655969899,0.2316900878447738,ok
v2e_vs_real,original,395000,396000,6854,0,75,0.5,uniform,1.0,0.46933648950924944,0.2202767403848658,ok
v2e_vs_real,original,396000,397000,6664,0,75,0.5,uniform,1.0,0.46018922969583653,0.2117741271280474,ok
v2e_vs_real,original,397000,398000,9853,0,75,0.5,uniform,1.0,0.45296556859620474,0.20517780633368304,ok
v2e_vs_real,original,398000,399000,7228,0,75,0.5,uniform,1.0,0.4471954513924239,0.19998377174607376,ok
v2e_vs_real,original,399000,400000,6237,0,75,0.5,uniform,1.0,0.43596023660004135,0.19006132789636404,ok
v2e_vs_real,original,400000,401000,5820,0,75,0.5,uniform,1.0,0.442159015292089,0.1955045948040698,ok
v2e_vs_real,original,401000,402000,8410,0,75,0.5,uniform,1.0,0.4490257906625338,0.20162416068011363,ok
v2e_vs_real,original,402000,403000,5304,0,75,0.5,uniform,1.0,0.45850101567783885,0.21022318137760984,ok
v2e_vs_real,original,403000,404000,7775,0,75,0.5,uniform,1.0,0.46678494039994756,0.2178881805841826,ok
v2e_vs_real,original,404000,405000,5190,0,75,0.5,uniform,1.0,0.4759856736925724,0.226562361560572,ok
v2e_vs_real,original,405000,406000,7567,0,75,0.5,uniform,1.0,0.4750433858131893,0.22566621840485862,ok
v2e_vs_real,original,406000,407000,5396,0,75,0.5,uniform,1.0,0.4813442737450251,0.23169230986712563,ok
v2e_vs_real,original,407000,408000,7634,0,75,0.5,uniform,1.0,0.4804485088482406,0.2308307696544979,ok
v2e_vs_real,original,408000,409000,5378,0,75,0.5,uniform,1.0,0.4836036524950128,0.2338724927065171,ok
v2e_vs_real,original,409000,410000,5241,0,75,0.5,uniform,1.0,0.48695435780882945,0.2371245465890095,ok
v2e_vs_real,original,410000,411000,7706,0,75,0.5,uniform,1.0,0.4837941140419327,0.23405674478161856,ok
v2e_vs_real,original,411000,412000,5423,0,75,0.5,uniform,1.0,0.4924462228057061,0.2425032823556071,ok
v2e_vs_real,original,412000,413000,7719,0,75,0.5,uniform,1.0,0.48848404926265554,0.23861666638404047,ok
v2e_vs_real,original,413000,414000,5514,0,75,0.5,uniform,1.0,0.4949593643489353,0.24498477235670205,ok
v2e_vs_real,original,414000,415000,7680,0,75,0.5,uniform,1.0,0.4924497757995205,0.242506781684998,ok
v2e_vs_real,original,415000,416000,5485,0,75,0.5,uniform,1.0,0.4849834037864595,0.23520890194830002,ok
v2e_vs_real,original,416000,417000,5218,0,75,0.5,uniform,1.0,0.483599992094832,0.23386895235412158,ok
v2e_vs_real,original,417000,418000,7975,0,75,0.5,uniform,1.0,0.4876438535205839,0.23779652787640473,ok
v2e_vs_real,original,418000,419000,5337,0,75,0.5,uniform,1.0,0.4961868472397685,0.2462013873737414,ok
v2e_vs_real,original,419000,420000,7767,0,75,0.5,uniform,1.0,0.4951434417412498,0.24516702789937042,ok
v2e_vs_real,original,420000,421000,5389,0,75,0.5,uniform,1.0,0.5036614223371989,0.25367482835073024,ok
v2e_vs_real,original,421000,422000,7484,0,75,0.5,uniform,1.0,0.5007768251804638,0.2507774286378248,ok
v2e_vs_real,original,422000,423000,5132,0,75,0.5,uniform,1.0,0.512308401619391,0.2624598983698152,ok
v2e_vs_real,original,423000,424000,4935,0,75,0.5,uniform,1.0,0.5009630827194926,0.2509640102478172,ok
v2e_vs_real,original,424000,425000,6972,0,75,0.5,uniform,1.0,0.4976652481822867,0.247670699248337,ok
v2e_vs_real,original,425000,426000,4625,0,75,0.5,uniform,1.0,0.5020978838474912,0.25210228496412873,ok
v2e_vs_real,original,426000,427000,6626,0,75,0.5,uniform,1.0,0.49229242382926375,0.24235183055969142,ok
v2e_vs_real,original,427000,428000,4687,0,75,0.5,uniform,1.0,0.49555637820502874,0.2455761239796855,ok
v2e_vs_real,original,428000,429000,6642,0,75,0.5,uniform,1.0,0.4743806978099203,0.22503704645462694,ok
v2e_vs_real,original,429000,430000,4722,0,75,0.5,uniform,1.0,0.4680600979680236,0.21908025530983585,ok
v2e_vs_real,original,430000,431000,4444,0,75,0.5,uniform,1.0,0.46013154264396605,0.21172103653591592,ok
v2e_vs_real,original,431000,432000,6702,0,75,0.5,uniform,1.0,0.44771134079763203,0.20044544467881342,ok
v2e_vs_real,original,432000,433000,5056,0,75,0.5,uniform,1.0,0.4241672446968494,0.17991785147371692,ok
v2e_vs_real,original,433000,434000,7040,0,75,0.5,uniform,1.0,0.4250118738531279,0.1806350929161471,ok
v2e_vs_real,original,434000,435000,4501,0,75,0.5,uniform,1.0,0.43701592630138314,0.19098291984105592,ok
v2e_vs_real,original,435000,436000,6583,0,75,0.5,uniform,1.0,0.41329676583977343,0.1708142166536165,ok
v2e_vs_real,original,436000,437000,4658,0,75,0.5,uniform,1.0,0.422210749433192,0.1782619169369376,ok
v2e_vs_real,original,437000,438000,4473,0,75,0.5,uniform,1.0,0.4180756592667318,0.1747872568713124,ok
v2e_vs_real,original,438000,439000,6916,0,75,0.5,uniform,1.0,0.41323295099736984,0.17076147178999468,ok
v2e_vs_real,original,439000,440000,4551,0,75,0.5,uniform,1.0,0.40638206028134477,0.16514637891851053,ok
v2e_vs_real,original,440000,441000,6672,0,75,0.5,uniform,1.0,0.402017781374594,0.16161829654135085,ok
v2e_vs_real,original,441000,442000,4664,0,75,0.5,uniform,1.0,0.415884886007791,0.17296023840971333,ok
v2e_vs_real,original,442000,443000,6494,0,75,0.5,uniform,1.0,0.3908317611374987,0.1527494655138388,ok
v2e_vs_real,original,443000,444000,4713,0,75,0.5,uniform,1.0,0.4151593692978546,0.1723573019157924,ok
v2e_vs_real,original,444000,445000,4505,0,75,0.5,uniform,1.0,0.3996386911423873,0.15971108345800045,ok
v2e_vs_real,original,445000,446000,6829,0,75,0.5,uniform,1.0,0.4017061751179769,0.16136785112791474,ok
v2e_vs_real,original,446000,447000,4475,0,75,0.5,uniform,1.0,0.396182617501051,0.15696066640998407,ok
v2e_vs_real,original,447000,448000,6784,0,75,0.5,uniform,1.0,0.3956147665405536,0.15651104350493672,ok
v2e_vs_real,original,448000,449000,4704,0,75,0.5,uniform,1.0,0.38592580929987563,0.14893873028376398,ok
v2e_vs_real,original,449000,450000,6939,0,75,0.5,uniform,1.0,0.36489896854255544,0.13315125724342086,ok
v2e_vs_real,original,450000,451000,4963,0,75,0.5,uniform,1.0,0.391617951529449,0.15336461996012185,ok
v2e_vs_real,original,451000,452000,4693,0,75,0.5,uniform,1.0,0.3738487959713674,0.13976292224924108,ok
v2e_vs_real,original,452000,453000,6992,0,75,0.5,uniform,1.0,0.3795701667635451,0.14407351149690545,ok
v2e_vs_real,original,453000,454000,4712,0,75,0.5,uniform,1.0,0.38320036866388274,0.14684252254413566,ok
v2e_vs_real,original,454000,455000,6630,0,75,0.5,uniform,1.0,0.3746741526912436,0.14038072069490132,ok
v2e_vs_real,original,455000,456000,4857,0,75,0.5,uniform,1.0,0.3935439252597931,0.15487682110888562,ok
v2e_vs_real,original,456000,457000,6565,0,75,0.5,uniform,1.0,0.368029288910584,0.1354455574960301,ok
v2e_vs_real,original,457000,458000,4536,0,75,0.5,uniform,1.0,0.38901515917141066,0.15133279406515798,ok
v2e_vs_real,original,458000,459000,4546,0,75,0.5,uniform,1.0,0.3749742191609799,0.14060566503538657,ok
v2e_vs_real,original,459000,460000,6907,0,75,0.5,uniform,1.0,0.3784727754045402,0.14324164172241555,ok
v2e_vs_real,original,460000,461000,4543,0,75,0.5,uniform,1.0,0.3713155033069616,0.13787520299610223,ok
v2e_vs_real,original,461000,462000,6599,0,75,0.5,uniform,1.0,0.3621593532404407,0.13115939713953428,ok
v2e_vs_real,original,462000,463000,4891,0,75,0.5,uniform,1.0,0.3659388442142069,0.1339112377048296,ok
v2e_vs_real,original,463000,464000,6878,0,75,0.5,uniform,1.0,0.3416321560087443,0.11671253001918303,ok
v2e_vs_real,original,464000,465000,4862,0,75,0.5,uniform,1.0,0.34953372984503134,0.12217382829937934,ok
v2e_vs_real,original,465000,466000,4802,0,75,0.5,uniform,1.0,0.3307997136224881,0.10942845053272016,ok
v2e_vs_real,original,466000,467000,7664,0,75,0.5,uniform,1.0,0.3134123557517322,0.09822730473785035,ok
v2e_vs_real,original,467000,468000,5097,0,75,0.5,uniform,1.0,0.31090893094195904,0.09666436333947187,ok
v2e_vs_real,original,468000,469000,7824,0,75,0.5,uniform,1.0,0.30501465623620244,0.09303394051888875,ok
v2e_vs_real,original,469000,470000,5493,0,75,0.5,uniform,1.0,0.3020733559842945,0.09124831239561432,ok
v2e_vs_real,original,470000,471000,7954,0,75,0.5,uniform,1.0,0.29661561898019495,0.08798082542300417,ok
v2e_vs_real,original,471000,472000,5587,0,75,0.5,uniform,1.0,0.3005262829730941,0.09031604675762422,ok
v2e_vs_real,original,472000,473000,5505,0,75,0.5,uniform,1.0,0.30051471544334896,0.09030909419799699,ok
v2e_vs_real,original,473000,474000,8351,0,75,0.5,uniform,1.0,0.293262927479704,0.08600314463396613,ok
v2e_vs_real,original,474000,475000,5606,0,75,0.5,uniform,1.0,0.2882415572133503,0.08308319530477709,ok
v2e_vs_real,original,475000,476000,8466,0,75,0.5,uniform,1.0,0.28865542969451596,0.08332195709212564,ok
v2e_vs_real,original,476000,477000,5821,0,75,0.5,uniform,1.0,0.28532208537958403,0.08140869240535464,ok
v2e_vs_real,original,477000,478000,8734,0,75,0.5,uniform,1.0,0.2811261510902585,0.07903191282682287,ok
v2e_vs_real,original,478000,479000,5964,0,75,0.5,uniform,1.0,0.27831421005741613,0.07745879951988355,ok
v2e_vs_real,original,479000,480000,6144,0,75,0.5,uniform,1.0,0.27124184557007275,0.07357213878825919,ok
v2e_vs_real,original,480000,481000,9048,0,75,0.5,uniform,1.0,0.26385430832269047,0.06961909602044541,ok
v2e_vs_real,original,481000,482000,6236,0,75,0.5,uniform,1.0,0.2539798784737248,0.064505778669528,ok
v2e_vs_real,original,482000,483000,9757,0,75,0.5,uniform,1.0,0.23230611098550052,0.05396612920120769,ok
v2e_vs_real,original,483000,484000,6531,0,75,0.5,uniform,1.0,0.22797083281266184,0.051970700613298615,ok
v2e_vs_real,original,484000,485000,9825,0,75,0.5,uniform,1.0,0.2182518036869119,0.047633849812590334,ok
v2e_vs_real,original,485000,486000,6816,0,75,0.5,uniform,1.0,0.2158899252560334,0.04660845982705569,ok
v2e_vs_real,original,486000,487000,6734,0,75,0.5,uniform,1.0,0.2174603589885104,0.047289007731411814,ok
v2e_vs_real,original,487000,488000,10191,0,75,0.5,uniform,1.0,0.20560239777659842,0.0422723459714866,ok
v2e_vs_real,original,488000,489000,6846,0,75,0.5,uniform,1.0,0.2039779730949034,0.04160701350790513,ok
v2e_vs_real,original,489000,490000,10128,0,75,0.5,uniform,1.0,0.2002369017451743,0.040094816820506585,ok
v2e_vs_real,original,490000,491000,7192,0,75,0.5,uniform,1.0,0.19923160557841302,0.03969323266135233,ok
v2e_vs_real,original,491000,492000,10270,0,75,0.5,uniform,1.0,0.19633507630770197,0.03854746218875116,ok
v2e_vs_real,original,492000,493000,7220,0,75,0.5,uniform,1.0,0.18832157766504834,0.03546501661425283,ok
v2e_vs_real,original,493000,494000,6959,0,75,0.5,uniform,1.0,0.1922089459797805,0.03694427891465818,ok
v2e_vs_real,original,494000,495000,10388,0,75,0.5,uniform,1.0,0.18465423269498368,0.03409718565217318,ok
v2e_vs_real,original,495000,496000,6951,0,75,0.5,uniform,1.0,0.1801249563492971,0.03244499989983618,ok
v2e_vs_real,original,496000,497000,10512,0,75,0.5,uniform,1.0,0.17293308972244803,0.029905853520952264,ok
v2e_vs_real,original,497000,498000,6766,0,75,0.5,uniform,1.0,0.1689975179242256,0.02856016106454895,ok
v2e_vs_real,original,498000,499000,10200,0,75,0.5,uniform,1.0,0.16693612142269748,0.027867668635653597,ok
v2e_vs_real,original,499000,500000,6835,0,75,0.5,uniform,1.0,0.1572684488132342,0.024733364992120865,ok
v2e_vs_real,original,500000,501000,6821,0,75,0.5,uniform,1.0,0.15771196429110615,0.024873063680559138,ok
v2e_vs_real,original,501000,502000,10162,0,75,0.5,uniform,1.0,0.15352785885533582,0.023570803444703914,ok
v2e_vs_real,original,502000,503000,6714,0,75,0.5,uniform,1.0,0.14250971115466057,0.020309017773384785,ok
v2e_vs_real,original,503000,504000,9823,0,75,0.5,uniform,1.0,0.14628643207739123,0.021399720209933193,ok
v2e_vs_real,original,504000,505000,6731,0,75,0.5,uniform,1.0,0.12503004785609287,0.015632512866896875,ok
v2e_vs_real,original,505000,506000,9778,0,75,0.5,uniform,1.0,0.13627916591210376,0.0185720110616987,ok
v2e_vs_real,original,506000,507000,6810,0,75,0.5,uniform,1.0,0.11589297118906715,0.013431180771029949,ok
v2e_vs_real,original,507000,508000,9721,0,75,0.5,uniform,1.0,0.12759272925293147,0.016279904558211877,ok
v2e_vs_real,original,508000,509000,6889,0,75,0.5,uniform,1.0,0.10146717203301286,0.010295587000377027,ok
v2e_vs_real,original,509000,510000,6684,0,75,0.5,uniform,1.0,0.11099296401089787,0.01231943805992447,ok
v2e_vs_real,original,510000,511000,10076,0,75,0.5,uniform,1.0,0.10211071103681983,0.010426597308444918,ok
v2e_vs_real,original,511000,512000,6895,0,75,0.5,uniform,1.0,0.10170253554609174,0.010343405736504052,ok
v2e_vs_real,original,512000,513000,10308,0,75,0.5,uniform,1.0,0.09508176126499909,0.009040541325254281,ok
v2e_vs_real,original,513000,514000,7326,0,75,0.5,uniform,1.0,0.07588863801662102,0.005759085380017737,ok
v2e_vs_real,original,514000,515000,10889,0,75,0.5,uniform,1.0,0.08557854537238781,0.007323687428053838,ok
v2e_vs_real,original,515000,516000,7975,0,75,0.5,uniform,1.0,0.06069380612958609,0.0036837381024957816,ok
v2e_vs_real,original,516000,517000,7925,0,75,0.5,uniform,1.0,0.0626981483000804,0.003931057800258875,ok
v2e_vs_real,original,517000,518000,11936,0,75,0.5,uniform,1.0,0.061853708171581485,0.0038258812145751664,ok
v2e_vs_real,original,518000,519000,8235,0,75,0.5,uniform,1.0,0.05647428728246838,0.00318934512406277,ok
v2e_vs_real,original,519000,520000,12000,0,75,0.5,uniform,1.0,0.06547700273672555,0.004287237887385165,ok
v2e_vs_real,original,520000,521000,8484,0,75,0.5,uniform,1.0,0.07059816843425645,0.004984101386271644,ok
v2e_vs_real,original,521000,522000,12059,0,75,0.5,uniform,1.0,0.07488755516744479,0.005608145918957086,ok
v2e_vs_real,original,522000,523000,8365,0,75,0.5,uniform,1.0,0.0822000668767043,0.006756850994534658,ok
v2e_vs_real,original,523000,524000,8104,0,75,0.5,uniform,1.0,0.08517993887221918,0.007255621986274996,ok
v2e_vs_real,original,524000,525000,12138,0,75,0.5,uniform,1.0,0.09076208000293236,0.008237755166458693,ok
v2e_vs_real,original,525000,526000,8065,0,75,0.5,uniform,1.0,0.09766396228394535,0.009538249528999898,ok
v2e_vs_real,original,526000,527000,11794,0,75,0.5,uniform,1.0,0.09901554562119895,0.00980407827466373,ok
v2e_vs_real,original,527000,528000,8053,0,75,0.5,uniform,1.0,0.11653920197288661,0.013581385596477258,ok
v2e_vs_real,original,528000,529000,11504,0,75,0.5,uniform,1.0,0.10880415487169658,0.011838344117344135,ok
v2e_vs_real,original,529000,530000,8060,0,75,0.5,uniform,1.0,0.12056213879171067,0.014535229310031705,ok
v2e_vs_real,original,530000,531000,7871,0,75,0.5,uniform,1.0,0.12198557904569865,0.014880481495114395,ok
v2e_vs_real,original,531000,532000,11418,0,75,0.5,uniform,1.0,0.12193123446347398,0.014867225937786666,ok
v2e_vs_real,original,532000,533000,9015,0,75,0.5,uniform,1.0,0.11897232456495145,0.01415441401238815,ok
v2e_vs_real,original,533000,534000,12549,0,75,0.5,uniform,1.0,0.12950608719108797,0.016771826619545682,ok
v2e_vs_real,original,534000,535000,5829,0,75,0.5,uniform,1.0,0.13825957782073994,0.019115710859169244,ok
v2e_vs_real,original,535000,536000,10941,0,75,0.5,uniform,1.0,0.14791037412708558,0.021877478774414427,ok
v2e_vs_real,original,536000,537000,10538,0,75,0.5,uniform,1.0,0.1560674528223468,0.024357049830455446,ok
v2e_vs_real,original,537000,538000,10274,0,75,0.5,uniform,1.0,0.1680550336040736,0.0282424943196663,ok
v2e_vs_real,original,538000,539000,5010,0,75,0.5,uniform,1.0,0.17732337598203454,0.03144357966966599,ok
v2e_vs_real,original,539000,540000,10208,0,75,0.5,uniform,1.0,0.1845714188613794,0.03406660866050276,ok
v2e_vs_real,original,540000,541000,10013,0,75,0.5,uniform,1.0,0.18911158367863254,0.03576319108144044,ok
v2e_vs_real,original,541000,542000,10098,0,75,0.5,uniform,1.0,0.19799649035160677,0.03920261019155391,ok
v2e_vs_real,original,542000,543000,5018,0,75,0.5,uniform,1.0,0.20383748434931945,0.04154972002585905,ok
v2e_vs_real,original,543000,544000,10041,0,75,0.5,uniform,1.0,0.2089783741326146,0.04367196085511105,ok
v2e_vs_real,original,544000,545000,9985,0,75,0.5,uniform,1.0,0.21636945553983777,0.04681574129060584,ok
v2e_vs_real,original,545000,546000,10067,0,75,0.5,uniform,1.0,0.2238528280224051,0.05011008861362848,ok
v2e_vs_real,original,546000,547000,5093,0,75,0.5,uniform,1.0,0.22868078325507143,0.05229490063015296,ok
v2e_vs_real,original,547000,548000,10128,0,75,0.5,uniform,1.0,0.23118817735769978,0.05344797334997525,ok
v2e_vs_real,original,548000,549000,10513,0,75,0.5,uniform,1.0,0.23011985428000023,0.05295514733384854,ok
v2e_vs_real,original,549000,550000,10609,0,75,0.5,uniform,1.0,0.23815026136189552,0.05671554698673914,ok
v2e_vs_real,original,550000,551000,5346,0,75,0.5,uniform,1.0,0.24115465786353035,0.058155569009276376,ok
v2e_vs_real,original,551000,552000,10597,0,75,0.5,uniform,1.0,0.24909953320160916,0.06205057744125958,ok
v2e_vs_real,original,552000,553000,10576,0,75,0.5,uniform,1.0,0.25630743662090777,0.06569350206718066,ok
v2e_vs_real,original,553000,554000,10360,0,75,0.5,uniform,1.0,0.2643127894951609,0.06986125069071325,ok
v2e_vs_real,original,554000,555000,5203,0,75,0.5,uniform,1.0,0.27146768532812104,0.07369470417740775,ok
v2e_vs_real,original,555000,556000,10166,0,75,0.5,uniform,1.0,0.274641193844472,0.07542778535631683,ok
v2e_vs_real,original,556000,557000,10052,0,75,0.5,uniform,1.0,0.2823412714033149,0.07971659353764032,ok
v2e_vs_real,original,557000,558000,9941,0,75,0.5,uniform,1.0,0.2897045083232104,0.08392870214279308,ok
v2e_vs_real,original,558000,559000,4960,0,75,0.5,uniform,1.0,0.29743084470195885,0.08846510738012076,ok
v2e_vs_real,original,559000,560000,9703,0,75,0.5,uniform,1.0,0.30205534735501194,0.09123743286575692,ok
v2e_vs_real,original,560000,561000,9683,0,75,0.5,uniform,1.0,0.3089593430147591,0.09545587563611158,ok
v2e_vs_real,original,561000,562000,4793,0,75,0.5,uniform,1.0,0.315065886013321,0.09926651252935897,ok
v2e_vs_real,original,562000,563000,9478,0,75,0.5,uniform,1.0,0.31831449802540895,0.10132411965316807,ok
v2e_vs_real,original,563000,564000,9172,0,75,0.5,uniform,1.0,0.3180397489171854,0.10114928189130634,ok
v2e_vs_real,original,564000,565000,8928,0,75,0.5,uniform,1.0,0.3192880167591233,0.10194483764597423,ok
v2e_vs_real,original,565000,566000,4602,0,75,0.5,uniform,1.0,0.3036821816241233,0.09222286743598701,ok
v2e_vs_real,original,566000,567000,8892,0,75,0.5,uniform,1.0,0.3078008841365467,0.09474138427523987,ok
v2e_vs_real,original,567000,568000,8513,0,75,0.5,uniform,1.0,0.3184579962359507,0.10141549536661681,ok
v2e_vs_real,original,568000,569000,8424,0,75,0.5,uniform,1.0,0.3302471699385122,0.10906319325239655,ok
v2e_vs_real,original,569000,570000,4200,0,75,0.5,uniform,1.0,0.3385031903760437,0.1145844098947601,ok
v2e_vs_real,original,570000,571000,8696,0,75,0.5,uniform,1.0,0.3410325650220808,0.11630321040553976,ok
v2e_vs_real,original,571000,572000,8745,0,75,0.5,uniform,1.0,0.34338215320146426,0.11791130313727388,ok
v2e_vs_real,original,572000,573000,8936,0,75,0.5,uniform,1.0,0.34974278476124737,0.12232001549255223,ok
v2e_vs_real,original,573000,574000,4463,0,75,0.5,uniform,1.0,0.3557341829740137,0.12654680893618908,ok
v2e_vs_real,original,574000,575000,9063,0,75,0.5,uniform,1.0,0.3588290727462737,0.12875830344795058,ok
v2e_vs_real,original,575000,576000,9078,0,75,0.5,uniform,1.0,0.36362487725707177,0.1322230513602205,ok
v2e_vs_real,original,576000,577000,9128,0,75,0.5,uniform,1.0,0.3712687175736464,0.13784046064878,ok
v2e_vs_real,original,577000,578000,4629,0,75,0.5,uniform,1.0,0.37915034742056947,0.14375498594913852,ok
v2e_vs_real,original,578000,579000,9300,0,75,0.5,uniform,1.0,0.3836008460509163,0.14714960909097882,ok
v2e_vs_real,original,579000,580000,9475,0,75,0.5,uniform,1.0,0.38603433945294224,0.14902251123686944,ok
v2e_vs_real,original,580000,581000,9426,0,75,0.5,uniform,1.0,0.39124303249001374,0.15307111047198194,ok
v2e_vs_real,original,581000,582000,5012,0,75,0.5,uniform,1.0,0.37396055879268975,0.13984649953254075,ok
v2e_vs_real,original,582000,583000,9871,0,75,0.5,uniform,1.0,0.37615005546560704,0.14148886422677925,ok
v2e_vs_real,original,583000,584000,9759,0,75,0.5,uniform,1.0,0.38193399926770444,0.14587357979662285,ok
v2e_vs_real,original,584000,585000,9733,0,75,0.5,uniform,1.0,0.3893974193068452,0.15163035016283102,ok
v2e_vs_real,original,585000,586000,4809,0,75,0.5,uniform,1.0,0.39422029134032466,0.15540963810445044,ok
v2e_vs_real,original,586000,587000,9634,0,75,0.5,uniform,1.0,0.3980226990055382,0.15842206892365326,ok
v2e_vs_real,original,587000,588000,9541,0,75,0.5,uniform,1.0,0.401246481433879,0.16099873886306817,ok
v2e_vs_real,original,588000,589000,4761,0,75,0.5,uniform,1.0,0.40779025871280056,0.16629289510105283,ok
v2e_vs_real,original,589000,590000,9311,0,75,0.5,uniform,1.0,0.40818780198690835,0.16661728169090348,ok
v2e_vs_real,original,590000,591000,9298,0,75,0.5,uniform,1.0,0.4159452253578179,0.1730104304979659,ok
v2e_vs_real,original,591000,592000,9280,0,75,0.5,uniform,1.0,0.42311323884123886,0.17902481288272326,ok
v2e_vs_real,original,592000,593000,4661,0,75,0.5,uniform,1.0,0.42955841937220746,0.18452043565354925,ok
v2e_vs_real,original,593000,594000,9357,0,75,0.5,uniform,1.0,0.43032099603200435,0.1851761596259763,ok
v2e_vs_real,original,594000,595000,9356,0,75,0.5,uniform,1.0,0.4310437553378734,0.1857987190157765,ok
v2e_vs_real,original,595000,596000,9108,0,75,0.5,uniform,1.0,0.43429164664394687,0.1886092343447108,ok
v2e_vs_real,original,596000,597000,4427,0,75,0.5,uniform,1.0,0.4340106479779263,0.18836524255821946,ok
v2e_vs_real,original,597000,598000,8611,0,75,0.5,uniform,1.0,0.43466636761281124,0.18893485113371558,ok
v2e_vs_real,original,598000,599000,8764,0,75,0.5,uniform,1.0,0.41290117987392394,0.17048738434127847,ok
v2e_vs_real,original,599000,600000,8416,0,75,0.5,uniform,1.0,0.4084388521075269,0.16682229591091424,ok
v2e_vs_real,original,600000,601000,4102,0,75,0.5,uniform,1.0,0.41727281832628477,0.17411660491396064,ok
v2e_vs_real,original,601000,602000,8180,0,75,0.5,uniform,1.0,0.4204535380423014,0.17678117765228898,ok
v2e_vs_real,original,602000,603000,8326,0,75,0.5,uniform,1.0,0.42422046730259816,0.17996300487843475,ok
v2e_vs_real,original,603000,604000,8541,0,75,0.5,uniform,1.0,0.42867524712483596,0.18376246749753916,ok
v2e_vs_real,original,604000,605000,4409,0,75,0.5,uniform,1.0,0.4324789343283319,0.1870380286377696,ok
v2e_vs_real,original,605000,606000,8690,0,75,0.5,uniform,1.0,0.4353846552707084,0.1895597980451936,ok
v2e_vs_real,original,606000,607000,8938,0,75,0.5,uniform,1.0,0.4364527908196652,0.19049103861427444,ok
v2e_vs_real,original,607000,608000,9019,0,75,0.5,uniform,1.0,0.4438987665111588,0.19704611491012824,ok
v2e_vs_real,original,608000,609000,4636,0,75,0.5,uniform,1.0,0.4463669647559171,0.19924346722541014,ok
v2e_vs_real,original,609000,610000,9270,0,75,0.5,uniform,1.0,0.4487921642170488,0.20141440666262253,ok
v2e_vs_real,original,610000,611000,9419,0,75,0.5,uniform,1.0,0.4497588341104845,0.2022830088604223,ok
v2e_vs_real,original,611000,612000,4735,0,75,0.5,uniform,1.0,0.45744439317369695,0.20925537284605186,ok
v2e_vs_real,original,612000,613000,9411,0,75,0.5,uniform,1.0,0.45804317372718284,0.2098035489980702,ok
v2e_vs_real,original,613000,614000,9541,0,75,0.5,uniform,1.0,0.4588624741195885,0.21055477015515003,ok
v2e_vs_real,original,614000,615000,9570,0,75,0.5,uniform,1.0,0.45939791480825004,0.21104644413016818,ok
v2e_vs_real,original,615000,616000,4816,0,75,0.5,uniform,1.0,0.4610514067900579,0.21256839970309144,ok
v2e_vs_real,original,616000,617000,9726,0,75,0.5,uniform,1.0,0.4588601130505948,0.21055260334880466,ok
v2e_vs_real,original,617000,618000,9709,0,75,0.5,uniform,1.0,0.4605375796503166,0.2120948622701717,ok
v2e_vs_real,original,618000,619000,9676,0,75,0.5,uniform,1.0,0.4607393677695441,0.21228076501267923,ok
v2e_vs_real,original,619000,620000,4787,0,75,0.5,uniform,1.0,0.46335479422461073,0.21469766533093135,ok
v2e_vs_real,original,620000,621000,9474,0,75,0.5,uniform,1.0,0.4614968763017817,0.21297936683630203,ok
v2e_vs_real,original,621000,622000,9346,0,75,0.5,uniform,1.0,0.4641784653382827,0.21546164768380335,ok
v2e_vs_real,original,622000,623000,9300,0,75,0.5,uniform,1.0,0.46937208724745016,0.22031015628702796,ok
v2e_vs_real,original,623000,624000,4605,0,75,0.5,uniform,1.0,0.4725593770711874,0.22331236485790865,ok
v2e_vs_real,original,624000,625000,9303,0,75,0.5,uniform,1.0,0.4708040335614689,0.2216564380177487,ok
v2e_vs_real,original,625000,626000,9103,0,75,0.5,uniform,1.0,0.48165948984402024,0.23199586415680182,ok
v2e_vs_real,original,626000,627000,9147,0,75,0.5,uniform,1.0,0.48263908668743577,0.23294048799848213,ok
v2e_vs_real,original,627000,628000,4447,0,75,0.5,uniform,1.0,0.48642295038445876,0.23660728666072162,ok
v2e_vs_real,original,628000,629000,8754,0,75,0.5,uniform,1.0,0.4830976807317373,0.2333833691283836,ok
v2e_vs_real,original,629000,630000,8426,0,75,0.5,uniform,1.0,0.48121430176722,0.23156720422531307,ok
v2e_vs_real,original,630000,631000,8273,0,75,0.5,uniform,1.0,0.479793630246839,0.2302019276254405,ok
v2e_vs_real,original,631000,632000,3964,0,75,0.5,uniform,1.0,0.4806138491477139,0.23098967199258147,ok
v2e_vs_real,original,632000,633000,7754,0,75,0.5,uniform,1.0,0.46268396128360045,0.21407644802908427,ok
v2e_vs_real,original,633000,634000,7563,0,75,0.5,uniform,1.0,0.4786361218850706,0.22909253717318018,ok
v2e_vs_real,original,634000,635000,3741,0,75,0.5,uniform,1.0,0.48542455357256575,0.23563699721112474,ok
v2e_vs_real,original,635000,636000,7622,0,75,0.5,uniform,1.0,0.48424345492838333,0.2344917236409772,ok
v2e_vs_real,original,636000,637000,7510,0,75,0.5,uniform,1.0,0.4882754329037165,0.23841289837731178,ok
v2e_vs_real,original,637000,638000,7511,0,75,0.5,uniform,1.0,0.4881495124933131,0.23828994654745925,ok
v2e_vs_real,original,638000,639000,3781,0,75,0.5,uniform,1.0,0.49426595011557706,0.24429882944365408,ok
v2e_vs_real,original,639000,640000,7416,0,75,0.5,uniform,1.0,0.49223149488339285,0.24229184455513958,ok
v2e_vs_real,original,640000,641000,7617,0,75,0.5,uniform,1.0,0.49524168255062523,0.24526432413557425,ok
v2e_vs_real,original,641000,642000,7581,0,75,0.5,uniform,1.0,0.5006474555939153,0.2506478747926614,ok
v2e_vs_real,original,642000,643000,3852,0,75,0.5,uniform,1.0,0.5112331925944001,0.26135937721026303,ok
v2e_vs_real,original,643000,644000,7712,0,75,0.5,uniform,1.0,0.5073680382614107,0.25742232624923234,ok
v2e_vs_real,original,644000,645000,7752,0,75,0.5,uniform,1.0,0.5115419462281419,0.2616751627508752,ok
v2e_vs_real,original,645000,646000,7835,0,75,0.5,uniform,1.0,0.5126025507795512,0.26276137506570235,ok
v2e_vs_real,original,646000,647000,3861,0,75,0.5,uniform,1.0,0.5141582535468942,0.2643587096903923,ok
v2e_vs_real,original,647000,648000,7824,0,75,0.5,uniform,1.0,0.5131619160636757,0.2633351520981429,ok
v2e_vs_real,original,648000,649000,8367,0,75,0.5,uniform,1.0,0.4920483618333431,0.24211159038287655,ok
v2e_vs_real,original,649000,650000,8218,0,75,0.5,uniform,1.0,0.4927696961242601,0.24282197341839565,ok
v2e_vs_real,original,650000,651000,4047,0,75,0.5,uniform,1.0,0.49443011271604576,0.24446113636040173,ok
v2e_vs_real,original,651000,652000,8034,0,75,0.5,uniform,1.0,0.4931459607560208,0.2431929386099788,ok
v2e_vs_real,original,652000,653000,7763,0,75,0.5,uniform,1.0,0.4968778092289591,0.24688755730416984,ok
v2e_vs_real,original,653000,654000,7732,0,75,0.5,uniform,1.0,0.4948755380015933,0.2449017981123664,ok
v2e_vs_real,original,654000,655000,3794,0,75,0.5,uniform,1.0,0.5020041105534511,0.2520081270125615,ok
v2e_vs_real,original,655000,656000,7565,0,75,0.5,uniform,1.0,0.5005351390179669,0.25053542539173546,ok
v2e_vs_real,original,656000,657000,7462,0,75,0.5,uniform,1.0,0.4995622430261738,0.24956243465734196,ok
v2e_vs_real,original,657000,658000,3664,0,75,0.5,uniform,1.0,0.501398185847323,0.25140014077098666,ok
v2e_vs_real,original,658000,659000,7333,0,75,0.5,uniform,1.0,0.5003471056930905,0.2503472261754527,ok
v2e_vs_real,original,659000,660000,7282,0,75,0.5,uniform,1.0,0.5000841572611961,0.2500841643436407,ok
v2e_vs_real,original,660000,661000,7135,0,75,0.5,uniform,1.0,0.4986891239277427,0.24869084232381947,ok
v2e_vs_real,original,661000,662000,3614,0,75,0.5,uniform,1.0,0.4992865063676021,0.24928701544076554,ok
v2e_vs_real,original,662000,663000,7122,0,75,0.5,uniform,1.0,0.4925478068196226,0.2426033420028203,ok
v2e_vs_real,original,663000,664000,7172,0,75,0.5,uniform,1.0,0.4831098845689967,0.2333951605682693,ok
v2e_vs_real,original,664000,665000,6948,0,75,0.5,uniform,1.0,0.47894034600253105,0.22938385502902417,ok
v2e_vs_real,original,665000,666000,3400,0,75,0.5,uniform,1.0,0.4556307410080455,0.20759937215154065,ok
v2e_vs_real,original,666000,667000,6470,0,75,0.5,uniform,1.0,0.453147363104125,0.2053425326882217,ok
v2e_vs_real,original,667000,668000,4452,0,75,0.5,uniform,1.0,0.47456528099007017,0.22521220592118427,ok
v2e_vs_real,original,668000,669000,4075,0,75,0.5,uniform,1.0,0.48705480953616864,0.23722238749231353,ok
v2e_vs_real,original,669000,670000,4146,0,75,0.5,uniform,1.0,0.48998855054710494,0.24008877966725284,ok
v2e_vs_real,original,670000,671000,3913,0,75,0.5,uniform,1.0,0.49834793802591115,0.24835066733467737,ok
v2e_vs_real,original,671000,672000,3978,0,75,0.5,uniform,1.0,0.5011551464912816,0.25115648085469794,ok
v2e_vs_real,original,672000,673000,3900,0,75,0.5,uniform,1.0,0.49711494372386533,0.2471232672735818,ok
v2e_vs_real,original,673000,674000,5460,0,75,0.5,uniform,1.0,0.4804629534190463,0.23084464960815265,ok
v2e_vs_real,original,674000,675000,4188,0,75,0.5,uniform,1.0,0.47886635757000257,0.22931298841236156,ok
v2e_vs_real,original,675000,676000,4057,0,75,0.5,uniform,1.0,0.4821958120513524,0.2325128011598632,ok
v2e_vs_real,original,676000,677000,4185,0,75,0.5,uniform,1.0,0.4868888056743423,0.23706070909098742,ok
v2e_vs_real,original,677000,678000,4256,0,75,0.5,uniform,1.0,0.47110309857190713,0.22193812948405206,ok
v2e_vs_real,original,678000,679000,5883,0,75,0.5,uniform,1.0,0.4656744955006809,0.2168527357598137,ok
v2e_vs_real,original,679000,680000,4287,0,75,0.5,uniform,1.0,0.47515450620118216,0.22577180476328926,ok
v2e_vs_real,original,680000,681000,4317,0,75,0.5,uniform,1.0,0.46844809851813374,0.21944362100525514,ok
v2e_vs_real,original,681000,682000,4346,0,75,0.5,uniform,1.0,0.4687996705834503,0.2197731311391515,ok
v2e_vs_real,original,682000,683000,4726,0,75,0.5,uniform,1.0,0.4412961330139756,0.1947422770130884,ok
v2e_vs_real,original,683000,684000,6205,0,75,0.5,uniform,1.0,0.44418317981278976,0.1972986972286011,ok
v2e_vs_real,original,684000,685000,4662,0,75,0.5,uniform,1.0,0.44228542941687954,0.19561640107447353,ok
v2e_vs_real,original,685000,686000,4595,0,75,0.5,uniform,1.0,0.44795503477366727,0.20066371317907747,ok
v2e_vs_real,original,686000,687000,4648,0,75,0.5,uniform,1.0,0.44945730515686866,0.20201186915887454,ok
v2e_vs_real,original,687000,688000,4605,0,75,0.5,uniform,1.0,0.4514084320582144,0.20376957253325556,ok
v2e_vs_real,original,688000,689000,4565,0,75,0.5,uniform,1.0,0.4531863262823405,0.20537784632928402,ok
v2e_vs_real,original,689000,690000,6022,0,75,0.5,uniform,1.0,0.44699351124359293,0.19980319909387603,ok
v2e_vs_real,original,690000,691000,4746,0,75,0.5,uniform,1.0,0.44007620829892663,0.19366706911076026,ok
v2e_vs_real,original,691000,692000,4632,0,75,0.5,uniform,1.0,0.446922121951776,0.19973938308987813,ok
v2e_vs_real,original,692000,693000,4553,0,75,0.5,uniform,1.0,0.44577372157855544,0.19871421084999544,ok
v2e_vs_real,original,693000,694000,4597,0,75,0.5,uniform,1.0,0.4432168751782848,0.19644119844280328,ok
v2e_vs_real,original,694000,695000,6181,0,75,0.5,uniform,1.0,0.4348576439783188,0.18910117052637423,ok
v2e_vs_real,original,695000,696000,4662,0,75,0.5,uniform,1.0,0.432807089749126,0.18732197693710803,ok
v2e_vs_real,original,696000,697000,4696,0,75,0.5,uniform,1.0,0.4321674522108298,0.1867687067503999,ok
v2e_vs_real,original,697000,698000,4764,0,75,0.5,uniform,1.0,0.4251744887664981,0.18077334589785304,ok
v2e_vs_real,original,698000,699000,4668,0,75,0.5,uniform,1.0,0.42413649232599193,0.1798917641225962,ok
v2e_vs_real,original,699000,700000,5440,0,75,0.5,uniform,1.0,0.3997469018315304,0.1597975855239072,ok
v2e_vs_real,original,700000,701000,6702,0,75,0.5,uniform,1.0,0.40594054027457904,0.16478772223841712,ok
v2e_vs_real,original,701000,702000,4823,0,75,0.5,uniform,1.0,0.4058592153936936,0.16472170271998454,ok
v2e_vs_real,original,702000,703000,4752,0,75,0.5,uniform,1.0,0.4117700552305776,0.16955457838459292,ok
v2e_vs_real,original,703000,704000,4712,0,75,0.5,uniform,1.0,0.403045398705457,0.1624455934176408,ok
v2e_vs_real,original,704000,705000,4813,0,75,0.5,uniform,1.0,0.3976950395353791,0.15816134447104674,ok
v2e_vs_real,original,705000,706000,6806,0,75,0.5,uniform,1.0,0.3899841236369428,0.15208761668887427,ok
v2e_vs_real,original,706000,707000,5331,0,75,0.5,uniform,1.0,0.38386692621613,0.1473538170426198,ok
v2e_vs_real,original,707000,708000,5597,0,75,0.5,uniform,1.0,0.38608931036048416,0.14906495557463428,ok
v2e_vs_real,original,708000,709000,5957,0,75,0.5,uniform,1.0,0.38622380242925153,0.1491688255629095,ok
v2e_vs_real,original,709000,710000,6377,0,75,0.5,uniform,1.0,0.38229150684486085,0.1461467962057143,ok
v2e_vs_real,original,710000,711000,8778,0,75,0.5,uniform,1.0,0.37940962975298703,0.1439516671492987,ok
v2e_vs_real,original,711000,712000,6793,0,75,0.5,uniform,1.0,0.37791353006946127,0.1428186362095616,ok
v2e_vs_real,original,712000,713000,6915,0,75,0.5,uniform,1.0,0.37743611781596936,0.1424580230319903,ok
v2e_vs_real,original,713000,714000,7000,0,75,0.5,uniform,1.0,0.37484693475702185,0.140510224496735,ok
v2e_vs_real,original,714000,715000,7140,0,75,0.5,uniform,1.0,0.3679336094074812,0.13537514093161696,ok
v2e_vs_real,original,715000,716000,7212,0,75,0.5,uniform,1.0,0.3602447065979252,0.1297762486318252,ok
v2e_vs_real,original,716000,717000,9725,0,75,0.5,uniform,1.0,0.35476578651490126,0.1258587632815365,ok
v2e_vs_real,original,717000,718000,7509,0,75,0.5,uniform,1.0,0.354212396630601,0.1254664219267942,ok
v2e_vs_real,original,718000,719000,7469,0,75,0.5,uniform,1.0,0.3514693355739197,0.12353069384877258,ok
v2e_vs_real,original,719000,720000,7491,0,75,0.5,uniform,1.0,0.34825082549468134,0.12127863745772699,ok
v2e_vs_real,original,720000,721000,7574,0,75,0.5,uniform,1.0,0.3464478860120072,0.12002613772218873,ok
v2e_vs_real,original,721000,722000,7377,0,75,0.5,uniform,1.0,0.34114363507305084,0.11637897975085487,ok
v2e_vs_real,original,722000,723000,9691,0,75,0.5,uniform,1.0,0.3368111053572958,0.11344172069200342,ok
v2e_vs_real,original,723000,724000,7277,0,75,0.5,uniform,1.0,0.33683867191755096,0.11346029089917953,ok
v2e_vs_real,original,724000,725000,7249,0,75,0.5,uniform,1.0,0.3356842041221344,0.11268388489711079,ok
v2e_vs_real,original,725000,726000,7197,0,75,0.5,uniform,1.0,0.32829576925873827,0.10777811211318672,ok
v2e_vs_real,original,726000,727000,7130,0,75,0.5,uniform,1.0,0.33222177672333536,0.11037130892920971,ok
v2e_vs_real,original,727000,728000,9640,0,75,0.5,uniform,1.0,0.3246102879015498,0.10537183901152702,ok
v2e_vs_real,original,728000,729000,7318,0,75,0.5,uniform,1.0,0.31694797036333583,0.10045601591743802,ok
v2e_vs_real,original,729000,730000,7233,0,75,0.5,uniform,1.0,0.3198201503500842,0.10228492856995047,ok
v2e_vs_real,original,730000,731000,7079,0,75,0.5,uniform,1.0,0.3159385066702147,0.09981713999700531,ok
v2e_vs_real,original,731000,732000,6800,0,75,0.5,uniform,1.0,0.31790305090478266,0.10106234977456885,ok
v2e_vs_real,original,732000,733000,7219,0,75,0.5,uniform,1.0,0.30075414770095193,0.09045305735932602,ok
v2e_vs_real,original,733000,734000,9239,0,75,0.5,uniform,1.0,0.28527971514569533,0.08138451587360906,ok
v2e_vs_real,original,734000,735000,6844,0,75,0.5,uniform,1.0,0.26731055639153234,0.07145493355835059,ok
v2e_vs_real,original,735000,736000,6615,0,75,0.5,uniform,1.0,0.2556752413744571,0.06536982905188687,ok
v2e_vs_real,original,736000,737000,6611,0,75,0.5,uniform,1.0,0.24084619322090672,0.05800688878900234,ok
v2e_vs_real,original,737000,738000,6586,0,75,0.5,uniform,1.0,0.23302608263002714,0.05430115518589623,ok
v2e_vs_real,original,738000,739000,8769,0,75,0.5,uniform,1.0,0.22015533702390616,0.04846837242010971,ok
v2e_vs_real,original,739000,740000,6774,0,75,0.5,uniform,1.0,0.21195507496691396,0.04492495380423012,ok
v2e_vs_real,original,740000,741000,6804,0,75,0.5,uniform,1.0,0.20637910011803481,0.04259233296552983,ok
v2e_vs_real,original,741000,742000,6910,0,75,0.5,uniform,1.0,0.20615466882613623,0.04249974747881391,ok
v2e_vs_real,original,742000,743000,6971,0,75,0.5,uniform,1.0,0.19765486668720214,0.039067446325135646,ok
v2e_vs_real,original,743000,744000,6977,0,75,0.5,uniform,1.0,0.20238937191779022,0.040961457865277606,ok
v2e_vs_real,original,744000,745000,9365,0,75,0.5,uniform,1.0,0.1970176481255295,0.03881595367291496,ok
v2e_vs_real,original,745000,746000,7216,0,75,0.5,uniform,1.0,0.19513815477302532,0.03807889944822118,ok
v2e_vs_real,original,746000,747000,7323,0,75,0.5,uniform,1.0,0.19086122500824132,0.03642800721164652,ok
v2e_vs_real,original,747000,748000,7476,0,75,0.5,uniform,1.0,0.19031642673298654,0.03622034228441223,ok
v2e_vs_real,original,748000,749000,7626,0,75,0.5,uniform,1.0,0.1847141898265398,0.03411933192327499,ok
v2e_vs_real,original,749000,750000,10214,0,75,0.5,uniform,1.0,0.18053042818552276,0.03259123550084819,ok
v2e_vs_real,original,750000,751000,7798,0,75,0.5,uniform,1.0,0.1772239997688387,0.03140834609406534,ok
v2e_vs_real,original,751000,752000,7724,0,75,0.5,uniform,1.0,0.17335225546633232,0.030051004475264542,ok
v2e_vs_real,original,752000,753000,7716,0,75,0.5,uniform,1.0,0.1725903615400237,0.029787432896516086,ok
v2e_vs_real,original,753000,754000,7746,0,75,0.5,uniform,1.0,0.17345427069461353,0.030086384022200263,ok
v2e_vs_real,original,754000,755000,7696,0,75,0.5,uniform,1.0,0.17154763675752252,0.029428591677090887,ok
v2e_vs_real,original,755000,756000,10350,0,75,0.5,uniform,1.0,0.17210493311572542,0.02962010800276832,ok
v2e_vs_real,original,756000,757000,7767,0,75,0.5,uniform,1.0,0.16887576335586274,0.02851902344902535,ok
v2e_vs_real,original,757000,758000,7968,0,75,0.5,uniform,1.0,0.17247446120305593,0.029747439767284445,ok
v2e_vs_real,original,758000,759000,7904,0,75,0.5,uniform,1.0,0.17560589458773782,0.030837430213959682,ok
v2e_vs_real,original,759000,760000,7907,0,75,0.5,uniform,1.0,0.17810505879758165,0.031721411969290014,ok
v2e_vs_real,original,760000,761000,10390,0,75,0.5,uniform,1.0,0.18244585218853687,0.03328648898080144,ok
v2e_vs_real,original,761000,762000,7840,0,75,0.5,uniform,1.0,0.17776490526374417,0.031600361543427935,ok
v2e_vs_real,original,762000,763000,7805,0,75,0.5,uniform,1.0,0.1752508987802657,0.030712877523290938,ok
v2e_vs_real,original,763000,764000,7617,0,75,0.5,uniform,1.0,0.17498522936685024,0.03061983049656919,ok
v2e_vs_real,original,764000,765000,7491,0,75,0.5,uniform,1.0,0.1723253908550686,0.02969604033335216,ok
v2e_vs_real,original,765000,766000,7487,0,75,0.5,uniform,1.0,0.17859696579442833,0.0318968761909762,ok
v2e_vs_real,original,766000,767000,10524,0,75,0.5,uniform,1.0,0.15974109969270303,0.02551721893103409,ok
v2e_vs_real,original,767000,768000,7635,0,75,0.5,uniform,1.0,0.14410035426866266,0.020764912100354083,ok
v2e_vs_real,original,768000,769000,7659,0,75,0.5,uniform,1.0,0.13230996635078954,0.017505927195747062,ok
v2e_vs_real,original,769000,770000,7604,0,75,0.5,uniform,1.0,0.12266763218535809,0.0150473479859623,ok
v2e_vs_real,original,770000,771000,7518,0,75,0.5,uniform,1.0,0.11494293305021315,0.013211877858185783,ok
v2e_vs_real,original,771000,772000,7505,0,75,0.5,uniform,1.0,0.10244566707248336,0.0104951147019261,ok
v2e_vs_real,original,772000,773000,10071,0,75,0.5,uniform,1.0,0.09155990294509136,0.00838321582731455,ok
v2e_vs_real,original,773000,774000,7682,0,75,0.5,uniform,1.0,0.08779133562632035,0.007707318611053227,ok
v2e_vs_real,original,774000,775000,7626,0,75,0.5,uniform,1.0,0.08307752641929671,0.006901875395948942,ok
v2e_vs_real,original,775000,776000,7745,0,75,0.5,uniform,1.0,0.08661301255416226,0.007501813943707469,ok
v2e_vs_real,original,776000,777000,7729,0,75,0.5,uniform,1.0,0.09026896749721158,0.008148486493012641,ok
v2e_vs_real,original,777000,778000,10576,0,75,0.5,uniform,1.0,0.09630302923472195,0.009274273439783709,ok
v2e_vs_real,original,778000,779000,8065,0,75,0.5,uniform,1.0,0.1067624670635286,0.011398224373491028,ok
v2e_vs_real,original,779000,780000,8188,0,75,0.5,uniform,1.0,0.1099347287310738,0.012085644581174781,ok
v2e_vs_real,original,780000,781000,8226,0,75,0.5,uniform,1.0,0.11628661484488238,0.01352257679208202,ok
v2e_vs_real,original,781000,782000,8258,0,75,0.5,uniform,1.0,0.12051243760360475,0.014523247617162727,ok
v2e_vs_real,original,782000,783000,8406,0,75,0.5,uniform,1.0,0.1231997192428865,0.01517817082152606,ok
v2e_vs_real,original,783000,784000,11431,0,75,0.5,uniform,1.0,0.1271835278503161,0.016175649756452137,ok
v2e_vs_real,original,784000,785000,8699,0,75,0.5,uniform,1.0,0.13276318747506693,0.017626063948539772,ok
v2e_vs_real,original,785000,786000,8740,0,75,0.5,uniform,1.0,0.13545919246091143,0.01834919282216224,ok
v2e_vs_real,original,786000,787000,8791,0,75,0.5,uniform,1.0,0.14040344699862672,0.019713127929096186,ok
v2e_vs_real,original,787000,788000,8630,0,75,0.5,uniform,1.0,0.14485148256453725,0.020981952001144444,ok
v2e_vs_real,original,788000,789000,11524,0,75,0.5,uniform,1.0,0.14796024862517027,0.021892235173222196,ok
v2e_vs_real,original,789000,790000,8722,0,75,0.5,uniform,1.0,0.15682990109796766,0.024595617878398313,ok
v2e_vs_real,original,790000,791000,8589,0,75,0.5,uniform,1.0,0.15995469176048827,0.025585503416192812,ok
v2e_vs_real,original,791000,792000,8521,0,75,0.5,uniform,1.0,0.16462499290630578,0.02710138828940123,ok
v2e_vs_real,original,792000,793000,8661,0,75,0.5,uniform,1.0,0.16765390369830047,0.028107831425279006,ok
v2e_vs_real,original,793000,794000,8465,0,75,0.5,uniform,1.0,0.172056008250041,0.029603269974938173,ok
v2e_vs_real,original,794000,795000,11296,0,75,0.5,uniform,1.0,0.17331008226564612,0.030036384614925027,ok
v2e_vs_real,original,795000,796000,8396,0,75,0.5,uniform,1.0,0.17624863401296986,0.0310635809914378,ok
v2e_vs_real,original,796000,797000,8342,0,75,0.5,uniform,1.0,0.1787050902382172,0.031935509277049356,ok
v2e_vs_real,original,797000,798000,8298,0,75,0.5,uniform,1.0,0.1794973685735797,0.03221930532483952,ok
v2e_vs_real,original,798000,799000,8175,0,75,0.5,uniform,1.0,0.18394086010924485,0.03383424001772878,ok
v2e_vs_real,original,799000,800000,9772,0,75,0.5,uniform,1.0,0.17412138340220296,0.03031825615789696,ok
v2e_vs_real,original,800000,801000,9768,0,75,0.5,uniform,1.0,0.18644956896867318,0.03476344176860402,ok
v2e_vs_real,original,801000,802000,6462,0,75,0.5,uniform,1.0,0.19644749055620092,0.038591616545828655,ok
v2e_vs_real,original,802000,803000,9133,0,75,0.5,uniform,1.0,0.20559388651067742,0.04226884617056531,ok
v2e_vs_real,original,803000,804000,5979,0,75,0.5,uniform,1.0,0.2169672475004726,0.04707478648793134,ok
v2e_vs_real,original,804000,805000,9038,0,75,0.5,uniform,1.0,0.22642817654964792,0.051269719135598524,ok
v2e_vs_real,original,805000,806000,8853,0,75,0.5,uniform,1.0,0.23980403212955673,0.05750597382559347,ok
v2e_vs_real,original,806000,807000,6099,0,75,0.5,uniform,1.0,0.24876260158460417,0.061882831947140504,ok
v2e_vs_real,original,807000,808000,8803,0,75,0.5,uniform,1.0,0.2567392441756635,0.06591503949989097,ok
v2e_vs_real,original,808000,809000,5943,0,75,0.5,uniform,1.0,0.26417004115369513,0.06978581064314499,ok
v2e_vs_real,original,809000,810000,8771,0,75,0.5,uniform,1.0,0.26896328720887713,0.07234124986620494,ok
v2e_vs_real,original,810000,811000,5924,0,75,0.5,uniform,1.0,0.27229447606917206,0.07414428169778492,ok
v2e_vs_real,original,811000,812000,9103,0,75,0.5,uniform,1.0,0.2787621234981375,0.07770832149719087,ok
v2e_vs_real,original,812000,813000,8947,0,75,0.5,uniform,1.0,0.2845543667457203,0.08097118763405792,ok
v2e_vs_real,original,813000,814000,6217,0,75,0.5,uniform,1.0,0.29118357653133453,0.08478787524157955,ok
v2e_vs_real,original,814000,815000,9277,0,75,0.5,uniform,1.0,0.2929463763569594,0.0858175794206733,ok
v2e_vs_real,original,815000,816000,6335,0,75,0.5,uniform,1.0,0.2981707625657666,0.08890580364905076,ok
v2e_vs_real,original,816000,817000,9522,0,75,0.5,uniform,1.0,0.301682322791906,0.09101222388511976,ok
v2e_vs_real,original,817000,818000,9469,0,75,0.5,uniform,1.0,0.30513960357664366,0.09311017767091123,ok
v2e_vs_real,original,818000,819000,6535,0,75,0.5,uniform,1.0,0.3120825505768265,0.09739551837453747,ok
v2e_vs_real,original,819000,820000,9459,0,75,0.5,uniform,1.0,0.3144886123858942,0.0989030873204052,ok
v2e_vs_real,original,820000,821000,6655,0,75,0.5,uniform,1.0,0.32175208495807844,0.10352440417487052,ok
v2e_vs_real,original,821000,822000,9614,0,75,0.5,uniform,1.0,0.31942503177315407,0.1020323509232805,ok
v2e_vs_real,original,822000,823000,6395,0,75,0.5,uniform,1.0,0.3247874184871544,0.10548686720754996,ok
v2e_vs_real,original,823000,824000,9563,0,75,0.5,uniform,1.0,0.32814471890920377,0.10767895654800036,ok
v2e_vs_real,original,824000,825000,9383,0,75,0.5,uniform,1.0,0.3332909770500535,0.11108287538297928,ok
v2e_vs_real,original,825000,826000,6413,0,75,0.5,uniform,1.0,0.33745311715663207,0.11387460627872764,ok
v2e_vs_real,original,826000,827000,9325,0,75,0.5,uniform,1.0,0.34022450601090315,0.11575271449036306,ok
v2e_vs_real,original,827000,828000,6162,0,75,0.5,uniform,1.0,0.34358010672852585,0.11804728973958523,ok
v2e_vs_real,original,828000,829000,9006,0,75,0.5,uniform,1.0,0.34363565334496404,0.1180854622498203,ok
v2e_vs_real,original,829000,830000,8824,0,75,0.5,uniform,1.0,0.3448856817008387,0.11894613344225224,ok
v2e_vs_real,original,830000,831000,5883,0,75,0.5,uniform,1.0,0.34684795296099646,0.12030350247323363,ok
v2e_vs_real,original,831000,832000,8599,0,75,0.5,uniform,1.0,0.34445026031914155,0.11864598183392439,ok
v2e_vs_real,original,832000,833000,6278,0,75,0.5,uniform,1.0,0.3284265553056167,0.10786400222991332,ok
v2e_vs_real,original,833000,834000,8827,0,75,0.5,uniform,1.0,0.3402637674430938,0.11577943143456781,ok
v2e_vs_real,original,834000,835000,5878,0,75,0.5,uniform,1.0,0.34864563295117856,0.12155377737592793,ok
v2e_vs_real,original,835000,836000,8521,0,75,0.5,uniform,1.0,0.3586122673669794,0.12860275830608592,ok
v2e_vs_real,original,836000,837000,8327,0,75,0.5,uniform,1.0,0.3661234240550336,0.13404636164178196,ok
v2e_vs_real,original,837000,838000,5481,0,75,0.5,uniform,1.0,0.37770109169770916,0.1426581146696413,ok
v2e_vs_real,original,838000,839000,8283,0,75,0.5,uniform,1.0,0.3822827010112739,0.14614006349247502,ok
v2e_vs_real,original,839000,840000,5567,0,75,0.5,uniform,1.0,0.3905880692041528,0.15255903980462804,ok
v2e_vs_real,original,840000,841000,8298,0,75,0.5,uniform,1.0,0.39234449140506544,0.1539341999358995,ok
v2e_vs_real,original,841000,842000,5598,0,75,0.5,uniform,1.0,0.39863510705000577,0.15890994857276958,ok
v2e_vs_real,original,842000,843000,8403,0,75,0.5,uniform,1.0,0.40344320077812856,0.16276641625410135,ok
v2e_vs_real,original,843000,844000,8563,0,75,0.5,uniform,1.0,0.40304847356851536,0.16244807204591025,ok
v2e_vs_real,original,844000,845000,5944,0,75,0.5,uniform,1.0,0.4055324709001571,0.16445658495438678,ok
v2e_vs_real,original,845000,846000,8750,0,75,0.5,uniform,1.0,0.40747555882047837,0.16603633103606114,ok
v2e_vs_real,original,846000,847000,5898,0,75,0.5,uniform,1.0,0.4113947623642142,0.16924565050070828,ok
v2e_vs_real,original,847000,848000,8979,0,75,0.5,uniform,1.0,0.41121146283822063,0.1690948671695493,ok
v2e_vs_real,original,848000,849000,9104,0,75,0.5,uniform,1.0,0.4150420287673607,0.17225988564332664,ok
v2e_vs_real,original,849000,850000,6237,0,75,0.5,uniform,1.0,0.4165816597032875,0.17354027920114562,ok
v2e_vs_real,original,850000,851000,9464,0,75,0.5,uniform,1.0,0.41795277089532185,0.1746845186990774,ok
v2e_vs_real,original,851000,852000,6452,0,75,0.5,uniform,1.0,0.4238548211761739,0.17965290943428636,ok
v2e_vs_real,original,852000,853000,9617,0,75,0.5,uniform,1.0,0.42093035622518743,0.1771823647918632,ok
v2e_vs_real,original,853000,854000,6505,0,75,0.5,uniform,1.0,0.4235178062562302,0.17936733221608975,ok
v2e_vs_real,original,854000,855000,9955,0,75,0.5,uniform,1.0,0.424681689369332,0.18035453728558978,ok
v2e_vs_real,original,855000,856000,9947,0,75,0.5,uniform,1.0,0.4257629863980778,0.1812741205866098,ok
v2e_vs_real,original,856000,857000,6931,0,75,0.5,uniform,1.0,0.43126555327038807,0.18598997743761392,ok
v2e_vs_real,original,857000,858000,10009,0,75,0.5,uniform,1.0,0.4293344644193957,0.18432808233828935,ok
v2e_vs_real,original,858000,859000,6866,0,75,0.5,uniform,1.0,0.432385159229168,0.18695692592163293,ok
v2e_vs_real,original,859000,860000,9877,0,75,0.5,uniform,1.0,0.43159588169335655,0.18627500509466582,ok
v2e_vs_real,original,860000,861000,6522,0,75,0.5,uniform,1.0,0.43552290449506265,0.18968020033981545,ok
v2e_vs_real,original,861000,862000,9580,0,75,0.5,uniform,1.0,0.43464400095833833,0.18891540756907202,ok
v2e_vs_real,original,862000,863000,9184,0,75,0.5,uniform,1.0,0.434560379063374,0.18884272305170333,ok
v2e_vs_real,original,863000,864000,6151,0,75,0.5,uniform,1.0,0.437302964506891,0.19123388276651515,ok
v2e_vs_real,original,864000,865000,8715,0,75,0.5,uniform,1.0,0.43412819337502484,0.18846728828306297,ok
v2e_vs_real,original,865000,866000,6025,0,75,0.5,uniform,1.0,0.42822015711656636,0.18337250296093677,ok
v2e_vs_real,original,866000,867000,8796,0,75,0.5,uniform,1.0,0.4262207828740153,0.18166415575373854,ok
v2e_vs_real,original,867000,868000,8502,0,75,0.5,uniform,1.0,0.4323782248897533,0.1869509293588141,ok
v2e_vs_real,original,868000,869000,5440,0,75,0.5,uniform,1.0,0.44165749320545394,0.1950613413045256,ok
v2e_vs_real,original,869000,870000,7982,0,75,0.5,uniform,1.0,0.44515636641233813,0.19816419055743584,ok
v2e_vs_real,original,870000,871000,5348,0,75,0.5,uniform,1.0,0.45488516755420705,0.20692051566081904,ok
v2e_vs_real,original,871000,872000,7961,0,75,0.5,uniform,1.0,0.4572548811456813,0.20908202633155115,ok
v2e_vs_real,original,872000,873000,5290,0,75,0.5,uniform,1.0,0.46111927895071775,0.21263098942002986,ok
v2e_vs_real,original,873000,874000,8024,0,75,0.5,uniform,1.0,0.4663343811811837,0.21746775507163754,ok
v2e_vs_real,original,874000,875000,8036,0,75,0.5,uniform,1.0,0.46949662275682064,0.22042707878006035,ok
v2e_vs_real,original,875000,876000,5634,0,75,0.5,uniform,1.0,0.47669839327981417,0.22724135815555638,ok
v2e_vs_real,original,876000,877000,8353,0,75,0.5,uniform,1.0,0.4695195457591322,0.22044860384986184,ok
v2e_vs_real,original,877000,878000,5725,0,75,0.5,uniform,1.0,0.4711436892871231,0.22197637595508118,ok
v2e_vs_real,original,878000,879000,8516,0,75,0.5,uniform,1.0,0.46961047214968454,0.22053399555264966,ok
v2e_vs_real,original,879000,880000,5734,0,75,0.5,uniform,1.0,0.47238578667885667,0.22314833145620228,ok
v2e_vs_real,original,880000,881000,8644,0,75,0.5,uniform,1.0,0.47157259588616646,0.22238071319081767,ok
v2e_vs_real,original,881000,882000,8833,0,75,0.5,uniform,1.0,0.46749448751433936,0.21855109585629479,ok
v2e_vs_real,original,882000,883000,6012,0,75,0.5,uniform,1.0,0.4686643026013319,0.21964622853279278,ok
v2e_vs_real,original,883000,884000,8969,0,75,0.5,uniform,1.0,0.4693976864172908,0.22033418801390528,ok
v2e_vs_real,original,884000,885000,5989,0,75,0.5,uniform,1.0,0.4680785851264929,0.21909756185401946,ok
v2e_vs_real,original,885000,886000,8755,0,75,0.5,uniform,1.0,0.4705518781055503,0.22141906998866068,ok
v2e_vs_real,original,886000,887000,8763,0,75,0.5,uniform,1.0,0.4737929327521109,0.22447974312584623,ok
v2e_vs_real,original,887000,888000,6006,0,75,0.5,uniform,1.0,0.4740355654522736,0.22470971731365677,ok
v2e_vs_real,original,888000,889000,8693,0,75,0.5,uniform,1.0,0.4732079725980291,0.22392578533033705,ok
v2e_vs_real,original,889000,890000,6124,0,75,0.5,uniform,1.0,0.4789959656316244,0.22943713509137229,ok
v2e_vs_real,original,890000,891000,8928,0,75,0.5,uniform,1.0,0.47807757531971706,0.22855816802357973,ok
v2e_vs_real,original,891000,892000,5783,0,75,0.5,uniform,1.0,0.47652403287155665,0.2270751539041724,ok
v2e_vs_real,original,892000,893000,8607,0,75,0.5,uniform,1.0,0.47535136834995667,0.22595892339217621,ok
v2e_vs_real,original,893000,894000,8316,0,75,0.5,uniform,1.0,0.4736080653773259,0.2243045995904534,ok
v2e_vs_real,original,894000,895000,5618,0,75,0.5,uniform,1.0,0.475613994568904,0.22620867182978946,ok
v2e_vs_real,original,895000,896000,8250,0,75,0.5,uniform,1.0,0.4726804554619643,0.22342681297573,ok
v2e_vs_real,original,896000,897000,5659,0,75,0.5,uniform,1.0,0.47230422997948013,0.22307128565650963,ok
v2e_vs_real,original,897000,898000,8248,0,75,0.5,uniform,1.0,0.4656092926701782,0.21679201342082366,ok
v2e_vs_real,original,898000,899000,8238,0,75,0.5,uniform,1.0,0.458225053271554,0.2099701994457185,ok
v2e_vs_real,original,899000,900000,5725,0,75,0.5,uniform,1.0,0.4509086018720626,0.20331856724221825,ok
v2e_vs_real,original,900000,901000,8112,0,75,0.5,uniform,1.0,0.45570122855552997,0.20766360970701936,ok
v2e_vs_real,original,901000,902000,5377,0,75,0.5,uniform,1.0,0.46464050753846625,0.21589080124560353,ok
v2e_vs_real,original,902000,903000,8050,0,75,0.5,uniform,1.0,0.46967730058698737,0.22059676668667927,ok
v2e_vs_real,original,903000,904000,5330,0,75,0.5,uniform,1.0,0.4753070423038341,0.2259167844636187,ok
v2e_vs_real,original,904000,905000,7879,0,75,0.5,uniform,1.0,0.4779268946295378,0.2284141166102333,ok
v2e_vs_real,original,905000,906000,7707,0,75,0.5,uniform,1.0,0.48233223290076555,0.23264438289503833,ok
v2e_vs_real,original,906000,907000,5368,0,75,0.5,uniform,1.0,0.49628377497035986,0.2462975852988308,ok
v2e_vs_real,original,907000,908000,7668,0,75,0.5,uniform,1.0,0.4934381720696566,0.24348122965544405,ok
v2e_vs_real,original,908000,909000,5356,0,75,0.5,uniform,1.0,0.5057772142437204,0.2558105904481382,ok
v2e_vs_real,original,909000,910000,7660,0,75,0.5,uniform,1.0,0.5072154060406965,0.25726746812502865,ok
v2e_vs_real,original,910000,911000,5200,0,75,0.5,uniform,1.0,0.505249411814592,0.25527696813899126,ok
v2e_vs_real,original,911000,912000,7727,0,75,0.5,uniform,1.0,0.5056636544266647,0.2556957314081294,ok
v2e_vs_real,original,912000,913000,7423,0,75,0.5,uniform,1.0,0.5070664628326337,0.2571163977295987,ok
v2e_vs_real,original,913000,914000,5017,0,75,0.5,uniform,1.0,0.513924880000201,0.26411878228322094,ok
v2e_vs_real,original,914000,915000,7407,0,75,0.5,uniform,1.0,0.505857502692363,0.25589181303015396,ok
v2e_vs_real,original,915000,916000,5438,0,75,0.5,uniform,1.0,0.49442454481189285,0.24445563051244742,ok
v2e_vs_real,original,916000,917000,7886,0,75,0.5,uniform,1.0,0.4989744114069111,0.24897546323887337,ok
v2e_vs_real,original,917000,918000,7616,0,75,0.5,uniform,1.0,0.49842708740322317,0.24842956145726028,ok
v2e_vs_real,original,918000,919000,5089,0,75,0.5,uniform,1.0,0.5079344098670857,0.2579973647270246,ok
v2e_vs_real,original,919000,920000,7696,0,75,0.5,uniform,1.0,0.5060050822434989,0.25604114325625016,ok
v2e_vs_real,original,920000,921000,4981,0,75,0.5,uniform,1.0,0.5100885644437527,0.26019034357628845,ok
v2e_vs_real,original,921000,922000,7407,0,75,0.5,uniform,1.0,0.5117134234262697,0.26185062771463274,ok
v2e_vs_real,original,922000,923000,4969,0,75,0.5,uniform,1.0,0.512664006512889,0.2628243835738475,ok
v2e_vs_real,original,923000,924000,7197,0,75,0.5,uniform,1.0,0.5123981949232802,0.26255191016063584,ok
v2e_vs_real,original,924000,925000,6941,0,75,0.5,uniform,1.0,0.5087658291424904,0.2588426689030457,ok
v2e_vs_real,original,925000,926000,4551,0,75,0.5,uniform,1.0,0.5144554876638395,0.2646644487874389,ok
v2e_vs_real,original,926000,927000,6638,0,75,0.5,uniform,1.0,0.49944372360392003,0.24944403304734886,ok
v2e_vs_real,original,927000,928000,4470,0,75,0.5,uniform,1.0,0.5127407733474038,0.2629031006528937,ok
v2e_vs_real,original,928000,929000,6230,0,75,0.5,uniform,1.0,0.48991987641548607,0.24002148530696513,ok
v2e_vs_real,original,929000,930000,4246,0,75,0.5,uniform,1.0,0.4800654403050156,0.23046282697524847,ok
v2e_vs_real,original,930000,931000,6320,0,75,0.5,uniform,1.0,0.4752249937607704,0.22583879469492427,ok
v2e_vs_real,original,931000,932000,5906,0,75,0.5,uniform,1.0,0.4629456549429534,0.2143186794305601,ok
v2e_vs_real,original,932000,933000,5681,0,75,0.5,uniform,1.0,0.4388972070363834,0.192630758344338,ok
v2e_vs_real,original,933000,934000,6953,0,75,0.5,uniform,1.0,0.4649555890812231,0.2161836998178672,ok
v2e_vs_real,original,934000,935000,6399,0,75,0.5,uniform,1.0,0.4655181129687926,0.2167071135020255,ok
v2e_vs_real,original,935000,936000,3056,0,75,0.5,uniform,1.0,0.4684005402480347,0.21939906610465074,ok
v2e_vs_real,original,936000,937000,5978,0,75,0.5,uniform,1.0,0.46315805092263856,0.21451538013445745,ok
v2e_vs_real,original,937000,938000,5900,0,75,0.5,uniform,1.0,0.4577419978235256,0.2095277365714725,ok
v2e_vs_real,original,938000,939000,5634,0,75,0.5,uniform,1.0,0.4592398958934358,0.21090128198021374,ok
v2e_vs_real,original,939000,940000,5631,0,75,0.5,uniform,1.0,0.45150266754084933,0.20385465879650275,ok
v2e_vs_real,original,940000,941000,2870,0,75,0.5,uniform,1.0,0.4456180988811138,0.1985754900504181,ok
v2e_vs_real,original,941000,942000,5633,0,75,0.5,uniform,1.0,0.44268161262988204,0.19596701016059295,ok
v2e_vs_real,original,942000,943000,5582,0,75,0.5,uniform,1.0,0.43817992509591086,0.19200164675705805,ok
v2e_vs_real,original,943000,944000,5448,0,75,0.5,uniform,1.0,0.43318231081695735,0.18764691440471906,ok
v2e_vs_real,original,944000,945000,5461,0,75,0.5,uniform,1.0,0.433833819468259,0.18821178291441795,ok
v2e_vs_real,original,945000,946000,2601,0,75,0.5,uniform,1.0,0.4414798566073505,0.19490446379004675,ok
v2e_vs_real,original,946000,947000,5515,0,75,0.5,uniform,1.0,0.43209190793830554,0.1867034169057651,ok
v2e_vs_real,original,947000,948000,5335,0,75,0.5,uniform,1.0,0.43261725874258433,0.18715769256194817,ok
v2e_vs_real,original,948000,949000,5484,0,75,0.5,uniform,1.0,0.420448558359987,0.1767769902269914,ok
v2e_vs_real,original,949000,950000,5408,0,75,0.5,uniform,1.0,0.421291462326042,0.17748649622881485,ok
v2e_vs_real,original,950000,951000,2725,0,75,0.5,uniform,1.0,0.4288147908338197,0.18388212483785255,ok
v2e_vs_real,original,951000,952000,5458,0,75,0.5,uniform,1.0,0.42088136970985845,0.17714112736884657,ok
v2e_vs_real,original,952000,953000,5289,0,75,0.5,uniform,1.0,0.4334342365053572,0.1878652373749819,ok
v2e_vs_real,original,953000,954000,5248,0,75,0.5,uniform,1.0,0.4332949026781284,0.1877444726868488,ok
v2e_vs_real,original,954000,955000,5268,0,75,0.5,uniform,1.0,0.4344794764461566,0.18877241545292633,ok
v2e_vs_real,original,955000,956000,2586,0,75,0.5,uniform,1.0,0.4439366373114248,0.19707973794737554,ok
v2e_vs_real,original,956000,957000,5173,0,75,0.5,uniform,1.0,0.43198728854470886,0.18661301746420955,ok
v2e_vs_real,original,957000,958000,5118,0,75,0.5,uniform,1.0,0.4332107610173952,0.18767156346127067,ok
v2e_vs_real,original,958000,959000,5067,0,75,0.5,uniform,1.0,0.4319496095934206,0.1865804652279085,ok
v2e_vs_real,original,959000,960000,5067,0,75,0.5,uniform,1.0,0.42614386133916443,0.18159859055705302,ok
v2e_vs_real,original,960000,961000,2627,0,75,0.5,uniform,1.0,0.42247639326199365,0.17848630286366274,ok
v2e_vs_real,original,961000,962000,5207,0,75,0.5,uniform,1.0,0.4212347909962714,0.17743874914567248,ok
v2e_vs_real,original,962000,963000,5229,0,75,0.5,uniform,1.0,0.4077631719006886,0.16627080435851055,ok
v2e_vs_real,original,963000,964000,5292,0,75,0.5,uniform,1.0,0.39234292252198605,0.15393296885309316,ok
v2e_vs_real,original,964000,965000,5164,0,75,0.5,uniform,1.0,0.3732489601589029,0.13931478625970228,ok
v2e_vs_real,original,965000,966000,3164,0,75,0.5,uniform,1.0,0.35686550501059905,0.12735298866646988,ok
v2e_vs_real,original,966000,967000,6241,0,75,0.5,uniform,1.0,0.3442617685636532,0.11851616529457432,ok
v2e_vs_real,original,967000,968000,6382,0,75,0.5,uniform,1.0,0.33940438518370586,0.11519533668192938,ok
v2e_vs_real,original,968000,969000,6671,0,75,0.5,uniform,1.0,0.3359208024832222,0.11284278554097199,ok
v2e_vs_real,original,969000,970000,6733,0,75,0.5,uniform,1.0,0.3334361767942967,0.11117968399519751,ok
v2e_vs_real,original,970000,971000,3544,0,75,0.5,uniform,1.0,0.3325493531907228,0.11058907230756809,ok
v2e_vs_real,original,971000,972000,7029,0,75,0.5,uniform,1.0,0.3344202999177461,0.11183693699707525,ok
v2e_vs_real,original,972000,973000,7061,0,75,0.5,uniform,1.0,0.3269680219066912,0.10690808734957452,ok
v2e_vs_real,original,973000,974000,7051,0,75,0.5,uniform,1.0,0.32487528355389805,0.10554394986422566,ok
v2e_vs_real,original,974000,975000,7221,0,75,0.5,uniform,1.0,0.3252422365896312,0.10578251246182563,ok
v2e_vs_real,original,975000,976000,3627,0,75,0.5,uniform,1.0,0.32013541649487326,0.10248668489434598,ok
v2e_vs_real,original,976000,977000,7441,0,75,0.5,uniform,1.0,0.3198332757269039,0.10229332426220172,ok
v2e_vs_real,original,977000,978000,7544,0,75,0.5,uniform,1.0,0.3167962218467861,0.1003598461763981,ok
v2e_vs_real,original,978000,979000,7575,0,75,0.5,uniform,1.0,0.31347192947278846,0.09826465056739286,ok
v2e_vs_real,original,979000,980000,7742,0,75,0.5,uniform,1.0,0.3095673274480561,0.09583193022333197,ok
v2e_vs_real,original,980000,981000,3838,0,75,0.5,uniform,1.0,0.311084957265429,0.0967738506368338,ok
v2e_vs_real,original,981000,982000,8004,0,75,0.5,uniform,1.0,0.28781216551080113,0.08283584261601679,ok
v2e_vs_real,original,982000,983000,8261,0,75,0.5,uniform,1.0,0.2699091932117299,0.07285097258020695,ok
v2e_vs_real,original,983000,984000,8252,0,75,0.5,uniform,1.0,0.2683259578794512,0.07199881967192501,ok
v2e_vs_real,original,984000,985000,8132,0,75,0.5,uniform,1.0,0.27568987684308943,0.07600490819375783,ok
v2e_vs_real,original,985000,986000,4069,0,75,0.5,uniform,1.0,0.2734832000699913,0.07479306072052289,ok
v2e_vs_real,original,986000,987000,8146,0,75,0.5,uniform,1.0,0.27899462851385454,0.07783800273958369,ok
v2e_vs_real,original,987000,988000,8206,0,75,0.5,uniform,1.0,0.2799777402930244,0.07838753505958823,ok
v2e_vs_real,original,988000,989000,8191,0,75,0.5,uniform,1.0,0.2799789731031156,0.07838822537987511,ok
v2e_vs_real,original,989000,990000,8149,0,75,0.5,uniform,1.0,0.28354298357769875,0.08039662353614313,ok
v2e_vs_real,original,990000,991000,4128,0,75,0.5,uniform,1.0,0.2894764003692453,0.08379658637073562,ok
v2e_vs_real,original,991000,992000,8289,0,75,0.5,uniform,1.0,0.2842035096302114,0.08077163488612965,ok
v2e_vs_real,original,992000,993000,8400,0,75,0.5,uniform,1.0,0.28161709525671297,0.07930818834082853,ok
v2e_vs_real,original,993000,994000,8244,0,75,0.5,uniform,1.0,0.28069836654984565,0.0787915729837515,ok
v2e_vs_real,original,994000,995000,8208,0,75,0.5,uniform,1.0,0.27468641059240445,0.075452624164139,ok
v2e_vs_real,original,995000,996000,4179,0,75,0.5,uniform,1.0,0.26880031297822277,0.07225360825719052,ok
v2e_vs_real,original,996000,997000,8270,0,75,0.5,uniform,1.0,0.25283460626945053,0.06392533812742807,ok
v2e_vs_real,original,997000,998000,8203,0,75,0.5,uniform,1.0,0.2523627213917603,0.06368694314825524,ok
v2e_vs_real,original,998000,999000,8417,0,75,0.5,uniform,1.0,0.22815761534542853,0.05205589744011252,ok
v2e_vs_real,original,999000,1000000,8743,0,75,0.5,uniform,1.0,0.22201537345223474,0.04929082604913526,ok
v2e_vs_real,original,1000000,1001000,4262,0,75,0.5,uniform,1.0,0.2198248655184642,0.048322971500210865,ok
v2e_vs_real,original,1001000,1002000,8632,0,75,0.5,uniform,1.0,0.2176406630920604,0.04736745823115174,ok
v2e_vs_real,original,1002000,1003000,8466,0,75,0.5,uniform,1.0,0.2165128835964626,0.04687782876325536,ok
v2e_vs_real,original,1003000,1004000,8467,0,75,0.5,uniform,1.0,0.21495849176968537,0.0462071531838979,ok
v2e_vs_real,original,1004000,1005000,8383,0,75,0.5,uniform,1.0,0.218533587431982,0.04775692883589172,ok
v2e_vs_real,original,1005000,1006000,4230,0,75,0.5,uniform,1.0,0.2179921884538355,0.04752059422689253,ok
v2e_vs_real,original,1006000,1007000,8405,0,75,0.5,uniform,1.0,0.2146188961066071,0.04606127056601861,ok
v2e_vs_real,original,1007000,1008000,8500,0,75,0.5,uniform,1.0,0.21261592346923683,0.04520553091267637,ok
v2e_vs_real,original,1008000,1009000,8360,0,75,0.5,uniform,1.0,0.21604410096212798,0.04667505356053414,ok
v2e_vs_real,original,1009000,1010000,8727,0,75,0.5,uniform,1.0,0.2078861416207491,0.043216647877962144,ok
v2e_vs_real,original,1010000,1011000,4400,0,75,0.5,uniform,1.0,0.2023196799830989,0.04093325290846356,ok
v2e_vs_real,original,1011000,1012000,8733,0,75,0.5,uniform,1.0,0.19113556667291667,0.036532804847376976,ok
v2e_vs_real,original,1012000,1013000,8979,0,75,0.5,uniform,1.0,0.17351101361357382,0.030106071845209803,ok
v2e_vs_real,original,1013000,1014000,9076,0,75,0.5,uniform,1.0,0.1546497170765829,0.023916534991867133,ok
v2e_vs_real,original,1014000,1015000,9780,0,75,0.5,uniform,1.0,0.1388754916403824,0.01928640217835792,ok
