comparison_set,variant,window_start,window_end,n_events,kernel_index,rbf_kernel_max_distance,rbf_kernel_target_similarity,weight_method,weight,mmd,mmd_squared,status
real_vs_real,original,16000,17000,1393,0,15,0.5,uniform,1.0,0.04335270726479785,0.0018794572271872562,ok
real_vs_real,original,17000,18000,1380,0,15,0.5,uniform,1.0,0.0383374892737341,0.0014697630838136772,ok
real_vs_real,original,18000,19000,1391,0,15,0.5,uniform,1.0,0.06116381659845784,0.0037410124608897866,ok
real_vs_real,original,19000,20000,1441,0,15,0.5,uniform,1.0,0.05049882142680425,0.002550130965496264,ok
real_vs_real,original,20000,21000,1400,0,15,0.5,uniform,1.0,0.059129705611285326,0.003496322085677267,ok
real_vs_real,original,21000,22000,1484,0,15,0.5,uniform,1.0,0.05488484559316105,0.00301234627578513,ok
real_vs_real,original,22000,23000,1420,0,15,0.5,uniform,1.0,0.05803594256147013,0.00336817062899826,ok
real_vs_real,original,23000,24000,1464,0,15,0.5,uniform,1.0,0.06508773972467458,0.004236413862466981,ok
real_vs_real,original,24000,25000,1422,0,15,0.5,uniform,1.0,0.07402617452882117,0.005479874515371491,ok
real_vs_real,original,25000,26000,1437,0,15,0.5,uniform,1.0,0.08052145204042738,0.006483704238698845,ok
real_vs_real,original,26000,27000,1461,0,15,0.5,uniform,1.0,0.08944945022643096,0.00800120414581075,ok
real_vs_real,original,27000,28000,1464,0,15,0.5,uniform,1.0,0.09442960784059677,0.008916950836928894,ok
real_vs_real,original,28000,29000,1395,0,15,0.5,uniform,1.0,0.09595353561322437,0.009207080996678316,ok
real_vs_real,original,29000,30000,1535,0,15,0.5,uniform,1.0,0.10377477489593649,0.01076920390470229,ok
real_vs_real,original,30000,31000,1471,0,15,0.5,uniform,1.0,0.10305983416762375,0.010621329418658107,ok
real_vs_real,original,31000,32000,1518,0,15,0.5,uniform,1.0,0.11000243814892445,0.01210053639870795,ok
real_vs_real,original,32000,33000,1454,0,15,0.5,uniform,1.0,0.11963195753554563,0.014311805263786594,ok
real_vs_real,original,33000,34000,1454,0,15,0.5,uniform,1.0,0.12453188124854032,0.01550818944730055,ok
real_vs_real,original,34000,35000,1436,0,15,0.5,uniform,1.0,0.1330376212844858,0.017699008677034264,ok
real_vs_real,original,35000,36000,1491,0,15,0.5,uniform,1.0,0.13514045040973108,0.018262941336944984,ok
real_vs_real,original,36000,37000,1450,0,15,0.5,uniform,1.0,0.14147585663218243,0.02001541800980984,ok
real_vs_real,original,37000,38000,1525,0,15,0.5,uniform,1.0,0.14577138059470107,0.021249295400485195,ok
real_vs_real,original,38000,39000,1480,0,15,0.5,uniform,1.0,0.14580545557080166,0.021259230874209015,ok
real_vs_real,original,39000,40000,1500,0,15,0.5,uniform,1.0,0.1534709854592231,0.023553343377825067,ok
real_vs_real,original,40000,41000,1460,0,15,0.5,uniform,1.0,0.15937813533129086,0.025401390021679265,ok
real_vs_real,original,41000,42000,1410,0,15,0.5,uniform,1.0,0.16056775385096442,0.0257820035767439,ok
real_vs_real,original,42000,43000,1495,0,15,0.5,uniform,1.0,0.16998622820252585,0.028895317778521196,ok
real_vs_real,original,43000,44000,1441,0,15,0.5,uniform,1.0,0.17827162841422803,0.03178077349746059,ok
real_vs_real,original,44000,45000,1482,0,15,0.5,uniform,1.0,0.17664855680799435,0.03120471262234721,ok
real_vs_real,original,45000,46000,1530,0,15,0.5,uniform,1.0,0.17815956420833515,0.031740830318903894,ok
real_vs_real,original,46000,47000,1479,0,15,0.5,uniform,1.0,0.18588662789646432,0.03455383843071859,ok
real_vs_real,original,47000,48000,1498,0,15,0.5,uniform,1.0,0.18745201138946962,0.035138256573957846,ok
real_vs_real,original,48000,49000,1482,0,15,0.5,uniform,1.0,0.18598563515970382,0.03459065648575845,ok
real_vs_real,original,49000,50000,1498,0,15,0.5,uniform,1.0,0.19728492059738645,0.03892133989511708,ok
real_vs_real,original,50000,51000,1468,0,15,0.5,uniform,1.0,0.20057514125140374,0.04023038728802056,ok
real_vs_real,original,51000,52000,1438,0,15,0.5,uniform,1.0,0.2103078002958013,0.04422937086525864,ok
real_vs_real,original,52000,53000,1524,0,15,0.5,uniform,1.0,0.21011240443913645,0.04414722249919525,ok
real_vs_real,original,53000,54000,1532,0,15,0.5,uniform,1.0,0.2058999212616471,0.04239477757555248,ok
real_vs_real,original,54000,55000,1456,0,15,0.5,uniform,1.0,0.2110442791876463,0.044539687777833195,ok
real_vs_real,original,55000,56000,1443,0,15,0.5,uniform,1.0,0.2149881893484862,0.046219921559340564,ok
real_vs_real,original,56000,57000,1488,0,15,0.5,uniform,1.0,0.2184645616230384,0.04772676468514634,ok
real_vs_real,original,57000,58000,1542,0,15,0.5,uniform,1.0,0.21818298473958658,0.04760381482987468,ok
real_vs_real,original,58000,59000,1485,0,15,0.5,uniform,1.0,0.21927478954998048,0.04808143333218822,ok
real_vs_real,original,59000,60000,1469,0,15,0.5,uniform,1.0,0.22582720021507613,0.05099792435698008,ok
real_vs_real,original,60000,61000,1519,0,15,0.5,uniform,1.0,0.22602957158218734,0.05108936722962715,ok
real_vs_real,original,61000,62000,1546,0,15,0.5,uniform,1.0,0.2270517861554274,0.051552513596369934,ok
real_vs_real,original,62000,63000,1495,0,15,0.5,uniform,1.0,0.23323352877651057,0.05439787894554338,ok
real_vs_real,original,63000,64000,1439,0,15,0.5,uniform,1.0,0.2299537638677283,0.05287873351693495,ok
real_vs_real,original,64000,65000,1540,0,15,0.5,uniform,1.0,0.2333850364191267,0.0544685752243571,ok
real_vs_real,original,65000,66000,1529,0,15,0.5,uniform,1.0,0.2361603993109864,0.05577173420272455,ok
real_vs_real,original,66000,67000,1511,0,15,0.5,uniform,1.0,0.23586038609767937,0.05563012173014638,ok
real_vs_real,original,67000,68000,1456,0,15,0.5,uniform,1.0,0.24362236112677207,0.05935185484098334,ok
real_vs_real,original,68000,69000,1511,0,15,0.5,uniform,1.0,0.240871428944548,0.05801904528178844,ok
real_vs_real,original,69000,70000,1471,0,15,0.5,uniform,1.0,0.24029481819537538,0.0577415996515485,ok
real_vs_real,original,70000,71000,1532,0,15,0.5,uniform,1.0,0.23946880413755597,0.05734530815507114,ok
real_vs_real,original,71000,72000,1488,0,15,0.5,uniform,1.0,0.24458744329489554,0.05982301741753374,ok
real_vs_real,original,72000,73000,1454,0,15,0.5,uniform,1.0,0.2476246167887714,0.06131795083978588,ok
real_vs_real,original,73000,74000,1509,0,15,0.5,uniform,1.0,0.24831090278804566,0.06165830444341426,ok
real_vs_real,original,74000,75000,1493,0,15,0.5,uniform,1.0,0.2443928343626288,0.05972785748779932,ok
real_vs_real,original,75000,76000,1471,0,15,0.5,uniform,1.0,0.24678111765060046,0.06090092002887951,ok
real_vs_real,original,76000,77000,1495,0,15,0.5,uniform,1.0,0.250465580650293,0.06273300709048843,ok
real_vs_real,original,77000,78000,1470,0,15,0.5,uniform,1.0,0.2530553917640806,0.06403703130087232,ok
real_vs_real,original,78000,79000,1599,0,15,0.5,uniform,1.0,0.25091906643494083,0.06296037790058225,ok
real_vs_real,original,79000,80000,1498,0,15,0.5,uniform,1.0,0.2484962525696967,0.06175038754118249,ok
real_vs_real,original,80000,81000,1463,0,15,0.5,uniform,1.0,0.2574955538633719,0.06630396025940466,ok
real_vs_real,original,81000,82000,1481,0,15,0.5,uniform,1.0,0.25162860405072707,0.06331695437651758,ok
real_vs_real,original,82000,83000,1512,0,15,0.5,uniform,1.0,0.25545582164986935,0.06525767681480985,ok
real_vs_real,original,83000,84000,1500,0,15,0.5,uniform,1.0,0.25275999328843773,0.06388761420717108,ok
real_vs_real,original,84000,85000,1494,0,15,0.5,uniform,1.0,0.2554992990968503,0.06527989183898177,ok
real_vs_real,original,85000,86000,1381,0,15,0.5,uniform,1.0,0.25706161590376797,0.06608067437105633,ok
real_vs_real,original,86000,87000,1526,0,15,0.5,uniform,1.0,0.25188809861665473,0.06344761422471358,ok
real_vs_real,original,87000,88000,1488,0,15,0.5,uniform,1.0,0.2500069125773598,0.06250345633646362,ok
real_vs_real,original,88000,89000,1480,0,15,0.5,uniform,1.0,0.2528747420610599,0.06394563517244758,ok
real_vs_real,original,89000,90000,1437,0,15,0.5,uniform,1.0,0.25370390217791877,0.06436566998030298,ok
real_vs_real,original,90000,91000,1386,0,15,0.5,uniform,1.0,0.2549925563207848,0.06502120377900861,ok
real_vs_real,original,91000,92000,1493,0,15,0.5,uniform,1.0,0.25874949387369545,0.06695130057989357,ok
real_vs_real,original,92000,93000,1402,0,15,0.5,uniform,1.0,0.25894654728809563,0.06705331435242595,ok
real_vs_real,original,93000,94000,1365,0,15,0.5,uniform,1.0,0.2614021577598351,0.06833108808149771,ok
real_vs_real,original,94000,95000,1443,0,15,0.5,uniform,1.0,0.25895302395498043,0.06705666861542867,ok
real_vs_real,original,95000,96000,1381,0,15,0.5,uniform,1.0,0.25925243756088734,0.0672118263812618,ok
real_vs_real,original,96000,97000,1378,0,15,0.5,uniform,1.0,0.2615584493737875,0.06841282243882017,ok
real_vs_real,original,97000,98000,1384,0,15,0.5,uniform,1.0,0.26661387705956596,0.07108295944073334,ok
real_vs_real,original,98000,99000,1332,0,15,0.5,uniform,1.0,0.2590618329620283,0.06711303329764584,ok
real_vs_real,original,99000,100000,1399,0,15,0.5,uniform,1.0,0.259790031722957,0.067490860582615,ok
real_vs_real,original,100000,101000,1389,0,15,0.5,uniform,1.0,0.2609935309076645,0.06811762317565,ok
real_vs_real,original,101000,102000,1406,0,15,0.5,uniform,1.0,0.2615415096368228,0.06840396126310828,ok
real_vs_real,original,102000,103000,1367,0,15,0.5,uniform,1.0,0.26085798317468967,0.06804688738596668,ok
real_vs_real,original,103000,104000,1419,0,15,0.5,uniform,1.0,0.2624267592788836,0.06886780398561711,ok
real_vs_real,original,104000,105000,1388,0,15,0.5,uniform,1.0,0.2615819850022692,0.06842513487772738,ok
real_vs_real,original,105000,106000,1380,0,15,0.5,uniform,1.0,0.2611238218470604,0.06818565033601534,ok
real_vs_real,original,106000,107000,1323,0,15,0.5,uniform,1.0,0.26434082612501625,0.06987607235645607,ok
real_vs_real,original,107000,108000,1399,0,15,0.5,uniform,1.0,0.26935851698137764,0.0725540106704071,ok
real_vs_real,original,108000,109000,1356,0,15,0.5,uniform,1.0,0.26387244732815435,0.06962866845894959,ok
real_vs_real,original,109000,110000,1381,0,15,0.5,uniform,1.0,0.26279493526327835,0.06906117800003067,ok
real_vs_real,original,110000,111000,1365,0,15,0.5,uniform,1.0,0.26456364036523466,0.06999391980330522,ok
real_vs_real,original,111000,112000,1361,0,15,0.5,uniform,1.0,0.26623120878117873,0.07087905652908759,ok
real_vs_real,original,112000,113000,1348,0,15,0.5,uniform,1.0,0.26281045900396305,0.06906933736187375,ok
real_vs_real,original,113000,114000,1379,0,15,0.5,uniform,1.0,0.2647794463839937,0.07010815522741419,ok
real_vs_real,original,114000,115000,1345,0,15,0.5,uniform,1.0,0.26866573938331983,0.07218127951838593,ok
real_vs_real,original,115000,116000,1392,0,15,0.5,uniform,1.0,0.2651942916799202,0.07032801233961458,ok
real_vs_real,original,116000,117000,1395,0,15,0.5,uniform,1.0,0.26452671736772926,0.06997438420134651,ok
real_vs_real,original,117000,118000,1341,0,15,0.5,uniform,1.0,0.26337213753838407,0.0693648828315375,ok
real_vs_real,original,118000,119000,1376,0,15,0.5,uniform,1.0,0.26506170374936283,0.070257706794515,ok
real_vs_real,original,119000,120000,1395,0,15,0.5,uniform,1.0,0.2644523077349065,0.06993502306631769,ok
real_vs_real,original,120000,121000,1404,0,15,0.5,uniform,1.0,0.26193838284753634,0.06861171640878251,ok
real_vs_real,original,121000,122000,1341,0,15,0.5,uniform,1.0,0.2686643506964065,0.0721805333351217,ok
real_vs_real,original,122000,123000,1365,0,15,0.5,uniform,1.0,0.26369966939739803,0.069537515640297,ok
real_vs_real,original,123000,124000,1456,0,15,0.5,uniform,1.0,0.26615991845522163,0.07084110219209024,ok
real_vs_real,original,124000,125000,1420,0,15,0.5,uniform,1.0,0.26240351885680063,0.06885560670843133,ok
real_vs_real,original,125000,126000,1396,0,15,0.5,uniform,1.0,0.26999904671555724,0.07289948522730967,ok
real_vs_real,original,126000,127000,1355,0,15,0.5,uniform,1.0,0.26577988870025926,0.07063894923752219,ok
real_vs_real,original,127000,128000,1346,0,15,0.5,uniform,1.0,0.2670878886014919,0.07133594023760295,ok
real_vs_real,original,128000,129000,1405,0,15,0.5,uniform,1.0,0.26298959634230573,0.06916352778428891,ok
real_vs_real,original,129000,130000,1417,0,15,0.5,uniform,1.0,0.26393462514834204,0.06966148635219582,ok
real_vs_real,original,130000,131000,1335,0,15,0.5,uniform,1.0,0.26904952149517347,0.07238764501678183,ok
real_vs_real,original,131000,132000,1377,0,15,0.5,uniform,1.0,0.2633172615800954,0.06933598024604039,ok
real_vs_real,original,132000,133000,1416,0,15,0.5,uniform,1.0,0.2637096325961831,0.06954277032401386,ok
real_vs_real,original,133000,134000,1381,0,15,0.5,uniform,1.0,0.2666765107739453,0.07111636139856614,ok
real_vs_real,original,134000,135000,1336,0,15,0.5,uniform,1.0,0.27103149897666956,0.07345807343754042,ok
real_vs_real,original,135000,136000,1335,0,15,0.5,uniform,1.0,0.26898529688497136,0.07235308994029618,ok
real_vs_real,original,136000,137000,1346,0,15,0.5,uniform,1.0,0.26799626525228154,0.07182199818917125,ok
real_vs_real,original,137000,138000,1328,0,15,0.5,uniform,1.0,0.26757174028349673,0.07159463619833903,ok
real_vs_real,original,138000,139000,1337,0,15,0.5,uniform,1.0,0.2686837684019703,0.07219096740268359,ok
real_vs_real,original,139000,140000,1383,0,15,0.5,uniform,1.0,0.271051905614707,0.07346913553736402,ok
real_vs_real,original,140000,141000,1322,0,15,0.5,uniform,1.0,0.2668519986503781,0.0712099891837014,ok
real_vs_real,original,141000,142000,1326,0,15,0.5,uniform,1.0,0.2711491052225491,0.07352183726298901,ok
real_vs_real,original,142000,143000,1290,0,15,0.5,uniform,1.0,0.2695299825054677,0.07264641146939775,ok
real_vs_real,original,143000,144000,1358,0,15,0.5,uniform,1.0,0.27186264187165243,0.07390929604543435,ok
real_vs_real,original,144000,145000,1380,0,15,0.5,uniform,1.0,0.27180880858184037,0.07388002842267954,ok
real_vs_real,original,145000,146000,1356,0,15,0.5,uniform,1.0,0.26977992255826033,0.07278120661554095,ok
real_vs_real,original,146000,147000,1348,0,15,0.5,uniform,1.0,0.2671686512263905,0.07137908819812867,ok
real_vs_real,original,147000,148000,1364,0,15,0.5,uniform,1.0,0.2732286497256593,0.07465389503090702,ok
real_vs_real,original,148000,149000,1322,0,15,0.5,uniform,1.0,0.27339018620760047,0.07474219391462647,ok
real_vs_real,original,149000,150000,1312,0,15,0.5,uniform,1.0,0.26913970838907203,0.07243618263175472,ok
real_vs_real,original,150000,151000,1347,0,15,0.5,uniform,1.0,0.27130622381170705,0.07360706707896807,ok
real_vs_real,original,151000,152000,1291,0,15,0.5,uniform,1.0,0.2719302218251252,0.07394604554186182,ok
real_vs_real,original,152000,153000,1285,0,15,0.5,uniform,1.0,0.2718119345334006,0.07388172775478966,ok
real_vs_real,original,153000,154000,1397,0,15,0.5,uniform,1.0,0.26798638286310716,0.07181670140005185,ok
real_vs_real,original,154000,155000,1353,0,15,0.5,uniform,1.0,0.26774938557910877,0.07168973347799026,ok
real_vs_real,original,155000,156000,1343,0,15,0.5,uniform,1.0,0.26829327418191645,0.07198128097125299,ok
real_vs_real,original,156000,157000,1328,0,15,0.5,uniform,1.0,0.27469483146348933,0.07545725043275482,ok
real_vs_real,original,157000,158000,1312,0,15,0.5,uniform,1.0,0.2686978525250907,0.07219853595159541,ok
real_vs_real,original,158000,159000,1265,0,15,0.5,uniform,1.0,0.27221068472765325,0.07409865687989782,ok
real_vs_real,original,159000,160000,1294,0,15,0.5,uniform,1.0,0.27727096762806364,0.07687918948940271,ok
real_vs_real,original,160000,161000,1260,0,15,0.5,uniform,1.0,0.27453979662520905,0.07537209993101116,ok
real_vs_real,original,161000,162000,1354,0,15,0.5,uniform,1.0,0.27147405384384843,0.07369816191041273,ok
real_vs_real,original,162000,163000,1301,0,15,0.5,uniform,1.0,0.2656762067998338,0.07058384685954805,ok
real_vs_real,original,163000,164000,1308,0,15,0.5,uniform,1.0,0.27113544289474906,0.07351442839373172,ok
real_vs_real,original,164000,165000,1312,0,15,0.5,uniform,1.0,0.26870707772325353,0.0722034936185706,ok
real_vs_real,original,165000,166000,1371,0,15,0.5,uniform,1.0,0.26676613991410736,0.0711641734046731,ok
real_vs_real,original,166000,167000,1341,0,15,0.5,uniform,1.0,0.2675103410990924,0.07156178259495276,ok
real_vs_real,original,167000,168000,1266,0,15,0.5,uniform,1.0,0.2767528704119984,0.0765921512812804,ok
real_vs_real,original,168000,169000,1358,0,15,0.5,uniform,1.0,0.2696800641121071,0.0727273369795102,ok
real_vs_real,original,169000,170000,1246,0,15,0.5,uniform,1.0,0.27094844631107845,0.07341306055838735,ok
real_vs_real,original,170000,171000,1352,0,15,0.5,uniform,1.0,0.26800251805387615,0.07182534968321821,ok
real_vs_real,original,171000,172000,1345,0,15,0.5,uniform,1.0,0.2709008314650653,0.0733872604884637,ok
real_vs_real,original,172000,173000,1248,0,15,0.5,uniform,1.0,0.27405074678460095,0.07510381181319747,ok
real_vs_real,original,173000,174000,1295,0,15,0.5,uniform,1.0,0.2741720039620294,0.07517028775655506,ok
real_vs_real,original,174000,175000,1318,0,15,0.5,uniform,1.0,0.2702434971269378,0.07303154773939723,ok
real_vs_real,original,175000,176000,1286,0,15,0.5,uniform,1.0,0.27257741480815345,0.07429844706349616,ok
real_vs_real,original,176000,177000,1202,0,15,0.5,uniform,1.0,0.27713111269868723,0.07680165362561248,ok
real_vs_real,original,177000,178000,1258,0,15,0.5,uniform,1.0,0.2750676251940853,0.07566219842991377,ok
real_vs_real,original,178000,179000,1268,0,15,0.5,uniform,1.0,0.2731062285411839,0.07458701206798937,ok
real_vs_real,original,179000,180000,1259,0,15,0.5,uniform,1.0,0.2745900813176529,0.07539971275803524,ok
real_vs_real,original,180000,181000,1322,0,15,0.5,uniform,1.0,0.2745887679624755,0.07539899149115022,ok
real_vs_real,original,181000,182000,1231,0,15,0.5,uniform,1.0,0.27694855502685,0.07670050213146015,ok
real_vs_real,original,182000,183000,1261,0,15,0.5,uniform,1.0,0.27439522261163246,0.07529273819208733,ok
real_vs_real,original,183000,184000,1171,0,15,0.5,uniform,1.0,0.2782552845186752,0.07742600336256888,ok
real_vs_real,original,184000,185000,1215,0,15,0.5,uniform,1.0,0.27810271119996016,0.07734111797676846,ok
real_vs_real,original,185000,186000,1224,0,15,0.5,uniform,1.0,0.2768282317925926,0.07663386991741336,ok
real_vs_real,original,186000,187000,1176,0,15,0.5,uniform,1.0,0.2746510273600617,0.07543318682993737,ok
real_vs_real,original,187000,188000,1251,0,15,0.5,uniform,1.0,0.27806043586279633,0.07731760599220827,ok
real_vs_real,original,188000,189000,1237,0,15,0.5,uniform,1.0,0.27638642597778,0.07638945646477088,ok
real_vs_real,original,189000,190000,1269,0,15,0.5,uniform,1.0,0.2752230654749697,0.07574773576943948,ok
real_vs_real,original,190000,191000,1151,0,15,0.5,uniform,1.0,0.27723142753613267,0.07685726441372198,ok
real_vs_real,original,191000,192000,1249,0,15,0.5,uniform,1.0,0.27545349012538695,0.07587462522225664,ok
real_vs_real,original,192000,193000,1135,0,15,0.5,uniform,1.0,0.27595802319690166,0.0761528305667417,ok
real_vs_real,original,193000,194000,1070,0,15,0.5,uniform,1.0,0.2751399664156356,0.07570200111919707,ok
real_vs_real,original,194000,195000,1142,0,15,0.5,uniform,1.0,0.2783704663623163,0.07749011654277349,ok
real_vs_real,original,195000,196000,1138,0,15,0.5,uniform,1.0,0.2697559170387598,0.07276825477742224,ok
real_vs_real,original,196000,197000,1155,0,15,0.5,uniform,1.0,0.27314085992672726,0.07460592936151204,ok
real_vs_real,original,197000,198000,1123,0,15,0.5,uniform,1.0,0.2844214936800765,0.08089558606720582,ok
real_vs_real,original,198000,199000,1060,0,15,0.5,uniform,1.0,0.28062338473479237,0.0787494840600113,ok
real_vs_real,original,199000,200000,1131,0,15,0.5,uniform,1.0,0.2779754530680768,0.07727035250840256,ok
real_vs_real,original,200000,201000,1013,0,15,0.5,uniform,1.0,0.2749842725757692,0.07561635016402493,ok
real_vs_real,original,201000,202000,1015,0,15,0.5,uniform,1.0,0.2748335952025782,0.07553350505197462,ok
real_vs_real,original,202000,203000,966,0,15,0.5,uniform,1.0,0.2726861984871102,0.07435776284535166,ok
real_vs_real,original,203000,204000,952,0,15,0.5,uniform,1.0,0.2654809226988039,0.0704801203170083,ok
real_vs_real,original,204000,205000,1011,0,15,0.5,uniform,1.0,0.2737879846561038,0.07495986054205094,ok
real_vs_real,original,205000,206000,961,0,15,0.5,uniform,1.0,0.28921696751161297,0.08364645429661338,ok
real_vs_real,original,206000,207000,977,0,15,0.5,uniform,1.0,0.2778648615977351,0.07720888131072849,ok
real_vs_real,original,207000,208000,955,0,15,0.5,uniform,1.0,0.2834272318700011,0.08033099576549137,ok
real_vs_real,original,208000,209000,854,0,15,0.5,uniform,1.0,0.27430388559940816,0.07524262165493319,ok
real_vs_real,original,209000,210000,827,0,15,0.5,uniform,1.0,0.27633581805182805,0.07636148433837303,ok
real_vs_real,original,210000,211000,875,0,15,0.5,uniform,1.0,0.27813661088103536,0.07735997431238849,ok
real_vs_real,original,211000,212000,874,0,15,0.5,uniform,1.0,0.27096452415317374,0.07342177334955588,ok
real_vs_real,original,212000,213000,877,0,15,0.5,uniform,1.0,0.27202743176123123,0.07399892363061132,ok
real_vs_real,original,213000,214000,923,0,15,0.5,uniform,1.0,0.2823994625970417,0.07974945647509794,ok
real_vs_real,original,214000,215000,893,0,15,0.5,uniform,1.0,0.2864145616684185,0.0820333011357123,ok
real_vs_real,original,215000,216000,926,0,15,0.5,uniform,1.0,0.2878531342455848,0.08285942689500665,ok
real_vs_real,original,216000,217000,922,0,15,0.5,uniform,1.0,0.28850362105122423,0.08323433935966838,ok
real_vs_real,original,217000,218000,837,0,15,0.5,uniform,1.0,0.2756598358972331,0.07598834512688948,ok
real_vs_real,original,218000,219000,850,0,15,0.5,uniform,1.0,0.2737318204627682,0.07492910953386119,ok
real_vs_real,original,219000,220000,902,0,15,0.5,uniform,1.0,0.282818806545078,0.07998647733558226,ok
real_vs_real,original,220000,221000,846,0,15,0.5,uniform,1.0,0.26297236026205545,0.06915446226179629,ok
real_vs_real,original,221000,222000,955,0,15,0.5,uniform,1.0,0.27168624595238977,0.07381341623970243,ok
real_vs_real,original,222000,223000,959,0,15,0.5,uniform,1.0,0.28099848313791853,0.07896014752581108,ok
real_vs_real,original,223000,224000,954,0,15,0.5,uniform,1.0,0.28894887805608127,0.08349145412986811,ok
real_vs_real,original,224000,225000,884,0,15,0.5,uniform,1.0,0.28969982098720026,0.0839259862800159,ok
real_vs_real,original,225000,226000,848,0,15,0.5,uniform,1.0,0.27266809089637944,0.07434788779307623,ok
real_vs_real,original,226000,227000,838,0,15,0.5,uniform,1.0,0.274573409700516,0.07539055731456742,ok
real_vs_real,original,227000,228000,893,0,15,0.5,uniform,1.0,0.27430587161726533,0.07524371120370765,ok
real_vs_real,original,228000,229000,854,0,15,0.5,uniform,1.0,0.2760690701111362,0.07621413147202744,ok
real_vs_real,original,229000,230000,945,0,15,0.5,uniform,1.0,0.2806780217478385,0.0787801518922801,ok
real_vs_real,original,230000,231000,892,0,15,0.5,uniform,1.0,0.2861071191781165,0.08185728364440095,ok
real_vs_real,original,231000,232000,911,0,15,0.5,uniform,1.0,0.28429289267829794,0.08082244882739424,ok
real_vs_real,original,232000,233000,935,0,15,0.5,uniform,1.0,0.2894043662210574,0.0837548871878119,ok
real_vs_real,original,233000,234000,931,0,15,0.5,uniform,1.0,0.27560565129217635,0.0759584750241847,ok
real_vs_real,original,234000,235000,810,0,15,0.5,uniform,1.0,0.27862859226763204,0.07763389242904234,ok
real_vs_real,original,235000,236000,813,0,15,0.5,uniform,1.0,0.277632514392795,0.07707981304806553,ok
real_vs_real,original,236000,237000,859,0,15,0.5,uniform,1.0,0.27328586699109364,0.07468516509707374,ok
real_vs_real,original,237000,238000,921,0,15,0.5,uniform,1.0,0.26655664997165524,0.07105244764411153,ok
real_vs_real,original,238000,239000,921,0,15,0.5,uniform,1.0,0.2804599153716404,0.07865776413026768,ok
real_vs_real,original,239000,240000,923,0,15,0.5,uniform,1.0,0.2884428624867455,0.08319928491954759,ok
real_vs_real,original,240000,241000,971,0,15,0.5,uniform,1.0,0.2856579786162796,0.08160048074713885,ok
real_vs_real,original,241000,242000,917,0,15,0.5,uniform,1.0,0.28120610867556717,0.0790768755564549,ok
real_vs_real,original,242000,243000,891,0,15,0.5,uniform,1.0,0.2762141002514061,0.07629422917769382,ok
real_vs_real,original,243000,244000,861,0,15,0.5,uniform,1.0,0.2734985591234273,0.07480146184259086,ok
real_vs_real,original,244000,245000,885,0,15,0.5,uniform,1.0,0.2767802152951785,0.07660728757884537,ok
real_vs_real,original,245000,246000,930,0,15,0.5,uniform,1.0,0.2682254429696309,0.07194488825625474,ok
real_vs_real,original,246000,247000,929,0,15,0.5,uniform,1.0,0.28483233588390905,0.081129459565084,ok
real_vs_real,original,247000,248000,902,0,15,0.5,uniform,1.0,0.2842630144609526,0.08080546139042775,ok
real_vs_real,original,248000,249000,920,0,15,0.5,uniform,1.0,0.2843933372527987,0.0808795702737841,ok
real_vs_real,original,249000,250000,896,0,15,0.5,uniform,1.0,0.2903365124633218,0.08429529046936464,ok
real_vs_real,original,250000,251000,860,0,15,0.5,uniform,1.0,0.2903054414085916,0.08427724931143722,ok
real_vs_real,original,251000,252000,851,0,15,0.5,uniform,1.0,0.2736781551227793,0.07489973259140807,ok
real_vs_real,original,252000,253000,923,0,15,0.5,uniform,1.0,0.2792717174223756,0.0779926921520432,ok
real_vs_real,original,253000,254000,832,0,15,0.5,uniform,1.0,0.2662210731263737,0.07087365977655802,ok
real_vs_real,original,254000,255000,941,0,15,0.5,uniform,1.0,0.2864615047558381,0.08206019370697903,ok
real_vs_real,original,255000,256000,894,0,15,0.5,uniform,1.0,0.2908334865166796,0.08458411687944765,ok
real_vs_real,original,256000,257000,880,0,15,0.5,uniform,1.0,0.2909138982671786,0.08463089620500636,ok
real_vs_real,original,257000,258000,949,0,15,0.5,uniform,1.0,0.28196604584003376,0.07950485100666403,ok
real_vs_real,original,258000,259000,877,0,15,0.5,uniform,1.0,0.2809646982112653,0.07894116164094737,ok
real_vs_real,original,259000,260000,827,0,15,0.5,uniform,1.0,0.2817200644963048,0.07936619473980214,ok
real_vs_real,original,260000,261000,821,0,15,0.5,uniform,1.0,0.27858987105487115,0.07761231625436975,ok
real_vs_real,original,261000,262000,899,0,15,0.5,uniform,1.0,0.27941770729005644,0.07807425514723165,ok
real_vs_real,original,262000,263000,907,0,15,0.5,uniform,1.0,0.2772765762712729,0.076882299748719,ok
real_vs_real,original,263000,264000,981,0,15,0.5,uniform,1.0,0.28256296080033144,0.07984182681624964,ok
real_vs_real,original,264000,265000,956,0,15,0.5,uniform,1.0,0.28849428052074877,0.08322894989318448,ok
real_vs_real,original,265000,266000,879,0,15,0.5,uniform,1.0,0.2909551759973174,0.08465491443962994,ok
real_vs_real,original,266000,267000,862,0,15,0.5,uniform,1.0,0.28433527287975136,0.08084654740360266,ok
real_vs_real,original,267000,268000,871,0,15,0.5,uniform,1.0,0.27690455318442025,0.07667613157426342,ok
real_vs_real,original,268000,269000,831,0,15,0.5,uniform,1.0,0.2759224356611167,0.07613319050116309,ok
real_vs_real,original,269000,270000,896,0,15,0.5,uniform,1.0,0.27302960778101687,0.07454516672505591,ok
real_vs_real,original,270000,271000,855,0,15,0.5,uniform,1.0,0.26846731627911036,0.07207469991010787,ok
real_vs_real,original,271000,272000,957,0,15,0.5,uniform,1.0,0.2838810082452344,0.08058842684233082,ok
real_vs_real,original,272000,273000,903,0,15,0.5,uniform,1.0,0.2854996678394939,0.08151006033646133,ok
real_vs_real,original,273000,274000,958,0,15,0.5,uniform,1.0,0.2892958836970686,0.08369210832406783,ok
real_vs_real,original,274000,275000,876,0,15,0.5,uniform,1.0,0.29451912775468986,0.08674151661338332,ok
real_vs_real,original,275000,276000,863,0,15,0.5,uniform,1.0,0.28524957352880514,0.08136731919836522,ok
real_vs_real,original,276000,277000,814,0,15,0.5,uniform,1.0,0.2813141888428213,0.07913767284429452,ok
real_vs_real,original,277000,278000,870,0,15,0.5,uniform,1.0,0.2792763774358865,0.07799529499371174,ok
real_vs_real,original,278000,279000,923,0,15,0.5,uniform,1.0,0.2729314165175074,0.07449155812225311,ok
real_vs_real,original,279000,280000,964,0,15,0.5,uniform,1.0,0.2764972785665923,0.07645074505473175,ok
real_vs_real,original,280000,281000,972,0,15,0.5,uniform,1.0,0.2811569834030252,0.07904924931628898,ok
real_vs_real,original,281000,282000,998,0,15,0.5,uniform,1.0,0.28276284306058974,0.07995482541570771,ok
real_vs_real,original,282000,283000,952,0,15,0.5,uniform,1.0,0.28217279785285077,0.07962148784810578,ok
real_vs_real,original,283000,284000,1077,0,15,0.5,uniform,1.0,0.2781348094968373,0.07735897225384196,ok
real_vs_real,original,284000,285000,1013,0,15,0.5,uniform,1.0,0.27148348080391727,0.07370328034941091,ok
real_vs_real,original,285000,286000,1076,0,15,0.5,uniform,1.0,0.2773145766935244,0.07690337444670862,ok
real_vs_real,original,286000,287000,1080,0,15,0.5,uniform,1.0,0.27304976005068976,0.07455617146373925,ok
real_vs_real,original,287000,288000,1120,0,15,0.5,uniform,1.0,0.2767160498056551,0.0765717722200458,ok
real_vs_real,original,288000,289000,1158,0,15,0.5,uniform,1.0,0.2786417008700048,0.07764119746372923,ok
real_vs_real,original,289000,290000,1130,0,15,0.5,uniform,1.0,0.2834606940401828,0.08034996506574214,ok
real_vs_real,original,290000,291000,1187,0,15,0.5,uniform,1.0,0.2765090762791509,0.07645726926474929,ok
real_vs_real,original,291000,292000,1160,0,15,0.5,uniform,1.0,0.28233232764116284,0.07971154323127691,ok
real_vs_real,original,292000,293000,1159,0,15,0.5,uniform,1.0,0.27358938541238254,0.07485115181032519,ok
real_vs_real,original,293000,294000,1163,0,15,0.5,uniform,1.0,0.27712141724471717,0.07679627989572063,ok
real_vs_real,original,294000,295000,1233,0,15,0.5,uniform,1.0,0.2731558444128301,0.07461411533688625,ok
real_vs_real,original,295000,296000,1257,0,15,0.5,uniform,1.0,0.27493105594208983,0.07558708552143253,ok
real_vs_real,original,296000,297000,1275,0,15,0.5,uniform,1.0,0.26843095067859984,0.07205517528221689,ok
real_vs_real,original,297000,298000,1205,0,15,0.5,uniform,1.0,0.2770584038193994,0.07676135912695338,ok
real_vs_real,original,298000,299000,1264,0,15,0.5,uniform,1.0,0.27875884532492406,0.07770649384688494,ok
real_vs_real,original,299000,300000,1274,0,15,0.5,uniform,1.0,0.27143545277140935,0.07367720502122001,ok
real_vs_real,original,300000,301000,1243,0,15,0.5,uniform,1.0,0.27548349105241066,0.07589115384242362,ok
real_vs_real,original,301000,302000,1298,0,15,0.5,uniform,1.0,0.2751391608725976,0.07570155784567716,ok
real_vs_real,original,302000,303000,1283,0,15,0.5,uniform,1.0,0.27476069477537707,0.07549343939344792,ok
real_vs_real,original,303000,304000,1335,0,15,0.5,uniform,1.0,0.2701236345786777,0.07296677795799501,ok
real_vs_real,original,304000,305000,1248,0,15,0.5,uniform,1.0,0.27018472864014037,0.07299978759034628,ok
real_vs_real,original,305000,306000,1329,0,15,0.5,uniform,1.0,0.2718647885165314,0.07391046323513834,ok
real_vs_real,original,306000,307000,1333,0,15,0.5,uniform,1.0,0.27655874813457204,0.07648474116976164,ok
real_vs_real,original,307000,308000,1305,0,15,0.5,uniform,1.0,0.27268349841698664,0.07435629030892676,ok
real_vs_real,original,308000,309000,1321,0,15,0.5,uniform,1.0,0.27248170231764585,0.07424627809792216,ok
real_vs_real,original,309000,310000,1338,0,15,0.5,uniform,1.0,0.2680554488791403,0.0718537236737974,ok
real_vs_real,original,310000,311000,1293,0,15,0.5,uniform,1.0,0.2730280470004942,0.07454431444890408,ok
real_vs_real,original,311000,312000,1439,0,15,0.5,uniform,1.0,0.2716343982529365,0.07378524631423493,ok
real_vs_real,original,312000,313000,1388,0,15,0.5,uniform,1.0,0.2711283865540302,0.07351060199539164,ok
real_vs_real,original,313000,314000,1349,0,15,0.5,uniform,1.0,0.2698151538645564,0.07280021725495425,ok
real_vs_real,original,314000,315000,1380,0,15,0.5,uniform,1.0,0.2740521981149792,0.0751046072916518,ok
real_vs_real,original,315000,316000,1357,0,15,0.5,uniform,1.0,0.2738540513738821,0.07499604145388884,ok
real_vs_real,original,316000,317000,1361,0,15,0.5,uniform,1.0,0.2713654159527149,0.07363918897518996,ok
real_vs_real,original,317000,318000,1367,0,15,0.5,uniform,1.0,0.2696275685710157,0.07269902573351779,ok
real_vs_real,original,318000,319000,1404,0,15,0.5,uniform,1.0,0.27175073294454094,0.0738484608558952,ok
real_vs_real,original,319000,320000,1398,0,15,0.5,uniform,1.0,0.26749925031969607,0.07155584892159941,ok
real_vs_real,original,320000,321000,1468,0,15,0.5,uniform,1.0,0.2658694000543416,0.07068653788525556,ok
real_vs_real,original,321000,322000,1424,0,15,0.5,uniform,1.0,0.2715367229692886,0.07373219192090018,ok
real_vs_real,original,322000,323000,1411,0,15,0.5,uniform,1.0,0.2668371685726131,0.07120207453184914,ok
real_vs_real,original,323000,324000,1436,0,15,0.5,uniform,1.0,0.2684699547811428,0.07207611662018887,ok
real_vs_real,original,324000,325000,1352,0,15,0.5,uniform,1.0,0.27002338682335464,0.07291262943155502,ok
real_vs_real,original,325000,326000,1423,0,15,0.5,uniform,1.0,0.2685544093247517,0.0721214707677663,ok
real_vs_real,original,326000,327000,1479,0,15,0.5,uniform,1.0,0.2688240133096986,0.07226635013193299,ok
real_vs_real,original,327000,328000,1436,0,15,0.5,uniform,1.0,0.27026619061929114,0.07304381379186302,ok
real_vs_real,original,328000,329000,1435,0,15,0.5,uniform,1.0,0.269607319180399,0.07268810655564152,ok
real_vs_real,original,329000,330000,1489,0,15,0.5,uniform,1.0,0.2676796725128619,0.071652407076593,ok
real_vs_real,original,330000,331000,1430,0,15,0.5,uniform,1.0,0.2711950469645876,0.0735467534981249,ok
real_vs_real,original,331000,332000,1408,0,15,0.5,uniform,1.0,0.27297527876891625,0.07451550281896754,ok
real_vs_real,original,332000,333000,1428,0,15,0.5,uniform,1.0,0.26605602912422915,0.07078581063335267,ok
real_vs_real,original,333000,334000,1434,0,15,0.5,uniform,1.0,0.26790685822423504,0.07177408468358039,ok
real_vs_real,original,334000,335000,1503,0,15,0.5,uniform,1.0,0.2680757582897597,0.07186461218262967,ok
real_vs_real,original,335000,336000,1480,0,15,0.5,uniform,1.0,0.2679927381849264,0.07182010771985453,ok
real_vs_real,original,336000,337000,1501,0,15,0.5,uniform,1.0,0.268042491463952,0.07184677723020277,ok
real_vs_real,original,337000,338000,1508,0,15,0.5,uniform,1.0,0.26786804580859286,0.07175328996531441,ok
real_vs_real,original,338000,339000,1452,0,15,0.5,uniform,1.0,0.2711690412161984,0.07353264891411229,ok
real_vs_real,original,339000,340000,1430,0,15,0.5,uniform,1.0,0.2667119702142474,0.0711352750555656,ok
real_vs_real,original,340000,341000,1533,0,15,0.5,uniform,1.0,0.270558569575279,0.07320193957062109,ok
real_vs_real,original,341000,342000,1467,0,15,0.5,uniform,1.0,0.2665431298239752,0.07104524005636051,ok
real_vs_real,original,342000,343000,1483,0,15,0.5,uniform,1.0,0.2680351025631079,0.07184281620601579,ok
real_vs_real,original,343000,344000,1509,0,15,0.5,uniform,1.0,0.26860567958306064,0.07214901110427784,ok
real_vs_real,original,344000,345000,1528,0,15,0.5,uniform,1.0,0.2711887080764594,0.07354331538817913,ok
real_vs_real,original,345000,346000,1507,0,15,0.5,uniform,1.0,0.2659771881462221,0.07074386461417084,ok
real_vs_real,original,346000,347000,1503,0,15,0.5,uniform,1.0,0.2624799996241135,0.06889575020267463,ok
real_vs_real,original,347000,348000,1470,0,15,0.5,uniform,1.0,0.2697020435469161,0.07273919229338263,ok
real_vs_real,original,348000,349000,1466,0,15,0.5,uniform,1.0,0.2666767641938438,0.07111649656089897,ok
real_vs_real,original,349000,350000,1453,0,15,0.5,uniform,1.0,0.2698252232944646,0.0728056511259077,ok
real_vs_real,original,350000,351000,1507,0,15,0.5,uniform,1.0,0.2675304638336435,0.07157254907904442,ok
real_vs_real,original,351000,352000,1523,0,15,0.5,uniform,1.0,0.2673687037086231,0.07148602372282949,ok
real_vs_real,original,352000,353000,1523,0,15,0.5,uniform,1.0,0.27021549485138613,0.07301641365777947,ok
real_vs_real,original,353000,354000,1606,0,15,0.5,uniform,1.0,0.26364606229380666,0.0695092461630298,ok
real_vs_real,original,354000,355000,1636,0,15,0.5,uniform,1.0,0.26219861933025085,0.06874811597868981,ok
real_vs_real,original,355000,356000,1633,0,15,0.5,uniform,1.0,0.26545108837265124,0.07046428031822509,ok
real_vs_real,original,356000,357000,1576,0,15,0.5,uniform,1.0,0.2679904689486281,0.07181889144730559,ok
real_vs_real,original,357000,358000,1699,0,15,0.5,uniform,1.0,0.26402421387097147,0.06970878551018449,ok
real_vs_real,original,358000,359000,1685,0,15,0.5,uniform,1.0,0.26318486455796997,0.069266272932397,ok
real_vs_real,original,359000,360000,1694,0,15,0.5,uniform,1.0,0.26488580062036626,0.07016448737029242,ok
real_vs_real,original,360000,361000,1681,0,15,0.5,uniform,1.0,0.26435652458505315,0.0698843720906878,ok
real_vs_real,original,361000,362000,1708,0,15,0.5,uniform,1.0,0.2644649649839505,0.06994171770396215,ok
real_vs_real,original,362000,363000,1728,0,15,0.5,uniform,1.0,0.26321530348460276,0.06928229598849152,ok
real_vs_real,original,363000,364000,1638,0,15,0.5,uniform,1.0,0.266205812729236,0.07086553473083307,ok
real_vs_real,original,364000,365000,1681,0,15,0.5,uniform,1.0,0.26579875668678243,0.07064897905623937,ok
real_vs_real,original,365000,366000,1681,0,15,0.5,uniform,1.0,0.26646879994650985,0.0710056213449331,ok
real_vs_real,original,366000,367000,1661,0,15,0.5,uniform,1.0,0.2642180475682657,0.06981117666078633,ok
real_vs_real,original,367000,368000,1732,0,15,0.5,uniform,1.0,0.26606054948521274,0.07078821599237334,ok
real_vs_real,original,368000,369000,1707,0,15,0.5,uniform,1.0,0.2659164088311976,0.07071153648568061,ok
real_vs_real,original,369000,370000,1716,0,15,0.5,uniform,1.0,0.2656172709510868,0.07055253462750306,ok
real_vs_real,original,370000,371000,1758,0,15,0.5,uniform,1.0,0.2655867772334149,0.07053633624123155,ok
real_vs_real,original,371000,372000,1713,0,15,0.5,uniform,1.0,0.26392180353419936,0.06965471838074452,ok
real_vs_real,original,372000,373000,1760,0,15,0.5,uniform,1.0,0.26450135700408356,0.06996096785700165,ok
real_vs_real,original,373000,374000,1737,0,15,0.5,uniform,1.0,0.26446288289911135,0.0699406164313091,ok
real_vs_real,original,374000,375000,1692,0,15,0.5,uniform,1.0,0.26822366169388195,0.07194393269247402,ok
real_vs_real,original,375000,376000,1737,0,15,0.5,uniform,1.0,0.2664400854350867,0.07099031912665629,ok
real_vs_real,original,376000,377000,1689,0,15,0.5,uniform,1.0,0.2678032706641142,0.0717185917783968,ok
real_vs_real,original,377000,378000,1707,0,15,0.5,uniform,1.0,0.2669933979515152,0.07128547454969618,ok
real_vs_real,original,378000,379000,1760,0,15,0.5,uniform,1.0,0.26317715850949297,0.06926221676113078,ok
real_vs_real,original,379000,380000,1796,0,15,0.5,uniform,1.0,0.2641163186414735,0.06975742977272437,ok
real_vs_real,original,380000,381000,1758,0,15,0.5,uniform,1.0,0.2653767794414754,0.07042483506672949,ok
real_vs_real,original,381000,382000,1760,0,15,0.5,uniform,1.0,0.26554817818632653,0.07051583493807703,ok
real_vs_real,original,382000,383000,1783,0,15,0.5,uniform,1.0,0.26268453168870054,0.0690031631885119,ok
real_vs_real,original,383000,384000,1815,0,15,0.5,uniform,1.0,0.2644849107620229,0.06995226802079521,ok
real_vs_real,original,384000,385000,1750,0,15,0.5,uniform,1.0,0.26269193530819157,0.06900705287596309,ok
real_vs_real,original,385000,386000,1778,0,15,0.5,uniform,1.0,0.2630665250941109,0.06920399662509048,ok
real_vs_real,original,386000,387000,1724,0,15,0.5,uniform,1.0,0.2651336450527891,0.07029584973897836,ok
real_vs_real,original,387000,388000,1778,0,15,0.5,uniform,1.0,0.26159328852145325,0.06843104859946829,ok
real_vs_real,original,388000,389000,1777,0,15,0.5,uniform,1.0,0.26428547572651306,0.06984681267998934,ok
real_vs_real,original,389000,390000,1756,0,15,0.5,uniform,1.0,0.26693737108887616,0.07125556008384037,ok
real_vs_real,original,390000,391000,1831,0,15,0.5,uniform,1.0,0.2634673257512236,0.06941503173850139,ok
real_vs_real,original,391000,392000,1846,0,15,0.5,uniform,1.0,0.2631040656126168,0.06922374934188817,ok
real_vs_real,original,392000,393000,1722,0,15,0.5,uniform,1.0,0.2647081405503418,0.0700703996736195,ok
real_vs_real,original,393000,394000,1704,0,15,0.5,uniform,1.0,0.2658098536547283,0.07065487829994807,ok
real_vs_real,original,394000,395000,1866,0,15,0.5,uniform,1.0,0.26403967483785223,0.06971694988847874,ok
real_vs_real,original,395000,396000,1760,0,15,0.5,uniform,1.0,0.26256353448934244,0.06893960964353613,ok
real_vs_real,original,396000,397000,1875,0,15,0.5,uniform,1.0,0.26168569037114575,0.06847940054502316,ok
real_vs_real,original,397000,398000,1799,0,15,0.5,uniform,1.0,0.26927110804635623,0.07250692962851245,ok
real_vs_real,original,398000,399000,1863,0,15,0.5,uniform,1.0,0.2650028754254613,0.07022652398376257,ok
real_vs_real,original,399000,400000,1811,0,15,0.5,uniform,1.0,0.26612324531019355,0.07082158169442945,ok
real_vs_real,original,400000,401000,1818,0,15,0.5,uniform,1.0,0.26517010360754156,0.07031518384723434,ok
real_vs_real,original,401000,402000,1803,0,15,0.5,uniform,1.0,0.26418845062269136,0.06979553744241822,ok
real_vs_real,original,402000,403000,1841,0,15,0.5,uniform,1.0,0.2629112637455606,0.06912233260428774,ok
real_vs_real,original,403000,404000,1882,0,15,0.5,uniform,1.0,0.26306721320291104,0.06920435866234585,ok
real_vs_real,original,404000,405000,1912,0,15,0.5,uniform,1.0,0.26254762137476184,0.0689312534895453,ok
real_vs_real,original,405000,406000,1777,0,15,0.5,uniform,1.0,0.2661170460743499,0.07081828221133767,ok
real_vs_real,original,406000,407000,1854,0,15,0.5,uniform,1.0,0.26601270836866825,0.07076276101363414,ok
real_vs_real,original,407000,408000,1919,0,15,0.5,uniform,1.0,0.2604127066528649,0.06781477778627108,ok
real_vs_real,original,408000,409000,1804,0,15,0.5,uniform,1.0,0.2627775847362614,0.06905205903982305,ok
real_vs_real,original,409000,410000,1804,0,15,0.5,uniform,1.0,0.26312799409058313,0.06923634127413396,ok
real_vs_real,original,410000,411000,1795,0,15,0.5,uniform,1.0,0.26141007376738645,0.06833522666707044,ok
real_vs_real,original,411000,412000,1853,0,15,0.5,uniform,1.0,0.2613833023246419,0.06832123073413514,ok
real_vs_real,original,412000,413000,1905,0,15,0.5,uniform,1.0,0.2617539150014715,0.06851511201859757,ok
real_vs_real,original,413000,414000,1850,0,15,0.5,uniform,1.0,0.2632336722956316,0.06929196623024397,ok
real_vs_real,original,414000,415000,1843,0,15,0.5,uniform,1.0,0.26480473788794023,0.07012154920790073,ok
real_vs_real,original,415000,416000,1883,0,15,0.5,uniform,1.0,0.26502518451190277,0.0702383484255681,ok
real_vs_real,original,416000,417000,1884,0,15,0.5,uniform,1.0,0.26111780451299677,0.06818250783368758,ok
real_vs_real,original,417000,418000,1858,0,15,0.5,uniform,1.0,0.2608526042209568,0.06804408112885514,ok
real_vs_real,original,418000,419000,1836,0,15,0.5,uniform,1.0,0.2618443372440687,0.06856245694678559,ok
real_vs_real,original,419000,420000,1841,0,15,0.5,uniform,1.0,0.26054811651870363,0.06788532102144396,ok
real_vs_real,original,420000,421000,1893,0,15,0.5,uniform,1.0,0.26338920232547364,0.0693738719016493,ok
real_vs_real,original,421000,422000,1815,0,15,0.5,uniform,1.0,0.2626455878872456,0.06898270483663688,ok
real_vs_real,original,422000,423000,1900,0,15,0.5,uniform,1.0,0.26206913954649796,0.06868023390264182,ok
real_vs_real,original,423000,424000,1866,0,15,0.5,uniform,1.0,0.2619327337970947,0.06860875703441967,ok
real_vs_real,original,424000,425000,1850,0,15,0.5,uniform,1.0,0.262884044332731,0.06910802076473328,ok
real_vs_real,original,425000,426000,1877,0,15,0.5,uniform,1.0,0.2580906285546947,0.06661077254775741,ok
real_vs_real,original,426000,427000,1756,0,15,0.5,uniform,1.0,0.26188709106784863,0.06858484846797963,ok
real_vs_real,original,427000,428000,1891,0,15,0.5,uniform,1.0,0.264097727590276,0.06974760971834763,ok
real_vs_real,original,428000,429000,1798,0,15,0.5,uniform,1.0,0.2620937650599871,0.0686931416833197,ok
real_vs_real,original,429000,430000,1869,0,15,0.5,uniform,1.0,0.2630921673341328,0.06921748851257134,ok
real_vs_real,original,430000,431000,1928,0,15,0.5,uniform,1.0,0.2626685654512445,0.06899477527621473,ok
real_vs_real,original,431000,432000,1827,0,15,0.5,uniform,1.0,0.26114052770274404,0.06819437520886763,ok
real_vs_real,original,432000,433000,1867,0,15,0.5,uniform,1.0,0.2631369582767704,0.06924105881115081,ok
real_vs_real,original,433000,434000,1779,0,15,0.5,uniform,1.0,0.2624814732455816,0.06889652379717096,ok
real_vs_real,original,434000,435000,1737,0,15,0.5,uniform,1.0,0.2635393601674629,0.0694529943574757,ok
real_vs_real,original,435000,436000,1841,0,15,0.5,uniform,1.0,0.2644564904324147,0.06993723533182984,ok
real_vs_real,original,436000,437000,1757,0,15,0.5,uniform,1.0,0.26034482994478314,0.06777943047897804,ok
real_vs_real,original,437000,438000,1845,0,15,0.5,uniform,1.0,0.26253481342728213,0.06892452826129783,ok
real_vs_real,original,438000,439000,1854,0,15,0.5,uniform,1.0,0.2651435560745957,0.07030110532788228,ok
real_vs_real,original,439000,440000,1878,0,15,0.5,uniform,1.0,0.26251443280308795,0.06891382742992698,ok
real_vs_real,original,440000,441000,1792,0,15,0.5,uniform,1.0,0.2617125093480816,0.06849343754926969,ok
real_vs_real,original,441000,442000,1809,0,15,0.5,uniform,1.0,0.2634771194745654,0.06942019248661443,ok
real_vs_real,original,442000,443000,1788,0,15,0.5,uniform,1.0,0.26389675015777947,0.06964149474383748,ok
real_vs_real,original,443000,444000,1742,0,15,0.5,uniform,1.0,0.26299134137655444,0.0691644456390394,ok
real_vs_real,original,444000,445000,1773,0,15,0.5,uniform,1.0,0.2629805361664451,0.06915876240239094,ok
real_vs_real,original,445000,446000,1786,0,15,0.5,uniform,1.0,0.2606537693026065,0.0679403874516564,ok
real_vs_real,original,446000,447000,1758,0,15,0.5,uniform,1.0,0.2620778012685666,0.0686847739177663,ok
real_vs_real,original,447000,448000,1782,0,15,0.5,uniform,1.0,0.2635329028484837,0.06944959088374833,ok
real_vs_real,original,448000,449000,1806,0,15,0.5,uniform,1.0,0.2665296898757878,0.07103807558528362,ok
real_vs_real,original,449000,450000,1818,0,15,0.5,uniform,1.0,0.26131156297662667,0.06828373294528753,ok
real_vs_real,original,450000,451000,1731,0,15,0.5,uniform,1.0,0.26151072711479584,0.06838786039610922,ok
real_vs_real,original,451000,452000,1800,0,15,0.5,uniform,1.0,0.2591535611011833,0.06716056823142474,ok
real_vs_real,original,452000,453000,1723,0,15,0.5,uniform,1.0,0.26073870263088417,0.06798467104963665,ok
real_vs_real,original,453000,454000,1727,0,15,0.5,uniform,1.0,0.2586600136180916,0.06690500264491132,ok
real_vs_real,original,454000,455000,1700,0,15,0.5,uniform,1.0,0.26385046060611955,0.06961706556206144,ok
real_vs_real,original,455000,456000,1784,0,15,0.5,uniform,1.0,0.26018258283296136,0.0676949764096308,ok
real_vs_real,original,456000,457000,1835,0,15,0.5,uniform,1.0,0.2611252199761778,0.06818638050760725,ok
real_vs_real,original,457000,458000,1757,0,15,0.5,uniform,1.0,0.25942072639035546,0.06729911328089966,ok
real_vs_real,original,458000,459000,1710,0,15,0.5,uniform,1.0,0.25830642583413527,0.06672220962720563,ok
real_vs_real,original,459000,460000,1697,0,15,0.5,uniform,1.0,0.2567096212237616,0.06589982962884718,ok
real_vs_real,original,460000,461000,1662,0,15,0.5,uniform,1.0,0.25725875643105856,0.06618206776045472,ok
real_vs_real,original,461000,462000,1760,0,15,0.5,uniform,1.0,0.2575986070958153,0.06635704237770422,ok
real_vs_real,original,462000,463000,1734,0,15,0.5,uniform,1.0,0.2567032321697613,0.06589654940640238,ok
real_vs_real,original,463000,464000,1808,0,15,0.5,uniform,1.0,0.25612080353480954,0.0655978660033165,ok
real_vs_real,original,464000,465000,1751,0,15,0.5,uniform,1.0,0.25340454049835737,0.06421386114518364,ok
real_vs_real,original,465000,466000,1764,0,15,0.5,uniform,1.0,0.2554321368271937,0.06524557652410619,ok
real_vs_real,original,466000,467000,1709,0,15,0.5,uniform,1.0,0.2522082985972679,0.06360902588132865,ok
real_vs_real,original,467000,468000,1736,0,15,0.5,uniform,1.0,0.25265140812168313,0.0638327340258693,ok
real_vs_real,original,468000,469000,1658,0,15,0.5,uniform,1.0,0.2519833460976771,0.06349560671058171,ok
real_vs_real,original,469000,470000,1706,0,15,0.5,uniform,1.0,0.2506934404561234,0.0628472010877279,ok
real_vs_real,original,470000,471000,1733,0,15,0.5,uniform,1.0,0.2481263147821689,0.06156666808737997,ok
real_vs_real,original,471000,472000,1749,0,15,0.5,uniform,1.0,0.2489700497267213,0.061986085660926074,ok
real_vs_real,original,472000,473000,1727,0,15,0.5,uniform,1.0,0.2514716825959709,0.06323800714764875,ok
real_vs_real,original,473000,474000,1749,0,15,0.5,uniform,1.0,0.2451792918740857,0.0601128851638781,ok
real_vs_real,original,474000,475000,1797,0,15,0.5,uniform,1.0,0.24591492351006283,0.06047414960496006,ok
real_vs_real,original,475000,476000,1739,0,15,0.5,uniform,1.0,0.2440184193236022,0.059544988969189354,ok
real_vs_real,original,476000,477000,1649,0,15,0.5,uniform,1.0,0.2403230363977051,0.0577551618234127,ok
real_vs_real,original,477000,478000,1617,0,15,0.5,uniform,1.0,0.24157645154761564,0.058359181942337496,ok
real_vs_real,original,478000,479000,1660,0,15,0.5,uniform,1.0,0.23817324613545215,0.05672649517469868,ok
real_vs_real,original,479000,480000,1695,0,15,0.5,uniform,1.0,0.23823120845025766,0.056754108679670116,ok
real_vs_real,original,480000,481000,1735,0,15,0.5,uniform,1.0,0.23640766380179745,0.055888583504223696,ok
real_vs_real,original,481000,482000,1729,0,15,0.5,uniform,1.0,0.2354508496092327,0.05543710258170952,ok
real_vs_real,original,482000,483000,1670,0,15,0.5,uniform,1.0,0.23428900425935004,0.05489133751683774,ok
real_vs_real,original,483000,484000,1740,0,15,0.5,uniform,1.0,0.22921381469968108,0.05253897284917973,ok
real_vs_real,original,484000,485000,1661,0,15,0.5,uniform,1.0,0.22679475729175808,0.05143586193502746,ok
real_vs_real,original,485000,486000,1576,0,15,0.5,uniform,1.0,0.22207170266601878,0.049315841124984654,ok
real_vs_real,original,486000,487000,1670,0,15,0.5,uniform,1.0,0.2211818834486913,0.04892142556591046,ok
real_vs_real,original,487000,488000,1710,0,15,0.5,uniform,1.0,0.22041703838526117,0.048583670810529694,ok
real_vs_real,original,488000,489000,1664,0,15,0.5,uniform,1.0,0.21828312620421841,0.04764752318548675,ok
real_vs_real,original,489000,490000,1721,0,15,0.5,uniform,1.0,0.21478650644970648,0.04613324335286981,ok
real_vs_real,original,490000,491000,1697,0,15,0.5,uniform,1.0,0.2134189540065307,0.04554764992924166,ok
real_vs_real,original,491000,492000,1743,0,15,0.5,uniform,1.0,0.20933019222642224,0.04381912937755089,ok
real_vs_real,original,492000,493000,1607,0,15,0.5,uniform,1.0,0.205744735018632,0.04233089598788709,ok
real_vs_real,original,493000,494000,1608,0,15,0.5,uniform,1.0,0.20487801725683763,0.04197500195509306,ok
real_vs_real,original,494000,495000,1586,0,15,0.5,uniform,1.0,0.1997775121107044,0.039911054345142645,ok
real_vs_real,original,495000,496000,1581,0,15,0.5,uniform,1.0,0.19638223797089008,0.0385659833904553,ok
real_vs_real,original,496000,497000,1701,0,15,0.5,uniform,1.0,0.19349941851571056,0.037442024965918114,ok
real_vs_real,original,497000,498000,1699,0,15,0.5,uniform,1.0,0.19017433343210957,0.036166277096347184,ok
real_vs_real,original,498000,499000,1665,0,15,0.5,uniform,1.0,0.1874883222591919,0.03515187098356659,ok
real_vs_real,original,499000,500000,1642,0,15,0.5,uniform,1.0,0.18440376241015316,0.034004747591020214,ok
real_vs_real,original,500000,501000,1594,0,15,0.5,uniform,1.0,0.1778682201713472,0.03163710374692285,ok
real_vs_real,original,501000,502000,1630,0,15,0.5,uniform,1.0,0.1713830168438937,0.029372138462514352,ok
real_vs_real,original,502000,503000,1570,0,15,0.5,uniform,1.0,0.17003834748601993,0.02891303961577646,ok
real_vs_real,original,503000,504000,1636,0,15,0.5,uniform,1.0,0.16858887569976003,0.028422209009709133,ok
real_vs_real,original,504000,505000,1556,0,15,0.5,uniform,1.0,0.1623380190819551,0.026353632439453226,ok
real_vs_real,original,505000,506000,1621,0,15,0.5,uniform,1.0,0.16393152073657716,0.026873543491006825,ok
real_vs_real,original,506000,507000,1656,0,15,0.5,uniform,1.0,0.15820672357616497,0.02502936738470507,ok
real_vs_real,original,507000,508000,1720,0,15,0.5,uniform,1.0,0.1516873705264351,0.023009058377224015,ok
real_vs_real,original,508000,509000,1631,0,15,0.5,uniform,1.0,0.14741910055747648,0.02173239120917536,ok
real_vs_real,original,509000,510000,1531,0,15,0.5,uniform,1.0,0.14006029242434123,0.01961688551399198,ok
real_vs_real,original,510000,511000,1580,0,15,0.5,uniform,1.0,0.13503272023191612,0.01823383553323093,ok
real_vs_real,original,511000,512000,1474,0,15,0.5,uniform,1.0,0.13558889279676495,0.01838434784985262,ok
real_vs_real,original,512000,513000,1639,0,15,0.5,uniform,1.0,0.12663857713958343,0.016037329219938223,ok
real_vs_real,original,513000,514000,1662,0,15,0.5,uniform,1.0,0.12680518927661566,0.01607955602747832,ok
real_vs_real,original,514000,515000,1647,0,15,0.5,uniform,1.0,0.12321020056037309,0.01518075352212736,ok
real_vs_real,original,515000,516000,1698,0,15,0.5,uniform,1.0,0.12062965299992684,0.01455151318288276,ok
real_vs_real,original,516000,517000,1611,0,15,0.5,uniform,1.0,0.1102489261699417,0.012154825721625254,ok
real_vs_real,original,517000,518000,1559,0,15,0.5,uniform,1.0,0.10755355554770199,0.011567767310952617,ok
real_vs_real,original,518000,519000,1554,0,15,0.5,uniform,1.0,0.10354126753057082,0.010720794081837237,ok
real_vs_real,original,519000,520000,1560,0,15,0.5,uniform,1.0,0.09515063217410033,0.009053642803130937,ok
real_vs_real,original,520000,521000,1647,0,15,0.5,uniform,1.0,0.09260630776112762,0.008575928237148686,ok
real_vs_real,original,521000,522000,1620,0,15,0.5,uniform,1.0,0.0981525429022173,0.009633921678171606,ok
real_vs_real,original,522000,523000,1631,0,15,0.5,uniform,1.0,0.09606401811608718,0.009228295576607926,ok
real_vs_real,original,523000,524000,1687,0,15,0.5,uniform,1.0,0.08709806416218999,0.007586072780800965,ok
real_vs_real,original,524000,525000,1693,0,15,0.5,uniform,1.0,0.0898343916731228,0.008070217927280035,ok
real_vs_real,original,525000,526000,1604,0,15,0.5,uniform,1.0,0.08242134726510633,0.006793278484995252,ok
real_vs_real,original,526000,527000,1535,0,15,0.5,uniform,1.0,0.07818421324849688,0.006112771201286435,ok
real_vs_real,original,527000,528000,1560,0,15,0.5,uniform,1.0,0.08049172749108703,0.006478918194499417,ok
real_vs_real,original,528000,529000,1497,0,15,0.5,uniform,1.0,0.07606843198837067,0.005786406345169373,ok
real_vs_real,original,529000,530000,1658,0,15,0.5,uniform,1.0,0.08139111539462404,0.006624513665181006,ok
real_vs_real,original,530000,531000,1586,0,15,0.5,uniform,1.0,0.08924228129825988,0.007964184771317745,ok
real_vs_real,original,531000,532000,1653,0,15,0.5,uniform,1.0,0.08864605838751786,0.007858123667643227,ok
real_vs_real,original,532000,533000,1605,0,15,0.5,uniform,1.0,0.09584640820190327,0.00918653396520587,ok
real_vs_real,original,533000,534000,1690,0,15,0.5,uniform,1.0,0.09125404722446587,0.008327301134845047,ok
real_vs_real,original,534000,535000,1548,0,15,0.5,uniform,1.0,0.08714532157374828,0.007594307072191997,ok
real_vs_real,original,535000,536000,1518,0,15,0.5,uniform,1.0,0.09259772064039204,0.008574337867796086,ok
real_vs_real,original,536000,537000,1497,0,15,0.5,uniform,1.0,0.09424884929061657,0.008882845592605354,ok
real_vs_real,original,537000,538000,1644,0,15,0.5,uniform,1.0,0.10364616124508946,0.010742526740843084,ok
real_vs_real,original,538000,539000,1639,0,15,0.5,uniform,1.0,0.11738512799695092,0.013779268274860548,ok
real_vs_real,original,539000,540000,1636,0,15,0.5,uniform,1.0,0.11632249744750325,0.0135309234124244,ok
real_vs_real,original,540000,541000,1707,0,15,0.5,uniform,1.0,0.11899866695409823,0.014160682736852392,ok
real_vs_real,original,541000,542000,1669,0,15,0.5,uniform,1.0,0.12501019125037538,0.01562754791645543,ok
real_vs_real,original,542000,543000,1585,0,15,0.5,uniform,1.0,0.12540145072268136,0.01572552384335308,ok
real_vs_real,original,543000,544000,1519,0,15,0.5,uniform,1.0,0.12590257944003172,0.015851459509653498,ok
real_vs_real,original,544000,545000,1570,0,15,0.5,uniform,1.0,0.1334465079204222,0.01780797047615531,ok
real_vs_real,original,545000,546000,1546,0,15,0.5,uniform,1.0,0.1360096574563451,0.018498626921392335,ok
real_vs_real,original,546000,547000,1636,0,15,0.5,uniform,1.0,0.14767631473054302,0.021808293932394397,ok
real_vs_real,original,547000,548000,1676,0,15,0.5,uniform,1.0,0.14946561924551613,0.0223399713364456,ok
real_vs_real,original,548000,549000,1651,0,15,0.5,uniform,1.0,0.15983036758153474,0.025545746401248515,ok
real_vs_real,original,549000,550000,1691,0,15,0.5,uniform,1.0,0.14994600161645766,0.022483803400762725,ok
real_vs_real,original,550000,551000,1646,0,15,0.5,uniform,1.0,0.15961060045310907,0.02547554377700202,ok
real_vs_real,original,551000,552000,1511,0,15,0.5,uniform,1.0,0.1652869725226143,0.02731978328569145,ok
real_vs_real,original,552000,553000,1636,0,15,0.5,uniform,1.0,0.16626692522349987,0.0276446904232769,ok
real_vs_real,original,553000,554000,1476,0,15,0.5,uniform,1.0,0.17091411287843591,0.029211633981022736,ok
real_vs_real,original,554000,555000,1613,0,15,0.5,uniform,1.0,0.17757712564884223,0.0315336355537047,ok
real_vs_real,original,555000,556000,1626,0,15,0.5,uniform,1.0,0.18701650927900074,0.034975174742902564,ok
real_vs_real,original,556000,557000,1671,0,15,0.5,uniform,1.0,0.18537862981303416,0.03436523639135796,ok
real_vs_real,original,557000,558000,1685,0,15,0.5,uniform,1.0,0.19142487650382067,0.03664348334450299,ok
real_vs_real,original,558000,559000,1634,0,15,0.5,uniform,1.0,0.19075959930538341,0.03638922472715044,ok
real_vs_real,original,559000,560000,1499,0,15,0.5,uniform,1.0,0.19526402617199864,0.038128039916898976,ok
real_vs_real,original,560000,561000,1528,0,15,0.5,uniform,1.0,0.19802566014933654,0.039214162077580536,ok
real_vs_real,original,561000,562000,1556,0,15,0.5,uniform,1.0,0.2030659160931235,0.041235766278739476,ok
real_vs_real,original,562000,563000,1664,0,15,0.5,uniform,1.0,0.20363900918332606,0.041468846061166756,ok
real_vs_real,original,563000,564000,1624,0,15,0.5,uniform,1.0,0.2091483178972588,0.04374301887925282,ok
real_vs_real,original,564000,565000,1609,0,15,0.5,uniform,1.0,0.21195995473310694,0.04492702241046074,ok
real_vs_real,original,565000,566000,1732,0,15,0.5,uniform,1.0,0.2154842844492015,0.04643347684458438,ok
real_vs_real,original,566000,567000,1672,0,15,0.5,uniform,1.0,0.2127424512679714,0.04525935057150518,ok
real_vs_real,original,567000,568000,1584,0,15,0.5,uniform,1.0,0.22155246176919396,0.04908549331599015,ok
real_vs_real,original,568000,569000,1593,0,15,0.5,uniform,1.0,0.21907198298617137,0.04799253372949336,ok
real_vs_real,original,569000,570000,1538,0,15,0.5,uniform,1.0,0.2199502058937227,0.048378093072691,ok
real_vs_real,original,570000,571000,1599,0,15,0.5,uniform,1.0,0.22596884958915628,0.051061920984646736,ok
real_vs_real,original,571000,572000,1661,0,15,0.5,uniform,1.0,0.231671972072432,0.05367190264392972,ok
real_vs_real,original,572000,573000,1685,0,15,0.5,uniform,1.0,0.23249153930531413,0.054052315848554425,ok
real_vs_real,original,573000,574000,1627,0,15,0.5,uniform,1.0,0.23348785635826624,0.05451657906677837,ok
real_vs_real,original,574000,575000,1663,0,15,0.5,uniform,1.0,0.2353550571941275,0.055392002946851024,ok
real_vs_real,original,575000,576000,1617,0,15,0.5,uniform,1.0,0.2379482950799381,0.056619391131449294,ok
real_vs_real,original,576000,577000,1623,0,15,0.5,uniform,1.0,0.2360221709439224,0.05570646517708212,ok
real_vs_real,original,577000,578000,1637,0,15,0.5,uniform,1.0,0.239906690698734,0.05755522024201802,ok
real_vs_real,original,578000,579000,1517,0,15,0.5,uniform,1.0,0.23956010407302875,0.057389043463480366,ok
real_vs_real,original,579000,580000,1611,0,15,0.5,uniform,1.0,0.24301269176577248,0.059055168359246346,ok
real_vs_real,original,580000,581000,1638,0,15,0.5,uniform,1.0,0.24981677529508536,0.06240842121883517,ok
real_vs_real,original,581000,582000,1614,0,15,0.5,uniform,1.0,0.24846910992705554,0.06173689858794321,ok
real_vs_real,original,582000,583000,1691,0,15,0.5,uniform,1.0,0.24690967303551664,0.06096438663850573,ok
real_vs_real,original,583000,584000,1617,0,15,0.5,uniform,1.0,0.24622499632377404,0.06062674881464254,ok
real_vs_real,original,584000,585000,1563,0,15,0.5,uniform,1.0,0.2466788162651502,0.060850438393975734,ok
real_vs_real,original,585000,586000,1582,0,15,0.5,uniform,1.0,0.25207072678315284,0.06353965130098689,ok
real_vs_real,original,586000,587000,1560,0,15,0.5,uniform,1.0,0.2510865258898806,0.0630444434834497,ok
real_vs_real,original,587000,588000,1541,0,15,0.5,uniform,1.0,0.2494885024658095,0.06224451286263223,ok
real_vs_real,original,588000,589000,1713,0,15,0.5,uniform,1.0,0.2535094907306324,0.06426706189050459,ok
real_vs_real,original,589000,590000,1615,0,15,0.5,uniform,1.0,0.2560466894108037,0.0655599071582326,ok
real_vs_real,original,590000,591000,1758,0,15,0.5,uniform,1.0,0.2550200591038592,0.06503523054533585,ok
real_vs_real,original,591000,592000,1636,0,15,0.5,uniform,1.0,0.25046040960624744,0.06273041678012925,ok
real_vs_real,original,592000,593000,1631,0,15,0.5,uniform,1.0,0.25939605135305677,0.06728631145755766,ok
real_vs_real,original,593000,594000,1571,0,15,0.5,uniform,1.0,0.25586119653212736,0.06546495189085189,ok
real_vs_real,original,594000,595000,1553,0,15,0.5,uniform,1.0,0.2608067224142336,0.0680201464564551,ok
real_vs_real,original,595000,596000,1531,0,15,0.5,uniform,1.0,0.2569222128201467,0.06600902344040077,ok
real_vs_real,original,596000,597000,1620,0,15,0.5,uniform,1.0,0.2628406737363926,0.06908521977020077,ok
real_vs_real,original,597000,598000,1589,0,15,0.5,uniform,1.0,0.2570502102823582,0.06607481060620457,ok
real_vs_real,original,598000,599000,1621,0,15,0.5,uniform,1.0,0.26181510746025516,0.06854715049442496,ok
real_vs_real,original,599000,600000,1643,0,15,0.5,uniform,1.0,0.2586670611165111,0.06690864850665289,ok
real_vs_real,original,600000,601000,1563,0,15,0.5,uniform,1.0,0.26004925204016677,0.06762561348665018,ok
real_vs_real,original,601000,602000,1483,0,15,0.5,uniform,1.0,0.26268212905271143,0.06900190092366536,ok
real_vs_real,original,602000,603000,1528,0,15,0.5,uniform,1.0,0.2621036426718635,0.06869831950185991,ok
real_vs_real,original,603000,604000,1514,0,15,0.5,uniform,1.0,0.2600766868226413,0.06763988302864224,ok
real_vs_real,original,604000,605000,1573,0,15,0.5,uniform,1.0,0.2619104905939335,0.06859710508315495,ok
real_vs_real,original,605000,606000,1645,0,15,0.5,uniform,1.0,0.26652472810484956,0.07103543069136399,ok
real_vs_real,original,606000,607000,1506,0,15,0.5,uniform,1.0,0.26513520873519514,0.0702966789110555,ok
real_vs_real,original,607000,608000,1610,0,15,0.5,uniform,1.0,0.26552267939919794,0.07050229327532925,ok
real_vs_real,original,608000,609000,1544,0,15,0.5,uniform,1.0,0.2675147774556507,0.07156415615714633,ok
real_vs_real,original,609000,610000,1498,0,15,0.5,uniform,1.0,0.2683823645410803,0.07202909359666129,ok
real_vs_real,original,610000,611000,1459,0,15,0.5,uniform,1.0,0.26458867035528255,0.07000716448037637,ok
real_vs_real,original,611000,612000,1466,0,15,0.5,uniform,1.0,0.26854445562438245,0.0721161246465959,ok
real_vs_real,original,612000,613000,1472,0,15,0.5,uniform,1.0,0.2686654618644272,0.07218113039882598,ok
real_vs_real,original,613000,614000,1554,0,15,0.5,uniform,1.0,0.27051849396193456,0.07318025557543323,ok
real_vs_real,original,614000,615000,1493,0,15,0.5,uniform,1.0,0.2702238126263491,0.07302090891032022,ok
real_vs_real,original,615000,616000,1613,0,15,0.5,uniform,1.0,0.2672093542429299,0.07140083899492361,ok
real_vs_real,original,616000,617000,1581,0,15,0.5,uniform,1.0,0.264213134356038,0.06980858036624178,ok
real_vs_real,original,617000,618000,1511,0,15,0.5,uniform,1.0,0.26728748084995424,0.07144259741911466,ok
real_vs_real,original,618000,619000,1457,0,15,0.5,uniform,1.0,0.26939539721399597,0.07257388004008668,ok
real_vs_real,original,619000,620000,1467,0,15,0.5,uniform,1.0,0.27076855148486495,0.07331560847321197,ok
real_vs_real,original,620000,621000,1481,0,15,0.5,uniform,1.0,0.2691907217270676,0.07246364466393955,ok
real_vs_real,original,621000,622000,1449,0,15,0.5,uniform,1.0,0.27421709430607144,0.07519501480966488,ok
real_vs_real,original,622000,623000,1560,0,15,0.5,uniform,1.0,0.26764790315843,0.07163540006510433,ok
real_vs_real,original,623000,624000,1605,0,15,0.5,uniform,1.0,0.26796755430332675,0.07180661015930638,ok
real_vs_real,original,624000,625000,1533,0,15,0.5,uniform,1.0,0.266104096045879,0.07081138993239437,ok
real_vs_real,original,625000,626000,1518,0,15,0.5,uniform,1.0,0.2707264442620999,0.0732928076227999,ok
real_vs_real,original,626000,627000,1403,0,15,0.5,uniform,1.0,0.27041232294471307,0.07312282440035581,ok
real_vs_real,original,627000,628000,1525,0,15,0.5,uniform,1.0,0.26853706064276317,0.07211215293865507,ok
real_vs_real,original,628000,629000,1398,0,15,0.5,uniform,1.0,0.27354495858363304,0.07482684436652151,ok
real_vs_real,original,629000,630000,1550,0,15,0.5,uniform,1.0,0.26802100277667495,0.07183525792941439,ok
real_vs_real,original,630000,631000,1592,0,15,0.5,uniform,1.0,0.2751784061582082,0.0757231552157718,ok
real_vs_real,original,631000,632000,1493,0,15,0.5,uniform,1.0,0.27180717275321975,0.07387913916009864,ok
real_vs_real,original,632000,633000,1685,0,15,0.5,uniform,1.0,0.26631140887222343,0.07092176649550858,ok
real_vs_real,original,633000,634000,1551,0,15,0.5,uniform,1.0,0.2694064630680298,0.07257984234282569,ok
real_vs_real,original,634000,635000,1474,0,15,0.5,uniform,1.0,0.2702421951705183,0.07303084405058051,ok
real_vs_real,original,635000,636000,1444,0,15,0.5,uniform,1.0,0.2727001933980525,0.07436539547933524,ok
real_vs_real,original,636000,637000,1456,0,15,0.5,uniform,1.0,0.27000556314264884,0.07290300412797893,ok
real_vs_real,original,637000,638000,1490,0,15,0.5,uniform,1.0,0.27086446666034786,0.07336755929919471,ok
real_vs_real,original,638000,639000,1514,0,15,0.5,uniform,1.0,0.275105603479006,0.07568309306554807,ok
real_vs_real,original,639000,640000,1528,0,15,0.5,uniform,1.0,0.2702621527559599,0.0730416312122858,ok
real_vs_real,original,640000,641000,1474,0,15,0.5,uniform,1.0,0.27605281118214053,0.07620515456156254,ok
real_vs_real,original,641000,642000,1557,0,15,0.5,uniform,1.0,0.27194544717958613,0.07395432624170506,ok
real_vs_real,original,642000,643000,1391,0,15,0.5,uniform,1.0,0.2742058495574821,0.07518884793154053,ok
real_vs_real,original,643000,644000,1404,0,15,0.5,uniform,1.0,0.2786437837694164,0.07764235823333727,ok
real_vs_real,original,644000,645000,1375,0,15,0.5,uniform,1.0,0.27625130100092865,0.07631478130470568,ok
real_vs_real,original,645000,646000,1448,0,15,0.5,uniform,1.0,0.2748230244106666,0.07552769474622585,ok
real_vs_real,original,646000,647000,1429,0,15,0.5,uniform,1.0,0.27644134713931534,0.07641981840819946,ok
real_vs_real,original,647000,648000,1465,0,15,0.5,uniform,1.0,0.27637231802259554,0.0763816581691827,ok
real_vs_real,original,648000,649000,1488,0,15,0.5,uniform,1.0,0.27773854871606307,0.07713870144290493,ok
real_vs_real,original,649000,650000,1457,0,15,0.5,uniform,1.0,0.27642574632875466,0.07641119323340902,ok
real_vs_real,original,650000,651000,1434,0,15,0.5,uniform,1.0,0.2744431579193972,0.07531904692877121,ok
real_vs_real,original,651000,652000,1383,0,15,0.5,uniform,1.0,0.2797730953319317,0.07827298487161014,ok
real_vs_real,original,652000,653000,1351,0,15,0.5,uniform,1.0,0.2811938546027892,0.07906998386637452,ok
real_vs_real,original,653000,654000,1383,0,15,0.5,uniform,1.0,0.27744975130620897,0.0769783644998772,ok
real_vs_real,original,654000,655000,1409,0,15,0.5,uniform,1.0,0.278394337858545,0.07750340735169771,ok
real_vs_real,original,655000,656000,1445,0,15,0.5,uniform,1.0,0.2814686765879628,0.0792246159001792,ok
real_vs_real,original,656000,657000,1361,0,15,0.5,uniform,1.0,0.2806314117251614,0.07875398924685703,ok
real_vs_real,original,657000,658000,1479,0,15,0.5,uniform,1.0,0.2790536068827361,0.07787091551426464,ok
real_vs_real,original,658000,659000,1385,0,15,0.5,uniform,1.0,0.27585222416771105,0.07609444957827312,ok
real_vs_real,original,659000,660000,1338,0,15,0.5,uniform,1.0,0.2784624858422345,0.07754135602143665,ok
real_vs_real,original,660000,661000,1357,0,15,0.5,uniform,1.0,0.278258748561599,0.07742793115106716,ok
real_vs_real,original,661000,662000,1357,0,15,0.5,uniform,1.0,0.27869970782462344,0.07767352714153047,ok
real_vs_real,original,662000,663000,1330,0,15,0.5,uniform,1.0,0.27996577280841267,0.07838083394421173,ok
real_vs_real,original,663000,664000,1418,0,15,0.5,uniform,1.0,0.27254341487023387,0.07427991298912842,ok
real_vs_real,original,664000,665000,1441,0,15,0.5,uniform,1.0,0.2835055627079256,0.08037540408633753,ok
real_vs_real,original,665000,666000,1376,0,15,0.5,uniform,1.0,0.2794612023377316,0.07809856361205054,ok
real_vs_real,original,666000,667000,1397,0,15,0.5,uniform,1.0,0.2803639234449174,0.07860392956942751,ok
real_vs_real,original,667000,668000,1323,0,15,0.5,uniform,1.0,0.28104264451248373,0.07898496803457031,ok
real_vs_real,original,668000,669000,1324,0,15,0.5,uniform,1.0,0.2820668420119213,0.07956170336257815,ok
real_vs_real,original,669000,670000,1257,0,15,0.5,uniform,1.0,0.2804294960880315,0.07864070227618727,ok
real_vs_real,original,670000,671000,1243,0,15,0.5,uniform,1.0,0.283153116495874,0.08017568738132598,ok
real_vs_real,original,671000,672000,1263,0,15,0.5,uniform,1.0,0.28568102983380333,0.08161365080690244,ok
real_vs_real,original,672000,673000,1360,0,15,0.5,uniform,1.0,0.2772316489466897,0.07685738717770062,ok
real_vs_real,original,673000,674000,1290,0,15,0.5,uniform,1.0,0.28172360905894334,0.07936819190119633,ok
real_vs_real,original,674000,675000,1393,0,15,0.5,uniform,1.0,0.2799544378427168,0.07837448726783157,ok
real_vs_real,original,675000,676000,1315,0,15,0.5,uniform,1.0,0.279253466287176,0.07798249843340296,ok
real_vs_real,original,676000,677000,1240,0,15,0.5,uniform,1.0,0.28465259259310666,0.08102709846997716,ok
real_vs_real,original,677000,678000,1236,0,15,0.5,uniform,1.0,0.2796220406996399,0.07818848564503109,ok
real_vs_real,original,678000,679000,1205,0,15,0.5,uniform,1.0,0.2852624784285713,0.08137468159921109,ok
real_vs_real,original,679000,680000,1235,0,15,0.5,uniform,1.0,0.2826222994209851,0.07987536413000496,ok
real_vs_real,original,680000,681000,1321,0,15,0.5,uniform,1.0,0.2798842604627435,0.07833519925477686,ok
real_vs_real,original,681000,682000,1312,0,15,0.5,uniform,1.0,0.28050180816264564,0.07868126438251365,ok
real_vs_real,original,682000,683000,1286,0,15,0.5,uniform,1.0,0.2798094838635258,0.0782933472599727,ok
real_vs_real,original,683000,684000,1209,0,15,0.5,uniform,1.0,0.2835275333693698,0.08038786217851912,ok
real_vs_real,original,684000,685000,1114,0,15,0.5,uniform,1.0,0.2846122906062196,0.08100415596411921,ok
real_vs_real,original,685000,686000,1223,0,15,0.5,uniform,1.0,0.28489364817345825,0.08116439076958222,ok
real_vs_real,original,686000,687000,1149,0,15,0.5,uniform,1.0,0.28266185380594877,0.07989772359701555,ok
real_vs_real,original,687000,688000,1167,0,15,0.5,uniform,1.0,0.2848038105961167,0.08111321053006873,ok
real_vs_real,original,688000,689000,1128,0,15,0.5,uniform,1.0,0.28711114791432246,0.08243281125667994,ok
real_vs_real,original,689000,690000,1171,0,15,0.5,uniform,1.0,0.2825110073178975,0.07981246925577315,ok
real_vs_real,original,690000,691000,1156,0,15,0.5,uniform,1.0,0.27240781292648975,0.07420601654339343,ok
real_vs_real,original,691000,692000,1209,0,15,0.5,uniform,1.0,0.275190584757851,0.07572985793936798,ok
real_vs_real,original,692000,693000,1122,0,15,0.5,uniform,1.0,0.28055160629143994,0.07870920379270711,ok
real_vs_real,original,693000,694000,1034,0,15,0.5,uniform,1.0,0.2842271661481027,0.08078508197658117,ok
real_vs_real,original,694000,695000,1004,0,15,0.5,uniform,1.0,0.2876964488789372,0.08276924669755091,ok
real_vs_real,original,695000,696000,965,0,15,0.5,uniform,1.0,0.27644259353116224,0.07642050751823537,ok
real_vs_real,original,696000,697000,982,0,15,0.5,uniform,1.0,0.2785002647477758,0.07756239746458121,ok
real_vs_real,original,697000,698000,1001,0,15,0.5,uniform,1.0,0.27237846416670697,0.07419002774181406,ok
real_vs_real,original,698000,699000,951,0,15,0.5,uniform,1.0,0.2736762537182075,0.07489869184923267,ok
real_vs_real,original,699000,700000,996,0,15,0.5,uniform,1.0,0.26898183437346235,0.07235122722291272,ok
real_vs_real,original,700000,701000,970,0,15,0.5,uniform,1.0,0.2754186135747284,0.07585541270342558,ok
real_vs_real,original,701000,702000,883,0,15,0.5,uniform,1.0,0.2836672242543049,0.0804670941161421,ok
real_vs_real,original,702000,703000,875,0,15,0.5,uniform,1.0,0.2769274864936889,0.07668883277571226,ok
real_vs_real,original,703000,704000,885,0,15,0.5,uniform,1.0,0.29063463485348867,0.0844684909764207,ok
real_vs_real,original,704000,705000,830,0,15,0.5,uniform,1.0,0.2793449545646213,0.07803360364071033,ok
real_vs_real,original,705000,706000,833,0,15,0.5,uniform,1.0,0.26440985239150866,0.06991257004169939,ok
real_vs_real,original,706000,707000,898,0,15,0.5,uniform,1.0,0.27417313353133893,0.07517090715039342,ok
real_vs_real,original,707000,708000,912,0,15,0.5,uniform,1.0,0.26386942347649434,0.0696270726458175,ok
real_vs_real,original,708000,709000,871,0,15,0.5,uniform,1.0,0.273119019759718,0.0745939989545092,ok
real_vs_real,original,709000,710000,918,0,15,0.5,uniform,1.0,0.2823394318544443,0.0797155547798904,ok
real_vs_real,original,710000,711000,797,0,15,0.5,uniform,1.0,0.27930255568517137,0.07800991761226826,ok
real_vs_real,original,711000,712000,837,0,15,0.5,uniform,1.0,0.28343184103287467,0.08033360851128472,ok
real_vs_real,original,712000,713000,854,0,15,0.5,uniform,1.0,0.28542676489072477,0.08146843811598507,ok
real_vs_real,original,713000,714000,842,0,15,0.5,uniform,1.0,0.27102882024183095,0.07345662140167872,ok
real_vs_real,original,714000,715000,859,0,15,0.5,uniform,1.0,0.2752011662757455,0.0757356819195305,ok
real_vs_real,original,715000,716000,915,0,15,0.5,uniform,1.0,0.2680361814859784,0.07184339458558436,ok
real_vs_real,original,716000,717000,920,0,15,0.5,uniform,1.0,0.27047706293776513,0.07315784157543977,ok
real_vs_real,original,717000,718000,889,0,15,0.5,uniform,1.0,0.2750157644976628,0.07563367072223394,ok
real_vs_real,original,718000,719000,889,0,15,0.5,uniform,1.0,0.2886778998872842,0.08333492988333287,ok
real_vs_real,original,719000,720000,882,0,15,0.5,uniform,1.0,0.2840511443185067,0.08068505258865313,ok
real_vs_real,original,720000,721000,861,0,15,0.5,uniform,1.0,0.2818030813270554,0.07941297664542299,ok
real_vs_real,original,721000,722000,875,0,15,0.5,uniform,1.0,0.26951034032359106,0.07263582354133787,ok
real_vs_real,original,722000,723000,819,0,15,0.5,uniform,1.0,0.2743208939366907,0.07525195285022511,ok
real_vs_real,original,723000,724000,922,0,15,0.5,uniform,1.0,0.2693646296891997,0.0725573037275997,ok
real_vs_real,original,724000,725000,907,0,15,0.5,uniform,1.0,0.27163398387465765,0.07378502119561776,ok
real_vs_real,original,725000,726000,889,0,15,0.5,uniform,1.0,0.27393708699436914,0.07504152763096057,ok
real_vs_real,original,726000,727000,858,0,15,0.5,uniform,1.0,0.28386689884102206,0.08058041625761905,ok
real_vs_real,original,727000,728000,933,0,15,0.5,uniform,1.0,0.28062546686796297,0.0787506526548622,ok
real_vs_real,original,728000,729000,912,0,15,0.5,uniform,1.0,0.27699335419640614,0.07672531826897572,ok
real_vs_real,original,729000,730000,841,0,15,0.5,uniform,1.0,0.27948224739786626,0.07811032661056211,ok
real_vs_real,original,730000,731000,915,0,15,0.5,uniform,1.0,0.26855569156881676,0.07212215947400542,ok
real_vs_real,original,731000,732000,885,0,15,0.5,uniform,1.0,0.27248187098455334,0.07424637001524279,ok
real_vs_real,original,732000,733000,887,0,15,0.5,uniform,1.0,0.2657329800830407,0.0706140167038137,ok
real_vs_real,original,733000,734000,928,0,15,0.5,uniform,1.0,0.27169345046169924,0.07381733102378382,ok
real_vs_real,original,734000,735000,915,0,15,0.5,uniform,1.0,0.2796171405365983,0.07818574528186376,ok
real_vs_real,original,735000,736000,905,0,15,0.5,uniform,1.0,0.28265341328419713,0.07989295204120714,ok
real_vs_real,original,736000,737000,907,0,15,0.5,uniform,1.0,0.28286591994167326,0.08001312866444911,ok
real_vs_real,original,737000,738000,796,0,15,0.5,uniform,1.0,0.27775958997861855,0.0771503898250903,ok
real_vs_real,original,738000,739000,878,0,15,0.5,uniform,1.0,0.2705146413325918,0.07317817117530079,ok
real_vs_real,original,739000,740000,887,0,15,0.5,uniform,1.0,0.2694189195357689,0.07258655420382112,ok
real_vs_real,original,740000,741000,898,0,15,0.5,uniform,1.0,0.2731458024654411,0.07460862940448978,ok
real_vs_real,original,741000,742000,919,0,15,0.5,uniform,1.0,0.2642054618913429,0.06980452609321787,ok
real_vs_real,original,742000,743000,869,0,15,0.5,uniform,1.0,0.28509430209085773,0.08127876108467325,ok
real_vs_real,original,743000,744000,926,0,15,0.5,uniform,1.0,0.2878459274150913,0.08285527792945402,ok
real_vs_real,original,744000,745000,879,0,15,0.5,uniform,1.0,0.28200735121526066,0.07952814613944739,ok
real_vs_real,original,745000,746000,849,0,15,0.5,uniform,1.0,0.2868988575812089,0.08231095448140278,ok
real_vs_real,original,746000,747000,852,0,15,0.5,uniform,1.0,0.2768211517834262,0.07662995007470269,ok
real_vs_real,original,747000,748000,869,0,15,0.5,uniform,1.0,0.26919928941965626,0.07246825742404785,ok
real_vs_real,original,748000,749000,885,0,15,0.5,uniform,1.0,0.267921566275773,0.07178196567566344,ok
real_vs_real,original,749000,750000,998,0,15,0.5,uniform,1.0,0.2608225639578839,0.06802840986956442,ok
real_vs_real,original,750000,751000,915,0,15,0.5,uniform,1.0,0.27951488437552036,0.0781285705874605,ok
real_vs_real,original,751000,752000,866,0,15,0.5,uniform,1.0,0.2884418617556771,0.08319870761308114,ok
real_vs_real,original,752000,753000,890,0,15,0.5,uniform,1.0,0.2864034790845691,0.0820269528317452,ok
real_vs_real,original,753000,754000,843,0,15,0.5,uniform,1.0,0.2946078047173276,0.08679375860036304,ok
real_vs_real,original,754000,755000,811,0,15,0.5,uniform,1.0,0.29242283664511975,0.08551111539157838,ok
real_vs_real,original,755000,756000,890,0,15,0.5,uniform,1.0,0.2713139117995524,0.0736112387359753,ok
real_vs_real,original,756000,757000,874,0,15,0.5,uniform,1.0,0.2776383376509893,0.07708304653360472,ok
real_vs_real,original,757000,758000,924,0,15,0.5,uniform,1.0,0.26894750079304763,0.07233275818282636,ok
real_vs_real,original,758000,759000,918,0,15,0.5,uniform,1.0,0.2750898959520654,0.07567445085491818,ok
real_vs_real,original,759000,760000,861,0,15,0.5,uniform,1.0,0.282277361152577,0.07968050861926239,ok
real_vs_real,original,760000,761000,822,0,15,0.5,uniform,1.0,0.2951652429089735,0.08712252062151332,ok
real_vs_real,original,761000,762000,877,0,15,0.5,uniform,1.0,0.2821735652543846,0.07962192092837043,ok
real_vs_real,original,762000,763000,858,0,15,0.5,uniform,1.0,0.2827425793029954,0.07994336615091065,ok
real_vs_real,original,763000,764000,838,0,15,0.5,uniform,1.0,0.269545385036996,0.07265471459474242,ok
real_vs_real,original,764000,765000,872,0,15,0.5,uniform,1.0,0.2740408600807322,0.07509839299378746,ok
real_vs_real,original,765000,766000,858,0,15,0.5,uniform,1.0,0.27185263879817545,0.07390385722153126,ok
real_vs_real,original,766000,767000,1024,0,15,0.5,uniform,1.0,0.26274769415769195,0.06903635078518404,ok
real_vs_real,original,767000,768000,968,0,15,0.5,uniform,1.0,0.2832068929761299,0.08020614422919307,ok
real_vs_real,original,768000,769000,973,0,15,0.5,uniform,1.0,0.2898114511357529,0.08399067720941089,ok
real_vs_real,original,769000,770000,1031,0,15,0.5,uniform,1.0,0.2915034209696353,0.08497424443700038,ok
real_vs_real,original,770000,771000,1059,0,15,0.5,uniform,1.0,0.2876430280931301,0.08273851161058524,ok
real_vs_real,original,771000,772000,1078,0,15,0.5,uniform,1.0,0.29614692625989203,0.08770300193318192,ok
real_vs_real,original,772000,773000,1142,0,15,0.5,uniform,1.0,0.29493915671180526,0.08698910616187082,ok
real_vs_real,original,773000,774000,1181,0,15,0.5,uniform,1.0,0.2960133128826287,0.08762388140374906,ok
real_vs_real,original,774000,775000,1339,0,15,0.5,uniform,1.0,0.2938964603000513,0.08637512937689962,ok
real_vs_real,original,775000,776000,1327,0,15,0.5,uniform,1.0,0.29234173048830964,0.08546368738489946,ok
real_vs_real,original,776000,777000,1286,0,15,0.5,uniform,1.0,0.2940820788463557,0.08648426909859416,ok
real_vs_real,original,777000,778000,1322,0,15,0.5,uniform,1.0,0.29624177268867347,0.08775918788572767,ok
real_vs_real,original,778000,779000,1359,0,15,0.5,uniform,1.0,0.29076576900045253,0.08454473242242451,ok
real_vs_real,original,779000,780000,1359,0,15,0.5,uniform,1.0,0.2935141835265212,0.08615057593124036,ok
real_vs_real,original,780000,781000,1378,0,15,0.5,uniform,1.0,0.29254458883679657,0.08558233645769035,ok
real_vs_real,original,781000,782000,1411,0,15,0.5,uniform,1.0,0.29162551284377985,0.08504543974139762,ok
real_vs_real,original,782000,783000,1417,0,15,0.5,uniform,1.0,0.28829029588443533,0.08311129470113526,ok
real_vs_real,original,783000,784000,1487,0,15,0.5,uniform,1.0,0.2847839511686498,0.08110189884322791,ok
real_vs_real,original,784000,785000,1405,0,15,0.5,uniform,1.0,0.28518828175938726,0.08133235605287167,ok
real_vs_real,original,785000,786000,1448,0,15,0.5,uniform,1.0,0.2862523215686327,0.08194039160343189,ok
real_vs_real,original,786000,787000,1404,0,15,0.5,uniform,1.0,0.28694415116358307,0.08233694588698923,ok
real_vs_real,original,787000,788000,1423,0,15,0.5,uniform,1.0,0.28949058245393827,0.08380479732952043,ok
real_vs_real,original,788000,789000,1526,0,15,0.5,uniform,1.0,0.28649104680570203,0.08207711989982697,ok
real_vs_real,original,789000,790000,1480,0,15,0.5,uniform,1.0,0.2912652165383642,0.08483542636514016,ok
real_vs_real,original,790000,791000,1527,0,15,0.5,uniform,1.0,0.28447631207160107,0.08092677212985896,ok
real_vs_real,original,791000,792000,1572,0,15,0.5,uniform,1.0,0.2802707984848936,0.07855172048335986,ok
real_vs_real,original,792000,793000,1516,0,15,0.5,uniform,1.0,0.280289886635728,0.07856242055026927,ok
real_vs_real,original,793000,794000,1447,0,15,0.5,uniform,1.0,0.28010861384415625,0.07846083554969464,ok
real_vs_real,original,794000,795000,1543,0,15,0.5,uniform,1.0,0.2820846943688517,0.07957177479716848,ok
real_vs_real,original,795000,796000,1480,0,15,0.5,uniform,1.0,0.28313357617464285,0.0801646219574423,ok
real_vs_real,original,796000,797000,1547,0,15,0.5,uniform,1.0,0.2845185212448326,0.08095078893134626,ok
real_vs_real,original,797000,798000,1582,0,15,0.5,uniform,1.0,0.28542647228802714,0.08146827108278792,ok
real_vs_real,original,798000,799000,1506,0,15,0.5,uniform,1.0,0.28132606816281214,0.07914435662794722,ok
real_vs_real,original,799000,800000,1639,0,15,0.5,uniform,1.0,0.2826258024281771,0.07987734419817098,ok
real_vs_real,original,800000,801000,1556,0,15,0.5,uniform,1.0,0.278322878418698,0.07746362465126935,ok
real_vs_real,original,801000,802000,1468,0,15,0.5,uniform,1.0,0.28122009675904935,0.07908474282116909,ok
real_vs_real,original,802000,803000,1591,0,15,0.5,uniform,1.0,0.2802382005129939,0.07853344902676097,ok
real_vs_real,original,803000,804000,1432,0,15,0.5,uniform,1.0,0.28220405955002925,0.07963913122651646,ok
real_vs_real,original,804000,805000,1599,0,15,0.5,uniform,1.0,0.28342252430815984,0.08032832728520946,ok
real_vs_real,original,805000,806000,1636,0,15,0.5,uniform,1.0,0.2849417765407849,0.0811918160182186,ok
real_vs_real,original,806000,807000,1505,0,15,0.5,uniform,1.0,0.2819754787796369,0.07951017063300546,ok
real_vs_real,original,807000,808000,1668,0,15,0.5,uniform,1.0,0.28253006104448875,0.07982323539380252,ok
real_vs_real,original,808000,809000,1551,0,15,0.5,uniform,1.0,0.2818506590910967,0.0794397940300856,ok
real_vs_real,original,809000,810000,1501,0,15,0.5,uniform,1.0,0.2805070891907645,0.07868422708627551,ok
real_vs_real,original,810000,811000,1533,0,15,0.5,uniform,1.0,0.28334080815484664,0.08028201356584161,ok
real_vs_real,original,811000,812000,1642,0,15,0.5,uniform,1.0,0.2779499309355236,0.07725616410706233,ok
real_vs_real,original,812000,813000,1551,0,15,0.5,uniform,1.0,0.281392441055876,0.07918170588338466,ok
real_vs_real,original,813000,814000,1652,0,15,0.5,uniform,1.0,0.28507685715989484,0.08126881448816307,ok
real_vs_real,original,814000,815000,1649,0,15,0.5,uniform,1.0,0.2813357860968923,0.07914982453875634,ok
real_vs_real,original,815000,816000,1643,0,15,0.5,uniform,1.0,0.277167433509135,0.07682178619804077,ok
real_vs_real,original,816000,817000,1741,0,15,0.5,uniform,1.0,0.28136114395632034,0.07916409332840922,ok
real_vs_real,original,817000,818000,1539,0,15,0.5,uniform,1.0,0.27934725482708256,0.07803488877942699,ok
real_vs_real,original,818000,819000,1566,0,15,0.5,uniform,1.0,0.279147859736823,0.07792352759564901,ok
real_vs_real,original,819000,820000,1587,0,15,0.5,uniform,1.0,0.27966946190636915,0.07821500792299806,ok
real_vs_real,original,820000,821000,1551,0,15,0.5,uniform,1.0,0.2791000685614967,0.07789684827103216,ok
real_vs_real,original,821000,822000,1651,0,15,0.5,uniform,1.0,0.28129788314470805,0.07912849906169382,ok
real_vs_real,original,822000,823000,1659,0,15,0.5,uniform,1.0,0.2809015082875721,0.07890565735823295,ok
real_vs_real,original,823000,824000,1719,0,15,0.5,uniform,1.0,0.27876704608107034,0.07771106598076559,ok
real_vs_real,original,824000,825000,1731,0,15,0.5,uniform,1.0,0.2786271713857232,0.07763310063440917,ok
real_vs_real,original,825000,826000,1606,0,15,0.5,uniform,1.0,0.2774068897249225,0.0769545824668553,ok
real_vs_real,original,826000,827000,1541,0,15,0.5,uniform,1.0,0.27758232542861544,0.07705194739035776,ok
real_vs_real,original,827000,828000,1607,0,15,0.5,uniform,1.0,0.28174812999046933,0.0793820087531264,ok
real_vs_real,original,828000,829000,1581,0,15,0.5,uniform,1.0,0.279485243296945,0.07811200122075254,ok
real_vs_real,original,829000,830000,1641,0,15,0.5,uniform,1.0,0.2764945131055355,0.07644921577746716,ok
real_vs_real,original,830000,831000,1748,0,15,0.5,uniform,1.0,0.28208986673545694,0.07957469291482784,ok
real_vs_real,original,831000,832000,1616,0,15,0.5,uniform,1.0,0.2754875233597729,0.07589337552690142,ok
real_vs_real,original,832000,833000,1772,0,15,0.5,uniform,1.0,0.27556591381518436,0.07593657285679763,ok
real_vs_real,original,833000,834000,1649,0,15,0.5,uniform,1.0,0.27813550708312973,0.07735936030038972,ok
real_vs_real,original,834000,835000,1504,0,15,0.5,uniform,1.0,0.28234692609731926,0.07971978667660505,ok
real_vs_real,original,835000,836000,1608,0,15,0.5,uniform,1.0,0.2781314282967381,0.07735709140638357,ok
real_vs_real,original,836000,837000,1620,0,15,0.5,uniform,1.0,0.2755235531392157,0.07591322833445822,ok
real_vs_real,original,837000,838000,1599,0,15,0.5,uniform,1.0,0.27470635471255034,0.07546358131945753,ok
real_vs_real,original,838000,839000,1768,0,15,0.5,uniform,1.0,0.28148705027180976,0.07923495947072434,ok
real_vs_real,original,839000,840000,1719,0,15,0.5,uniform,1.0,0.2780093776084808,0.07728921403825488,ok
real_vs_real,original,840000,841000,1614,0,15,0.5,uniform,1.0,0.2762301179356276,0.07630307805473072,ok
real_vs_real,original,841000,842000,1795,0,15,0.5,uniform,1.0,0.2717485810576999,0.07384729130687329,ok
real_vs_real,original,842000,843000,1664,0,15,0.5,uniform,1.0,0.2731874780044152,0.07463139813841282,ok
real_vs_real,original,843000,844000,1650,0,15,0.5,uniform,1.0,0.2740398600881465,0.07509784491713092,ok
real_vs_real,original,844000,845000,1790,0,15,0.5,uniform,1.0,0.270541961345507,0.0731929528486738,ok
real_vs_real,original,845000,846000,1688,0,15,0.5,uniform,1.0,0.27324588837339153,0.07466331551296394,ok
real_vs_real,original,846000,847000,1759,0,15,0.5,uniform,1.0,0.2727010393678341,0.07436585687229698,ok
real_vs_real,original,847000,848000,1842,0,15,0.5,uniform,1.0,0.2728157030931694,0.07442840785422036,ok
real_vs_real,original,848000,849000,1835,0,15,0.5,uniform,1.0,0.27413018711569354,0.07514735948808515,ok
real_vs_real,original,849000,850000,1831,0,15,0.5,uniform,1.0,0.272384957404681,0.07419356502034988,ok
real_vs_real,original,850000,851000,1716,0,15,0.5,uniform,1.0,0.27480874029044383,0.0755198437400206,ok
real_vs_real,original,851000,852000,1718,0,15,0.5,uniform,1.0,0.2742074904863813,0.0751897478388389,ok
real_vs_real,original,852000,853000,1783,0,15,0.5,uniform,1.0,0.27365363895305317,0.07488631411224797,ok
real_vs_real,original,853000,854000,1735,0,15,0.5,uniform,1.0,0.2725275112229759,0.07427124437338926,ok
real_vs_real,original,854000,855000,1803,0,15,0.5,uniform,1.0,0.2712565447305056,0.07358011305913278,ok
real_vs_real,original,855000,856000,1837,0,15,0.5,uniform,1.0,0.274932428037485,0.07558783998658687,ok
real_vs_real,original,856000,857000,1757,0,15,0.5,uniform,1.0,0.2731896524906196,0.0746325862279455,ok
real_vs_real,original,857000,858000,1896,0,15,0.5,uniform,1.0,0.27131993551995925,0.07361450741055484,ok
real_vs_real,original,858000,859000,1959,0,15,0.5,uniform,1.0,0.26661372824580226,0.0710828800891265,ok
real_vs_real,original,859000,860000,1683,0,15,0.5,uniform,1.0,0.27192400869230976,0.07394266650329534,ok
real_vs_real,original,860000,861000,1800,0,15,0.5,uniform,1.0,0.27148969106036225,0.07370665235205094,ok
real_vs_real,original,861000,862000,1772,0,15,0.5,uniform,1.0,0.2710026495696896,0.073442436073792,ok
real_vs_real,original,862000,863000,1834,0,15,0.5,uniform,1.0,0.2701081418798299,0.07295840830977433,ok
real_vs_real,original,863000,864000,1918,0,15,0.5,uniform,1.0,0.27079059149868867,0.07332754444420968,ok
real_vs_real,original,864000,865000,1852,0,15,0.5,uniform,1.0,0.27199742398686866,0.0739825986554924,ok
real_vs_real,original,865000,866000,1918,0,15,0.5,uniform,1.0,0.27048510545497373,0.07316219227298827,ok
real_vs_real,original,866000,867000,1946,0,15,0.5,uniform,1.0,0.2677976687897443,0.07171559140922161,ok
real_vs_real,original,867000,868000,1837,0,15,0.5,uniform,1.0,0.2687168823240265,0.07220876284594473,ok
real_vs_real,original,868000,869000,1795,0,15,0.5,uniform,1.0,0.270534317858641,0.07318881713924022,ok
real_vs_real,original,869000,870000,1809,0,15,0.5,uniform,1.0,0.27060867633299873,0.07322905570669767,ok
real_vs_real,original,870000,871000,1888,0,15,0.5,uniform,1.0,0.26773523391968407,0.07168215548202794,ok
real_vs_real,original,871000,872000,1953,0,15,0.5,uniform,1.0,0.26853003496982425,0.07210837968089505,ok
real_vs_real,original,872000,873000,1939,0,15,0.5,uniform,1.0,0.2695574937595303,0.07266124244191921,ok
real_vs_real,original,873000,874000,1943,0,15,0.5,uniform,1.0,0.26935159767142924,0.07255028316815149,ok
real_vs_real,original,874000,875000,1990,0,15,0.5,uniform,1.0,0.2663173985661262,0.07092495677902892,ok
real_vs_real,original,875000,876000,1903,0,15,0.5,uniform,1.0,0.2664997174827873,0.07102209941840544,ok
real_vs_real,original,876000,877000,1962,0,15,0.5,uniform,1.0,0.27027264159894926,0.07304730079687408,ok
real_vs_real,original,877000,878000,1821,0,15,0.5,uniform,1.0,0.27087773081555766,0.0733747450517857,ok
real_vs_real,original,878000,879000,1837,0,15,0.5,uniform,1.0,0.2684244367900412,0.07205167826605081,ok
real_vs_real,original,879000,880000,1935,0,15,0.5,uniform,1.0,0.2714651080094197,0.0736933048665659,ok
real_vs_real,original,880000,881000,1940,0,15,0.5,uniform,1.0,0.27045493202141263,0.07314587025470694,ok
real_vs_real,original,881000,882000,1968,0,15,0.5,uniform,1.0,0.2693560094319335,0.07255265981709585,ok
real_vs_real,original,882000,883000,1991,0,15,0.5,uniform,1.0,0.26939657011095125,0.07257451198754468,ok
real_vs_real,original,883000,884000,1870,0,15,0.5,uniform,1.0,0.26886087787598306,0.07228617165224428,ok
real_vs_real,original,884000,885000,1868,0,15,0.5,uniform,1.0,0.2707081880776954,0.07328292309230892,ok
real_vs_real,original,885000,886000,1879,0,15,0.5,uniform,1.0,0.26786414734101843,0.07175120143073084,ok
real_vs_real,original,886000,887000,1884,0,15,0.5,uniform,1.0,0.2688152205507341,0.0722616227997398,ok
real_vs_real,original,887000,888000,1878,0,15,0.5,uniform,1.0,0.26850819831166894,0.07209665256057854,ok
real_vs_real,original,888000,889000,1935,0,15,0.5,uniform,1.0,0.2708936846613213,0.07338338838938738,ok
real_vs_real,original,889000,890000,1986,0,15,0.5,uniform,1.0,0.26971415094406903,0.07274572321948004,ok
real_vs_real,original,890000,891000,1916,0,15,0.5,uniform,1.0,0.264699323518613,0.07006573187121133,ok
real_vs_real,original,891000,892000,1951,0,15,0.5,uniform,1.0,0.266201254038578,0.07086310765171153,ok
real_vs_real,original,892000,893000,1852,0,15,0.5,uniform,1.0,0.26920791024506524,0.0724728989385151,ok
real_vs_real,original,893000,894000,1950,0,15,0.5,uniform,1.0,0.26641976956303576,0.07097949361402109,ok
real_vs_real,original,894000,895000,1831,0,15,0.5,uniform,1.0,0.2677564240786153,0.07169350263536728,ok
real_vs_real,original,895000,896000,1885,0,15,0.5,uniform,1.0,0.2682181795206986,0.07194099182539769,ok
real_vs_real,original,896000,897000,1883,0,15,0.5,uniform,1.0,0.26703077819605703,0.07130543650399179,ok
real_vs_real,original,897000,898000,1966,0,15,0.5,uniform,1.0,0.26856490398379973,0.07212710765182756,ok
real_vs_real,original,898000,899000,1901,0,15,0.5,uniform,1.0,0.26893806345315546,0.07232768197393348,ok
real_vs_real,original,899000,900000,1934,0,15,0.5,uniform,1.0,0.2660104552271753,0.07076156229016906,ok
real_vs_real,original,900000,901000,1933,0,15,0.5,uniform,1.0,0.26689658822515394,0.07123378880622738,ok
real_vs_real,original,901000,902000,1920,0,15,0.5,uniform,1.0,0.2654995230445787,0.07048999673689876,ok
real_vs_real,original,902000,903000,1898,0,15,0.5,uniform,1.0,0.2680855681392879,0.07186987184456477,ok
real_vs_real,original,903000,904000,1847,0,15,0.5,uniform,1.0,0.26902239919906173,0.07237305127081932,ok
real_vs_real,original,904000,905000,1879,0,15,0.5,uniform,1.0,0.2661296100621584,0.07082496935183649,ok
real_vs_real,original,905000,906000,1986,0,15,0.5,uniform,1.0,0.26461134600938585,0.07001916443689891,ok
real_vs_real,original,906000,907000,1962,0,15,0.5,uniform,1.0,0.2647292514252759,0.07008157656018695,ok
real_vs_real,original,907000,908000,1999,0,15,0.5,uniform,1.0,0.2640608490681147,0.06972813201057367,ok
real_vs_real,original,908000,909000,1976,0,15,0.5,uniform,1.0,0.2643202237645628,0.06986518069094855,ok
real_vs_real,original,909000,910000,1835,0,15,0.5,uniform,1.0,0.26669195121992695,0.0711245968454919,ok
real_vs_real,original,910000,911000,1855,0,15,0.5,uniform,1.0,0.2643504081074241,0.06988113826656168,ok
real_vs_real,original,911000,912000,1923,0,15,0.5,uniform,1.0,0.26506638037359803,0.07026018600436096,ok
real_vs_real,original,912000,913000,1939,0,15,0.5,uniform,1.0,0.2641199723806398,0.0697593598103499,ok
real_vs_real,original,913000,914000,1947,0,15,0.5,uniform,1.0,0.2666453834003326,0.07109976048871038,ok
real_vs_real,original,914000,915000,1905,0,15,0.5,uniform,1.0,0.26334904849956414,0.0693527213456258,ok
real_vs_real,original,915000,916000,1887,0,15,0.5,uniform,1.0,0.26647250309084763,0.07100759490350181,ok
real_vs_real,original,916000,917000,1943,0,15,0.5,uniform,1.0,0.2643348434487828,0.0698729094610925,ok
real_vs_real,original,917000,918000,1879,0,15,0.5,uniform,1.0,0.2643822732624339,0.06989798641541227,ok
real_vs_real,original,918000,919000,1887,0,15,0.5,uniform,1.0,0.2656678218647259,0.07057939157434773,ok
real_vs_real,original,919000,920000,1841,0,15,0.5,uniform,1.0,0.2644084633847924,0.0699118355095071,ok
real_vs_real,original,920000,921000,1865,0,15,0.5,uniform,1.0,0.2633513650988211,0.06935394149941258,ok
real_vs_real,original,921000,922000,1915,0,15,0.5,uniform,1.0,0.26347326643196434,0.06941816212432886,ok
real_vs_real,original,922000,923000,1845,0,15,0.5,uniform,1.0,0.26295210782092354,0.06914381100746661,ok
real_vs_real,original,923000,924000,1905,0,15,0.5,uniform,1.0,0.2626433534791452,0.0689815311267712,ok
real_vs_real,original,924000,925000,1940,0,15,0.5,uniform,1.0,0.262262190270766,0.06878145644561948,ok
real_vs_real,original,925000,926000,1875,0,15,0.5,uniform,1.0,0.2614230327651455,0.06834200206012635,ok
real_vs_real,original,926000,927000,1797,0,15,0.5,uniform,1.0,0.26482113146740377,0.07013023167167594,ok
real_vs_real,original,927000,928000,1874,0,15,0.5,uniform,1.0,0.2611857618772079,0.06821800220737755,ok
real_vs_real,original,928000,929000,1774,0,15,0.5,uniform,1.0,0.2604656315727492,0.06784234523059113,ok
real_vs_real,original,929000,930000,1920,0,15,0.5,uniform,1.0,0.2625758164750699,0.06894605939754958,ok
real_vs_real,original,930000,931000,1832,0,15,0.5,uniform,1.0,0.2621988033351085,0.06874821247036289,ok
real_vs_real,original,931000,932000,1898,0,15,0.5,uniform,1.0,0.2613201265558677,0.06828820854317472,ok
real_vs_real,original,932000,933000,1837,0,15,0.5,uniform,1.0,0.25804640058279976,0.06658794485373876,ok
real_vs_real,original,933000,934000,1742,0,15,0.5,uniform,1.0,0.2635088771893011,0.06943692835756618,ok
real_vs_real,original,934000,935000,1826,0,15,0.5,uniform,1.0,0.25963496156923044,0.06741031326905576,ok
real_vs_real,original,935000,936000,1783,0,15,0.5,uniform,1.0,0.25948723523405587,0.06733362524941423,ok
real_vs_real,original,936000,937000,1782,0,15,0.5,uniform,1.0,0.26076283803779166,0.06799725770152355,ok
real_vs_real,original,937000,938000,1756,0,15,0.5,uniform,1.0,0.2580820943249494,0.06660636741115207,ok
real_vs_real,original,938000,939000,1818,0,15,0.5,uniform,1.0,0.259063179120394,0.06711373077596536,ok
real_vs_real,original,939000,940000,1756,0,15,0.5,uniform,1.0,0.2576060639853473,0.06636088420202285,ok
real_vs_real,original,940000,941000,1779,0,15,0.5,uniform,1.0,0.2581248410823286,0.06662843358377737,ok
real_vs_real,original,941000,942000,1782,0,15,0.5,uniform,1.0,0.2529169459709785,0.06396698155928686,ok
real_vs_real,original,942000,943000,1721,0,15,0.5,uniform,1.0,0.2551724670045446,0.06511298791718541,ok
real_vs_real,original,943000,944000,1730,0,15,0.5,uniform,1.0,0.2548941229473066,0.06497101391307668,ok
real_vs_real,original,944000,945000,1711,0,15,0.5,uniform,1.0,0.2545302478187916,0.06478564705469546,ok
real_vs_real,original,945000,946000,1709,0,15,0.5,uniform,1.0,0.25057631333642233,0.0627884888052729,ok
real_vs_real,original,946000,947000,1783,0,15,0.5,uniform,1.0,0.2508526289509557,0.06292704145160588,ok
real_vs_real,original,947000,948000,1717,0,15,0.5,uniform,1.0,0.2492340965504333,0.06211763488331071,ok
real_vs_real,original,948000,949000,1693,0,15,0.5,uniform,1.0,0.2513292111613883,0.06316637238300571,ok
real_vs_real,original,949000,950000,1704,0,15,0.5,uniform,1.0,0.24523656656049325,0.060140973578379234,ok
real_vs_real,original,950000,951000,1755,0,15,0.5,uniform,1.0,0.24686712365609365,0.06094337674223303,ok
real_vs_real,original,951000,952000,1641,0,15,0.5,uniform,1.0,0.24308126834536725,0.059088503020392445,ok
real_vs_real,original,952000,953000,1750,0,15,0.5,uniform,1.0,0.2410558436906456,0.05810791977740896,ok
real_vs_real,original,953000,954000,1667,0,15,0.5,uniform,1.0,0.24285661655314758,0.058979336203642554,ok
real_vs_real,original,954000,955000,1745,0,15,0.5,uniform,1.0,0.2364337669093876,0.05590092613496263,ok
real_vs_real,original,955000,956000,1657,0,15,0.5,uniform,1.0,0.23936164212618014,0.05729399572134153,ok
real_vs_real,original,956000,957000,1671,0,15,0.5,uniform,1.0,0.23356525906592115,0.054552730242530864,ok
real_vs_real,original,957000,958000,1699,0,15,0.5,uniform,1.0,0.23143874906566964,0.053563894569082,ok
real_vs_real,original,958000,959000,1709,0,15,0.5,uniform,1.0,0.22704237607269911,0.05154824053273693,ok
real_vs_real,original,959000,960000,1683,0,15,0.5,uniform,1.0,0.22823882427544473,0.05209296090663734,ok
real_vs_real,original,960000,961000,1629,0,15,0.5,uniform,1.0,0.22462014358305396,0.05045420890327178,ok
real_vs_real,original,961000,962000,1708,0,15,0.5,uniform,1.0,0.22228199468451118,0.049409285160925055,ok
real_vs_real,original,962000,963000,1650,0,15,0.5,uniform,1.0,0.21789060743915972,0.047476316810206004,ok
real_vs_real,original,963000,964000,1630,0,15,0.5,uniform,1.0,0.21801240008269554,0.0475294065898173,ok
real_vs_real,original,964000,965000,1631,0,15,0.5,uniform,1.0,0.21374632543227665,0.045687491635800714,ok
real_vs_real,original,965000,966000,1717,0,15,0.5,uniform,1.0,0.20734221441783646,0.04299079387969207,ok
real_vs_real,original,966000,967000,1617,0,15,0.5,uniform,1.0,0.2052343578709498,0.04212114165070109,ok
real_vs_real,original,967000,968000,1626,0,15,0.5,uniform,1.0,0.20204951485545594,0.04082400645332511,ok
real_vs_real,original,968000,969000,1668,0,15,0.5,uniform,1.0,0.1934934908172004,0.03743973098862602,ok
real_vs_real,original,969000,970000,1629,0,15,0.5,uniform,1.0,0.19501689333603558,0.03803158868643868,ok
real_vs_real,original,970000,971000,1700,0,15,0.5,uniform,1.0,0.18521718121563766,0.03430540421746636,ok
real_vs_real,original,971000,972000,1599,0,15,0.5,uniform,1.0,0.1874443051736683,0.035135367542039296,ok
real_vs_real,original,972000,973000,1630,0,15,0.5,uniform,1.0,0.17937583183294564,0.032175689045761194,ok
real_vs_real,original,973000,974000,1662,0,15,0.5,uniform,1.0,0.17617255070187116,0.03103676762080336,ok
real_vs_real,original,974000,975000,1672,0,15,0.5,uniform,1.0,0.1695827327142694,0.02875830323483934,ok
real_vs_real,original,975000,976000,1607,0,15,0.5,uniform,1.0,0.1648714676838147,0.027182600856215156,ok
real_vs_real,original,976000,977000,1715,0,15,0.5,uniform,1.0,0.16077280339564748,0.02584789431169552,ok
real_vs_real,original,977000,978000,1559,0,15,0.5,uniform,1.0,0.15679213657470892,0.024583774091662174,ok
real_vs_real,original,978000,979000,1637,0,15,0.5,uniform,1.0,0.14932922215855685,0.022299216590479627,ok
real_vs_real,original,979000,980000,1660,0,15,0.5,uniform,1.0,0.141263578009462,0.019955398472035354,ok
real_vs_real,original,980000,981000,1697,0,15,0.5,uniform,1.0,0.1379678459976689,0.01903512652923648,ok
real_vs_real,original,981000,982000,1653,0,15,0.5,uniform,1.0,0.13135050359441264,0.01725295479450581,ok
real_vs_real,original,982000,983000,1585,0,15,0.5,uniform,1.0,0.12658320232343637,0.016023307110456027,ok
real_vs_real,original,983000,984000,1677,0,15,0.5,uniform,1.0,0.11558756966254971,0.013360486260494783,ok
real_vs_real,original,984000,985000,1598,0,15,0.5,uniform,1.0,0.11197306257172004,0.012537966741690332,ok
real_vs_real,original,985000,986000,1603,0,15,0.5,uniform,1.0,0.10466749472447089,0.01095528445189714,ok
real_vs_real,original,986000,987000,1652,0,15,0.5,uniform,1.0,0.10440881983932367,0.010901201660240348,ok
real_vs_real,original,987000,988000,1638,0,15,0.5,uniform,1.0,0.09230995427045678,0.008521127657413821,ok
real_vs_real,original,988000,989000,1678,0,15,0.5,uniform,1.0,0.08037564623199608,0.006460244507210985,ok
real_vs_real,original,989000,990000,1643,0,15,0.5,uniform,1.0,0.076707712162987,0.0058840731052796635,ok
real_vs_real,original,990000,991000,1644,0,15,0.5,uniform,1.0,0.07237523810974374,0.005238175091442102,ok
real_vs_real,original,991000,992000,1679,0,15,0.5,uniform,1.0,0.059544287197313986,0.00354552213783621,ok
real_vs_real,original,992000,993000,1633,0,15,0.5,uniform,1.0,0.05637888710979177,0.0031785789117386443,ok
real_vs_real,original,993000,994000,1656,0,15,0.5,uniform,1.0,0.05672400235613622,0.003217612443298948,ok
real_vs_real,original,994000,995000,1655,0,15,0.5,uniform,1.0,0.051223145296829524,0.0026238106141001083,ok
real_vs_real,original,995000,996000,1695,0,15,0.5,uniform,1.0,0.04416774268337961,0.0019507894937452336,ok
real_vs_real,original,996000,997000,1675,0,15,0.5,uniform,1.0,0.04319777074633224,0.0018660473974526776,ok
real_vs_real,original,997000,998000,1586,0,15,0.5,uniform,1.0,0.03995056485939896,0.0015960476325850431,ok
real_vs_real,original,998000,999000,1664,0,15,0.5,uniform,1.0,0.03820769984657886,0.0014598283275662621,ok
real_vs_real,original,999000,1000000,1637,0,15,0.5,uniform,1.0,0.03627530491908709,0.001315897746972744,ok
real_vs_real,original,1000000,1001000,1665,0,15,0.5,uniform,1.0,0.046796190963054964,0.002189883488650707,ok
real_vs_real,original,1001000,1002000,1603,0,15,0.5,uniform,1.0,0.059249638003755496,0.0035105196035760677,ok
real_vs_real,original,1002000,1003000,1675,0,15,0.5,uniform,1.0,0.05602881545071905,0.0031392281608107336,ok
real_vs_real,original,1003000,1004000,1597,0,15,0.5,uniform,1.0,0.06603669450460375,0.0043608450210943644,ok
real_vs_real,original,1004000,1005000,1673,0,15,0.5,uniform,1.0,0.06525333753509947,0.004257998059469623,ok
real_vs_real,original,1005000,1006000,1616,0,15,0.5,uniform,1.0,0.07469289700706445,0.005579028863307939,ok
real_vs_real,original,1006000,1007000,1639,0,15,0.5,uniform,1.0,0.07951270359954159,0.006322270033708555,ok
real_vs_real,original,1007000,1008000,1682,0,15,0.5,uniform,1.0,0.08551002306595956,0.007311964044740937,ok
real_vs_real,original,1008000,1009000,1641,0,15,0.5,uniform,1.0,0.0974724405855744,0.00950087667370833,ok
real_vs_real,original,1009000,1010000,1643,0,15,0.5,uniform,1.0,0.10716036532082451,0.011483343895692569,ok
real_vs_real,original,1010000,1011000,1692,0,15,0.5,uniform,1.0,0.11314342343724039,0.012801434267098677,ok
real_vs_real,original,1011000,1012000,1674,0,15,0.5,uniform,1.0,0.11642910052080532,0.013555735448083792,ok
real_vs_real,original,1012000,1013000,1752,0,15,0.5,uniform,1.0,0.12073610399151631,0.014577206807050241,ok
real_vs_real,original,1013000,1014000,1672,0,15,0.5,uniform,1.0,0.12446500536206921,0.015491537559779917,ok
real_vs_real,original,1014000,1015000,1645,0,15,0.5,uniform,1.0,0.13154066647193924,0.017302946935881962,ok
v2e_vs_real,original,15000,16000,3703,0,15,0.5,uniform,1.0,0.09827400641555528,0.0096577803369646,ok
v2e_vs_real,original,16000,17000,3755,0,15,0.5,uniform,1.0,0.11090434810785973,0.012299774429229332,ok
v2e_vs_real,original,17000,18000,3828,0,15,0.5,uniform,1.0,0.12573594693223025,0.015809528350944624,ok
v2e_vs_real,original,18000,19000,3766,0,15,0.5,uniform,1.0,0.15294857780698062,0.023393267453178004,ok
v2e_vs_real,original,19000,20000,7617,0,15,0.5,uniform,1.0,0.08867824521208403,0.007863831173894505,ok
v2e_vs_real,original,20000,21000,4016,0,15,0.5,uniform,1.0,0.12649334022686817,0.01600056512175023,ok
v2e_vs_real,original,21000,22000,4094,0,15,0.5,uniform,1.0,0.10951450827261806,0.011993427522193331,ok
v2e_vs_real,original,22000,23000,4007,0,15,0.5,uniform,1.0,0.10067475747056318,0.010135406791756715,ok
v2e_vs_real,original,23000,24000,4013,0,15,0.5,uniform,1.0,0.09521148966169748,0.009065227763599526,ok
v2e_vs_real,original,24000,25000,4061,0,15,0.5,uniform,1.0,0.10450728580358,0.010921772786031153,ok
v2e_vs_real,original,25000,26000,3987,0,15,0.5,uniform,1.0,0.12053490618517244,0.01452866360906832,ok
v2e_vs_real,original,26000,27000,4080,0,15,0.5,uniform,1.0,0.1423797024622712,0.020271979673244872,ok
v2e_vs_real,original,27000,28000,8715,0,15,0.5,uniform,1.0,0.1117225080719531,0.012481918809887624,ok
v2e_vs_real,original,28000,29000,4646,0,15,0.5,uniform,1.0,0.1532347311527221,0.023480882831447017,ok
v2e_vs_real,original,29000,30000,4592,0,15,0.5,uniform,1.0,0.14290312174879,0.020421302205549496,ok
v2e_vs_real,original,30000,31000,4399,0,15,0.5,uniform,1.0,0.13140200370373178,0.017266486577355543,ok
v2e_vs_real,original,31000,32000,5656,0,15,0.5,uniform,1.0,0.12168468400219275,0.014807162320713503,ok
v2e_vs_real,original,32000,33000,5924,0,15,0.5,uniform,1.0,0.12841189777116588,0.01648961548919236,ok
v2e_vs_real,original,33000,34000,5971,0,15,0.5,uniform,1.0,0.13134494796586543,0.017251495356155895,ok
v2e_vs_real,original,34000,35000,5378,0,15,0.5,uniform,1.0,0.13911525482682344,0.019353054125532024,ok
v2e_vs_real,original,35000,36000,5296,0,15,0.5,uniform,1.0,0.14969083150257284,0.022407345035931656,ok
v2e_vs_real,original,36000,37000,4999,0,15,0.5,uniform,1.0,0.16251209217034218,0.02641018010158179,ok
v2e_vs_real,original,37000,38000,9268,0,15,0.5,uniform,1.0,0.1428575113965376,0.020408268562411874,ok
v2e_vs_real,original,38000,39000,4355,0,15,0.5,uniform,1.0,0.1730331796363165,0.029940481255053775,ok
v2e_vs_real,original,39000,40000,4403,0,15,0.5,uniform,1.0,0.16531848454801085,0.027330201333250904,ok
v2e_vs_real,original,40000,41000,4256,0,15,0.5,uniform,1.0,0.16489691100008136,0.027190991257368756,ok
v2e_vs_real,original,41000,42000,4207,0,15,0.5,uniform,1.0,0.1672013452301239,0.02795628984676308,ok
v2e_vs_real,original,42000,43000,3959,0,15,0.5,uniform,1.0,0.17471531191162967,0.03052544021637804,ok
v2e_vs_real,original,43000,44000,4055,0,15,0.5,uniform,1.0,0.18078568837762862,0.032683465122173044,ok
v2e_vs_real,original,44000,45000,3951,0,15,0.5,uniform,1.0,0.19298015323901904,0.037241339544155275,ok
v2e_vs_real,original,45000,46000,3980,0,15,0.5,uniform,1.0,0.2057598201538551,0.042337103589746794,ok
v2e_vs_real,original,46000,47000,7520,0,15,0.5,uniform,1.0,0.17768853956386402,0.031573217092338866,ok
v2e_vs_real,original,47000,48000,4107,0,15,0.5,uniform,1.0,0.20544704178048093,0.04220848697635068,ok
v2e_vs_real,original,48000,49000,4101,0,15,0.5,uniform,1.0,0.20076381613538527,0.04030610986924278,ok
v2e_vs_real,original,49000,50000,3995,0,15,0.5,uniform,1.0,0.2032336687742194,0.04130392412342912,ok
v2e_vs_real,original,50000,51000,3916,0,15,0.5,uniform,1.0,0.2091582472047554,0.04374717237376557,ok
v2e_vs_real,original,51000,52000,3898,0,15,0.5,uniform,1.0,0.21360716038199604,0.04562801896645978,ok
v2e_vs_real,original,52000,53000,3984,0,15,0.5,uniform,1.0,0.2156932447108874,0.046523575813910756,ok
v2e_vs_real,original,53000,54000,3778,0,15,0.5,uniform,1.0,0.23042449048748964,0.05309544581641921,ok
v2e_vs_real,original,54000,55000,3774,0,15,0.5,uniform,1.0,0.23761340013468274,0.05646012792356485,ok
v2e_vs_real,original,55000,56000,7460,0,15,0.5,uniform,1.0,0.2054963185476693,0.04222873693664518,ok
v2e_vs_real,original,56000,57000,3771,0,15,0.5,uniform,1.0,0.23937340353812,0.05729962632142364,ok
v2e_vs_real,original,57000,58000,3746,0,15,0.5,uniform,1.0,0.23930245952583126,0.05726566713511211,ok
v2e_vs_real,original,58000,59000,3681,0,15,0.5,uniform,1.0,0.23834816804078102,0.056809849208396386,ok
v2e_vs_real,original,59000,60000,3807,0,15,0.5,uniform,1.0,0.23555101859448932,0.05548428236090146,ok
v2e_vs_real,original,60000,61000,3701,0,15,0.5,uniform,1.0,0.2436628186769158,0.05937156920557955,ok
v2e_vs_real,original,61000,62000,3750,0,15,0.5,uniform,1.0,0.24417672303930812,0.059622272074214985,ok
v2e_vs_real,original,62000,63000,3672,0,15,0.5,uniform,1.0,0.24839237763710714,0.06169877326821525,ok
v2e_vs_real,original,63000,64000,3745,0,15,0.5,uniform,1.0,0.2510645296385915,0.0630333980426472,ok
v2e_vs_real,original,64000,65000,7570,0,15,0.5,uniform,1.0,0.2110690095816876,0.044550126805794524,ok
v2e_vs_real,original,65000,66000,3983,0,15,0.5,uniform,1.0,0.23528156519465954,0.05535741492044882,ok
v2e_vs_real,original,66000,67000,3962,0,15,0.5,uniform,1.0,0.2372960387244892,0.056309409994334286,ok
v2e_vs_real,original,67000,68000,3915,0,15,0.5,uniform,1.0,0.24126807357418723,0.058210283326199416,ok
v2e_vs_real,original,68000,69000,3850,0,15,0.5,uniform,1.0,0.2450710269788408,0.060059808264463714,ok
v2e_vs_real,original,69000,70000,3652,0,15,0.5,uniform,1.0,0.25019525257327213,0.06259766441020342,ok
v2e_vs_real,original,70000,71000,3612,0,15,0.5,uniform,1.0,0.2584129976669459,0.06677727736321701,ok
v2e_vs_real,original,71000,72000,3613,0,15,0.5,uniform,1.0,0.2626187136368104,0.06896858875225302,ok
v2e_vs_real,original,72000,73000,3507,0,15,0.5,uniform,1.0,0.2688635276948395,0.07228759652451373,ok
v2e_vs_real,original,73000,74000,7036,0,15,0.5,uniform,1.0,0.237839773457425,0.05656775783827924,ok
v2e_vs_real,original,74000,75000,3523,0,15,0.5,uniform,1.0,0.272544914303742,0.07428073031283407,ok
v2e_vs_real,original,75000,76000,3370,0,15,0.5,uniform,1.0,0.2761600696358139,0.07626438406125759,ok
v2e_vs_real,original,76000,77000,3531,0,15,0.5,uniform,1.0,0.27511263592771157,0.07568696244709358,ok
v2e_vs_real,original,77000,78000,3425,0,15,0.5,uniform,1.0,0.2756802346569003,0.0759995917804836,ok
v2e_vs_real,original,78000,79000,3465,0,15,0.5,uniform,1.0,0.2764635719397921,0.0764321066097086,ok
v2e_vs_real,original,79000,80000,3367,0,15,0.5,uniform,1.0,0.2806286063449382,0.07875241469910228,ok
v2e_vs_real,original,80000,81000,3458,0,15,0.5,uniform,1.0,0.2817026484116011,0.07935638212211013,ok
v2e_vs_real,original,81000,82000,3641,0,15,0.5,uniform,1.0,0.27907445765694416,0.07788255291651752,ok
v2e_vs_real,original,82000,83000,7245,0,15,0.5,uniform,1.0,0.24358576175864413,0.05933402333153894,ok
v2e_vs_real,original,83000,84000,3604,0,15,0.5,uniform,1.0,0.2801299514436954,0.07847278969584716,ok
v2e_vs_real,original,84000,85000,3635,0,15,0.5,uniform,1.0,0.28256950033611516,0.07984552252020179,ok
v2e_vs_real,original,85000,86000,3517,0,15,0.5,uniform,1.0,0.2840098206057615,0.08066157820051684,ok
v2e_vs_real,original,86000,87000,3571,0,15,0.5,uniform,1.0,0.28337173013120437,0.08029953743755212,ok
v2e_vs_real,original,87000,88000,3582,0,15,0.5,uniform,1.0,0.28601745178520077,0.08180598272569965,ok
v2e_vs_real,original,88000,89000,3699,0,15,0.5,uniform,1.0,0.28504333652761815,0.08124970369879699,ok
v2e_vs_real,original,89000,90000,3610,0,15,0.5,uniform,1.0,0.2843280057728559,0.08084241486676916,ok
v2e_vs_real,original,90000,91000,3558,0,15,0.5,uniform,1.0,0.2897806303574709,0.0839728137303732,ok
v2e_vs_real,original,91000,92000,7144,0,15,0.5,uniform,1.0,0.25308265386757617,0.06405082968865536,ok
v2e_vs_real,original,92000,93000,3638,0,15,0.5,uniform,1.0,0.287285592446251,0.08253301162719344,ok
v2e_vs_real,original,93000,94000,3618,0,15,0.5,uniform,1.0,0.28757757668272277,0.0827008626107073,ok
v2e_vs_real,original,94000,95000,3602,0,15,0.5,uniform,1.0,0.28776277151213475,0.08280741266834507,ok
v2e_vs_real,original,95000,96000,3571,0,15,0.5,uniform,1.0,0.2868848786403017,0.08230293359246064,ok
v2e_vs_real,original,96000,97000,3598,0,15,0.5,uniform,1.0,0.2849517420793835,0.08119749531407551,ok
v2e_vs_real,original,97000,98000,3646,0,15,0.5,uniform,1.0,0.28109094142992164,0.07901211735395963,ok
v2e_vs_real,original,98000,99000,3631,0,15,0.5,uniform,1.0,0.2680335628204018,0.07184199079819828,ok
v2e_vs_real,original,99000,100000,3744,0,15,0.5,uniform,1.0,0.26796444570393907,0.07180494416141932,ok
v2e_vs_real,original,100000,101000,7637,0,15,0.5,uniform,1.0,0.24064848751289533,0.05791169454224414,ok
v2e_vs_real,original,101000,102000,3625,0,15,0.5,uniform,1.0,0.27633064910453203,0.07635862763453201,ok
v2e_vs_real,original,102000,103000,3569,0,15,0.5,uniform,1.0,0.27997143539874364,0.0783840046392329,ok
v2e_vs_real,original,103000,104000,3554,0,15,0.5,uniform,1.0,0.28256532835390163,0.07984316478774825,ok
v2e_vs_real,original,104000,105000,3522,0,15,0.5,uniform,1.0,0.2818630067592709,0.0794467545793768,ok
v2e_vs_real,original,105000,106000,3552,0,15,0.5,uniform,1.0,0.2844159924126195,0.08089245674005524,ok
v2e_vs_real,original,106000,107000,3438,0,15,0.5,uniform,1.0,0.2861910304541919,0.0819053059124322,ok
v2e_vs_real,original,107000,108000,3463,0,15,0.5,uniform,1.0,0.28863322544599146,0.08330913883135654,ok
v2e_vs_real,original,108000,109000,3430,0,15,0.5,uniform,1.0,0.28987932134910477,0.08403002094581755,ok
v2e_vs_real,original,109000,110000,3344,0,15,0.5,uniform,1.0,0.2899645200187504,0.08407942286970431,ok
v2e_vs_real,original,110000,111000,6732,0,15,0.5,uniform,1.0,0.2583092661549477,0.06672367698150762,ok
v2e_vs_real,original,111000,112000,3327,0,15,0.5,uniform,1.0,0.29119379578033283,0.08479382670095818,ok
v2e_vs_real,original,112000,113000,3350,0,15,0.5,uniform,1.0,0.2927628792413227,0.08571010346166931,ok
v2e_vs_real,original,113000,114000,3325,0,15,0.5,uniform,1.0,0.29044272313607217,0.08435697542269706,ok
v2e_vs_real,original,114000,115000,3424,0,15,0.5,uniform,1.0,0.2903328880230697,0.08429318586781635,ok
v2e_vs_real,original,115000,116000,3437,0,15,0.5,uniform,1.0,0.28935987879149,0.08372913945422578,ok
v2e_vs_real,original,116000,117000,3443,0,15,0.5,uniform,1.0,0.290534076472675,0.08441004959183016,ok
v2e_vs_real,original,117000,118000,3447,0,15,0.5,uniform,1.0,0.2914029019670114,0.08491565127479567,ok
v2e_vs_real,original,118000,119000,3377,0,15,0.5,uniform,1.0,0.29237779581015955,0.08548477548280736,ok
v2e_vs_real,original,119000,120000,6768,0,15,0.5,uniform,1.0,0.2585013729801807,0.0668229598326385,ok
v2e_vs_real,original,120000,121000,3485,0,15,0.5,uniform,1.0,0.29207152474892706,0.08530577556916312,ok
v2e_vs_real,original,121000,122000,3387,0,15,0.5,uniform,1.0,0.2951068068979404,0.08708802747749828,ok
v2e_vs_real,original,122000,123000,3415,0,15,0.5,uniform,1.0,0.29487527138398717,0.08695142567378009,ok
v2e_vs_real,original,123000,124000,3444,0,15,0.5,uniform,1.0,0.29424127820193385,0.08657792979790782,ok
v2e_vs_real,original,124000,125000,3433,0,15,0.5,uniform,1.0,0.2951965969118089,0.08714103082831298,ok
v2e_vs_real,original,125000,126000,3419,0,15,0.5,uniform,1.0,0.2925892705587413,0.08560848124609631,ok
v2e_vs_real,original,126000,127000,3390,0,15,0.5,uniform,1.0,0.2939554148709324,0.086409785931942,ok
v2e_vs_real,original,127000,128000,3438,0,15,0.5,uniform,1.0,0.29544082885159356,0.08728528335251659,ok
v2e_vs_real,original,128000,129000,6769,0,15,0.5,uniform,1.0,0.25793055313929575,0.06652817024274307,ok
v2e_vs_real,original,129000,130000,3449,0,15,0.5,uniform,1.0,0.2901374133451385,0.08417971862260774,ok
v2e_vs_real,original,130000,131000,3488,0,15,0.5,uniform,1.0,0.2848745759591742,0.08115352402791931,ok
v2e_vs_real,original,131000,132000,3301,0,15,0.5,uniform,1.0,0.27615394185988645,0.07626099960475355,ok
v2e_vs_real,original,132000,133000,2589,0,15,0.5,uniform,1.0,0.28402206636282873,0.0806685341810111,ok
v2e_vs_real,original,133000,134000,5100,0,15,0.5,uniform,1.0,0.2629988639807409,0.06916840245516026,ok
v2e_vs_real,original,134000,135000,2457,0,15,0.5,uniform,1.0,0.29055058041411774,0.08441963977898069,ok
v2e_vs_real,original,135000,136000,4875,0,15,0.5,uniform,1.0,0.2680271350735627,0.07183854513574182,ok
v2e_vs_real,original,136000,137000,2390,0,15,0.5,uniform,1.0,0.2934571334493115,0.08611708917228701,ok
v2e_vs_real,original,137000,138000,4813,0,15,0.5,uniform,1.0,0.2708106076670985,0.07333838522502317,ok
v2e_vs_real,original,138000,139000,2390,0,15,0.5,uniform,1.0,0.29512782009189203,0.0871004301921922,ok
v2e_vs_real,original,139000,140000,4745,0,15,0.5,uniform,1.0,0.27300686844238503,0.07453275021671774,ok
v2e_vs_real,original,140000,141000,2311,0,15,0.5,uniform,1.0,0.2994912402843836,0.0896950030070784,ok
v2e_vs_real,original,141000,142000,4669,0,15,0.5,uniform,1.0,0.27542486304835945,0.07585885518520755,ok
v2e_vs_real,original,142000,143000,2337,0,15,0.5,uniform,1.0,0.3000184886727474,0.09001109354547947,ok
v2e_vs_real,original,143000,144000,4557,0,15,0.5,uniform,1.0,0.27516520635207486,0.07571589078677995,ok
v2e_vs_real,original,144000,145000,2333,0,15,0.5,uniform,1.0,0.30368653534721085,0.09222551175119274,ok
v2e_vs_real,original,145000,146000,4555,0,15,0.5,uniform,1.0,0.27416176369093115,0.07516467267012199,ok
v2e_vs_real,original,146000,147000,2347,0,15,0.5,uniform,1.0,0.30275693406860227,0.09166176112661997,ok
v2e_vs_real,original,147000,148000,4633,0,15,0.5,uniform,1.0,0.27373624821589737,0.07493153358731539,ok
v2e_vs_real,original,148000,149000,2390,0,15,0.5,uniform,1.0,0.2965967153548292,0.08796961155927355,ok
v2e_vs_real,original,149000,150000,4754,0,15,0.5,uniform,1.0,0.27356586350866946,0.07483828167724396,ok
v2e_vs_real,original,150000,151000,2317,0,15,0.5,uniform,1.0,0.29729603262112403,0.08838493101226044,ok
v2e_vs_real,original,151000,152000,4655,0,15,0.5,uniform,1.0,0.27518255339303954,0.07572543769191306,ok
v2e_vs_real,original,152000,153000,2375,0,15,0.5,uniform,1.0,0.3011644330105078,0.09070001571054066,ok
v2e_vs_real,original,153000,154000,4655,0,15,0.5,uniform,1.0,0.27446046983609507,0.07532854950265006,ok
v2e_vs_real,original,154000,155000,2341,0,15,0.5,uniform,1.0,0.30106360544880184,0.09063929452583182,ok
v2e_vs_real,original,155000,156000,4609,0,15,0.5,uniform,1.0,0.2778857344927653,0.07722048143458365,ok
v2e_vs_real,original,156000,157000,2303,0,15,0.5,uniform,1.0,0.3080537616137331,0.0948971200443707,ok
v2e_vs_real,original,157000,158000,4601,0,15,0.5,uniform,1.0,0.2776051557044729,0.07706462247370464,ok
v2e_vs_real,original,158000,159000,2309,0,15,0.5,uniform,1.0,0.3025455141373997,0.09153378812466355,ok
v2e_vs_real,original,159000,160000,4553,0,15,0.5,uniform,1.0,0.2769216248180625,0.07668558629187575,ok
v2e_vs_real,original,160000,161000,2263,0,15,0.5,uniform,1.0,0.30069771324833056,0.09041911475277524,ok
v2e_vs_real,original,161000,162000,4587,0,15,0.5,uniform,1.0,0.2742827729321262,0.0752310395273363,ok
v2e_vs_real,original,162000,163000,2314,0,15,0.5,uniform,1.0,0.297562399590618,0.08854338165012661,ok
v2e_vs_real,original,163000,164000,4578,0,15,0.5,uniform,1.0,0.27110640632819055,0.07349868355218594,ok
v2e_vs_real,original,164000,165000,2333,0,15,0.5,uniform,1.0,0.2906711501533293,0.08448971753145931,ok
v2e_vs_real,original,165000,166000,4748,0,15,0.5,uniform,1.0,0.2549185617634075,0.0649834731315242,ok
v2e_vs_real,original,166000,167000,2440,0,15,0.5,uniform,1.0,0.2832602572217718,0.0802363733213443,ok
v2e_vs_real,original,167000,168000,4811,0,15,0.5,uniform,1.0,0.2650082628678377,0.07022937938822896,ok
v2e_vs_real,original,168000,169000,2408,0,15,0.5,uniform,1.0,0.29127909939308366,0.08484351374324592,ok
v2e_vs_real,original,169000,170000,4766,0,15,0.5,uniform,1.0,0.2707244818118809,0.07329174505231142,ok
v2e_vs_real,original,170000,171000,2414,0,15,0.5,uniform,1.0,0.2986455706398043,0.08918917686277433,ok
v2e_vs_real,original,171000,172000,4640,0,15,0.5,uniform,1.0,0.2760410247800931,0.07619864736164399,ok
v2e_vs_real,original,172000,173000,2269,0,15,0.5,uniform,1.0,0.3058997344884778,0.0935746475601212,ok
v2e_vs_real,original,173000,174000,4684,0,15,0.5,uniform,1.0,0.27840439960360847,0.07750900971864572,ok
v2e_vs_real,original,174000,175000,2329,0,15,0.5,uniform,1.0,0.30764219050193153,0.09464371737682674,ok
v2e_vs_real,original,175000,176000,4580,0,15,0.5,uniform,1.0,0.28081984200386234,0.07885978366307421,ok
v2e_vs_real,original,176000,177000,2257,0,15,0.5,uniform,1.0,0.3109980041844787,0.09671975860672903,ok
v2e_vs_real,original,177000,178000,4574,0,15,0.5,uniform,1.0,0.2808418888690784,0.07887216654355178,ok
v2e_vs_real,original,178000,179000,2285,0,15,0.5,uniform,1.0,0.3098805365669714,0.09602594694303411,ok
v2e_vs_real,original,179000,180000,4543,0,15,0.5,uniform,1.0,0.2808161408185717,0.0788577049442359,ok
v2e_vs_real,original,180000,181000,2284,0,15,0.5,uniform,1.0,0.30895308315669917,0.09545200759203026,ok
v2e_vs_real,original,181000,182000,4663,0,15,0.5,uniform,1.0,0.27723393292256204,0.07685865356371162,ok
v2e_vs_real,original,182000,183000,2431,0,15,0.5,uniform,1.0,0.3048467273272358,0.09293152716212605,ok
v2e_vs_real,original,183000,184000,4646,0,15,0.5,uniform,1.0,0.27880712886598485,0.07773341510649388,ok
v2e_vs_real,original,184000,185000,2219,0,15,0.5,uniform,1.0,0.3109330512025972,0.09667936233015693,ok
v2e_vs_real,original,185000,186000,4481,0,15,0.5,uniform,1.0,0.28372244433495447,0.08049842541940133,ok
v2e_vs_real,original,186000,187000,2187,0,15,0.5,uniform,1.0,0.3142989655603323,0.09878383975229495,ok
v2e_vs_real,original,187000,188000,4334,0,15,0.5,uniform,1.0,0.2832800198655323,0.08024756965501638,ok
v2e_vs_real,original,188000,189000,2125,0,15,0.5,uniform,1.0,0.31200616224512595,0.09734784527893185,ok
v2e_vs_real,original,189000,190000,4145,0,15,0.5,uniform,1.0,0.287555249786583,0.08268802167982413,ok
v2e_vs_real,original,190000,191000,2013,0,15,0.5,uniform,1.0,0.3153049208840989,0.09941719313372785,ok
v2e_vs_real,original,191000,192000,4012,0,15,0.5,uniform,1.0,0.2871986192712215,0.08248304691129602,ok
v2e_vs_real,original,192000,193000,2044,0,15,0.5,uniform,1.0,0.3173093218692771,0.10068520574514046,ok
v2e_vs_real,original,193000,194000,4009,0,15,0.5,uniform,1.0,0.2832332209370472,0.0802210574423742,ok
v2e_vs_real,original,194000,195000,2044,0,15,0.5,uniform,1.0,0.30873494347233005,0.09531726532086282,ok
v2e_vs_real,original,195000,196000,4010,0,15,0.5,uniform,1.0,0.28095133740032,0.07893365398702847,ok
v2e_vs_real,original,196000,197000,2071,0,15,0.5,uniform,1.0,0.3013192397851401,0.09079328426469474,ok
v2e_vs_real,original,197000,198000,4002,0,15,0.5,uniform,1.0,0.2783051238573391,0.07745374196524885,ok
v2e_vs_real,original,198000,199000,2258,0,15,0.5,uniform,1.0,0.2821296686302672,0.07959714992142439,ok
v2e_vs_real,original,199000,200000,4343,0,15,0.5,uniform,1.0,0.2594713041261638,0.06732535766493221,ok
v2e_vs_real,original,200000,201000,2137,0,15,0.5,uniform,1.0,0.28459439430407485,0.08099396926930325,ok
v2e_vs_real,original,201000,202000,4159,0,15,0.5,uniform,1.0,0.2661379418643542,0.07082940409979438,ok
v2e_vs_real,original,202000,203000,2052,0,15,0.5,uniform,1.0,0.29385502659322066,0.08635077665410243,ok
v2e_vs_real,original,203000,204000,4063,0,15,0.5,uniform,1.0,0.2691057771790582,0.07241791931114491,ok
v2e_vs_real,original,204000,205000,2050,0,15,0.5,uniform,1.0,0.2984707656723407,0.08908479796103332,ok
v2e_vs_real,original,205000,206000,3940,0,15,0.5,uniform,1.0,0.27485195851781236,0.07554359910107725,ok
v2e_vs_real,original,206000,207000,1966,0,15,0.5,uniform,1.0,0.3069880739119838,0.09424167752418962,ok
v2e_vs_real,original,207000,208000,3945,0,15,0.5,uniform,1.0,0.27925678841872215,0.07798435387793895,ok
v2e_vs_real,original,208000,209000,1887,0,15,0.5,uniform,1.0,0.3102904766056936,0.09628017987218848,ok
v2e_vs_real,original,209000,210000,3870,0,15,0.5,uniform,1.0,0.2823340470010492,0.07971251409599066,ok
v2e_vs_real,original,210000,211000,1909,0,15,0.5,uniform,1.0,0.3104767796723529,0.09639583071571474,ok
v2e_vs_real,original,211000,212000,3818,0,15,0.5,uniform,1.0,0.28403930110141157,0.08067832457017834,ok
v2e_vs_real,original,212000,213000,1936,0,15,0.5,uniform,1.0,0.31281299117594136,0.09785196744843956,ok
v2e_vs_real,original,213000,214000,3793,0,15,0.5,uniform,1.0,0.28346727520398146,0.08035369611156976,ok
v2e_vs_real,original,214000,215000,1957,0,15,0.5,uniform,1.0,0.30880950242967786,0.09536330879086521,ok
v2e_vs_real,original,215000,216000,4008,0,15,0.5,uniform,1.0,0.2811099071152695,0.07902277987835546,ok
v2e_vs_real,original,216000,217000,1931,0,15,0.5,uniform,1.0,0.3117411660511275,0.09718255461091667,ok
v2e_vs_real,original,217000,218000,3943,0,15,0.5,uniform,1.0,0.28308221426954716,0.0801355400357498,ok
v2e_vs_real,original,218000,219000,2059,0,15,0.5,uniform,1.0,0.31328239391760787,0.09814585833874724,ok
v2e_vs_real,original,219000,220000,3939,0,15,0.5,uniform,1.0,0.2862545267367875,0.08194165407730218,ok
v2e_vs_real,original,220000,221000,1907,0,15,0.5,uniform,1.0,0.31339220363288833,0.09821467329787775,ok
v2e_vs_real,original,221000,222000,3808,0,15,0.5,uniform,1.0,0.2848799499384601,0.08115658587693954,ok
v2e_vs_real,original,222000,223000,1847,0,15,0.5,uniform,1.0,0.31260779972901676,0.09772363645141705,ok
v2e_vs_real,original,223000,224000,3658,0,15,0.5,uniform,1.0,0.2824096852598544,0.07975523032857,ok
v2e_vs_real,original,224000,225000,1759,0,15,0.5,uniform,1.0,0.31314985601771694,0.09806283232391684,ok
v2e_vs_real,original,225000,226000,3447,0,15,0.5,uniform,1.0,0.28278723767723346,0.07996862179312014,ok
v2e_vs_real,original,226000,227000,1646,0,15,0.5,uniform,1.0,0.3189970008092293,0.10175908652528344,ok
v2e_vs_real,original,227000,228000,3336,0,15,0.5,uniform,1.0,0.2803974657165697,0.0786227387802749,ok
v2e_vs_real,original,228000,229000,1646,0,15,0.5,uniform,1.0,0.3083755371845346,0.09509547193385028,ok
v2e_vs_real,original,229000,230000,3332,0,15,0.5,uniform,1.0,0.27738481986510216,0.07694233829159516,ok
v2e_vs_real,original,230000,231000,1629,0,15,0.5,uniform,1.0,0.30895940381060744,0.09545591320300599,ok
v2e_vs_real,original,231000,232000,3559,0,15,0.5,uniform,1.0,0.2656155806525555,0.07055163668539423,ok
v2e_vs_real,original,232000,233000,1856,0,15,0.5,uniform,1.0,0.2849194184603673,0.08117907501579388,ok
v2e_vs_real,original,233000,234000,3504,0,15,0.5,uniform,1.0,0.2642921873611681,0.0698503603001508,ok
v2e_vs_real,original,234000,235000,1775,0,15,0.5,uniform,1.0,0.2914827580751585,0.08496219825510139,ok
v2e_vs_real,original,235000,236000,3282,0,15,0.5,uniform,1.0,0.27233852360071736,0.07416827143701848,ok
v2e_vs_real,original,236000,237000,1649,0,15,0.5,uniform,1.0,0.29913208189508206,0.0894800024188861,ok
v2e_vs_real,original,237000,238000,3193,0,15,0.5,uniform,1.0,0.2794718617385325,0.07810452150360143,ok
v2e_vs_real,original,238000,239000,1569,0,15,0.5,uniform,1.0,0.30496786678061794,0.09300539976872073,ok
v2e_vs_real,original,239000,240000,3071,0,15,0.5,uniform,1.0,0.2817088603044646,0.07935988197404036,ok
v2e_vs_real,original,240000,241000,1561,0,15,0.5,uniform,1.0,0.30774374934696774,0.0947062152621293,ok
v2e_vs_real,original,241000,242000,3097,0,15,0.5,uniform,1.0,0.28519273422410246,0.08133489565421954,ok
v2e_vs_real,original,242000,243000,1483,0,15,0.5,uniform,1.0,0.3164776919087928,0.10015812947591678,ok
v2e_vs_real,original,243000,244000,3023,0,15,0.5,uniform,1.0,0.287737965198972,0.08279313661684483,ok
v2e_vs_real,original,244000,245000,1486,0,15,0.5,uniform,1.0,0.316603267899478,0.10023762924462866,ok
v2e_vs_real,original,245000,246000,3018,0,15,0.5,uniform,1.0,0.2844131436529609,0.08089083628255976,ok
v2e_vs_real,original,246000,247000,1530,0,15,0.5,uniform,1.0,0.3123069358218031,0.09753562216240383,ok
v2e_vs_real,original,247000,248000,3004,0,15,0.5,uniform,1.0,0.28637334834050776,0.08200969463975379,ok
v2e_vs_real,original,248000,249000,1569,0,15,0.5,uniform,1.0,0.30886847782234284,0.09539973659229108,ok
v2e_vs_real,original,249000,250000,3103,0,15,0.5,uniform,1.0,0.2831857588756711,0.08019417402998973,ok
v2e_vs_real,original,250000,251000,1522,0,15,0.5,uniform,1.0,0.31607276548923996,0.0999019930840161,ok
v2e_vs_real,original,251000,252000,3013,0,15,0.5,uniform,1.0,0.2867258116894469,0.08221169108897217,ok
v2e_vs_real,original,252000,253000,1500,0,15,0.5,uniform,1.0,0.32032549198786586,0.10260842081726831,ok
v2e_vs_real,original,253000,254000,3024,0,15,0.5,uniform,1.0,0.2887644671446953,0.08338491748535981,ok
v2e_vs_real,original,254000,255000,1503,0,15,0.5,uniform,1.0,0.3139599437629482,0.0985708462876336,ok
v2e_vs_real,original,255000,256000,2947,0,15,0.5,uniform,1.0,0.2911684244451076,0.08477905139384632,ok
v2e_vs_real,original,256000,257000,1487,0,15,0.5,uniform,1.0,0.32102097351806963,0.10305446543848917,ok
v2e_vs_real,original,257000,258000,2968,0,15,0.5,uniform,1.0,0.28882561409360435,0.08342023535654768,ok
v2e_vs_real,original,258000,259000,1513,0,15,0.5,uniform,1.0,0.31764271485739,0.10089689430197316,ok
v2e_vs_real,original,259000,260000,3016,0,15,0.5,uniform,1.0,0.28763427454204515,0.0827334758913286,ok
v2e_vs_real,original,260000,261000,1504,0,15,0.5,uniform,1.0,0.3127710539198373,0.09782573217012577,ok
v2e_vs_real,original,261000,262000,3098,0,15,0.5,uniform,1.0,0.28415006254005876,0.0807412580415193,ok
v2e_vs_real,original,262000,263000,1522,0,15,0.5,uniform,1.0,0.30980986850655723,0.09598215462405028,ok
v2e_vs_real,original,263000,264000,3029,0,15,0.5,uniform,1.0,0.28428574852605676,0.08081838681502038,ok
v2e_vs_real,original,264000,265000,1569,0,15,0.5,uniform,1.0,0.3040938081490229,0.09247304415457477,ok
v2e_vs_real,original,265000,266000,4761,0,15,0.5,uniform,1.0,0.25484128829748814,0.06494408222112347,ok
v2e_vs_real,original,266000,267000,2780,0,15,0.5,uniform,1.0,0.2737000771479149,0.07491173223077455,ok
v2e_vs_real,original,267000,268000,2835,0,15,0.5,uniform,1.0,0.2783298274639779,0.0774674928561277,ok
v2e_vs_real,original,268000,269000,2791,0,15,0.5,uniform,1.0,0.2823992128171671,0.07974931539975565,ok
v2e_vs_real,original,269000,270000,2818,0,15,0.5,uniform,1.0,0.28414573824869405,0.08073880056489535,ok
v2e_vs_real,original,270000,271000,2674,0,15,0.5,uniform,1.0,0.2905829603666441,0.08443845685544267,ok
v2e_vs_real,original,271000,272000,2806,0,15,0.5,uniform,1.0,0.2922499546792063,0.08541003600999812,ok
v2e_vs_real,original,272000,273000,2728,0,15,0.5,uniform,1.0,0.2954120133411979,0.08726825762630007,ok
v2e_vs_real,original,273000,274000,2688,0,15,0.5,uniform,1.0,0.30018615427599615,0.09011172721901216,ok
v2e_vs_real,original,274000,275000,2656,0,15,0.5,uniform,1.0,0.3024056215096869,0.09144915992066002,ok
v2e_vs_real,original,275000,276000,2773,0,15,0.5,uniform,1.0,0.3041075178664051,0.09248138242286591,ok
v2e_vs_real,original,276000,277000,2760,0,15,0.5,uniform,1.0,0.30292108610648355,0.09176118440793163,ok
v2e_vs_real,original,277000,278000,2807,0,15,0.5,uniform,1.0,0.30386181185036154,0.09233200070098453,ok
v2e_vs_real,original,278000,279000,2764,0,15,0.5,uniform,1.0,0.30333705129670435,0.09201336668937944,ok
v2e_vs_real,original,279000,280000,2773,0,15,0.5,uniform,1.0,0.30431895949996074,0.09261002911113873,ok
v2e_vs_real,original,280000,281000,2793,0,15,0.5,uniform,1.0,0.3002293173271164,0.09013764298270634,ok
v2e_vs_real,original,281000,282000,2987,0,15,0.5,uniform,1.0,0.2928204832065123,0.08574383538529536,ok
v2e_vs_real,original,282000,283000,2912,0,15,0.5,uniform,1.0,0.29800912078130176,0.0888094360688445,ok
v2e_vs_real,original,283000,284000,2846,0,15,0.5,uniform,1.0,0.300488341334919,0.09029324327821078,ok
v2e_vs_real,original,284000,285000,2801,0,15,0.5,uniform,1.0,0.30729588388318024,0.09443076025154501,ok
v2e_vs_real,original,285000,286000,2837,0,15,0.5,uniform,1.0,0.3023990609928282,0.09144519208934425,ok
v2e_vs_real,original,286000,287000,2775,0,15,0.5,uniform,1.0,0.30773405854678926,0.09470025078967872,ok
v2e_vs_real,original,287000,288000,2764,0,15,0.5,uniform,1.0,0.3051420380811247,0.09311166340430256,ok
v2e_vs_real,original,288000,289000,2765,0,15,0.5,uniform,1.0,0.30842037935326533,0.09512313040041208,ok
v2e_vs_real,original,289000,290000,2796,0,15,0.5,uniform,1.0,0.30749160956535543,0.09455108995309298,ok
v2e_vs_real,original,290000,291000,2824,0,15,0.5,uniform,1.0,0.3044708214219257,0.09270248109734218,ok
v2e_vs_real,original,291000,292000,2856,0,15,0.5,uniform,1.0,0.3052630310449503,0.09318551812275029,ok
v2e_vs_real,original,292000,293000,2890,0,15,0.5,uniform,1.0,0.3040194317303672,0.0924278148696554,ok
v2e_vs_real,original,293000,294000,2831,0,15,0.5,uniform,1.0,0.30369604342904166,0.09223128679445437,ok
v2e_vs_real,original,294000,295000,2851,0,15,0.5,uniform,1.0,0.30596308884909657,0.09361341173808015,ok
v2e_vs_real,original,295000,296000,2873,0,15,0.5,uniform,1.0,0.3084173437803386,0.09512125794451956,ok
v2e_vs_real,original,296000,297000,2909,0,15,0.5,uniform,1.0,0.30173904327502155,0.09104645023652533,ok
v2e_vs_real,original,297000,298000,2847,0,15,0.5,uniform,1.0,0.30272042326025794,0.09163965465886971,ok
v2e_vs_real,original,298000,299000,3319,0,15,0.5,uniform,1.0,0.28466231466105035,0.08103263338818685,ok
v2e_vs_real,original,299000,300000,3315,0,15,0.5,uniform,1.0,0.284637351479346,0.08101842185717675,ok
v2e_vs_real,original,300000,301000,3420,0,15,0.5,uniform,1.0,0.286692163225206,0.08219239645474818,ok
v2e_vs_real,original,301000,302000,3376,0,15,0.5,uniform,1.0,0.286473277811695,0.08206693890017659,ok
v2e_vs_real,original,302000,303000,3362,0,15,0.5,uniform,1.0,0.2887359644176941,0.08336845714821592,ok
v2e_vs_real,original,303000,304000,3351,0,15,0.5,uniform,1.0,0.2909546990120306,0.0846546368771813,ok
v2e_vs_real,original,304000,305000,3394,0,15,0.5,uniform,1.0,0.29161151035431376,0.08503727297112404,ok
v2e_vs_real,original,305000,306000,3334,0,15,0.5,uniform,1.0,0.29617860493809656,0.08772176602307706,ok
v2e_vs_real,original,306000,307000,3355,0,15,0.5,uniform,1.0,0.29879342222397764,0.08927750916431616,ok
v2e_vs_real,original,307000,308000,3314,0,15,0.5,uniform,1.0,0.2987262206772236,0.08923735492009728,ok
v2e_vs_real,original,308000,309000,3326,0,15,0.5,uniform,1.0,0.2996029983274789,0.08976195660681532,ok
v2e_vs_real,original,309000,310000,3336,0,15,0.5,uniform,1.0,0.3024646009538606,0.09148483483017812,ok
v2e_vs_real,original,310000,311000,6646,0,15,0.5,uniform,1.0,0.2624442762372063,0.06887699812967103,ok
v2e_vs_real,original,311000,312000,3422,0,15,0.5,uniform,1.0,0.3001227250898363,0.09007365011534946,ok
v2e_vs_real,original,312000,313000,3399,0,15,0.5,uniform,1.0,0.3012601737610362,0.09075769229452972,ok
v2e_vs_real,original,313000,314000,3493,0,15,0.5,uniform,1.0,0.2971952705622115,0.0883250288445461,ok
v2e_vs_real,original,314000,315000,3588,0,15,0.5,uniform,1.0,0.2960718770006556,0.08765855635069136,ok
v2e_vs_real,original,315000,316000,3464,0,15,0.5,uniform,1.0,0.29857964957151717,0.08914980713825,ok
v2e_vs_real,original,316000,317000,3588,0,15,0.5,uniform,1.0,0.2967119695665342,0.08803799288405191,ok
v2e_vs_real,original,317000,318000,3502,0,15,0.5,uniform,1.0,0.2984164130420511,0.08905235557288402,ok
v2e_vs_real,original,318000,319000,3508,0,15,0.5,uniform,1.0,0.30021187221882845,0.09012716822113419,ok
v2e_vs_real,original,319000,320000,3511,0,15,0.5,uniform,1.0,0.2980332042336282,0.08882379082576354,ok
v2e_vs_real,original,320000,321000,3489,0,15,0.5,uniform,1.0,0.30021188810401156,0.09012717775897555,ok
v2e_vs_real,original,321000,322000,3511,0,15,0.5,uniform,1.0,0.3026609479132001,0.09160364939171682,ok
v2e_vs_real,original,322000,323000,3569,0,15,0.5,uniform,1.0,0.30029846483451594,0.090179167981967,ok
v2e_vs_real,original,323000,324000,3551,0,15,0.5,uniform,1.0,0.30161477115827395,0.09097147018085798,ok
v2e_vs_real,original,324000,325000,3519,0,15,0.5,uniform,1.0,0.3019914941076983,0.09119886251339998,ok
v2e_vs_real,original,325000,326000,3650,0,15,0.5,uniform,1.0,0.3028890263154789,0.09174176226233889,ok
v2e_vs_real,original,326000,327000,3523,0,15,0.5,uniform,1.0,0.3022749319216113,0.09137013446821475,ok
v2e_vs_real,original,327000,328000,3625,0,15,0.5,uniform,1.0,0.3010528938823622,0.09063284491494486,ok
v2e_vs_real,original,328000,329000,3502,0,15,0.5,uniform,1.0,0.3014467774782126,0.090870159651999,ok
v2e_vs_real,original,329000,330000,3504,0,15,0.5,uniform,1.0,0.3000732017977027,0.0900439264371248,ok
v2e_vs_real,original,330000,331000,3561,0,15,0.5,uniform,1.0,0.29943793729385965,0.08966307829080142,ok
v2e_vs_real,original,331000,332000,3957,0,15,0.5,uniform,1.0,0.279704699725134,0.07823471904832738,ok
v2e_vs_real,original,332000,333000,3945,0,15,0.5,uniform,1.0,0.2800910791646029,0.07845101262759187,ok
v2e_vs_real,original,333000,334000,3842,0,15,0.5,uniform,1.0,0.28384237909520293,0.08056649617042491,ok
v2e_vs_real,original,334000,335000,3751,0,15,0.5,uniform,1.0,0.28514243440145426,0.08130620789638764,ok
v2e_vs_real,original,335000,336000,3755,0,15,0.5,uniform,1.0,0.2852202400222851,0.0813505853183699,ok
v2e_vs_real,original,336000,337000,3786,0,15,0.5,uniform,1.0,0.28699786048145526,0.08236777192093285,ok
v2e_vs_real,original,337000,338000,3627,0,15,0.5,uniform,1.0,0.2912226766279669,0.0848106473823574,ok
v2e_vs_real,original,338000,339000,3670,0,15,0.5,uniform,1.0,0.291628634107389,0.08504726023134136,ok
v2e_vs_real,original,339000,340000,3667,0,15,0.5,uniform,1.0,0.2916816152273112,0.08507816466161322,ok
v2e_vs_real,original,340000,341000,3638,0,15,0.5,uniform,1.0,0.293920364470148,0.08638918065026464,ok
v2e_vs_real,original,341000,342000,3625,0,15,0.5,uniform,1.0,0.2949139824948027,0.08697425707094479,ok
v2e_vs_real,original,342000,343000,3711,0,15,0.5,uniform,1.0,0.29451249003071694,0.08673760678409316,ok
v2e_vs_real,original,343000,344000,3730,0,15,0.5,uniform,1.0,0.2934305156113892,0.08610146749196575,ok
v2e_vs_real,original,344000,345000,3715,0,15,0.5,uniform,1.0,0.2941443195380838,0.08652088071652235,ok
v2e_vs_real,original,345000,346000,3758,0,15,0.5,uniform,1.0,0.29322505471122373,0.08598093271040017,ok
v2e_vs_real,original,346000,347000,3776,0,15,0.5,uniform,1.0,0.29224724181353856,0.08540845034762087,ok
v2e_vs_real,original,347000,348000,3984,0,15,0.5,uniform,1.0,0.2913021548726654,0.08485694543345836,ok
v2e_vs_real,original,348000,349000,3961,0,15,0.5,uniform,1.0,0.2896495512539853,0.08389686254163504,ok
v2e_vs_real,original,349000,350000,3929,0,15,0.5,uniform,1.0,0.2917445809131205,0.08511490049217231,ok
v2e_vs_real,original,350000,351000,3918,0,15,0.5,uniform,1.0,0.2890763960559982,0.08356516275672433,ok
v2e_vs_real,original,351000,352000,3949,0,15,0.5,uniform,1.0,0.2906711396018053,0.08448971139741217,ok
v2e_vs_real,original,352000,353000,3934,0,15,0.5,uniform,1.0,0.29206925926849425,0.08530445220964693,ok
v2e_vs_real,original,353000,354000,3866,0,15,0.5,uniform,1.0,0.2914005885276298,0.08491430299424901,ok
v2e_vs_real,original,354000,355000,3940,0,15,0.5,uniform,1.0,0.2933693242401241,0.08606556040510706,ok
v2e_vs_real,original,355000,356000,3890,0,15,0.5,uniform,1.0,0.29457313102950866,0.08677332952452808,ok
v2e_vs_real,original,356000,357000,3850,0,15,0.5,uniform,1.0,0.29468028518805084,0.08683647047851098,ok
v2e_vs_real,original,357000,358000,3930,0,15,0.5,uniform,1.0,0.2936015712996306,0.08620188266961207,ok
v2e_vs_real,original,358000,359000,7710,0,15,0.5,uniform,1.0,0.25781768289650475,0.06646995761412268,ok
v2e_vs_real,original,359000,360000,3929,0,15,0.5,uniform,1.0,0.29250028630260794,0.08555641748710761,ok
v2e_vs_real,original,360000,361000,3936,0,15,0.5,uniform,1.0,0.2944415299695093,0.08669581457078544,ok
v2e_vs_real,original,361000,362000,3932,0,15,0.5,uniform,1.0,0.29204850196344007,0.08529232749908947,ok
v2e_vs_real,original,362000,363000,3974,0,15,0.5,uniform,1.0,0.29192124514452567,0.08521801336673024,ok
v2e_vs_real,original,363000,364000,4085,0,15,0.5,uniform,1.0,0.28984831310611486,0.08401204461046041,ok
v2e_vs_real,original,364000,365000,4559,0,15,0.5,uniform,1.0,0.27202611014052913,0.07399820459818728,ok
v2e_vs_real,original,365000,366000,4436,0,15,0.5,uniform,1.0,0.27527061185012835,0.07577390974834403,ok
v2e_vs_real,original,366000,367000,4341,0,15,0.5,uniform,1.0,0.27724904143084916,0.07686703097432472,ok
v2e_vs_real,original,367000,368000,4383,0,15,0.5,uniform,1.0,0.27730651722787913,0.07689890449705604,ok
v2e_vs_real,original,368000,369000,4254,0,15,0.5,uniform,1.0,0.2772411426838059,0.07686265119662242,ok
v2e_vs_real,original,369000,370000,4173,0,15,0.5,uniform,1.0,0.28063792015000916,0.07875764222612291,ok
v2e_vs_real,original,370000,371000,4050,0,15,0.5,uniform,1.0,0.28207695151694845,0.07956740657709489,ok
v2e_vs_real,original,371000,372000,4096,0,15,0.5,uniform,1.0,0.2816677199343174,0.07933670445299705,ok
v2e_vs_real,original,372000,373000,4040,0,15,0.5,uniform,1.0,0.28044425650377774,0.07864898100595667,ok
v2e_vs_real,original,373000,374000,4054,0,15,0.5,uniform,1.0,0.2823685492110247,0.0797319975835389,ok
v2e_vs_real,original,374000,375000,4094,0,15,0.5,uniform,1.0,0.28282177500314015,0.07998815641592684,ok
v2e_vs_real,original,375000,376000,4072,0,15,0.5,uniform,1.0,0.28127951590503286,0.07911816606776964,ok
v2e_vs_real,original,376000,377000,4080,0,15,0.5,uniform,1.0,0.283381952524341,0.08030533101650786,ok
v2e_vs_real,original,377000,378000,4222,0,15,0.5,uniform,1.0,0.28171644816593394,0.07936415716722935,ok
v2e_vs_real,original,378000,379000,4279,0,15,0.5,uniform,1.0,0.2799806135902432,0.07838914398636905,ok
v2e_vs_real,original,379000,380000,4275,0,15,0.5,uniform,1.0,0.28085074528282,0.07887714112591543,ok
v2e_vs_real,original,380000,381000,4594,0,15,0.5,uniform,1.0,0.27317482038279683,0.07462448249117332,ok
v2e_vs_real,original,381000,382000,4835,0,15,0.5,uniform,1.0,0.26805623855428284,0.07185414702787059,ok
v2e_vs_real,original,382000,383000,4989,0,15,0.5,uniform,1.0,0.26551510687609015,0.07049827197942157,ok
v2e_vs_real,original,383000,384000,4930,0,15,0.5,uniform,1.0,0.26861174981971336,0.07215227214120828,ok
v2e_vs_real,original,384000,385000,4940,0,15,0.5,uniform,1.0,0.26884850272132915,0.07227951741550054,ok
v2e_vs_real,original,385000,386000,4849,0,15,0.5,uniform,1.0,0.2716465504075063,0.07379184834829786,ok
v2e_vs_real,original,386000,387000,4877,0,15,0.5,uniform,1.0,0.27549902750863775,0.07589971415820515,ok
v2e_vs_real,original,387000,388000,4967,0,15,0.5,uniform,1.0,0.2756843846783142,0.07600187995546072,ok
v2e_vs_real,original,388000,389000,4833,0,15,0.5,uniform,1.0,0.27928649467747446,0.07800094610923097,ok
v2e_vs_real,original,389000,390000,4942,0,15,0.5,uniform,1.0,0.28286589270541773,0.08001311325603289,ok
v2e_vs_real,original,390000,391000,4949,0,15,0.5,uniform,1.0,0.28304050195300895,0.08011192574581126,ok
v2e_vs_real,original,391000,392000,5094,0,15,0.5,uniform,1.0,0.2822031187529573,0.07963860023389571,ok
v2e_vs_real,original,392000,393000,5039,0,15,0.5,uniform,1.0,0.28397533068863295,0.08064198843971844,ok
v2e_vs_real,original,393000,394000,5144,0,15,0.5,uniform,1.0,0.28389794193703904,0.08059804143608638,ok
v2e_vs_real,original,394000,395000,5271,0,15,0.5,uniform,1.0,0.2796414856886367,0.078199360518148,ok
v2e_vs_real,original,395000,396000,5196,0,15,0.5,uniform,1.0,0.27944910439088133,0.0780918019448657,ok
v2e_vs_real,original,396000,397000,5308,0,15,0.5,uniform,1.0,0.2791474963351689,0.07792332471019314,ok
v2e_vs_real,original,397000,398000,5252,0,15,0.5,uniform,1.0,0.2757532206074414,0.07603983867537625,ok
v2e_vs_real,original,398000,399000,6106,0,15,0.5,uniform,1.0,0.2566105389952507,0.06584896872343309,ok
v2e_vs_real,original,399000,400000,5164,0,15,0.5,uniform,1.0,0.26110011132704014,0.06817326813499275,ok
v2e_vs_real,original,400000,401000,9964,0,15,0.5,uniform,1.0,0.2407690499236636,0.05796973540114362,ok
v2e_vs_real,original,401000,402000,4803,0,15,0.5,uniform,1.0,0.2671469875230586,0.07136751294264522,ok
v2e_vs_real,original,402000,403000,4520,0,15,0.5,uniform,1.0,0.2707889473333761,0.07332665399791795,ok
v2e_vs_real,original,403000,404000,4390,0,15,0.5,uniform,1.0,0.27000604412432866,0.07290326386366892,ok
v2e_vs_real,original,404000,405000,4220,0,15,0.5,uniform,1.0,0.2742602852181837,0.07521870404795947,ok
v2e_vs_real,original,405000,406000,8029,0,15,0.5,uniform,1.0,0.25098244719283425,0.06299218879890382,ok
v2e_vs_real,original,406000,407000,3930,0,15,0.5,uniform,1.0,0.2829125856142819,0.0800395310989584,ok
v2e_vs_real,original,407000,408000,3962,0,15,0.5,uniform,1.0,0.28303475623907554,0.0801086732393129,ok
v2e_vs_real,original,408000,409000,3999,0,15,0.5,uniform,1.0,0.2839382296660492,0.08062091826589012,ok
v2e_vs_real,original,409000,410000,3858,0,15,0.5,uniform,1.0,0.2865682289236567,0.08212134982844131,ok
v2e_vs_real,original,410000,411000,7939,0,15,0.5,uniform,1.0,0.25556927090198817,0.06531565222937381,ok
v2e_vs_real,original,411000,412000,3998,0,15,0.5,uniform,1.0,0.2876712591545175,0.08275475334354557,ok
v2e_vs_real,original,412000,413000,3931,0,15,0.5,uniform,1.0,0.28847814251634624,0.08321963870968138,ok
v2e_vs_real,original,413000,414000,3922,0,15,0.5,uniform,1.0,0.2886535119524229,0.08332084996246755,ok
v2e_vs_real,original,414000,415000,4059,0,15,0.5,uniform,1.0,0.28680826388227326,0.08225898023116371,ok
v2e_vs_real,original,415000,416000,8159,0,15,0.5,uniform,1.0,0.256580218317651,0.06583340843193346,ok
v2e_vs_real,original,416000,417000,4192,0,15,0.5,uniform,1.0,0.2857314792825851,0.08164247825301435,ok
v2e_vs_real,original,417000,418000,4183,0,15,0.5,uniform,1.0,0.28512823943952814,0.0812981129258849,ok
v2e_vs_real,original,418000,419000,4063,0,15,0.5,uniform,1.0,0.2882920548241713,0.08311230887474301,ok
v2e_vs_real,original,419000,420000,4063,0,15,0.5,uniform,1.0,0.28988417381837195,0.08403283423036007,ok
v2e_vs_real,original,420000,421000,8105,0,15,0.5,uniform,1.0,0.258498421982647,0.06682143416751865,ok
v2e_vs_real,original,421000,422000,4032,0,15,0.5,uniform,1.0,0.28751641306713216,0.08266568778298976,ok
v2e_vs_real,original,422000,423000,3999,0,15,0.5,uniform,1.0,0.28986002894231844,0.08401883637844168,ok
v2e_vs_real,original,423000,424000,4053,0,15,0.5,uniform,1.0,0.2893385705423661,0.08371680840349978,ok
v2e_vs_real,original,424000,425000,3981,0,15,0.5,uniform,1.0,0.2911529487560955,0.08477003956936956,ok
v2e_vs_real,original,425000,426000,8000,0,15,0.5,uniform,1.0,0.25996544151967854,0.06758203078452141,ok
v2e_vs_real,original,426000,427000,3959,0,15,0.5,uniform,1.0,0.29173811747314976,0.08511112918677732,ok
v2e_vs_real,original,427000,428000,4023,0,15,0.5,uniform,1.0,0.2907043893351667,0.08450904197873219,ok
v2e_vs_real,original,428000,429000,3928,0,15,0.5,uniform,1.0,0.28986872939274183,0.08402388027976258,ok
v2e_vs_real,original,429000,430000,7900,0,15,0.5,uniform,1.0,0.25726844141197086,0.06618705094654467,ok
v2e_vs_real,original,430000,431000,4004,0,15,0.5,uniform,1.0,0.2863027372519492,0.08196925735795868,ok
v2e_vs_real,original,431000,432000,4102,0,15,0.5,uniform,1.0,0.2770125439978688,0.0767359495321712,ok
v2e_vs_real,original,432000,433000,4121,0,15,0.5,uniform,1.0,0.2768444989157145,0.07664287657989305,ok
v2e_vs_real,original,433000,434000,3924,0,15,0.5,uniform,1.0,0.2785876682016729,0.07761108887404539,ok
v2e_vs_real,original,434000,435000,3944,0,15,0.5,uniform,1.0,0.27789657667535606,0.07722650732788204,ok
v2e_vs_real,original,435000,436000,7799,0,15,0.5,uniform,1.0,0.2525941245725162,0.06380379176855581,ok
v2e_vs_real,original,436000,437000,3828,0,15,0.5,uniform,1.0,0.2831845980172416,0.08019351655418673,ok
v2e_vs_real,original,437000,438000,3810,0,15,0.5,uniform,1.0,0.2843020206024989,0.08082763891866368,ok
v2e_vs_real,original,438000,439000,3807,0,15,0.5,uniform,1.0,0.2835277747338226,0.08038799904551328,ok
v2e_vs_real,original,439000,440000,3788,0,15,0.5,uniform,1.0,0.2891492771638367,0.08360730448436926,ok
v2e_vs_real,original,440000,441000,7462,0,15,0.5,uniform,1.0,0.25771218605913043,0.06641557084337585,ok
v2e_vs_real,original,441000,442000,3743,0,15,0.5,uniform,1.0,0.2896272665888141,0.083883953551708,ok
v2e_vs_real,original,442000,443000,3721,0,15,0.5,uniform,1.0,0.28869001613762013,0.08334192541753936,ok
v2e_vs_real,original,443000,444000,3772,0,15,0.5,uniform,1.0,0.29064774998410187,0.08447611457082099,ok
v2e_vs_real,original,444000,445000,3794,0,15,0.5,uniform,1.0,0.2892576514525355,0.08366998892383651,ok
v2e_vs_real,original,445000,446000,7536,0,15,0.5,uniform,1.0,0.2584654530595568,0.06680439042528197,ok
v2e_vs_real,original,446000,447000,3826,0,15,0.5,uniform,1.0,0.28952064475363243,0.08382220373855903,ok
v2e_vs_real,original,447000,448000,3831,0,15,0.5,uniform,1.0,0.28537357244848166,0.0814380758520088,ok
v2e_vs_real,original,448000,449000,3951,0,15,0.5,uniform,1.0,0.2845756927739642,0.08098332491778168,ok
v2e_vs_real,original,449000,450000,3861,0,15,0.5,uniform,1.0,0.286585174930503,0.08213106248994702,ok
v2e_vs_real,original,450000,451000,7808,0,15,0.5,uniform,1.0,0.2538146135342199,0.06442185804352542,ok
v2e_vs_real,original,451000,452000,3935,0,15,0.5,uniform,1.0,0.2845545166483868,0.08097127294499706,ok
v2e_vs_real,original,452000,453000,3769,0,15,0.5,uniform,1.0,0.28683844670620134,0.0822762945088263,ok
v2e_vs_real,original,453000,454000,3733,0,15,0.5,uniform,1.0,0.28602020036315196,0.0818075550157776,ok
v2e_vs_real,original,454000,455000,3833,0,15,0.5,uniform,1.0,0.28681696579623295,0.08226397186855745,ok
v2e_vs_real,original,455000,456000,7586,0,15,0.5,uniform,1.0,0.2547800879936785,0.06491289323806657,ok
v2e_vs_real,original,456000,457000,3696,0,15,0.5,uniform,1.0,0.2865657022660499,0.08211990171523434,ok
v2e_vs_real,original,457000,458000,3846,0,15,0.5,uniform,1.0,0.28531274292971026,0.08140336127807493,ok
v2e_vs_real,original,458000,459000,3759,0,15,0.5,uniform,1.0,0.28468220162766295,0.08104395592357334,ok
v2e_vs_real,original,459000,460000,3764,0,15,0.5,uniform,1.0,0.2857752140591674,0.08166747297056295,ok
v2e_vs_real,original,460000,461000,7470,0,15,0.5,uniform,1.0,0.252501311776412,0.06375691244880882,ok
v2e_vs_real,original,461000,462000,3873,0,15,0.5,uniform,1.0,0.2799141686393575,0.07835194180506266,ok
v2e_vs_real,original,462000,463000,3780,0,15,0.5,uniform,1.0,0.27899007469749043,0.0778354617797113,ok
v2e_vs_real,original,463000,464000,3746,0,15,0.5,uniform,1.0,0.27969697489375106,0.0782303977647156,ok
v2e_vs_real,original,464000,465000,3700,0,15,0.5,uniform,1.0,0.28056660497525954,0.07871761982734332,ok
v2e_vs_real,original,465000,466000,7930,0,15,0.5,uniform,1.0,0.23911173558547902,0.05717442209470003,ok
v2e_vs_real,original,466000,467000,3867,0,15,0.5,uniform,1.0,0.2645209643249271,0.06997134056738935,ok
v2e_vs_real,original,467000,468000,3792,0,15,0.5,uniform,1.0,0.26671850958462034,0.07113876335504123,ok
v2e_vs_real,original,468000,469000,3810,0,15,0.5,uniform,1.0,0.2643128398284308,0.06986127729816971,ok
v2e_vs_real,original,469000,470000,3790,0,15,0.5,uniform,1.0,0.2685239159306974,0.07210509342675625,ok
v2e_vs_real,original,470000,471000,7466,0,15,0.5,uniform,1.0,0.23876720358415982,0.05700977750739962,ok
v2e_vs_real,original,471000,472000,3699,0,15,0.5,uniform,1.0,0.2689154476765031,0.07231551799905409,ok
v2e_vs_real,original,472000,473000,3632,0,15,0.5,uniform,1.0,0.2679075556385287,0.07177445836821134,ok
v2e_vs_real,original,473000,474000,3705,0,15,0.5,uniform,1.0,0.26792520977009854,0.07178391803035129,ok
v2e_vs_real,original,474000,475000,3599,0,15,0.5,uniform,1.0,0.269799564158451,0.07279180482009014,ok
v2e_vs_real,original,475000,476000,7295,0,15,0.5,uniform,1.0,0.2379406685733243,0.05661576176112056,ok
v2e_vs_real,original,476000,477000,3712,0,15,0.5,uniform,1.0,0.2659151823420494,0.0707108842000054,ok
v2e_vs_real,original,477000,478000,3644,0,15,0.5,uniform,1.0,0.2637383891432767,0.06955793790789044,ok
v2e_vs_real,original,478000,479000,3733,0,15,0.5,uniform,1.0,0.2644610288020014,0.06993963575501302,ok
v2e_vs_real,original,479000,480000,3642,0,15,0.5,uniform,1.0,0.2667941536372689,0.07117912041502662,ok
v2e_vs_real,original,480000,481000,7394,0,15,0.5,uniform,1.0,0.2303602275934308,0.053065834456897235,ok
v2e_vs_real,original,481000,482000,3805,0,15,0.5,uniform,1.0,0.2567588491855486,0.06592510663508729,ok
v2e_vs_real,original,482000,483000,3764,0,15,0.5,uniform,1.0,0.2530188212226148,0.06401852389288153,ok
v2e_vs_real,original,483000,484000,3838,0,15,0.5,uniform,1.0,0.25376945225876424,0.06439893489971321,ok
v2e_vs_real,original,484000,485000,3727,0,15,0.5,uniform,1.0,0.2569723170495831,0.06603477172983147,ok
v2e_vs_real,original,485000,486000,7347,0,15,0.5,uniform,1.0,0.22354547235355962,0.04997257820977609,ok
v2e_vs_real,original,486000,487000,3693,0,15,0.5,uniform,1.0,0.24845954754037533,0.06173214676396803,ok
v2e_vs_real,original,487000,488000,3651,0,15,0.5,uniform,1.0,0.2457608731441201,0.06039840676856029,ok
v2e_vs_real,original,488000,489000,3605,0,15,0.5,uniform,1.0,0.24657761027640643,0.06080051788962337,ok
v2e_vs_real,original,489000,490000,3554,0,15,0.5,uniform,1.0,0.2497725376824244,0.06238632058031813,ok
v2e_vs_real,original,490000,491000,6916,0,15,0.5,uniform,1.0,0.21455121820575349,0.04603222523357285,ok
v2e_vs_real,original,491000,492000,3489,0,15,0.5,uniform,1.0,0.23942887756278536,0.05732618741097526,ok
v2e_vs_real,original,492000,493000,3505,0,15,0.5,uniform,1.0,0.2345500626599825,0.05501373189380171,ok
v2e_vs_real,original,493000,494000,3407,0,15,0.5,uniform,1.0,0.23724326895200912,0.056284368663035336,ok
v2e_vs_real,original,494000,495000,3464,0,15,0.5,uniform,1.0,0.24077586391415956,0.05797301664360989,ok
v2e_vs_real,original,495000,496000,7018,0,15,0.5,uniform,1.0,0.2001856494688633,0.04007429425327061,ok
v2e_vs_real,original,496000,497000,3500,0,15,0.5,uniform,1.0,0.22375104540810195,0.0500645303212185,ok
v2e_vs_real,original,497000,498000,3517,0,15,0.5,uniform,1.0,0.21636213664420584,0.046812574173246,ok
v2e_vs_real,original,498000,499000,3826,0,15,0.5,uniform,1.0,0.20999631880964892,0.04409845391360371,ok
v2e_vs_real,original,499000,500000,3678,0,15,0.5,uniform,1.0,0.21632202966861866,0.04679522051995073,ok
v2e_vs_real,original,500000,501000,7236,0,15,0.5,uniform,1.0,0.18072962829169983,0.03266319854245599,ok
v2e_vs_real,original,501000,502000,3620,0,15,0.5,uniform,1.0,0.19791585937353173,0.03917068739156359,ok
v2e_vs_real,original,502000,503000,3597,0,15,0.5,uniform,1.0,0.1925357626377773,0.037070019894510524,ok
v2e_vs_real,original,503000,504000,3531,0,15,0.5,uniform,1.0,0.19451663591763352,0.0378367216487132,ok
v2e_vs_real,original,504000,505000,3552,0,15,0.5,uniform,1.0,0.20401427620272203,0.04162182489452056,ok
v2e_vs_real,original,505000,506000,6954,0,15,0.5,uniform,1.0,0.16573085740744023,0.027466717097005287,ok
v2e_vs_real,original,506000,507000,3571,0,15,0.5,uniform,1.0,0.18605869649975232,0.034617838543186945,ok
v2e_vs_real,original,507000,508000,3469,0,15,0.5,uniform,1.0,0.17831806421956295,0.031797332027012175,ok
v2e_vs_real,original,508000,509000,3445,0,15,0.5,uniform,1.0,0.18232598844205056,0.033242766061370756,ok
v2e_vs_real,original,509000,510000,3553,0,15,0.5,uniform,1.0,0.19596068412045659,0.03840058972095736,ok
v2e_vs_real,original,510000,511000,7061,0,15,0.5,uniform,1.0,0.1532107352890727,0.023473529407818307,ok
v2e_vs_real,original,511000,512000,3620,0,15,0.5,uniform,1.0,0.1733716108121475,0.030057715435598736,ok
v2e_vs_real,original,512000,513000,3564,0,15,0.5,uniform,1.0,0.1658207713015222,0.027496528195031733,ok
v2e_vs_real,original,513000,514000,3550,0,15,0.5,uniform,1.0,0.16810811767554615,0.028260339228415275,ok
v2e_vs_real,original,514000,515000,3583,0,15,0.5,uniform,1.0,0.18103153590192433,0.03277241699100972,ok
v2e_vs_real,original,515000,516000,7298,0,15,0.5,uniform,1.0,0.13959588170766785,0.019487010189741194,ok
v2e_vs_real,original,516000,517000,3692,0,15,0.5,uniform,1.0,0.15769898914043098,0.024868971175913766,ok
v2e_vs_real,original,517000,518000,3705,0,15,0.5,uniform,1.0,0.14852767856168372,0.022060471298922843,ok
v2e_vs_real,original,518000,519000,3553,0,15,0.5,uniform,1.0,0.15147244451068154,0.022943901446041498,ok
v2e_vs_real,original,519000,520000,3495,0,15,0.5,uniform,1.0,0.1708161291818913,0.029178149988684572,ok
v2e_vs_real,original,520000,521000,6998,0,15,0.5,uniform,1.0,0.12513886869692828,0.015659736458747055,ok
v2e_vs_real,original,521000,522000,3553,0,15,0.5,uniform,1.0,0.14424964901644574,0.020807961241367787,ok
v2e_vs_real,original,522000,523000,3452,0,15,0.5,uniform,1.0,0.13668865346869025,0.018683787987083686,ok
v2e_vs_real,original,523000,524000,3473,0,15,0.5,uniform,1.0,0.13890045973796225,0.019293337715417275,ok
v2e_vs_real,original,524000,525000,3435,0,15,0.5,uniform,1.0,0.16205490543870574,0.02626179237674786,ok
v2e_vs_real,original,525000,526000,6764,0,15,0.5,uniform,1.0,0.11390776777484005,0.01297497955944689,ok
v2e_vs_real,original,526000,527000,3447,0,15,0.5,uniform,1.0,0.1389603795721207,0.01930998709082786,ok
v2e_vs_real,original,527000,528000,3382,0,15,0.5,uniform,1.0,0.1289561736560796,0.016629694724016958,ok
v2e_vs_real,original,528000,529000,3474,0,15,0.5,uniform,1.0,0.13387307086244282,0.017921999102140637,ok
v2e_vs_real,original,529000,530000,3449,0,15,0.5,uniform,1.0,0.15491023993026273,0.023997182435251563,ok
v2e_vs_real,original,530000,531000,6723,0,15,0.5,uniform,1.0,0.11195225585630418,0.012533307591315393,ok
v2e_vs_real,original,531000,532000,3849,0,15,0.5,uniform,1.0,0.13269479858959757,0.017607909572733865,ok
v2e_vs_real,original,532000,533000,4071,0,15,0.5,uniform,1.0,0.11519808549149632,0.013270598900906094,ok
v2e_vs_real,original,533000,534000,4042,0,15,0.5,uniform,1.0,0.1145102098766768,0.013112588166000569,ok
v2e_vs_real,original,534000,535000,3893,0,15,0.5,uniform,1.0,0.11751297632738326,0.013809299605320138,ok
v2e_vs_real,original,535000,536000,3907,0,15,0.5,uniform,1.0,0.11739821999579349,0.013782342058180727,ok
v2e_vs_real,original,536000,537000,3943,0,15,0.5,uniform,1.0,0.12363065216035625,0.015284538153594998,ok
v2e_vs_real,original,537000,538000,3844,0,15,0.5,uniform,1.0,0.12586654266087932,0.015842386561402952,ok
v2e_vs_real,original,538000,539000,3850,0,15,0.5,uniform,1.0,0.1316267514194718,0.017325601689243422,ok
v2e_vs_real,original,539000,540000,3860,0,15,0.5,uniform,1.0,0.1346290135138835,0.01812497127972143,ok
v2e_vs_real,original,540000,541000,3885,0,15,0.5,uniform,1.0,0.14096818525317653,0.019872029253573897,ok
v2e_vs_real,original,541000,542000,3929,0,15,0.5,uniform,1.0,0.14476314705592733,0.02095636874553604,ok
v2e_vs_real,original,542000,543000,3923,0,15,0.5,uniform,1.0,0.1488737646230834,0.02216339779304924,ok
v2e_vs_real,original,543000,544000,3891,0,15,0.5,uniform,1.0,0.1537536089952702,0.023640172279070434,ok
v2e_vs_real,original,544000,545000,3984,0,15,0.5,uniform,1.0,0.15862719970339817,0.025162588485741766,ok
v2e_vs_real,original,545000,546000,3945,0,15,0.5,uniform,1.0,0.164871217209419,0.02718251826411542,ok
v2e_vs_real,original,546000,547000,3929,0,15,0.5,uniform,1.0,0.17071906556580022,0.029144999347659996,ok
v2e_vs_real,original,547000,548000,4118,0,15,0.5,uniform,1.0,0.171661083447569,0.029467527570393247,ok
v2e_vs_real,original,548000,549000,4178,0,15,0.5,uniform,1.0,0.1753226670546527,0.030738037583156602,ok
v2e_vs_real,original,549000,550000,4239,0,15,0.5,uniform,1.0,0.18054981052816454,0.03259823408175611,ok
v2e_vs_real,original,550000,551000,4119,0,15,0.5,uniform,1.0,0.18953227692451097,0.03592248399618951,ok
v2e_vs_real,original,551000,552000,4122,0,15,0.5,uniform,1.0,0.19281721828831216,0.03717847966844263,ok
v2e_vs_real,original,552000,553000,4102,0,15,0.5,uniform,1.0,0.20318273099124487,0.04128322217306058,ok
v2e_vs_real,original,553000,554000,4122,0,15,0.5,uniform,1.0,0.2059508838398366,0.042415766554409866,ok
v2e_vs_real,original,554000,555000,4127,0,15,0.5,uniform,1.0,0.21098125183628044,0.04451308862640399,ok
v2e_vs_real,original,555000,556000,4072,0,15,0.5,uniform,1.0,0.2150107162778372,0.0462296081143086,ok
v2e_vs_real,original,556000,557000,4055,0,15,0.5,uniform,1.0,0.22188731237607484,0.04923397939347781,ok
v2e_vs_real,original,557000,558000,4013,0,15,0.5,uniform,1.0,0.22475804626441168,0.050516179360595416,ok
v2e_vs_real,original,558000,559000,4008,0,15,0.5,uniform,1.0,0.22969039518204434,0.052757677638883706,ok
v2e_vs_real,original,559000,560000,7835,0,15,0.5,uniform,1.0,0.18326661121773966,0.03358665078723414,ok
v2e_vs_real,original,560000,561000,4110,0,15,0.5,uniform,1.0,0.22823527151539386,0.05209133916370555,ok
v2e_vs_real,original,561000,562000,3948,0,15,0.5,uniform,1.0,0.23256869381540812,0.05408819734300505,ok
v2e_vs_real,original,562000,563000,3979,0,15,0.5,uniform,1.0,0.23244353768402629,0.05402999821106534,ok
v2e_vs_real,original,563000,564000,4195,0,15,0.5,uniform,1.0,0.233644244955156,0.05458963320066494,ok
v2e_vs_real,original,564000,565000,4417,0,15,0.5,uniform,1.0,0.2180433791789766,0.04754291520378696,ok
v2e_vs_real,original,565000,566000,4336,0,15,0.5,uniform,1.0,0.22069059322468773,0.04870433793786459,ok
v2e_vs_real,original,566000,567000,4107,0,15,0.5,uniform,1.0,0.2284275037658566,0.052179124476700436,ok
v2e_vs_real,original,567000,568000,4136,0,15,0.5,uniform,1.0,0.23085599123917763,0.05329448869102326,ok
v2e_vs_real,original,568000,569000,4172,0,15,0.5,uniform,1.0,0.23522914824994906,0.05533275218639651,ok
v2e_vs_real,original,569000,570000,4064,0,15,0.5,uniform,1.0,0.23791834699340003,0.0566051398360719,ok
v2e_vs_real,original,570000,571000,4020,0,15,0.5,uniform,1.0,0.2374210278465644,0.05636874446371912,ok
v2e_vs_real,original,571000,572000,3964,0,15,0.5,uniform,1.0,0.24256159061154797,0.0588361252400042,ok
v2e_vs_real,original,572000,573000,3827,0,15,0.5,uniform,1.0,0.24565694923325707,0.06034733670659104,ok
v2e_vs_real,original,573000,574000,3918,0,15,0.5,uniform,1.0,0.2453321517242226,0.06018786466963698,ok
v2e_vs_real,original,574000,575000,3918,0,15,0.5,uniform,1.0,0.2480697118685741,0.06153858194655737,ok
v2e_vs_real,original,575000,576000,3886,0,15,0.5,uniform,1.0,0.2506545515934404,0.06282770423450869,ok
v2e_vs_real,original,576000,577000,3851,0,15,0.5,uniform,1.0,0.25282622172921415,0.06392109839386975,ok
v2e_vs_real,original,577000,578000,3871,0,15,0.5,uniform,1.0,0.25759648681308056,0.06635595001844158,ok
v2e_vs_real,original,578000,579000,3823,0,15,0.5,uniform,1.0,0.2603973417015765,0.0678067755652476,ok
v2e_vs_real,original,579000,580000,4044,0,15,0.5,uniform,1.0,0.26051862655639596,0.0678699547828309,ok
v2e_vs_real,original,580000,581000,3970,0,15,0.5,uniform,1.0,0.2610307791660176,0.06813706767201824,ok
v2e_vs_real,original,581000,582000,4182,0,15,0.5,uniform,1.0,0.2610303981359256,0.06813686875099983,ok
v2e_vs_real,original,582000,583000,4147,0,15,0.5,uniform,1.0,0.2595461166018099,0.06736418664308029,ok
v2e_vs_real,original,583000,584000,4077,0,15,0.5,uniform,1.0,0.2651037491851981,0.07027999783204841,ok
v2e_vs_real,original,584000,585000,4075,0,15,0.5,uniform,1.0,0.2684397726581003,0.0720599115447326,ok
v2e_vs_real,original,585000,586000,4191,0,15,0.5,uniform,1.0,0.27075073078463635,0.07330595822041462,ok
v2e_vs_real,original,586000,587000,4095,0,15,0.5,uniform,1.0,0.2720812098947478,0.07402818477778982,ok
v2e_vs_real,original,587000,588000,4064,0,15,0.5,uniform,1.0,0.2729631002876363,0.0745088541186382,ok
v2e_vs_real,original,588000,589000,4061,0,15,0.5,uniform,1.0,0.27449865334411977,0.07534951068773522,ok
v2e_vs_real,original,589000,590000,4000,0,15,0.5,uniform,1.0,0.27594971300609394,0.07614824410814561,ok
v2e_vs_real,original,590000,591000,3956,0,15,0.5,uniform,1.0,0.2772396207421023,0.0768618073092247,ok
v2e_vs_real,original,591000,592000,4123,0,15,0.5,uniform,1.0,0.27774237548082265,0.07714082713773027,ok
v2e_vs_real,original,592000,593000,3923,0,15,0.5,uniform,1.0,0.28031709818217526,0.0785776755332753,ok
v2e_vs_real,original,593000,594000,3950,0,15,0.5,uniform,1.0,0.28092586126971225,0.07891933953012963,ok
v2e_vs_real,original,594000,595000,3986,0,15,0.5,uniform,1.0,0.2810536981375868,0.07899118123681374,ok
v2e_vs_real,original,595000,596000,3971,0,15,0.5,uniform,1.0,0.2810643536112079,0.07899717087088612,ok
v2e_vs_real,original,596000,597000,4010,0,15,0.5,uniform,1.0,0.2825069620402067,0.0798101836011868,ok
v2e_vs_real,original,597000,598000,3993,0,15,0.5,uniform,1.0,0.2802571110594682,0.0785440482993991,ok
v2e_vs_real,original,598000,599000,4233,0,15,0.5,uniform,1.0,0.2648336664655849,0.07013687089360468,ok
v2e_vs_real,original,599000,600000,4188,0,15,0.5,uniform,1.0,0.2675722984994265,0.07159493492426618,ok
v2e_vs_real,original,600000,601000,4173,0,15,0.5,uniform,1.0,0.27327150686057017,0.07467731646184664,ok
v2e_vs_real,original,601000,602000,4094,0,15,0.5,uniform,1.0,0.2741301696248716,0.07514734989856085,ok
v2e_vs_real,original,602000,603000,4185,0,15,0.5,uniform,1.0,0.27558395899493976,0.07594651845532463,ok
v2e_vs_real,original,603000,604000,4194,0,15,0.5,uniform,1.0,0.27791171937452375,0.07723492376570402,ok
v2e_vs_real,original,604000,605000,4189,0,15,0.5,uniform,1.0,0.2847791825183696,0.08109918279583085,ok
v2e_vs_real,original,605000,606000,4201,0,15,0.5,uniform,1.0,0.2847585811461336,0.08108744953635917,ok
v2e_vs_real,original,606000,607000,4276,0,15,0.5,uniform,1.0,0.28786476655756194,0.08286612382523961,ok
v2e_vs_real,original,607000,608000,4343,0,15,0.5,uniform,1.0,0.2886345094813207,0.0833098800635226,ok
v2e_vs_real,original,608000,609000,4248,0,15,0.5,uniform,1.0,0.2901602912096349,0.08419299459486013,ok
v2e_vs_real,original,609000,610000,8391,0,15,0.5,uniform,1.0,0.2516623620696621,0.0633339444824817,ok
v2e_vs_real,original,610000,611000,4206,0,15,0.5,uniform,1.0,0.29219399787435435,0.08537733239379819,ok
v2e_vs_real,original,611000,612000,4204,0,15,0.5,uniform,1.0,0.28969930992634635,0.08392569017180128,ok
v2e_vs_real,original,612000,613000,4195,0,15,0.5,uniform,1.0,0.2921065629900424,0.0853262441418556,ok
v2e_vs_real,original,613000,614000,4325,0,15,0.5,uniform,1.0,0.2893067107641198,0.08369837289315407,ok
v2e_vs_real,original,614000,615000,4451,0,15,0.5,uniform,1.0,0.2861494117294532,0.08188148583311212,ok
v2e_vs_real,original,615000,616000,4361,0,15,0.5,uniform,1.0,0.2845340837704817,0.08095964482710752,ok
v2e_vs_real,original,616000,617000,4337,0,15,0.5,uniform,1.0,0.28508561776164054,0.0812738094545362,ok
v2e_vs_real,original,617000,618000,4390,0,15,0.5,uniform,1.0,0.28483579557155503,0.08113143043888067,ok
v2e_vs_real,original,618000,619000,4274,0,15,0.5,uniform,1.0,0.2874328645581937,0.08261765162812895,ok
v2e_vs_real,original,619000,620000,4233,0,15,0.5,uniform,1.0,0.28890893718128774,0.08346837398322127,ok
v2e_vs_real,original,620000,621000,4178,0,15,0.5,uniform,1.0,0.28989704969385205,0.08404029942119971,ok
v2e_vs_real,original,621000,622000,4087,0,15,0.5,uniform,1.0,0.2915802390203955,0.08501903578719094,ok
v2e_vs_real,original,622000,623000,4015,0,15,0.5,uniform,1.0,0.29308005018448857,0.08589591581614235,ok
v2e_vs_real,original,623000,624000,4059,0,15,0.5,uniform,1.0,0.2922901475963447,0.08543353038189296,ok
v2e_vs_real,original,624000,625000,4017,0,15,0.5,uniform,1.0,0.29190748843488096,0.08520998180436017,ok
v2e_vs_real,original,625000,626000,3972,0,15,0.5,uniform,1.0,0.29268885286303337,0.0856667645902784,ok
v2e_vs_real,original,626000,627000,3996,0,15,0.5,uniform,1.0,0.29291362314013053,0.08579839062107843,ok
v2e_vs_real,original,627000,628000,3950,0,15,0.5,uniform,1.0,0.29466263397781084,0.08682606786274133,ok
v2e_vs_real,original,628000,629000,4027,0,15,0.5,uniform,1.0,0.2920104778349527,0.0852701191653974,ok
v2e_vs_real,original,629000,630000,3882,0,15,0.5,uniform,1.0,0.29218587987867123,0.08537258840047329,ok
v2e_vs_real,original,630000,631000,3954,0,15,0.5,uniform,1.0,0.2907894512507654,0.08455850495872125,ok
v2e_vs_real,original,631000,632000,4060,0,15,0.5,uniform,1.0,0.2754960063305277,0.07589804950407016,ok
v2e_vs_real,original,632000,633000,4057,0,15,0.5,uniform,1.0,0.2793273890810965,0.07802379029086226,ok
v2e_vs_real,original,633000,634000,3955,0,15,0.5,uniform,1.0,0.28116077032537756,0.0790513787699597,ok
v2e_vs_real,original,634000,635000,4001,0,15,0.5,uniform,1.0,0.2826754638369184,0.07990541785541695,ok
v2e_vs_real,original,635000,636000,3981,0,15,0.5,uniform,1.0,0.28580131994125507,0.08168239448016365,ok
v2e_vs_real,original,636000,637000,4028,0,15,0.5,uniform,1.0,0.2848808822075783,0.08115711704736811,ok
v2e_vs_real,original,637000,638000,3950,0,15,0.5,uniform,1.0,0.28964107597167593,0.08389195289003015,ok
v2e_vs_real,original,638000,639000,3882,0,15,0.5,uniform,1.0,0.29220534594830366,0.08538396420076784,ok
v2e_vs_real,original,639000,640000,3863,0,15,0.5,uniform,1.0,0.29371355534740295,0.08626765259481195,ok
v2e_vs_real,original,640000,641000,3852,0,15,0.5,uniform,1.0,0.2951915960114377,0.08713807835577983,ok
v2e_vs_real,original,641000,642000,3783,0,15,0.5,uniform,1.0,0.2969123359566525,0.08815693524323609,ok
v2e_vs_real,original,642000,643000,3764,0,15,0.5,uniform,1.0,0.29756352825290183,0.08854405334631552,ok
v2e_vs_real,original,643000,644000,3715,0,15,0.5,uniform,1.0,0.2984859867405514,0.08909388428048062,ok
v2e_vs_real,original,644000,645000,3777,0,15,0.5,uniform,1.0,0.29617890943356606,0.08772194639325652,ok
v2e_vs_real,original,645000,646000,3695,0,15,0.5,uniform,1.0,0.29794169292972394,0.0887692523858299,ok
v2e_vs_real,original,646000,647000,3654,0,15,0.5,uniform,1.0,0.29754316471603365,0.08853193486923273,ok
v2e_vs_real,original,647000,648000,3752,0,15,0.5,uniform,1.0,0.29677939058548447,0.08807800667629156,ok
v2e_vs_real,original,648000,649000,3784,0,15,0.5,uniform,1.0,0.295922724564455,0.08757025891365032,ok
v2e_vs_real,original,649000,650000,3862,0,15,0.5,uniform,1.0,0.29434684158054153,0.0866400631484404,ok
v2e_vs_real,original,650000,651000,3867,0,15,0.5,uniform,1.0,0.29359843080516856,0.08620003857125737,ok
v2e_vs_real,original,651000,652000,3836,0,15,0.5,uniform,1.0,0.29629811461769595,0.08779257272600129,ok
v2e_vs_real,original,652000,653000,3814,0,15,0.5,uniform,1.0,0.297531137051628,0.08852477751523463,ok
v2e_vs_real,original,653000,654000,3827,0,15,0.5,uniform,1.0,0.2968175151930236,0.08810063732536078,ok
v2e_vs_real,original,654000,655000,3803,0,15,0.5,uniform,1.0,0.2987026387074201,0.08922326637077554,ok
v2e_vs_real,original,655000,656000,3750,0,15,0.5,uniform,1.0,0.29986553174311564,0.08991933712758149,ok
v2e_vs_real,original,656000,657000,3695,0,15,0.5,uniform,1.0,0.30446325181053024,0.09269787170304233,ok
v2e_vs_real,original,657000,658000,3612,0,15,0.5,uniform,1.0,0.3057175366813043,0.09346321223448464,ok
v2e_vs_real,original,658000,659000,3747,0,15,0.5,uniform,1.0,0.3039844185725547,0.09240652673489413,ok
v2e_vs_real,original,659000,660000,7160,0,15,0.5,uniform,1.0,0.2647333757390495,0.07008376023019276,ok
v2e_vs_real,original,660000,661000,3729,0,15,0.5,uniform,1.0,0.3004546365799915,0.09027298864241476,ok
v2e_vs_real,original,661000,662000,3680,0,15,0.5,uniform,1.0,0.3019007408337814,0.09114405731598603,ok
v2e_vs_real,original,662000,663000,3779,0,15,0.5,uniform,1.0,0.3015454137378076,0.09092963654630555,ok
v2e_vs_real,original,663000,664000,3658,0,15,0.5,uniform,1.0,0.30328541316549434,0.0919820418389646,ok
v2e_vs_real,original,664000,665000,3601,0,15,0.5,uniform,1.0,0.29002063233127023,0.08411196717782982,ok
v2e_vs_real,original,665000,666000,2425,0,15,0.5,uniform,1.0,0.3129185836866438,0.0979180400164551,ok
v2e_vs_real,original,666000,667000,4389,0,15,0.5,uniform,1.0,0.2924557874016923,0.08553038758474385,ok
v2e_vs_real,original,667000,668000,2176,0,15,0.5,uniform,1.0,0.3130638815973947,0.09800899396082756,ok
v2e_vs_real,original,668000,669000,4137,0,15,0.5,uniform,1.0,0.28764892033993805,0.08274190137273203,ok
v2e_vs_real,original,669000,670000,3860,0,15,0.5,uniform,1.0,0.2899561738050614,0.08407458272767097,ok
v2e_vs_real,original,670000,671000,3858,0,15,0.5,uniform,1.0,0.29038911038535486,0.0843258354303978,ok
v2e_vs_real,original,671000,672000,3788,0,15,0.5,uniform,1.0,0.29157981244128167,0.085018787023293,ok
v2e_vs_real,original,672000,673000,3723,0,15,0.5,uniform,1.0,0.29432097169130317,0.08662483437731287,ok
v2e_vs_real,original,673000,674000,3788,0,15,0.5,uniform,1.0,0.2942651551511905,0.08659198153615423,ok
v2e_vs_real,original,674000,675000,3688,0,15,0.5,uniform,1.0,0.2927668726389386,0.08571244171478448,ok
v2e_vs_real,original,675000,676000,1820,0,15,0.5,uniform,1.0,0.31613321213810025,0.09994020781675308,ok
v2e_vs_real,original,676000,677000,3699,0,15,0.5,uniform,1.0,0.2926656632123913,0.08565319042354884,ok
v2e_vs_real,original,677000,678000,3738,0,15,0.5,uniform,1.0,0.2956930038552972,0.08743435252896879,ok
v2e_vs_real,original,678000,679000,3601,0,15,0.5,uniform,1.0,0.2936981955894839,0.08625863009251875,ok
v2e_vs_real,original,679000,680000,3729,0,15,0.5,uniform,1.0,0.29316996424525243,0.0859486279355626,ok
v2e_vs_real,original,680000,681000,3667,0,15,0.5,uniform,1.0,0.29211191556884675,0.08532937121730104,ok
v2e_vs_real,original,681000,682000,3801,0,15,0.5,uniform,1.0,0.2845453458319699,0.08096605383463533,ok
v2e_vs_real,original,682000,683000,1900,0,15,0.5,uniform,1.0,0.30236834961180536,0.09142661884696694,ok
v2e_vs_real,original,683000,684000,3819,0,15,0.5,uniform,1.0,0.28600396032935765,0.0817982653240768,ok
v2e_vs_real,original,684000,685000,3761,0,15,0.5,uniform,1.0,0.28664656566981844,0.08216625361030153,ok
v2e_vs_real,original,685000,686000,3690,0,15,0.5,uniform,1.0,0.28695561133946323,0.08234352287920509,ok
v2e_vs_real,original,686000,687000,3688,0,15,0.5,uniform,1.0,0.2918722464180723,0.08518940822913193,ok
v2e_vs_real,original,687000,688000,3672,0,15,0.5,uniform,1.0,0.2895774907279913,0.0838551231363199,ok
v2e_vs_real,original,688000,689000,3711,0,15,0.5,uniform,1.0,0.29204263340109926,0.08528889972384887,ok
v2e_vs_real,original,689000,690000,1897,0,15,0.5,uniform,1.0,0.31053375570657193,0.0964312134332289,ok
v2e_vs_real,original,690000,691000,3596,0,15,0.5,uniform,1.0,0.2926207531394688,0.08562690516790994,ok
v2e_vs_real,original,691000,692000,3709,0,15,0.5,uniform,1.0,0.2923012400782499,0.08544001495128269,ok
v2e_vs_real,original,692000,693000,3623,0,15,0.5,uniform,1.0,0.29355680969478093,0.08617560051817784,ok
v2e_vs_real,original,693000,694000,3749,0,15,0.5,uniform,1.0,0.29537972327077133,0.08724918091951746,ok
v2e_vs_real,original,694000,695000,3710,0,15,0.5,uniform,1.0,0.29131341702023716,0.08486350693600661,ok
v2e_vs_real,original,695000,696000,3779,0,15,0.5,uniform,1.0,0.2918947490655783,0.0852025445320569,ok
v2e_vs_real,original,696000,697000,1844,0,15,0.5,uniform,1.0,0.31096429016689336,0.09669878975899987,ok
v2e_vs_real,original,697000,698000,3685,0,15,0.5,uniform,1.0,0.2881924302083415,0.08305487682938979,ok
v2e_vs_real,original,698000,699000,3679,0,15,0.5,uniform,1.0,0.273580427483188,0.0748462503018839,ok
v2e_vs_real,original,699000,700000,3343,0,15,0.5,uniform,1.0,0.2679014130557635,0.0717711671172748,ok
v2e_vs_real,original,700000,701000,3194,0,15,0.5,uniform,1.0,0.2697950776945715,0.07278938394821988,ok
v2e_vs_real,original,701000,702000,3100,0,15,0.5,uniform,1.0,0.2718853506856836,0.07392164391747716,ok
v2e_vs_real,original,702000,703000,2934,0,15,0.5,uniform,1.0,0.2789174060944687,0.07779491942246675,ok
v2e_vs_real,original,703000,704000,1443,0,15,0.5,uniform,1.0,0.2929847630238121,0.08584007136411934,ok
v2e_vs_real,original,704000,705000,3020,0,15,0.5,uniform,1.0,0.27590449427806496,0.07612328996283478,ok
v2e_vs_real,original,705000,706000,2829,0,15,0.5,uniform,1.0,0.27851226472779494,0.07756908160380532,ok
v2e_vs_real,original,706000,707000,2769,0,15,0.5,uniform,1.0,0.28560207689467854,0.08156854632655389,ok
v2e_vs_real,original,707000,708000,2783,0,15,0.5,uniform,1.0,0.28415728307528776,0.0807453615247292,ok
v2e_vs_real,original,708000,709000,1381,0,15,0.5,uniform,1.0,0.3052740525490492,0.09319224715971965,ok
v2e_vs_real,original,709000,710000,2829,0,15,0.5,uniform,1.0,0.2864143054545517,0.08203315436901323,ok
v2e_vs_real,original,710000,711000,2817,0,15,0.5,uniform,1.0,0.2855403606704532,0.08153329757181248,ok
v2e_vs_real,original,711000,712000,1393,0,15,0.5,uniform,1.0,0.30707583448393827,0.09429556812400704,ok
v2e_vs_real,original,712000,713000,4195,0,15,0.5,uniform,1.0,0.28067779259817427,0.07878002325778374,ok
v2e_vs_real,original,713000,714000,2791,0,15,0.5,uniform,1.0,0.2882736875828205,0.0831017189525976,ok
v2e_vs_real,original,714000,715000,1398,0,15,0.5,uniform,1.0,0.3051928238789337,0.09314265974719785,ok
v2e_vs_real,original,715000,716000,2972,0,15,0.5,uniform,1.0,0.28280492252815037,0.07997862420615312,ok
v2e_vs_real,original,716000,717000,2912,0,15,0.5,uniform,1.0,0.26817907825844467,0.07192001801554898,ok
v2e_vs_real,original,717000,718000,2932,0,15,0.5,uniform,1.0,0.2830027959368476,0.08009058250807298,ok
v2e_vs_real,original,718000,719000,1477,0,15,0.5,uniform,1.0,0.30122772891857924,0.09073814466944505,ok
v2e_vs_real,original,719000,720000,2907,0,15,0.5,uniform,1.0,0.28352321421718696,0.08038541300004487,ok
v2e_vs_real,original,720000,721000,4255,0,15,0.5,uniform,1.0,0.27853209332337703,0.07758012701110241,ok
v2e_vs_real,original,721000,722000,2817,0,15,0.5,uniform,1.0,0.28624022683778305,0.0819334674601455,ok
v2e_vs_real,original,722000,723000,2673,0,15,0.5,uniform,1.0,0.29153126830044723,0.08499048039686737,ok
v2e_vs_real,original,723000,724000,1432,0,15,0.5,uniform,1.0,0.3147063880499716,0.0990401106794593,ok
v2e_vs_real,original,724000,725000,2843,0,15,0.5,uniform,1.0,0.28797723599132086,0.08293088844920089,ok
v2e_vs_real,original,725000,726000,2728,0,15,0.5,uniform,1.0,0.28388527242500183,0.08059084789981752,ok
v2e_vs_real,original,726000,727000,2752,0,15,0.5,uniform,1.0,0.28988304746271926,0.08403218120627313,ok
v2e_vs_real,original,727000,728000,2843,0,15,0.5,uniform,1.0,0.2872449223602443,0.08250964542174279,ok
v2e_vs_real,original,728000,729000,2935,0,15,0.5,uniform,1.0,0.2820771462752631,0.07956751645079618,ok
v2e_vs_real,original,729000,730000,2854,0,15,0.5,uniform,1.0,0.28506705960514106,0.08126322847192104,ok
v2e_vs_real,original,730000,731000,1480,0,15,0.5,uniform,1.0,0.30216016378833765,0.09130076458059505,ok
v2e_vs_real,original,731000,732000,2987,0,15,0.5,uniform,1.0,0.2815089656162501,0.07924729772233109,ok
v2e_vs_real,original,732000,733000,3400,0,15,0.5,uniform,1.0,0.2662116152275603,0.07086862408206662,ok
v2e_vs_real,original,733000,734000,3151,0,15,0.5,uniform,1.0,0.2675107894437606,0.07156202246882401,ok
v2e_vs_real,original,734000,735000,3058,0,15,0.5,uniform,1.0,0.27192369599756067,0.0739424964449738,ok
v2e_vs_real,original,735000,736000,2793,0,15,0.5,uniform,1.0,0.2779567728645861,0.0772599675812951,ok
v2e_vs_real,original,736000,737000,2732,0,15,0.5,uniform,1.0,0.2762229786150317,0.07629913391496025,ok
v2e_vs_real,original,737000,738000,1375,0,15,0.5,uniform,1.0,0.30224473116023665,0.09135187751412374,ok
v2e_vs_real,original,738000,739000,2712,0,15,0.5,uniform,1.0,0.2829684972521263,0.08007117043712662,ok
v2e_vs_real,original,739000,740000,2650,0,15,0.5,uniform,1.0,0.28078020097336087,0.07883752125864092,ok
v2e_vs_real,original,740000,741000,2758,0,15,0.5,uniform,1.0,0.2814295149725906,0.07920257189770759,ok
v2e_vs_real,original,741000,742000,2659,0,15,0.5,uniform,1.0,0.2870335480128147,0.08238825768482481,ok
v2e_vs_real,original,742000,743000,2747,0,15,0.5,uniform,1.0,0.2868654567365926,0.08229179026869388,ok
v2e_vs_real,original,743000,744000,1354,0,15,0.5,uniform,1.0,0.3090586733374368,0.09551726356509649,ok
v2e_vs_real,original,744000,745000,2802,0,15,0.5,uniform,1.0,0.2893160717139566,0.08370378935199528,ok
v2e_vs_real,original,745000,746000,2794,0,15,0.5,uniform,1.0,0.286907847777522,0.08231611311632972,ok
v2e_vs_real,original,746000,747000,2759,0,15,0.5,uniform,1.0,0.28709257369381336,0.08242214587013766,ok
v2e_vs_real,original,747000,748000,2949,0,15,0.5,uniform,1.0,0.29049185396365906,0.08438551721924381,ok
v2e_vs_real,original,748000,749000,2845,0,15,0.5,uniform,1.0,0.2805780994317338,0.07872406988072388,ok
v2e_vs_real,original,749000,750000,3110,0,15,0.5,uniform,1.0,0.2854039652132407,0.08145542335944071,ok
v2e_vs_real,original,750000,751000,3069,0,15,0.5,uniform,1.0,0.280597767164294,0.07873510693758737,ok
v2e_vs_real,original,751000,752000,1440,0,15,0.5,uniform,1.0,0.30404231117949937,0.09244172698737153,ok
v2e_vs_real,original,752000,753000,3003,0,15,0.5,uniform,1.0,0.27933351496890696,0.07802721258488456,ok
v2e_vs_real,original,753000,754000,2899,0,15,0.5,uniform,1.0,0.28522116892130184,0.0813511152008338,ok
v2e_vs_real,original,754000,755000,2901,0,15,0.5,uniform,1.0,0.2890512185911049,0.08355060696900268,ok
v2e_vs_real,original,755000,756000,2919,0,15,0.5,uniform,1.0,0.28459393625065743,0.08099370855064325,ok
v2e_vs_real,original,756000,757000,2892,0,15,0.5,uniform,1.0,0.285532411515318,0.08152875802575289,ok
v2e_vs_real,original,757000,758000,1398,0,15,0.5,uniform,1.0,0.30943301944403395,0.09574879352225191,ok
v2e_vs_real,original,758000,759000,2909,0,15,0.5,uniform,1.0,0.28691634332240296,0.08232098806549899,ok
v2e_vs_real,original,759000,760000,2796,0,15,0.5,uniform,1.0,0.2864759098538531,0.08206844692659294,ok
v2e_vs_real,original,760000,761000,2836,0,15,0.5,uniform,1.0,0.28837993780797816,0.08316298853013336,ok
v2e_vs_real,original,761000,762000,2795,0,15,0.5,uniform,1.0,0.28730586547715653,0.08254466033757796,ok
v2e_vs_real,original,762000,763000,2704,0,15,0.5,uniform,1.0,0.28691133193318563,0.08231811239167464,ok
v2e_vs_real,original,763000,764000,3001,0,15,0.5,uniform,1.0,0.290976403200415,0.08466726721945049,ok
v2e_vs_real,original,764000,765000,2895,0,15,0.5,uniform,1.0,0.28676987690503647,0.08223696230012978,ok
v2e_vs_real,original,765000,766000,3614,0,15,0.5,uniform,1.0,0.26788162851656566,0.07176056689668728,ok
v2e_vs_real,original,766000,767000,3214,0,15,0.5,uniform,1.0,0.2694808648996553,0.07261993654706625,ok
v2e_vs_real,original,767000,768000,1615,0,15,0.5,uniform,1.0,0.283326412078456,0.08027385578125104,ok
v2e_vs_real,original,768000,769000,3085,0,15,0.5,uniform,1.0,0.27211531792015875,0.07404674624678906,ok
v2e_vs_real,original,769000,770000,2932,0,15,0.5,uniform,1.0,0.27276914413129194,0.07440300599011752,ok
v2e_vs_real,original,770000,771000,3037,0,15,0.5,uniform,1.0,0.28216127614034386,0.07961498575314738,ok
v2e_vs_real,original,771000,772000,3152,0,15,0.5,uniform,1.0,0.27840668558404696,0.07751028257789437,ok
v2e_vs_real,original,772000,773000,3286,0,15,0.5,uniform,1.0,0.2817177642757356,0.07936489870851891,ok
v2e_vs_real,original,773000,774000,3366,0,15,0.5,uniform,1.0,0.282709652345085,0.07992474752907881,ok
v2e_vs_real,original,774000,775000,1748,0,15,0.5,uniform,1.0,0.30227743186998357,0.09137164581791254,ok
v2e_vs_real,original,775000,776000,3450,0,15,0.5,uniform,1.0,0.28621535369269563,0.08191922868943487,ok
v2e_vs_real,original,776000,777000,3578,0,15,0.5,uniform,1.0,0.2897803502990479,0.08397265141943891,ok
v2e_vs_real,original,777000,778000,3652,0,15,0.5,uniform,1.0,0.28771858343217394,0.08278198325221682,ok
v2e_vs_real,original,778000,779000,3816,0,15,0.5,uniform,1.0,0.2869497203271976,0.08234014199585692,ok
v2e_vs_real,original,779000,780000,3934,0,15,0.5,uniform,1.0,0.2882315159400102,0.08307740678107634,ok
v2e_vs_real,original,780000,781000,4163,0,15,0.5,uniform,1.0,0.28988649571765884,0.08403418039946425,ok
v2e_vs_real,original,781000,782000,4458,0,15,0.5,uniform,1.0,0.28770385218882744,0.08277350656429068,ok
v2e_vs_real,original,782000,783000,2335,0,15,0.5,uniform,1.0,0.3021166008103788,0.09127444048521777,ok
v2e_vs_real,original,783000,784000,4809,0,15,0.5,uniform,1.0,0.285438679033772,0.08147523948854472,ok
v2e_vs_real,original,784000,785000,4890,0,15,0.5,uniform,1.0,0.28894820494948625,0.0834910651435303,ok
v2e_vs_real,original,785000,786000,5202,0,15,0.5,uniform,1.0,0.29098857621234137,0.08467435148608561,ok
v2e_vs_real,original,786000,787000,5275,0,15,0.5,uniform,1.0,0.29757953141494686,0.08855357751713934,ok
v2e_vs_real,original,787000,788000,5328,0,15,0.5,uniform,1.0,0.3039894967258806,0.09240961411965419,ok
v2e_vs_real,original,788000,789000,5498,0,15,0.5,uniform,1.0,0.30383084387194415,0.09231318168793769,ok
v2e_vs_real,original,789000,790000,2767,0,15,0.5,uniform,1.0,0.3266643445420895,0.10670959399511293,ok
v2e_vs_real,original,790000,791000,5483,0,15,0.5,uniform,1.0,0.3047581145966199,0.0928775084124865,ok
v2e_vs_real,original,791000,792000,5375,0,15,0.5,uniform,1.0,0.3041044259716725,0.09247950189556042,ok
v2e_vs_real,original,792000,793000,5387,0,15,0.5,uniform,1.0,0.29722525497254126,0.08834285219349217,ok
v2e_vs_real,original,793000,794000,5154,0,15,0.5,uniform,1.0,0.2912776477942833,0.08484266810457053,ok
v2e_vs_real,original,794000,795000,5045,0,15,0.5,uniform,1.0,0.2851195891552577,0.08129318012006294,ok
v2e_vs_real,original,795000,796000,5002,0,15,0.5,uniform,1.0,0.27872038497333407,0.07768505299968356,ok
v2e_vs_real,original,796000,797000,2437,0,15,0.5,uniform,1.0,0.29137219857401403,0.08489775810185465,ok
v2e_vs_real,original,797000,798000,4660,0,15,0.5,uniform,1.0,0.2716223273855206,0.07377868873432693,ok
v2e_vs_real,original,798000,799000,4956,0,15,0.5,uniform,1.0,0.25404976594370987,0.06454128357605377,ok
v2e_vs_real,original,799000,800000,4678,0,15,0.5,uniform,1.0,0.2619734314611532,0.06863007879153153,ok
v2e_vs_real,original,800000,801000,4115,0,15,0.5,uniform,1.0,0.2654281891890922,0.07045212361620054,ok
v2e_vs_real,original,801000,802000,4068,0,15,0.5,uniform,1.0,0.2684345839385002,0.07205712585423571,ok
v2e_vs_real,original,802000,803000,3869,0,15,0.5,uniform,1.0,0.2748392962385501,0.0755366387569015,ok
v2e_vs_real,original,803000,804000,3792,0,15,0.5,uniform,1.0,0.2775624308926993,0.07704090304306446,ok
v2e_vs_real,original,804000,805000,3712,0,15,0.5,uniform,1.0,0.2830820869795699,0.08013546796870878,ok
v2e_vs_real,original,805000,806000,3765,0,15,0.5,uniform,1.0,0.28571404553638147,0.08163251581676548,ok
v2e_vs_real,original,806000,807000,3786,0,15,0.5,uniform,1.0,0.28796738554787593,0.08292521513927902,ok
v2e_vs_real,original,807000,808000,3631,0,15,0.5,uniform,1.0,0.2950436763770593,0.08705077097009091,ok
v2e_vs_real,original,808000,809000,3739,0,15,0.5,uniform,1.0,0.2951018062377368,0.08708507604477475,ok
v2e_vs_real,original,809000,810000,3726,0,15,0.5,uniform,1.0,0.29661106962431205,0.08797812662367849,ok
v2e_vs_real,original,810000,811000,7585,0,15,0.5,uniform,1.0,0.2608444377920694,0.06803982072706075,ok
v2e_vs_real,original,811000,812000,3838,0,15,0.5,uniform,1.0,0.30054919646279843,0.09032981949443379,ok
v2e_vs_real,original,812000,813000,3923,0,15,0.5,uniform,1.0,0.2987503580531153,0.08925177643686459,ok
v2e_vs_real,original,813000,814000,4056,0,15,0.5,uniform,1.0,0.30029820002953517,0.09017900894097873,ok
v2e_vs_real,original,814000,815000,4076,0,15,0.5,uniform,1.0,0.2980680065574134,0.08884453653311022,ok
v2e_vs_real,original,815000,816000,4126,0,15,0.5,uniform,1.0,0.2971054668588173,0.08827165843739576,ok
v2e_vs_real,original,816000,817000,4122,0,15,0.5,uniform,1.0,0.30003269072317607,0.09001961550258904,ok
v2e_vs_real,original,817000,818000,4324,0,15,0.5,uniform,1.0,0.2993336906528256,0.08960065835984149,ok
v2e_vs_real,original,818000,819000,4067,0,15,0.5,uniform,1.0,0.30068191044174597,0.09040961126689816,ok
v2e_vs_real,original,819000,820000,4287,0,15,0.5,uniform,1.0,0.3008619759635325,0.09051792858068118,ok
v2e_vs_real,original,820000,821000,4148,0,15,0.5,uniform,1.0,0.3038324732298177,0.09231417178894791,ok
v2e_vs_real,original,821000,822000,4137,0,15,0.5,uniform,1.0,0.3042177804065441,0.09254845791548429,ok
v2e_vs_real,original,822000,823000,4134,0,15,0.5,uniform,1.0,0.30474036964416207,0.09286669289086054,ok
v2e_vs_real,original,823000,824000,4078,0,15,0.5,uniform,1.0,0.30585086592736044,0.09354475218851621,ok
v2e_vs_real,original,824000,825000,4087,0,15,0.5,uniform,1.0,0.30619086413330926,0.09375284527870266,ok
v2e_vs_real,original,825000,826000,4034,0,15,0.5,uniform,1.0,0.30587140149613556,0.09355731425321016,ok
v2e_vs_real,original,826000,827000,4080,0,15,0.5,uniform,1.0,0.3064919960112224,0.09393734361894315,ok
v2e_vs_real,original,827000,828000,4064,0,15,0.5,uniform,1.0,0.3016829178505028,0.0910125829227932,ok
v2e_vs_real,original,828000,829000,4255,0,15,0.5,uniform,1.0,0.3018319567478138,0.09110253011421415,ok
v2e_vs_real,original,829000,830000,4107,0,15,0.5,uniform,1.0,0.3011727543069747,0.09070502793684934,ok
v2e_vs_real,original,830000,831000,4156,0,15,0.5,uniform,1.0,0.29781073477932385,0.08869123374980079,ok
v2e_vs_real,original,831000,832000,4410,0,15,0.5,uniform,1.0,0.2854889101503049,0.08150391781880889,ok
v2e_vs_real,original,832000,833000,4267,0,15,0.5,uniform,1.0,0.2901638817873666,0.08419507829391285,ok
v2e_vs_real,original,833000,834000,4195,0,15,0.5,uniform,1.0,0.2913583886735113,0.0848897106504249,ok
v2e_vs_real,original,834000,835000,4166,0,15,0.5,uniform,1.0,0.2913236417872021,0.08486946426415805,ok
v2e_vs_real,original,835000,836000,4208,0,15,0.5,uniform,1.0,0.29227936737285676,0.08542722859187736,ok
v2e_vs_real,original,836000,837000,4174,0,15,0.5,uniform,1.0,0.29330632310198274,0.0860285991716047,ok
v2e_vs_real,original,837000,838000,4046,0,15,0.5,uniform,1.0,0.2958131826857492,0.08750543905067242,ok
v2e_vs_real,original,838000,839000,4092,0,15,0.5,uniform,1.0,0.2949320050889768,0.08698488762580424,ok
v2e_vs_real,original,839000,840000,4106,0,15,0.5,uniform,1.0,0.29484655345921,0.08693449008677478,ok
v2e_vs_real,original,840000,841000,4015,0,15,0.5,uniform,1.0,0.2972608651470207,0.08836402194795523,ok
v2e_vs_real,original,841000,842000,4067,0,15,0.5,uniform,1.0,0.2961431654609383,0.08770077444922467,ok
v2e_vs_real,original,842000,843000,4177,0,15,0.5,uniform,1.0,0.2954260791450044,0.08727656823899041,ok
v2e_vs_real,original,843000,844000,4118,0,15,0.5,uniform,1.0,0.29730098492204543,0.0883878756356183,ok
v2e_vs_real,original,844000,845000,4078,0,15,0.5,uniform,1.0,0.2989767695551848,0.0893871087336541,ok
v2e_vs_real,original,845000,846000,4108,0,15,0.5,uniform,1.0,0.2980671345463738,0.08884401669668611,ok
v2e_vs_real,original,846000,847000,4205,0,15,0.5,uniform,1.0,0.2983702704642504,0.08902481829690993,ok
v2e_vs_real,original,847000,848000,4219,0,15,0.5,uniform,1.0,0.29757337771669956,0.08854991512572556,ok
v2e_vs_real,original,848000,849000,4373,0,15,0.5,uniform,1.0,0.296152287454485,0.08770617736452392,ok
v2e_vs_real,original,849000,850000,4315,0,15,0.5,uniform,1.0,0.29594218654897003,0.08758177777938538,ok
v2e_vs_real,original,850000,851000,4485,0,15,0.5,uniform,1.0,0.2950183591137677,0.08703583221418001,ok
v2e_vs_real,original,851000,852000,4394,0,15,0.5,uniform,1.0,0.2945004138735709,0.08673049377170454,ok
v2e_vs_real,original,852000,853000,4402,0,15,0.5,uniform,1.0,0.29578903306807847,0.08749115208334883,ok
v2e_vs_real,original,853000,854000,4317,0,15,0.5,uniform,1.0,0.2974956534701253,0.08850366383361688,ok
v2e_vs_real,original,854000,855000,4404,0,15,0.5,uniform,1.0,0.29709189669683467,0.08826359508292267,ok
v2e_vs_real,original,855000,856000,4343,0,15,0.5,uniform,1.0,0.298913120394268,0.08934905354383814,ok
v2e_vs_real,original,856000,857000,4349,0,15,0.5,uniform,1.0,0.29932996575560633,0.08959842839925246,ok
v2e_vs_real,original,857000,858000,4396,0,15,0.5,uniform,1.0,0.2988031373990295,0.0892833149195033,ok
v2e_vs_real,original,858000,859000,4318,0,15,0.5,uniform,1.0,0.3003425252531536,0.09020563247544118,ok
v2e_vs_real,original,859000,860000,8595,0,15,0.5,uniform,1.0,0.26074682974353547,0.06798890922130428,ok
v2e_vs_real,original,860000,861000,4386,0,15,0.5,uniform,1.0,0.29649463291441697,0.08790906734705486,ok
v2e_vs_real,original,861000,862000,4353,0,15,0.5,uniform,1.0,0.2966776660246467,0.08801763751783179,ok
v2e_vs_real,original,862000,863000,4279,0,15,0.5,uniform,1.0,0.2974023151196877,0.08844813703855002,ok
v2e_vs_real,original,863000,864000,4302,0,15,0.5,uniform,1.0,0.29496018604862567,0.08700151135383988,ok
v2e_vs_real,original,864000,865000,4682,0,15,0.5,uniform,1.0,0.2818603181745227,0.07944523896144315,ok
v2e_vs_real,original,865000,866000,4591,0,15,0.5,uniform,1.0,0.2837207869925748,0.08049748497168602,ok
v2e_vs_real,original,866000,867000,4633,0,15,0.5,uniform,1.0,0.2849371742644307,0.08118919327779855,ok
v2e_vs_real,original,867000,868000,4578,0,15,0.5,uniform,1.0,0.2860233392208854,0.08180935057906567,ok
v2e_vs_real,original,868000,869000,4515,0,15,0.5,uniform,1.0,0.2886112063978076,0.0832964284583979,ok
v2e_vs_real,original,869000,870000,4479,0,15,0.5,uniform,1.0,0.28839194186866596,0.08316991213478,ok
v2e_vs_real,original,870000,871000,4613,0,15,0.5,uniform,1.0,0.2883915323862657,0.08316967595209854,ok
v2e_vs_real,original,871000,872000,4596,0,15,0.5,uniform,1.0,0.2876536730267825,0.0827446356057991,ok
v2e_vs_real,original,872000,873000,4539,0,15,0.5,uniform,1.0,0.2895035184007245,0.08381228716639863,ok
v2e_vs_real,original,873000,874000,4559,0,15,0.5,uniform,1.0,0.2906163605432377,0.08445786901539713,ok
v2e_vs_real,original,874000,875000,4608,0,15,0.5,uniform,1.0,0.2916693880457457,0.08507103192297981,ok
v2e_vs_real,original,875000,876000,4520,0,15,0.5,uniform,1.0,0.2928108886585438,0.08573821651700615,ok
v2e_vs_real,original,876000,877000,4648,0,15,0.5,uniform,1.0,0.2898076519645954,0.08398847513723205,ok
v2e_vs_real,original,877000,878000,4632,0,15,0.5,uniform,1.0,0.2914204264142844,0.08492586493148334,ok
v2e_vs_real,original,878000,879000,4642,0,15,0.5,uniform,1.0,0.29221597320185216,0.08539017499430558,ok
v2e_vs_real,original,879000,880000,4644,0,15,0.5,uniform,1.0,0.2921139477114092,0.08533055844754392,ok
v2e_vs_real,original,880000,881000,4743,0,15,0.5,uniform,1.0,0.29218749875072814,0.08537353442620677,ok
v2e_vs_real,original,881000,882000,4935,0,15,0.5,uniform,1.0,0.28771229493422423,0.08277836465631803,ok
v2e_vs_real,original,882000,883000,4893,0,15,0.5,uniform,1.0,0.28795250808372824,0.08291664691170957,ok
v2e_vs_real,original,883000,884000,4932,0,15,0.5,uniform,1.0,0.28812719663444036,0.08301728144042148,ok
v2e_vs_real,original,884000,885000,4954,0,15,0.5,uniform,1.0,0.2863389151889576,0.08198997435158906,ok
v2e_vs_real,original,885000,886000,4924,0,15,0.5,uniform,1.0,0.2880710875805984,0.08298495149986879,ok
v2e_vs_real,original,886000,887000,4912,0,15,0.5,uniform,1.0,0.2887470320719869,0.083374848530381,ok
v2e_vs_real,original,887000,888000,4768,0,15,0.5,uniform,1.0,0.29010537465184855,0.08416112840188941,ok
v2e_vs_real,original,888000,889000,4933,0,15,0.5,uniform,1.0,0.28948084045708483,0.0837991569917402,ok
v2e_vs_real,original,889000,890000,4884,0,15,0.5,uniform,1.0,0.29123996508069167,0.0848207172602025,ok
v2e_vs_real,original,890000,891000,4837,0,15,0.5,uniform,1.0,0.29142452544165326,0.08492825402889281,ok
v2e_vs_real,original,891000,892000,4915,0,15,0.5,uniform,1.0,0.290764038977998,0.08454372636279875,ok
v2e_vs_real,original,892000,893000,4833,0,15,0.5,uniform,1.0,0.29138758665530673,0.08490672565680388,ok
v2e_vs_real,original,893000,894000,4970,0,15,0.5,uniform,1.0,0.2919337673896043,0.0852253245422876,ok
v2e_vs_real,original,894000,895000,4900,0,15,0.5,uniform,1.0,0.2901617518240329,0.08419384222159168,ok
v2e_vs_real,original,895000,896000,4901,0,15,0.5,uniform,1.0,0.2903812459336662,0.08432126798998835,ok
v2e_vs_real,original,896000,897000,4909,0,15,0.5,uniform,1.0,0.28974344001337626,0.08395126103078496,ok
v2e_vs_real,original,897000,898000,4850,0,15,0.5,uniform,1.0,0.2889310308311916,0.08348114057717498,ok
v2e_vs_real,original,898000,899000,4958,0,15,0.5,uniform,1.0,0.2791275985109335,0.07791221625048088,ok
v2e_vs_real,original,899000,900000,4926,0,15,0.5,uniform,1.0,0.2813568183898253,0.07916165925444513,ok
v2e_vs_real,original,900000,901000,4938,0,15,0.5,uniform,1.0,0.28243372534520134,0.07976880921236862,ok
v2e_vs_real,original,901000,902000,4871,0,15,0.5,uniform,1.0,0.28450300266964257,0.08094195852804266,ok
v2e_vs_real,original,902000,903000,4845,0,15,0.5,uniform,1.0,0.28411753280990587,0.08072277244998793,ok
v2e_vs_real,original,903000,904000,4738,0,15,0.5,uniform,1.0,0.2858546053671832,0.08171285540962804,ok
v2e_vs_real,original,904000,905000,4797,0,15,0.5,uniform,1.0,0.28656249250836324,0.08211806211260575,ok
v2e_vs_real,original,905000,906000,4780,0,15,0.5,uniform,1.0,0.28713061285775726,0.08244398884007127,ok
v2e_vs_real,original,906000,907000,4645,0,15,0.5,uniform,1.0,0.2892504237758551,0.08366580765451176,ok
v2e_vs_real,original,907000,908000,4716,0,15,0.5,uniform,1.0,0.28993188068191017,0.0840604954357494,ok
v2e_vs_real,original,908000,909000,4618,0,15,0.5,uniform,1.0,0.29061844575747237,0.0844590810144889,ok
v2e_vs_real,original,909000,910000,4678,0,15,0.5,uniform,1.0,0.29064345017194854,0.08447361512785394,ok
v2e_vs_real,original,910000,911000,9220,0,15,0.5,uniform,1.0,0.2542927171175781,0.06466478597904061,ok
v2e_vs_real,original,911000,912000,4728,0,15,0.5,uniform,1.0,0.2902386184078256,0.08423845561528341,ok
v2e_vs_real,original,912000,913000,4768,0,15,0.5,uniform,1.0,0.28944196570298913,0.08377665151001035,ok
v2e_vs_real,original,913000,914000,4802,0,15,0.5,uniform,1.0,0.2887621473786015,0.08338357775870117,ok
v2e_vs_real,original,914000,915000,5011,0,15,0.5,uniform,1.0,0.28643515593686575,0.0820450985565766,ok
v2e_vs_real,original,915000,916000,4938,0,15,0.5,uniform,1.0,0.28698458802680854,0.08236015376491701,ok
v2e_vs_real,original,916000,917000,4911,0,15,0.5,uniform,1.0,0.28763278744351783,0.08273262041252791,ok
v2e_vs_real,original,917000,918000,4999,0,15,0.5,uniform,1.0,0.2854697662202182,0.08149298742582602,ok
v2e_vs_real,original,918000,919000,5091,0,15,0.5,uniform,1.0,0.2859453945032104,0.08176476863759663,ok
v2e_vs_real,original,919000,920000,4998,0,15,0.5,uniform,1.0,0.28791394130149606,0.08289443759576132,ok
v2e_vs_real,original,920000,921000,4966,0,15,0.5,uniform,1.0,0.28764223314319864,0.08273805428760625,ok
v2e_vs_real,original,921000,922000,5038,0,15,0.5,uniform,1.0,0.2879086690182053,0.08289140169583446,ok
v2e_vs_real,original,922000,923000,5013,0,15,0.5,uniform,1.0,0.28866838821685303,0.08332943835571577,ok
v2e_vs_real,original,923000,924000,4991,0,15,0.5,uniform,1.0,0.289067374339152,0.08355994690733143,ok
v2e_vs_real,original,924000,925000,5020,0,15,0.5,uniform,1.0,0.28861812452368607,0.08330042180356996,ok
v2e_vs_real,original,925000,926000,4957,0,15,0.5,uniform,1.0,0.28736981471803097,0.08258141041107545,ok
v2e_vs_real,original,926000,927000,4852,0,15,0.5,uniform,1.0,0.2886624901186424,0.08332603320149534,ok
v2e_vs_real,original,927000,928000,4927,0,15,0.5,uniform,1.0,0.2864784147720702,0.0820698821303183,ok
v2e_vs_real,original,928000,929000,4915,0,15,0.5,uniform,1.0,0.28592783453543863,0.08175472656212518,ok
v2e_vs_real,original,929000,930000,4877,0,15,0.5,uniform,1.0,0.28336273414477803,0.08029443910200416,ok
v2e_vs_real,original,930000,931000,4925,0,15,0.5,uniform,1.0,0.280809130455864,0.07885376774737844,ok
v2e_vs_real,original,931000,932000,4766,0,15,0.5,uniform,1.0,0.274525162266368,0.07536406471737567,ok
v2e_vs_real,original,932000,933000,4161,0,15,0.5,uniform,1.0,0.28301493232997427,0.0800974519217399,ok
v2e_vs_real,original,933000,934000,4101,0,15,0.5,uniform,1.0,0.2812675565789288,0.07911143838388093,ok
v2e_vs_real,original,934000,935000,4157,0,15,0.5,uniform,1.0,0.27979117729357195,0.07828310289132301,ok
v2e_vs_real,original,935000,936000,8107,0,15,0.5,uniform,1.0,0.25118336233303007,0.06309308151292628,ok
v2e_vs_real,original,936000,937000,4011,0,15,0.5,uniform,1.0,0.2797232081712569,0.07824507318962032,ok
v2e_vs_real,original,937000,938000,3981,0,15,0.5,uniform,1.0,0.28062515169969143,0.07875047576647484,ok
v2e_vs_real,original,938000,939000,4051,0,15,0.5,uniform,1.0,0.28032995540822725,0.07858488389917867,ok
v2e_vs_real,original,939000,940000,3997,0,15,0.5,uniform,1.0,0.2811360582117697,0.07903748322685156,ok
v2e_vs_real,original,940000,941000,7794,0,15,0.5,uniform,1.0,0.24974750101636664,0.06237381426392006,ok
v2e_vs_real,original,941000,942000,3893,0,15,0.5,uniform,1.0,0.2784882967168633,0.0775557314082597,ok
v2e_vs_real,original,942000,943000,3866,0,15,0.5,uniform,1.0,0.2804697997515561,0.07866330857267798,ok
v2e_vs_real,original,943000,944000,3893,0,15,0.5,uniform,1.0,0.27872894135833215,0.07768982275073655,ok
v2e_vs_real,original,944000,945000,3915,0,15,0.5,uniform,1.0,0.27906654085848326,0.07787813422671952,ok
v2e_vs_real,original,945000,946000,7805,0,15,0.5,uniform,1.0,0.2468311632157624,0.060925623134446334,ok
v2e_vs_real,original,946000,947000,3934,0,15,0.5,uniform,1.0,0.275077159393042,0.07566744361974505,ok
v2e_vs_real,original,947000,948000,3985,0,15,0.5,uniform,1.0,0.2720676055553642,0.07402078199262924,ok
v2e_vs_real,original,948000,949000,3945,0,15,0.5,uniform,1.0,0.2728508545420006,0.07444758882429996,ok
v2e_vs_real,original,949000,950000,3977,0,15,0.5,uniform,1.0,0.27338869396248366,0.07474137798651255,ok
v2e_vs_real,original,950000,951000,8055,0,15,0.5,uniform,1.0,0.24000187690763797,0.057600900919189006,ok
v2e_vs_real,original,951000,952000,3972,0,15,0.5,uniform,1.0,0.2682625363286197,0.07196478839746401,ok
v2e_vs_real,original,952000,953000,4046,0,15,0.5,uniform,1.0,0.2639366560548113,0.06966255840939577,ok
v2e_vs_real,original,953000,954000,3993,0,15,0.5,uniform,1.0,0.26547396387336153,0.07047642549463487,ok
v2e_vs_real,original,954000,955000,4014,0,15,0.5,uniform,1.0,0.2681371794713808,0.0718975470148675,ok
v2e_vs_real,original,955000,956000,8005,0,15,0.5,uniform,1.0,0.23248831751440444,0.05405081778067854,ok
v2e_vs_real,original,956000,957000,3942,0,15,0.5,uniform,1.0,0.26057498730597956,0.0678993240095114,ok
v2e_vs_real,original,957000,958000,3971,0,15,0.5,uniform,1.0,0.2563179969176825,0.0656989155438931,ok
v2e_vs_real,original,958000,959000,4005,0,15,0.5,uniform,1.0,0.25603908285195154,0.0655560119476685,ok
v2e_vs_real,original,959000,960000,3967,0,15,0.5,uniform,1.0,0.25898089875121005,0.0670711059179845,ok
v2e_vs_real,original,960000,961000,7929,0,15,0.5,uniform,1.0,0.2224125105834588,0.04946732486403717,ok
v2e_vs_real,original,961000,962000,3890,0,15,0.5,uniform,1.0,0.246647529223462,0.06083500367203854,ok
v2e_vs_real,original,962000,963000,4018,0,15,0.5,uniform,1.0,0.24228432949459505,0.0587016963186455,ok
v2e_vs_real,original,963000,964000,3934,0,15,0.5,uniform,1.0,0.23984895137710285,0.05752751947669585,ok
v2e_vs_real,original,964000,965000,3880,0,15,0.5,uniform,1.0,0.24197704779094098,0.05855289165761933,ok
v2e_vs_real,original,965000,966000,7769,0,15,0.5,uniform,1.0,0.205813622261218,0.04235924710828333,ok
v2e_vs_real,original,966000,967000,3882,0,15,0.5,uniform,1.0,0.22712644579317773,0.051586422378641306,ok
v2e_vs_real,original,967000,968000,3768,0,15,0.5,uniform,1.0,0.22369731794525413,0.05004049005590011,ok
v2e_vs_real,original,968000,969000,3776,0,15,0.5,uniform,1.0,0.21968196630926978,0.04826016632150714,ok
v2e_vs_real,original,969000,970000,3674,0,15,0.5,uniform,1.0,0.22356110823007277,0.049979569113058314,ok
v2e_vs_real,original,970000,971000,7404,0,15,0.5,uniform,1.0,0.18942380023552005,0.035881376095666204,ok
v2e_vs_real,original,971000,972000,3638,0,15,0.5,uniform,1.0,0.214934046802661,0.04619664447496847,ok
v2e_vs_real,original,972000,973000,3641,0,15,0.5,uniform,1.0,0.20611809318868368,0.042484668339738886,ok
v2e_vs_real,original,973000,974000,3669,0,15,0.5,uniform,1.0,0.2046705321286421,0.04189002672182152,ok
v2e_vs_real,original,974000,975000,3653,0,15,0.5,uniform,1.0,0.20819260816646137,0.043344162095153724,ok
v2e_vs_real,original,975000,976000,7149,0,15,0.5,uniform,1.0,0.17171500824096822,0.02948604405519578,ok
v2e_vs_real,original,976000,977000,3700,0,15,0.5,uniform,1.0,0.19769678597000417,0.03908401918286964,ok
v2e_vs_real,original,977000,978000,3626,0,15,0.5,uniform,1.0,0.18539796186029495,0.03437240426195138,ok
v2e_vs_real,original,978000,979000,3716,0,15,0.5,uniform,1.0,0.17932229823736412,0.03215648664513016,ok
v2e_vs_real,original,979000,980000,3669,0,15,0.5,uniform,1.0,0.18697982153140777,0.0349614536599171,ok
v2e_vs_real,original,980000,981000,7399,0,15,0.5,uniform,1.0,0.14825956338906182,0.021980898136315243,ok
v2e_vs_real,original,981000,982000,3727,0,15,0.5,uniform,1.0,0.17027248341965032,0.028992718609895093,ok
v2e_vs_real,original,982000,983000,3734,0,15,0.5,uniform,1.0,0.15551123566844693,0.02418374441912724,ok
v2e_vs_real,original,983000,984000,3770,0,15,0.5,uniform,1.0,0.15263773538495992,0.023298278263449046,ok
v2e_vs_real,original,984000,985000,3701,0,15,0.5,uniform,1.0,0.16664871794096298,0.027771795191366633,ok
v2e_vs_real,original,985000,986000,7562,0,15,0.5,uniform,1.0,0.12226669986861041,0.014949145896760857,ok
v2e_vs_real,original,986000,987000,3737,0,15,0.5,uniform,1.0,0.1483593417674708,0.022010494289677204,ok
v2e_vs_real,original,987000,988000,3783,0,15,0.5,uniform,1.0,0.13054350049663022,0.017041605521913694,ok
v2e_vs_real,original,988000,989000,3871,0,15,0.5,uniform,1.0,0.1247434976902252,0.01556094021599122,ok
v2e_vs_real,original,989000,990000,3824,0,15,0.5,uniform,1.0,0.14374497888026008,0.020662618953286416,ok
v2e_vs_real,original,990000,991000,7539,0,15,0.5,uniform,1.0,0.09966344938868583,0.009932803144051143,ok
v2e_vs_real,original,991000,992000,3762,0,15,0.5,uniform,1.0,0.13215668352963497,0.01746538900155209,ok
v2e_vs_real,original,992000,993000,3785,0,15,0.5,uniform,1.0,0.10714152169273994,0.011479305670635861,ok
v2e_vs_real,original,993000,994000,3713,0,15,0.5,uniform,1.0,0.10983414955041623,0.0120635404074632,ok
v2e_vs_real,original,994000,995000,3757,0,15,0.5,uniform,1.0,0.13352745151795714,0.01782958030888039,ok
v2e_vs_real,original,995000,996000,7339,0,15,0.5,uniform,1.0,0.08666077845841397,0.007510090523018306,ok
v2e_vs_real,original,996000,997000,3678,0,15,0.5,uniform,1.0,0.1189333667020878,0.014145145715093288,ok
v2e_vs_real,original,997000,998000,3670,0,15,0.5,uniform,1.0,0.09726622649299675,0.009460718816186944,ok
v2e_vs_real,original,998000,999000,3744,0,15,0.5,uniform,1.0,0.09690735006035138,0.009391034495719486,ok
v2e_vs_real,original,999000,1000000,3654,0,15,0.5,uniform,1.0,0.12100656746400668,0.0146425893694212,ok
v2e_vs_real,original,1000000,1001000,7137,0,15,0.5,uniform,1.0,0.08379132488636601,0.00702098612621254,ok
v2e_vs_real,original,1001000,1002000,3522,0,15,0.5,uniform,1.0,0.11838865412189839,0.01401587342479449,ok
v2e_vs_real,original,1002000,1003000,3569,0,15,0.5,uniform,1.0,0.09891431412116496,0.009784041538060492,ok
v2e_vs_real,original,1003000,1004000,3589,0,15,0.5,uniform,1.0,0.10570618794237086,0.01117379816930783,ok
v2e_vs_real,original,1004000,1005000,3552,0,15,0.5,uniform,1.0,0.13378121558050476,0.01789741364219749,ok
v2e_vs_real,original,1005000,1006000,7023,0,15,0.5,uniform,1.0,0.09436507007594326,0.008904766450437682,ok
v2e_vs_real,original,1006000,1007000,3493,0,15,0.5,uniform,1.0,0.13035756106229648,0.016993093726110353,ok
v2e_vs_real,original,1007000,1008000,3525,0,15,0.5,uniform,1.0,0.11840121301145705,0.014018847242584426,ok
v2e_vs_real,original,1008000,1009000,3527,0,15,0.5,uniform,1.0,0.1258744506654351,0.015844377330325052,ok
v2e_vs_real,original,1009000,1010000,3614,0,15,0.5,uniform,1.0,0.15206529952276387,0.023123855318947895,ok
v2e_vs_real,original,1010000,1011000,7059,0,15,0.5,uniform,1.0,0.11460507771392266,0.013134323837814252,ok
v2e_vs_real,original,1011000,1012000,3571,0,15,0.5,uniform,1.0,0.15375406196713406,0.023640311571393305,ok
v2e_vs_real,original,1012000,1013000,3599,0,15,0.5,uniform,1.0,0.14174882205409484,0.020092728553723446,ok
v2e_vs_real,original,1013000,1014000,3654,0,15,0.5,uniform,1.0,0.1512755691577277,0.022884297823994454,ok
v2e_vs_real,original,1014000,1015000,3661,0,15,0.5,uniform,1.0,0.1678142656590427,0.028161627758683756,ok
