comparison_set,variant,window_start,window_end,n_events,distance,distance_squared,status
real_vs_real,original,16000,17000,3519,0.026422643322988052,0.0006981560801738451,ok
real_vs_real,original,17000,18000,3408,0.03570633667265841,0.0012749424785812313,ok
real_vs_real,original,18000,19000,3506,0.05062286687902217,0.0025626746510512,ok
real_vs_real,original,19000,20000,3402,0.06522016133490308,0.004253669444550787,ok
real_vs_real,original,20000,21000,3464,0.07505659710189846,0.0056334927685167124,ok
real_vs_real,original,21000,22000,3532,0.08990987845596639,0.008083786243966648,ok
real_vs_real,original,22000,23000,3460,0.0979518066254057,0.009594556421180872,ok
real_vs_real,original,23000,24000,3459,0.11058912478612705,0.01222995452096158,ok
real_vs_real,original,24000,25000,3564,0.12057658938402324,0.014538713907483347,ok
real_vs_real,original,25000,26000,3450,0.13272157470686652,0.017615016392670352,ok
real_vs_real,original,26000,27000,3432,0.14433527559229903,0.020832671780304915,ok
real_vs_real,original,27000,28000,3398,0.15500211064740432,0.024025654305150176,ok
real_vs_real,original,28000,29000,3451,0.16280033281922263,0.026503948366049655,ok
real_vs_real,original,29000,30000,3333,0.17228793403984471,0.029683132215717882,ok
real_vs_real,original,30000,31000,3420,0.17830454862871056,0.031792512061688205,ok
real_vs_real,original,31000,32000,3535,0.18466200956017012,0.034100057774800366,ok
real_vs_real,original,32000,33000,3445,0.1950230326274459,0.03803398325520583,ok
real_vs_real,original,33000,34000,3370,0.20142238224918452,0.040570976070936605,ok
real_vs_real,original,34000,35000,3452,0.2053936527879453,0.04218655260557503,ok
real_vs_real,original,35000,36000,3392,0.2126957333702639,0.0452394749939144,ok
real_vs_real,original,36000,37000,3231,0.2202038949848171,0.04848975536648435,ok
real_vs_real,original,37000,38000,3336,0.22339755821477789,0.049906469016325075,ok
real_vs_real,original,38000,39000,3313,0.2245934942748068,0.05044223767056767,ok
real_vs_real,original,39000,40000,3326,0.22957435284714972,0.0527043834851876,ok
real_vs_real,original,40000,41000,3332,0.23526715950364396,0.05535063634091305,ok
real_vs_real,original,41000,42000,3308,0.24109957650473623,0.05812900579076316,ok
real_vs_real,original,42000,43000,3255,0.23936599416331295,0.057296079161791164,ok
real_vs_real,original,43000,44000,3258,0.24280220790465726,0.058952912163376406,ok
real_vs_real,original,44000,45000,3153,0.2455824900717753,0.06031075942985361,ok
real_vs_real,original,45000,46000,3222,0.24814245505456714,0.06157467800050787,ok
real_vs_real,original,46000,47000,3199,0.250989539849696,0.06299574911396214,ok
real_vs_real,original,47000,48000,3212,0.25141332302176933,0.06320865899284854,ok
real_vs_real,original,48000,49000,3169,0.2522783057124378,0.06364434353313822,ok
real_vs_real,original,49000,50000,3244,0.25687698176246,0.06598578375939121,ok
real_vs_real,original,50000,51000,3310,0.2566494221021144,0.06586892586534927,ok
real_vs_real,original,51000,52000,3242,0.2549804892945469,0.06501504992088655,ok
real_vs_real,original,52000,53000,3143,0.25690210492994914,0.06599869151743859,ok
real_vs_real,original,53000,54000,3217,0.25728108153568485,0.06619355491617172,ok
real_vs_real,original,54000,55000,3137,0.25746263943042674,0.06628701070248194,ok
real_vs_real,original,55000,56000,3121,0.26011444328715383,0.06765952360658596,ok
real_vs_real,original,56000,57000,3042,0.26508968475859024,0.07027254096540876,ok
real_vs_real,original,57000,58000,3163,0.2602121017885966,0.06771033791723895,ok
real_vs_real,original,58000,59000,3185,0.26490627667402034,0.07017533542129262,ok
real_vs_real,original,59000,60000,3182,0.26252260600476096,0.06891811866353097,ok
real_vs_real,original,60000,61000,2999,0.26412973798782635,0.06976451848951781,ok
real_vs_real,original,61000,62000,3041,0.26339605677987327,0.06937748272718623,ok
real_vs_real,original,62000,63000,2981,0.26557236847808,0.07052868289905712,ok
real_vs_real,original,63000,64000,2969,0.26565996651324386,0.07057521780781785,ok
real_vs_real,original,64000,65000,3000,0.2662386394768443,0.07088301315048108,ok
real_vs_real,original,65000,66000,3131,0.2648933167612143,0.070168469264757,ok
real_vs_real,original,66000,67000,3059,0.2653268436346911,0.07039833395314782,ok
real_vs_real,original,67000,68000,3063,0.2672249320730906,0.07140916432146789,ok
real_vs_real,original,68000,69000,2969,0.26481513392556755,0.07012705515601629,ok
real_vs_real,original,69000,70000,2946,0.26719492330638434,0.0713931270407046,ok
real_vs_real,original,70000,71000,2950,0.26853745932523404,0.07211236706085174,ok
real_vs_real,original,71000,72000,2911,0.26621655485822954,0.07087125408058474,ok
real_vs_real,original,72000,73000,3010,0.26751174264857674,0.07156253245487834,ok
real_vs_real,original,73000,74000,3015,0.26810323985051293,0.07187934721834167,ok
real_vs_real,original,74000,75000,2953,0.2695174343391515,0.07263964741275884,ok
real_vs_real,original,75000,76000,3053,0.2694861562030549,0.0726227883850973,ok
real_vs_real,original,76000,77000,2991,0.2660792382904445,0.07079816104922314,ok
real_vs_real,original,77000,78000,2951,0.26577140994629656,0.07063444234484241,ok
real_vs_real,original,78000,79000,2918,0.2659421445640044,0.0707252242553018,ok
real_vs_real,original,79000,80000,2906,0.26811706323503137,0.07188675959777781,ok
real_vs_real,original,80000,81000,2968,0.2687272920743,0.07221435750558616,ok
real_vs_real,original,81000,82000,2980,0.26847540573927225,0.07207904348686686,ok
real_vs_real,original,82000,83000,2937,0.26931929190870385,0.07253288099420564,ok
real_vs_real,original,83000,84000,3019,0.26976055192997545,0.07277075537756497,ok
real_vs_real,original,84000,85000,3020,0.2682603158951716,0.07196359708417725,ok
real_vs_real,original,85000,86000,2897,0.2705380323544099,0.07319082695019571,ok
real_vs_real,original,86000,87000,2976,0.26809724160172016,0.0718761309544511,ok
real_vs_real,original,87000,88000,2844,0.26921230224581477,0.07247526368049192,ok
real_vs_real,original,88000,89000,2896,0.2706794395509791,0.07326735899563216,ok
real_vs_real,original,89000,90000,3075,0.2689213466887397,0.07231869070488532,ok
real_vs_real,original,90000,91000,2970,0.26792635704478507,0.07178453279928965,ok
real_vs_real,original,91000,92000,3039,0.26945739183709544,0.07260728601564999,ok
real_vs_real,original,92000,93000,3099,0.2665630277049322,0.07105584773922044,ok
real_vs_real,original,93000,94000,2970,0.2691589140851235,0.07244652103148289,ok
real_vs_real,original,94000,95000,2891,0.2660374774841533,0.07077593942613136,ok
real_vs_real,original,95000,96000,2953,0.26954546410737956,0.07265475722086265,ok
real_vs_real,original,96000,97000,2970,0.26731469730158935,0.07145714739344033,ok
real_vs_real,original,97000,98000,2895,0.27001446652222877,0.07290781213128379,ok
real_vs_real,original,98000,99000,3014,0.2692176437461839,0.07247813970424719,ok
real_vs_real,original,99000,100000,3033,0.2703314899841513,0.0730791144770513,ok
real_vs_real,original,100000,101000,3114,0.2663526512606307,0.07094373483356714,ok
real_vs_real,original,101000,102000,2995,0.2675866084145462,0.07160259300279967,ok
real_vs_real,original,102000,103000,2897,0.26906036942230666,0.07239348239366812,ok
real_vs_real,original,103000,104000,2912,0.2694229186223078,0.07258870907896271,ok
real_vs_real,original,104000,105000,2972,0.26873685723670393,0.07221949843746057,ok
real_vs_real,original,105000,106000,2911,0.2672513103924919,0.07142326290650404,ok
real_vs_real,original,106000,107000,3047,0.26823895238345147,0.07195213557577154,ok
real_vs_real,original,107000,108000,2973,0.2683322729790106,0.07200220872208224,ok
real_vs_real,original,108000,109000,3050,0.2658612333732591,0.07068219541075055,ok
real_vs_real,original,109000,110000,3088,0.2643870037919837,0.06990048777410242,ok
real_vs_real,original,110000,111000,2998,0.2662863394351242,0.07090841456975817,ok
real_vs_real,original,111000,112000,2938,0.2659183133625312,0.07071254938157333,ok
real_vs_real,original,112000,113000,2877,0.2678261460360254,0.0717308445005104,ok
real_vs_real,original,113000,114000,2933,0.266762498821716,0.07116223077760603,ok
real_vs_real,original,114000,115000,2879,0.2684854579531892,0.07208444113233373,ok
real_vs_real,original,115000,116000,2955,0.26746433749271464,0.07153717183041677,ok
real_vs_real,original,116000,117000,2985,0.26731852177223836,0.07145919208249468,ok
real_vs_real,original,117000,118000,3103,0.26405500653435326,0.06972504647585735,ok
real_vs_real,original,118000,119000,2790,0.26826130984245866,0.0719641303583916,ok
real_vs_real,original,119000,120000,2753,0.26864087278083504,0.07216791852844881,ok
real_vs_real,original,120000,121000,2783,0.2698266388735979,0.07280641504582304,ok
real_vs_real,original,121000,122000,2647,0.2692745341962919,0.07250877476662998,ok
real_vs_real,original,122000,123000,2849,0.26913859328876333,0.07243558239745436,ok
real_vs_real,original,123000,124000,2833,0.2691392264385724,0.07243592320795314,ok
real_vs_real,original,124000,125000,2814,0.2726816238081822,0.074355267962667,ok
real_vs_real,original,125000,126000,2872,0.2695836394113231,0.07267533863825426,ok
real_vs_real,original,126000,127000,2804,0.27142126148888807,0.07366950118821934,ok
real_vs_real,original,127000,128000,2655,0.27179467606956514,0.07387234593975985,ok
real_vs_real,original,128000,129000,2672,0.273817332656809,0.0749759316632896,ok
real_vs_real,original,129000,130000,2607,0.26981629501679194,0.0728008330565885,ok
real_vs_real,original,130000,131000,2654,0.2735891461345236,0.0748510208826177,ok
real_vs_real,original,131000,132000,2811,0.270910306747282,0.07339239430190642,ok
real_vs_real,original,132000,133000,2823,0.2712074242960312,0.07355346699328749,ok
real_vs_real,original,133000,134000,2842,0.2701491137085516,0.07298054363751594,ok
real_vs_real,original,134000,135000,2834,0.26947455792579555,0.07261653736930293,ok
real_vs_real,original,135000,136000,2751,0.26905726418710674,0.07239181141185054,ok
real_vs_real,original,136000,137000,2629,0.2704158208476649,0.07312471616471641,ok
real_vs_real,original,137000,138000,2622,0.2705519796933546,0.07319837371599336,ok
real_vs_real,original,138000,139000,2607,0.27389748126948016,0.07501983024576524,ok
real_vs_real,original,139000,140000,2741,0.2759421246827237,0.07614405617441583,ok
real_vs_real,original,140000,141000,2641,0.27450245583537813,0.07535159825965373,ok
real_vs_real,original,141000,142000,2646,0.2744501140386649,0.07532286509583619,ok
real_vs_real,original,142000,143000,2796,0.27563436091181565,0.07597430091526505,ok
real_vs_real,original,143000,144000,2539,0.2737810618163124,0.07495606980926746,ok
real_vs_real,original,144000,145000,2533,0.27757572525271795,0.07704828324957236,ok
real_vs_real,original,145000,146000,2477,0.27524334920240795,0.07575890128015869,ok
real_vs_real,original,146000,147000,2469,0.27955685156371823,0.07815203325621878,ok
real_vs_real,original,147000,148000,2460,0.28062137375445045,0.07874835540783498,ok
real_vs_real,original,148000,149000,2509,0.2774672276275924,0.07698806240734217,ok
real_vs_real,original,149000,150000,2559,0.27740514601968924,0.07695361503820511,ok
real_vs_real,original,150000,151000,2596,0.27755402093839965,0.0770362345390736,ok
real_vs_real,original,151000,152000,2451,0.2773818939031115,0.07694071506527701,ok
real_vs_real,original,152000,153000,2419,0.27994490558881246,0.07836915016512912,ok
real_vs_real,original,153000,154000,2331,0.280756255643204,0.07882407508279211,ok
real_vs_real,original,154000,155000,2254,0.2849114421220793,0.08117452985208296,ok
real_vs_real,original,155000,156000,2259,0.2831620744656708,0.08018076041570212,ok
real_vs_real,original,156000,157000,2283,0.2833419233830526,0.08028264554640765,ok
real_vs_real,original,157000,158000,2306,0.28300979008546867,0.08009454128422103,ok
real_vs_real,original,158000,159000,2341,0.2812914314455424,0.0791248694046823,ok
real_vs_real,original,159000,160000,2283,0.2763463267198372,0.07636729229154701,ok
real_vs_real,original,160000,161000,2287,0.2818770458289552,0.0794546689652589,ok
real_vs_real,original,161000,162000,2030,0.2806701643526451,0.07877574115774079,ok
real_vs_real,original,162000,163000,2119,0.28075491424310334,0.0788233218716523,ok
real_vs_real,original,163000,164000,2004,0.28058068775639944,0.07872552234185412,ok
real_vs_real,original,164000,165000,1954,0.2816133664479396,0.0793060881621415,ok
real_vs_real,original,165000,166000,1935,0.27895889527925677,0.07781806525542334,ok
real_vs_real,original,166000,167000,1848,0.2818284102428588,0.07942725282001711,ok
real_vs_real,original,167000,168000,1907,0.2676548478313757,0.07163911756763688,ok
real_vs_real,original,168000,169000,1844,0.2712933490269162,0.07360008122624019,ok
real_vs_real,original,169000,170000,1639,0.2748726973384475,0.07555499974211376,ok
real_vs_real,original,170000,171000,1626,0.2807798945687079,0.07883734919401471,ok
real_vs_real,original,171000,172000,1476,0.28933176533854776,0.08371287043392048,ok
real_vs_real,original,172000,173000,1466,0.2775416774599449,0.07702938272728009,ok
real_vs_real,original,173000,174000,1466,0.28147732385050483,0.07922948384204197,ok
real_vs_real,original,174000,175000,1527,0.2797341291784075,0.07825118302720199,ok
real_vs_real,original,175000,176000,1578,0.2596156226595013,0.06740027152888056,ok
real_vs_real,original,176000,177000,1659,0.274046169257019,0.07510130288444672,ok
real_vs_real,original,177000,178000,1580,0.27883053441504496,0.07774646692217958,ok
real_vs_real,original,178000,179000,1585,0.28124023878716786,0.07909607191306321,ok
real_vs_real,original,179000,180000,1473,0.2848783128762109,0.0811556531471963,ok
real_vs_real,original,180000,181000,1523,0.2836763931261319,0.08047229601705173,ok
real_vs_real,original,181000,182000,1554,0.27289067079860785,0.07446931820891417,ok
real_vs_real,original,182000,183000,1569,0.277213058168097,0.07684707961890871,ok
real_vs_real,original,183000,184000,1576,0.26712997709073794,0.07135842466049817,ok
real_vs_real,original,184000,185000,1670,0.26033696300552944,0.06777533430694241,ok
real_vs_real,original,185000,186000,1638,0.27486144753560127,0.0755488153413661,ok
real_vs_real,original,186000,187000,1569,0.27540348597310543,0.07584708008613848,ok
real_vs_real,original,187000,188000,1612,0.27962094637123197,0.07818787364954338,ok
real_vs_real,original,188000,189000,1496,0.2868484043575426,0.08228200708246827,ok
real_vs_real,original,189000,190000,1531,0.276734711338355,0.07658210045952266,ok
real_vs_real,original,190000,191000,1553,0.273865759894657,0.07500245444267793,ok
real_vs_real,original,191000,192000,1556,0.26948763364554457,0.07262358468787523,ok
real_vs_real,original,192000,193000,1659,0.26952961866462904,0.07264621533750035,ok
real_vs_real,original,193000,194000,1593,0.27641784741393455,0.0764068263689532,ok
real_vs_real,original,194000,195000,1526,0.2793263118098372,0.0780231884692864,ok
real_vs_real,original,195000,196000,1640,0.27623418928956345,0.07630532733246237,ok
real_vs_real,original,196000,197000,1489,0.29182823241014705,0.0851637172316308,ok
real_vs_real,original,197000,198000,1531,0.2807169124991144,0.07880198496303545,ok
real_vs_real,original,198000,199000,1561,0.2723454174673178,0.0741720264154476,ok
real_vs_real,original,199000,200000,1520,0.28078982504571515,0.07884292584920333,ok
real_vs_real,original,200000,201000,1570,0.26752940376339834,0.07157198187799942,ok
real_vs_real,original,201000,202000,1632,0.2699067717973409,0.07284966546206187,ok
real_vs_real,original,202000,203000,1533,0.2764519816693531,0.07642569816891233,ok
real_vs_real,original,203000,204000,1610,0.2824063690708504,0.07975335729178137,ok
real_vs_real,original,204000,205000,1528,0.28108249172233113,0.07900736715283435,ok
real_vs_real,original,205000,206000,1727,0.28161398658909487,0.0793064374426029,ok
real_vs_real,original,206000,207000,1873,0.28400072304268165,0.08065641068876597,ok
real_vs_real,original,207000,208000,2006,0.2924800645823205,0.08554458817807836,ok
real_vs_real,original,208000,209000,2248,0.28878229227747754,0.08339521233303447,ok
real_vs_real,original,209000,210000,2423,0.287634753060752,0.08273375116831978,ok
real_vs_real,original,210000,211000,2438,0.2899417809718043,0.08406623635310172,ok
real_vs_real,original,211000,212000,2405,0.28616642166566086,0.0818912208889288,ok
real_vs_real,original,212000,213000,2502,0.2898807740824683,0.08403086318265104,ok
real_vs_real,original,213000,214000,2440,0.2837250006060452,0.08049987596890035,ok
real_vs_real,original,214000,215000,2571,0.28412848194949303,0.08072899425492337,ok
real_vs_real,original,215000,216000,2566,0.28609640988912105,0.08185115575144396,ok
real_vs_real,original,216000,217000,2671,0.2811187174452506,0.07902773329806263,ok
real_vs_real,original,217000,218000,2792,0.2786561848883468,0.07764926937652854,ok
real_vs_real,original,218000,219000,2665,0.27802287874137005,0.07729672110363855,ok
real_vs_real,original,219000,220000,2598,0.2793848020711459,0.07805586762833339,ok
real_vs_real,original,220000,221000,2698,0.2765357465165762,0.07647201910148009,ok
real_vs_real,original,221000,222000,2603,0.2751608908692456,0.07571351586395689,ok
real_vs_real,original,222000,223000,2712,0.27474732043811123,0.07548609008792216,ok
real_vs_real,original,223000,224000,2749,0.2751196624499746,0.07569082866658795,ok
real_vs_real,original,224000,225000,2781,0.27182818206319753,0.07389056056378288,ok
real_vs_real,original,225000,226000,2915,0.2710396507887215,0.07346249229967208,ok
real_vs_real,original,226000,227000,2855,0.2670921116386918,0.07133819609961539,ok
real_vs_real,original,227000,228000,2635,0.2691153287999357,0.0724230601950975,ok
real_vs_real,original,228000,229000,2896,0.26628535992302527,0.07090789290933512,ok
real_vs_real,original,229000,230000,2756,0.2630655350126858,0.06920347571151063,ok
real_vs_real,original,230000,231000,2746,0.26420222681333955,0.0698028166531273,ok
real_vs_real,original,231000,232000,2913,0.2627273043505641,0.06902563645131392,ok
real_vs_real,original,232000,233000,2883,0.2584057912407466,0.06677355294675631,ok
real_vs_real,original,233000,234000,2910,0.2564480813587623,0.06576561843259035,ok
real_vs_real,original,234000,235000,3044,0.25217638002485987,0.06359292664244255,ok
real_vs_real,original,235000,236000,2866,0.2516401104555928,0.06332274519010295,ok
real_vs_real,original,236000,237000,2843,0.2513106670657042,0.06315705138100922,ok
real_vs_real,original,237000,238000,2796,0.24837561965719113,0.061690448440093665,ok
real_vs_real,original,238000,239000,2780,0.24649553447546035,0.06076004851634287,ok
real_vs_real,original,239000,240000,2944,0.24323954713776705,0.05916547729178599,ok
real_vs_real,original,240000,241000,2948,0.23759180023016335,0.05644986353660985,ok
real_vs_real,original,241000,242000,2935,0.23511357447606235,0.05527839290291092,ok
real_vs_real,original,242000,243000,3025,0.2306858636979164,0.053215967710053665,ok
real_vs_real,original,243000,244000,2856,0.2245581685748811,0.050426371073704714,ok
real_vs_real,original,244000,245000,2995,0.22087961340369547,0.04878780361736597,ok
real_vs_real,original,245000,246000,2922,0.21641604829863884,0.04683590596119878,ok
real_vs_real,original,246000,247000,2897,0.21070816765537936,0.044397931916687464,ok
real_vs_real,original,247000,248000,2996,0.20708185869248913,0.04288289619953603,ok
real_vs_real,original,248000,249000,3088,0.2015464044343756,0.0406209531404249,ok
real_vs_real,original,249000,250000,3098,0.19482755963467843,0.037957777993204184,ok
real_vs_real,original,250000,251000,3313,0.18817171027786095,0.03540859254889524,ok
real_vs_real,original,251000,252000,3062,0.17925356203919732,0.03213183950374036,ok
real_vs_real,original,252000,253000,3100,0.17272191547641152,0.02983286008584065,ok
real_vs_real,original,253000,254000,3167,0.1654084626759449,0.027359959524819455,ok
real_vs_real,original,254000,255000,3029,0.15827680249895795,0.02505154620929414,ok
real_vs_real,original,255000,256000,3089,0.14881969944443393,0.02214730294273165,ok
real_vs_real,original,256000,257000,3269,0.1408216227133185,0.01983072942361222,ok
real_vs_real,original,257000,258000,3201,0.13426279589882523,0.0180264983625696,ok
real_vs_real,original,258000,259000,3334,0.12413939881661591,0.015410590338550821,ok
real_vs_real,original,259000,260000,3320,0.11746205563954823,0.013797334515068323,ok
real_vs_real,original,260000,261000,3300,0.10434248284890883,0.010887353727074833,ok
real_vs_real,original,261000,262000,3331,0.09836215018990604,0.009675112589981633,ok
real_vs_real,original,262000,263000,3267,0.09162919501091962,0.008395909378349137,ok
real_vs_real,original,263000,264000,3279,0.08482369020274087,0.007195058419610559,ok
real_vs_real,original,264000,265000,3402,0.08485554074988866,0.007200462795956014,ok
real_vs_real,original,265000,266000,3338,0.08331738352878035,0.006941786398081878,ok
real_vs_real,original,266000,267000,3406,0.08649722994665857,0.007481770788445127,ok
real_vs_real,original,267000,268000,3412,0.08691228094253434,0.007553744578634017,ok
real_vs_real,original,268000,269000,3276,0.08833837624425844,0.007803668717472165,ok
real_vs_real,original,269000,270000,3152,0.0907128362141184,0.00822881865400947,ok
real_vs_real,original,270000,271000,3307,0.10028347355017667,0.010056775067288984,ok
real_vs_real,original,271000,272000,3301,0.10328100840062719,0.010666966696250425,ok
real_vs_real,original,272000,273000,3287,0.11696150483085846,0.013679993612298928,ok
real_vs_real,original,273000,274000,3342,0.12507345063855974,0.015643368054636238,ok
real_vs_real,original,274000,275000,3348,0.13520686579124067,0.018280896557090566,ok
real_vs_real,original,275000,276000,3401,0.1443548279439618,0.020838316350730815,ok
real_vs_real,original,276000,277000,3403,0.14619937457372165,0.021374257125747365,ok
real_vs_real,original,277000,278000,3213,0.15803258149646573,0.024974296814437087,ok
real_vs_real,original,278000,279000,3266,0.1667709754609526,0.027812558256197654,ok
real_vs_real,original,279000,280000,3290,0.1683370107100486,0.028337349174795023,ok
real_vs_real,original,280000,281000,3302,0.17917074481418316,0.03210215579726914,ok
real_vs_real,original,281000,282000,3372,0.1895617168345849,0.03593364448927535,ok
real_vs_real,original,282000,283000,3324,0.19497552967028906,0.03801545717020977,ok
real_vs_real,original,283000,284000,3403,0.2006459146970386,0.040258783084611297,ok
real_vs_real,original,284000,285000,3384,0.20423972432830265,0.04171386499370106,ok
real_vs_real,original,285000,286000,3310,0.2115249471989807,0.04474280328753158,ok
real_vs_real,original,286000,287000,3307,0.21545080468480424,0.046419049239329664,ok
real_vs_real,original,287000,288000,3202,0.21938491662736015,0.048129741643593765,ok
real_vs_real,original,288000,289000,3268,0.22236562155958137,0.04944646965157896,ok
real_vs_real,original,289000,290000,3253,0.2284283791808796,0.05217952441520371,ok
real_vs_real,original,290000,291000,3197,0.23130308677552935,0.05350111795188806,ok
real_vs_real,original,291000,292000,3269,0.236735236512526,0.056043572206641634,ok
real_vs_real,original,292000,293000,3200,0.23788182051365908,0.05658776053089272,ok
real_vs_real,original,293000,294000,3192,0.24066771309933485,0.057920948128463746,ok
real_vs_real,original,294000,295000,3029,0.24641919014722186,0.060722417272812676,ok
real_vs_real,original,295000,296000,3155,0.24736951297926238,0.061191675951597455,ok
real_vs_real,original,296000,297000,3020,0.24951798222631774,0.062259223454293015,ok
real_vs_real,original,297000,298000,3128,0.25072990796491096,0.06286548674809272,ok
real_vs_real,original,298000,299000,2997,0.2538386129197122,0.06443404140900348,ok
real_vs_real,original,299000,300000,3068,0.2529103730623574,0.0639636568025408,ok
real_vs_real,original,300000,301000,3136,0.25554841990164723,0.0653049949142286,ok
real_vs_real,original,301000,302000,2942,0.2572130622440514,0.06615855938896226,ok
real_vs_real,original,302000,303000,2979,0.25824200250475216,0.06668893185766442,ok
real_vs_real,original,303000,304000,2893,0.2593634029723481,0.06726937480139664,ok
real_vs_real,original,304000,305000,2884,0.2622744028441359,0.06878786238724807,ok
real_vs_real,original,305000,306000,2988,0.2596684431940921,0.06742770039084345,ok
real_vs_real,original,306000,307000,2898,0.2643710221887009,0.06989203737309858,ok
real_vs_real,original,307000,308000,2995,0.26120891276533426,0.068230096108048,ok
real_vs_real,original,308000,309000,2909,0.26030034104473954,0.0677562675480077,ok
real_vs_real,original,309000,310000,2971,0.26241590626671335,0.06886210786178049,ok
real_vs_real,original,310000,311000,2859,0.2677214077641189,0.07167475217520164,ok
real_vs_real,original,311000,312000,2842,0.26615730419579375,0.07083971057677228,ok
real_vs_real,original,312000,313000,2907,0.26682593491364537,0.07119607954254091,ok
real_vs_real,original,313000,314000,2847,0.26631538552222095,0.07092388456584918,ok
real_vs_real,original,314000,315000,2892,0.26657770152156607,0.07106367094852117,ok
real_vs_real,original,315000,316000,2765,0.2688398113434152,0.07227484416316309,ok
real_vs_real,original,316000,317000,2874,0.26706794841948533,0.07132528907299289,ok
real_vs_real,original,317000,318000,2862,0.2666824300096527,0.0711195184758533,ok
real_vs_real,original,318000,319000,2853,0.2691249609769542,0.07242824462084711,ok
real_vs_real,original,319000,320000,2904,0.2691295063520318,0.07243069118928833,ok
real_vs_real,original,320000,321000,2758,0.26978476230829396,0.07278381797374266,ok
real_vs_real,original,321000,322000,2872,0.2667916853202999,0.07117780335604593,ok
real_vs_real,original,322000,323000,2806,0.26874604376050976,0.07222443603692581,ok
real_vs_real,original,323000,324000,2814,0.2694039779144791,0.07257850331614515,ok
real_vs_real,original,324000,325000,2816,0.27015358501104164,0.0729829594943181,ok
real_vs_real,original,325000,326000,2894,0.26874904212214146,0.07222604764156855,ok
real_vs_real,original,326000,327000,2833,0.2682200524829534,0.07194199655395826,ok
real_vs_real,original,327000,328000,2855,0.268893888162795,0.07230392309130572,ok
real_vs_real,original,328000,329000,2916,0.2686205108802692,0.07215697886557684,ok
real_vs_real,original,329000,330000,2814,0.2687019177462922,0.07220072060053517,ok
real_vs_real,original,330000,331000,2864,0.26828256104390696,0.07197553256027768,ok
real_vs_real,original,331000,332000,2877,0.2661508938476954,0.07083629829592723,ok
real_vs_real,original,332000,333000,2849,0.2686604646932658,0.07217844528920155,ok
real_vs_real,original,333000,334000,2882,0.2710034104282736,0.07344284846375529,ok
real_vs_real,original,334000,335000,3028,0.26833573410721695,0.07200406619885905,ok
real_vs_real,original,335000,336000,2880,0.27094220451751116,0.07340967818880884,ok
real_vs_real,original,336000,337000,2783,0.27264216763254595,0.07433375157137329,ok
real_vs_real,original,337000,338000,2950,0.26852842001003496,0.07210751235308575,ok
real_vs_real,original,338000,339000,2918,0.2720268243504303,0.07399859316617985,ok
real_vs_real,original,339000,340000,2970,0.26829004244057636,0.07197954687276625,ok
real_vs_real,original,340000,341000,2946,0.2683524673723213,0.07201304674481278,ok
real_vs_real,original,341000,342000,2948,0.2693092162119138,0.07252745393667531,ok
real_vs_real,original,342000,343000,2836,0.26939353579128433,0.07257287712612999,ok
real_vs_real,original,343000,344000,2968,0.26948628715110184,0.07262285896248613,ok
real_vs_real,original,344000,345000,2908,0.2713687668613901,0.07364100762787149,ok
real_vs_real,original,345000,346000,2923,0.26921768711290833,0.0724781630544238,ok
real_vs_real,original,346000,347000,2958,0.2675489364585377,0.07158243340009465,ok
real_vs_real,original,347000,348000,2958,0.269754530033495,0.07276750647359174,ok
real_vs_real,original,348000,349000,2913,0.26730295730083325,0.07145087098177108,ok
real_vs_real,original,349000,350000,2988,0.27394763379460413,0.07504730606166253,ok
real_vs_real,original,350000,351000,2905,0.26963458184130595,0.0727028077247359,ok
real_vs_real,original,351000,352000,2969,0.26626753749680276,0.07089840152461127,ok
real_vs_real,original,352000,353000,2932,0.2719492040132083,0.07395636956341761,ok
real_vs_real,original,353000,354000,3035,0.2673677215903957,0.07148549854843934,ok
real_vs_real,original,354000,355000,2984,0.2675431023250386,0.07157931160170605,ok
real_vs_real,original,355000,356000,3027,0.26691528553663413,0.07124376965310293,ok
real_vs_real,original,356000,357000,2957,0.26871147094794917,0.07220585461901052,ok
real_vs_real,original,357000,358000,2938,0.26654208031125176,0.0710446805766498,ok
real_vs_real,original,358000,359000,3019,0.2672114640394143,0.0714019665140872,ok
real_vs_real,original,359000,360000,2961,0.2645280494248597,0.06997508893252102,ok
real_vs_real,original,360000,361000,3039,0.2663797859628311,0.0709581903696037,ok
real_vs_real,original,361000,362000,2958,0.2642977746156574,0.06985331366678883,ok
real_vs_real,original,362000,363000,2913,0.2665285077386901,0.07103744543741299,ok
real_vs_real,original,363000,364000,2900,0.26558064597123254,0.07053307951449715,ok
real_vs_real,original,364000,365000,2837,0.26609502878230523,0.07080656434265584,ok
real_vs_real,original,365000,366000,2828,0.2680628463880234,0.07185768961364905,ok
real_vs_real,original,366000,367000,2728,0.26962856408286656,0.07269956256938848,ok
real_vs_real,original,367000,368000,2772,0.26647607901829196,0.07100950068896297,ok
real_vs_real,original,368000,369000,2827,0.2662690007345039,0.07089918075215124,ok
real_vs_real,original,369000,370000,2739,0.2646107336912538,0.07001884038462365,ok
real_vs_real,original,370000,371000,2806,0.2687126054494056,0.07220646432740793,ok
real_vs_real,original,371000,372000,2771,0.2653149520174216,0.07039202376400674,ok
real_vs_real,original,372000,373000,2804,0.2645775336069904,0.07000127128955813,ok
real_vs_real,original,373000,374000,2685,0.2692920765534069,0.07251822249444596,ok
real_vs_real,original,374000,375000,2810,0.26757544716370085,0.07159661992485446,ok
real_vs_real,original,375000,376000,2681,0.2674056683194352,0.07150579144936378,ok
real_vs_real,original,376000,377000,2746,0.2715174700964134,0.07372173656755676,ok
real_vs_real,original,377000,378000,2788,0.2672553119027798,0.0714254017402521,ok
real_vs_real,original,378000,379000,2696,0.26665114480533847,0.0711028330259976,ok
real_vs_real,original,379000,380000,2826,0.2704536879590186,0.0731451973306342,ok
real_vs_real,original,380000,381000,2764,0.264876005314858,0.07015929819155668,ok
real_vs_real,original,381000,382000,2819,0.2663691763852794,0.0709525381281721,ok
real_vs_real,original,382000,383000,2788,0.2668701141341829,0.0712196578179918,ok
real_vs_real,original,383000,384000,2728,0.268698863052623,0.07219907900577226,ok
real_vs_real,original,384000,385000,2680,0.26940735501710145,0.07258032293731052,ok
real_vs_real,original,385000,386000,2683,0.2713650658102209,0.07363899894218552,ok
real_vs_real,original,386000,387000,2685,0.2697665906198699,0.07277401341466848,ok
real_vs_real,original,387000,388000,2677,0.26784401540923625,0.07174041659054319,ok
real_vs_real,original,388000,389000,2690,0.26710411340787665,0.07134460739940784,ok
real_vs_real,original,389000,390000,2778,0.2693833606015631,0.07256739496899177,ok
real_vs_real,original,390000,391000,2651,0.2717131351636785,0.07382802782047543,ok
real_vs_real,original,391000,392000,2642,0.27379254600968805,0.07496235825046714,ok
real_vs_real,original,392000,393000,2652,0.2685311501790187,0.07210897861646667,ok
real_vs_real,original,393000,394000,2591,0.27091619295380676,0.07339558360458426,ok
real_vs_real,original,394000,395000,2651,0.26995708057322043,0.07287682535161621,ok
real_vs_real,original,395000,396000,2621,0.2712537127060883,0.07357857665683709,ok
real_vs_real,original,396000,397000,2612,0.2705726858440826,0.07320957832488063,ok
real_vs_real,original,397000,398000,2649,0.2702528454494851,0.07303660047354325,ok
real_vs_real,original,398000,399000,2585,0.271472992717476,0.07369758577498278,ok
real_vs_real,original,399000,400000,2529,0.2738209062994221,0.07497788872663687,ok
real_vs_real,original,400000,401000,2570,0.2729863098585677,0.07452152537019795,ok
real_vs_real,original,401000,402000,2587,0.2703690451283167,0.07309942056359776,ok
real_vs_real,original,402000,403000,2554,0.2728078487959973,0.07442412236469971,ok
real_vs_real,original,403000,404000,2584,0.2729413318812007,0.07449697064908374,ok
real_vs_real,original,404000,405000,2551,0.2737905879100683,0.07496128602814082,ok
real_vs_real,original,405000,406000,2490,0.272540992392171,0.07427859253410941,ok
real_vs_real,original,406000,407000,2508,0.27350338060169727,0.07480409920055686,ok
real_vs_real,original,407000,408000,2497,0.27536057140777476,0.07582344428601621,ok
real_vs_real,original,408000,409000,2460,0.2743552850053907,0.07527082241038915,ok
real_vs_real,original,409000,410000,2426,0.2756877944129329,0.07600375998826754,ok
real_vs_real,original,410000,411000,2434,0.2772033880086419,0.07684171832346968,ok
real_vs_real,original,411000,412000,2349,0.2757731370961888,0.07605082314387332,ok
real_vs_real,original,412000,413000,2348,0.27401260045177395,0.0750829052063435,ok
real_vs_real,original,413000,414000,2423,0.2716309580345236,0.0737833773627531,ok
real_vs_real,original,414000,415000,2296,0.2771953301107162,0.07683725103518892,ok
real_vs_real,original,415000,416000,2187,0.27183126133690927,0.07389223464001507,ok
real_vs_real,original,416000,417000,2240,0.27809671034982336,0.07733778030739355,ok
real_vs_real,original,417000,418000,2045,0.27921427673273896,0.07796061233138654,ok
real_vs_real,original,418000,419000,1986,0.27185815132340085,0.07390685444097712,ok
real_vs_real,original,419000,420000,1924,0.27354936117725104,0.07482925300048213,ok
real_vs_real,original,420000,421000,1862,0.2722801728246638,0.07413649251342881,ok
real_vs_real,original,421000,422000,1739,0.2732384026752173,0.0746592246965042,ok
real_vs_real,original,422000,423000,1877,0.2732425192522043,0.07466147432729121,ok
real_vs_real,original,423000,424000,1790,0.28395014861073853,0.08062768689606051,ok
real_vs_real,original,424000,425000,1805,0.28123348604879045,0.07909227367515521,ok
real_vs_real,original,425000,426000,1834,0.28470746111612877,0.08105833841519197,ok
real_vs_real,original,426000,427000,1685,0.28747034752270306,0.08263920070482368,ok
real_vs_real,original,427000,428000,1712,0.2771242765249679,0.07679786463948689,ok
real_vs_real,original,428000,429000,1688,0.27848303509595684,0.07755280083625594,ok
real_vs_real,original,429000,430000,1682,0.27409363451296737,0.07512732048052813,ok
real_vs_real,original,430000,431000,1773,0.2759152767503899,0.07612923994424424,ok
real_vs_real,original,431000,432000,1876,0.2747008327460783,0.07546054751138889,ok
real_vs_real,original,432000,433000,1753,0.2853511641458546,0.08142528687939446,ok
real_vs_real,original,433000,434000,1796,0.2807599064192269,0.07882612505253303,ok
real_vs_real,original,434000,435000,1740,0.2834365718988012,0.0803362902897443,ok
real_vs_real,original,435000,436000,1665,0.2778980478875585,0.07722732501971576,ok
real_vs_real,original,436000,437000,1755,0.2784453048540734,0.07753178779527788,ok
real_vs_real,original,437000,438000,1737,0.27069004348200926,0.07327309964029206,ok
real_vs_real,original,438000,439000,1735,0.2750626043008523,0.07565943628476725,ok
real_vs_real,original,439000,440000,1780,0.28279358098049073,0.07997220944376938,ok
real_vs_real,original,440000,441000,1825,0.27947266714621577,0.07810497168181951,ok
real_vs_real,original,441000,442000,1775,0.2833398459090374,0.08028146827975706,ok
real_vs_real,original,442000,443000,1778,0.2825485464340036,0.07983368109196831,ok
real_vs_real,original,443000,444000,1710,0.2811228233628548,0.07903004181550287,ok
real_vs_real,original,444000,445000,1743,0.2821609495551933,0.07961480145388833,ok
real_vs_real,original,445000,446000,1749,0.2723721798483715,0.07418660435535361,ok
real_vs_real,original,446000,447000,1739,0.2712515855134764,0.07357742264357478,ok
real_vs_real,original,447000,448000,1775,0.2756044759640091,0.07595782717139607,ok
real_vs_real,original,448000,449000,1754,0.2808361013715804,0.07886891583358857,ok
real_vs_real,original,449000,450000,1777,0.28145514134433225,0.07921699658915804,ok
real_vs_real,original,450000,451000,1747,0.2867273902654209,0.08221259632841897,ok
real_vs_real,original,451000,452000,1719,0.2826660073713333,0.07990007172325064,ok
real_vs_real,original,452000,453000,1657,0.2797773457866406,0.07827536321541746,ok
real_vs_real,original,453000,454000,1763,0.2730506502079305,0.07455665757897362,ok
real_vs_real,original,454000,455000,1833,0.2721790490617132,0.07408143474813848,ok
real_vs_real,original,455000,456000,2009,0.27258323120421407,0.07430161793373002,ok
real_vs_real,original,456000,457000,2035,0.2733122366578334,0.07469957870690754,ok
real_vs_real,original,457000,458000,2164,0.2776941382108734,0.07711403439667967,ok
real_vs_real,original,458000,459000,2134,0.27524677901791295,0.07576078935973579,ok
real_vs_real,original,459000,460000,2281,0.2725512075683097,0.07428416074694384,ok
real_vs_real,original,460000,461000,2328,0.27175043601065046,0.07384829947197863,ok
real_vs_real,original,461000,462000,2241,0.27144950115475647,0.07368483167716612,ok
real_vs_real,original,462000,463000,2380,0.272221815603389,0.07410471689040553,ok
real_vs_real,original,463000,464000,2516,0.268395395667344,0.07203608841543015,ok
real_vs_real,original,464000,465000,2471,0.26943797070938885,0.07259682005999349,ok
real_vs_real,original,465000,466000,2543,0.267454175153365,0.07153173580696684,ok
real_vs_real,original,466000,467000,2528,0.2678845688879645,0.0717621422482906,ok
real_vs_real,original,467000,468000,2563,0.26613580195194136,0.07082826508060294,ok
real_vs_real,original,468000,469000,2591,0.26641753462371465,0.07097830275497818,ok
real_vs_real,original,469000,470000,2609,0.2670174036411546,0.0712982938472633,ok
real_vs_real,original,470000,471000,2597,0.2641282959798733,0.06976375673723156,ok
real_vs_real,original,471000,472000,2791,0.26219848351460173,0.06874804475735687,ok
real_vs_real,original,472000,473000,2692,0.26099958665855344,0.06812078423593575,ok
real_vs_real,original,473000,474000,2696,0.2627583903977631,0.06904197172442328,ok
real_vs_real,original,474000,475000,2750,0.26291066922199524,0.06912201999075739,ok
real_vs_real,original,475000,476000,2700,0.25941651393464865,0.06729692770200575,ok
real_vs_real,original,476000,477000,2817,0.25902352210524915,0.06709318500380851,ok
real_vs_real,original,477000,478000,2761,0.257909538453001,0.06651733002504001,ok
real_vs_real,original,478000,479000,2730,0.25591801486433696,0.065494030332103,ok
real_vs_real,original,479000,480000,2879,0.25125904927233605,0.06313110984123821,ok
real_vs_real,original,480000,481000,2890,0.24913009178886003,0.062065802634725824,ok
real_vs_real,original,481000,482000,2840,0.25238435088735434,0.0636978605728312,ok
real_vs_real,original,482000,483000,2820,0.25064718029638827,0.06282400899053017,ok
real_vs_real,original,483000,484000,2855,0.2475143683624303,0.06126336254585283,ok
real_vs_real,original,484000,485000,2833,0.24642299587428135,0.060724292895656076,ok
real_vs_real,original,485000,486000,2880,0.24212861155739984,0.058626264534714215,ok
real_vs_real,original,486000,487000,2870,0.240081543811115,0.05763914767872833,ok
real_vs_real,original,487000,488000,2839,0.24092320647588572,0.05804399141862226,ok
real_vs_real,original,488000,489000,2941,0.23306613102368903,0.054319821430351384,ok
real_vs_real,original,489000,490000,2985,0.22973171850355792,0.05277666248659797,ok
real_vs_real,original,490000,491000,3021,0.2263267666294074,0.05122380529292224,ok
real_vs_real,original,491000,492000,3217,0.22363398341785934,0.05001215853933938,ok
real_vs_real,original,492000,493000,3058,0.22075424624812612,0.0487324372365783,ok
real_vs_real,original,493000,494000,3260,0.21417031060580494,0.04586892194498696,ok
real_vs_real,original,494000,495000,3264,0.20965632728367817,0.04395577557008078,ok
real_vs_real,original,495000,496000,3263,0.20367743170629113,0.04148449618647088,ok
real_vs_real,original,496000,497000,3358,0.19781596527411113,0.03913115611732834,ok
real_vs_real,original,497000,498000,3248,0.19082244316052777,0.03641320481375285,ok
real_vs_real,original,498000,499000,3279,0.18744197700914905,0.03513449474509836,ok
real_vs_real,original,499000,500000,3374,0.1776164557435067,0.03154760535088508,ok
real_vs_real,original,500000,501000,3262,0.16873548608446817,0.028471664264161756,ok
real_vs_real,original,501000,502000,3328,0.15977808231429794,0.02552903558803457,ok
real_vs_real,original,502000,503000,3359,0.14845087632958295,0.022037662683021132,ok
real_vs_real,original,503000,504000,3321,0.13766943481931915,0.018952873283470763,ok
real_vs_real,original,504000,505000,3362,0.1255618499209197,0.015765778155563563,ok
real_vs_real,original,505000,506000,3464,0.11668285723177536,0.013614889171770873,ok
real_vs_real,original,506000,507000,3476,0.10376146667550941,0.01076644196665285,ok
real_vs_real,original,507000,508000,3390,0.09044314843161597,0.008179963098223317,ok
real_vs_real,original,508000,509000,3454,0.07671341306685218,0.005884947744365487,ok
real_vs_real,original,509000,510000,3479,0.06314662659568539,0.003987496450414921,ok
real_vs_real,original,510000,511000,3411,0.048909776981397375,0.0023921662843700287,ok
real_vs_real,original,511000,512000,3459,0.04066770764295824,0.001653862444933124,ok
real_vs_real,original,512000,513000,3479,0.02903903868457544,0.0008432657677242689,ok
real_vs_real,original,513000,514000,3495,0.028039212063968002,0.0007861974131681687,ok
real_vs_real,original,514000,515000,3482,0.02490611915226293,0.0006203147712267182,ok
real_vs_real,original,515000,516000,3579,0.0329077526420111,0.0010829201839477887,ok
real_vs_real,original,516000,517000,3473,0.04919327037192533,0.0024199778498853464,ok
real_vs_real,original,517000,518000,3520,0.059075269899085875,0.003489887513649842,ok
real_vs_real,original,518000,519000,3552,0.07330012565904695,0.005372908421632072,ok
real_vs_real,original,519000,520000,3522,0.08948479983348329,0.00800752940123857,ok
real_vs_real,original,520000,521000,3373,0.10048240692857863,0.010096714102160467,ok
real_vs_real,original,521000,522000,3501,0.11326196392763133,0.01282827247274406,ok
real_vs_real,original,522000,523000,3530,0.12151082338456344,0.014764880199594571,ok
real_vs_real,original,523000,524000,3468,0.13311735568936145,0.017720230385727974,ok
real_vs_real,original,524000,525000,3473,0.142318708778646,0.020254614868421048,ok
real_vs_real,original,525000,526000,3559,0.15322180845164388,0.023476922585192246,ok
real_vs_real,original,526000,527000,3514,0.16120236041249367,0.02598620100255951,ok
real_vs_real,original,527000,528000,3360,0.17389230927821875,0.030238535226111682,ok
real_vs_real,original,528000,529000,3387,0.18255881591449338,0.03332772126810188,ok
real_vs_real,original,529000,530000,3337,0.19078947249280148,0.036400622814081456,ok
real_vs_real,original,530000,531000,3470,0.19585931916045368,0.03836087290199646,ok
real_vs_real,original,531000,532000,3303,0.2054736811908602,0.04221943366212326,ok
real_vs_real,original,532000,533000,3416,0.20789483949903806,0.043220264290330795,ok
real_vs_real,original,533000,534000,3392,0.21274845890585253,0.04526190676681522,ok
real_vs_real,original,534000,535000,3472,0.21729644762790334,0.04721774615170614,ok
real_vs_real,original,535000,536000,3240,0.22695269859171643,0.05150752739806248,ok
real_vs_real,original,536000,537000,3320,0.22847189347691102,0.05219940610892497,ok
real_vs_real,original,537000,538000,3208,0.23262968238487347,0.054116569126487116,ok
real_vs_real,original,538000,539000,3266,0.2378888104561305,0.05659108614023278,ok
real_vs_real,original,539000,540000,3340,0.23908501724313297,0.05716164547014919,ok
real_vs_real,original,540000,541000,3290,0.24249472230705846,0.05880369034677739,ok
real_vs_real,original,541000,542000,3268,0.24569689488101956,0.06036696415417477,ok
real_vs_real,original,542000,543000,3315,0.24569425939984085,0.06036566910203628,ok
real_vs_real,original,543000,544000,3226,0.24851892223736288,0.06176165471002042,ok
real_vs_real,original,544000,545000,3176,0.253760217273858,0.06439424787087561,ok
real_vs_real,original,545000,546000,3149,0.2525532302771568,0.06378313412342661,ok
real_vs_real,original,546000,547000,3136,0.25821746708297694,0.06667626030674827,ok
real_vs_real,original,547000,548000,3187,0.2570295249555208,0.0660641766988607,ok
real_vs_real,original,548000,549000,3207,0.25750249554913834,0.06630753521403401,ok
real_vs_real,original,549000,550000,3422,0.2541412516428447,0.06458777578659171,ok
real_vs_real,original,550000,551000,3305,0.25828316583264216,0.06671019375253212,ok
real_vs_real,original,551000,552000,3155,0.26034604283314317,0.0677800620188768,ok
real_vs_real,original,552000,553000,3132,0.2605661818382306,0.06789473511775385,ok
real_vs_real,original,553000,554000,3047,0.2627228100835523,0.06902327493819829,ok
real_vs_real,original,554000,555000,3060,0.2628247595620407,0.06907685423884452,ok
real_vs_real,original,555000,556000,3146,0.26348607827422543,0.06942491344433124,ok
real_vs_real,original,556000,557000,3122,0.26338234348728007,0.06937025886085157,ok
real_vs_real,original,557000,558000,3123,0.2648869578295477,0.07016510042819257,ok
real_vs_real,original,558000,559000,3161,0.2664891553456798,0.07101646991685387,ok
real_vs_real,original,559000,560000,3112,0.264909755028366,0.07017717830918888,ok
real_vs_real,original,560000,561000,2992,0.26571814747255074,0.07060613389624423,ok
real_vs_real,original,561000,562000,3001,0.2699118153386727,0.07285238805941775,ok
real_vs_real,original,562000,563000,2888,0.2694608350053399,0.072609141601775,ok
real_vs_real,original,563000,564000,2920,0.2681306628673818,0.07189405236970156,ok
real_vs_real,original,564000,565000,3042,0.2699204837110527,0.07285706752680866,ok
real_vs_real,original,565000,566000,3041,0.2682202576845914,0.07194210663238862,ok
real_vs_real,original,566000,567000,3051,0.2667160896198726,0.0711374724621159,ok
real_vs_real,original,567000,568000,3125,0.26871199628023656,0.07220613694490988,ok
real_vs_real,original,568000,569000,2959,0.26761663213081327,0.07161866179303902,ok
real_vs_real,original,569000,570000,2964,0.2702909079361535,0.07305717491295022,ok
real_vs_real,original,570000,571000,2897,0.2700442217218604,0.0729238816853653,ok
real_vs_real,original,571000,572000,2879,0.27187593499588747,0.07391652402988802,ok
real_vs_real,original,572000,573000,2941,0.26903654797522497,0.07238066414642552,ok
real_vs_real,original,573000,574000,2938,0.272028390960492,0.07399944548855426,ok
real_vs_real,original,574000,575000,3027,0.2700262920878223,0.07291419841869794,ok
real_vs_real,original,575000,576000,3039,0.2683191647235097,0.07199517415792193,ok
real_vs_real,original,576000,577000,2928,0.26781277308947216,0.0717236814298731,ok
real_vs_real,original,577000,578000,2954,0.2683217276532082,0.07199654953080244,ok
real_vs_real,original,578000,579000,2903,0.27100162762622904,0.07344188217606532,ok
real_vs_real,original,579000,580000,2912,0.2697738592939771,0.07277793515836656,ok
real_vs_real,original,580000,581000,2907,0.2702360623167465,0.07302752937646051,ok
real_vs_real,original,581000,582000,2960,0.273239495275694,0.07465982177851602,ok
real_vs_real,original,582000,583000,3049,0.2700284241858093,0.07291534986827138,ok
real_vs_real,original,583000,584000,3031,0.2704178538478005,0.07312581567965039,ok
real_vs_real,original,584000,585000,3099,0.2689279810632428,0.07232225899875187,ok
real_vs_real,original,585000,586000,2988,0.2675482913284582,0.07158208819277753,ok
real_vs_real,original,586000,587000,2924,0.2717719301331018,0.07385998200827155,ok
real_vs_real,original,587000,588000,2907,0.2694345020010089,0.07259495086853167,ok
real_vs_real,original,588000,589000,2886,0.2685715524410059,0.07213067878057197,ok
real_vs_real,original,589000,590000,3040,0.26885464133332915,0.07228281816647306,ok
real_vs_real,original,590000,591000,2901,0.26966637056143095,0.072719951411775,ok
real_vs_real,original,591000,592000,3057,0.27217056281976243,0.07407681526562625,ok
real_vs_real,original,592000,593000,3087,0.2681278537569849,0.07189254596032707,ok
real_vs_real,original,593000,594000,3015,0.2674949637723185,0.071553555643554,ok
real_vs_real,original,594000,595000,2950,0.27107102481461715,0.07347950049404679,ok
real_vs_real,original,595000,596000,2951,0.2703052977606564,0.07306495399747713,ok
real_vs_real,original,596000,597000,2833,0.27004540230658125,0.07292451930692333,ok
real_vs_real,original,597000,598000,2986,0.2705212023338485,0.07318172091215101,ok
real_vs_real,original,598000,599000,3040,0.27036951799658643,0.07309967626170648,ok
real_vs_real,original,599000,600000,2992,0.269213907343394,0.07247612790709754,ok
real_vs_real,original,600000,601000,3101,0.26818506792172114,0.07192323065617819,ok
real_vs_real,original,601000,602000,3004,0.26746855527023305,0.07153942805834572,ok
real_vs_real,original,602000,603000,2877,0.271289330683236,0.07359790094255819,ok
real_vs_real,original,603000,604000,2956,0.27010581929935834,0.07295715361937762,ok
real_vs_real,original,604000,605000,2901,0.26951672170135615,0.07263926327664626,ok
real_vs_real,original,605000,606000,2904,0.2676463861623158,0.07163458802574746,ok
real_vs_real,original,606000,607000,3023,0.2689787139774429,0.07234954857295904,ok
real_vs_real,original,607000,608000,3019,0.26796374421993924,0.07180456821636902,ok
real_vs_real,original,608000,609000,3040,0.26770343560224663,0.07166512943324621,ok
real_vs_real,original,609000,610000,3033,0.26716708537334205,0.07137825150688665,ok
real_vs_real,original,610000,611000,2895,0.2688181680070179,0.07226320745064932,ok
real_vs_real,original,611000,612000,2902,0.26969805996467006,0.07273704354870678,ok
real_vs_real,original,612000,613000,2799,0.2702501838471361,0.07303516186941088,ok
real_vs_real,original,613000,614000,2817,0.2684548897568728,0.07206802783437474,ok
real_vs_real,original,614000,615000,2889,0.2691683267850832,0.07245158814428133,ok
real_vs_real,original,615000,616000,2815,0.27050103742663867,0.07317081124888777,ok
real_vs_real,original,616000,617000,2864,0.268451644961697,0.07206628568264101,ok
real_vs_real,original,617000,618000,3040,0.2669405080634679,0.07125723484518237,ok
real_vs_real,original,618000,619000,2792,0.27024603620873383,0.07303292008653228,ok
real_vs_real,original,619000,620000,2736,0.27015803727104115,0.07298536510214125,ok
real_vs_real,original,620000,621000,2733,0.27120557317399274,0.07355246292063393,ok
real_vs_real,original,621000,622000,2670,0.26978677383862,0.07278490333825068,ok
real_vs_real,original,622000,623000,2812,0.27117812151664517,0.07353757358929638,ok
real_vs_real,original,623000,624000,2766,0.2739716133345173,0.07506044491311827,ok
real_vs_real,original,624000,625000,2736,0.2742856580238238,0.07523262219756202,ok
real_vs_real,original,625000,626000,2875,0.26900750349676067,0.07236503693755972,ok
real_vs_real,original,626000,627000,2841,0.26802743493144837,0.0718387058759318,ok
real_vs_real,original,627000,628000,2690,0.2711201444108132,0.0735061327053402,ok
real_vs_real,original,628000,629000,2675,0.2725968404981791,0.07430903744958971,ok
real_vs_real,original,629000,630000,2638,0.2728360438695332,0.07443950683437785,ok
real_vs_real,original,630000,631000,2668,0.2720952053260747,0.07403580076143873,ok
real_vs_real,original,631000,632000,2895,0.2714645760788147,0.07369301606565058,ok
real_vs_real,original,632000,633000,2732,0.27183926094720806,0.07389658379232428,ok
real_vs_real,original,633000,634000,2801,0.2743348622452549,0.07525961664312299,ok
real_vs_real,original,634000,635000,2742,0.2717574906676153,0.073852133733959,ok
real_vs_real,original,635000,636000,2534,0.2728991735987934,0.07447395895090436,ok
real_vs_real,original,636000,637000,2620,0.2766937913914752,0.0765594541945892,ok
real_vs_real,original,637000,638000,2541,0.27681274745353723,0.07662529715277577,ok
real_vs_real,original,638000,639000,2559,0.27902920133096226,0.07785729519539468,ok
real_vs_real,original,639000,640000,2629,0.2741382542147927,0.07515178242393432,ok
real_vs_real,original,640000,641000,2568,0.27724668251642526,0.07686572296636351,ok
real_vs_real,original,641000,642000,2689,0.2777111849186366,0.07712350222891318,ok
real_vs_real,original,642000,643000,2626,0.27445088184050903,0.07532328654303304,ok
real_vs_real,original,643000,644000,2550,0.2774954074138338,0.0770037011357696,ok
real_vs_real,original,644000,645000,2374,0.2810368955678265,0.07898173667040144,ok
real_vs_real,original,645000,646000,2477,0.27741295061836607,0.07695794517078801,ok
real_vs_real,original,646000,647000,2417,0.28116141062664485,0.0790517388255648,ok
real_vs_real,original,647000,648000,2286,0.2859297249250842,0.08175580759573434,ok
real_vs_real,original,648000,649000,2495,0.2824636631934062,0.07978572102463803,ok
real_vs_real,original,649000,650000,2416,0.281556438443518,0.07927402802899855,ok
real_vs_real,original,650000,651000,2493,0.2800455676271934,0.07842551994763695,ok
real_vs_real,original,651000,652000,2471,0.27555586936086723,0.07593103713922332,ok
real_vs_real,original,652000,653000,2252,0.2853396426045694,0.0814187116417034,ok
real_vs_real,original,653000,654000,2335,0.2820357896951393,0.07954418666896085,ok
real_vs_real,original,654000,655000,2165,0.28294337127467895,0.08005695134828082,ok
real_vs_real,original,655000,656000,2130,0.2877181994127025,0.08278176227328765,ok
real_vs_real,original,656000,657000,2255,0.2860272937683143,0.08181161278042559,ok
real_vs_real,original,657000,658000,2132,0.2863221390711989,0.08198036732230699,ok
real_vs_real,original,658000,659000,2218,0.2824521302616606,0.0797792058893501,ok
real_vs_real,original,659000,660000,2245,0.2778471889913167,0.07719906043037647,ok
real_vs_real,original,660000,661000,1991,0.284478331297108,0.08092792097758714,ok
real_vs_real,original,661000,662000,1946,0.2870714122025851,0.08240999570398651,ok
real_vs_real,original,662000,663000,1870,0.2864429405746935,0.08204955820507738,ok
real_vs_real,original,663000,664000,1799,0.2865722515744251,0.0821236553724356,ok
real_vs_real,original,664000,665000,1802,0.28253264852403287,0.0798246974820047,ok
real_vs_real,original,665000,666000,1734,0.27955611499185884,0.07815162142934141,ok
real_vs_real,original,666000,667000,1647,0.2791175261121897,0.0779065933829889,ok
real_vs_real,original,667000,668000,1720,0.2705222044384006,0.07318226309421179,ok
real_vs_real,original,668000,669000,1619,0.2710899333462164,0.07348975196165605,ok
real_vs_real,original,669000,670000,1450,0.2863307864253076,0.08198531925493514,ok
real_vs_real,original,670000,671000,1599,0.28035658420754084,0.07859981430851994,ok
real_vs_real,original,671000,672000,1414,0.2907678824354748,0.08454596145601011,ok
real_vs_real,original,672000,673000,1425,0.2872740166062774,0.08252636061710372,ok
real_vs_real,original,673000,674000,1507,0.2703161433874961,0.07307081737588934,ok
real_vs_real,original,674000,675000,1505,0.2772124444174995,0.07684673933992524,ok
real_vs_real,original,675000,676000,1652,0.26189149875045764,0.06858715711776096,ok
real_vs_real,original,676000,677000,1663,0.2719761319111749,0.07397101632936483,ok
real_vs_real,original,677000,678000,1490,0.27991540028933504,0.07835263131913867,ok
real_vs_real,original,678000,679000,1528,0.28284521905253407,0.080001417940876,ok
real_vs_real,original,679000,680000,1482,0.2836295715753871,0.08044573387203763,ok
real_vs_real,original,680000,681000,1469,0.28504659942083077,0.08125156384137958,ok
real_vs_real,original,681000,682000,1523,0.2750413881248358,0.07564776518163657,ok
real_vs_real,original,682000,683000,1590,0.2699577201102894,0.07287717064714534,ok
real_vs_real,original,683000,684000,1577,0.2688819286003239,0.07229749152782969,ok
real_vs_real,original,684000,685000,1659,0.2627914618967111,0.06905935244581056,ok
real_vs_real,original,685000,686000,1555,0.2796597809169531,0.0782095930625182,ok
real_vs_real,original,686000,687000,1594,0.27382293637110744,0.07497900048289556,ok
real_vs_real,original,687000,688000,1599,0.2789683051471329,0.07782331527666385,ok
real_vs_real,original,688000,689000,1542,0.2850012400867984,0.08122570685101291,ok
real_vs_real,original,689000,690000,1471,0.2747455373256542,0.07548511028036245,ok
real_vs_real,original,690000,691000,1544,0.27558167892084495,0.07594526175683167,ok
real_vs_real,original,691000,692000,1482,0.271814097797678,0.07388290376156567,ok
real_vs_real,original,692000,693000,1633,0.27097673196199074,0.07342838926480058,ok
real_vs_real,original,693000,694000,1541,0.2753311485262198,0.07580724134876732,ok
real_vs_real,original,694000,695000,1575,0.28430236986774776,0.08082783751241766,ok
real_vs_real,original,695000,696000,1529,0.282827852587968,0.07999159419952136,ok
real_vs_real,original,696000,697000,1543,0.28187936314885614,0.0794559753692047,ok
real_vs_real,original,697000,698000,1481,0.28163177514793136,0.07931645677297498,ok
real_vs_real,original,698000,699000,1489,0.27623567803536686,0.07630614981965886,ok
real_vs_real,original,699000,700000,1462,0.27830719113282143,0.0774548926362408,ok
real_vs_real,original,700000,701000,1560,0.27085828516699423,0.07336421064360477,ok
real_vs_real,original,701000,702000,1610,0.2693028462827154,0.07252402301597183,ok
real_vs_real,original,702000,703000,1508,0.2807455072391825,0.07881803983498589,ok
real_vs_real,original,703000,704000,1633,0.2764703649565075,0.07643586269918447,ok
real_vs_real,original,704000,705000,1664,0.28397970569279285,0.08064447324536524,ok
real_vs_real,original,705000,706000,1884,0.28852452273021373,0.08324640021669763,ok
real_vs_real,original,706000,707000,2081,0.28614701409081894,0.08188011367309134,ok
real_vs_real,original,707000,708000,2129,0.28887626337641586,0.0834494955423204,ok
real_vs_real,original,708000,709000,2297,0.28929833643625436,0.08369352746478421,ok
real_vs_real,original,709000,710000,2495,0.2881098779167305,0.08300730175319335,ok
real_vs_real,original,710000,711000,2356,0.28847217949750914,0.08321619834404315,ok
real_vs_real,original,711000,712000,2341,0.287092428249761,0.08242206235834416,ok
real_vs_real,original,712000,713000,2412,0.2884696094021085,0.08321471554860504,ok
real_vs_real,original,713000,714000,2412,0.28217906669990217,0.07962502568362784,ok
real_vs_real,original,714000,715000,2495,0.28673185681674196,0.08221515771357663,ok
real_vs_real,original,715000,716000,2580,0.2790067020517756,0.07784473978980827,ok
real_vs_real,original,716000,717000,2605,0.280223833633848,0.07852539693645053,ok
real_vs_real,original,717000,718000,2713,0.2742999474249485,0.07524046115732952,ok
real_vs_real,original,718000,719000,2592,0.2757255420095374,0.0760245745164532,ok
real_vs_real,original,719000,720000,2565,0.2772756657408793,0.07688179481204782,ok
real_vs_real,original,720000,721000,2644,0.2717145448496011,0.0738287938828259,ok
real_vs_real,original,721000,722000,2495,0.27217328890886855,0.07407829919547042,ok
real_vs_real,original,722000,723000,2662,0.2754386840200125,0.07586646865467626,ok
real_vs_real,original,723000,724000,2733,0.27209498874877563,0.07403568290219634,ok
real_vs_real,original,724000,725000,2738,0.2686655144380949,0.07218115864828618,ok
real_vs_real,original,725000,726000,2846,0.2677355230270598,0.07168231029057325,ok
real_vs_real,original,726000,727000,2715,0.2635889062562981,0.06947911150139151,ok
real_vs_real,original,727000,728000,2777,0.2643797915479427,0.06989667417893364,ok
real_vs_real,original,728000,729000,2721,0.2649855951315451,0.07021736562721914,ok
real_vs_real,original,729000,730000,2705,0.2619403597386466,0.0686127520600116,ok
real_vs_real,original,730000,731000,2829,0.259027780358745,0.06709539099757825,ok
real_vs_real,original,731000,732000,2802,0.2590236545069984,0.06709325359416086,ok
real_vs_real,original,732000,733000,2895,0.2570849111775914,0.06609265155519008,ok
real_vs_real,original,733000,734000,2863,0.25435030188947194,0.06469407607126552,ok
real_vs_real,original,734000,735000,2965,0.25189072556246644,0.06344893762438578,ok
real_vs_real,original,735000,736000,2747,0.2513255707824622,0.06316454252913042,ok
real_vs_real,original,736000,737000,2747,0.24991595513167925,0.062457984629379515,ok
real_vs_real,original,737000,738000,2777,0.24778053835387137,0.061395195186934315,ok
real_vs_real,original,738000,739000,2731,0.243564743269732,0.05932378416405046,ok
real_vs_real,original,739000,740000,2801,0.24546549810670526,0.06025331076077293,ok
real_vs_real,original,740000,741000,2833,0.23875113321718314,0.05700210361248913,ok
real_vs_real,original,741000,742000,2836,0.23634138006804487,0.05585724793246804,ok
real_vs_real,original,742000,743000,3051,0.22920333685600203,0.05253416962592594,ok
real_vs_real,original,743000,744000,2760,0.22436354719657953,0.050339001310631765,ok
real_vs_real,original,744000,745000,2868,0.22358440412552152,0.049989985768164526,ok
real_vs_real,original,745000,746000,2793,0.21798487650028175,0.04751740638284309,ok
real_vs_real,original,746000,747000,2840,0.21304787675817682,0.045389397791167296,ok
real_vs_real,original,747000,748000,2948,0.2085115538191841,0.04347706807609051,ok
real_vs_real,original,748000,749000,2989,0.20517872751778599,0.04209831022581787,ok
real_vs_real,original,749000,750000,2992,0.19776121177083616,0.03910949688106951,ok
real_vs_real,original,750000,751000,3116,0.19153984003895455,0.0366875103221483,ok
real_vs_real,original,751000,752000,2970,0.18448330704310179,0.034034090577559364,ok
real_vs_real,original,752000,753000,3010,0.17598922406414078,0.03097220698669835,ok
real_vs_real,original,753000,754000,3068,0.17078063448173714,0.029166025113984702,ok
real_vs_real,original,754000,755000,2939,0.1646029639545962,0.027094135742638095,ok
real_vs_real,original,755000,756000,3121,0.15456265236678904,0.023889613506656873,ok
real_vs_real,original,756000,757000,3126,0.14914876803817065,0.022245355007304034,ok
real_vs_real,original,757000,758000,2993,0.1397092784228707,0.01951868247743921,ok
real_vs_real,original,758000,759000,3227,0.1333712920156149,0.01778790153391442,ok
real_vs_real,original,759000,760000,3142,0.12496738711911187,0.015616847843377968,ok
real_vs_real,original,760000,761000,3089,0.11305768045914404,0.012782039110801918,ok
real_vs_real,original,761000,762000,3067,0.10602485029670873,0.011241268880439498,ok
real_vs_real,original,762000,763000,3022,0.09965436522273596,0.009930992507946448,ok
real_vs_real,original,763000,764000,3175,0.09424345420993614,0.00888182866142033,ok
real_vs_real,original,764000,765000,3235,0.09127206351871273,0.008330589578963932,ok
real_vs_real,original,765000,766000,3221,0.08749072739565941,0.0076546273802215875,ok
real_vs_real,original,766000,767000,3282,0.08546270018795685,0.007303873123416599,ok
real_vs_real,original,767000,768000,3386,0.09007796487022486,0.008114039755161465,ok
real_vs_real,original,768000,769000,3190,0.08099743799181296,0.006560584961237584,ok
real_vs_real,original,769000,770000,3133,0.08464353419268324,0.0071645278806279356,ok
real_vs_real,original,770000,771000,3171,0.09014975219216939,0.00812697782030955,ok
real_vs_real,original,771000,772000,3070,0.0945379546027371,0.008937424860469181,ok
real_vs_real,original,772000,773000,3213,0.10405552497360461,0.010827552277532453,ok
real_vs_real,original,773000,774000,3238,0.11593936511980169,0.013441936384382687,ok
real_vs_real,original,774000,775000,3259,0.12163872715634942,0.014795979944216817,ok
real_vs_real,original,775000,776000,3322,0.13200423748895695,0.017425118715040946,ok
real_vs_real,original,776000,777000,3244,0.13092482559060395,0.017141309955930065,ok
real_vs_real,original,777000,778000,3182,0.14232650723161866,0.020256834660751996,ok
real_vs_real,original,778000,779000,3236,0.14907217694982966,0.02222251394056133,ok
real_vs_real,original,779000,780000,3106,0.15671139546467344,0.024558461468485275,ok
real_vs_real,original,780000,781000,3173,0.1635823408997354,0.026759182254237242,ok
real_vs_real,original,781000,782000,3266,0.17340302806810456,0.03006861014318786,ok
real_vs_real,original,782000,783000,3317,0.18011864044632717,0.03244272463623328,ok
real_vs_real,original,783000,784000,3326,0.18663385355808212,0.03483219529393964,ok
real_vs_real,original,784000,785000,3348,0.19117612149249108,0.036548309428911706,ok
real_vs_real,original,785000,786000,3139,0.1992360817001421,0.0396950162512257,ok
real_vs_real,original,786000,787000,3236,0.20466071063509605,0.041886006477662524,ok
real_vs_real,original,787000,788000,3197,0.20785534974112094,0.04320384641600371,ok
real_vs_real,original,788000,789000,3233,0.21188896581021904,0.044896933832124175,ok
real_vs_real,original,789000,790000,3132,0.21972396187970283,0.04827861942411311,ok
real_vs_real,original,790000,791000,3153,0.22327353261128113,0.04985107036472082,ok
real_vs_real,original,791000,792000,3327,0.22388455687458045,0.05012429480692725,ok
real_vs_real,original,792000,793000,3262,0.2283629778247324,0.05214964964097922,ok
real_vs_real,original,793000,794000,3029,0.23188876152979634,0.05377239772382275,ok
real_vs_real,original,794000,795000,2995,0.2375325728002299,0.056421723141096516,ok
real_vs_real,original,795000,796000,3078,0.23983898464209213,0.0575227385541497,ok
real_vs_real,original,796000,797000,3073,0.23864870172945274,0.05695320283715329,ok
real_vs_real,original,797000,798000,2988,0.2452088475052451,0.06012737889485054,ok
real_vs_real,original,798000,799000,2997,0.2461634825110988,0.060596460121992046,ok
real_vs_real,original,799000,800000,2994,0.25048494763502843,0.06274270899172293,ok
real_vs_real,original,800000,801000,3024,0.249095073606064,0.062048355694810445,ok
real_vs_real,original,801000,802000,2939,0.25133997340459174,0.06317178223102089,ok
real_vs_real,original,802000,803000,2965,0.25393289764012766,0.06448191650391157,ok
real_vs_real,original,803000,804000,2796,0.2584201700853421,0.06678098430693716,ok
real_vs_real,original,804000,805000,2799,0.25763159797755786,0.06637404027647,ok
real_vs_real,original,805000,806000,2876,0.2574720418159949,0.06629185231689744,ok
real_vs_real,original,806000,807000,2877,0.2584560872556446,0.06679954903949738,ok
real_vs_real,original,807000,808000,2875,0.2554331499695684,0.06524609410337602,ok
real_vs_real,original,808000,809000,2868,0.2591715416712623,0.06716988801225884,ok
real_vs_real,original,809000,810000,2815,0.2611363111360346,0.06819217299373585,ok
real_vs_real,original,810000,811000,2800,0.26351469798086274,0.06943999605194531,ok
real_vs_real,original,811000,812000,2828,0.2619549627289114,0.06862040249830537,ok
real_vs_real,original,812000,813000,2742,0.2641606039731554,0.06978082469146223,ok
real_vs_real,original,813000,814000,2832,0.2654428897704522,0.07045992772968845,ok
real_vs_real,original,814000,815000,2767,0.2658100969378086,0.07065500763408722,ok
real_vs_real,original,815000,816000,2692,0.2674684828349552,0.07153938931003274,ok
real_vs_real,original,816000,817000,2800,0.26451732804199013,0.06996941683447382,ok
real_vs_real,original,817000,818000,2721,0.26632120401013354,0.07092698370540716,ok
real_vs_real,original,818000,819000,2786,0.26738406284878413,0.07149423706552255,ok
real_vs_real,original,819000,820000,2730,0.2689347359475869,0.07232589219919829,ok
real_vs_real,original,820000,821000,2723,0.26802582617955373,0.07183784349923233,ok
real_vs_real,original,821000,822000,2719,0.26864909508461116,0.07217233628978044,ok
real_vs_real,original,822000,823000,2703,0.2682347333844321,0.07194987219381738,ok
real_vs_real,original,823000,824000,2724,0.2700185453082001,0.07291001481035649,ok
real_vs_real,original,824000,825000,2755,0.2694302461799225,0.07259265755657364,ok
real_vs_real,original,825000,826000,2750,0.26643080069586805,0.07098537155944136,ok
real_vs_real,original,826000,827000,2722,0.26635557332296217,0.07094529144020387,ok
real_vs_real,original,827000,828000,2736,0.2698188821140702,0.07280222914528649,ok
real_vs_real,original,828000,829000,2629,0.26951503550792316,0.0726383543648371,ok
real_vs_real,original,829000,830000,2757,0.2692726123654053,0.07250773977008983,ok
real_vs_real,original,830000,831000,2756,0.2662371824687233,0.07088223732888427,ok
real_vs_real,original,831000,832000,2778,0.26886847265909497,0.0722902555900345,ok
real_vs_real,original,832000,833000,2686,0.2689534242981813,0.07233594444171755,ok
real_vs_real,original,833000,834000,2731,0.2690483206839139,0.07238699886283415,ok
real_vs_real,original,834000,835000,2779,0.27006890066202505,0.07293721110479474,ok
real_vs_real,original,835000,836000,2800,0.26732299400794696,0.07146158312537283,ok
real_vs_real,original,836000,837000,2708,0.2684431199779918,0.0720617086635185,ok
real_vs_real,original,837000,838000,2829,0.26947256085032273,0.07261546105123087,ok
real_vs_real,original,838000,839000,2801,0.2686613709512502,0.07217893224140527,ok
real_vs_real,original,839000,840000,2802,0.266311078685957,0.07092159063087798,ok
real_vs_real,original,840000,841000,2853,0.27048554647974216,0.07316243085444475,ok
real_vs_real,original,841000,842000,2777,0.26918061010768074,0.07245820085794324,ok
real_vs_real,original,842000,843000,2803,0.26842060549743757,0.072049621455611,ok
real_vs_real,original,843000,844000,2817,0.2696371152775081,0.07270417393517621,ok
real_vs_real,original,844000,845000,2957,0.26651808431078927,0.07103188926469299,ok
real_vs_real,original,845000,846000,2814,0.2694551274192104,0.07260606569250293,ok
real_vs_real,original,846000,847000,2771,0.27013786789603345,0.07297446767141483,ok
real_vs_real,original,847000,848000,2866,0.26423744132567195,0.06982142539833792,ok
real_vs_real,original,848000,849000,2788,0.2693511294334419,0.07255003092707077,ok
real_vs_real,original,849000,850000,2867,0.26894772635285946,0.07233287951037258,ok
real_vs_real,original,850000,851000,2737,0.2696536546633945,0.07271309347332525,ok
real_vs_real,original,851000,852000,2931,0.269086838922786,0.07240772688145737,ok
real_vs_real,original,852000,853000,2834,0.26851095452421725,0.07209813269950625,ok
real_vs_real,original,853000,854000,2799,0.270443600043203,0.07313974080432795,ok
real_vs_real,original,854000,855000,2799,0.2688830931421598,0.07229811777769538,ok
real_vs_real,original,855000,856000,2948,0.26846607233895503,0.07207403199710503,ok
real_vs_real,original,856000,857000,2909,0.26761641278569104,0.07161854439228137,ok
real_vs_real,original,857000,858000,2843,0.2703106852527636,0.07306786656181863,ok
real_vs_real,original,858000,859000,2845,0.2687261901736154,0.0722137652852261,ok
real_vs_real,original,859000,860000,2934,0.2660025977070968,0.07075738198692356,ok
real_vs_real,original,860000,861000,2773,0.27001434239123334,0.07290774509697018,ok
real_vs_real,original,861000,862000,2858,0.26956419056404907,0.07266485283445095,ok
real_vs_real,original,862000,863000,2787,0.26583675121403316,0.07066917829603177,ok
real_vs_real,original,863000,864000,2971,0.2638113197202718,0.06959641241255146,ok
real_vs_real,original,864000,865000,2830,0.2666707512180544,0.07111328955520146,ok
real_vs_real,original,865000,866000,2892,0.2661448634485832,0.07083308834006498,ok
real_vs_real,original,866000,867000,2892,0.26775054185879027,0.07169035266567579,ok
real_vs_real,original,867000,868000,2853,0.26594056620425366,0.07072438475303904,ok
real_vs_real,original,868000,869000,2765,0.26472179641680155,0.07007762949813852,ok
real_vs_real,original,869000,870000,2786,0.26410253696577385,0.06975015003175794,ok
real_vs_real,original,870000,871000,2787,0.26372126041722455,0.06954890319604956,ok
real_vs_real,original,871000,872000,2739,0.2626981723597439,0.06901032976114971,ok
real_vs_real,original,872000,873000,2705,0.26510554741020037,0.07028095126766198,ok
real_vs_real,original,873000,874000,2703,0.26759205532890573,0.07160550807514815,ok
real_vs_real,original,874000,875000,2643,0.2671993111274099,0.0713954718669624,ok
real_vs_real,original,875000,876000,2740,0.26700758282286496,0.0712930492849091,ok
real_vs_real,original,876000,877000,2658,0.264593827895959,0.07000989376063635,ok
real_vs_real,original,877000,878000,2638,0.267485700805849,0.07154860013559615,ok
real_vs_real,original,878000,879000,2569,0.2718187281262136,0.07388542096015244,ok
real_vs_real,original,879000,880000,2628,0.2683872543719615,0.07203171830931995,ok
real_vs_real,original,880000,881000,2693,0.2665783863041526,0.071064036044526,ok
real_vs_real,original,881000,882000,2600,0.2692687939478708,0.0725056833941409,ok
real_vs_real,original,882000,883000,2614,0.2683436469685437,0.07200831286837842,ok
real_vs_real,original,883000,884000,2672,0.26636537855091946,0.07095051489057462,ok
real_vs_real,original,884000,885000,2631,0.27008529736843506,0.07294606785459598,ok
real_vs_real,original,885000,886000,2584,0.26897553102622096,0.07234783629083755,ok
real_vs_real,original,886000,887000,2680,0.26736742035814587,0.07148533746896948,ok
real_vs_real,original,887000,888000,2620,0.2695729439474031,0.07266957210846975,ok
real_vs_real,original,888000,889000,2708,0.26612091081046213,0.07082033917058993,ok
real_vs_real,original,889000,890000,2618,0.2686985123647241,0.0721988905470158,ok
real_vs_real,original,890000,891000,2499,0.26798338817239514,0.07181509633635662,ok
real_vs_real,original,891000,892000,2723,0.26726712164488337,0.07143171431234088,ok
real_vs_real,original,892000,893000,2487,0.2721130910854491,0.07404553434007793,ok
real_vs_real,original,893000,894000,2509,0.2734843854603347,0.07479370909061693,ok
real_vs_real,original,894000,895000,2533,0.27155730272957995,0.07374336866576474,ok
real_vs_real,original,895000,896000,2521,0.27038082227101584,0.07310578905195067,ok
real_vs_real,original,896000,897000,2564,0.2707574487570655,0.07330959605743494,ok
real_vs_real,original,897000,898000,2643,0.26964322459319695,0.07270746856901725,ok
real_vs_real,original,898000,899000,2517,0.2735691283239633,0.0748400679719331,ok
real_vs_real,original,899000,900000,2636,0.2702572761174384,0.07303899529441732,ok
real_vs_real,original,900000,901000,2456,0.27138126784343414,0.07364779253630974,ok
real_vs_real,original,901000,902000,2493,0.26941544164290343,0.07258468019564071,ok
real_vs_real,original,902000,903000,2495,0.27355836454954996,0.07483417881502447,ok
real_vs_real,original,903000,904000,2536,0.2719963746669825,0.07398202783198152,ok
real_vs_real,original,904000,905000,2497,0.27282939219538843,0.07443587724570506,ok
real_vs_real,original,905000,906000,2513,0.26960957133652774,0.07268932095626625,ok
real_vs_real,original,906000,907000,2410,0.276064622088103,0.07621167556864714,ok
real_vs_real,original,907000,908000,2514,0.27171585806847615,0.07382950752588827,ok
real_vs_real,original,908000,909000,2407,0.27592929061484667,0.0761369734192125,ok
real_vs_real,original,909000,910000,2496,0.2737024379806167,0.07491302455653336,ok
real_vs_real,original,910000,911000,2357,0.27542051749871804,0.07585646145926164,ok
real_vs_real,original,911000,912000,2375,0.276799422927589,0.07661792053304631,ok
real_vs_real,original,912000,913000,2322,0.27531669447164586,0.0757992822547936,ok
real_vs_real,original,913000,914000,2411,0.2754851701809332,0.07589207898961774,ok
real_vs_real,original,914000,915000,2432,0.27258242637667934,0.07430117916939781,ok
real_vs_real,original,915000,916000,2355,0.2766586561106173,0.0765400120009328,ok
real_vs_real,original,916000,917000,2289,0.2806834549865132,0.07878320190316598,ok
real_vs_real,original,917000,918000,2319,0.2786650441786832,0.07765420684710746,ok
real_vs_real,original,918000,919000,2286,0.27574158110436614,0.07603341954993573,ok
real_vs_real,original,919000,920000,2150,0.27932208787631885,0.078020828775586,ok
real_vs_real,original,920000,921000,2163,0.2831489007842871,0.08017330001535006,ok
real_vs_real,original,921000,922000,2211,0.2722627718220662,0.07412701692023448,ok
real_vs_real,original,922000,923000,2086,0.27918251163043495,0.07794287480027795,ok
real_vs_real,original,923000,924000,2100,0.2752536259513385,0.07576455859935938,ok
real_vs_real,original,924000,925000,1971,0.28480018582591204,0.08111114584647404,ok
real_vs_real,original,925000,926000,1966,0.2797004599771947,0.07823234731145431,ok
real_vs_real,original,926000,927000,1842,0.2794780835802226,0.07810799920167387,ok
real_vs_real,original,927000,928000,1810,0.27172183043945014,0.07383275313736529,ok
real_vs_real,original,928000,929000,1732,0.2773405408912065,0.076917775621827,ok
real_vs_real,original,929000,930000,1671,0.2782370666713154,0.07741586526985801,ok
real_vs_real,original,930000,931000,1692,0.27430468486999976,0.07524306014162986,ok
real_vs_real,original,931000,932000,1784,0.2878461012243691,0.08285537799006974,ok
real_vs_real,original,932000,933000,1645,0.28262945898196135,0.07987941108443616,ok
real_vs_real,original,933000,934000,1745,0.28994294762903167,0.0840669128798114,ok
real_vs_real,original,934000,935000,1680,0.2869166151877429,0.08232114407079134,ok
real_vs_real,original,935000,936000,1656,0.2821179410135966,0.07959053264175117,ok
real_vs_real,original,936000,937000,1591,0.2851415340167795,0.08130569442144223,ok
real_vs_real,original,937000,938000,1647,0.27919162663743374,0.0779479643844562,ok
real_vs_real,original,938000,939000,1724,0.2727126053943576,0.0743721651409786,ok
real_vs_real,original,939000,940000,1700,0.2803102317839931,0.07857382604279595,ok
real_vs_real,original,940000,941000,1720,0.2829059829254805,0.08003579517503227,ok
real_vs_real,original,941000,942000,1697,0.2888410240997188,0.08342913720297435,ok
real_vs_real,original,942000,943000,1676,0.2907986458774642,0.08456385244416682,ok
real_vs_real,original,943000,944000,1590,0.2808110851049321,0.0788548655178094,ok
real_vs_real,original,944000,945000,1626,0.2766545364257181,0.07653773252492897,ok
real_vs_real,original,945000,946000,1642,0.28092132538516706,0.07891679105615892,ok
real_vs_real,original,946000,947000,1643,0.27809065994153254,0.0773344151467171,ok
real_vs_real,original,947000,948000,1781,0.27978188919284724,0.07827790552031866,ok
real_vs_real,original,948000,949000,1697,0.2793819492884254,0.0780542735882003,ok
real_vs_real,original,949000,950000,1689,0.28834245377049966,0.08314137064639275,ok
real_vs_real,original,950000,951000,1723,0.2852589908021228,0.08137269183344559,ok
real_vs_real,original,951000,952000,1665,0.2858648230386256,0.08171869705090473,ok
real_vs_real,original,952000,953000,1629,0.2830278137606781,0.0801047433621491,ok
real_vs_real,original,953000,954000,1623,0.2872548408334843,0.0825153435822704,ok
real_vs_real,original,954000,955000,1667,0.2775867421454563,0.07705439941492805,ok
real_vs_real,original,955000,956000,1670,0.28277691765807333,0.07996278516020078,ok
real_vs_real,original,956000,957000,1592,0.29059683087771343,0.08444651811617038,ok
real_vs_real,original,957000,958000,1648,0.28099624056336797,0.07895888721074616,ok
real_vs_real,original,958000,959000,1749,0.2838918792195399,0.08059459908680182,ok
real_vs_real,original,959000,960000,1670,0.2820677995757679,0.07956224355751557,ok
real_vs_real,original,960000,961000,1607,0.2852459870828547,0.0813652731468721,ok
real_vs_real,original,961000,962000,1604,0.2850924659226261,0.08127771412584373,ok
real_vs_real,original,962000,963000,1667,0.2785138323502566,0.07756995481042686,ok
real_vs_real,original,963000,964000,1770,0.2752060119713757,0.07573834902518897,ok
real_vs_real,original,964000,965000,1862,0.27506735129047855,0.07566204774595954,ok
real_vs_real,original,965000,966000,1898,0.27551401411618853,0.07590797197441533,ok
real_vs_real,original,966000,967000,2055,0.2787389146881796,0.07769538256154425,ok
real_vs_real,original,967000,968000,2077,0.2757496084902513,0.0760378465825269,ok
real_vs_real,original,968000,969000,2099,0.27652355784865545,0.0764652780452787,ok
real_vs_real,original,969000,970000,2151,0.2725325832237817,0.0742740089186275,ok
real_vs_real,original,970000,971000,2204,0.27328136905919764,0.0746827066748694,ok
real_vs_real,original,971000,972000,2228,0.2723072220627602,0.0741512231875374,ok
real_vs_real,original,972000,973000,2410,0.2704599714215727,0.07314859614135791,ok
real_vs_real,original,973000,974000,2363,0.27332147415148816,0.0747046282323426,ok
real_vs_real,original,974000,975000,2387,0.27173405026481195,0.07383939407331934,ok
real_vs_real,original,975000,976000,2453,0.26874667144410513,0.07222477341228581,ok
real_vs_real,original,976000,977000,2424,0.26829659416281326,0.07198306243936534,ok
real_vs_real,original,977000,978000,2377,0.2703117804602618,0.07306845865559677,ok
real_vs_real,original,978000,979000,2565,0.26919165107108955,0.07246414500637924,ok
real_vs_real,original,979000,980000,2474,0.2672059968115685,0.07139904473206393,ok
real_vs_real,original,980000,981000,2578,0.26514918419007,0.07030408987665968,ok
real_vs_real,original,981000,982000,2489,0.26710018034434135,0.07134250633997968,ok
real_vs_real,original,982000,983000,2593,0.2681586362286776,0.07190905418402424,ok
real_vs_real,original,983000,984000,2613,0.2637803673011115,0.06958008217350928,ok
real_vs_real,original,984000,985000,2663,0.2618714624661328,0.06857666285415119,ok
real_vs_real,original,985000,986000,2665,0.26083579189200984,0.06803531033193186,ok
real_vs_real,original,986000,987000,2664,0.2593473581470732,0.06726105217786627,ok
real_vs_real,original,987000,988000,2730,0.2595466002003126,0.06736443767554093,ok
real_vs_real,original,988000,989000,2767,0.25661799819810804,0.06585279699920418,ok
real_vs_real,original,989000,990000,2661,0.2558532626085989,0.06546089198746467,ok
real_vs_real,original,990000,991000,2703,0.25433669886897997,0.06468715639157019,ok
real_vs_real,original,991000,992000,2800,0.2513715972556577,0.06318767990686058,ok
real_vs_real,original,992000,993000,2830,0.24730239880233237,0.061158476453387844,ok
real_vs_real,original,993000,994000,2770,0.25061200589871674,0.06280637750057844,ok
real_vs_real,original,994000,995000,2733,0.24832334080140214,0.06166448158676932,ok
real_vs_real,original,995000,996000,2732,0.24479450581706802,0.05992435007822255,ok
real_vs_real,original,996000,997000,2862,0.2406628722191995,0.05791861806479474,ok
real_vs_real,original,997000,998000,2757,0.23942205039474462,0.05732291821522364,ok
real_vs_real,original,998000,999000,2865,0.23750015312199543,0.05640632273297128,ok
real_vs_real,original,999000,1000000,2853,0.23348426802423577,0.05451490341481317,ok
real_vs_real,original,1000000,1001000,2963,0.22734784413918643,0.0516870422347358,ok
real_vs_real,original,1001000,1002000,3011,0.22582346402431852,0.050996236903942685,ok
real_vs_real,original,1002000,1003000,3088,0.22010528128920853,0.04844633485140161,ok
real_vs_real,original,1003000,1004000,3131,0.21669804116720828,0.0469580410457051,ok
real_vs_real,original,1004000,1005000,3166,0.2110390419694573,0.044537477235386355,ok
real_vs_real,original,1005000,1006000,3149,0.20748057691868568,0.04304818979851065,ok
real_vs_real,original,1006000,1007000,3186,0.2014616896540835,0.04058681239827826,ok
real_vs_real,original,1007000,1008000,3320,0.19498623345713686,0.03801963123780108,ok
real_vs_real,original,1008000,1009000,3194,0.19057363868874688,0.036318311763069044,ok
real_vs_real,original,1009000,1010000,3288,0.18041165514278135,0.03254836531135786,ok
real_vs_real,original,1010000,1011000,3294,0.17095453823384335,0.029225454142746604,ok
real_vs_real,original,1011000,1012000,3224,0.16245428049516153,0.026391393251200622,ok
real_vs_real,original,1012000,1013000,3196,0.1535047693435568,0.023563714211218577,ok
real_vs_real,original,1013000,1014000,3291,0.14375863138919323,0.02066654409889393,ok
real_vs_real,original,1014000,1015000,3384,0.13462540963158126,0.01812400091847105,ok
v2e_vs_real,original,15000,16000,12548,0.07694054672083567,0.005919847729701097,ok
v2e_vs_real,original,16000,17000,9409,0.07964268761913415,0.006342957691198983,ok
v2e_vs_real,original,17000,18000,9433,0.07292921105243781,0.005318669824731018,ok
v2e_vs_real,original,18000,19000,9797,0.06731292649272523,0.00453103007301503,ok
v2e_vs_real,original,19000,20000,10257,0.07242886788493298,0.005245940903093077,ok
v2e_vs_real,original,20000,21000,10156,0.08116731830402218,0.006588133560666454,ok
v2e_vs_real,original,21000,22000,10081,0.09915313216523587,0.009831343618176731,ok
v2e_vs_real,original,22000,23000,15716,0.09333473931410528,0.00871137356283199,ok
v2e_vs_real,original,23000,24000,11389,0.10780722073682111,0.011622396842997672,ok
v2e_vs_real,original,24000,25000,11061,0.11330568740696212,0.012838178798764213,ok
v2e_vs_real,original,25000,26000,11113,0.11805235160542098,0.013936357719569942,ok
v2e_vs_real,original,26000,27000,10865,0.12420951820413238,0.015428004412502694,ok
v2e_vs_real,original,27000,28000,10981,0.13410382181488184,0.01798383502535758,ok
v2e_vs_real,original,28000,29000,15966,0.1316066388594119,0.017320307391871667,ok
v2e_vs_real,original,29000,30000,11768,0.14842725262077355,0.022030649320550932,ok
v2e_vs_real,original,30000,31000,11021,0.1506523191345151,0.022696121260607785,ok
v2e_vs_real,original,31000,32000,10949,0.15828431656180672,0.025053924869438242,ok
v2e_vs_real,original,32000,33000,12082,0.1573004704511553,0.02474343800415478,ok
v2e_vs_real,original,33000,34000,12020,0.16677119524717218,0.02781263156417043,ok
v2e_vs_real,original,34000,35000,16701,0.16687408903341822,0.02784696159073319,ok
v2e_vs_real,original,35000,36000,11691,0.18504546145328557,0.03424182280445939,ok
v2e_vs_real,original,36000,37000,10259,0.1921599932441545,0.036925463003593506,ok
v2e_vs_real,original,37000,38000,9792,0.20047597937684702,0.04019061830710599,ok
v2e_vs_real,original,38000,39000,9534,0.2102696857640768,0.044213340751323604,ok
v2e_vs_real,original,39000,40000,9136,0.2175208309438859,0.0473153118945186,ok
v2e_vs_real,original,40000,41000,12864,0.21263591347763378,0.045214031700467755,ok
v2e_vs_real,original,41000,42000,9452,0.23040012302727675,0.05308421669098426,ok
v2e_vs_real,original,42000,43000,9035,0.2361378576875009,0.05576108783324242,ok
v2e_vs_real,original,43000,44000,8800,0.237984656528687,0.05663669674307713,ok
v2e_vs_real,original,44000,45000,8726,0.24295444909253372,0.05902686433385656,ok
v2e_vs_real,original,45000,46000,8843,0.24633720340490828,0.06068201778135115,ok
v2e_vs_real,original,46000,47000,8690,0.2479015082268712,0.061455157781157496,ok
v2e_vs_real,original,47000,48000,12341,0.23689988992117914,0.0561215578446668,ok
v2e_vs_real,original,48000,49000,9658,0.24892226620486949,0.06196229461256791,ok
v2e_vs_real,original,49000,50000,9383,0.24520937522018,0.060127637695871025,ok
v2e_vs_real,original,50000,51000,9296,0.24716058795484908,0.06108835623818668,ok
v2e_vs_real,original,51000,52000,9241,0.24907393471242537,0.06203782495312954,ok
v2e_vs_real,original,52000,53000,8868,0.2541203305754416,0.0645771424117717,ok
v2e_vs_real,original,53000,54000,12661,0.24109901257551478,0.05812873386488823,ok
v2e_vs_real,original,54000,55000,9282,0.2594975833613776,0.06733899577039514,ok
v2e_vs_real,original,55000,56000,8485,0.2618758157324353,0.06857894286552839,ok
v2e_vs_real,original,56000,57000,8294,0.2635010765339956,0.06943281733457463,ok
v2e_vs_real,original,57000,58000,8403,0.2630547073708214,0.06919777906994845,ok
v2e_vs_real,original,58000,59000,8286,0.26461384152935646,0.07002048512892337,ok
v2e_vs_real,original,59000,60000,11565,0.25138473396177197,0.06319428446903086,ok
v2e_vs_real,original,60000,61000,8584,0.26598863600320494,0.07074995448284546,ok
v2e_vs_real,original,61000,62000,8286,0.2666990648432921,0.07112839118828651,ok
v2e_vs_real,original,62000,63000,8193,0.26535178414831234,0.07041156935069255,ok
v2e_vs_real,original,63000,64000,7868,0.26667504925786106,0.07111558189668261,ok
v2e_vs_real,original,64000,65000,7789,0.2667001853107,0.07112898884476171,ok
v2e_vs_real,original,65000,66000,8370,0.26161853398207824,0.06844425732293183,ok
v2e_vs_real,original,66000,67000,11694,0.23713954873198909,0.05623516557281142,ok
v2e_vs_real,original,67000,68000,8648,0.2501358087784672,0.0625679228332579,ok
v2e_vs_real,original,68000,69000,7990,0.25221177750449447,0.06361078071197664,ok
v2e_vs_real,original,69000,70000,7762,0.25704431596253224,0.0660717803686461,ok
v2e_vs_real,original,70000,71000,7732,0.2580718708506474,0.06660109052435323,ok
v2e_vs_real,original,71000,72000,7642,0.26163556109223546,0.06845316682804886,ok
v2e_vs_real,original,72000,73000,10848,0.2489419259992181,0.06197208252020018,ok
v2e_vs_real,original,73000,74000,8133,0.26645687193044154,0.07099926459895572,ok
v2e_vs_real,original,74000,75000,7587,0.2667480536805901,0.07115452414238298,ok
v2e_vs_real,original,75000,76000,7608,0.2676055295984884,0.07161271947168743,ok
v2e_vs_real,original,76000,77000,7651,0.26777098857905973,0.07170130232460693,ok
v2e_vs_real,original,77000,78000,7632,0.2689260099615479,0.07232119883383858,ok
v2e_vs_real,original,78000,79000,10955,0.25516661071462393,0.06510999922358843,ok
v2e_vs_real,original,79000,80000,8334,0.2706064824974997,0.07322786836966962,ok
v2e_vs_real,original,80000,81000,7806,0.2700538676109091,0.07292909141161043,ok
v2e_vs_real,original,81000,82000,7990,0.2669950331550587,0.07128634772947089,ok
v2e_vs_real,original,82000,83000,7947,0.2664899166018316,0.07101687565045114,ok
v2e_vs_real,original,83000,84000,7921,0.265753991272959,0.07062518387750796,ok
v2e_vs_real,original,84000,85000,11157,0.25235719824912234,0.06368415550814684,ok
v2e_vs_real,original,85000,86000,8116,0.26758597674725687,0.0716022549517835,ok
v2e_vs_real,original,86000,87000,7579,0.26730357829491275,0.07145120296926455,ok
v2e_vs_real,original,87000,88000,7861,0.27052067968689053,0.07318143813825724,ok
v2e_vs_real,original,88000,89000,7666,0.26898018173663674,0.07235033816707412,ok
v2e_vs_real,original,89000,90000,7760,0.2713830543888785,0.07364876220943697,ok
v2e_vs_real,original,90000,91000,7616,0.2722712779508702,0.074131648797,ok
v2e_vs_real,original,91000,92000,11131,0.2583853259750038,0.06676297667920897,ok
v2e_vs_real,original,92000,93000,7810,0.27107377698872087,0.07348099257093078,ok
v2e_vs_real,original,93000,94000,7691,0.2732545704245496,0.07466806025790512,ok
v2e_vs_real,original,94000,95000,7454,0.27280205795906637,0.0744209628267018,ok
v2e_vs_real,original,95000,96000,7527,0.27359724696154225,0.07485545354493515,ok
v2e_vs_real,original,96000,97000,7330,0.2720299208652516,0.07400027784595505,ok
v2e_vs_real,original,97000,98000,10073,0.2575147255034838,0.06631383385113461,ok
v2e_vs_real,original,98000,99000,7826,0.2641069803892337,0.06975249709031907,ok
v2e_vs_real,original,99000,100000,8051,0.25703903862587046,0.06606906737771172,ok
v2e_vs_real,original,100000,101000,8214,0.2527138927076293,0.06386431156744315,ok
v2e_vs_real,original,101000,102000,7527,0.2516601292083436,0.06333282063316019,ok
v2e_vs_real,original,102000,103000,7864,0.260576150215646,0.06789993006120691,ok
v2e_vs_real,original,103000,104000,10773,0.24731906033730827,0.061166717606129135,ok
v2e_vs_real,original,104000,105000,7299,0.2627963259324008,0.06906190892356864,ok
v2e_vs_real,original,105000,106000,7317,0.2643648419250653,0.06988876964606477,ok
v2e_vs_real,original,106000,107000,7345,0.26689643862632145,0.07123370895141376,ok
v2e_vs_real,original,107000,108000,7231,0.2676017210771492,0.07161068112345235,ok
v2e_vs_real,original,108000,109000,7300,0.26855772411488643,0.07212325118176746,ok
v2e_vs_real,original,109000,110000,10813,0.25453535697650065,0.0647882479511546,ok
v2e_vs_real,original,110000,111000,7885,0.26959069943676095,0.07267914522280197,ok
v2e_vs_real,original,111000,112000,7970,0.2710683483910269,0.07347804949943912,ok
v2e_vs_real,original,112000,113000,7655,0.2716329729729796,0.07378447200613948,ok
v2e_vs_real,original,113000,114000,7764,0.2705410196760281,0.07319244332734502,ok
v2e_vs_real,original,114000,115000,7673,0.27178141262173505,0.0738651362466658,ok
v2e_vs_real,original,115000,116000,7994,0.26967380912580347,0.07272396332842027,ok
v2e_vs_real,original,116000,117000,11831,0.2531052696405321,0.06406227751980645,ok
v2e_vs_real,original,117000,118000,8226,0.26754737591563704,0.0715815983593432,ok
v2e_vs_real,original,118000,119000,7967,0.2666461226062087,0.07110015470092527,ok
v2e_vs_real,original,119000,120000,7895,0.2685938213887152,0.07214264088819304,ok
v2e_vs_real,original,120000,121000,7735,0.2699375531444329,0.07286628259760354,ok
v2e_vs_real,original,121000,122000,7643,0.2706024487949456,0.07322568529382115,ok
v2e_vs_real,original,122000,123000,10945,0.2561224407206056,0.06559870464068013,ok
v2e_vs_real,original,123000,124000,8045,0.2722447779330114,0.07411721911179468,ok
v2e_vs_real,original,124000,125000,7540,0.2723858517826024,0.07419405225133383,ok
v2e_vs_real,original,125000,126000,7534,0.2725477280839189,0.0742822640837058,ok
v2e_vs_real,original,126000,127000,7303,0.27227884548892184,0.07413576970078016,ok
v2e_vs_real,original,127000,128000,7228,0.27329446731382534,0.07468986586434753,ok
v2e_vs_real,original,128000,129000,10284,0.25678172147753886,0.06593685248496835,ok
v2e_vs_real,original,129000,130000,7331,0.27111143266738275,0.07350140892296082,ok
v2e_vs_real,original,130000,131000,6839,0.27103415499568245,0.07345951317422361,ok
v2e_vs_real,original,131000,132000,6732,0.270403698904272,0.0731181603811122,ok
v2e_vs_real,original,132000,133000,8341,0.2586351507164369,0.06689214118611402,ok
v2e_vs_real,original,133000,134000,7254,0.2673280766307706,0.07146430055510714,ok
v2e_vs_real,original,134000,135000,7151,0.26534550615853214,0.0704082376385276,ok
v2e_vs_real,original,135000,136000,6774,0.26903364969650234,0.07237910466902032,ok
v2e_vs_real,original,136000,137000,8894,0.26115062933847827,0.06819965120388326,ok
v2e_vs_real,original,137000,138000,6612,0.26987823365333025,0.07283426099984151,ok
v2e_vs_real,original,138000,139000,6605,0.27092404260201325,0.07339983685981749,ok
v2e_vs_real,original,139000,140000,6562,0.2719911063155878,0.0739791619147774,ok
v2e_vs_real,original,140000,141000,8694,0.26340816810306883,0.06938386302341458,ok
v2e_vs_real,original,141000,142000,6452,0.27578380290197707,0.07605670594307655,ok
v2e_vs_real,original,142000,143000,6399,0.2772570238608253,0.07687145728016224,ok
v2e_vs_real,original,143000,144000,8577,0.27086847994647845,0.07336973342851578,ok
v2e_vs_real,original,144000,145000,6517,0.28265540636783376,0.07989407874896524,ok
v2e_vs_real,original,145000,146000,6470,0.2818361681208313,0.07943162566103347,ok
v2e_vs_real,original,146000,147000,6421,0.2852165611963474,0.08134848678066978,ok
v2e_vs_real,original,147000,148000,8595,0.27497207760519543,0.07560964346251763,ok
v2e_vs_real,original,148000,149000,6876,0.2773143310944746,0.07690323823037588,ok
v2e_vs_real,original,149000,150000,6963,0.27458528852435404,0.07539708067400275,ok
v2e_vs_real,original,150000,151000,7133,0.2720411301455916,0.07400637649089072,ok
v2e_vs_real,original,151000,152000,9254,0.26527810227317555,0.0703724715456574,ok
v2e_vs_real,original,152000,153000,6644,0.27655867010019775,0.07648469800759002,ok
v2e_vs_real,original,153000,154000,6452,0.27805536710431467,0.07731478717551518,ok
v2e_vs_real,original,154000,155000,8573,0.26834397820790246,0.07200849064044323,ok
v2e_vs_real,original,155000,156000,6320,0.27906660020938956,0.07787816735242727,ok
v2e_vs_real,original,156000,157000,6290,0.2802959478129636,0.07856581836036759,ok
v2e_vs_real,original,157000,158000,6225,0.27984938610264687,0.07831567890202833,ok
v2e_vs_real,original,158000,159000,8221,0.2709990994174599,0.07344051188507432,ok
v2e_vs_real,original,159000,160000,6149,0.28116537422214705,0.07905396766147998,ok
v2e_vs_real,original,160000,161000,6052,0.28227968634834455,0.07968182132491979,ok
v2e_vs_real,original,161000,162000,6010,0.28129079282248964,0.07912451012670478,ok
v2e_vs_real,original,162000,163000,7987,0.26984471276007904,0.07281616900456955,ok
v2e_vs_real,original,163000,164000,5964,0.27879193600929775,0.07772494358381238,ok
v2e_vs_real,original,164000,165000,5927,0.2749196989534432,0.07558084087265184,ok
v2e_vs_real,original,165000,166000,5846,0.27025731091246047,0.07303901410163433,ok
v2e_vs_real,original,166000,167000,7760,0.25273844781461474,0.06387672300374073,ok
v2e_vs_real,original,167000,168000,5366,0.2591079260782856,0.0671369173565903,ok
v2e_vs_real,original,168000,169000,5042,0.26193480071422365,0.06860983982520005,ok
v2e_vs_real,original,169000,170000,6182,0.258197555732267,0.06666597778611713,ok
v2e_vs_real,original,170000,171000,4477,0.2711360522706943,0.07351475884093667,ok
v2e_vs_real,original,171000,172000,4328,0.2741667654639183,0.07516741528494719,ok
v2e_vs_real,original,172000,173000,4351,0.2737246824602548,0.0749252017879673,ok
v2e_vs_real,original,173000,174000,4599,0.2724839854742974,0.07424752233995713,ok
v2e_vs_real,original,174000,175000,5930,0.2644982883527343,0.06995934454152619,ok
v2e_vs_real,original,175000,176000,4323,0.27490344977408426,0.07557190669769247,ok
v2e_vs_real,original,176000,177000,4351,0.2779915541738909,0.0772793041920153,ok
v2e_vs_real,original,177000,178000,5941,0.2652587196115859,0.07036218832997797,ok
v2e_vs_real,original,178000,179000,4463,0.2754805431841623,0.07588952967304113,ok
v2e_vs_real,original,179000,180000,4379,0.2790847495763565,0.0778882974460976,ok
v2e_vs_real,original,180000,181000,4429,0.2776868335984752,0.07710997755394725,ok
v2e_vs_real,original,181000,182000,5903,0.2677216028306457,0.07167485662221,ok
v2e_vs_real,original,182000,183000,4790,0.2690657908305658,0.0723963997952778,ok
v2e_vs_real,original,183000,184000,4809,0.27061999487880417,0.073235181628204,ok
v2e_vs_real,original,184000,185000,4748,0.2704901888732618,0.07316494227669285,ok
v2e_vs_real,original,185000,186000,6261,0.2625706179259195,0.06894332939799921,ok
v2e_vs_real,original,186000,187000,4591,0.27287529995337434,0.07446092932464403,ok
v2e_vs_real,original,187000,188000,4590,0.27651352050680533,0.07645972702306746,ok
v2e_vs_real,original,188000,189000,5940,0.2677013322590195,0.07166400329325395,ok
v2e_vs_real,original,189000,190000,4436,0.2789285956897108,0.07780116149343415,ok
v2e_vs_real,original,190000,191000,4423,0.2790336676852524,0.07785978770188387,ok
v2e_vs_real,original,191000,192000,4343,0.27870446383195835,0.07767617815985937,ok
v2e_vs_real,original,192000,193000,5827,0.26907013784730927,0.07239873908117002,ok
v2e_vs_real,original,193000,194000,4384,0.27827318435620807,0.07743596513174417,ok
v2e_vs_real,original,194000,195000,4425,0.2778553277964067,0.07720358318484861,ok
v2e_vs_real,original,195000,196000,4441,0.2778851817084999,0.07722017421316602,ok
v2e_vs_real,original,196000,197000,6142,0.26440587441226227,0.069910466423713,ok
v2e_vs_real,original,197000,198000,4533,0.27561056803735345,0.07596118521387263,ok
v2e_vs_real,original,198000,199000,4623,0.2745143267041225,0.07535811556581772,ok
v2e_vs_real,original,199000,200000,5448,0.2608902558832232,0.06806372561481366,ok
v2e_vs_real,original,200000,201000,6891,0.2555423876283276,0.06530191187478643,ok
v2e_vs_real,original,201000,202000,5037,0.26437103093135234,0.06989204199570606,ok
v2e_vs_real,original,202000,203000,4919,0.26943145007985514,0.07259330629213347,ok
v2e_vs_real,original,203000,204000,6538,0.26616326138523333,0.07084288171122403,ok
v2e_vs_real,original,204000,205000,5020,0.2769681336081162,0.07671134703436329,ok
v2e_vs_real,original,205000,206000,5297,0.2823763646825199,0.07973641133131547,ok
v2e_vs_real,original,206000,207000,7231,0.27617720253518013,0.0762738472001579,ok
v2e_vs_real,original,207000,208000,5756,0.2894598784153517,0.0837870212122302,ok
v2e_vs_real,original,208000,209000,6098,0.29440334067129187,0.08667332699841673,ok
v2e_vs_real,original,209000,210000,6421,0.2948714665350493,0.0869491817765307,ok
v2e_vs_real,original,210000,211000,9116,0.2828386762114862,0.07999771676106592,ok
v2e_vs_real,original,211000,212000,6962,0.29531264179354744,0.08720955640308406,ok
v2e_vs_real,original,212000,213000,6943,0.29346767236692184,0.08612327472445898,ok
v2e_vs_real,original,213000,214000,7062,0.2933349137517083,0.08604537162572212,ok
v2e_vs_real,original,214000,215000,9558,0.27898375975612094,0.07783193820766102,ok
v2e_vs_real,original,215000,216000,7361,0.2851503549986577,0.0813107249558605,ok
v2e_vs_real,original,216000,217000,7434,0.283858973097901,0.08057591660819488,ok
v2e_vs_real,original,217000,218000,9972,0.271766628484011,0.07385710035756647,ok
v2e_vs_real,original,218000,219000,7484,0.2798763173319383,0.07833075300328782,ok
v2e_vs_real,original,219000,220000,7527,0.27704278863045106,0.07675270673213679,ok
v2e_vs_real,original,220000,221000,7303,0.2759408079954986,0.0761433295172086,ok
v2e_vs_real,original,221000,222000,9647,0.26397863303607366,0.06968471869959404,ok
v2e_vs_real,original,222000,223000,7252,0.2710879533462371,0.07348867844945162,ok
v2e_vs_real,original,223000,224000,7171,0.2705249019863717,0.07318372259473602,ok
v2e_vs_real,original,224000,225000,7052,0.2688832200911232,0.07229818604657139,ok
v2e_vs_real,original,225000,226000,9542,0.2570635992156874,0.06608169404172357,ok
v2e_vs_real,original,226000,227000,7037,0.2650562443137824,0.0702548126497275,ok
v2e_vs_real,original,227000,228000,7151,0.26306845007817775,0.06920500942653471,ok
v2e_vs_real,original,228000,229000,9574,0.25163130951482393,0.06331831592814513,ok
v2e_vs_real,original,229000,230000,7177,0.2591516154675883,0.06715955979946076,ok
v2e_vs_real,original,230000,231000,6987,0.25783284217185265,0.06647777450241549,ok
v2e_vs_real,original,231000,232000,6751,0.25601999131312736,0.0655462359519738,ok
v2e_vs_real,original,232000,233000,9566,0.23580206132960033,0.05560261212728859,ok
v2e_vs_real,original,233000,234000,7167,0.2385968967895894,0.056928479157621975,ok
v2e_vs_real,original,234000,235000,6863,0.23715910504286192,0.056244441104731216,ok
v2e_vs_real,original,235000,236000,6746,0.2327905045877698,0.05419141902622846,ok
v2e_vs_real,original,236000,237000,8867,0.22324027404965088,0.049836219957763224,ok
v2e_vs_real,original,237000,238000,6679,0.22726757322695376,0.051650549840468796,ok
v2e_vs_real,original,238000,239000,6761,0.22388072604828757,0.05012257949590839,ok
v2e_vs_real,original,239000,240000,6808,0.22153446331089913,0.04907751843444811,ok
v2e_vs_real,original,240000,241000,9263,0.21360021384900638,0.045625051356341255,ok
v2e_vs_real,original,241000,242000,7037,0.21855784482198848,0.04776753153323239,ok
v2e_vs_real,original,242000,243000,7054,0.21529642371791424,0.04635255006572367,ok
v2e_vs_real,original,243000,244000,9559,0.2057500626183665,0.04233308826746174,ok
v2e_vs_real,original,244000,245000,7321,0.21041435946466655,0.04427420266892591,ok
v2e_vs_real,original,245000,246000,7430,0.2071632861735627,0.04291662713822943,ok
v2e_vs_real,original,246000,247000,7499,0.20233151146191503,0.04093804053046305,ok
v2e_vs_real,original,247000,248000,10097,0.18930676247102335,0.035837050317260456,ok
v2e_vs_real,original,248000,249000,7858,0.18657479118159842,0.03481015270445705,ok
v2e_vs_real,original,249000,250000,7928,0.1793868192269896,0.03217963091237664,ok
v2e_vs_real,original,250000,251000,8045,0.17351111511305542,0.030106107067775972,ok
v2e_vs_real,original,251000,252000,10481,0.1606118846624239,0.02579617749481576,ok
v2e_vs_real,original,252000,253000,7973,0.16067497914537238,0.025816448923365848,ok
v2e_vs_real,original,253000,254000,7919,0.15276514005033284,0.02333718801459781,ok
v2e_vs_real,original,254000,255000,10484,0.1411186319700559,0.019914468289100082,ok
v2e_vs_real,original,255000,256000,7908,0.14079080998992294,0.019822052177618586,ok
v2e_vs_real,original,256000,257000,8003,0.13381573300832605,0.017906650400555606,ok
v2e_vs_real,original,257000,258000,7975,0.13021745720590205,0.016956586161170933,ok
v2e_vs_real,original,258000,259000,10813,0.1193392970653135,0.014241867824043145,ok
v2e_vs_real,original,259000,260000,7980,0.12292023728030706,0.015109384733046988,ok
v2e_vs_real,original,260000,261000,8076,0.11848798364091283,0.014039402267289225,ok
v2e_vs_real,original,261000,262000,8010,0.11831635221479324,0.01399875920141501,ok
v2e_vs_real,original,262000,263000,10463,0.10871688948096926,0.011819362058417285,ok
v2e_vs_real,original,263000,264000,7574,0.11320104360157411,0.012814476272485484,ok
v2e_vs_real,original,264000,265000,7590,0.11231339711154159,0.012614299170734838,ok
v2e_vs_real,original,265000,266000,7648,0.11298997159346492,0.012766733680692012,ok
v2e_vs_real,original,266000,267000,11376,0.09851630523342104,0.009705462396844583,ok
v2e_vs_real,original,267000,268000,7619,0.10535571405106636,0.011099826483210062,ok
v2e_vs_real,original,268000,269000,7536,0.1039628074129909,0.010808265325190636,ok
v2e_vs_real,original,269000,270000,7470,0.10483949210590045,0.010991319105023163,ok
v2e_vs_real,original,270000,271000,7397,0.11058497818487359,0.012229037400148968,ok
v2e_vs_real,original,271000,272000,7485,0.11870362973656755,0.014090551712636123,ok
v2e_vs_real,original,272000,273000,10785,0.11334107609691985,0.012846199530807775,ok
v2e_vs_real,original,273000,274000,7985,0.13113046094335432,0.017195197787216572,ok
v2e_vs_real,original,274000,275000,7698,0.13377971087441853,0.017897011041643013,ok
v2e_vs_real,original,275000,276000,7760,0.13878160498781894,0.019260333882995008,ok
v2e_vs_real,original,276000,277000,8516,0.14749742469364063,0.021755490291256188,ok
v2e_vs_real,original,277000,278000,8303,0.15705977149365755,0.024667771821639928,ok
v2e_vs_real,original,278000,279000,11758,0.15240428461884925,0.02322706597018321,ok
v2e_vs_real,original,279000,280000,8250,0.17384252960313873,0.030221225098818166,ok
v2e_vs_real,original,280000,281000,8204,0.18181102380563866,0.03305524837725451,ok
v2e_vs_real,original,281000,282000,8319,0.18528096381083467,0.03432903555067183,ok
v2e_vs_real,original,282000,283000,8691,0.19431972980306259,0.03776015739073525,ok
v2e_vs_real,original,283000,284000,8630,0.19746334581323383,0.03899177293975677,ok
v2e_vs_real,original,284000,285000,8953,0.20744098485212537,0.0430317621964197,ok
v2e_vs_real,original,285000,286000,12591,0.19706346096239982,0.038834007646479284,ok
v2e_vs_real,original,286000,287000,9040,0.21532116343403507,0.046363203422586444,ok
v2e_vs_real,original,287000,288000,8483,0.21926461501494943,0.04807697139765399,ok
v2e_vs_real,original,288000,289000,8579,0.22301521103938354,0.049735784354940776,ok
v2e_vs_real,original,289000,290000,8649,0.22849733730980756,0.05221103315767198,ok
v2e_vs_real,original,290000,291000,8638,0.23358009803918972,0.054559662199997486,ok
v2e_vs_real,original,291000,292000,12863,0.22357691503110355,0.0499866369348253,ok
v2e_vs_real,original,292000,293000,8741,0.2389987209521289,0.05712038861675357,ok
v2e_vs_real,original,293000,294000,8643,0.2418109719572279,0.05847254615889925,ok
v2e_vs_real,original,294000,295000,8594,0.24334085034114603,0.059214769444752034,ok
v2e_vs_real,original,295000,296000,8449,0.2451105490653402,0.06007918126311254,ok
v2e_vs_real,original,296000,297000,8366,0.24713501122933887,0.061075713775325446,ok
v2e_vs_real,original,297000,298000,11608,0.2348341861220806,0.055147094971619987,ok
v2e_vs_real,original,298000,299000,8762,0.24238145168719583,0.058748768121992444,ok
v2e_vs_real,original,299000,300000,8347,0.24158113806666617,0.05836144626958563,ok
v2e_vs_real,original,300000,301000,8338,0.24871510989793447,0.06185920589154162,ok
v2e_vs_real,original,301000,302000,7388,0.2498721029324466,0.06243606782388319,ok
v2e_vs_real,original,302000,303000,7819,0.2539170269313136,0.06447385656563746,ok
v2e_vs_real,original,303000,304000,10330,0.24290401086018804,0.05900235849196635,ok
v2e_vs_real,original,304000,305000,7252,0.2558020352924523,0.06543468125976103,ok
v2e_vs_real,original,305000,306000,7063,0.26053850084312524,0.06788031042158317,ok
v2e_vs_real,original,306000,307000,7079,0.26271622675230694,0.06901981579896956,ok
v2e_vs_real,original,307000,308000,7639,0.26562024369531667,0.07055411386075941,ok
v2e_vs_real,original,308000,309000,7318,0.2684426250788088,0.0720614429592019,ok
v2e_vs_real,original,309000,310000,7510,0.2694711851405436,0.07261471962104912,ok
v2e_vs_real,original,310000,311000,11287,0.25290492724244323,0.0639609022235055,ok
v2e_vs_real,original,311000,312000,7852,0.27002134459847543,0.07291152653876862,ok
v2e_vs_real,original,312000,313000,7778,0.2705646290815415,0.07320521851003212,ok
v2e_vs_real,original,313000,314000,7429,0.2677177024284996,0.07167276819359467,ok
v2e_vs_real,original,314000,315000,8240,0.2725289781489871,0.07427204393093108,ok
v2e_vs_real,original,315000,316000,8037,0.27063766244498744,0.07324474433368695,ok
v2e_vs_real,original,316000,317000,11446,0.2555662559192705,0.06531411116459407,ok
v2e_vs_real,original,317000,318000,8719,0.2692268543148708,0.07248309908428066,ok
v2e_vs_real,original,318000,319000,8011,0.26957521235907933,0.07267079511844272,ok
v2e_vs_real,original,319000,320000,8183,0.2715704027746154,0.07375048366316683,ok
v2e_vs_real,original,320000,321000,7544,0.268659436476261,0.07217789280774213,ok
v2e_vs_real,original,321000,322000,7682,0.27055799518366414,0.07320162875780363,ok
v2e_vs_real,original,322000,323000,11187,0.2559975885928047,0.06553476536533089,ok
v2e_vs_real,original,323000,324000,8259,0.26987184032970585,0.07283081020294226,ok
v2e_vs_real,original,324000,325000,7757,0.2702281298224934,0.07302324214736233,ok
v2e_vs_real,original,325000,326000,7874,0.27017165426243306,0.07299272276689966,ok
v2e_vs_real,original,326000,327000,7834,0.2707920498758584,0.07332833427596941,ok
v2e_vs_real,original,327000,328000,7949,0.2738104581672051,0.07497216700173477,ok
v2e_vs_real,original,328000,329000,11149,0.2576946420518722,0.06640652854224255,ok
v2e_vs_real,original,329000,330000,8327,0.2706486033092078,0.07325066647322494,ok
v2e_vs_real,original,330000,331000,7182,0.2691228454882601,0.0724271059636979,ok
v2e_vs_real,original,331000,332000,7087,0.26780871570035875,0.07172150820507557,ok
v2e_vs_real,original,332000,333000,7388,0.2560328060821035,0.06555279779027602,ok
v2e_vs_real,original,333000,334000,7169,0.2573743232174941,0.06624154225166312,ok
v2e_vs_real,original,334000,335000,7041,0.25897964340937835,0.06707045570044876,ok
v2e_vs_real,original,335000,336000,10314,0.2500000355111266,0.06250001775556456,ok
v2e_vs_real,original,336000,337000,6803,0.2645142970252388,0.06996781333075627,ok
v2e_vs_real,original,337000,338000,6871,0.2648048147960084,0.07012158993914831,ok
v2e_vs_real,original,338000,339000,6726,0.2675069393236343,0.07155996258629856,ok
v2e_vs_real,original,339000,340000,6781,0.26992315402141986,0.07285850907687116,ok
v2e_vs_real,original,340000,341000,6828,0.27124804101583455,0.07357549975492786,ok
v2e_vs_real,original,341000,342000,10590,0.25808734097103464,0.0666090755694991,ok
v2e_vs_real,original,342000,343000,7569,0.2737363948072855,0.07493161384209009,ok
v2e_vs_real,original,343000,344000,7487,0.2738335458872015,0.07498481085315807,ok
v2e_vs_real,original,344000,345000,7084,0.27207320943535657,0.07402383129245539,ok
v2e_vs_real,original,345000,346000,7289,0.27277425780846287,0.07440579572295777,ok
v2e_vs_real,original,346000,347000,7306,0.27302041574389,0.07454014741296654,ok
v2e_vs_real,original,347000,348000,11059,0.25797865125337316,0.06655298450250953,ok
v2e_vs_real,original,348000,349000,8156,0.2734818544486958,0.07479232471269764,ok
v2e_vs_real,original,349000,350000,7854,0.2729008472749644,0.07447487244339343,ok
v2e_vs_real,original,350000,351000,7980,0.2735690416206536,0.0748400205332429,ok
v2e_vs_real,original,351000,352000,8114,0.27236589216723883,0.07418317921605597,ok
v2e_vs_real,original,352000,353000,8142,0.2726373412794714,0.07433111985993898,ok
v2e_vs_real,original,353000,354000,11612,0.25802207328455445,0.06657539030205999,ok
v2e_vs_real,original,354000,355000,8658,0.2704011740229499,0.07311679491298964,ok
v2e_vs_real,original,355000,356000,8472,0.2726225494651701,0.07432305447688914,ok
v2e_vs_real,original,356000,357000,8311,0.27285100032496723,0.07444766837833527,ok
v2e_vs_real,original,357000,358000,8384,0.27307868324192247,0.07457196724114222,ok
v2e_vs_real,original,358000,359000,8446,0.27470539306904135,0.07546305298121651,ok
v2e_vs_real,original,359000,360000,8180,0.2726826632252639,0.07435583482362271,ok
v2e_vs_real,original,360000,361000,12033,0.25914230699641333,0.06715473527542333,ok
v2e_vs_real,original,361000,362000,8067,0.2732826664402009,0.0746834157766661,ok
v2e_vs_real,original,362000,363000,7779,0.27172599919248347,0.07383501863715351,ok
v2e_vs_real,original,363000,364000,7677,0.2707391605942457,0.07329969307927675,ok
v2e_vs_real,original,364000,365000,7391,0.26881916426888064,0.07226374307821944,ok
v2e_vs_real,original,365000,366000,7403,0.2644773733198964,0.06994828099819184,ok
v2e_vs_real,original,366000,367000,10917,0.2494261566067278,0.06221340759960389,ok
v2e_vs_real,original,367000,368000,7121,0.2635787044884938,0.06947373345983274,ok
v2e_vs_real,original,368000,369000,7034,0.26496398668716703,0.07020591424115724,ok
v2e_vs_real,original,369000,370000,7048,0.27029390180771895,0.07305879335444082,ok
v2e_vs_real,original,370000,371000,6777,0.27078464712184924,0.07332432511690443,ok
v2e_vs_real,original,371000,372000,6692,0.2701092677688882,0.07295901653464497,ok
v2e_vs_real,original,372000,373000,9666,0.25755669973857853,0.0663354535802283,ok
v2e_vs_real,original,373000,374000,6976,0.27050159494150217,0.07317111286589652,ok
v2e_vs_real,original,374000,375000,7215,0.2727637382403243,0.07440005689883616,ok
v2e_vs_real,original,375000,376000,7098,0.2723182357417956,0.07415722151752417,ok
v2e_vs_real,original,376000,377000,7288,0.2713672035723622,0.07364015917468386,ok
v2e_vs_real,original,377000,378000,6916,0.2690143620575322,0.07236872699322101,ok
v2e_vs_real,original,378000,379000,10699,0.2573943961991507,0.06625187519472538,ok
v2e_vs_real,original,379000,380000,7822,0.27145135829520356,0.07368583992031098,ok
v2e_vs_real,original,380000,381000,7550,0.27206253033021116,0.07401802040967706,ok
v2e_vs_real,original,381000,382000,7534,0.27060599641003635,0.07322760529306861,ok
v2e_vs_real,original,382000,383000,7574,0.2693095026245885,0.07252760820390326,ok
v2e_vs_real,original,383000,384000,7562,0.2701330473308533,0.07297186326025303,ok
v2e_vs_real,original,384000,385000,7426,0.26887996520873064,0.0722964356906482,ok
v2e_vs_real,original,385000,386000,10945,0.25584404688342166,0.06545617632568645,ok
v2e_vs_real,original,386000,387000,7404,0.26941406594161665,0.07258393892719375,ok
v2e_vs_real,original,387000,388000,7228,0.26981867620622585,0.07280211802968013,ok
v2e_vs_real,original,388000,389000,7203,0.2714762067000487,0.07369933080424755,ok
v2e_vs_real,original,389000,390000,7261,0.27319172431368044,0.07463371823348199,ok
v2e_vs_real,original,390000,391000,6943,0.27226871690740373,0.07413025420640394,ok
v2e_vs_real,original,391000,392000,10169,0.25965363723417456,0.06742001132893632,ok
v2e_vs_real,original,392000,393000,6790,0.27371057067815446,0.07491747650096099,ok
v2e_vs_real,original,393000,394000,6682,0.27085717326088893,0.0733636083068792,ok
v2e_vs_real,original,394000,395000,7041,0.2745642357799554,0.07538551956943094,ok
v2e_vs_real,original,395000,396000,6854,0.26960241974504257,0.07268546473238212,ok
v2e_vs_real,original,396000,397000,6664,0.26574218071504097,0.0706189066111855,ok
v2e_vs_real,original,397000,398000,9853,0.2524299590686881,0.06372088423541955,ok
v2e_vs_real,original,398000,399000,7228,0.25655613548381506,0.06582105065438967,ok
v2e_vs_real,original,399000,400000,6237,0.2546121992009569,0.06482737198194777,ok
v2e_vs_real,original,400000,401000,5820,0.2577484599054362,0.06643426858362425,ok
v2e_vs_real,original,401000,402000,8410,0.24976708735989672,0.06238359792824628,ok
v2e_vs_real,original,402000,403000,5304,0.2635981504272115,0.06948398490864682,ok
v2e_vs_real,original,403000,404000,7775,0.256787418885638,0.0659397784979481,ok
v2e_vs_real,original,404000,405000,5190,0.2702417892742776,0.07303062467016305,ok
v2e_vs_real,original,405000,406000,7567,0.25891684947097277,0.06703793493997437,ok
v2e_vs_real,original,406000,407000,5396,0.272463062340874,0.07423612034016697,ok
v2e_vs_real,original,407000,408000,7634,0.2615653477519657,0.06841643114460676,ok
v2e_vs_real,original,408000,409000,5378,0.2746150785653026,0.07541344137542731,ok
v2e_vs_real,original,409000,410000,5241,0.2780699189765442,0.07732287983962187,ok
v2e_vs_real,original,410000,411000,7706,0.2642783559709726,0.06984304943472011,ok
v2e_vs_real,original,411000,412000,5423,0.2797282696568161,0.07824790484519642,ok
v2e_vs_real,original,412000,413000,7719,0.2682017461243255,0.07193217662413715,ok
v2e_vs_real,original,413000,414000,5514,0.2825739127871201,0.07984801618782295,ok
v2e_vs_real,original,414000,415000,7680,0.26963601130192777,0.07270357859081333,ok
v2e_vs_real,original,415000,416000,5485,0.28040391114422986,0.07862635338498114,ok
v2e_vs_real,original,416000,417000,5218,0.2817633650832584,0.07939059390304154,ok
v2e_vs_real,original,417000,418000,7975,0.2713593866912751,0.07363591674546495,ok
v2e_vs_real,original,418000,419000,5337,0.2892472246399568,0.08366395696191763,ok
v2e_vs_real,original,419000,420000,7767,0.27661292339104604,0.0765147093869407,ok
v2e_vs_real,original,420000,421000,5389,0.29319149051223586,0.08596125010878648,ok
v2e_vs_real,original,421000,422000,7484,0.2803839601589999,0.07861516511444364,ok
v2e_vs_real,original,422000,423000,5132,0.29854333282616685,0.08912812157495545,ok
v2e_vs_real,original,423000,424000,4935,0.2965655485828292,0.08795112460623443,ok
v2e_vs_real,original,424000,425000,6972,0.28129631156407897,0.07912761489955537,ok
v2e_vs_real,original,425000,426000,4625,0.2988892909119558,0.08933480822185175,ok
v2e_vs_real,original,426000,427000,6626,0.28187066144990797,0.07945106978620863,ok
v2e_vs_real,original,427000,428000,4687,0.2958519601508651,0.0875283823251091,ok
v2e_vs_real,original,428000,429000,6642,0.27640169058982766,0.07639789456091482,ok
v2e_vs_real,original,429000,430000,4722,0.287477625016368,0.08264338488505149,ok
v2e_vs_real,original,430000,431000,4444,0.28604398208126686,0.08182115968490812,ok
v2e_vs_real,original,431000,432000,6702,0.2681239011024784,0.07189042634241162,ok
v2e_vs_real,original,432000,433000,5056,0.2663299778093243,0.07093165707991518,ok
v2e_vs_real,original,433000,434000,7040,0.2567704824165869,0.06593108064044675,ok
v2e_vs_real,original,434000,435000,4501,0.27510090572977514,0.07568050833334261,ok
v2e_vs_real,original,435000,436000,6583,0.25522660867987285,0.06514062177822895,ok
v2e_vs_real,original,436000,437000,4658,0.27255699039961534,0.07428731301569601,ok
v2e_vs_real,original,437000,438000,4473,0.2728914455815135,0.07446974107156815,ok
v2e_vs_real,original,438000,439000,6916,0.2603135721585328,0.06776315584993567,ok
v2e_vs_real,original,439000,440000,4551,0.2716297193108838,0.07378270441290953,ok
v2e_vs_real,original,440000,441000,6672,0.2595069252526429,0.0673438442540808,ok
v2e_vs_real,original,441000,442000,4664,0.27812705876702687,0.07735466081839722,ok
v2e_vs_real,original,442000,443000,6494,0.25953458919583644,0.06735820298905158,ok
v2e_vs_real,original,443000,444000,4713,0.28138953436399594,0.07918007004958644,ok
v2e_vs_real,original,444000,445000,4505,0.276853701071515,0.0766479717969958,ok
v2e_vs_real,original,445000,446000,6829,0.2670814649994791,0.07133250894626797,ok
v2e_vs_real,original,446000,447000,4475,0.2796456163117123,0.07820167072235741,ok
v2e_vs_real,original,447000,448000,6784,0.2672772210223079,0.07143711287740762,ok
v2e_vs_real,original,448000,449000,4704,0.2774278335310953,0.07696620281775712,ok
v2e_vs_real,original,449000,450000,6939,0.26086997547035357,0.06805314410190287,ok
v2e_vs_real,original,450000,451000,4963,0.2809509934758508,0.07893346073506756,ok
v2e_vs_real,original,451000,452000,4693,0.2769708300206893,0.07671284068234957,ok
v2e_vs_real,original,452000,453000,6992,0.2670692770366022,0.07132599873685337,ok
v2e_vs_real,original,453000,454000,4712,0.28284961984297813,0.08000390744531724,ok
v2e_vs_real,original,454000,455000,6630,0.2679889360059648,0.0718180698216091,ok
v2e_vs_real,original,455000,456000,4857,0.2859856768367669,0.08178780735578366,ok
v2e_vs_real,original,456000,457000,6565,0.2669683336542706,0.07127209117413794,ok
v2e_vs_real,original,457000,458000,4536,0.286661882052613,0.08217503462194621,ok
v2e_vs_real,original,458000,459000,4546,0.2834891948288392,0.08036612358470355,ok
v2e_vs_real,original,459000,460000,6907,0.27208646125433084,0.07403104239790446,ok
v2e_vs_real,original,460000,461000,4543,0.285397534655451,0.08145175278740935,ok
v2e_vs_real,original,461000,462000,6599,0.27063617430192743,0.07324393884078326,ok
v2e_vs_real,original,462000,463000,4891,0.28362370901894135,0.08044240831766113,ok
v2e_vs_real,original,463000,464000,6878,0.2655361470728499,0.07050944540229417,ok
v2e_vs_real,original,464000,465000,4862,0.2786121644081436,0.07762473815619046,ok
v2e_vs_real,original,465000,466000,4802,0.2708937165001148,0.07338340563924456,ok
v2e_vs_real,original,466000,467000,7664,0.25247988596213167,0.06374609281545102,ok
v2e_vs_real,original,467000,468000,5097,0.2634495616308129,0.06940567152346748,ok
v2e_vs_real,original,468000,469000,7824,0.25047055258789896,0.06273549771368746,ok
v2e_vs_real,original,469000,470000,5493,0.26178542658448367,0.06853160957202009,ok
v2e_vs_real,original,470000,471000,7954,0.25009652820173395,0.06254827341856072,ok
v2e_vs_real,original,471000,472000,5587,0.2639342987256724,0.0696613140438125,ok
v2e_vs_real,original,472000,473000,5505,0.26585879270197804,0.07068089765695333,ok
v2e_vs_real,original,473000,474000,8351,0.2532744001342557,0.06414792176336706,ok
v2e_vs_real,original,474000,475000,5606,0.2631733591680762,0.06926021697580924,ok
v2e_vs_real,original,475000,476000,8466,0.2524215867264774,0.06371665744551257,ok
v2e_vs_real,original,476000,477000,5821,0.26362124335844445,0.0694961599498522,ok
v2e_vs_real,original,477000,478000,8734,0.25131657514863043,0.0631600209444372,ok
v2e_vs_real,original,478000,479000,5964,0.26291806735532686,0.0691259101418602,ok
v2e_vs_real,original,479000,480000,6144,0.25992117769943157,0.06755901861665949,ok
v2e_vs_real,original,480000,481000,9048,0.24680151990255464,0.06091099022621107,ok
v2e_vs_real,original,481000,482000,6236,0.25470854828244827,0.06487644456815228,ok
v2e_vs_real,original,482000,483000,9757,0.23780533848715843,0.05655137901299199,ok
v2e_vs_real,original,483000,484000,6531,0.2463740740421542,0.060700184360128875,ok
v2e_vs_real,original,484000,485000,9825,0.2327942585213586,0.054193166800509146,ok
v2e_vs_real,original,485000,486000,6816,0.2418900415969889,0.058510792223793025,ok
v2e_vs_real,original,486000,487000,6734,0.24082413575728776,0.057996264363244565,ok
v2e_vs_real,original,487000,488000,10191,0.22523845033885823,0.050732359511050304,ok
v2e_vs_real,original,488000,489000,6846,0.23520821519703855,0.0553229044961764,ok
v2e_vs_real,original,489000,490000,10128,0.2190434967385142,0.04798005346343548,ok
v2e_vs_real,original,490000,491000,7192,0.2290535697599975,0.05246553781979804,ok
v2e_vs_real,original,491000,492000,10270,0.21420424431857696,0.04588345828409261,ok
v2e_vs_real,original,492000,493000,7220,0.2201894061698618,0.04848337458943637,ok
v2e_vs_real,original,493000,494000,6959,0.21910274738623695,0.048006013912197165,ok
v2e_vs_real,original,494000,495000,10388,0.20294092954327572,0.0411850208838888,ok
v2e_vs_real,original,495000,496000,6951,0.20568214152012262,0.04230514334030375,ok
v2e_vs_real,original,496000,497000,10512,0.19034037420473382,0.0362294580523981,ok
v2e_vs_real,original,497000,498000,6766,0.19342068567753562,0.03741156164796803,ok
v2e_vs_real,original,498000,499000,10200,0.17758604116047674,0.03153680201505054,ok
v2e_vs_real,original,499000,500000,6835,0.17597630021053387,0.030967658235787947,ok
v2e_vs_real,original,500000,501000,6821,0.16590619537724777,0.027524865664553512,ok
v2e_vs_real,original,501000,502000,10162,0.14824645265222167,0.021977010723967398,ok
v2e_vs_real,original,502000,503000,6714,0.14273483283494015,0.02037323250441831,ok
v2e_vs_real,original,503000,504000,9823,0.12965928967416404,0.016811531398808782,ok
v2e_vs_real,original,504000,505000,6731,0.12386557200260491,0.0153426799275325,ok
v2e_vs_real,original,505000,506000,9778,0.11241603888008388,0.012637365797488531,ok
v2e_vs_real,original,506000,507000,6810,0.10793949460007812,0.011650934494520294,ok
v2e_vs_real,original,507000,508000,9721,0.09955691278034054,0.009911578882352334,ok
v2e_vs_real,original,508000,509000,6889,0.09562876156462405,0.009144860038383718,ok
v2e_vs_real,original,509000,510000,6684,0.09075620798438867,0.008236689287705615,ok
v2e_vs_real,original,510000,511000,10076,0.07800415098907133,0.006084647571525839,ok
v2e_vs_real,original,511000,512000,6895,0.07680480724301844,0.005898978415637218,ok
v2e_vs_real,original,512000,513000,10308,0.06680443961610202,0.004462833152421422,ok
v2e_vs_real,original,513000,514000,7326,0.06660245603484927,0.004435887149874029,ok
v2e_vs_real,original,514000,515000,10889,0.06554851711595756,0.004296608096100982,ok
v2e_vs_real,original,515000,516000,7975,0.07136506270011751,0.005092972174191704,ok
v2e_vs_real,original,516000,517000,7925,0.07254364262428314,0.005262580085199711,ok
v2e_vs_real,original,517000,518000,11936,0.07190522524260515,0.005170361417189781,ok
v2e_vs_real,original,518000,519000,8235,0.08197043497122901,0.006719152209372484,ok
v2e_vs_real,original,519000,520000,12000,0.08594970238501451,0.007387351340072568,ok
v2e_vs_real,original,520000,521000,8484,0.10464672924790748,0.010950937942284855,ok
v2e_vs_real,original,521000,522000,12059,0.10854826361565569,0.01178272553397388,ok
v2e_vs_real,original,522000,523000,8365,0.1258781435333137,0.015845307019393524,ok
v2e_vs_real,original,523000,524000,8104,0.13556750954709693,0.018378549644802213,ok
v2e_vs_real,original,524000,525000,12138,0.1376184500954446,0.018938837806672375,ok
v2e_vs_real,original,525000,526000,8065,0.1536284717231354,0.023601707323986212,ok
v2e_vs_real,original,526000,527000,11794,0.15327316431749022,0.023492662899896356,ok
v2e_vs_real,original,527000,528000,8053,0.17371205111928373,0.030175876704068648,ok
v2e_vs_real,original,528000,529000,11504,0.16765927310689746,0.028109631858733226,ok
v2e_vs_real,original,529000,530000,8060,0.18389839275822395,0.03381861885905799,ok
v2e_vs_real,original,530000,531000,7871,0.1888321642792578,0.03565758626638861,ok
v2e_vs_real,original,531000,532000,11418,0.18401039919163156,0.0338598270106636,ok
v2e_vs_real,original,532000,533000,9015,0.19098339757983235,0.03647465815113631,ok
v2e_vs_real,original,533000,534000,12549,0.20104057627793415,0.04041731331016386,ok
v2e_vs_real,original,534000,535000,5829,0.2247859606685139,0.050528728113666675,ok
v2e_vs_real,original,535000,536000,10941,0.2173448688577151,0.04723879201877737,ok
v2e_vs_real,original,536000,537000,10538,0.2224268693680248,0.049473712216860366,ok
v2e_vs_real,original,537000,538000,10274,0.22926592110356103,0.05256286257946428,ok
v2e_vs_real,original,538000,539000,5010,0.2524404967253379,0.06372620438693534,ok
v2e_vs_real,original,539000,540000,10208,0.23788945178279394,0.056591391269518246,ok
v2e_vs_real,original,540000,541000,10013,0.24217948230309042,0.05865090164859288,ok
v2e_vs_real,original,541000,542000,10098,0.24509051964628478,0.0600693628204859,ok
v2e_vs_real,original,542000,543000,5018,0.26766693507198824,0.07164558813083197,ok
v2e_vs_real,original,543000,544000,10041,0.25056784104807894,0.06278424296749535,ok
v2e_vs_real,original,544000,545000,9985,0.2536419391350593,0.06433423328819311,ok
v2e_vs_real,original,545000,546000,10067,0.25512946664252795,0.06509104474930079,ok
v2e_vs_real,original,546000,547000,5093,0.27463282955918916,0.07542319107168666,ok
v2e_vs_real,original,547000,548000,10128,0.2573282149641308,0.06621781021662589,ok
v2e_vs_real,original,548000,549000,10513,0.2534813389811063,0.06425278921165452,ok
v2e_vs_real,original,549000,550000,10609,0.2551036630391124,0.06507787889597301,ok
v2e_vs_real,original,550000,551000,5346,0.2724975936257067,0.07425493853180079,ok
v2e_vs_real,original,551000,552000,10597,0.2572970647310216,0.06620177951919952,ok
v2e_vs_real,original,552000,553000,10576,0.25872541979707564,0.06693884284917301,ok
v2e_vs_real,original,553000,554000,10360,0.2603616899860393,0.06778820961238644,ok
v2e_vs_real,original,554000,555000,5203,0.28042014130206444,0.07863545564786978,ok
v2e_vs_real,original,555000,556000,10166,0.26237950801198007,0.0688430062246087,ok
v2e_vs_real,original,556000,557000,10052,0.26277691027277417,0.06905170457250562,ok
v2e_vs_real,original,557000,558000,9941,0.2639133104827541,0.06965023544996657,ok
v2e_vs_real,original,558000,559000,4960,0.28377465887143855,0.08052805701760131,ok
v2e_vs_real,original,559000,560000,9703,0.26710986916150803,0.07134768220347794,ok
v2e_vs_real,original,560000,561000,9683,0.2679893433618511,0.07181828815551612,ok
v2e_vs_real,original,561000,562000,4793,0.28830381085189066,0.08311908735172274,ok
v2e_vs_real,original,562000,563000,9478,0.2689894384997102,0.07235531802438937,ok
v2e_vs_real,original,563000,564000,9172,0.2678178477308758,0.07172639956319858,ok
v2e_vs_real,original,564000,565000,8928,0.2667900798640884,0.07117694671388668,ok
v2e_vs_real,original,565000,566000,4602,0.2747585168948161,0.07549224260623895,ok
v2e_vs_real,original,566000,567000,8892,0.2572842856204438,0.06619520362722212,ok
v2e_vs_real,original,567000,568000,8513,0.25920635125108216,0.06718793252889937,ok
v2e_vs_real,original,568000,569000,8424,0.2609638054219322,0.0681021077402961,ok
v2e_vs_real,original,569000,570000,4200,0.2808194170262435,0.07885954497895928,ok
v2e_vs_real,original,570000,571000,8696,0.2630248604117692,0.06918207719463067,ok
v2e_vs_real,original,571000,572000,8745,0.2635824106375294,0.06947568719749117,ok
v2e_vs_real,original,572000,573000,8936,0.26408095522493835,0.06973875091251588,ok
v2e_vs_real,original,573000,574000,4463,0.2851654698314448,0.08131934518418865,ok
v2e_vs_real,original,574000,575000,9063,0.26679459038806225,0.07117935346033391,ok
v2e_vs_real,original,575000,576000,9078,0.26762249295888685,0.07162179873752945,ok
v2e_vs_real,original,576000,577000,9128,0.2684335502679848,0.07205657090947475,ok
v2e_vs_real,original,577000,578000,4629,0.2883999915952341,0.0831745551521311,ok
v2e_vs_real,original,578000,579000,9300,0.26959892405200436,0.0726835798499984,ok
v2e_vs_real,original,579000,580000,9475,0.2692738162477187,0.07250838811661017,ok
v2e_vs_real,original,580000,581000,9426,0.26970929707991886,0.07274310493134394,ok
v2e_vs_real,original,581000,582000,5012,0.2808097879631513,0.07885413701590999,ok
v2e_vs_real,original,582000,583000,9871,0.262530355525011,0.06892218757208869,ok
v2e_vs_real,original,583000,584000,9759,0.2632202554621449,0.06928490288555683,ok
v2e_vs_real,original,584000,585000,9733,0.2646939447717451,0.07006288439882767,ok
v2e_vs_real,original,585000,586000,4809,0.2837293057557686,0.08050231894465042,ok
v2e_vs_real,original,586000,587000,9634,0.2655481429708492,0.07051581623526657,ok
v2e_vs_real,original,587000,588000,9541,0.26545250713865665,0.07046503354619855,ok
v2e_vs_real,original,588000,589000,4761,0.28567509141203773,0.08161025785327612,ok
v2e_vs_real,original,589000,590000,9311,0.26676732395159725,0.07116480512829644,ok
v2e_vs_real,original,590000,591000,9298,0.2677033910769123,0.07166510559407827,ok
v2e_vs_real,original,591000,592000,9280,0.26929542146736557,0.07252002402328606,ok
v2e_vs_real,original,592000,593000,4661,0.28873451987120985,0.08336762296525808,ok
v2e_vs_real,original,593000,594000,9357,0.2696631122301127,0.07271819409763035,ok
v2e_vs_real,original,594000,595000,9356,0.26861114014571424,0.07215194461038055,ok
v2e_vs_real,original,595000,596000,9108,0.2691089239836733,0.07241961296765045,ok
v2e_vs_real,original,596000,597000,4427,0.2879177108449265,0.0828966082181827,ok
v2e_vs_real,original,597000,598000,8611,0.2692183813872316,0.0724785368767609,ok
v2e_vs_real,original,598000,599000,8764,0.2588493052717183,0.0670029628396512,ok
v2e_vs_real,original,599000,600000,8416,0.2555525423919464,0.06530710192298758,ok
v2e_vs_real,original,600000,601000,4102,0.27477620481931836,0.07550196273490799,ok
v2e_vs_real,original,601000,602000,8180,0.2591340958006815,0.06715047960643677,ok
v2e_vs_real,original,602000,603000,8326,0.25977762387877107,0.06748441386810024,ok
v2e_vs_real,original,603000,604000,8541,0.261188012411028,0.06821917782722334,ok
v2e_vs_real,original,604000,605000,4409,0.2790302707639243,0.0778578920025889,ok
v2e_vs_real,original,605000,606000,8690,0.26339275213426583,0.0693757418768628,ok
v2e_vs_real,original,606000,607000,8938,0.262514933968381,0.06891409055642343,ok
v2e_vs_real,original,607000,608000,9019,0.2660268457971683,0.07077028268479035,ok
v2e_vs_real,original,608000,609000,4636,0.2852555610985687,0.08137073513765927,ok
v2e_vs_real,original,609000,610000,9270,0.26747208732294875,0.07154131749689512,ok
v2e_vs_real,original,610000,611000,9419,0.26707048335508965,0.0713266430795212,ok
v2e_vs_real,original,611000,612000,4735,0.28693095374505073,0.08232937221704444,ok
v2e_vs_real,original,612000,613000,9411,0.2686909654854268,0.07219483493349083,ok
v2e_vs_real,original,613000,614000,9541,0.2680939065088862,0.07187434270719542,ok
v2e_vs_real,original,614000,615000,9570,0.2674166570025058,0.07151166844239581,ok
v2e_vs_real,original,615000,616000,4816,0.2861773136584614,0.08189745485277339,ok
v2e_vs_real,original,616000,617000,9726,0.2667382002822356,0.07114926748980605,ok
v2e_vs_real,original,617000,618000,9709,0.2670139499917657,0.07129644949020517,ok
v2e_vs_real,original,618000,619000,9676,0.26723426504723824,0.07141415241533759,ok
v2e_vs_real,original,619000,620000,4787,0.2861199428692089,0.08186462170747935,ok
v2e_vs_real,original,620000,621000,9474,0.26673299159258795,0.0711464888039316,ok
v2e_vs_real,original,621000,622000,9346,0.2675334514638157,0.07157414765214183,ok
v2e_vs_real,original,622000,623000,9300,0.26834043003299235,0.07200658639029127,ok
v2e_vs_real,original,623000,624000,4605,0.28808207639246264,0.08299128273859269,ok
v2e_vs_real,original,624000,625000,9303,0.2679760486692009,0.07181116266035793,ok
v2e_vs_real,original,625000,626000,9103,0.2716537926740358,0.07379578307418802,ok
v2e_vs_real,original,626000,627000,9147,0.27119233304193724,0.07354528150072902,ok
v2e_vs_real,original,627000,628000,4447,0.29095182553058474,0.08465296477957981,ok
v2e_vs_real,original,628000,629000,8754,0.270302621592612,0.07306350723983879,ok
v2e_vs_real,original,629000,630000,8426,0.2697777193063881,0.07278001783415634,ok
v2e_vs_real,original,630000,631000,8273,0.26816058238523066,0.07191009794518607,ok
v2e_vs_real,original,631000,632000,3964,0.2869226024370419,0.08232457978924478,ok
v2e_vs_real,original,632000,633000,7754,0.25948283586409016,0.06733134210807035,ok
v2e_vs_real,original,633000,634000,7563,0.2648353155154644,0.07013774434417559,ok
v2e_vs_real,original,634000,635000,3741,0.28592254350847374,0.08175170088635507,ok
v2e_vs_real,original,635000,636000,7622,0.26698630810898655,0.0712816887176667,ok
v2e_vs_real,original,636000,637000,7510,0.269687923018432,0.07273157582199569,ok
v2e_vs_real,original,637000,638000,7511,0.2692590679261392,0.07250044566045324,ok
v2e_vs_real,original,638000,639000,3781,0.2923160097347182,0.08544864954722789,ok
v2e_vs_real,original,639000,640000,7416,0.27260989920101747,0.07431615714238891,ok
v2e_vs_real,original,640000,641000,7617,0.27386382591810077,0.07500139514649981,ok
v2e_vs_real,original,641000,642000,7581,0.2766834536738222,0.07655373353687411,ok
v2e_vs_real,original,642000,643000,3852,0.3011468750441335,0.09068944034884695,ok
v2e_vs_real,original,643000,644000,7712,0.2804774439679769,0.07866759657480962,ok
v2e_vs_real,original,644000,645000,7752,0.2824243200784708,0.07976349657178651,ok
v2e_vs_real,original,645000,646000,7835,0.28279338735199655,0.07997209993001636,ok
v2e_vs_real,original,646000,647000,3861,0.3052521060788497,0.09317884826557334,ok
v2e_vs_real,original,647000,648000,7824,0.28313652949583246,0.08016629433494439,ok
v2e_vs_real,original,648000,649000,8367,0.2749818367006148,0.07561501051524361,ok
v2e_vs_real,original,649000,650000,8218,0.2756775189211943,0.07599809443854545,ok
v2e_vs_real,original,650000,651000,4047,0.2971342984607069,0.08828879132173645,ok
v2e_vs_real,original,651000,652000,8034,0.2756986279866881,0.07600973347374225,ok
v2e_vs_real,original,652000,653000,7763,0.27750588323902603,0.07700951523227194,ok
v2e_vs_real,original,653000,654000,7732,0.27685231729310084,0.07664720559055978,ok
v2e_vs_real,original,654000,655000,3794,0.3006375510959038,0.09038293712894216,ok
v2e_vs_real,original,655000,656000,7565,0.27831481967133315,0.0774591388486867,ok
v2e_vs_real,original,656000,657000,7462,0.27830407104769067,0.07745315596171805,ok
v2e_vs_real,original,657000,658000,3664,0.30084442236174014,0.0905073664661691,ok
v2e_vs_real,original,658000,659000,7333,0.27958904172449084,0.07817003225241907,ok
v2e_vs_real,original,659000,660000,7282,0.2798629751249346,0.07832328484577974,ok
v2e_vs_real,original,660000,661000,7135,0.2800927215981737,0.07845193269227206,ok
v2e_vs_real,original,661000,662000,3614,0.2997371112553422,0.08984233586369739,ok
v2e_vs_real,original,662000,663000,7122,0.27751597422645075,0.07701511595085608,ok
v2e_vs_real,original,663000,664000,7172,0.2739020766455659,0.07502234759075345,ok
v2e_vs_real,original,664000,665000,6948,0.272219455106136,0.0741034317382816,ok
v2e_vs_real,original,665000,666000,3400,0.2789596141819872,0.07781846634456316,ok
v2e_vs_real,original,666000,667000,6470,0.2549775326127194,0.06501354213727037,ok
v2e_vs_real,original,667000,668000,4452,0.2691906379500004,0.0724635995599282,ok
v2e_vs_real,original,668000,669000,4075,0.274242338613947,0.07520886028844674,ok
v2e_vs_real,original,669000,670000,4146,0.27544124927867203,0.07586788180419556,ok
v2e_vs_real,original,670000,671000,3913,0.27995949379937846,0.07837731816840424,ok
v2e_vs_real,original,671000,672000,3978,0.28255180578902395,0.0798355229546383,ok
v2e_vs_real,original,672000,673000,3900,0.281502583078964,0.07924370428012903,ok
v2e_vs_real,original,673000,674000,5460,0.2683170898954177,0.07199406072994567,ok
v2e_vs_real,original,674000,675000,4188,0.2785170484678681,0.0775717462872528,ok
v2e_vs_real,original,675000,676000,4057,0.2795659378839208,0.07815711362491626,ok
v2e_vs_real,original,676000,677000,4185,0.2818593665433548,0.07944470250822125,ok
v2e_vs_real,original,677000,678000,4256,0.2778539285068736,0.07720280558670284,ok
v2e_vs_real,original,678000,679000,5883,0.26650553311161534,0.07102519917910631,ok
v2e_vs_real,original,679000,680000,4287,0.28131776950562887,0.07913968743962213,ok
v2e_vs_real,original,680000,681000,4317,0.277350500585119,0.0769233001748161,ok
v2e_vs_real,original,681000,682000,4346,0.2796027733946631,0.07817771088998733,ok
v2e_vs_real,original,682000,683000,4726,0.27222640388003894,0.07410721496945809,ok
v2e_vs_real,original,683000,684000,6205,0.2633346493232703,0.06934513753420972,ok
v2e_vs_real,original,684000,685000,4662,0.2713268137855612,0.0736182398790246,ok
v2e_vs_real,original,685000,686000,4595,0.27430620958145674,0.07524389661494606,ok
v2e_vs_real,original,686000,687000,4648,0.2749392195940347,0.07559157447097685,ok
v2e_vs_real,original,687000,688000,4605,0.2755951472476522,0.0759526851864551,ok
v2e_vs_real,original,688000,689000,4565,0.27798415291748363,0.07727518927325093,ok
v2e_vs_real,original,689000,690000,6022,0.26793012455067794,0.07178655164174179,ok
v2e_vs_real,original,690000,691000,4746,0.2752225550635227,0.0757474548156938,ok
v2e_vs_real,original,691000,692000,4632,0.2800787584250745,0.07844411092093125,ok
v2e_vs_real,original,692000,693000,4553,0.2793134763770011,0.07801601808580555,ok
v2e_vs_real,original,693000,694000,4597,0.2784017295599354,0.07750752302196343,ok
v2e_vs_real,original,694000,695000,6181,0.26700573797786403,0.07129206411310378,ok
v2e_vs_real,original,695000,696000,4662,0.27433905998002855,0.0752619198307257,ok
v2e_vs_real,original,696000,697000,4696,0.274358787690395,0.07527274438294325,ok
v2e_vs_real,original,697000,698000,4764,0.2715394692918324,0.07373368338328999,ok
v2e_vs_real,original,698000,699000,4668,0.2733420903462118,0.07471589835483662,ok
v2e_vs_real,original,699000,700000,5440,0.2598700313501376,0.06753243319392149,ok
v2e_vs_real,original,700000,701000,6702,0.25568067024613667,0.06537260513751367,ok
v2e_vs_real,original,701000,702000,4823,0.2673372000927916,0.07146917855345329,ok
v2e_vs_real,original,702000,703000,4752,0.2705720708042724,0.07320924549931221,ok
v2e_vs_real,original,703000,704000,4712,0.2740006581658092,0.07507636067529663,ok
v2e_vs_real,original,704000,705000,4813,0.278830091769786,0.07774622007634728,ok
v2e_vs_real,original,705000,706000,6806,0.2706271844873071,0.07323907298352694,ok
v2e_vs_real,original,706000,707000,5331,0.2846328117786314,0.08101583754100983,ok
v2e_vs_real,original,707000,708000,5597,0.2882255063822979,0.08307394252933203,ok
v2e_vs_real,original,708000,709000,5957,0.2886860979208167,0.08333966313274735,ok
v2e_vs_real,original,709000,710000,6377,0.2902112906571667,0.0842225932248985,ok
v2e_vs_real,original,710000,711000,8778,0.27965429914795814,0.07820652703193566,ok
v2e_vs_real,original,711000,712000,6793,0.29025832587573785,0.08424989574018604,ok
v2e_vs_real,original,712000,713000,6915,0.28911472212248357,0.0835873225479609,ok
v2e_vs_real,original,713000,714000,7000,0.288472628686794,0.08321645750146894,ok
v2e_vs_real,original,714000,715000,7140,0.2854759925106356,0.08149654229993249,ok
v2e_vs_real,original,715000,716000,7212,0.28317701021493036,0.08018921911426677,ok
v2e_vs_real,original,716000,717000,9725,0.2712500665033958,0.07357659857809662,ok
v2e_vs_real,original,717000,718000,7509,0.2791291206685974,0.07791306600522442,ok
v2e_vs_real,original,718000,719000,7469,0.2773172175987894,0.07690483917673431,ok
v2e_vs_real,original,719000,720000,7491,0.27474637713506417,0.07548557174884292,ok
v2e_vs_real,original,720000,721000,7574,0.2733084022989675,0.07469748276721427,ok
v2e_vs_real,original,721000,722000,7377,0.27082224574867503,0.07334468879235574,ok
v2e_vs_real,original,722000,723000,9691,0.2606523477195364,0.06793964637170612,ok
v2e_vs_real,original,723000,724000,7277,0.2682492474698491,0.07195765876814034,ok
v2e_vs_real,original,724000,725000,7249,0.2666533393831759,0.0711040034041992,ok
v2e_vs_real,original,725000,726000,7197,0.26510220849689375,0.07027918094993052,ok
v2e_vs_real,original,726000,727000,7130,0.26471822718898236,0.07007573980607769,ok
v2e_vs_real,original,727000,728000,9640,0.2525364083689927,0.06377463755191065,ok
v2e_vs_real,original,728000,729000,7318,0.2589529184380466,0.06705661396758161,ok
v2e_vs_real,original,729000,730000,7233,0.2576854442518905,0.06640178817929417,ok
v2e_vs_real,original,730000,731000,7079,0.2567928652197075,0.06594257562774686,ok
v2e_vs_real,original,731000,732000,6800,0.256137727105416,0.06560653524672855,ok
v2e_vs_real,original,732000,733000,7219,0.24523779783402172,0.0601415774864805,ok
v2e_vs_real,original,733000,734000,9239,0.23298380717466452,0.054281454405601254,ok
v2e_vs_real,original,734000,735000,6844,0.23697497857479313,0.05615714047052366,ok
v2e_vs_real,original,735000,736000,6615,0.2365821171691738,0.05597109816424868,ok
v2e_vs_real,original,736000,737000,6611,0.23040780965373173,0.05308775874943027,ok
v2e_vs_real,original,737000,738000,6586,0.22980501479064003,0.052810344822926285,ok
v2e_vs_real,original,738000,739000,8769,0.21933110596712824,0.04810613404476363,ok
v2e_vs_real,original,739000,740000,6774,0.225039661002268,0.050642849024015696,ok
v2e_vs_real,original,740000,741000,6804,0.2225754416729138,0.04953982723589265,ok
v2e_vs_real,original,741000,742000,6910,0.2217923169504948,0.04919183185826875,ok
v2e_vs_real,original,742000,743000,6971,0.21922968015633823,0.048061652661450356,ok
v2e_vs_real,original,743000,744000,6977,0.21825703670409702,0.047636134070853556,ok
v2e_vs_real,original,744000,745000,9365,0.20653304327655325,0.042655897965074616,ok
v2e_vs_real,original,745000,746000,7216,0.2105092813272635,0.04431415752492096,ok
v2e_vs_real,original,746000,747000,7323,0.20508956145821441,0.042061728219122706,ok
v2e_vs_real,original,747000,748000,7476,0.20087312088662143,0.04035001069473122,ok
v2e_vs_real,original,748000,749000,7626,0.19507249792402737,0.03805327944631966,ok
v2e_vs_real,original,749000,750000,10214,0.18070104776811755,0.032652868664495495,ok
v2e_vs_real,original,750000,751000,7798,0.18112080428784275,0.03280474574587503,ok
v2e_vs_real,original,751000,752000,7724,0.17450630663486624,0.03045245105534196,ok
v2e_vs_real,original,752000,753000,7716,0.16759561134105122,0.0280882889407807,ok
v2e_vs_real,original,753000,754000,7746,0.16322805564287848,0.026643398148954632,ok
v2e_vs_real,original,754000,755000,7696,0.1572915797895563,0.02474064107269435,ok
v2e_vs_real,original,755000,756000,10350,0.14350381135357743,0.020593343873003135,ok
v2e_vs_real,original,756000,757000,7767,0.142003437009927,0.020164976122632308,ok
v2e_vs_real,original,757000,758000,7968,0.13696178946294274,0.018758531772891454,ok
v2e_vs_real,original,758000,759000,7904,0.13257297273504542,0.0175755930998071,ok
v2e_vs_real,original,759000,760000,7907,0.12939004713020488,0.016741784296356643,ok
v2e_vs_real,original,760000,761000,10390,0.12164823416178325,0.014798292874680048,ok
v2e_vs_real,original,761000,762000,7840,0.12422645175402384,0.015432211315394816,ok
v2e_vs_real,original,762000,763000,7805,0.11810747583406987,0.0139493758478954,ok
v2e_vs_real,original,763000,764000,7617,0.11625951065842144,0.01351627381853561,ok
v2e_vs_real,original,764000,765000,7491,0.11385274526342838,0.012962447604019114,ok
v2e_vs_real,original,765000,766000,7487,0.11761007255695646,0.013832129166852565,ok
v2e_vs_real,original,766000,767000,10524,0.10299470409290393,0.010607909071184841,ok
v2e_vs_real,original,767000,768000,7635,0.10442992505233713,0.01090560924643675,ok
v2e_vs_real,original,768000,769000,7659,0.10118025169783589,0.010237443333637422,ok
v2e_vs_real,original,769000,770000,7604,0.10130649167941085,0.01026300525639054,ok
v2e_vs_real,original,770000,771000,7518,0.10588821506505523,0.011212314089663389,ok
v2e_vs_real,original,771000,772000,7505,0.10784427158376741,0.011630386913433384,ok
v2e_vs_real,original,772000,773000,10071,0.10580825007563283,0.011195385784067653,ok
v2e_vs_real,original,773000,774000,7682,0.1152575911560409,0.013284312319093078,ok
v2e_vs_real,original,774000,775000,7626,0.11845684018121996,0.014032022985719088,ok
v2e_vs_real,original,775000,776000,7745,0.12595174334521203,0.015863841651698164,ok
v2e_vs_real,original,776000,777000,7729,0.13447478468349397,0.018083467715672062,ok
v2e_vs_real,original,777000,778000,10576,0.13729878363901762,0.018850955988753776,ok
v2e_vs_real,original,778000,779000,8065,0.1537496072812354,0.02363894173913411,ok
v2e_vs_real,original,779000,780000,8188,0.15795896411289317,0.024951034343618277,ok
v2e_vs_real,original,780000,781000,8226,0.1665042706342572,0.027723672139445966,ok
v2e_vs_real,original,781000,782000,8258,0.17219991603708187,0.02965281108317805,ok
v2e_vs_real,original,782000,783000,8406,0.1802013891473602,0.03247254065063834,ok
v2e_vs_real,original,783000,784000,11431,0.17860067361682855,0.03189820061638492,ok
v2e_vs_real,original,784000,785000,8699,0.19169453427613425,0.03674679447134401,ok
v2e_vs_real,original,785000,786000,8740,0.19617913891141073,0.03848625454402258,ok
v2e_vs_real,original,786000,787000,8791,0.20173217887367317,0.04069587199311967,ok
v2e_vs_real,original,787000,788000,8630,0.20814758541563755,0.04332541731436013,ok
v2e_vs_real,original,788000,789000,11524,0.20643641932942047,0.04261599522555233,ok
v2e_vs_real,original,789000,790000,8722,0.21853229077628844,0.04775636211193228,ok
v2e_vs_real,original,790000,791000,8589,0.22355658900996236,0.04997754848976922,ok
v2e_vs_real,original,791000,792000,8521,0.22719379753346675,0.05161702163767788,ok
v2e_vs_real,original,792000,793000,8661,0.22963910340593202,0.052734117813080336,ok
v2e_vs_real,original,793000,794000,8465,0.23415147213830198,0.05482691190453401,ok
v2e_vs_real,original,794000,795000,11296,0.22706306814930854,0.05155763691737753,ok
v2e_vs_real,original,795000,796000,8396,0.235254937836985,0.055344885776683686,ok
v2e_vs_real,original,796000,797000,8342,0.23688526313336755,0.05611462788976478,ok
v2e_vs_real,original,797000,798000,8298,0.23682704698596735,0.05608705018409359,ok
v2e_vs_real,original,798000,799000,8175,0.23864250171781293,0.05695024362613635,ok
v2e_vs_real,original,799000,800000,9772,0.2198648841733551,0.04834056729256285,ok
v2e_vs_real,original,800000,801000,9768,0.22238166406259074,0.04945360451124696,ok
v2e_vs_real,original,801000,802000,6462,0.2373453983136663,0.05633283810067291,ok
v2e_vs_real,original,802000,803000,9133,0.23211569922150696,0.05387769782508908,ok
v2e_vs_real,original,803000,804000,5979,0.24707900636623817,0.06104803538692757,ok
v2e_vs_real,original,804000,805000,9038,0.24136832001315617,0.05825866590597336,ok
v2e_vs_real,original,805000,806000,8853,0.24570825827887263,0.060372548186437176,ok
v2e_vs_real,original,806000,807000,6099,0.26000596110368096,0.06760309980944885,ok
v2e_vs_real,original,807000,808000,8803,0.2520698903640827,0.06353922962816068,ok
v2e_vs_real,original,808000,809000,5943,0.26523037654571174,0.07034715264258003,ok
v2e_vs_real,original,809000,810000,8771,0.2574151242623431,0.06626254619899755,ok
v2e_vs_real,original,810000,811000,5924,0.26816453388629263,0.0719122172344526,ok
v2e_vs_real,original,811000,812000,9103,0.2592495768627627,0.06721034310352149,ok
v2e_vs_real,original,812000,813000,8947,0.25992821180814035,0.06756267529377748,ok
v2e_vs_real,original,813000,814000,6217,0.2724736569082962,0.07424189370897993,ok
v2e_vs_real,original,814000,815000,9277,0.26026020472296113,0.06773537416243763,ok
v2e_vs_real,original,815000,816000,6335,0.27212953333519846,0.0740544829132329,ok
v2e_vs_real,original,816000,817000,9522,0.26080373641645416,0.06801858892878329,ok
v2e_vs_real,original,817000,818000,9469,0.2607567180332103,0.06799406599945114,ok
v2e_vs_real,original,818000,819000,6535,0.27375936514416543,0.0749441900041365,ok
v2e_vs_real,original,819000,820000,9459,0.2627684771259546,0.06904727257109332,ok
v2e_vs_real,original,820000,821000,6655,0.27547802520707787,0.07588814237199143,ok
v2e_vs_real,original,821000,822000,9614,0.2613149715218343,0.06828551434145706,ok
v2e_vs_real,original,822000,823000,6395,0.2731339405024852,0.07460214945441512,ok
v2e_vs_real,original,823000,824000,9563,0.2632205483791096,0.06928505708899917,ok
v2e_vs_real,original,824000,825000,9383,0.26319500236713145,0.06927160927103433,ok
v2e_vs_real,original,825000,826000,6413,0.2757902454007457,0.07606025945820355,ok
v2e_vs_real,original,826000,827000,9325,0.264163639269485,0.0697824283120986,ok
v2e_vs_real,original,827000,828000,6162,0.2765069912975121,0.07645611623640243,ok
v2e_vs_real,original,828000,829000,9006,0.2647674529844648,0.07010180415988077,ok
v2e_vs_real,original,829000,830000,8824,0.2640814505937747,0.06973901254771227,ok
v2e_vs_real,original,830000,831000,5883,0.27532431939358165,0.07580348084953897,ok
v2e_vs_real,original,831000,832000,8599,0.2621010101153261,0.06869693950347429,ok
v2e_vs_real,original,832000,833000,6278,0.2587026404261148,0.06692705616344363,ok
v2e_vs_real,original,833000,834000,8827,0.2516156556683295,0.06331043817740337,ok
v2e_vs_real,original,834000,835000,5878,0.26268620814477595,0.06900404394948055,ok
v2e_vs_real,original,835000,836000,8521,0.25430764616017315,0.06467237889552784,ok
v2e_vs_real,original,836000,837000,8327,0.2553600684941623,0.06520876458134327,ok
v2e_vs_real,original,837000,838000,5481,0.26978525148382404,0.07278408191819018,ok
v2e_vs_real,original,838000,839000,8283,0.2595597134657819,0.0673712448544388,ok
v2e_vs_real,original,839000,840000,5567,0.27272735965454253,0.07438021270413821,ok
v2e_vs_real,original,840000,841000,8298,0.26298990480952367,0.06916369003172233,ok
v2e_vs_real,original,841000,842000,5598,0.27646498654260526,0.07643288878400291,ok
v2e_vs_real,original,842000,843000,8403,0.2657312839262652,0.07061311525710137,ok
v2e_vs_real,original,843000,844000,8563,0.2646103530713101,0.07001863895252339,ok
v2e_vs_real,original,844000,845000,5944,0.27621718074829826,0.07629593094053808,ok
v2e_vs_real,original,845000,846000,8750,0.2652568707171719,0.07036120746266646,ok
v2e_vs_real,original,846000,847000,5898,0.277033527273822,0.07674757523377548,ok
v2e_vs_real,original,847000,848000,8979,0.2645995084042146,0.07001289984775202,ok
v2e_vs_real,original,848000,849000,9104,0.2647238504020795,0.07007871697170258,ok
v2e_vs_real,original,849000,850000,6237,0.27515734712308587,0.07571156567581437,ok
v2e_vs_real,original,850000,851000,9464,0.26420007121718175,0.0698016776311639,ok
v2e_vs_real,original,851000,852000,6452,0.27711754678107703,0.07679413473396242,ok
v2e_vs_real,original,852000,853000,9617,0.26442501928630285,0.06992059082456165,ok
v2e_vs_real,original,853000,854000,6505,0.2759106862657643,0.07612670679564501,ok
v2e_vs_real,original,854000,855000,9955,0.26460547746063307,0.07001605870216959,ok
v2e_vs_real,original,855000,856000,9947,0.2647636287823499,0.07009977912599798,ok
v2e_vs_real,original,856000,857000,6931,0.2772022157890712,0.07684106843837082,ok
v2e_vs_real,original,857000,858000,10009,0.2651110229992523,0.0702838545157101,ok
v2e_vs_real,original,858000,859000,6866,0.2766367700836089,0.07652790256229149,ok
v2e_vs_real,original,859000,860000,9877,0.2643100189676402,0.06985978612667433,ok
v2e_vs_real,original,860000,861000,6522,0.27645865283382265,0.07642938672669208,ok
v2e_vs_real,original,861000,862000,9580,0.2640564428471609,0.06972580500909596,ok
v2e_vs_real,original,862000,863000,9184,0.26352834563384514,0.06944718895251134,ok
v2e_vs_real,original,863000,864000,6151,0.2740657463032519,0.07511203329675846,ok
v2e_vs_real,original,864000,865000,8715,0.26127771909139136,0.0682660464936,ok
v2e_vs_real,original,865000,866000,6025,0.266323409003268,0.07092815818312198,ok
v2e_vs_real,original,866000,867000,8796,0.2532632614820264,0.06414227961651327,ok
v2e_vs_real,original,867000,868000,8502,0.25361596664409974,0.0643210585368211,ok
v2e_vs_real,original,868000,869000,5440,0.26770768971967523,0.07166740713504592,ok
v2e_vs_real,original,869000,870000,7982,0.2576815309139639,0.06639977137416413,ok
v2e_vs_real,original,870000,871000,5348,0.2723829539099806,0.0741924735807266,ok
v2e_vs_real,original,871000,872000,7961,0.2616550455497973,0.0684633628616665,ok
v2e_vs_real,original,872000,873000,5290,0.2732412896200253,0.07466080235321454,ok
v2e_vs_real,original,873000,874000,8024,0.26470262074631495,0.07006747742996744,ok
v2e_vs_real,original,874000,875000,8036,0.265744506466,0.07062014271685793,ok
v2e_vs_real,original,875000,876000,5634,0.2796328676441667,0.07819454066690006,ok
v2e_vs_real,original,876000,877000,8353,0.2651663419269235,0.07031318889090611,ok
v2e_vs_real,original,877000,878000,5725,0.2758890746972319,0.07611478153729481,ok
v2e_vs_real,original,878000,879000,8516,0.2644117203533765,0.06991355786023218,ok
v2e_vs_real,original,879000,880000,5734,0.2754906118262253,0.07589507720438796,ok
v2e_vs_real,original,880000,881000,8644,0.2647370280978293,0.07008569404607085,ok
v2e_vs_real,original,881000,882000,8833,0.26231533622593406,0.06880933561932484,ok
v2e_vs_real,original,882000,883000,6012,0.2739935736851198,0.07507247842074316,ok
v2e_vs_real,original,883000,884000,8969,0.26267802047264965,0.06899974243942975,ok
v2e_vs_real,original,884000,885000,5989,0.2731033861308476,0.07458545951613485,ok
v2e_vs_real,original,885000,886000,8755,0.26339652254489526,0.06937772808874351,ok
v2e_vs_real,original,886000,887000,8763,0.2639746121086429,0.06968259583790849,ok
v2e_vs_real,original,887000,888000,6006,0.27493543726305253,0.07558949466302589,ok
v2e_vs_real,original,888000,889000,8693,0.26387118457279496,0.06962800204785004,ok
v2e_vs_real,original,889000,890000,6124,0.27607889869482294,0.07621955830454631,ok
v2e_vs_real,original,890000,891000,8928,0.2654884777546076,0.07048413182045878,ok
v2e_vs_real,original,891000,892000,5783,0.2760661490716573,0.07621251866325449,ok
v2e_vs_real,original,892000,893000,8607,0.26468286073892894,0.07005701676894324,ok
v2e_vs_real,original,893000,894000,8316,0.26494359290888364,0.07019510742346827,ok
v2e_vs_real,original,894000,895000,5618,0.27655400299566024,0.07648211657292364,ok
v2e_vs_real,original,895000,896000,8250,0.2651519137747011,0.07030553737838652,ok
v2e_vs_real,original,896000,897000,5659,0.27545837500380926,0.07587731635973922,ok
v2e_vs_real,original,897000,898000,8248,0.26253809893273267,0.06892625339121333,ok
v2e_vs_real,original,898000,899000,8238,0.2579816114528008,0.06655451184778387,ok
v2e_vs_real,original,899000,900000,5725,0.26159578438733133,0.06843235440922314,ok
v2e_vs_real,original,900000,901000,8112,0.25213628199553817,0.06357270469853354,ok
v2e_vs_real,original,901000,902000,5377,0.26413796326367783,0.06976886363708401,ok
v2e_vs_real,original,902000,903000,8050,0.2534130346249703,0.06421816611783637,ok
v2e_vs_real,original,903000,904000,5330,0.265543762958012,0.07051349004590086,ok
v2e_vs_real,original,904000,905000,7879,0.2575312483118133,0.06632234385704085,ok
v2e_vs_real,original,905000,906000,7707,0.2586453452272802,0.06689741460773897,ok
v2e_vs_real,original,906000,907000,5368,0.27571808683443755,0.07602046340764246,ok
v2e_vs_real,original,907000,908000,7668,0.2643648626141744,0.06988878058501131,ok
v2e_vs_real,original,908000,909000,5356,0.278950954951682,0.07781363526845532,ok
v2e_vs_real,original,909000,910000,7660,0.2697150502705339,0.07274620834243663,ok
v2e_vs_real,original,910000,911000,5200,0.28132174677263927,0.07914192520720896,ok
v2e_vs_real,original,911000,912000,7727,0.27063995051067985,0.07324598281242323,ok
v2e_vs_real,original,912000,913000,7423,0.27248283665178674,0.07424689626980428,ok
v2e_vs_real,original,913000,914000,5017,0.2886708231026806,0.08333084411077911,ok
v2e_vs_real,original,914000,915000,7407,0.27276545801248425,0.07440099508476032,ok
v2e_vs_real,original,915000,916000,5438,0.28086753972960926,0.07888657487376363,ok
v2e_vs_real,original,916000,917000,7886,0.2717937378390777,0.07387183592853727,ok
v2e_vs_real,original,917000,918000,7616,0.27372407168487994,0.0749248674197493,ok
v2e_vs_real,original,918000,919000,5089,0.29131237968723483,0.08486290255903967,ok
v2e_vs_real,original,919000,920000,7696,0.27787102489852405,0.07721230647815616,ok
v2e_vs_real,original,920000,921000,4981,0.2941671595843751,0.08653431777793923,ok
v2e_vs_real,original,921000,922000,7407,0.28195563914657146,0.07949898244655161,ok
v2e_vs_real,original,922000,923000,4969,0.29700626516749656,0.08821272154874528,ok
v2e_vs_real,original,923000,924000,7197,0.28425322743061787,0.08079989730472256,ok
v2e_vs_real,original,924000,925000,6941,0.2841213002479122,0.08072491325456428,ok
v2e_vs_real,original,925000,926000,4551,0.3008482305998709,0.09050965785507312,ok
v2e_vs_real,original,926000,927000,6638,0.282701246460707,0.0799199947504374,ok
v2e_vs_real,original,927000,928000,4470,0.3019400482157469,0.09116779271652754,ok
v2e_vs_real,original,928000,929000,6230,0.28065267386070897,0.07876592334516547,ok
v2e_vs_real,original,929000,930000,4246,0.2904207339638249,0.08434420271608675,ok
v2e_vs_real,original,930000,931000,6320,0.27601096338798875,0.07618205191036567,ok
v2e_vs_real,original,931000,932000,5906,0.27297871819403036,0.07451738058685584,ok
v2e_vs_real,original,932000,933000,5681,0.265981657584564,0.07074624217143224,ok
v2e_vs_real,original,933000,934000,6953,0.27583163924130044,0.07608309320654293,ok
v2e_vs_real,original,934000,935000,6399,0.2764764684060288,0.07643923758226984,ok
v2e_vs_real,original,935000,936000,3056,0.29872158353327233,0.08923458446862581,ok
v2e_vs_real,original,936000,937000,5978,0.27813891185865547,0.07736125428991693,ok
v2e_vs_real,original,937000,938000,5900,0.2762598134558653,0.07631948453066952,ok
v2e_vs_real,original,938000,939000,5634,0.2794275166705509,0.07807973707267098,ok
v2e_vs_real,original,939000,940000,5631,0.27705683912397117,0.07676049210536605,ok
v2e_vs_real,original,940000,941000,2870,0.29505750195069413,0.08705892945738386,ok
v2e_vs_real,original,941000,942000,5633,0.2757529969293821,0.07603971531553581,ok
v2e_vs_real,original,942000,943000,5582,0.27502401770657187,0.07563821031546475,ok
v2e_vs_real,original,943000,944000,5448,0.2748384278662345,0.07553616143198341,ok
v2e_vs_real,original,944000,945000,5461,0.2759645022809909,0.07615640651919502,ok
v2e_vs_real,original,945000,946000,2601,0.30058025436552394,0.09034848931444309,ok
v2e_vs_real,original,946000,947000,5515,0.2774546296603031,0.07698107151993595,ok
v2e_vs_real,original,947000,948000,5335,0.2789892640578416,0.07783500945953606,ok
v2e_vs_real,original,948000,949000,5484,0.2752294436083849,0.07575124662898114,ok
v2e_vs_real,original,949000,950000,5408,0.27797961978991936,0.07727266901854812,ok
v2e_vs_real,original,950000,951000,2725,0.30188506821483524,0.09113459441107573,ok
v2e_vs_real,original,951000,952000,5458,0.2790882105881487,0.07789022928929484,ok
v2e_vs_real,original,952000,953000,5289,0.2845771419431544,0.08098414971653427,ok
v2e_vs_real,original,953000,954000,5248,0.2847165240881754,0.08106349908885255,ok
v2e_vs_real,original,954000,955000,5268,0.2859126306340349,0.08174603235607407,ok
v2e_vs_real,original,955000,956000,2586,0.3120595140554742,0.09738114031253872,ok
v2e_vs_real,original,956000,957000,5173,0.28784241609901284,0.08285325650571726,ok
v2e_vs_real,original,957000,958000,5118,0.2877480393825455,0.08279893416849896,ok
v2e_vs_real,original,958000,959000,5067,0.28881377721372503,0.08341339790845918,ok
v2e_vs_real,original,959000,960000,5067,0.2862980082832514,0.08196654954695669,ok
v2e_vs_real,original,960000,961000,2627,0.30689435975406554,0.09418414804885779,ok
v2e_vs_real,original,961000,962000,5207,0.28575786790360047,0.08165755906881159,ok
v2e_vs_real,original,962000,963000,5229,0.2825308488769656,0.07982368056713879,ok
v2e_vs_real,original,963000,964000,5292,0.27723292626859947,0.07685809540745071,ok
v2e_vs_real,original,964000,965000,5164,0.27110855146306845,0.07349984667640323,ok
v2e_vs_real,original,965000,966000,3164,0.2744775772128888,0.07533794039265732,ok
v2e_vs_real,original,966000,967000,6241,0.2584945693394377,0.06681944237798138,ok
v2e_vs_real,original,967000,968000,6382,0.25983377507814476,0.06751359067135992,ok
v2e_vs_real,original,968000,969000,6671,0.26041911281032776,0.06781811431691821,ok
v2e_vs_real,original,969000,970000,6733,0.2611047096647592,0.06817566940911819,ok
v2e_vs_real,original,970000,971000,3544,0.27814360205624644,0.07736386336482357,ok
v2e_vs_real,original,971000,972000,7029,0.26455419502644706,0.0699889221060914,ok
v2e_vs_real,original,972000,973000,7061,0.26389794373671754,0.06964212470846774,ok
v2e_vs_real,original,973000,974000,7051,0.2666883787269451,0.07112269134800651,ok
v2e_vs_real,original,974000,975000,7221,0.2673373113128897,0.0714692380200049,ok
v2e_vs_real,original,975000,976000,3627,0.2847004100702105,0.08105432349414603,ok
v2e_vs_real,original,976000,977000,7441,0.2664825853814818,0.07101296831159874,ok
v2e_vs_real,original,977000,978000,7544,0.2673173868794306,0.07145858532804715,ok
v2e_vs_real,original,978000,979000,7575,0.26848022691267615,0.07208163224308206,ok
v2e_vs_real,original,979000,980000,7742,0.2667903848200111,0.07117710943240962,ok
v2e_vs_real,original,980000,981000,3838,0.28532535660670827,0.08141055912274525,ok
v2e_vs_real,original,981000,982000,8004,0.26021277604849496,0.06771068881886419,ok
v2e_vs_real,original,982000,983000,8261,0.25594951447038566,0.06551015395762616,ok
v2e_vs_real,original,983000,984000,8252,0.2565322104983166,0.0658087750231526,ok
v2e_vs_real,original,984000,985000,8132,0.25804862905475107,0.06658909495703651,ok
v2e_vs_real,original,985000,986000,4069,0.2747372782835336,0.0754805720786438,ok
v2e_vs_real,original,986000,987000,8146,0.2582714594860582,0.0667041467850586,ok
v2e_vs_real,original,987000,988000,8206,0.25859820806474826,0.06687303321429884,ok
v2e_vs_real,original,988000,989000,8191,0.25822662566649895,0.06668099020310618,ok
v2e_vs_real,original,989000,990000,8149,0.2599658495672627,0.06758224294122867,ok
v2e_vs_real,original,990000,991000,4128,0.28071103204474235,0.07879868351162438,ok
v2e_vs_real,original,991000,992000,8289,0.26008090343329815,0.06764207633068055,ok
v2e_vs_real,original,992000,993000,8400,0.25783580788120636,0.06647930382575436,ok
v2e_vs_real,original,993000,994000,8244,0.25710897665294347,0.06610502587552383,ok
v2e_vs_real,original,994000,995000,8208,0.25414806067323725,0.0645912367439675,ok
v2e_vs_real,original,995000,996000,4179,0.26882508611352246,0.07226692692394278,ok
v2e_vs_real,original,996000,997000,8270,0.24682481663841838,0.06092249010858885,ok
v2e_vs_real,original,997000,998000,8203,0.2428903411677796,0.05899571783260037,ok
v2e_vs_real,original,998000,999000,8417,0.2315368701711961,0.05360932224867332,ok
v2e_vs_real,original,999000,1000000,8743,0.21983465070615102,0.048327273651095425,ok
v2e_vs_real,original,1000000,1001000,4262,0.22632644507105393,0.05122365973850079,ok
v2e_vs_real,original,1001000,1002000,8632,0.20746765596979183,0.0430428282735999,ok
v2e_vs_real,original,1002000,1003000,8466,0.20270242908291816,0.04108827475611546,ok
v2e_vs_real,original,1003000,1004000,8467,0.19874120094990208,0.039498064955009356,ok
v2e_vs_real,original,1004000,1005000,8383,0.19860608904188276,0.03944437860451227,ok
v2e_vs_real,original,1005000,1006000,4230,0.20812438922607235,0.043315761390725654,ok
v2e_vs_real,original,1006000,1007000,8405,0.19274566706644156,0.037150892172887535,ok
v2e_vs_real,original,1007000,1008000,8500,0.18585303029124137,0.034541348868437086,ok
v2e_vs_real,original,1008000,1009000,8360,0.18255030332547484,0.03332461324422287,ok
v2e_vs_real,original,1009000,1010000,8727,0.17943450188550555,0.03219674046689949,ok
v2e_vs_real,original,1010000,1011000,4400,0.18359718667279,0.0337079269541633,ok
v2e_vs_real,original,1011000,1012000,8733,0.16586956860506302,0.02751271378922971,ok
v2e_vs_real,original,1012000,1013000,8979,0.15195727954013258,0.023091014805237994,ok
v2e_vs_real,original,1013000,1014000,9076,0.14119541451926743,0.019936145081267752,ok
v2e_vs_real,original,1014000,1015000,9780,0.13362939167475862,0.017856814319366046,ok
