comparison_set,variant,window_start,window_end,n_events,kernel_index,rbf_kernel_max_distance,rbf_kernel_target_similarity,weight_method,weight,mmd,mmd_squared,status
real_vs_real,original,16000,17000,4675,0,3,0.5,uniform,1.0,0.025787332529791585,0.0006649865190020473,ok
real_vs_real,original,17000,18000,4381,0,3,0.5,uniform,1.0,0.03638770778569263,0.001324065277896956,ok
real_vs_real,original,18000,19000,4066,0,3,0.5,uniform,1.0,0.04254197872550236,0.0018098199538810955,ok
real_vs_real,original,19000,20000,3949,0,3,0.5,uniform,1.0,0.04467969088013382,0.0019962747771443135,ok
real_vs_real,original,20000,21000,3648,0,3,0.5,uniform,1.0,0.045955883785893895,0.0021119432545425856,ok
real_vs_real,original,21000,22000,3526,0,3,0.5,uniform,1.0,0.04774146436169958,0.002279247419399431,ok
real_vs_real,original,22000,23000,3695,0,3,0.5,uniform,1.0,0.04914638899220676,0.0024153675509733016,ok
real_vs_real,original,23000,24000,3423,0,3,0.5,uniform,1.0,0.050484364896269965,0.0025486710989797347,ok
real_vs_real,original,24000,25000,3360,0,3,0.5,uniform,1.0,0.05145880041096525,0.0026480081397355568,ok
real_vs_real,original,25000,26000,3458,0,3,0.5,uniform,1.0,0.0512408416404177,0.0026256238520183644,ok
real_vs_real,original,26000,27000,3352,0,3,0.5,uniform,1.0,0.051345426321732834,0.002636352804160495,ok
real_vs_real,original,27000,28000,3498,0,3,0.5,uniform,1.0,0.0512699286952682,0.0026286055884178856,ok
real_vs_real,original,28000,29000,3618,0,3,0.5,uniform,1.0,0.0507296559663415,0.0025734979944633672,ok
real_vs_real,original,29000,30000,3510,0,3,0.5,uniform,1.0,0.05170604913051758,0.002673515516687498,ok
real_vs_real,original,30000,31000,3653,0,3,0.5,uniform,1.0,0.05100017270141465,0.00260101761557412,ok
real_vs_real,original,31000,32000,3473,0,3,0.5,uniform,1.0,0.05259888439373273,0.002766642639465261,ok
real_vs_real,original,32000,33000,3466,0,3,0.5,uniform,1.0,0.05223724088377016,0.0027287293351490284,ok
real_vs_real,original,33000,34000,3537,0,3,0.5,uniform,1.0,0.05295964315243084,0.0028047238028328144,ok
real_vs_real,original,34000,35000,4110,0,3,0.5,uniform,1.0,0.05452985768159578,0.0029735053787750907,ok
real_vs_real,original,35000,36000,4951,0,3,0.5,uniform,1.0,0.055775715280350954,0.003110930415034775,ok
real_vs_real,original,36000,37000,5577,0,3,0.5,uniform,1.0,0.055428508417117,0.0030723195453464104,ok
real_vs_real,original,37000,38000,5907,0,3,0.5,uniform,1.0,0.05466062247628806,0.0029877836494952873,ok
real_vs_real,original,38000,39000,6165,0,3,0.5,uniform,1.0,0.05437614962179832,0.0029567656476921973,ok
real_vs_real,original,39000,40000,6115,0,3,0.5,uniform,1.0,0.05437758794487058,0.0029569220707021345,ok
real_vs_real,original,40000,41000,6104,0,3,0.5,uniform,1.0,0.05458634599990472,0.0029796691696213143,ok
real_vs_real,original,41000,42000,6097,0,3,0.5,uniform,1.0,0.05505547215348448,0.0030311050140431057,ok
real_vs_real,original,42000,43000,6192,0,3,0.5,uniform,1.0,0.05491265001683869,0.003015399131871814,ok
real_vs_real,original,43000,44000,6257,0,3,0.5,uniform,1.0,0.05512539665371191,0.0030388093562290727,ok
real_vs_real,original,44000,45000,6675,0,3,0.5,uniform,1.0,0.05464676555637046,0.0029862689857729167,ok
real_vs_real,original,45000,46000,6576,0,3,0.5,uniform,1.0,0.05457051551674904,0.002977941163763748,ok
real_vs_real,original,46000,47000,6608,0,3,0.5,uniform,1.0,0.054626902328127655,0.0029840984579667983,ok
real_vs_real,original,47000,48000,6542,0,3,0.5,uniform,1.0,0.054744498413036524,0.002996960106494958,ok
real_vs_real,original,48000,49000,6307,0,3,0.5,uniform,1.0,0.0550817295876042,0.0030339969343619517,ok
real_vs_real,original,49000,50000,6433,0,3,0.5,uniform,1.0,0.05474378298299878,0.0029968817752896665,ok
real_vs_real,original,50000,51000,6720,0,3,0.5,uniform,1.0,0.05415510508122888,0.002932775406358942,ok
real_vs_real,original,51000,52000,6714,0,3,0.5,uniform,1.0,0.05447101100559731,0.0029670910399719032,ok
real_vs_real,original,52000,53000,6787,0,3,0.5,uniform,1.0,0.054488258650181434,0.0029689703307290718,ok
real_vs_real,original,53000,54000,7124,0,3,0.5,uniform,1.0,0.053821640206018116,0.002896768954466066,ok
real_vs_real,original,54000,55000,7146,0,3,0.5,uniform,1.0,0.05353632561790472,0.0028661381606663212,ok
real_vs_real,original,55000,56000,7339,0,3,0.5,uniform,1.0,0.05333971713189578,0.002845125423710656,ok
real_vs_real,original,56000,57000,7187,0,3,0.5,uniform,1.0,0.05362543284565957,0.002875687047884344,ok
real_vs_real,original,57000,58000,7248,0,3,0.5,uniform,1.0,0.053600108259569984,0.0028729716054376226,ok
real_vs_real,original,58000,59000,7428,0,3,0.5,uniform,1.0,0.05301555926819616,0.0028106495245196197,ok
real_vs_real,original,59000,60000,7223,0,3,0.5,uniform,1.0,0.05318786279194759,0.0028289487483750433,ok
real_vs_real,original,60000,61000,7387,0,3,0.5,uniform,1.0,0.052970720122495575,0.0028058971902957574,ok
real_vs_real,original,61000,62000,7483,0,3,0.5,uniform,1.0,0.05251810855015559,0.0027581517256859258,ok
real_vs_real,original,62000,63000,7357,0,3,0.5,uniform,1.0,0.05266144886407858,0.002773228196463963,ok
real_vs_real,original,63000,64000,7534,0,3,0.5,uniform,1.0,0.05220713270951962,0.0027255847057493935,ok
real_vs_real,original,64000,65000,7511,0,3,0.5,uniform,1.0,0.05223319263047082,0.0027283064123718712,ok
real_vs_real,original,65000,66000,7323,0,3,0.5,uniform,1.0,0.05255576461039342,0.0027621083937830818,ok
real_vs_real,original,66000,67000,7297,0,3,0.5,uniform,1.0,0.05254352445147578,0.0027608219617828336,ok
real_vs_real,original,67000,68000,7158,0,3,0.5,uniform,1.0,0.05254428244575517,0.0027609016177392947,ok
real_vs_real,original,68000,69000,7253,0,3,0.5,uniform,1.0,0.05211304805108924,0.0027157697771751357,ok
real_vs_real,original,69000,70000,7134,0,3,0.5,uniform,1.0,0.05212756830854768,0.002717283377762304,ok
real_vs_real,original,70000,71000,7033,0,3,0.5,uniform,1.0,0.05228437850149483,0.002733656235287575,ok
real_vs_real,original,71000,72000,6941,0,3,0.5,uniform,1.0,0.052011001476460074,0.002705144274584332,ok
real_vs_real,original,72000,73000,6857,0,3,0.5,uniform,1.0,0.051988855491384406,0.0027028410953040503,ok
real_vs_real,original,73000,74000,6681,0,3,0.5,uniform,1.0,0.05228761972555373,0.0027339951765641157,ok
real_vs_real,original,74000,75000,6518,0,3,0.5,uniform,1.0,0.052206932317259605,0.002725563781978925,ok
real_vs_real,original,75000,76000,6435,0,3,0.5,uniform,1.0,0.05255162647773807,0.002761673445455701,ok
real_vs_real,original,76000,77000,6495,0,3,0.5,uniform,1.0,0.05223031298304041,0.0027280055943063593,ok
real_vs_real,original,77000,78000,6460,0,3,0.5,uniform,1.0,0.05224992918046774,0.002730055099363894,ok
real_vs_real,original,78000,79000,6383,0,3,0.5,uniform,1.0,0.05245125148683361,0.002751133782535065,ok
real_vs_real,original,79000,80000,6536,0,3,0.5,uniform,1.0,0.05220795234453432,0.0027256702880091663,ok
real_vs_real,original,80000,81000,6397,0,3,0.5,uniform,1.0,0.05238363657048349,0.0027440453803484954,ok
real_vs_real,original,81000,82000,6349,0,3,0.5,uniform,1.0,0.05237726919093856,0.002743378327900042,ok
real_vs_real,original,82000,83000,6368,0,3,0.5,uniform,1.0,0.052272167576205536,0.002732379503114913,ok
real_vs_real,original,83000,84000,6346,0,3,0.5,uniform,1.0,0.052649411361457545,0.002771960516707975,ok
real_vs_real,original,84000,85000,6492,0,3,0.5,uniform,1.0,0.052368195873189305,0.0027424279390127213,ok
real_vs_real,original,85000,86000,6446,0,3,0.5,uniform,1.0,0.052645711185975705,0.002771570906277167,ok
real_vs_real,original,86000,87000,6497,0,3,0.5,uniform,1.0,0.05281914152462757,0.0027898617113986364,ok
real_vs_real,original,87000,88000,6498,0,3,0.5,uniform,1.0,0.052863719045452985,0.002794572791316589,ok
real_vs_real,original,88000,89000,6660,0,3,0.5,uniform,1.0,0.05260950656442654,0.0027677601809524394,ok
real_vs_real,original,89000,90000,6531,0,3,0.5,uniform,1.0,0.05272386244978831,0.0027798056716241974,ok
real_vs_real,original,90000,91000,6644,0,3,0.5,uniform,1.0,0.05234470782461149,0.002739968437243943,ok
real_vs_real,original,91000,92000,6531,0,3,0.5,uniform,1.0,0.05285235307989818,0.002793371226082223,ok
real_vs_real,original,92000,93000,6709,0,3,0.5,uniform,1.0,0.05259834094807881,0.0027665854704903444,ok
real_vs_real,original,93000,94000,6680,0,3,0.5,uniform,1.0,0.05282766863608052,0.0027907625735235256,ok
real_vs_real,original,94000,95000,6656,0,3,0.5,uniform,1.0,0.052821580051360534,0.002790119319122289,ok
real_vs_real,original,95000,96000,6666,0,3,0.5,uniform,1.0,0.05281909347817104,0.0027898566358557707,ok
real_vs_real,original,96000,97000,6620,0,3,0.5,uniform,1.0,0.05242392547615254,0.002748267962329195,ok
real_vs_real,original,97000,98000,6580,0,3,0.5,uniform,1.0,0.052086140175527665,0.002712965998384717,ok
real_vs_real,original,98000,99000,6373,0,3,0.5,uniform,1.0,0.05213966563169349,0.002718544732184799,ok
real_vs_real,original,99000,100000,6236,0,3,0.5,uniform,1.0,0.052166131389150106,0.002721305264110072,ok
real_vs_real,original,100000,101000,6281,0,3,0.5,uniform,1.0,0.05176672310689305,0.0026797936212257347,ok
real_vs_real,original,101000,102000,6171,0,3,0.5,uniform,1.0,0.05209055032324601,0.0027134254329786254,ok
real_vs_real,original,102000,103000,6244,0,3,0.5,uniform,1.0,0.0516556410592561,0.0026683052532427047,ok
real_vs_real,original,103000,104000,6074,0,3,0.5,uniform,1.0,0.052096323676989076,0.0027140269406576126,ok
real_vs_real,original,104000,105000,6160,0,3,0.5,uniform,1.0,0.051607813608142906,0.00266336642541282,ok
real_vs_real,original,105000,106000,6248,0,3,0.5,uniform,1.0,0.051153460510916564,0.0026166765222419004,ok
real_vs_real,original,106000,107000,6030,0,3,0.5,uniform,1.0,0.05133507826307882,0.0026352902602764278,ok
real_vs_real,original,107000,108000,5969,0,3,0.5,uniform,1.0,0.050763358682478846,0.0025769185847260003,ok
real_vs_real,original,108000,109000,5985,0,3,0.5,uniform,1.0,0.05015926695149979,0.002515952061111819,ok
real_vs_real,original,109000,110000,5958,0,3,0.5,uniform,1.0,0.04900736897802384,0.0024017222141481734,ok
real_vs_real,original,110000,111000,5826,0,3,0.5,uniform,1.0,0.04791158785541155,0.0022955202508268195,ok
real_vs_real,original,111000,112000,5838,0,3,0.5,uniform,1.0,0.04555107638777961,0.0020749005600853333,ok
real_vs_real,original,112000,113000,5684,0,3,0.5,uniform,1.0,0.0428631743723127,0.0018372517172712843,ok
real_vs_real,original,113000,114000,5691,0,3,0.5,uniform,1.0,0.03865482251489172,0.0014941953036577795,ok
real_vs_real,original,114000,115000,5533,0,3,0.5,uniform,1.0,0.03437078014341294,0.001181350527666829,ok
real_vs_real,original,115000,116000,5338,0,3,0.5,uniform,1.0,0.031069039819066356,0.0009652852352787307,ok
real_vs_real,original,116000,117000,5399,0,3,0.5,uniform,1.0,0.03280973239423391,0.0010764785397812421,ok
real_vs_real,original,117000,118000,5271,0,3,0.5,uniform,1.0,0.03778330797569732,0.0014275783615863924,ok
real_vs_real,original,118000,119000,4951,0,3,0.5,uniform,1.0,0.04332405485527382,0.0018769737291027748,ok
real_vs_real,original,119000,120000,4658,0,3,0.5,uniform,1.0,0.04804645856174235,0.002308462180325224,ok
real_vs_real,original,120000,121000,4383,0,3,0.5,uniform,1.0,0.05016333197138299,0.0025163598744711753,ok
real_vs_real,original,121000,122000,4165,0,3,0.5,uniform,1.0,0.05226662530897231,0.0027318001211885045,ok
real_vs_real,original,122000,123000,3907,0,3,0.5,uniform,1.0,0.05502073219964941,0.0030272809717855377,ok
real_vs_real,original,123000,124000,3887,0,3,0.5,uniform,1.0,0.054283654399897054,0.0029467151350074626,ok
real_vs_real,original,124000,125000,3711,0,3,0.5,uniform,1.0,0.05603898026573394,0.0031403673092233178,ok
real_vs_real,original,125000,126000,3758,0,3,0.5,uniform,1.0,0.055652030771009255,0.003097148528937361,ok
real_vs_real,original,126000,127000,3917,0,3,0.5,uniform,1.0,0.05512835387428623,0.0030391354008885295,ok
real_vs_real,original,127000,128000,3821,0,3,0.5,uniform,1.0,0.05671122344185548,0.0032161628642720583,ok
real_vs_real,original,128000,129000,3888,0,3,0.5,uniform,1.0,0.05730872808035622,0.003284290314188209,ok
real_vs_real,original,129000,130000,3900,0,3,0.5,uniform,1.0,0.05737682320989099,0.003292099841659085,ok
real_vs_real,original,130000,131000,3700,0,3,0.5,uniform,1.0,0.059047513224455374,0.0034866088179922325,ok
real_vs_real,original,131000,132000,3705,0,3,0.5,uniform,1.0,0.057825891942624455,0.00334383377896008,ok
real_vs_real,original,132000,133000,3658,0,3,0.5,uniform,1.0,0.058127257755140875,0.0033787780941325852,ok
real_vs_real,original,133000,134000,3735,0,3,0.5,uniform,1.0,0.05863474699704973,0.0034380335554080326,ok
real_vs_real,original,134000,135000,4161,0,3,0.5,uniform,1.0,0.056576200290459566,0.003200866439306197,ok
real_vs_real,original,135000,136000,4587,0,3,0.5,uniform,1.0,0.0555800065200294,0.0030891371247665105,ok
real_vs_real,original,136000,137000,4770,0,3,0.5,uniform,1.0,0.05602920134720163,0.0031392714036052607,ok
real_vs_real,original,137000,138000,4969,0,3,0.5,uniform,1.0,0.055102190792622456,0.0030362514301465666,ok
real_vs_real,original,138000,139000,5263,0,3,0.5,uniform,1.0,0.054449183187192274,0.0029647135497524214,ok
real_vs_real,original,139000,140000,5491,0,3,0.5,uniform,1.0,0.053560562136243224,0.0028687338163503715,ok
real_vs_real,original,140000,141000,5729,0,3,0.5,uniform,1.0,0.05308364126802847,0.0028178729702727353,ok
real_vs_real,original,141000,142000,5844,0,3,0.5,uniform,1.0,0.05261371135666756,0.0027682026227227284,ok
real_vs_real,original,142000,143000,5889,0,3,0.5,uniform,1.0,0.05281598629147914,0.0027895284079417124,ok
real_vs_real,original,143000,144000,6226,0,3,0.5,uniform,1.0,0.05189109859105652,0.002692686112986748,ok
real_vs_real,original,144000,145000,6139,0,3,0.5,uniform,1.0,0.05211067237607597,0.0027155221754867273,ok
real_vs_real,original,145000,146000,6300,0,3,0.5,uniform,1.0,0.05186913306221007,0.0026904069646252536,ok
real_vs_real,original,146000,147000,6385,0,3,0.5,uniform,1.0,0.05172400976560909,0.0026753731862328247,ok
real_vs_real,original,147000,148000,6372,0,3,0.5,uniform,1.0,0.051682362014639396,0.002671066543412241,ok
real_vs_real,original,148000,149000,6560,0,3,0.5,uniform,1.0,0.05160426848821693,0.0026630005262039784,ok
real_vs_real,original,149000,150000,6880,0,3,0.5,uniform,1.0,0.05162756914594698,0.002665405895919537,ok
real_vs_real,original,150000,151000,7124,0,3,0.5,uniform,1.0,0.051599067632032695,0.0026624637804950843,ok
real_vs_real,original,151000,152000,7464,0,3,0.5,uniform,1.0,0.05125870417668988,0.0026274547538734042,ok
real_vs_real,original,152000,153000,7450,0,3,0.5,uniform,1.0,0.05142198340296866,0.0026442203770951846,ok
real_vs_real,original,153000,154000,7641,0,3,0.5,uniform,1.0,0.05126652202401296,0.0026282562804386058,ok
real_vs_real,original,154000,155000,7649,0,3,0.5,uniform,1.0,0.0512995841591842,0.0026316473349052225,ok
real_vs_real,original,155000,156000,7610,0,3,0.5,uniform,1.0,0.051677091056640034,0.0026705217400762654,ok
real_vs_real,original,156000,157000,7821,0,3,0.5,uniform,1.0,0.05165100688038683,0.002667826511757768,ok
real_vs_real,original,157000,158000,7779,0,3,0.5,uniform,1.0,0.051585903353024015,0.0026611054247475344,ok
real_vs_real,original,158000,159000,7747,0,3,0.5,uniform,1.0,0.051708626417652066,0.002673782046000305,ok
real_vs_real,original,159000,160000,7927,0,3,0.5,uniform,1.0,0.051485356952128025,0.002650741980488038,ok
real_vs_real,original,160000,161000,7944,0,3,0.5,uniform,1.0,0.05141910089831905,0.002643923937191515,ok
real_vs_real,original,161000,162000,7837,0,3,0.5,uniform,1.0,0.05188834498062184,0.0026924003448280235,ok
real_vs_real,original,162000,163000,7738,0,3,0.5,uniform,1.0,0.05175235449509762,0.0026783061957862515,ok
real_vs_real,original,163000,164000,7891,0,3,0.5,uniform,1.0,0.05158853767373549,0.002661377219314426,ok
real_vs_real,original,164000,165000,7638,0,3,0.5,uniform,1.0,0.05201814063255617,0.0027058869548683916,ok
real_vs_real,original,165000,166000,7699,0,3,0.5,uniform,1.0,0.052090435797992725,0.0027134135016248016,ok
real_vs_real,original,166000,167000,7482,0,3,0.5,uniform,1.0,0.052037016579727965,0.002707851094518883,ok
real_vs_real,original,167000,168000,7392,0,3,0.5,uniform,1.0,0.052306354905904635,0.002735954763542454,ok
real_vs_real,original,168000,169000,7461,0,3,0.5,uniform,1.0,0.05229719796445878,0.0027349969149337914,ok
real_vs_real,original,169000,170000,7463,0,3,0.5,uniform,1.0,0.05222064932948883,0.0027269962163934424,ok
real_vs_real,original,170000,171000,7317,0,3,0.5,uniform,1.0,0.052570714022614616,0.002763679972847529,ok
real_vs_real,original,171000,172000,7387,0,3,0.5,uniform,1.0,0.05250788003721352,0.002757077466002406,ok
real_vs_real,original,172000,173000,7328,0,3,0.5,uniform,1.0,0.05248419264261929,0.002754590477347573,ok
real_vs_real,original,173000,174000,7050,0,3,0.5,uniform,1.0,0.05291315478535994,0.0027998019493394597,ok
real_vs_real,original,174000,175000,6973,0,3,0.5,uniform,1.0,0.052978541180423236,0.0028067258256058007,ok
real_vs_real,original,175000,176000,6971,0,3,0.5,uniform,1.0,0.053161904287414054,0.0028261880674641726,ok
real_vs_real,original,176000,177000,6997,0,3,0.5,uniform,1.0,0.05306801250113166,0.0028162139508202664,ok
real_vs_real,original,177000,178000,6729,0,3,0.5,uniform,1.0,0.053841267346282,0.0028988820694538123,ok
real_vs_real,original,178000,179000,6923,0,3,0.5,uniform,1.0,0.05341580612036459,0.0028532483434883793,ok
real_vs_real,original,179000,180000,6687,0,3,0.5,uniform,1.0,0.053877676079537494,0.0029028039797315665,ok
real_vs_real,original,180000,181000,6849,0,3,0.5,uniform,1.0,0.053744387494540635,0.0028884591871633355,ok
real_vs_real,original,181000,182000,6637,0,3,0.5,uniform,1.0,0.053855862976968025,0.0029004539769939552,ok
real_vs_real,original,182000,183000,6553,0,3,0.5,uniform,1.0,0.05378464552616232,0.0028927880943749327,ok
real_vs_real,original,183000,184000,6624,0,3,0.5,uniform,1.0,0.05380457918641205,0.0028949327414268845,ok
real_vs_real,original,184000,185000,6545,0,3,0.5,uniform,1.0,0.05392936087609102,0.002908375964503657,ok
real_vs_real,original,185000,186000,6580,0,3,0.5,uniform,1.0,0.054239150084513965,0.002941885401890431,ok
real_vs_real,original,186000,187000,6885,0,3,0.5,uniform,1.0,0.0536860546257903,0.00288219246128334,ok
real_vs_real,original,187000,188000,6731,0,3,0.5,uniform,1.0,0.053905599671609135,0.0029058136759557867,ok
real_vs_real,original,188000,189000,6682,0,3,0.5,uniform,1.0,0.05398231813671644,0.0029140906714136645,ok
real_vs_real,original,189000,190000,6678,0,3,0.5,uniform,1.0,0.05385786461269755,0.0029006695806396594,ok
real_vs_real,original,190000,191000,6562,0,3,0.5,uniform,1.0,0.053994771859749324,0.002915435388186377,ok
real_vs_real,original,191000,192000,6695,0,3,0.5,uniform,1.0,0.053615292115145305,0.0028745995485923623,ok
real_vs_real,original,192000,193000,6486,0,3,0.5,uniform,1.0,0.053964703736668805,0.0029121892493864363,ok
real_vs_real,original,193000,194000,6758,0,3,0.5,uniform,1.0,0.053543721257105374,0.002866930086058598,ok
real_vs_real,original,194000,195000,6703,0,3,0.5,uniform,1.0,0.05352454836930542,0.002864877278138115,ok
real_vs_real,original,195000,196000,6718,0,3,0.5,uniform,1.0,0.05314289480649784,0.002824167268414495,ok
real_vs_real,original,196000,197000,6766,0,3,0.5,uniform,1.0,0.052895152241145965,0.0027978971306140093,ok
real_vs_real,original,197000,198000,6769,0,3,0.5,uniform,1.0,0.05260504055990708,0.0027672902923094687,ok
real_vs_real,original,198000,199000,6392,0,3,0.5,uniform,1.0,0.05323933870006626,0.002834427185220373,ok
real_vs_real,original,199000,200000,6299,0,3,0.5,uniform,1.0,0.05335225340398162,0.0028464629432826682,ok
real_vs_real,original,200000,201000,6339,0,3,0.5,uniform,1.0,0.05310729163537777,0.0028203844248450662,ok
real_vs_real,original,201000,202000,6148,0,3,0.5,uniform,1.0,0.05349078568997092,0.0028612641537303974,ok
real_vs_real,original,202000,203000,6415,0,3,0.5,uniform,1.0,0.05322024359138804,0.0028323943279266804,ok
real_vs_real,original,203000,204000,6317,0,3,0.5,uniform,1.0,0.053170859243504016,0.0028271402726925167,ok
real_vs_real,original,204000,205000,6197,0,3,0.5,uniform,1.0,0.05324877734851703,0.0028354322891119407,ok
real_vs_real,original,205000,206000,6329,0,3,0.5,uniform,1.0,0.05277175057171647,0.0027848576584034576,ok
real_vs_real,original,206000,207000,5905,0,3,0.5,uniform,1.0,0.053374010316232075,0.0028487849772372478,ok
real_vs_real,original,207000,208000,5839,0,3,0.5,uniform,1.0,0.05344740080295685,0.0028566246525919127,ok
real_vs_real,original,208000,209000,5947,0,3,0.5,uniform,1.0,0.05272154281854019,0.002779561077167167,ok
real_vs_real,original,209000,210000,5713,0,3,0.5,uniform,1.0,0.05260549141741178,0.0027673377272673847,ok
real_vs_real,original,210000,211000,5681,0,3,0.5,uniform,1.0,0.051476518158807175,0.0026498319217540048,ok
real_vs_real,original,211000,212000,5768,0,3,0.5,uniform,1.0,0.049483108578629025,0.0024485780346043895,ok
real_vs_real,original,212000,213000,5615,0,3,0.5,uniform,1.0,0.04517242332126921,0.0020405478287159463,ok
real_vs_real,original,213000,214000,5391,0,3,0.5,uniform,1.0,0.03815752582450424,0.001455996777047708,ok
real_vs_real,original,214000,215000,5263,0,3,0.5,uniform,1.0,0.02680150969242973,0.0007183209217934048,ok
real_vs_real,original,215000,216000,4892,0,3,0.5,uniform,1.0,0.01867548430811433,0.0003487737141426245,ok
real_vs_real,original,216000,217000,4647,0,3,0.5,uniform,1.0,0.025336974671697095,0.0006419622855142202,ok
real_vs_real,original,217000,218000,4360,0,3,0.5,uniform,1.0,0.036361710231613165,0.0013221739709678014,ok
real_vs_real,original,218000,219000,4149,0,3,0.5,uniform,1.0,0.04173118507075017,0.0017414918074092015,ok
real_vs_real,original,219000,220000,3795,0,3,0.5,uniform,1.0,0.04452447075256237,0.001982428495795782,ok
real_vs_real,original,220000,221000,3620,0,3,0.5,uniform,1.0,0.04619714714782584,0.002134176404597873,ok
real_vs_real,original,221000,222000,3469,0,3,0.5,uniform,1.0,0.04802701792832695,0.002306594451087838,ok
real_vs_real,original,222000,223000,3604,0,3,0.5,uniform,1.0,0.04924527605466285,0.0024250972136999503,ok
real_vs_real,original,223000,224000,3329,0,3,0.5,uniform,1.0,0.05128423856817219,0.0026300731255172,ok
real_vs_real,original,224000,225000,3357,0,3,0.5,uniform,1.0,0.05170456632503866,0.002673362178860322,ok
real_vs_real,original,225000,226000,3454,0,3,0.5,uniform,1.0,0.0512336878519785,0.0026248907709139693,ok
real_vs_real,original,226000,227000,3384,0,3,0.5,uniform,1.0,0.051964511795061924,0.0027003104860991297,ok
real_vs_real,original,227000,228000,3543,0,3,0.5,uniform,1.0,0.05097522347787053,0.0025984734086188423,ok
real_vs_real,original,228000,229000,3587,0,3,0.5,uniform,1.0,0.051231496134139326,0.0026246661961423327,ok
real_vs_real,original,229000,230000,3477,0,3,0.5,uniform,1.0,0.0519874516031648,0.0027026951241914026,ok
real_vs_real,original,230000,231000,3698,0,3,0.5,uniform,1.0,0.051470068228883406,0.0026491679234859128,ok
real_vs_real,original,231000,232000,3470,0,3,0.5,uniform,1.0,0.05234317743714629,0.0027398082242165805,ok
real_vs_real,original,232000,233000,3381,0,3,0.5,uniform,1.0,0.05288832779234892,0.002797175216670947,ok
real_vs_real,original,233000,234000,3675,0,3,0.5,uniform,1.0,0.052290945566512814,0.002734342988240006,ok
real_vs_real,original,234000,235000,4099,0,3,0.5,uniform,1.0,0.05445035097205858,0.0029648407209803608,ok
real_vs_real,original,235000,236000,4867,0,3,0.5,uniform,1.0,0.05635664526470105,0.0031760714654913516,ok
real_vs_real,original,236000,237000,5598,0,3,0.5,uniform,1.0,0.055348283042598055,0.0030634324357635473,ok
real_vs_real,original,237000,238000,5776,0,3,0.5,uniform,1.0,0.055035559977236206,0.0030289128620079636,ok
real_vs_real,original,238000,239000,6113,0,3,0.5,uniform,1.0,0.05441168175710284,0.002960631111636238,ok
real_vs_real,original,239000,240000,6265,0,3,0.5,uniform,1.0,0.054012098267070194,0.002917306759211647,ok
real_vs_real,original,240000,241000,5965,0,3,0.5,uniform,1.0,0.054878227504505724,0.0030116198540362884,ok
real_vs_real,original,241000,242000,6253,0,3,0.5,uniform,1.0,0.05426835574654229,0.0029450544354332696,ok
real_vs_real,original,242000,243000,6222,0,3,0.5,uniform,1.0,0.05483338622845484,0.003006700245278901,ok
real_vs_real,original,243000,244000,6347,0,3,0.5,uniform,1.0,0.05466029457714188,0.002987747803259926,ok
real_vs_real,original,244000,245000,6649,0,3,0.5,uniform,1.0,0.0544376910456924,0.0029634622063862584,ok
real_vs_real,original,245000,246000,6613,0,3,0.5,uniform,1.0,0.05417642671463861,0.002935085211566608,ok
real_vs_real,original,246000,247000,6781,0,3,0.5,uniform,1.0,0.0542537725231025,0.002943471832988552,ok
real_vs_real,original,247000,248000,6591,0,3,0.5,uniform,1.0,0.054197959746447505,0.0029374188406775443,ok
real_vs_real,original,248000,249000,6377,0,3,0.5,uniform,1.0,0.054544332505376714,0.002975084208457095,ok
real_vs_real,original,249000,250000,6548,0,3,0.5,uniform,1.0,0.05446184047593915,0.0029660920680266434,ok
real_vs_real,original,250000,251000,6768,0,3,0.5,uniform,1.0,0.05414710523903405,0.0029319090057670287,ok
real_vs_real,original,251000,252000,6604,0,3,0.5,uniform,1.0,0.054423408863680856,0.0029619074323433757,ok
real_vs_real,original,252000,253000,6983,0,3,0.5,uniform,1.0,0.05375991324720078,0.002890128272346554,ok
real_vs_real,original,253000,254000,7108,0,3,0.5,uniform,1.0,0.05346696118941857,0.002858715938830792,ok
real_vs_real,original,254000,255000,7103,0,3,0.5,uniform,1.0,0.053356994996584854,0.002846968915065581,ok
real_vs_real,original,255000,256000,7292,0,3,0.5,uniform,1.0,0.05313164805030072,0.002822972024541024,ok
real_vs_real,original,256000,257000,7202,0,3,0.5,uniform,1.0,0.05327620529267848,0.0028383540503876224,ok
real_vs_real,original,257000,258000,7200,0,3,0.5,uniform,1.0,0.053604339205433685,0.002873425181651195,ok
real_vs_real,original,258000,259000,7363,0,3,0.5,uniform,1.0,0.053162743758443765,0.0028262773239259515,ok
real_vs_real,original,259000,260000,7307,0,3,0.5,uniform,1.0,0.0528155909271755,0.002789486644986743,ok
real_vs_real,original,260000,261000,7402,0,3,0.5,uniform,1.0,0.052630211981460076,0.0027699392132134234,ok
real_vs_real,original,261000,262000,7480,0,3,0.5,uniform,1.0,0.05244720033752594,0.0027507088232445807,ok
real_vs_real,original,262000,263000,7495,0,3,0.5,uniform,1.0,0.052175907118638905,0.0027223252836528337,ok
real_vs_real,original,263000,264000,7427,0,3,0.5,uniform,1.0,0.05222901381265604,0.0027278698838426154,ok
real_vs_real,original,264000,265000,7442,0,3,0.5,uniform,1.0,0.052249449065065116,0.0027300049276028342,ok
real_vs_real,original,265000,266000,7404,0,3,0.5,uniform,1.0,0.05211125802024783,0.0027155832124528437,ok
real_vs_real,original,266000,267000,7400,0,3,0.5,uniform,1.0,0.052103070379597494,0.0027147299429812898,ok
real_vs_real,original,267000,268000,7320,0,3,0.5,uniform,1.0,0.05204396102951688,0.002708573879641872,ok
real_vs_real,original,268000,269000,7198,0,3,0.5,uniform,1.0,0.05215232877362311,0.0027198653965120768,ok
real_vs_real,original,269000,270000,7168,0,3,0.5,uniform,1.0,0.05209710783791708,0.002714108645075561,ok
real_vs_real,original,270000,271000,7134,0,3,0.5,uniform,1.0,0.051713697149421166,0.0026743064728620507,ok
real_vs_real,original,271000,272000,6945,0,3,0.5,uniform,1.0,0.05185182190756661,0.002688611435134005,ok
real_vs_real,original,272000,273000,6802,0,3,0.5,uniform,1.0,0.05205414723940167,0.002709634244821308,ok
real_vs_real,original,273000,274000,6656,0,3,0.5,uniform,1.0,0.0519474916727886,0.002698541891094441,ok
real_vs_real,original,274000,275000,6481,0,3,0.5,uniform,1.0,0.05226679589361602,0.0027318179529849163,ok
real_vs_real,original,275000,276000,6541,0,3,0.5,uniform,1.0,0.052262064628571185,0.0027313233992409514,ok
real_vs_real,original,276000,277000,6362,0,3,0.5,uniform,1.0,0.05245893388579152,0.002751939744433846,ok
real_vs_real,original,277000,278000,6362,0,3,0.5,uniform,1.0,0.05243189739294235,0.002749103864224035,ok
real_vs_real,original,278000,279000,6371,0,3,0.5,uniform,1.0,0.05238267725732727,0.0027439448766453122,ok
real_vs_real,original,279000,280000,6320,0,3,0.5,uniform,1.0,0.05245343789662568,0.0027513631471751676,ok
real_vs_real,original,280000,281000,6411,0,3,0.5,uniform,1.0,0.052382498547949734,0.0027439261541259558,ok
real_vs_real,original,281000,282000,6291,0,3,0.5,uniform,1.0,0.0524258475088668,0.0027484694870229553,ok
real_vs_real,original,282000,283000,6262,0,3,0.5,uniform,1.0,0.052453911290937204,0.0027514128097175096,ok
real_vs_real,original,283000,284000,6332,0,3,0.5,uniform,1.0,0.05223416687678511,0.0027284081893118343,ok
real_vs_real,original,284000,285000,6393,0,3,0.5,uniform,1.0,0.05223312081563301,0.002728298910140515,ok
real_vs_real,original,285000,286000,6444,0,3,0.5,uniform,1.0,0.05223391966760011,0.002728382363841302,ok
real_vs_real,original,286000,287000,6546,0,3,0.5,uniform,1.0,0.05239209898665681,0.0027449320362276457,ok
real_vs_real,original,287000,288000,6487,0,3,0.5,uniform,1.0,0.052821906067233804,0.002790153760575671,ok
real_vs_real,original,288000,289000,6583,0,3,0.5,uniform,1.0,0.05242848462781755,0.0027487460003693016,ok
real_vs_real,original,289000,290000,6509,0,3,0.5,uniform,1.0,0.05261765685250658,0.0027686178126481325,ok
real_vs_real,original,290000,291000,6550,0,3,0.5,uniform,1.0,0.05256226877705124,0.0027627920989909756,ok
real_vs_real,original,291000,292000,6533,0,3,0.5,uniform,1.0,0.052585516561191176,0.0027652365520073113,ok
real_vs_real,original,292000,293000,6645,0,3,0.5,uniform,1.0,0.05266559446883605,0.002773664840755894,ok
real_vs_real,original,293000,294000,6606,0,3,0.5,uniform,1.0,0.05258477916962398,0.00276515900031812,ok
real_vs_real,original,294000,295000,6580,0,3,0.5,uniform,1.0,0.05268576014232893,0.002775789321775016,ok
real_vs_real,original,295000,296000,6645,0,3,0.5,uniform,1.0,0.0525920758729078,0.0027659264446216903,ok
real_vs_real,original,296000,297000,6774,0,3,0.5,uniform,1.0,0.05229767686086968,0.002735047005043944,ok
real_vs_real,original,297000,298000,6427,0,3,0.5,uniform,1.0,0.052407075218880786,0.002746501532997429,ok
real_vs_real,original,298000,299000,6400,0,3,0.5,uniform,1.0,0.05201650226529161,0.0027057165079150867,ok
real_vs_real,original,299000,300000,6198,0,3,0.5,uniform,1.0,0.05241281689710816,0.002747103375089787,ok
real_vs_real,original,300000,301000,6282,0,3,0.5,uniform,1.0,0.05177333335132428,0.002680478046307347,ok
real_vs_real,original,301000,302000,6130,0,3,0.5,uniform,1.0,0.051865766646251386,0.002690057749803403,ok
real_vs_real,original,302000,303000,6074,0,3,0.5,uniform,1.0,0.05229821971540659,0.0027351037854009426,ok
real_vs_real,original,303000,304000,6031,0,3,0.5,uniform,1.0,0.05194272383037378,0.00269804655891848,ok
real_vs_real,original,304000,305000,6144,0,3,0.5,uniform,1.0,0.05167371589683687,0.0026701729145870113,ok
real_vs_real,original,305000,306000,6029,0,3,0.5,uniform,1.0,0.05170607634913294,0.002673518331422365,ok
real_vs_real,original,306000,307000,6074,0,3,0.5,uniform,1.0,0.0513323773954956,0.0026350129690735874,ok
real_vs_real,original,307000,308000,5977,0,3,0.5,uniform,1.0,0.050880995689112224,0.002588875722315457,ok
real_vs_real,original,308000,309000,5989,0,3,0.5,uniform,1.0,0.05070421735652908,0.002570917657738145,ok
real_vs_real,original,309000,310000,5645,0,3,0.5,uniform,1.0,0.050261445023752044,0.002526212855875649,ok
real_vs_real,original,310000,311000,5977,0,3,0.5,uniform,1.0,0.0486264375381412,0.0023645304276507474,ok
real_vs_real,original,311000,312000,5593,0,3,0.5,uniform,1.0,0.047444690245732925,0.0022509986325135447,ok
real_vs_real,original,312000,313000,5588,0,3,0.5,uniform,1.0,0.044750987949761,0.0020026509224796538,ok
real_vs_real,original,313000,314000,5654,0,3,0.5,uniform,1.0,0.04077667365477825,0.001662737114348287,ok
real_vs_real,original,314000,315000,5580,0,3,0.5,uniform,1.0,0.03648304627735817,0.0013310126656758577,ok
real_vs_real,original,315000,316000,5342,0,3,0.5,uniform,1.0,0.03136904383816372,0.0009840169113206373,ok
real_vs_real,original,316000,317000,5359,0,3,0.5,uniform,1.0,0.030406423166018416,0.0009245505697509813,ok
real_vs_real,original,317000,318000,5239,0,3,0.5,uniform,1.0,0.03419936989021286,0.0011695969008875982,ok
real_vs_real,original,318000,319000,4902,0,3,0.5,uniform,1.0,0.04102285440608264,0.0016828745836226537,ok
real_vs_real,original,319000,320000,4778,0,3,0.5,uniform,1.0,0.046051808752394036,0.002120769089367076,ok
real_vs_real,original,320000,321000,4270,0,3,0.5,uniform,1.0,0.051011582668423844,0.00260218156633744,ok
real_vs_real,original,321000,322000,4051,0,3,0.5,uniform,1.0,0.05246337873713102,0.002752406108515651,ok
real_vs_real,original,322000,323000,3903,0,3,0.5,uniform,1.0,0.05451596316910573,0.002971990240255292,ok
real_vs_real,original,323000,324000,3776,0,3,0.5,uniform,1.0,0.055667567531971655,0.0030988780749266246,ok
real_vs_real,original,324000,325000,3741,0,3,0.5,uniform,1.0,0.0558112850243045,0.0031148995360641557,ok
real_vs_real,original,325000,326000,3723,0,3,0.5,uniform,1.0,0.05675652805668125,0.0032213034770488458,ok
real_vs_real,original,326000,327000,3711,0,3,0.5,uniform,1.0,0.05563080742194494,0.0030947867344175246,ok
real_vs_real,original,327000,328000,3782,0,3,0.5,uniform,1.0,0.05690203392211677,0.0032378414644737277,ok
real_vs_real,original,328000,329000,3604,0,3,0.5,uniform,1.0,0.0591048101567675,0.003493378583667527,ok
real_vs_real,original,329000,330000,3766,0,3,0.5,uniform,1.0,0.05793533248706307,0.003356502750386546,ok
real_vs_real,original,330000,331000,3710,0,3,0.5,uniform,1.0,0.058834849296738434,0.003461539491769923,ok
real_vs_real,original,331000,332000,3606,0,3,0.5,uniform,1.0,0.05929262505337284,0.003515615385719857,ok
real_vs_real,original,332000,333000,3631,0,3,0.5,uniform,1.0,0.057727558394533696,0.0033324709981942978,ok
real_vs_real,original,333000,334000,3646,0,3,0.5,uniform,1.0,0.05892740892126601,0.003472439522174101,ok
real_vs_real,original,334000,335000,3836,0,3,0.5,uniform,1.0,0.057487348304391284,0.003304795215070399,ok
real_vs_real,original,335000,336000,4264,0,3,0.5,uniform,1.0,0.05635409309854708,0.003175783808959712,ok
real_vs_real,original,336000,337000,4649,0,3,0.5,uniform,1.0,0.05597459163822339,0.0031331549090658673,ok
real_vs_real,original,337000,338000,4741,0,3,0.5,uniform,1.0,0.056016274915287795,0.0031378230553851007,ok
real_vs_real,original,338000,339000,5068,0,3,0.5,uniform,1.0,0.055001866065921286,0.0030252052707335432,ok
real_vs_real,original,339000,340000,5303,0,3,0.5,uniform,1.0,0.05397610598970162,0.002913420017811503,ok
real_vs_real,original,340000,341000,5478,0,3,0.5,uniform,1.0,0.0535758562675654,0.0028703723748028263,ok
real_vs_real,original,341000,342000,5600,0,3,0.5,uniform,1.0,0.05316329403415268,0.002826335832561774,ok
real_vs_real,original,342000,343000,5913,0,3,0.5,uniform,1.0,0.05245442891679588,0.0027514671129871917,ok
real_vs_real,original,343000,344000,6072,0,3,0.5,uniform,1.0,0.052200603418943614,0.002724902997301828,ok
real_vs_real,original,344000,345000,6111,0,3,0.5,uniform,1.0,0.05263251097218304,0.002770181211236968,ok
real_vs_real,original,345000,346000,6130,0,3,0.5,uniform,1.0,0.052239531007983946,0.002728968599934116,ok
real_vs_real,original,346000,347000,6252,0,3,0.5,uniform,1.0,0.052242459078172244,0.0027292745305345016,ok
real_vs_real,original,347000,348000,6278,0,3,0.5,uniform,1.0,0.05194086972239252,0.0026978539475185524,ok
real_vs_real,original,348000,349000,6355,0,3,0.5,uniform,1.0,0.05172885757328664,0.0026758747058373746,ok
real_vs_real,original,349000,350000,6555,0,3,0.5,uniform,1.0,0.05167185259506062,0.0026699803506056736,ok
real_vs_real,original,350000,351000,6866,0,3,0.5,uniform,1.0,0.05173145358184976,0.002676143289691076,ok
real_vs_real,original,351000,352000,7252,0,3,0.5,uniform,1.0,0.0515971154763099,0.002662262325475659,ok
real_vs_real,original,352000,353000,7442,0,3,0.5,uniform,1.0,0.05151254241137613,0.0026535420256838245,ok
real_vs_real,original,353000,354000,7223,0,3,0.5,uniform,1.0,0.0520307004573419,0.0027071937900816387,ok
real_vs_real,original,354000,355000,7552,0,3,0.5,uniform,1.0,0.05149129769757107,0.0026513537385798877,ok
real_vs_real,original,355000,356000,7539,0,3,0.5,uniform,1.0,0.05160956652968674,0.002663547357382162,ok
real_vs_real,original,356000,357000,7576,0,3,0.5,uniform,1.0,0.051822973520525555,0.0026856205845090927,ok
real_vs_real,original,357000,358000,7718,0,3,0.5,uniform,1.0,0.05181234399414747,0.002684518990167869,ok
real_vs_real,original,358000,359000,7968,0,3,0.5,uniform,1.0,0.05118475461114668,0.0026198791046033016,ok
real_vs_real,original,359000,360000,7787,0,3,0.5,uniform,1.0,0.051490070525923144,0.0026512273627645393,ok
real_vs_real,original,360000,361000,7962,0,3,0.5,uniform,1.0,0.05134138629351361,0.0026359379465397876,ok
real_vs_real,original,361000,362000,7825,0,3,0.5,uniform,1.0,0.0518029593481218,0.0026835465972231596,ok
real_vs_real,original,362000,363000,7903,0,3,0.5,uniform,1.0,0.05150816268912352,0.002653090823609216,ok
real_vs_real,original,363000,364000,7898,0,3,0.5,uniform,1.0,0.05159699462134416,0.0026622498539550176,ok
real_vs_real,original,364000,365000,7695,0,3,0.5,uniform,1.0,0.05184052275912409,0.0026874397999392626,ok
real_vs_real,original,365000,366000,7659,0,3,0.5,uniform,1.0,0.05199929047062977,0.0027039262094489275,ok
real_vs_real,original,366000,367000,7571,0,3,0.5,uniform,1.0,0.05222404954942368,0.0027273513513406595,ok
real_vs_real,original,367000,368000,7652,0,3,0.5,uniform,1.0,0.05178365347676204,0.002681546767401369,ok
real_vs_real,original,368000,369000,7611,0,3,0.5,uniform,1.0,0.05167728687526858,0.0026705419787888063,ok
real_vs_real,original,369000,370000,7501,0,3,0.5,uniform,1.0,0.0523004049345004,0.002735332356312714,ok
real_vs_real,original,370000,371000,7473,0,3,0.5,uniform,1.0,0.052097001336308804,0.002714097548235361,ok
real_vs_real,original,371000,372000,7384,0,3,0.5,uniform,1.0,0.052392681986900363,0.0027449931257804735,ok
real_vs_real,original,372000,373000,7259,0,3,0.5,uniform,1.0,0.052471271740389853,0.0027532343580538346,ok
real_vs_real,original,373000,374000,7147,0,3,0.5,uniform,1.0,0.05274991607143543,0.0027825536455434816,ok
real_vs_real,original,374000,375000,7157,0,3,0.5,uniform,1.0,0.05263874601040483,0.0027708375815479105,ok
real_vs_real,original,375000,376000,7157,0,3,0.5,uniform,1.0,0.052420755571588686,0.0027479356146962466,ok
real_vs_real,original,376000,377000,7000,0,3,0.5,uniform,1.0,0.052854423953418626,0.002793590131447713,ok
real_vs_real,original,377000,378000,6832,0,3,0.5,uniform,1.0,0.053611600679059034,0.002874203727370883,ok
real_vs_real,original,378000,379000,7072,0,3,0.5,uniform,1.0,0.05292566640322284,0.0028011261642252308,ok
real_vs_real,original,379000,380000,6800,0,3,0.5,uniform,1.0,0.05346269321674165,0.0028582595659874337,ok
real_vs_real,original,380000,381000,6896,0,3,0.5,uniform,1.0,0.053351110710859066,0.002846341014082341,ok
real_vs_real,original,381000,382000,6649,0,3,0.5,uniform,1.0,0.05380606191630808,0.0028950922989415787,ok
real_vs_real,original,382000,383000,6663,0,3,0.5,uniform,1.0,0.053593100031865105,0.0028722203710255,ok
real_vs_real,original,383000,384000,6635,0,3,0.5,uniform,1.0,0.05360710813739338,0.002873722042854188,ok
real_vs_real,original,384000,385000,6666,0,3,0.5,uniform,1.0,0.05339714443099152,0.002851255033384169,ok
real_vs_real,original,385000,386000,6700,0,3,0.5,uniform,1.0,0.05364156539423271,0.0028774175379437444,ok
real_vs_real,original,386000,387000,6783,0,3,0.5,uniform,1.0,0.053885818594922336,0.0029036814456448777,ok
real_vs_real,original,387000,388000,6810,0,3,0.5,uniform,1.0,0.053653330671849846,0.0028786798921828635,ok
real_vs_real,original,388000,389000,6854,0,3,0.5,uniform,1.0,0.0537619367169183,0.0028903458395539276,ok
real_vs_real,original,389000,390000,6681,0,3,0.5,uniform,1.0,0.05355334585191715,0.0028679608519350517,ok
real_vs_real,original,390000,391000,6615,0,3,0.5,uniform,1.0,0.053647765591135134,0.002878082752921383,ok
real_vs_real,original,391000,392000,6702,0,3,0.5,uniform,1.0,0.05361447156416276,0.0028745115611044174,ok
real_vs_real,original,392000,393000,6590,0,3,0.5,uniform,1.0,0.05343952750243699,0.002855783099683719,ok
real_vs_real,original,393000,394000,6706,0,3,0.5,uniform,1.0,0.05334285845540142,0.0028454605481929903,ok
real_vs_real,original,394000,395000,6834,0,3,0.5,uniform,1.0,0.05359044507720958,0.0028719358035734165,ok
real_vs_real,original,395000,396000,6688,0,3,0.5,uniform,1.0,0.05313589238538464,0.002823423059591177,ok
real_vs_real,original,396000,397000,6751,0,3,0.5,uniform,1.0,0.05266560610986194,0.0027736660669191275,ok
real_vs_real,original,397000,398000,6834,0,3,0.5,uniform,1.0,0.05265740821571507,0.002772802639996457,ok
real_vs_real,original,398000,399000,6528,0,3,0.5,uniform,1.0,0.052733153040895486,0.002780785429634505,ok
real_vs_real,original,399000,400000,6359,0,3,0.5,uniform,1.0,0.05308988204838342,0.0028185355759112645,ok
real_vs_real,original,400000,401000,6347,0,3,0.5,uniform,1.0,0.05293213836106536,0.0028018112714749675,ok
real_vs_real,original,401000,402000,6285,0,3,0.5,uniform,1.0,0.05346607491651316,0.0028586211669781978,ok
real_vs_real,original,402000,403000,6407,0,3,0.5,uniform,1.0,0.053119571992843215,0.002821688928702853,ok
real_vs_real,original,403000,404000,6315,0,3,0.5,uniform,1.0,0.053062206765291144,0.0028155977868025094,ok
real_vs_real,original,404000,405000,6311,0,3,0.5,uniform,1.0,0.05292327073903777,0.0028008725857174913,ok
real_vs_real,original,405000,406000,6263,0,3,0.5,uniform,1.0,0.052973684424673574,0.0028062112415249037,ok
real_vs_real,original,406000,407000,6161,0,3,0.5,uniform,1.0,0.052646637708707526,0.0027716684620319055,ok
real_vs_real,original,407000,408000,6014,0,3,0.5,uniform,1.0,0.052799424340257105,0.002787779210662534,ok
real_vs_real,original,408000,409000,5847,0,3,0.5,uniform,1.0,0.053050118144719195,0.002814315035168665,ok
real_vs_real,original,409000,410000,5827,0,3,0.5,uniform,1.0,0.05266133196601396,0.0027732158844347237,ok
real_vs_real,original,410000,411000,5816,0,3,0.5,uniform,1.0,0.05192508291700787,0.0026962142359381424,ok
real_vs_real,original,411000,412000,5879,0,3,0.5,uniform,1.0,0.0504751288131104,0.002547738628700088,ok
real_vs_real,original,412000,413000,5654,0,3,0.5,uniform,1.0,0.04853037551105981,0.0023551973472444743,ok
real_vs_real,original,413000,414000,5587,0,3,0.5,uniform,1.0,0.043921883577978584,0.001929131857037505,ok
real_vs_real,original,414000,415000,5326,0,3,0.5,uniform,1.0,0.03578389956088638,0.0012804874677836042,ok
real_vs_real,original,415000,416000,5102,0,3,0.5,uniform,1.0,0.024863603759531127,0.0006181987919109703,ok
real_vs_real,original,416000,417000,4905,0,3,0.5,uniform,1.0,0.01824375634224444,0.0003328346454751843,ok
real_vs_real,original,417000,418000,4688,0,3,0.5,uniform,1.0,0.026872705537134424,0.0007221423028855351,ok
real_vs_real,original,418000,419000,4389,0,3,0.5,uniform,1.0,0.037648037637835134,0.001417374737979851,ok
real_vs_real,original,419000,420000,4065,0,3,0.5,uniform,1.0,0.042254598375285383,0.00178545108385667,ok
real_vs_real,original,420000,421000,3895,0,3,0.5,uniform,1.0,0.04465827931850863,0.001994361911689936,ok
real_vs_real,original,421000,422000,3682,0,3,0.5,uniform,1.0,0.046286663752167785,0.002142455241306243,ok
real_vs_real,original,422000,423000,3541,0,3,0.5,uniform,1.0,0.04811674854669175,0.0023152214907055627,ok
real_vs_real,original,423000,424000,3443,0,3,0.5,uniform,1.0,0.05002699353042442,0.0025027000816931263,ok
real_vs_real,original,424000,425000,3405,0,3,0.5,uniform,1.0,0.050924075729553736,0.0025932614889093235,ok
real_vs_real,original,425000,426000,3471,0,3,0.5,uniform,1.0,0.05114080788758208,0.0026153822313945774,ok
real_vs_real,original,426000,427000,3470,0,3,0.5,uniform,1.0,0.05088927474277881,0.002589718283846025,ok
real_vs_real,original,427000,428000,3531,0,3,0.5,uniform,1.0,0.050591111412467804,0.00255946055394873,ok
real_vs_real,original,428000,429000,3487,0,3,0.5,uniform,1.0,0.05083100167406919,0.0025837907311892245,ok
real_vs_real,original,429000,430000,3505,0,3,0.5,uniform,1.0,0.05141097247491168,0.0026430880908161264,ok
real_vs_real,original,430000,431000,3697,0,3,0.5,uniform,1.0,0.05111427014184751,0.002612668612133764,ok
real_vs_real,original,431000,432000,3544,0,3,0.5,uniform,1.0,0.05195263839403766,0.0026990766361016357,ok
real_vs_real,original,432000,433000,3446,0,3,0.5,uniform,1.0,0.05273356238011876,0.002780828601297877,ok
real_vs_real,original,433000,434000,3442,0,3,0.5,uniform,1.0,0.05247712971797457,0.0027538491434371303,ok
real_vs_real,original,434000,435000,3642,0,3,0.5,uniform,1.0,0.052644628801187886,0.002771456941614861,ok
real_vs_real,original,435000,436000,4114,0,3,0.5,uniform,1.0,0.05499489187727494,0.0030244381325931612,ok
real_vs_real,original,436000,437000,5296,0,3,0.5,uniform,1.0,0.055168956904894116,0.0030436138059740645,ok
real_vs_real,original,437000,438000,5541,0,3,0.5,uniform,1.0,0.05540160336082129,0.003069337654949765,ok
real_vs_real,original,438000,439000,5919,0,3,0.5,uniform,1.0,0.05473727124284004,0.002996168863112243,ok
real_vs_real,original,439000,440000,6105,0,3,0.5,uniform,1.0,0.05427419162685652,0.002945687876748742,ok
real_vs_real,original,440000,441000,5992,0,3,0.5,uniform,1.0,0.05456612613551628,0.002977462121437073,ok
real_vs_real,original,441000,442000,6165,0,3,0.5,uniform,1.0,0.05452321675458372,0.0029727811652673192,ok
real_vs_real,original,442000,443000,6188,0,3,0.5,uniform,1.0,0.05455271575619877,0.002975998796376618,ok
real_vs_real,original,443000,444000,6266,0,3,0.5,uniform,1.0,0.05497416830455349,0.003022159180777374,ok
real_vs_real,original,444000,445000,6487,0,3,0.5,uniform,1.0,0.05485336122732882,0.003008891237935821,ok
real_vs_real,original,445000,446000,6520,0,3,0.5,uniform,1.0,0.054539132570372205,0.0029745169815286344,ok
real_vs_real,original,446000,447000,6538,0,3,0.5,uniform,1.0,0.05506778655985562,0.0030324611166018156,ok
real_vs_real,original,447000,448000,6623,0,3,0.5,uniform,1.0,0.054372411417012136,0.0029563591233008318,ok
real_vs_real,original,448000,449000,6355,0,3,0.5,uniform,1.0,0.05487265279598836,0.0030110080248690893,ok
real_vs_real,original,449000,450000,6373,0,3,0.5,uniform,1.0,0.055105113138066986,0.0030365734939591625,ok
real_vs_real,original,450000,451000,6544,0,3,0.5,uniform,1.0,0.054554159299160396,0.002976156296838169,ok
real_vs_real,original,451000,452000,6580,0,3,0.5,uniform,1.0,0.05455474350227075,0.002976220038598552,ok
real_vs_real,original,452000,453000,6899,0,3,0.5,uniform,1.0,0.0543310019102278,0.0029518577685691766,ok
real_vs_real,original,453000,454000,7011,0,3,0.5,uniform,1.0,0.05389096198413612,0.002904235783575605,ok
real_vs_real,original,454000,455000,7050,0,3,0.5,uniform,1.0,0.053630677107804996,0.002876249527041639,ok
real_vs_real,original,455000,456000,7200,0,3,0.5,uniform,1.0,0.05345437598364036,0.0028573703118003877,ok
real_vs_real,original,456000,457000,7153,0,3,0.5,uniform,1.0,0.053508591056381845,0.002863169316839107,ok
real_vs_real,original,457000,458000,7263,0,3,0.5,uniform,1.0,0.05351089930199066,0.002863416344107785,ok
real_vs_real,original,458000,459000,7426,0,3,0.5,uniform,1.0,0.05336898697793972,0.0028482487710514994,ok
real_vs_real,original,459000,460000,7221,0,3,0.5,uniform,1.0,0.05323331114737425,0.0028337854157131598,ok
real_vs_real,original,460000,461000,7313,0,3,0.5,uniform,1.0,0.053020417284273424,0.00281116464899848,ok
real_vs_real,original,461000,462000,7492,0,3,0.5,uniform,1.0,0.052720779686883885,0.0027794806107929487,ok
real_vs_real,original,462000,463000,7444,0,3,0.5,uniform,1.0,0.0525918430560374,0.00276590195603087,ok
real_vs_real,original,463000,464000,7370,0,3,0.5,uniform,1.0,0.05254093000978375,0.0027605493262929945,ok
real_vs_real,original,464000,465000,7437,0,3,0.5,uniform,1.0,0.05231749087137563,0.002737119851076473,ok
real_vs_real,original,465000,466000,7342,0,3,0.5,uniform,1.0,0.05247287101722634,0.0027534021927904722,ok
real_vs_real,original,466000,467000,7383,0,3,0.5,uniform,1.0,0.05254725378712323,0.0027612138805683368,ok
real_vs_real,original,467000,468000,7368,0,3,0.5,uniform,1.0,0.052270785866754224,0.002732235055128073,ok
real_vs_real,original,468000,469000,7210,0,3,0.5,uniform,1.0,0.05241449731806348,0.0027472795291052844,ok
real_vs_real,original,469000,470000,7301,0,3,0.5,uniform,1.0,0.05218491215622192,0.002723265056752598,ok
real_vs_real,original,470000,471000,7193,0,3,0.5,uniform,1.0,0.052187115916105066,0.0027234950676409864,ok
real_vs_real,original,471000,472000,6946,0,3,0.5,uniform,1.0,0.052138864646230534,0.0027184612065979485,ok
real_vs_real,original,472000,473000,6978,0,3,0.5,uniform,1.0,0.05193836598668441,0.002697593861366776,ok
real_vs_real,original,473000,474000,6668,0,3,0.5,uniform,1.0,0.05230299446670251,0.0027356032301839132,ok
real_vs_real,original,474000,475000,6667,0,3,0.5,uniform,1.0,0.0521118021315018,0.002715639921392796,ok
real_vs_real,original,475000,476000,6638,0,3,0.5,uniform,1.0,0.052173175933974004,0.002722040287037404,ok
real_vs_real,original,476000,477000,6406,0,3,0.5,uniform,1.0,0.052539155692138975,0.0027603628808428194,ok
real_vs_real,original,477000,478000,6484,0,3,0.5,uniform,1.0,0.052319583075485274,0.002737338773192605,ok
real_vs_real,original,478000,479000,6414,0,3,0.5,uniform,1.0,0.05250151089918974,0.002756408646697739,ok
real_vs_real,original,479000,480000,6414,0,3,0.5,uniform,1.0,0.052286167196046715,0.002733843280052952,ok
real_vs_real,original,480000,481000,6442,0,3,0.5,uniform,1.0,0.0525464162608706,0.0027611258618606867,ok
real_vs_real,original,481000,482000,6392,0,3,0.5,uniform,1.0,0.052440256231911106,0.0027499804736684915,ok
real_vs_real,original,482000,483000,6199,0,3,0.5,uniform,1.0,0.05267662914763388,0.0027748272583573512,ok
real_vs_real,original,483000,484000,6354,0,3,0.5,uniform,1.0,0.05246116948284982,0.0027521743035082927,ok
real_vs_real,original,484000,485000,6335,0,3,0.5,uniform,1.0,0.052385166198814455,0.0027442056376774126,ok
real_vs_real,original,485000,486000,6455,0,3,0.5,uniform,1.0,0.052510559804220994,0.00275735889095267,ok
real_vs_real,original,486000,487000,6529,0,3,0.5,uniform,1.0,0.05260787334214625,0.0027675883375833017,ok
real_vs_real,original,487000,488000,6548,0,3,0.5,uniform,1.0,0.052437896100628656,0.002749732947460326,ok
real_vs_real,original,488000,489000,6553,0,3,0.5,uniform,1.0,0.052846082154771996,0.002792708399108911,ok
real_vs_real,original,489000,490000,6645,0,3,0.5,uniform,1.0,0.052481143129859256,0.0027542703842167735,ok
real_vs_real,original,490000,491000,6520,0,3,0.5,uniform,1.0,0.05269710175976368,0.002776984533878888,ok
real_vs_real,original,491000,492000,6540,0,3,0.5,uniform,1.0,0.05283908662450589,0.0027919690753120375,ok
real_vs_real,original,492000,493000,6666,0,3,0.5,uniform,1.0,0.05249266960643489,0.002755480362410333,ok
real_vs_real,original,493000,494000,6675,0,3,0.5,uniform,1.0,0.052597998837939725,0.0027665494817559083,ok
real_vs_real,original,494000,495000,6610,0,3,0.5,uniform,1.0,0.05284598279298788,0.0027926978973567716,ok
real_vs_real,original,495000,496000,6702,0,3,0.5,uniform,1.0,0.0525640239158593,0.002762976610227028,ok
real_vs_real,original,496000,497000,6672,0,3,0.5,uniform,1.0,0.052570659960352005,0.0027636742886669578,ok
real_vs_real,original,497000,498000,6714,0,3,0.5,uniform,1.0,0.05226236626358398,0.002731354927469001,ok
real_vs_real,original,498000,499000,6440,0,3,0.5,uniform,1.0,0.05246743727392621,0.002752831974093381,ok
real_vs_real,original,499000,500000,6417,0,3,0.5,uniform,1.0,0.051955704711577615,0.002699395252076648,ok
real_vs_real,original,500000,501000,6258,0,3,0.5,uniform,1.0,0.05217262199455396,0.002721982485786616,ok
real_vs_real,original,501000,502000,6265,0,3,0.5,uniform,1.0,0.05188493322275071,0.0026920462955293,ok
real_vs_real,original,502000,503000,6156,0,3,0.5,uniform,1.0,0.05226255657798586,0.002731374820067173,ok
real_vs_real,original,503000,504000,6191,0,3,0.5,uniform,1.0,0.05176267936683051,0.0026793749752333012,ok
real_vs_real,original,504000,505000,6219,0,3,0.5,uniform,1.0,0.05161054158243703,0.002663648002432462,ok
real_vs_real,original,505000,506000,6202,0,3,0.5,uniform,1.0,0.051533276634243244,0.002655678600661441,ok
real_vs_real,original,506000,507000,6146,0,3,0.5,uniform,1.0,0.05141872394845884,0.0026438851724878143,ok
real_vs_real,original,507000,508000,6102,0,3,0.5,uniform,1.0,0.05097632547324788,0.0025985857587545007,ok
real_vs_real,original,508000,509000,5943,0,3,0.5,uniform,1.0,0.05072068755801494,0.0025725881463577716,ok
real_vs_real,original,509000,510000,5986,0,3,0.5,uniform,1.0,0.0500845832361219,0.0025084654779360233,ok
real_vs_real,original,510000,511000,5981,0,3,0.5,uniform,1.0,0.04903845307067502,0.0024047698795647957,ok
real_vs_real,original,511000,512000,5818,0,3,0.5,uniform,1.0,0.04761210809639442,0.002266912837382747,ok
real_vs_real,original,512000,513000,5892,0,3,0.5,uniform,1.0,0.04525320692981053,0.0020478527374322517,ok
real_vs_real,original,513000,514000,5579,0,3,0.5,uniform,1.0,0.042682528681650386,0.0018217982546599077,ok
real_vs_real,original,514000,515000,5672,0,3,0.5,uniform,1.0,0.03834549866819826,0.0014703772681127943,ok
real_vs_real,original,515000,516000,5557,0,3,0.5,uniform,1.0,0.03351627014575904,0.0011233403644834985,ok
real_vs_real,original,516000,517000,5526,0,3,0.5,uniform,1.0,0.030660799715888913,0.0009400846392178537,ok
real_vs_real,original,517000,518000,5343,0,3,0.5,uniform,1.0,0.03275982095341717,0.0010732058688999503,ok
real_vs_real,original,518000,519000,5193,0,3,0.5,uniform,1.0,0.038464120232937056,0.0014794885452938376,ok
real_vs_real,original,519000,520000,4972,0,3,0.5,uniform,1.0,0.04374696687726097,0.0019137971109601682,ok
real_vs_real,original,520000,521000,4563,0,3,0.5,uniform,1.0,0.048452751291808094,0.002347669107745811,ok
real_vs_real,original,521000,522000,4246,0,3,0.5,uniform,1.0,0.051275513688408256,0.0026291783040101424,ok
real_vs_real,original,522000,523000,4042,0,3,0.5,uniform,1.0,0.05298895653781374,0.002807829514966314,ok
real_vs_real,original,523000,524000,3838,0,3,0.5,uniform,1.0,0.054231216302317024,0.0029410248216286956,ok
real_vs_real,original,524000,525000,3956,0,3,0.5,uniform,1.0,0.054130662271961956,0.0029301285980012056,ok
real_vs_real,original,525000,526000,3802,0,3,0.5,uniform,1.0,0.05578016774772647,0.003111427113964504,ok
real_vs_real,original,526000,527000,3863,0,3,0.5,uniform,1.0,0.054682231002856824,0.0029901463874497957,ok
real_vs_real,original,527000,528000,3821,0,3,0.5,uniform,1.0,0.05612056311781225,0.003149517604660349,ok
real_vs_real,original,528000,529000,3855,0,3,0.5,uniform,1.0,0.05673674668438677,0.0032190584243282725,ok
real_vs_real,original,529000,530000,3766,0,3,0.5,uniform,1.0,0.05806387680256678,0.0033714137893436527,ok
real_vs_real,original,530000,531000,3762,0,3,0.5,uniform,1.0,0.058798092126232965,0.003457215637684979,ok
real_vs_real,original,531000,532000,3715,0,3,0.5,uniform,1.0,0.058409006898517725,0.0034116120868710915,ok
real_vs_real,original,532000,533000,3727,0,3,0.5,uniform,1.0,0.05749864027774683,0.00330609363378973,ok
real_vs_real,original,533000,534000,3795,0,3,0.5,uniform,1.0,0.05722060235768035,0.0032741973341757747,ok
real_vs_real,original,534000,535000,3754,0,3,0.5,uniform,1.0,0.05816293496538652,0.003382927003787782,ok
real_vs_real,original,535000,536000,4264,0,3,0.5,uniform,1.0,0.05609208861952062,0.003146322405700155,ok
real_vs_real,original,536000,537000,4492,0,3,0.5,uniform,1.0,0.05612607751562706,0.003150136577290177,ok
real_vs_real,original,537000,538000,4783,0,3,0.5,uniform,1.0,0.055685140140720464,0.0031008348324916774,ok
real_vs_real,original,538000,539000,5080,0,3,0.5,uniform,1.0,0.05494753428506628,0.0030192315240085347,ok
real_vs_real,original,539000,540000,5299,0,3,0.5,uniform,1.0,0.05419816878513627,0.00293744149966212,ok
real_vs_real,original,540000,541000,5477,0,3,0.5,uniform,1.0,0.053417713743057385,0.002853452141535222,ok
real_vs_real,original,541000,542000,5632,0,3,0.5,uniform,1.0,0.05325238606989874,0.002835816622137545,ok
real_vs_real,original,542000,543000,5975,0,3,0.5,uniform,1.0,0.05237988678379243,0.002743652539482913,ok
real_vs_real,original,543000,544000,6072,0,3,0.5,uniform,1.0,0.052115711211771096,0.0027160473551087238,ok
real_vs_real,original,544000,545000,6055,0,3,0.5,uniform,1.0,0.05254587260311053,0.0027610687276223215,ok
real_vs_real,original,545000,546000,6160,0,3,0.5,uniform,1.0,0.05223866264613579,0.0027288778750567825,ok
real_vs_real,original,546000,547000,6280,0,3,0.5,uniform,1.0,0.05210380657868874,0.002714806659989408,ok
real_vs_real,original,547000,548000,6346,0,3,0.5,uniform,1.0,0.05182401566308718,0.0026857285994479055,ok
real_vs_real,original,548000,549000,6219,0,3,0.5,uniform,1.0,0.05196271518524954,0.0027001237694233627,ok
real_vs_real,original,549000,550000,6656,0,3,0.5,uniform,1.0,0.051280817363278546,0.0026297222294459307,ok
real_vs_real,original,550000,551000,6928,0,3,0.5,uniform,1.0,0.05161261634362449,0.0026638621658341736,ok
real_vs_real,original,551000,552000,7275,0,3,0.5,uniform,1.0,0.05144021675980048,0.0026460959002952583,ok
real_vs_real,original,552000,553000,7382,0,3,0.5,uniform,1.0,0.05136248950240957,0.0026381053278851335,ok
real_vs_real,original,553000,554000,7382,0,3,0.5,uniform,1.0,0.05191510734575124,0.002695178370720875,ok
real_vs_real,original,554000,555000,7528,0,3,0.5,uniform,1.0,0.05138370708454848,0.0026402853537506777,ok
real_vs_real,original,555000,556000,7566,0,3,0.5,uniform,1.0,0.05147954830724448,0.0026501438939179178,ok
real_vs_real,original,556000,557000,7721,0,3,0.5,uniform,1.0,0.05145490910990539,0.0026476076715086245,ok
real_vs_real,original,557000,558000,7706,0,3,0.5,uniform,1.0,0.05173365799839546,0.0026763713698949466,ok
real_vs_real,original,558000,559000,7814,0,3,0.5,uniform,1.0,0.05162438767414099,0.0026650774027299996,ok
real_vs_real,original,559000,560000,7955,0,3,0.5,uniform,1.0,0.05133270939997618,0.0026350470543424027,ok
real_vs_real,original,560000,561000,7714,0,3,0.5,uniform,1.0,0.05182365354717247,0.002685691066977362,ok
real_vs_real,original,561000,562000,7885,0,3,0.5,uniform,1.0,0.05180519068146715,0.002683777781543171,ok
real_vs_real,original,562000,563000,7867,0,3,0.5,uniform,1.0,0.051680923369825806,0.0026709178403578073,ok
real_vs_real,original,563000,564000,7866,0,3,0.5,uniform,1.0,0.05174082463148385,0.002677112933545966,ok
real_vs_real,original,564000,565000,7703,0,3,0.5,uniform,1.0,0.05175493654101871,0.0026785734563648735,ok
real_vs_real,original,565000,566000,7552,0,3,0.5,uniform,1.0,0.05222408508938395,0.002727355063423215,ok
real_vs_real,original,566000,567000,7585,0,3,0.5,uniform,1.0,0.052208685140179865,0.002725746804066438,ok
real_vs_real,original,567000,568000,7596,0,3,0.5,uniform,1.0,0.052032732129269295,0.0027074052128362933,ok
real_vs_real,original,568000,569000,7397,0,3,0.5,uniform,1.0,0.05234507362417411,0.002740006732720208,ok
real_vs_real,original,569000,570000,7549,0,3,0.5,uniform,1.0,0.05226661069509357,0.0027317985935524695,ok
real_vs_real,original,570000,571000,7412,0,3,0.5,uniform,1.0,0.05227151852225839,0.002732311648622802,ok
real_vs_real,original,571000,572000,7441,0,3,0.5,uniform,1.0,0.052274912556346864,0.0027326664827737107,ok
real_vs_real,original,572000,573000,7287,0,3,0.5,uniform,1.0,0.05254466975650989,0.0027609423198206853,ok
real_vs_real,original,573000,574000,7135,0,3,0.5,uniform,1.0,0.0528558903460287,0.0027937451442714097,ok
real_vs_real,original,574000,575000,7103,0,3,0.5,uniform,1.0,0.05274949028955519,0.002782508725807877,ok
real_vs_real,original,575000,576000,7026,0,3,0.5,uniform,1.0,0.05290024248888221,0.0027984356553825388,ok
real_vs_real,original,576000,577000,6908,0,3,0.5,uniform,1.0,0.05327317736804432,0.00283803142688711,ok
real_vs_real,original,577000,578000,6998,0,3,0.5,uniform,1.0,0.05317196959115771,0.0028272583502030007,ok
real_vs_real,original,578000,579000,6906,0,3,0.5,uniform,1.0,0.053562389235905734,0.0028689295406586707,ok
real_vs_real,original,579000,580000,6831,0,3,0.5,uniform,1.0,0.05355001558849118,0.0028676041695276486,ok
real_vs_real,original,580000,581000,6789,0,3,0.5,uniform,1.0,0.05388024363465488,0.002903080654129768,ok
real_vs_real,original,581000,582000,6572,0,3,0.5,uniform,1.0,0.05416813547490276,0.002934186900827419,ok
real_vs_real,original,582000,583000,6534,0,3,0.5,uniform,1.0,0.0541896650941097,0.0029365198030117706,ok
real_vs_real,original,583000,584000,6547,0,3,0.5,uniform,1.0,0.05402856073735817,0.0029190853753504006,ok
real_vs_real,original,584000,585000,6555,0,3,0.5,uniform,1.0,0.05379433017543645,0.002893829959023873,ok
real_vs_real,original,585000,586000,6739,0,3,0.5,uniform,1.0,0.053836415843968415,0.0028983596709246935,ok
real_vs_real,original,586000,587000,6681,0,3,0.5,uniform,1.0,0.05409464632553763,0.0029262307610850016,ok
real_vs_real,original,587000,588000,6817,0,3,0.5,uniform,1.0,0.05379834939967752,0.0028942623981297825,ok
real_vs_real,original,588000,589000,6721,0,3,0.5,uniform,1.0,0.054071703799840325,0.0029237491518176663,ok
real_vs_real,original,589000,590000,6632,0,3,0.5,uniform,1.0,0.05380898306987933,0.0028954066590145605,ok
real_vs_real,original,590000,591000,6486,0,3,0.5,uniform,1.0,0.05414305279302625,0.002931470165748428,ok
real_vs_real,original,591000,592000,6583,0,3,0.5,uniform,1.0,0.05390274553883947,0.002905505976624878,ok
real_vs_real,original,592000,593000,6682,0,3,0.5,uniform,1.0,0.053515877534817485,0.002863949148321583,ok
real_vs_real,original,593000,594000,6656,0,3,0.5,uniform,1.0,0.053608617665921135,0.0028738838880509117,ok
real_vs_real,original,594000,595000,6850,0,3,0.5,uniform,1.0,0.053518337607086526,0.002864212460226092,ok
real_vs_real,original,595000,596000,6732,0,3,0.5,uniform,1.0,0.053252187551710316,0.0028357954790425312,ok
real_vs_real,original,596000,597000,6844,0,3,0.5,uniform,1.0,0.052951761529898334,0.0028038890491192212,ok
real_vs_real,original,597000,598000,6785,0,3,0.5,uniform,1.0,0.052918532473329,0.002800371079130776,ok
real_vs_real,original,598000,599000,6509,0,3,0.5,uniform,1.0,0.05293523365519392,0.002802138962129975,ok
real_vs_real,original,599000,600000,6346,0,3,0.5,uniform,1.0,0.05338675857603209,0.002850145991255536,ok
real_vs_real,original,600000,601000,6301,0,3,0.5,uniform,1.0,0.05349986040835044,0.002862235063712983,ok
real_vs_real,original,601000,602000,6323,0,3,0.5,uniform,1.0,0.053120293874670176,0.0028217656213313214,ok
real_vs_real,original,602000,603000,6358,0,3,0.5,uniform,1.0,0.05342384151400375,0.0028541068421133907,ok
real_vs_real,original,603000,604000,6372,0,3,0.5,uniform,1.0,0.05326837328427517,0.0028375195923528804,ok
real_vs_real,original,604000,605000,6187,0,3,0.5,uniform,1.0,0.053314747610171305,0.0028424623127362666,ok
real_vs_real,original,605000,606000,6370,0,3,0.5,uniform,1.0,0.0530375634875785,0.00281298314069892,ok
real_vs_real,original,606000,607000,6235,0,3,0.5,uniform,1.0,0.0528947817343169,0.002797857934721025,ok
real_vs_real,original,607000,608000,5912,0,3,0.5,uniform,1.0,0.05335111211542936,0.0028463411639531133,ok
real_vs_real,original,608000,609000,5850,0,3,0.5,uniform,1.0,0.05338847547497997,0.002850329313542538,ok
real_vs_real,original,609000,610000,5816,0,3,0.5,uniform,1.0,0.05301299032991328,0.002810377143719479,ok
real_vs_real,original,610000,611000,5777,0,3,0.5,uniform,1.0,0.05265322046649191,0.002772361625493002,ok
real_vs_real,original,611000,612000,5893,0,3,0.5,uniform,1.0,0.05130355598903032,0.0026320548571195685,ok
real_vs_real,original,612000,613000,5642,0,3,0.5,uniform,1.0,0.04935037092386248,0.0024354591103228113,ok
real_vs_real,original,613000,614000,5637,0,3,0.5,uniform,1.0,0.04497234868124812,0.0020225121459077596,ok
real_vs_real,original,614000,615000,5354,0,3,0.5,uniform,1.0,0.03712617305207512,0.0013783527254926289,ok
real_vs_real,original,615000,616000,4988,0,3,0.5,uniform,1.0,0.026102288662646175,0.0006813294734281071,ok
real_vs_real,original,616000,617000,4906,0,3,0.5,uniform,1.0,0.018724777515236886,0.0003506172929951209,ok
real_vs_real,original,617000,618000,4567,0,3,0.5,uniform,1.0,0.02630293198733619,0.0006918442311304334,ok
real_vs_real,original,618000,619000,4363,0,3,0.5,uniform,1.0,0.03636418564086782,0.001322353997323497,ok
real_vs_real,original,619000,620000,4213,0,3,0.5,uniform,1.0,0.04166515356786398,0.0017359850218336885,ok
real_vs_real,original,620000,621000,3766,0,3,0.5,uniform,1.0,0.04449276895843887,0.0019796064895890217,ok
real_vs_real,original,621000,622000,3578,0,3,0.5,uniform,1.0,0.046967589432003506,0.0022059544570532472,ok
real_vs_real,original,622000,623000,3562,0,3,0.5,uniform,1.0,0.04793771475467337,0.0022980244959004293,ok
real_vs_real,original,623000,624000,3357,0,3,0.5,uniform,1.0,0.05053131888414843,0.0025534141881714957,ok
real_vs_real,original,624000,625000,3380,0,3,0.5,uniform,1.0,0.05115050357485024,0.002616374015960767,ok
real_vs_real,original,625000,626000,3450,0,3,0.5,uniform,1.0,0.051217513324335995,0.002623233671128535,ok
real_vs_real,original,626000,627000,3264,0,3,0.5,uniform,1.0,0.051840999657056706,0.0026874892454429537,ok
real_vs_real,original,627000,628000,3532,0,3,0.5,uniform,1.0,0.05078552315137999,0.002579169361759353,ok
real_vs_real,original,628000,629000,3660,0,3,0.5,uniform,1.0,0.05073888850979499,0.0025744348072094057,ok
real_vs_real,original,629000,630000,3489,0,3,0.5,uniform,1.0,0.05148377825370076,0.002650579423276232,ok
real_vs_real,original,630000,631000,3685,0,3,0.5,uniform,1.0,0.050848115669768545,0.0025855308671661613,ok
real_vs_real,original,631000,632000,3539,0,3,0.5,uniform,1.0,0.05238654327228797,0.0027443499160193,ok
real_vs_real,original,632000,633000,3360,0,3,0.5,uniform,1.0,0.05305524185115917,0.002814858687884991,ok
real_vs_real,original,633000,634000,3540,0,3,0.5,uniform,1.0,0.05207929523425138,0.002712252992096319,ok
real_vs_real,original,634000,635000,3535,0,3,0.5,uniform,1.0,0.05296090085587067,0.0028048570194653625,ok
real_vs_real,original,635000,636000,4201,0,3,0.5,uniform,1.0,0.05466695198742522,0.0029884756395954547,ok
real_vs_real,original,636000,637000,5056,0,3,0.5,uniform,1.0,0.055686910226883976,0.003101031970617035,ok
real_vs_real,original,637000,638000,5651,0,3,0.5,uniform,1.0,0.055177157722811024,0.003044518734367964,ok
real_vs_real,original,638000,639000,5923,0,3,0.5,uniform,1.0,0.054772972194875355,0.0030000784830605887,ok
real_vs_real,original,639000,640000,6112,0,3,0.5,uniform,1.0,0.054103254731734884,0.002927162172566993,ok
real_vs_real,original,640000,641000,5952,0,3,0.5,uniform,1.0,0.05473833058705966,0.0029962848354582313,ok
real_vs_real,original,641000,642000,6134,0,3,0.5,uniform,1.0,0.054514396716683074,0.0029718194493839065,ok
real_vs_real,original,642000,643000,6167,0,3,0.5,uniform,1.0,0.054521494610839,0.0029725933745997466,ok
real_vs_real,original,643000,644000,6311,0,3,0.5,uniform,1.0,0.05494238034492487,0.003018665157966387,ok
real_vs_real,original,644000,645000,6635,0,3,0.5,uniform,1.0,0.05422817203895924,0.0029406946426869607,ok
real_vs_real,original,645000,646000,6609,0,3,0.5,uniform,1.0,0.05410893089770707,0.002927776402892839,ok
real_vs_real,original,646000,647000,6595,0,3,0.5,uniform,1.0,0.05432782556933752,0.0029515126310923636,ok
real_vs_real,original,647000,648000,6684,0,3,0.5,uniform,1.0,0.05414627029874642,0.0029318185872649087,ok
real_vs_real,original,648000,649000,6353,0,3,0.5,uniform,1.0,0.054683757815934354,0.0029903133688717618,ok
real_vs_real,original,649000,650000,6448,0,3,0.5,uniform,1.0,0.054687679165992695,0.0029907422525625514,ok
real_vs_real,original,650000,651000,6560,0,3,0.5,uniform,1.0,0.05427921410415043,0.0029462330837642034,ok
real_vs_real,original,651000,652000,6637,0,3,0.5,uniform,1.0,0.054289544596984735,0.002947354652547994,ok
real_vs_real,original,652000,653000,6894,0,3,0.5,uniform,1.0,0.05407319347546013,0.0029239102526345435,ok
real_vs_real,original,653000,654000,6971,0,3,0.5,uniform,1.0,0.05380428272856402,0.002894900839935252,ok
real_vs_real,original,654000,655000,7122,0,3,0.5,uniform,1.0,0.05349737434724989,0.0028619690620497905,ok
real_vs_real,original,655000,656000,7111,0,3,0.5,uniform,1.0,0.053453561224116125,0.0028572832075403312,ok
real_vs_real,original,656000,657000,7071,0,3,0.5,uniform,1.0,0.053296194598461466,0.002840484358677073,ok
real_vs_real,original,657000,658000,7268,0,3,0.5,uniform,1.0,0.05335872069924131,0.002847153074659643,ok
real_vs_real,original,658000,659000,7238,0,3,0.5,uniform,1.0,0.053471566874768846,0.0028592084640428773,ok
real_vs_real,original,659000,660000,7240,0,3,0.5,uniform,1.0,0.053202797131441056,0.002830537622609273,ok
real_vs_real,original,660000,661000,7415,0,3,0.5,uniform,1.0,0.052801073679458126,0.0027879533817035656,ok
real_vs_real,original,661000,662000,7541,0,3,0.5,uniform,1.0,0.052327070060493905,0.0027381222611158377,ok
real_vs_real,original,662000,663000,7372,0,3,0.5,uniform,1.0,0.05255496672109939,0.0027620245270558643,ok
real_vs_real,original,663000,664000,7560,0,3,0.5,uniform,1.0,0.05207322509149692,0.002711620771429705,ok
real_vs_real,original,664000,665000,7417,0,3,0.5,uniform,1.0,0.05211675595652783,0.002716156251432279,ok
real_vs_real,original,665000,666000,7328,0,3,0.5,uniform,1.0,0.0523362517524912,0.0027390832475001382,ok
real_vs_real,original,666000,667000,7455,0,3,0.5,uniform,1.0,0.0522480859781117,0.0027298624883761525,ok
real_vs_real,original,667000,668000,7396,0,3,0.5,uniform,1.0,0.052093258568267804,0.002713707588260407,ok
real_vs_real,original,668000,669000,7238,0,3,0.5,uniform,1.0,0.052196864541246266,0.0027245126679372117,ok
real_vs_real,original,669000,670000,7384,0,3,0.5,uniform,1.0,0.051910434619797066,0.002694693222416226,ok
real_vs_real,original,670000,671000,7286,0,3,0.5,uniform,1.0,0.05186983379880222,0.0026904796583153653,ok
real_vs_real,original,671000,672000,6956,0,3,0.5,uniform,1.0,0.05199789664517849,0.0027037812555226644,ok
real_vs_real,original,672000,673000,6999,0,3,0.5,uniform,1.0,0.05192303412817861,0.002696001473076001,ok
real_vs_real,original,673000,674000,6725,0,3,0.5,uniform,1.0,0.052236106489297746,0.002728610821161254,ok
real_vs_real,original,674000,675000,6500,0,3,0.5,uniform,1.0,0.052261012885761605,0.0027312134678457406,ok
real_vs_real,original,675000,676000,6582,0,3,0.5,uniform,1.0,0.05202472536215486,0.0027065720490076395,ok
real_vs_real,original,676000,677000,6597,0,3,0.5,uniform,1.0,0.05197320780568727,0.002701214329613152,ok
real_vs_real,original,677000,678000,6379,0,3,0.5,uniform,1.0,0.052527192185109074,0.002759105918851384,ok
real_vs_real,original,678000,679000,6439,0,3,0.5,uniform,1.0,0.05243828703024625,0.002749773946666492,ok
real_vs_real,original,679000,680000,6334,0,3,0.5,uniform,1.0,0.0524609269781816,0.0027521488594101024,ok
real_vs_real,original,680000,681000,6275,0,3,0.5,uniform,1.0,0.05264012631774403,0.0027709828987480473,ok
real_vs_real,original,681000,682000,6383,0,3,0.5,uniform,1.0,0.0525722481101177,0.0027638412713517743,ok
real_vs_real,original,682000,683000,6242,0,3,0.5,uniform,1.0,0.052427577222519964,0.002748650853423294,ok
real_vs_real,original,683000,684000,6168,0,3,0.5,uniform,1.0,0.05264122729372241,0.0027710988109893456,ok
real_vs_real,original,684000,685000,6306,0,3,0.5,uniform,1.0,0.05216842048529464,0.002721544095930509,ok
real_vs_real,original,685000,686000,6446,0,3,0.5,uniform,1.0,0.05219532898396165,0.0027243523677439865,ok
real_vs_real,original,686000,687000,6474,0,3,0.5,uniform,1.0,0.05239270500063901,0.0027449955372839834,ok
real_vs_real,original,687000,688000,6502,0,3,0.5,uniform,1.0,0.0524379518965395,0.002749738799103791,ok
real_vs_real,original,688000,689000,6503,0,3,0.5,uniform,1.0,0.052494812635305185,0.0027557053536157966,ok
real_vs_real,original,689000,690000,6597,0,3,0.5,uniform,1.0,0.05258295546971455,0.0027649672059299833,ok
real_vs_real,original,690000,691000,6511,0,3,0.5,uniform,1.0,0.052546377372557074,0.002761121774979178,ok
real_vs_real,original,691000,692000,6511,0,3,0.5,uniform,1.0,0.05261674011888944,0.00276852134073875,ok
real_vs_real,original,692000,693000,6660,0,3,0.5,uniform,1.0,0.05230153151877549,0.002735450199209466,ok
real_vs_real,original,693000,694000,6647,0,3,0.5,uniform,1.0,0.052473847365738714,0.0027535046573628438,ok
real_vs_real,original,694000,695000,6654,0,3,0.5,uniform,1.0,0.05241773817064669,0.002747619274926471,ok
real_vs_real,original,695000,696000,6699,0,3,0.5,uniform,1.0,0.052619208077514856,0.002768781058704805,ok
real_vs_real,original,696000,697000,6499,0,3,0.5,uniform,1.0,0.05304262377863621,0.002813519937321943,ok
real_vs_real,original,697000,698000,6652,0,3,0.5,uniform,1.0,0.052459504820559055,0.0027519996460182586,ok
real_vs_real,original,698000,699000,6497,0,3,0.5,uniform,1.0,0.052368878443438745,0.0027424994294236635,ok
real_vs_real,original,699000,700000,6489,0,3,0.5,uniform,1.0,0.05182803085347918,0.00268614478214919,ok
real_vs_real,original,700000,701000,6143,0,3,0.5,uniform,1.0,0.05238978416719865,0.0027446894850856585,ok
real_vs_real,original,701000,702000,6252,0,3,0.5,uniform,1.0,0.05191709560895573,0.0026953848164694505,ok
real_vs_real,original,702000,703000,6081,0,3,0.5,uniform,1.0,0.05205395612198027,0.002709614347949047,ok
real_vs_real,original,703000,704000,6242,0,3,0.5,uniform,1.0,0.05167548032507671,0.0026703552668273906,ok
real_vs_real,original,704000,705000,5953,0,3,0.5,uniform,1.0,0.05238634062507593,0.002744328684086481,ok
real_vs_real,original,705000,706000,6154,0,3,0.5,uniform,1.0,0.05165255439078309,0.002667986375092805,ok
real_vs_real,original,706000,707000,5956,0,3,0.5,uniform,1.0,0.051953306498530125,0.0026991460561302124,ok
real_vs_real,original,707000,708000,5988,0,3,0.5,uniform,1.0,0.05157299078795544,0.0026597733788145373,ok
real_vs_real,original,708000,709000,5958,0,3,0.5,uniform,1.0,0.051116891148384296,0.002612936560675769,ok
real_vs_real,original,709000,710000,5928,0,3,0.5,uniform,1.0,0.050462860381239226,0.0025465002778564437,ok
real_vs_real,original,710000,711000,5927,0,3,0.5,uniform,1.0,0.049791578988436086,0.00247920133816167,ok
real_vs_real,original,711000,712000,5818,0,3,0.5,uniform,1.0,0.04890238279812661,0.002391443043334509,ok
real_vs_real,original,712000,713000,5752,0,3,0.5,uniform,1.0,0.047122023222619436,0.002220485072593085,ok
real_vs_real,original,713000,714000,5501,0,3,0.5,uniform,1.0,0.04482848654713402,0.002009593206106576,ok
real_vs_real,original,714000,715000,5585,0,3,0.5,uniform,1.0,0.041034085406633676,0.001683796165158907,ok
real_vs_real,original,715000,716000,5451,0,3,0.5,uniform,1.0,0.03624469331221363,0.0013136777932964234,ok
real_vs_real,original,716000,717000,5482,0,3,0.5,uniform,1.0,0.03088102267119593,0.0009536375612189171,ok
real_vs_real,original,717000,718000,5187,0,3,0.5,uniform,1.0,0.030710781241105888,0.0009431520844390613,ok
real_vs_real,original,718000,719000,5253,0,3,0.5,uniform,1.0,0.035042363830213974,0.0012279672628090887,ok
real_vs_real,original,719000,720000,4930,0,3,0.5,uniform,1.0,0.04147143824258532,0.001719880189908568,ok
real_vs_real,original,720000,721000,4567,0,3,0.5,uniform,1.0,0.04716700524319354,0.002224726383611447,ok
real_vs_real,original,721000,722000,4372,0,3,0.5,uniform,1.0,0.049970836354976886,0.0024970844860158796,ok
real_vs_real,original,722000,723000,4013,0,3,0.5,uniform,1.0,0.05298109681082129,0.002806996619277618,ok
real_vs_real,original,723000,724000,3801,0,3,0.5,uniform,1.0,0.05462906184345272,0.002984334397895782,ok
real_vs_real,original,724000,725000,3811,0,3,0.5,uniform,1.0,0.05524974093345426,0.003052533873213811,ok
real_vs_real,original,725000,726000,3693,0,3,0.5,uniform,1.0,0.05675607136432673,0.0032212516367125486,ok
real_vs_real,original,726000,727000,3741,0,3,0.5,uniform,1.0,0.05609635592476012,0.0031468011480373704,ok
real_vs_real,original,727000,728000,3770,0,3,0.5,uniform,1.0,0.055886464672363245,0.003123296933575305,ok
real_vs_real,original,728000,729000,3704,0,3,0.5,uniform,1.0,0.05782091102344068,0.0033432577515806446,ok
real_vs_real,original,729000,730000,3771,0,3,0.5,uniform,1.0,0.05752868637344737,0.003309549755854469,ok
real_vs_real,original,730000,731000,3681,0,3,0.5,uniform,1.0,0.05887556058805103,0.0034663316345572683,ok
real_vs_real,original,731000,732000,3715,0,3,0.5,uniform,1.0,0.05783909047494024,0.0033453603869683228,ok
real_vs_real,original,732000,733000,3663,0,3,0.5,uniform,1.0,0.0583166168102792,0.003400827796196938,ok
real_vs_real,original,733000,734000,3588,0,3,0.5,uniform,1.0,0.05875759596027817,0.0034524550830312977,ok
real_vs_real,original,734000,735000,3790,0,3,0.5,uniform,1.0,0.05769289807357816,0.0033284704881282783,ok
real_vs_real,original,735000,736000,3963,0,3,0.5,uniform,1.0,0.057404184826164384,0.0032952404355564417,ok
real_vs_real,original,736000,737000,4164,0,3,0.5,uniform,1.0,0.05721795321326168,0.003273894169915003,ok
real_vs_real,original,737000,738000,4525,0,3,0.5,uniform,1.0,0.05633699094957077,0.0031738565492520194,ok
real_vs_real,original,738000,739000,4677,0,3,0.5,uniform,1.0,0.056699282675828924,0.0032148086559535536,ok
real_vs_real,original,739000,740000,5064,0,3,0.5,uniform,1.0,0.05506161864988027,0.0030317818483448426,ok
real_vs_real,original,740000,741000,5282,0,3,0.5,uniform,1.0,0.054146690202606346,0.002931864059897026,ok
real_vs_real,original,741000,742000,5454,0,3,0.5,uniform,1.0,0.05364224900985873,0.00287749087883569,ok
real_vs_real,original,742000,743000,5807,0,3,0.5,uniform,1.0,0.05267820454742813,0.0027749932343406774,ok
real_vs_real,original,743000,744000,5929,0,3,0.5,uniform,1.0,0.05262089157636443,0.002768958230291501,ok
real_vs_real,original,744000,745000,5798,0,3,0.5,uniform,1.0,0.05319207031867645,0.00282939634478702,ok
real_vs_real,original,745000,746000,6131,0,3,0.5,uniform,1.0,0.05239472944096212,0.0027452076731916226,ok
real_vs_real,original,746000,747000,6186,0,3,0.5,uniform,1.0,0.05229971827724342,0.002735260531879029,ok
real_vs_real,original,747000,748000,6178,0,3,0.5,uniform,1.0,0.05226733062594876,0.002731873850762241,ok
real_vs_real,original,748000,749000,6397,0,3,0.5,uniform,1.0,0.051796682002650855,0.002682896266483735,ok
real_vs_real,original,749000,750000,6399,0,3,0.5,uniform,1.0,0.05151366526782595,0.0026536577093256176,ok
real_vs_real,original,750000,751000,6447,0,3,0.5,uniform,1.0,0.051764548414057046,0.002679568472511256,ok
real_vs_real,original,751000,752000,7075,0,3,0.5,uniform,1.0,0.05143416334861862,0.0026454731593723827,ok
real_vs_real,original,752000,753000,7243,0,3,0.5,uniform,1.0,0.05155276074337832,0.0026576871402640085,ok
real_vs_real,original,753000,754000,7381,0,3,0.5,uniform,1.0,0.05175032073506341,0.0026780956961819334,ok
real_vs_real,original,754000,755000,7357,0,3,0.5,uniform,1.0,0.05167854273555096,0.0026706717792701674,ok
real_vs_real,original,755000,756000,7518,0,3,0.5,uniform,1.0,0.05145123766734461,0.0026472298575015807,ok
real_vs_real,original,756000,757000,7456,0,3,0.5,uniform,1.0,0.05179137511628512,0.0026823465364357573,ok
real_vs_real,original,757000,758000,7644,0,3,0.5,uniform,1.0,0.0516587896408471,0.002668630547157292,ok
real_vs_real,original,758000,759000,7708,0,3,0.5,uniform,1.0,0.051943565641959864,0.0026981340116005934,ok
real_vs_real,original,759000,760000,7817,0,3,0.5,uniform,1.0,0.051518863809345575,0.002654193328205897,ok
real_vs_real,original,760000,761000,7939,0,3,0.5,uniform,1.0,0.05140066167249803,0.002642028020370608,ok
real_vs_real,original,761000,762000,7958,0,3,0.5,uniform,1.0,0.05149979473968316,0.002652228858229498,ok
real_vs_real,original,762000,763000,7818,0,3,0.5,uniform,1.0,0.051738903717002446,0.002676914157837249,ok
real_vs_real,original,763000,764000,7816,0,3,0.5,uniform,1.0,0.05185368159207382,0.0026888042946521754,ok
real_vs_real,original,764000,765000,7753,0,3,0.5,uniform,1.0,0.05179535127938478,0.0026827584141548666,ok
real_vs_real,original,765000,766000,7802,0,3,0.5,uniform,1.0,0.05173730581801593,0.002676748813306905,ok
real_vs_real,original,766000,767000,7685,0,3,0.5,uniform,1.0,0.05197553089465442,0.002701455811781176,ok
real_vs_real,original,767000,768000,7589,0,3,0.5,uniform,1.0,0.05192248370666741,0.002695944314269143,ok
real_vs_real,original,768000,769000,7654,0,3,0.5,uniform,1.0,0.05165814846799961,0.002668564303141891,ok
real_vs_real,original,769000,770000,7606,0,3,0.5,uniform,1.0,0.051960054104027084,0.0026998472224934217,ok
real_vs_real,original,770000,771000,7637,0,3,0.5,uniform,1.0,0.05178320576519502,0.0026815003993205266,ok
real_vs_real,original,771000,772000,7343,0,3,0.5,uniform,1.0,0.052301469155423365,0.0027354436758157017,ok
real_vs_real,original,772000,773000,7323,0,3,0.5,uniform,1.0,0.052467317849794595,0.002752819442351375,ok
real_vs_real,original,773000,774000,7231,0,3,0.5,uniform,1.0,0.052552852107879244,0.002761802264672628,ok
real_vs_real,original,774000,775000,7275,0,3,0.5,uniform,1.0,0.052370629020094546,0.002742682783960369,ok
real_vs_real,original,775000,776000,7122,0,3,0.5,uniform,1.0,0.0526419138038992,0.0027711710889371534,ok
real_vs_real,original,776000,777000,7091,0,3,0.5,uniform,1.0,0.05266924095208944,0.0027740489424692553,ok
real_vs_real,original,777000,778000,7020,0,3,0.5,uniform,1.0,0.05298080010606044,0.002806965179878334,ok
real_vs_real,original,778000,779000,7142,0,3,0.5,uniform,1.0,0.052889387120666806,0.002797287269999756,ok
real_vs_real,original,779000,780000,6853,0,3,0.5,uniform,1.0,0.053507209078323195,0.002863021423351392,ok
real_vs_real,original,780000,781000,6805,0,3,0.5,uniform,1.0,0.05332782424184963,0.0028438568383696056,ok
real_vs_real,original,781000,782000,6838,0,3,0.5,uniform,1.0,0.05333237603316314,0.002844342333342714,ok
real_vs_real,original,782000,783000,6561,0,3,0.5,uniform,1.0,0.05387802861634802,0.002902841967584016,ok
real_vs_real,original,783000,784000,6641,0,3,0.5,uniform,1.0,0.05382942879796745,0.0028976074047154473,ok
real_vs_real,original,784000,785000,6648,0,3,0.5,uniform,1.0,0.05332735983210233,0.0028438073066625207,ok
real_vs_real,original,785000,786000,6797,0,3,0.5,uniform,1.0,0.053345815999691494,0.002845776084672941,ok
real_vs_real,original,786000,787000,6759,0,3,0.5,uniform,1.0,0.053747644298619376,0.0028888092676509123,ok
real_vs_real,original,787000,788000,6740,0,3,0.5,uniform,1.0,0.05386266271170764,0.002901186434395181,ok
real_vs_real,original,788000,789000,6712,0,3,0.5,uniform,1.0,0.0538931614373249,0.002904472849709564,ok
real_vs_real,original,789000,790000,6676,0,3,0.5,uniform,1.0,0.05383609857587341,0.002898325509871159,ok
real_vs_real,original,790000,791000,6667,0,3,0.5,uniform,1.0,0.05360127680812348,0.0028730968754610764,ok
real_vs_real,original,791000,792000,6569,0,3,0.5,uniform,1.0,0.05361652309489657,0.0028747315487855775,ok
real_vs_real,original,792000,793000,6677,0,3,0.5,uniform,1.0,0.053510775065248234,0.002863403048083592,ok
real_vs_real,original,793000,794000,6738,0,3,0.5,uniform,1.0,0.0533048259366128,0.0028414044681325887,ok
real_vs_real,original,794000,795000,6881,0,3,0.5,uniform,1.0,0.05309952503920346,0.0028195595593889953,ok
real_vs_real,original,795000,796000,6736,0,3,0.5,uniform,1.0,0.053264263004693786,0.0028370817134331914,ok
real_vs_real,original,796000,797000,6769,0,3,0.5,uniform,1.0,0.05306323854567748,0.002815707284955472,ok
real_vs_real,original,797000,798000,6757,0,3,0.5,uniform,1.0,0.052916650547274326,0.0028001719051423484,ok
real_vs_real,original,798000,799000,6512,0,3,0.5,uniform,1.0,0.05299598549432141,0.0028085744785143253,ok
real_vs_real,original,799000,800000,6567,0,3,0.5,uniform,1.0,0.052736863663939,0.0027811767891088896,ok
real_vs_real,original,800000,801000,6421,0,3,0.5,uniform,1.0,0.05271870659620908,0.0027792620251771787,ok
real_vs_real,original,801000,802000,6315,0,3,0.5,uniform,1.0,0.053151853331212556,0.0028251195125427314,ok
real_vs_real,original,802000,803000,6386,0,3,0.5,uniform,1.0,0.053184739866039325,0.0028286165546182727,ok
real_vs_real,original,803000,804000,6515,0,3,0.5,uniform,1.0,0.05299193233554688,0.002808144892655179,ok
real_vs_real,original,804000,805000,6195,0,3,0.5,uniform,1.0,0.05322644049526861,0.0028330539677963703,ok
real_vs_real,original,805000,806000,6351,0,3,0.5,uniform,1.0,0.05287444536713707,0.002795706972882363,ok
real_vs_real,original,806000,807000,6198,0,3,0.5,uniform,1.0,0.05307637376561031,0.002817101452106766,ok
real_vs_real,original,807000,808000,6095,0,3,0.5,uniform,1.0,0.052643975801875346,0.0027713881882284372,ok
real_vs_real,original,808000,809000,5983,0,3,0.5,uniform,1.0,0.05293559658055707,0.002802177385339485,ok
real_vs_real,original,809000,810000,5950,0,3,0.5,uniform,1.0,0.05281140293125563,0.0027890442795674352,ok
real_vs_real,original,810000,811000,5867,0,3,0.5,uniform,1.0,0.052645442359645744,0.0027715426012427827,ok
real_vs_real,original,811000,812000,6026,0,3,0.5,uniform,1.0,0.05171048172165282,0.0026739739198853906,ok
real_vs_real,original,812000,813000,5662,0,3,0.5,uniform,1.0,0.05049458035814931,0.0025497026455455984,ok
real_vs_real,original,813000,814000,5711,0,3,0.5,uniform,1.0,0.048325440738876575,0.002335348222606672,ok
real_vs_real,original,814000,815000,5505,0,3,0.5,uniform,1.0,0.04350800471425866,0.0018929464742159538,ok
real_vs_real,original,815000,816000,5235,0,3,0.5,uniform,1.0,0.03515106617687681,0.001235597453371173,ok
real_vs_real,original,816000,817000,5122,0,3,0.5,uniform,1.0,0.024133710825121977,0.0005824359981906097,ok
real_vs_real,original,817000,818000,4810,0,3,0.5,uniform,1.0,0.01848564448570927,0.00034171905205203357,ok
real_vs_real,original,818000,819000,4624,0,3,0.5,uniform,1.0,0.027544981915419847,0.0007587260287208065,ok
real_vs_real,original,819000,820000,4512,0,3,0.5,uniform,1.0,0.03723990035042198,0.0013868101781093593,ok
real_vs_real,original,820000,821000,4154,0,3,0.5,uniform,1.0,0.042538862687965334,0.0018095548387855695,ok
real_vs_real,original,821000,822000,3818,0,3,0.5,uniform,1.0,0.045284253719672866,0.002050663634947706,ok
real_vs_real,original,822000,823000,3755,0,3,0.5,uniform,1.0,0.046557126985841975,0.0021675660731758153,ok
real_vs_real,original,823000,824000,3414,0,3,0.5,uniform,1.0,0.04916633509083242,0.0024173285062640197,ok
real_vs_real,original,824000,825000,3497,0,3,0.5,uniform,1.0,0.04985715017425603,0.002485735423498318,ok
real_vs_real,original,825000,826000,3389,0,3,0.5,uniform,1.0,0.05156005189086647,0.0026584389509888436,ok
real_vs_real,original,826000,827000,3341,0,3,0.5,uniform,1.0,0.05066911402175891,0.002567359115750005,ok
real_vs_real,original,827000,828000,3564,0,3,0.5,uniform,1.0,0.05055299024184191,0.002555604822391763,ok
real_vs_real,original,828000,829000,3503,0,3,0.5,uniform,1.0,0.05083270515010499,0.0025839639128775104,ok
real_vs_real,original,829000,830000,3496,0,3,0.5,uniform,1.0,0.05106927534298139,0.0026080708840572468,ok
real_vs_real,original,830000,831000,3780,0,3,0.5,uniform,1.0,0.050470786549986484,0.0025473002949742965,ok
real_vs_real,original,831000,832000,3586,0,3,0.5,uniform,1.0,0.05164304778793398,0.0026670043848268325,ok
real_vs_real,original,832000,833000,3339,0,3,0.5,uniform,1.0,0.053084438201580215,0.002817957579177389,ok
real_vs_real,original,833000,834000,3515,0,3,0.5,uniform,1.0,0.052043639975268376,0.002708540461875353,ok
real_vs_real,original,834000,835000,3425,0,3,0.5,uniform,1.0,0.05277604879777132,0.0027853113267047396,ok
real_vs_real,original,835000,836000,3555,0,3,0.5,uniform,1.0,0.052413832374348664,0.0027472098241663203,ok
real_vs_real,original,836000,837000,4472,0,3,0.5,uniform,1.0,0.05437762861144215,0.0029569264934039318,ok
real_vs_real,original,837000,838000,5091,0,3,0.5,uniform,1.0,0.05579344102373468,0.00311290806126896,ok
real_vs_real,original,838000,839000,5743,0,3,0.5,uniform,1.0,0.05511626824028172,0.0030378030247346878,ok
real_vs_real,original,839000,840000,5835,0,3,0.5,uniform,1.0,0.054664970012754145,0.0029882589464953102,ok
real_vs_real,original,840000,841000,5828,0,3,0.5,uniform,1.0,0.05526296369057417,0.0030539951558657195,ok
real_vs_real,original,841000,842000,6062,0,3,0.5,uniform,1.0,0.05467143868679831,0.002988966208084347,ok
real_vs_real,original,842000,843000,6020,0,3,0.5,uniform,1.0,0.05468364976843998,0.002990301551997406,ok
real_vs_real,original,843000,844000,6290,0,3,0.5,uniform,1.0,0.054697044202282524,0.002991766644466448,ok
real_vs_real,original,844000,845000,6364,0,3,0.5,uniform,1.0,0.05480525604989586,0.0030036160906946473,ok
real_vs_real,original,845000,846000,6507,0,3,0.5,uniform,1.0,0.054469134853095715,0.0029668866516447266,ok
real_vs_real,original,846000,847000,6542,0,3,0.5,uniform,1.0,0.05486925678653001,0.00301063534030617,ok
real_vs_real,original,847000,848000,6560,0,3,0.5,uniform,1.0,0.05467127717747653,0.0029889485482164665,ok
real_vs_real,original,848000,849000,6344,0,3,0.5,uniform,1.0,0.05507049548434112,0.0030327594728908358,ok
real_vs_real,original,849000,850000,6291,0,3,0.5,uniform,1.0,0.054998899920875366,0.003024878992506464,ok
real_vs_real,original,850000,851000,6420,0,3,0.5,uniform,1.0,0.05476279022111951,0.002998963192802343,ok
real_vs_real,original,851000,852000,6486,0,3,0.5,uniform,1.0,0.05478597480172429,0.0030015030349751694,ok
real_vs_real,original,852000,853000,6898,0,3,0.5,uniform,1.0,0.054237907286725257,0.0029417505868434045,ok
real_vs_real,original,853000,854000,6837,0,3,0.5,uniform,1.0,0.054336827292094624,0.002952490800170919,ok
real_vs_real,original,854000,855000,6866,0,3,0.5,uniform,1.0,0.05407287600677889,0.002923875919644484,ok
real_vs_real,original,855000,856000,7186,0,3,0.5,uniform,1.0,0.053497477497650166,0.0028619800986115856,ok
real_vs_real,original,856000,857000,7097,0,3,0.5,uniform,1.0,0.05349051745431318,0.002861235457530183,ok
real_vs_real,original,857000,858000,7052,0,3,0.5,uniform,1.0,0.05375797488726021,0.002889919863979299,ok
real_vs_real,original,858000,859000,7262,0,3,0.5,uniform,1.0,0.05356503929376248,0.0028692134345423186,ok
real_vs_real,original,859000,860000,7348,0,3,0.5,uniform,1.0,0.05327133024436057,0.0028378346260037254,ok
real_vs_real,original,860000,861000,7306,0,3,0.5,uniform,1.0,0.05329340831667586,0.0028401873700079354,ok
real_vs_real,original,861000,862000,7445,0,3,0.5,uniform,1.0,0.052990915715519865,0.00280803714836933,ok
real_vs_real,original,862000,863000,7406,0,3,0.5,uniform,1.0,0.05252956011222271,0.0027593546855836197,ok
real_vs_real,original,863000,864000,7532,0,3,0.5,uniform,1.0,0.0524205744842329,0.0027479166292570093,ok
real_vs_real,original,864000,865000,7489,0,3,0.5,uniform,1.0,0.052065063550997354,0.002710770842569393,ok
real_vs_real,original,865000,866000,7451,0,3,0.5,uniform,1.0,0.0523282362154776,0.0027382443054228215,ok
real_vs_real,original,866000,867000,7301,0,3,0.5,uniform,1.0,0.0524391109175742,0.00274986035382565,ok
real_vs_real,original,867000,868000,7474,0,3,0.5,uniform,1.0,0.052229429366191564,0.002727913291917994,ok
real_vs_real,original,868000,869000,7257,0,3,0.5,uniform,1.0,0.052738418368053354,0.0027813407719638273,ok
real_vs_real,original,869000,870000,7393,0,3,0.5,uniform,1.0,0.05220319360556947,0.002725173422620569,ok
real_vs_real,original,870000,871000,7241,0,3,0.5,uniform,1.0,0.052185685238805395,0.0027233457438436714,ok
real_vs_real,original,871000,872000,7121,0,3,0.5,uniform,1.0,0.052363820511238564,0.002741969698533208,ok
real_vs_real,original,872000,873000,7004,0,3,0.5,uniform,1.0,0.05220634895402205,0.0027255028711091187,ok
real_vs_real,original,873000,874000,6743,0,3,0.5,uniform,1.0,0.052370025646517236,0.0027426195862168727,ok
real_vs_real,original,874000,875000,6623,0,3,0.5,uniform,1.0,0.052414170080973634,0.002747245225277232,ok
real_vs_real,original,875000,876000,6650,0,3,0.5,uniform,1.0,0.051987747375696315,0.002702725877199219,ok
real_vs_real,original,876000,877000,6474,0,3,0.5,uniform,1.0,0.05236939258372149,0.002742553279587943,ok
real_vs_real,original,877000,878000,6716,0,3,0.5,uniform,1.0,0.052280685088804256,0.0027332700333547195,ok
real_vs_real,original,878000,879000,6439,0,3,0.5,uniform,1.0,0.05235594263016183,0.0027411447286927967,ok
real_vs_real,original,879000,880000,6385,0,3,0.5,uniform,1.0,0.052639818527794036,0.0027709504946390883,ok
real_vs_real,original,880000,881000,6420,0,3,0.5,uniform,1.0,0.052456760840689794,0.002751711757897326,ok
real_vs_real,original,881000,882000,6288,0,3,0.5,uniform,1.0,0.05277482462209815,0.002785182113893217,ok
real_vs_real,original,882000,883000,6337,0,3,0.5,uniform,1.0,0.052540622604249104,0.0027605170236421317,ok
real_vs_real,original,883000,884000,6269,0,3,0.5,uniform,1.0,0.05254829212605417,0.0027613230053651267,ok
real_vs_real,original,884000,885000,6322,0,3,0.5,uniform,1.0,0.052390598836630484,0.0027447748464607476,ok
real_vs_real,original,885000,886000,6413,0,3,0.5,uniform,1.0,0.052489850155664215,0.0027551843693640827,ok
real_vs_real,original,886000,887000,6539,0,3,0.5,uniform,1.0,0.05234114584286623,0.002739595548144193,ok
real_vs_real,original,887000,888000,6487,0,3,0.5,uniform,1.0,0.05257281704476098,0.0027639010920219105,ok
real_vs_real,original,888000,889000,6529,0,3,0.5,uniform,1.0,0.05279774221099424,0.0027876015825786028,ok
real_vs_real,original,889000,890000,6519,0,3,0.5,uniform,1.0,0.05282097527711684,0.0027900554292257886,ok
real_vs_real,original,890000,891000,6521,0,3,0.5,uniform,1.0,0.05265295151924577,0.0027723333036880453,ok
real_vs_real,original,891000,892000,6488,0,3,0.5,uniform,1.0,0.05265737222252466,0.0027727988493815112,ok
real_vs_real,original,892000,893000,6726,0,3,0.5,uniform,1.0,0.05249234836194623,0.002755446636551919,ok
real_vs_real,original,893000,894000,6600,0,3,0.5,uniform,1.0,0.052580264361297764,0.0027646842003039595,ok
real_vs_real,original,894000,895000,6684,0,3,0.5,uniform,1.0,0.052813894114642206,0.0027893074115526383,ok
real_vs_real,original,895000,896000,6706,0,3,0.5,uniform,1.0,0.05263983585981043,0.002770952319347784,ok
real_vs_real,original,896000,897000,6692,0,3,0.5,uniform,1.0,0.0524905270767629,0.0027552554327963785,ok
real_vs_real,original,897000,898000,6673,0,3,0.5,uniform,1.0,0.05249535810944781,0.0027557626230391677,ok
real_vs_real,original,898000,899000,6518,0,3,0.5,uniform,1.0,0.052721230442460444,0.0027795281393670182,ok
real_vs_real,original,899000,900000,6475,0,3,0.5,uniform,1.0,0.05233004736103874,0.0027384338568085574,ok
real_vs_real,original,900000,901000,6352,0,3,0.5,uniform,1.0,0.05218625411109733,0.002723405118148023,ok
real_vs_real,original,901000,902000,6311,0,3,0.5,uniform,1.0,0.0520087566263803,0.002704910765822057,ok
real_vs_real,original,902000,903000,6126,0,3,0.5,uniform,1.0,0.052108788600204015,0.002715325849380752,ok
real_vs_real,original,903000,904000,6184,0,3,0.5,uniform,1.0,0.05211443936425734,0.002715914790250855,ok
real_vs_real,original,904000,905000,6221,0,3,0.5,uniform,1.0,0.05172339145140994,0.0026753092232357865,ok
real_vs_real,original,905000,906000,6016,0,3,0.5,uniform,1.0,0.05213491431050123,0.0027180492901633063,ok
real_vs_real,original,906000,907000,6201,0,3,0.5,uniform,1.0,0.05172288365364313,0.0026752566934483035,ok
real_vs_real,original,907000,908000,6172,0,3,0.5,uniform,1.0,0.05133030043349546,0.002634799742592904,ok
real_vs_real,original,908000,909000,6008,0,3,0.5,uniform,1.0,0.0510954830927472,0.0026107483924812155,ok
real_vs_real,original,909000,910000,5941,0,3,0.5,uniform,1.0,0.0508301120654221,0.0025837002925833694,ok
real_vs_real,original,910000,911000,5994,0,3,0.5,uniform,1.0,0.04998639357348034,0.0024986395424828763,ok
real_vs_real,original,911000,912000,5905,0,3,0.5,uniform,1.0,0.04917141720431999,0.0024178282698812965,ok
real_vs_real,original,912000,913000,5800,0,3,0.5,uniform,1.0,0.047582845602929955,0.002264127195672271,ok
real_vs_real,original,913000,914000,5814,0,3,0.5,uniform,1.0,0.04532453322377945,0.002054313311953487,ok
real_vs_real,original,914000,915000,5554,0,3,0.5,uniform,1.0,0.04240919427780752,0.0017985397592928218,ok
real_vs_real,original,915000,916000,5639,0,3,0.5,uniform,1.0,0.03808718646302907,0.0014506337726695449,ok
real_vs_real,original,916000,917000,5526,0,3,0.5,uniform,1.0,0.03338309704603882,0.0011144311683852456,ok
real_vs_real,original,917000,918000,5422,0,3,0.5,uniform,1.0,0.030898305366701802,0.0009547052745339534,ok
real_vs_real,original,918000,919000,5379,0,3,0.5,uniform,1.0,0.03322401430006569,0.0011038351262109695,ok
real_vs_real,original,919000,920000,5234,0,3,0.5,uniform,1.0,0.0388092741420709,0.001506159759434413,ok
real_vs_real,original,920000,921000,4922,0,3,0.5,uniform,1.0,0.04463013830791253,0.0019918492453834015,ok
real_vs_real,original,921000,922000,4619,0,3,0.5,uniform,1.0,0.048412958441747166,0.002343814545082338,ok
real_vs_real,original,922000,923000,4245,0,3,0.5,uniform,1.0,0.050517088436780856,0.0025519762241295384,ok
real_vs_real,original,923000,924000,4049,0,3,0.5,uniform,1.0,0.05246446606230376,0.0027525201992026228,ok
real_vs_real,original,924000,925000,3879,0,3,0.5,uniform,1.0,0.05499758085386431,0.003024733899777342,ok
real_vs_real,original,925000,926000,3910,0,3,0.5,uniform,1.0,0.054562980032120664,0.0029771187899855986,ok
real_vs_real,original,926000,927000,3908,0,3,0.5,uniform,1.0,0.054830769794702465,0.0030064133162796564,ok
real_vs_real,original,927000,928000,3917,0,3,0.5,uniform,1.0,0.055435512954912544,0.0030730960965742763,ok
real_vs_real,original,928000,929000,3803,0,3,0.5,uniform,1.0,0.056263616549440114,0.0031655945472224313,ok
real_vs_real,original,929000,930000,3720,0,3,0.5,uniform,1.0,0.0580795079174673,0.0033732292399351466,ok
real_vs_real,original,930000,931000,3897,0,3,0.5,uniform,1.0,0.05684917071763668,0.0032318282112829997,ok
real_vs_real,original,931000,932000,3681,0,3,0.5,uniform,1.0,0.05814889348670856,0.0033812938137285776,ok
real_vs_real,original,932000,933000,3726,0,3,0.5,uniform,1.0,0.058055247970261174,0.003370411816888514,ok
real_vs_real,original,933000,934000,3745,0,3,0.5,uniform,1.0,0.057844427117856846,0.0033459777485930525,ok
real_vs_real,original,934000,935000,3642,0,3,0.5,uniform,1.0,0.05811808433078272,0.003377711726279972,ok
real_vs_real,original,935000,936000,4075,0,3,0.5,uniform,1.0,0.056735454639563046,0.0032189118131579156,ok
real_vs_real,original,936000,937000,4153,0,3,0.5,uniform,1.0,0.056959437575016376,0.0032443775288621872,ok
real_vs_real,original,937000,938000,4406,0,3,0.5,uniform,1.0,0.05674653438653784,0.003220169164882521,ok
real_vs_real,original,938000,939000,4847,0,3,0.5,uniform,1.0,0.05583487480661492,0.0031175332446703617,ok
real_vs_real,original,939000,940000,5020,0,3,0.5,uniform,1.0,0.054765633992105094,0.002999274666557217,ok
real_vs_real,original,940000,941000,5235,0,3,0.5,uniform,1.0,0.05417601863630771,0.0029350409952815597,ok
real_vs_real,original,941000,942000,5622,0,3,0.5,uniform,1.0,0.05308855141974862,0.002818394291847294,ok
real_vs_real,original,942000,943000,5643,0,3,0.5,uniform,1.0,0.05304246940985105,0.0028135035610949845,ok
real_vs_real,original,943000,944000,5978,0,3,0.5,uniform,1.0,0.0522773585976456,0.0027329222219468307,ok
real_vs_real,original,944000,945000,6010,0,3,0.5,uniform,1.0,0.05242572784926419,0.002748456940525115,ok
real_vs_real,original,945000,946000,6053,0,3,0.5,uniform,1.0,0.05251696447397119,0.002758031557560352,ok
real_vs_real,original,946000,947000,6198,0,3,0.5,uniform,1.0,0.052206840972965934,0.0027255542443765544,ok
real_vs_real,original,947000,948000,6304,0,3,0.5,uniform,1.0,0.051959817155618794,0.002699822598845337,ok
real_vs_real,original,948000,949000,6422,0,3,0.5,uniform,1.0,0.051528352338000113,0.002655171094669082,ok
real_vs_real,original,949000,950000,6340,0,3,0.5,uniform,1.0,0.05171294934668594,0.0026742291301329055,ok
real_vs_real,original,950000,951000,6541,0,3,0.5,uniform,1.0,0.05162045431226396,0.0026646713034045306,ok
real_vs_real,original,951000,952000,7044,0,3,0.5,uniform,1.0,0.05142164783324248,0.0026441858658860116,ok
real_vs_real,original,952000,953000,7141,0,3,0.5,uniform,1.0,0.051850387483054726,0.002688462682142918,ok
real_vs_real,original,953000,954000,7402,0,3,0.5,uniform,1.0,0.05153908439929042,0.0026562772207171814,ok
real_vs_real,original,954000,955000,7326,0,3,0.5,uniform,1.0,0.051942942549281265,0.0026980692806779344,ok
real_vs_real,original,955000,956000,7490,0,3,0.5,uniform,1.0,0.05148158584339336,0.0026503536809506793,ok
real_vs_real,original,956000,957000,7530,0,3,0.5,uniform,1.0,0.05145155535138487,0.002647262548076621,ok
real_vs_real,original,957000,958000,7534,0,3,0.5,uniform,1.0,0.05182032607624321,0.0026853461946481725,ok
real_vs_real,original,958000,959000,7802,0,3,0.5,uniform,1.0,0.0514509446546275,0.0026471997058535425,ok
real_vs_real,original,959000,960000,7970,0,3,0.5,uniform,1.0,0.05140744665841566,0.002642725571937851,ok
real_vs_real,original,960000,961000,7858,0,3,0.5,uniform,1.0,0.05144058710058188,0.002646134001252551,ok
real_vs_real,original,961000,962000,7951,0,3,0.5,uniform,1.0,0.05151021734678642,0.0026533024911131768,ok
real_vs_real,original,962000,963000,7884,0,3,0.5,uniform,1.0,0.05160105918081532,0.002662669308582005,ok
real_vs_real,original,963000,964000,7791,0,3,0.5,uniform,1.0,0.051829180624902244,0.002686263964248742,ok
real_vs_real,original,964000,965000,7761,0,3,0.5,uniform,1.0,0.0517965857636676,0.002682886296772973,ok
real_vs_real,original,965000,966000,7688,0,3,0.5,uniform,1.0,0.05182168980658236,0.002685487534409642,ok
real_vs_real,original,966000,967000,7651,0,3,0.5,uniform,1.0,0.05210989126483362,0.002715440767632783,ok
real_vs_real,original,967000,968000,7604,0,3,0.5,uniform,1.0,0.052067377232672046,0.0027110117718893755,ok
real_vs_real,original,968000,969000,7503,0,3,0.5,uniform,1.0,0.0521373403901043,0.0027183022629536013,ok
real_vs_real,original,969000,970000,7507,0,3,0.5,uniform,1.0,0.052160290730534624,0.002720695929093896,ok
real_vs_real,original,970000,971000,7456,0,3,0.5,uniform,1.0,0.052237122971132595,0.002728717016301229,ok
real_vs_real,original,971000,972000,7379,0,3,0.5,uniform,1.0,0.05238124607636861,0.002743794940513082,ok
real_vs_real,original,972000,973000,7333,0,3,0.5,uniform,1.0,0.05254768563270915,0.002761259265354028,ok
real_vs_real,original,973000,974000,7218,0,3,0.5,uniform,1.0,0.05263494616879257,0.002770437558191692,ok
real_vs_real,original,974000,975000,7279,0,3,0.5,uniform,1.0,0.05249582560559012,0.0027558117060125314,ok
real_vs_real,original,975000,976000,6990,0,3,0.5,uniform,1.0,0.05308721945921357,0.0028182528699107036,ok
real_vs_real,original,976000,977000,7042,0,3,0.5,uniform,1.0,0.053006481522173965,0.0028096870833605697,ok
real_vs_real,original,977000,978000,7010,0,3,0.5,uniform,1.0,0.053281435632895724,0.00283891138310241,ok
real_vs_real,original,978000,979000,6955,0,3,0.5,uniform,1.0,0.05350810726793762,0.002863117543397119,ok
real_vs_real,original,979000,980000,6885,0,3,0.5,uniform,1.0,0.05337185113733635,0.0028485544938259915,ok
real_vs_real,original,980000,981000,6866,0,3,0.5,uniform,1.0,0.05342744392010459,0.002854491763835921,ok
real_vs_real,original,981000,982000,6660,0,3,0.5,uniform,1.0,0.05375669563271715,0.0028897823253485914,ok
real_vs_real,original,982000,983000,6643,0,3,0.5,uniform,1.0,0.053882367576006285,0.0029033095355958534,ok
real_vs_real,original,983000,984000,6601,0,3,0.5,uniform,1.0,0.05419301920386401,0.002936883330430373,ok
real_vs_real,original,984000,985000,6556,0,3,0.5,uniform,1.0,0.053760449564340985,0.002890185937360051,ok
real_vs_real,original,985000,986000,6846,0,3,0.5,uniform,1.0,0.053482846916823465,0.0028604149143283734,ok
real_vs_real,original,986000,987000,6622,0,3,0.5,uniform,1.0,0.05404706095869569,0.002921084798272968,ok
real_vs_real,original,987000,988000,6754,0,3,0.5,uniform,1.0,0.05369129645382374,0.002882755314892386,ok
real_vs_real,original,988000,989000,6772,0,3,0.5,uniform,1.0,0.05396361434388487,0.002912071673055537,ok
real_vs_real,original,989000,990000,6584,0,3,0.5,uniform,1.0,0.054155697687312,0.00293283959199953,ok
real_vs_real,original,990000,991000,6667,0,3,0.5,uniform,1.0,0.05380590905917886,0.002895075849684626,ok
real_vs_real,original,991000,992000,6509,0,3,0.5,uniform,1.0,0.05420702872003005,0.0029384019626541623,ok
real_vs_real,original,992000,993000,6602,0,3,0.5,uniform,1.0,0.054034856447205085,0.0029197657112700606,ok
real_vs_real,original,993000,994000,6588,0,3,0.5,uniform,1.0,0.053778924987040205,0.0028921727727616972,ok
real_vs_real,original,994000,995000,6837,0,3,0.5,uniform,1.0,0.05336206556195692,0.002847510041038589,ok
real_vs_real,original,995000,996000,6818,0,3,0.5,uniform,1.0,0.05355279395315273,0.002867901740188832,ok
real_vs_real,original,996000,997000,6786,0,3,0.5,uniform,1.0,0.053320197939492005,0.0028430435083066077,ok
real_vs_real,original,997000,998000,6761,0,3,0.5,uniform,1.0,0.05325219264325068,0.002835796021313882,ok
real_vs_real,original,998000,999000,6480,0,3,0.5,uniform,1.0,0.05340101188999638,0.002851668070875535,ok
real_vs_real,original,999000,1000000,6467,0,3,0.5,uniform,1.0,0.05307851007637678,0.0028173282319280315,ok
real_vs_real,original,1000000,1001000,6436,0,3,0.5,uniform,1.0,0.05302800205628099,0.002811969002080941,ok
real_vs_real,original,1001000,1002000,6341,0,3,0.5,uniform,1.0,0.05339975307506006,0.0028515336284773863,ok
real_vs_real,original,1002000,1003000,6352,0,3,0.5,uniform,1.0,0.05332298548509261,0.0028433407810433972,ok
real_vs_real,original,1003000,1004000,6353,0,3,0.5,uniform,1.0,0.05334502572653246,0.0028456917697644102,ok
real_vs_real,original,1004000,1005000,6277,0,3,0.5,uniform,1.0,0.05306650848782315,0.0028160543230882065,ok
real_vs_real,original,1005000,1006000,6409,0,3,0.5,uniform,1.0,0.0529517983359565,0.0028038929470118054,ok
real_vs_real,original,1006000,1007000,6144,0,3,0.5,uniform,1.0,0.05334478505838192,0.0028456660929249674,ok
real_vs_real,original,1007000,1008000,6039,0,3,0.5,uniform,1.0,0.052967245859491724,0.002805529133939843,ok
real_vs_real,original,1008000,1009000,6029,0,3,0.5,uniform,1.0,0.05332732428466826,0.002843803515362169,ok
real_vs_real,original,1009000,1010000,5976,0,3,0.5,uniform,1.0,0.05285630761265709,0.002793789254443832,ok
real_vs_real,original,1010000,1011000,5936,0,3,0.5,uniform,1.0,0.05283285828365823,0.0027913109144211143,ok
real_vs_real,original,1011000,1012000,5814,0,3,0.5,uniform,1.0,0.052703768562839905,0.0027776872207253916,ok
real_vs_real,original,1012000,1013000,5783,0,3,0.5,uniform,1.0,0.05103478297583128,0.002604549073390198,ok
real_vs_real,original,1013000,1014000,5616,0,3,0.5,uniform,1.0,0.04928465218910472,0.002428976941401025,ok
real_vs_real,original,1014000,1015000,5528,0,3,0.5,uniform,1.0,0.04436309701098962,0.0019680843764064765,ok
v2e_vs_real,original,15000,16000,17188,0,3,0.5,uniform,1.0,0.03863357635103119,0.0014925532216709565,ok
v2e_vs_real,original,16000,17000,17204,0,3,0.5,uniform,1.0,0.037855329087987284,0.0014330259403598164,ok
v2e_vs_real,original,17000,18000,21724,0,3,0.5,uniform,1.0,0.03651245052612621,0.001333159043422814,ok
v2e_vs_real,original,18000,19000,18075,0,3,0.5,uniform,1.0,0.03634536547539989,0.0013209855915403902,ok
v2e_vs_real,original,19000,20000,17188,0,3,0.5,uniform,1.0,0.035407533436288004,0.0012536934240418528,ok
v2e_vs_real,original,20000,21000,17285,0,3,0.5,uniform,1.0,0.034891403125925716,0.0012174100120958588,ok
v2e_vs_real,original,21000,22000,21056,0,3,0.5,uniform,1.0,0.03444497015231523,0.001186455968793887,ok
v2e_vs_real,original,22000,23000,17390,0,3,0.5,uniform,1.0,0.03439950998335772,0.0011833262870951276,ok
v2e_vs_real,original,23000,24000,17487,0,3,0.5,uniform,1.0,0.0340921844857678,0.0011622770430116264,ok
v2e_vs_real,original,24000,25000,17442,0,3,0.5,uniform,1.0,0.0340989126374555,0.0011627358430568225,ok
v2e_vs_real,original,25000,26000,18003,0,3,0.5,uniform,1.0,0.034965290058079135,0.0012225715088456076,ok
v2e_vs_real,original,26000,27000,22478,0,3,0.5,uniform,1.0,0.034995106618149106,0.0012246574872156236,ok
v2e_vs_real,original,27000,28000,17987,0,3,0.5,uniform,1.0,0.03556786675921175,0.0012650731458010403,ok
v2e_vs_real,original,28000,29000,17973,0,3,0.5,uniform,1.0,0.0359302907499787,0.0012909857933780051,ok
v2e_vs_real,original,29000,30000,17565,0,3,0.5,uniform,1.0,0.03700864320036699,0.0013696396715320697,ok
v2e_vs_real,original,30000,31000,21564,0,3,0.5,uniform,1.0,0.03763272327978253,0.0014162218614526862,ok
v2e_vs_real,original,31000,32000,16886,0,3,0.5,uniform,1.0,0.038997150849462765,0.0015207777743757546,ok
v2e_vs_real,original,32000,33000,16844,0,3,0.5,uniform,1.0,0.0394230683553848,0.0015541783185533424,ok
v2e_vs_real,original,33000,34000,16661,0,3,0.5,uniform,1.0,0.03986603442638361,0.0015893007008856031,ok
v2e_vs_real,original,34000,35000,15260,0,3,0.5,uniform,1.0,0.041339161326390844,0.0017089262591693686,ok
v2e_vs_real,original,35000,36000,17932,0,3,0.5,uniform,1.0,0.041666252774304365,0.0017360766202522261,ok
v2e_vs_real,original,36000,37000,13971,0,3,0.5,uniform,1.0,0.043941749806690356,0.0019308773760737716,ok
v2e_vs_real,original,37000,38000,13766,0,3,0.5,uniform,1.0,0.044995136086485574,0.002024562271441356,ok
v2e_vs_real,original,38000,39000,14309,0,3,0.5,uniform,1.0,0.045556759777468474,0.0020754183614219695,ok
v2e_vs_real,original,39000,40000,18064,0,3,0.5,uniform,1.0,0.044623917879752666,0.0019912940469389096,ok
v2e_vs_real,original,40000,41000,15770,0,3,0.5,uniform,1.0,0.0462181668486784,0.0021361189468522756,ok
v2e_vs_real,original,41000,42000,16573,0,3,0.5,uniform,1.0,0.04620100499198232,0.002134532862269175,ok
v2e_vs_real,original,42000,43000,17698,0,3,0.5,uniform,1.0,0.04635114166523753,0.0021484283336709186,ok
v2e_vs_real,original,43000,44000,22235,0,3,0.5,uniform,1.0,0.04476087066562016,0.0020035355427443753,ok
v2e_vs_real,original,44000,45000,19609,0,3,0.5,uniform,1.0,0.0458589376510829,0.0021030421624859087,ok
v2e_vs_real,original,45000,46000,19540,0,3,0.5,uniform,1.0,0.0458672552020581,0.0021038050997707262,ok
v2e_vs_real,original,46000,47000,19696,0,3,0.5,uniform,1.0,0.04582215606421656,0.002099669986373418,ok
v2e_vs_real,original,47000,48000,20549,0,3,0.5,uniform,1.0,0.04561080778015385,0.0020803457863581426,ok
v2e_vs_real,original,48000,49000,25769,0,3,0.5,uniform,1.0,0.044324895568107266,0.001964696367123615,ok
v2e_vs_real,original,49000,50000,21372,0,3,0.5,uniform,1.0,0.04524408187213888,0.0020470269444528063,ok
v2e_vs_real,original,50000,51000,21014,0,3,0.5,uniform,1.0,0.04522244380454714,0.002045069423655424,ok
v2e_vs_real,original,51000,52000,21371,0,3,0.5,uniform,1.0,0.045039194903506934,0.0020285290775560847,ok
v2e_vs_real,original,52000,53000,25930,0,3,0.5,uniform,1.0,0.04404705449823782,0.0019401430099707329,ok
v2e_vs_real,original,53000,54000,20727,0,3,0.5,uniform,1.0,0.04510691689252477,0.0020346339515491365,ok
v2e_vs_real,original,54000,55000,20154,0,3,0.5,uniform,1.0,0.04517784044040133,0.002041037266858362,ok
v2e_vs_real,original,55000,56000,19801,0,3,0.5,uniform,1.0,0.045252222256756645,0.002047763619174901,ok
v2e_vs_real,original,56000,57000,23500,0,3,0.5,uniform,1.0,0.044219997125095466,0.0019554081457434512,ok
v2e_vs_real,original,57000,58000,19736,0,3,0.5,uniform,1.0,0.04537970204640164,0.002059317357820189,ok
v2e_vs_real,original,58000,59000,19198,0,3,0.5,uniform,1.0,0.04551711628005997,0.0020718078744525006,ok
v2e_vs_real,original,59000,60000,19084,0,3,0.5,uniform,1.0,0.04558618682745443,0.00207810042946758,ok
v2e_vs_real,original,60000,61000,19276,0,3,0.5,uniform,1.0,0.04555353888725336,0.002075124905152504,ok
v2e_vs_real,original,61000,62000,23716,0,3,0.5,uniform,1.0,0.044433218209601506,0.0019743108804620626,ok
v2e_vs_real,original,62000,63000,19424,0,3,0.5,uniform,1.0,0.04563275905358853,0.002082348698842866,ok
v2e_vs_real,original,63000,64000,18878,0,3,0.5,uniform,1.0,0.04566033418321577,0.002084866117722943,ok
v2e_vs_real,original,64000,65000,18365,0,3,0.5,uniform,1.0,0.045708466829494074,0.0020892639399029598,ok
v2e_vs_real,original,65000,66000,21916,0,3,0.5,uniform,1.0,0.04466550864202605,0.0019950076622509035,ok
v2e_vs_real,original,66000,67000,19411,0,3,0.5,uniform,1.0,0.04509006355206091,0.002033113831128892,ok
v2e_vs_real,original,67000,68000,18349,0,3,0.5,uniform,1.0,0.045296249465307456,0.0020517502156233657,ok
v2e_vs_real,original,68000,69000,17706,0,3,0.5,uniform,1.0,0.045496905414381165,0.0020699684022851463,ok
v2e_vs_real,original,69000,70000,21058,0,3,0.5,uniform,1.0,0.04450380678544991,0.001980588818396658,ok
v2e_vs_real,original,70000,71000,17253,0,3,0.5,uniform,1.0,0.04575229380546486,0.002093272388461578,ok
v2e_vs_real,original,71000,72000,17249,0,3,0.5,uniform,1.0,0.04582947025076085,0.0021003403434653738,ok
v2e_vs_real,original,72000,73000,17593,0,3,0.5,uniform,1.0,0.046014257090238916,0.0021173118555666026,ok
v2e_vs_real,original,73000,74000,17907,0,3,0.5,uniform,1.0,0.045989438127828665,0.002115028419313381,ok
v2e_vs_real,original,74000,75000,22845,0,3,0.5,uniform,1.0,0.04464096615461437,0.0019928158592174253,ok
v2e_vs_real,original,75000,76000,18689,0,3,0.5,uniform,1.0,0.045709148008218355,0.002089326211637212,ok
v2e_vs_real,original,76000,77000,18982,0,3,0.5,uniform,1.0,0.04568053504026967,0.002086711281565305,ok
v2e_vs_real,original,77000,78000,19453,0,3,0.5,uniform,1.0,0.045576722157363095,0.0020772376026094723,ok
v2e_vs_real,original,78000,79000,24109,0,3,0.5,uniform,1.0,0.04444403983569381,0.001975272676916738,ok
v2e_vs_real,original,79000,80000,20903,0,3,0.5,uniform,1.0,0.04542515854451494,0.0020634450287943186,ok
v2e_vs_real,original,80000,81000,20780,0,3,0.5,uniform,1.0,0.04518329285896109,0.0020415299535786443,ok
v2e_vs_real,original,81000,82000,21408,0,3,0.5,uniform,1.0,0.045054659710851194,0.0020299223616605977,ok
v2e_vs_real,original,82000,83000,26828,0,3,0.5,uniform,1.0,0.04384258691476464,0.0019221724273786917,ok
v2e_vs_real,original,83000,84000,22394,0,3,0.5,uniform,1.0,0.044903054924148575,0.0020162843415211036,ok
v2e_vs_real,original,84000,85000,22238,0,3,0.5,uniform,1.0,0.04486515052798543,0.002012881731898792,ok
v2e_vs_real,original,85000,86000,22225,0,3,0.5,uniform,1.0,0.0448544297909455,0.002011919871870859,ok
v2e_vs_real,original,86000,87000,22290,0,3,0.5,uniform,1.0,0.04483716712383247,0.002010371555690483,ok
v2e_vs_real,original,87000,88000,27486,0,3,0.5,uniform,1.0,0.04383093635527861,0.0019211509817804845,ok
v2e_vs_real,original,88000,89000,21564,0,3,0.5,uniform,1.0,0.04481599839861816,0.0020084737124649457,ok
v2e_vs_real,original,89000,90000,21153,0,3,0.5,uniform,1.0,0.044943998918034876,0.00201996303874432,ok
v2e_vs_real,original,90000,91000,20700,0,3,0.5,uniform,1.0,0.04490320499889958,0.0020162978191732004,ok
v2e_vs_real,original,91000,92000,24630,0,3,0.5,uniform,1.0,0.04392455897740081,0.0019293668813591622,ok
v2e_vs_real,original,92000,93000,19345,0,3,0.5,uniform,1.0,0.0450291108890176,0.0020276208274554435,ok
v2e_vs_real,original,93000,94000,18936,0,3,0.5,uniform,1.0,0.04513632186865722,0.0020372875518310245,ok
v2e_vs_real,original,94000,95000,18278,0,3,0.5,uniform,1.0,0.04526147173066064,0.002048600823225392,ok
v2e_vs_real,original,95000,96000,22423,0,3,0.5,uniform,1.0,0.04412403506914686,0.0019469304707833018,ok
v2e_vs_real,original,96000,97000,18049,0,3,0.5,uniform,1.0,0.045275174051054363,0.0020498413853532664,ok
v2e_vs_real,original,97000,98000,17399,0,3,0.5,uniform,1.0,0.04545756873727906,0.0020663905555044506,ok
v2e_vs_real,original,98000,99000,16736,0,3,0.5,uniform,1.0,0.04570199908671614,0.0020886727205222033,ok
v2e_vs_real,original,99000,100000,17330,0,3,0.5,uniform,1.0,0.04502869981961116,0.0020275838074446505,ok
v2e_vs_real,original,100000,101000,20258,0,3,0.5,uniform,1.0,0.04409182055627407,0.0019440886399666728,ok
v2e_vs_real,original,101000,102000,15234,0,3,0.5,uniform,1.0,0.04537258343967341,0.0020586713279901257,ok
v2e_vs_real,original,102000,103000,14751,0,3,0.5,uniform,1.0,0.04521220149189523,0.002044143163743734,ok
v2e_vs_real,original,103000,104000,14394,0,3,0.5,uniform,1.0,0.045088815768014136,0.00203300130736192,ok
v2e_vs_real,original,104000,105000,17513,0,3,0.5,uniform,1.0,0.04380912976081942,0.0019192398504003136,ok
v2e_vs_real,original,105000,106000,14296,0,3,0.5,uniform,1.0,0.044936181287159566,0.00201926038867247,ok
v2e_vs_real,original,106000,107000,14186,0,3,0.5,uniform,1.0,0.044746956742607154,0.002002290137724756,ok
v2e_vs_real,original,107000,108000,14570,0,3,0.5,uniform,1.0,0.04402268824895201,0.001937997080664417,ok
v2e_vs_real,original,108000,109000,14848,0,3,0.5,uniform,1.0,0.04328973824070794,0.0018740014369490114,ok
v2e_vs_real,original,109000,110000,19143,0,3,0.5,uniform,1.0,0.04122775633792017,0.0016997278926589169,ok
v2e_vs_real,original,110000,111000,15843,0,3,0.5,uniform,1.0,0.04104392545703791,0.0016846038169228846,ok
v2e_vs_real,original,111000,112000,15844,0,3,0.5,uniform,1.0,0.040049258608315014,0.0016039431150756942,ok
v2e_vs_real,original,112000,113000,15892,0,3,0.5,uniform,1.0,0.039297332281000935,0.001544280324403398,ok
v2e_vs_real,original,113000,114000,19564,0,3,0.5,uniform,1.0,0.03791028939029084,0.0014371900416555985,ok
v2e_vs_real,original,114000,115000,16065,0,3,0.5,uniform,1.0,0.038052094583020946,0.001447961902155172,ok
v2e_vs_real,original,115000,116000,16002,0,3,0.5,uniform,1.0,0.03767687450716929,0.0014195468726289832,ok
v2e_vs_real,original,116000,117000,15703,0,3,0.5,uniform,1.0,0.03751182994056571,0.0014071373854899222,ok
v2e_vs_real,original,117000,118000,20088,0,3,0.5,uniform,1.0,0.03672244254941187,0.0013485377867948553,ok
v2e_vs_real,original,118000,119000,16350,0,3,0.5,uniform,1.0,0.0374742288569769,0.0014043178284250798,ok
v2e_vs_real,original,119000,120000,15668,0,3,0.5,uniform,1.0,0.037637585494827895,0.0014165878418804794,ok
v2e_vs_real,original,120000,121000,15853,0,3,0.5,uniform,1.0,0.03795089721725161,0.0014402705995943958,ok
v2e_vs_real,original,121000,122000,15940,0,3,0.5,uniform,1.0,0.03834373444919193,0.001470241971510148,ok
v2e_vs_real,original,122000,123000,19535,0,3,0.5,uniform,1.0,0.03826826314464557,0.0014644599641078383,ok
v2e_vs_real,original,123000,124000,15836,0,3,0.5,uniform,1.0,0.039265083064110654,0.0015417467480315094,ok
v2e_vs_real,original,124000,125000,15719,0,3,0.5,uniform,1.0,0.03962280499151077,0.0015699666753952906,ok
v2e_vs_real,original,125000,126000,15206,0,3,0.5,uniform,1.0,0.040030168518514264,0.0016024143916206503,ok
v2e_vs_real,original,126000,127000,18060,0,3,0.5,uniform,1.0,0.03956528768431834,0.0015654119895428726,ok
v2e_vs_real,original,127000,128000,14606,0,3,0.5,uniform,1.0,0.040924338517732216,0.0016748014831139404,ok
v2e_vs_real,original,128000,129000,14156,0,3,0.5,uniform,1.0,0.04127254302996609,0.001703422808160402,ok
v2e_vs_real,original,129000,130000,13846,0,3,0.5,uniform,1.0,0.04174949587894505,0.0017430204061460502,ok
v2e_vs_real,original,130000,131000,17120,0,3,0.5,uniform,1.0,0.040602922395482556,0.0016485973070535787,ok
v2e_vs_real,original,131000,132000,13653,0,3,0.5,uniform,1.0,0.04217833240572362,0.0017790117245277154,ok
v2e_vs_real,original,132000,133000,14158,0,3,0.5,uniform,1.0,0.04173135474009676,0.0017415059684437963,ok
v2e_vs_real,original,133000,134000,14672,0,3,0.5,uniform,1.0,0.041859429751926455,0.0017522118591564656,ok
v2e_vs_real,original,134000,135000,14361,0,3,0.5,uniform,1.0,0.042313865408734275,0.0017904632058284792,ok
v2e_vs_real,original,135000,136000,17809,0,3,0.5,uniform,1.0,0.04231452035253395,0.0017905186326650096,ok
v2e_vs_real,original,136000,137000,14419,0,3,0.5,uniform,1.0,0.0438944165540711,0.0019267198046223112,ok
v2e_vs_real,original,137000,138000,14383,0,3,0.5,uniform,1.0,0.04443042012051696,0.001974062232085639,ok
v2e_vs_real,original,138000,139000,14456,0,3,0.5,uniform,1.0,0.04485592106203128,0.0020120536543231818,ok
v2e_vs_real,original,139000,140000,18058,0,3,0.5,uniform,1.0,0.04415928995287923,0.0019500428891424608,ok
v2e_vs_real,original,140000,141000,14532,0,3,0.5,uniform,1.0,0.04562877148924106,0.002081984787617378,ok
v2e_vs_real,original,141000,142000,14633,0,3,0.5,uniform,1.0,0.04598655450806006,0.002114763195522779,ok
v2e_vs_real,original,142000,143000,14810,0,3,0.5,uniform,1.0,0.0460158583050771,0.0021174592155529335,ok
v2e_vs_real,original,143000,144000,18970,0,3,0.5,uniform,1.0,0.044402997515688,0.0019716261883781943,ok
v2e_vs_real,original,144000,145000,16482,0,3,0.5,uniform,1.0,0.045514500029711046,0.0020715697129545666,ok
v2e_vs_real,original,145000,146000,16429,0,3,0.5,uniform,1.0,0.045848733704080845,0.002102106382267719,ok
v2e_vs_real,original,146000,147000,16736,0,3,0.5,uniform,1.0,0.04587222312732641,0.00210426085464322,ok
v2e_vs_real,original,147000,148000,17076,0,3,0.5,uniform,1.0,0.04586332873306283,0.0021034449224769866,ok
v2e_vs_real,original,148000,149000,22167,0,3,0.5,uniform,1.0,0.04437836709427963,0.0019694394659546407,ok
v2e_vs_real,original,149000,150000,18424,0,3,0.5,uniform,1.0,0.04540462909364631,0.0020615803431315925,ok
v2e_vs_real,original,150000,151000,18610,0,3,0.5,uniform,1.0,0.04528138445179669,0.002050403777871415,ok
v2e_vs_real,original,151000,152000,19317,0,3,0.5,uniform,1.0,0.04525028488372247,0.002047588282058042,ok
v2e_vs_real,original,152000,153000,24001,0,3,0.5,uniform,1.0,0.044208461001233205,0.0019543880240975573,ok
v2e_vs_real,original,153000,154000,20114,0,3,0.5,uniform,1.0,0.045203468261556426,0.002043353542873539,ok
v2e_vs_real,original,154000,155000,20181,0,3,0.5,uniform,1.0,0.045162148981760394,0.0020396197006507214,ok
v2e_vs_real,original,155000,156000,20160,0,3,0.5,uniform,1.0,0.04522088922613231,0.0020449288224021287,ok
v2e_vs_real,original,156000,157000,25163,0,3,0.5,uniform,1.0,0.04406082959679925,0.001941356704758181,ok
v2e_vs_real,original,157000,158000,20813,0,3,0.5,uniform,1.0,0.04500605060475152,0.0020255445910374544,ok
v2e_vs_real,original,158000,159000,20848,0,3,0.5,uniform,1.0,0.04497610796507577,0.0020228502876861523,ok
v2e_vs_real,original,159000,160000,21142,0,3,0.5,uniform,1.0,0.04506936293838774,0.0020312474756721184,ok
v2e_vs_real,original,160000,161000,20803,0,3,0.5,uniform,1.0,0.044965482458569045,0.00202189461273188,ok
v2e_vs_real,original,161000,162000,25303,0,3,0.5,uniform,1.0,0.043931591908168685,0.0019299847675858725,ok
v2e_vs_real,original,162000,163000,20197,0,3,0.5,uniform,1.0,0.04496651715158863,0.002021987664744114,ok
v2e_vs_real,original,163000,164000,19532,0,3,0.5,uniform,1.0,0.04511682130318999,0.002035527564503978,ok
v2e_vs_real,original,164000,165000,18617,0,3,0.5,uniform,1.0,0.04531637647628192,0.0020535739769401177,ok
v2e_vs_real,original,165000,166000,22441,0,3,0.5,uniform,1.0,0.04415039888184024,0.0019492577214255998,ok
v2e_vs_real,original,166000,167000,19457,0,3,0.5,uniform,1.0,0.044506895385210014,0.0019808637368300282,ok
v2e_vs_real,original,167000,168000,19454,0,3,0.5,uniform,1.0,0.044589084636495406,0.001988186468720551,ok
v2e_vs_real,original,168000,169000,19361,0,3,0.5,uniform,1.0,0.04472569599572093,0.0020003878823016473,ok
v2e_vs_real,original,169000,170000,23551,0,3,0.5,uniform,1.0,0.04381117987771363,0.0019194194822773796,ok
v2e_vs_real,original,170000,171000,18962,0,3,0.5,uniform,1.0,0.044993009634565796,0.0020243709159761306,ok
v2e_vs_real,original,171000,172000,18739,0,3,0.5,uniform,1.0,0.04521767783826124,0.002044638389084782,ok
v2e_vs_real,original,172000,173000,18574,0,3,0.5,uniform,1.0,0.045194085841645415,0.0020425053950620144,ok
v2e_vs_real,original,173000,174000,18974,0,3,0.5,uniform,1.0,0.04515462614643623,0.002038940262424422,ok
v2e_vs_real,original,174000,175000,24869,0,3,0.5,uniform,1.0,0.04400473042418421,0.0019364162997051234,ok
v2e_vs_real,original,175000,176000,20579,0,3,0.5,uniform,1.0,0.04511400748210394,0.00203527367109533,ok
v2e_vs_real,original,176000,177000,21055,0,3,0.5,uniform,1.0,0.04501866041428768,0.002026679785496953,ok
v2e_vs_real,original,177000,178000,21320,0,3,0.5,uniform,1.0,0.0450551122971719,0.0020299631441107703,ok
v2e_vs_real,original,178000,179000,26699,0,3,0.5,uniform,1.0,0.043873136799700826,0.0019248521326452632,ok
v2e_vs_real,original,179000,180000,22623,0,3,0.5,uniform,1.0,0.04471934137573062,0.001999819493079133,ok
v2e_vs_real,original,180000,181000,22218,0,3,0.5,uniform,1.0,0.04479061584998254,0.002006199268220707,ok
v2e_vs_real,original,181000,182000,22395,0,3,0.5,uniform,1.0,0.04473161736999104,0.0020009175925352844,ok
v2e_vs_real,original,182000,183000,27189,0,3,0.5,uniform,1.0,0.04365232215341282,0.0019055252293853353,ok
v2e_vs_real,original,183000,184000,22478,0,3,0.5,uniform,1.0,0.04453392749762022,0.001983270698363294,ok
v2e_vs_real,original,184000,185000,22173,0,3,0.5,uniform,1.0,0.044683789196715576,0.0019966410169765156,ok
v2e_vs_real,original,185000,186000,22252,0,3,0.5,uniform,1.0,0.044661145197192095,0.001994617890324675,ok
v2e_vs_real,original,186000,187000,22190,0,3,0.5,uniform,1.0,0.04471895726319232,0.001999785138707221,ok
v2e_vs_real,original,187000,188000,26868,0,3,0.5,uniform,1.0,0.043719735970352835,0.0019114153133173637,ok
v2e_vs_real,original,188000,189000,21662,0,3,0.5,uniform,1.0,0.0447899423638723,0.0020061389369590023,ok
v2e_vs_real,original,189000,190000,20972,0,3,0.5,uniform,1.0,0.0449432964191189,0.0020198998930167854,ok
v2e_vs_real,original,190000,191000,21239,0,3,0.5,uniform,1.0,0.04489999711392161,0.0020160097408301694,ok
v2e_vs_real,original,191000,192000,26487,0,3,0.5,uniform,1.0,0.043895565448528975,0.0019268206660460908,ok
v2e_vs_real,original,192000,193000,21969,0,3,0.5,uniform,1.0,0.04481231850194957,0.0020081438895201715,ok
v2e_vs_real,original,193000,194000,20692,0,3,0.5,uniform,1.0,0.044992792351015665,0.0020243513635416137,ok
v2e_vs_real,original,194000,195000,20641,0,3,0.5,uniform,1.0,0.04495931266310831,0.0020213397951391317,ok
v2e_vs_real,original,195000,196000,24219,0,3,0.5,uniform,1.0,0.04399400272186048,0.0019354722754910674,ok
v2e_vs_real,original,196000,197000,18711,0,3,0.5,uniform,1.0,0.04517274316500538,0.00204057672505154,ok
v2e_vs_real,original,197000,198000,17757,0,3,0.5,uniform,1.0,0.045303162734144316,0.0020523765537163625,ok
v2e_vs_real,original,198000,199000,16863,0,3,0.5,uniform,1.0,0.04543918616982865,0.0020647196397763474,ok
v2e_vs_real,original,199000,200000,16596,0,3,0.5,uniform,1.0,0.045078416415619375,0.0020320636265399824,ok
v2e_vs_real,original,200000,201000,20424,0,3,0.5,uniform,1.0,0.04376637298179284,0.0019154954039814064,ok
v2e_vs_real,original,201000,202000,15853,0,3,0.5,uniform,1.0,0.04462511212418996,0.0019914006320965257,ok
v2e_vs_real,original,202000,203000,15237,0,3,0.5,uniform,1.0,0.044348939336229035,0.001966828420248523,ok
v2e_vs_real,original,203000,204000,14989,0,3,0.5,uniform,1.0,0.04416418590825578,0.0019504753169389782,ok
v2e_vs_real,original,204000,205000,18355,0,3,0.5,uniform,1.0,0.04234541104985876,0.0017931338369815005,ok
v2e_vs_real,original,205000,206000,15686,0,3,0.5,uniform,1.0,0.042772900326519786,0.0018295210023423964,ok
v2e_vs_real,original,206000,207000,15389,0,3,0.5,uniform,1.0,0.04208462083782263,0.0017711153110632945,ok
v2e_vs_real,original,207000,208000,15769,0,3,0.5,uniform,1.0,0.04168710460755028,0.0017378146905608397,ok
v2e_vs_real,original,208000,209000,19026,0,3,0.5,uniform,1.0,0.04078538150189049,0.0016634473442547512,ok
v2e_vs_real,original,209000,210000,15686,0,3,0.5,uniform,1.0,0.04188523658930243,0.0017543730441418393,ok
v2e_vs_real,original,210000,211000,15485,0,3,0.5,uniform,1.0,0.041875370030101264,0.0017535466151579033,ok
v2e_vs_real,original,211000,212000,15246,0,3,0.5,uniform,1.0,0.0414613617374355,0.0017190445171224801,ok
v2e_vs_real,original,212000,213000,15304,0,3,0.5,uniform,1.0,0.04087442352023394,0.0016707184981114534,ok
v2e_vs_real,original,213000,214000,19228,0,3,0.5,uniform,1.0,0.03931124900684333,0.0015453742984780406,ok
v2e_vs_real,original,214000,215000,15343,0,3,0.5,uniform,1.0,0.039039023118486574,0.0015240453260457294,ok
v2e_vs_real,original,215000,216000,15241,0,3,0.5,uniform,1.0,0.037938668266297444,0.0014393425498201646,ok
v2e_vs_real,original,216000,217000,15220,0,3,0.5,uniform,1.0,0.03709633745176931,0.0013761382523355425,ok
v2e_vs_real,original,217000,218000,18822,0,3,0.5,uniform,1.0,0.03580141688765608,0.0012817414511637464,ok
v2e_vs_real,original,218000,219000,15111,0,3,0.5,uniform,1.0,0.03505124864068693,0.0012285900312712572,ok
v2e_vs_real,original,219000,220000,15126,0,3,0.5,uniform,1.0,0.03436795692195682,0.00118115646298948,ok
v2e_vs_real,original,220000,221000,14783,0,3,0.5,uniform,1.0,0.033955420883885166,0.0011529706074017848,ok
v2e_vs_real,original,221000,222000,18383,0,3,0.5,uniform,1.0,0.033964971960876535,0.0011536193203031293,ok
v2e_vs_real,original,222000,223000,14534,0,3,0.5,uniform,1.0,0.03426895365099401,0.0011743611843339755,ok
v2e_vs_real,original,223000,224000,14661,0,3,0.5,uniform,1.0,0.03397073141679089,0.0011540105929917434,ok
v2e_vs_real,original,224000,225000,14832,0,3,0.5,uniform,1.0,0.034265261528095815,0.001174108147588803,ok
v2e_vs_real,original,225000,226000,15009,0,3,0.5,uniform,1.0,0.03488194433465223,0.0012167500405657768,ok
v2e_vs_real,original,226000,227000,18539,0,3,0.5,uniform,1.0,0.0350665335153488,0.001229661772783081,ok
v2e_vs_real,original,227000,228000,14655,0,3,0.5,uniform,1.0,0.03605377637670121,0.0012998747910211782,ok
v2e_vs_real,original,228000,229000,14492,0,3,0.5,uniform,1.0,0.0369404157531539,0.0013645943160158608,ok
v2e_vs_real,original,229000,230000,14170,0,3,0.5,uniform,1.0,0.0380781238686439,0.0014499435173557882,ok
v2e_vs_real,original,230000,231000,17141,0,3,0.5,uniform,1.0,0.03864456623565503,0.0014934024995419284,ok
v2e_vs_real,original,231000,232000,13648,0,3,0.5,uniform,1.0,0.040366698238936544,0.0016294703267133626,ok
v2e_vs_real,original,232000,233000,13850,0,3,0.5,uniform,1.0,0.04085306718261289,0.0016689730982270825,ok
v2e_vs_real,original,233000,234000,13652,0,3,0.5,uniform,1.0,0.041330157026393234,0.001708181879826322,ok
v2e_vs_real,original,234000,235000,12537,0,3,0.5,uniform,1.0,0.04247361564095682,0.001804008025615732,ok
v2e_vs_real,original,235000,236000,14764,0,3,0.5,uniform,1.0,0.04288088998115684,0.001838770725576077,ok
v2e_vs_real,original,236000,237000,11876,0,3,0.5,uniform,1.0,0.04557409288884109,0.0020769979426407156,ok
v2e_vs_real,original,237000,238000,12413,0,3,0.5,uniform,1.0,0.04624773761718269,0.002138853234707775,ok
v2e_vs_real,original,238000,239000,12731,0,3,0.5,uniform,1.0,0.04686215973950552,0.002196062015450932,ok
v2e_vs_real,original,239000,240000,16697,0,3,0.5,uniform,1.0,0.0454194044423076,0.0020629222998939114,ok
v2e_vs_real,original,240000,241000,15141,0,3,0.5,uniform,1.0,0.046940500775945755,0.0022034106130965642,ok
v2e_vs_real,original,241000,242000,16099,0,3,0.5,uniform,1.0,0.04698590271682403,0.002207675054114851,ok
v2e_vs_real,original,242000,243000,16937,0,3,0.5,uniform,1.0,0.046872191977205845,0.00219700238074804,ok
v2e_vs_real,original,243000,244000,21571,0,3,0.5,uniform,1.0,0.04514915306369612,0.0020384460223690608,ok
v2e_vs_real,original,244000,245000,18890,0,3,0.5,uniform,1.0,0.04617978655923045,0.002132572686656081,ok
v2e_vs_real,original,245000,246000,18955,0,3,0.5,uniform,1.0,0.04613852200794428,0.0021287632130775583,ok
v2e_vs_real,original,246000,247000,19325,0,3,0.5,uniform,1.0,0.04601715669404754,0.0021175787102045243,ok
v2e_vs_real,original,247000,248000,19653,0,3,0.5,uniform,1.0,0.04591688222260792,0.0021083600730448467,ok
v2e_vs_real,original,248000,249000,24715,0,3,0.5,uniform,1.0,0.04458000944038855,0.001987377241705132,ok
v2e_vs_real,original,249000,250000,19955,0,3,0.5,uniform,1.0,0.04563265435797393,0.002082339143754317,ok
v2e_vs_real,original,250000,251000,20098,0,3,0.5,uniform,1.0,0.04551192045500284,0.0020713349035025056,ok
v2e_vs_real,original,251000,252000,20435,0,3,0.5,uniform,1.0,0.04541129335883498,0.00206218556452217,ok
v2e_vs_real,original,252000,253000,25447,0,3,0.5,uniform,1.0,0.04426585589930241,0.0019594659984978062,ok
v2e_vs_real,original,253000,254000,20274,0,3,0.5,uniform,1.0,0.04539278586245886,0.0020605050083550448,ok
v2e_vs_real,original,254000,255000,20048,0,3,0.5,uniform,1.0,0.04542029678410085,0.0020630033599558025,ok
v2e_vs_real,original,255000,256000,19685,0,3,0.5,uniform,1.0,0.04538125514127125,0.002059458318197158,ok
v2e_vs_real,original,256000,257000,23370,0,3,0.5,uniform,1.0,0.04430755236055821,0.001963159196183607,ok
v2e_vs_real,original,257000,258000,19741,0,3,0.5,uniform,1.0,0.04545669731826427,0.0020663113310842945,ok
v2e_vs_real,original,258000,259000,19138,0,3,0.5,uniform,1.0,0.04568779989489848,0.002087375059236286,ok
v2e_vs_real,original,259000,260000,18768,0,3,0.5,uniform,1.0,0.04561844489373514,0.00208104251452275,ok
v2e_vs_real,original,260000,261000,19150,0,3,0.5,uniform,1.0,0.04560686576757072,0.0020799862051412137,ok
v2e_vs_real,original,261000,262000,23702,0,3,0.5,uniform,1.0,0.04445609806875417,0.001976344655498688,ok
v2e_vs_real,original,262000,263000,18820,0,3,0.5,uniform,1.0,0.04562678142605906,0.002081803183301368,ok
v2e_vs_real,original,263000,264000,18715,0,3,0.5,uniform,1.0,0.04568302587866953,0.00208693885343119,ok
v2e_vs_real,original,264000,265000,18010,0,3,0.5,uniform,1.0,0.04578942824644708,0.0020966717391365255,ok
v2e_vs_real,original,265000,266000,21826,0,3,0.5,uniform,1.0,0.04453775694050209,0.001983611793291242,ok
v2e_vs_real,original,266000,267000,21541,0,3,0.5,uniform,1.0,0.045205678183865394,0.0020435533400632038,ok
v2e_vs_real,original,267000,268000,15678,0,3,0.5,uniform,1.0,0.04745836881869928,0.0022522967709316883,ok
v2e_vs_real,original,268000,269000,18959,0,3,0.5,uniform,1.0,0.04592813813385374,0.00210939387244235,ok
v2e_vs_real,original,269000,270000,18436,0,3,0.5,uniform,1.0,0.04615597754830448,0.0021303742634395874,ok
v2e_vs_real,original,270000,271000,18152,0,3,0.5,uniform,1.0,0.046318632932954656,0.0021454157567777914,ok
v2e_vs_real,original,271000,272000,18290,0,3,0.5,uniform,1.0,0.0464337779859965,0.0021560957380528135,ok
v2e_vs_real,original,272000,273000,18582,0,3,0.5,uniform,1.0,0.046380364450805185,0.002151138206589513,ok
v2e_vs_real,original,273000,274000,18568,0,3,0.5,uniform,1.0,0.04643301959001738,0.002156025308246938,ok
v2e_vs_real,original,274000,275000,19352,0,3,0.5,uniform,1.0,0.04614155197456086,0.0021290428186211013,ok
v2e_vs_real,original,275000,276000,19819,0,3,0.5,uniform,1.0,0.04596841498565945,0.0021130951762938,ok
v2e_vs_real,original,276000,277000,19728,0,3,0.5,uniform,1.0,0.04596505661525173,0.002112786429643297,ok
v2e_vs_real,original,277000,278000,15445,0,3,0.5,uniform,1.0,0.04769796910202765,0.0022750962564579845,ok
v2e_vs_real,original,278000,279000,20609,0,3,0.5,uniform,1.0,0.04575273476325612,0.002093312738316865,ok
v2e_vs_real,original,279000,280000,21070,0,3,0.5,uniform,1.0,0.04557188496957977,0.0020767966996806104,ok
v2e_vs_real,original,280000,281000,21900,0,3,0.5,uniform,1.0,0.045296414148633765,0.002051765134724549,ok
v2e_vs_real,original,281000,282000,22698,0,3,0.5,uniform,1.0,0.04516557194325165,0.002039928888961041,ok
v2e_vs_real,original,282000,283000,23238,0,3,0.5,uniform,1.0,0.04497546337506743,0.0020227923058020315,ok
v2e_vs_real,original,283000,284000,23383,0,3,0.5,uniform,1.0,0.044967170987413915,0.0020220464666113195,ok
v2e_vs_real,original,284000,285000,23505,0,3,0.5,uniform,1.0,0.044989523940338075,0.0020240572643782525,ok
v2e_vs_real,original,285000,286000,23542,0,3,0.5,uniform,1.0,0.044958259310561126,0.002021245080235656,ok
v2e_vs_real,original,286000,287000,23562,0,3,0.5,uniform,1.0,0.04501300463177228,0.0020261705859799532,ok
v2e_vs_real,original,287000,288000,17665,0,3,0.5,uniform,1.0,0.0467765519272043,0.00218804581019844,ok
v2e_vs_real,original,288000,289000,23128,0,3,0.5,uniform,1.0,0.04500818848734022,0.0020257370309119446,ok
v2e_vs_real,original,289000,290000,22736,0,3,0.5,uniform,1.0,0.045040354003351615,0.002028633488747232,ok
v2e_vs_real,original,290000,291000,22024,0,3,0.5,uniform,1.0,0.04518405284857224,0.0020415986318225695,ok
v2e_vs_real,original,291000,292000,21413,0,3,0.5,uniform,1.0,0.04518848968556689,0.0020419996000625856,ok
v2e_vs_real,original,292000,293000,20747,0,3,0.5,uniform,1.0,0.045203522862271674,0.002043358479159918,ok
v2e_vs_real,original,293000,294000,19936,0,3,0.5,uniform,1.0,0.045331644117253496,0.0020549579583733235,ok
v2e_vs_real,original,294000,295000,19525,0,3,0.5,uniform,1.0,0.04542414771322325,0.0020633531954727252,ok
v2e_vs_real,original,295000,296000,19228,0,3,0.5,uniform,1.0,0.04547982047097507,0.002068414070072123,ok
v2e_vs_real,original,296000,297000,18890,0,3,0.5,uniform,1.0,0.045623142477857044,0.002081471129554844,ok
v2e_vs_real,original,297000,298000,13673,0,3,0.5,uniform,1.0,0.04773307029039416,0.00227844599934771,ok
v2e_vs_real,original,298000,299000,17577,0,3,0.5,uniform,1.0,0.0460097485829447,0.0021168969646657818,ok
v2e_vs_real,original,299000,300000,18229,0,3,0.5,uniform,1.0,0.04519927909444353,0.0020429748306574,ok
v2e_vs_real,original,300000,301000,16973,0,3,0.5,uniform,1.0,0.045408017021079626,0.002061888009786657,ok
v2e_vs_real,original,301000,302000,16219,0,3,0.5,uniform,1.0,0.04540982445302798,0.0020620521568548177,ok
v2e_vs_real,original,302000,303000,15728,0,3,0.5,uniform,1.0,0.045330143156863956,0.00205482187862178,ok
v2e_vs_real,original,303000,304000,15469,0,3,0.5,uniform,1.0,0.04532917692344337,0.002054734280556831,ok
v2e_vs_real,original,304000,305000,15342,0,3,0.5,uniform,1.0,0.045160572263132574,0.002039477287133619,ok
v2e_vs_real,original,305000,306000,15173,0,3,0.5,uniform,1.0,0.0452833479104538,0.0020505815979792,ok
v2e_vs_real,original,306000,307000,15488,0,3,0.5,uniform,1.0,0.045166387959438364,0.002040002601302499,ok
v2e_vs_real,original,307000,308000,11811,0,3,0.5,uniform,1.0,0.046797064654518376,0.002189965260279173,ok
v2e_vs_real,original,308000,309000,16319,0,3,0.5,uniform,1.0,0.04364896893714358,0.0019052324892757252,ok
v2e_vs_real,original,309000,310000,16723,0,3,0.5,uniform,1.0,0.042744496394636435,0.001827091972031087,ok
v2e_vs_real,original,310000,311000,17121,0,3,0.5,uniform,1.0,0.04157501560516896,0.001728481922570043,ok
v2e_vs_real,original,311000,312000,17202,0,3,0.5,uniform,1.0,0.0403731734309503,0.0016299931328855916,ok
v2e_vs_real,original,312000,313000,17191,0,3,0.5,uniform,1.0,0.039230029783430875,0.0015389952368088738,ok
v2e_vs_real,original,313000,314000,17406,0,3,0.5,uniform,1.0,0.03844269315672388,0.0014778406571420248,ok
v2e_vs_real,original,314000,315000,17138,0,3,0.5,uniform,1.0,0.037790142231005255,0.001428094849839607,ok
v2e_vs_real,original,315000,316000,17695,0,3,0.5,uniform,1.0,0.03743848743237917,0.0014016403412244129,ok
v2e_vs_real,original,316000,317000,17429,0,3,0.5,uniform,1.0,0.037651710109648136,0.0014176512741809798,ok
v2e_vs_real,original,317000,318000,13212,0,3,0.5,uniform,1.0,0.03914859943502169,0.0015326128377237806,ok
v2e_vs_real,original,318000,319000,17325,0,3,0.5,uniform,1.0,0.03803480948718416,0.001446646732726394,ok
v2e_vs_real,original,319000,320000,17048,0,3,0.5,uniform,1.0,0.038409523230120424,0.0014752914747651604,ok
v2e_vs_real,original,320000,321000,17281,0,3,0.5,uniform,1.0,0.03873553746787037,0.0015004418629247893,ok
v2e_vs_real,original,321000,322000,17514,0,3,0.5,uniform,1.0,0.03898316336755307,0.001519687026141332,ok
v2e_vs_real,original,322000,323000,17419,0,3,0.5,uniform,1.0,0.039380219644036485,0.0015508016992125569,ok
v2e_vs_real,original,323000,324000,17218,0,3,0.5,uniform,1.0,0.039513806904482474,0.0015613409360847267,ok
v2e_vs_real,original,324000,325000,16997,0,3,0.5,uniform,1.0,0.039783161985180795,0.0015826999775391346,ok
v2e_vs_real,original,325000,326000,16279,0,3,0.5,uniform,1.0,0.040350221164212864,0.0016281403480008917,ok
v2e_vs_real,original,326000,327000,15284,0,3,0.5,uniform,1.0,0.0414771281846561,0.0017203521624463932,ok
v2e_vs_real,original,327000,328000,11292,0,3,0.5,uniform,1.0,0.04390908326201269,0.0019280075929103628,ok
v2e_vs_real,original,328000,329000,14633,0,3,0.5,uniform,1.0,0.04240537891896564,0.0017982161612610556,ok
v2e_vs_real,original,329000,330000,14697,0,3,0.5,uniform,1.0,0.042373586150223574,0.0017955208032304193,ok
v2e_vs_real,original,330000,331000,14364,0,3,0.5,uniform,1.0,0.042640360645319765,0.0018182003559629348,ok
v2e_vs_real,original,331000,332000,13941,0,3,0.5,uniform,1.0,0.04287503214795614,0.0018382683816882727,ok
v2e_vs_real,original,332000,333000,15106,0,3,0.5,uniform,1.0,0.042000636580117205,0.0017640534731350797,ok
v2e_vs_real,original,333000,334000,15768,0,3,0.5,uniform,1.0,0.04232069840163996,0.0017910415132025709,ok
v2e_vs_real,original,334000,335000,15475,0,3,0.5,uniform,1.0,0.0433377221245758,0.0018781581589469472,ok
v2e_vs_real,original,335000,336000,15747,0,3,0.5,uniform,1.0,0.04413732496382442,0.0019481034549622385,ok
v2e_vs_real,original,336000,337000,15614,0,3,0.5,uniform,1.0,0.04471812766566292,0.001999710941922527,ok
v2e_vs_real,original,337000,338000,11643,0,3,0.5,uniform,1.0,0.0474456523120931,0.002251089923320025,ok
v2e_vs_real,original,338000,339000,15574,0,3,0.5,uniform,1.0,0.04572225748394841,0.0020905248294284763,ok
v2e_vs_real,original,339000,340000,15324,0,3,0.5,uniform,1.0,0.04605326241692262,0.0021209029792419376,ok
v2e_vs_real,original,340000,341000,15270,0,3,0.5,uniform,1.0,0.0462286163100115,0.0021370849659382613,ok
v2e_vs_real,original,341000,342000,15528,0,3,0.5,uniform,1.0,0.04647067650082133,0.0021595237744439877,ok
v2e_vs_real,original,342000,343000,15847,0,3,0.5,uniform,1.0,0.04649835628462549,0.0021620971371719704,ok
v2e_vs_real,original,343000,344000,16476,0,3,0.5,uniform,1.0,0.046369118633588696,0.0021500951628558224,ok
v2e_vs_real,original,344000,345000,17531,0,3,0.5,uniform,1.0,0.0461622912741346,0.002130957135678043,ok
v2e_vs_real,original,345000,346000,17805,0,3,0.5,uniform,1.0,0.046299222082986806,0.0021436179654897333,ok
v2e_vs_real,original,346000,347000,17932,0,3,0.5,uniform,1.0,0.04644428057784785,0.002157071198393855,ok
v2e_vs_real,original,347000,348000,13681,0,3,0.5,uniform,1.0,0.04833179553352982,0.0023359624594949334,ok
v2e_vs_real,original,348000,349000,18421,0,3,0.5,uniform,1.0,0.046275493519306925,0.002141421300455417,ok
v2e_vs_real,original,349000,350000,19552,0,3,0.5,uniform,1.0,0.045790915311815006,0.002096807925093814,ok
v2e_vs_real,original,350000,351000,20274,0,3,0.5,uniform,1.0,0.04566663068693771,0.0020854411582971605,ok
v2e_vs_real,original,351000,352000,20622,0,3,0.5,uniform,1.0,0.045675721987688905,0.0020862715790966476,ok
v2e_vs_real,original,352000,353000,21060,0,3,0.5,uniform,1.0,0.04564532489202391,0.0020834956844984175,ok
v2e_vs_real,original,353000,354000,21259,0,3,0.5,uniform,1.0,0.045560996042714,0.0020758043604042005,ok
v2e_vs_real,original,354000,355000,21531,0,3,0.5,uniform,1.0,0.04545878283155232,0.002066500936526236,ok
v2e_vs_real,original,355000,356000,21733,0,3,0.5,uniform,1.0,0.04540040023773202,0.0020611963417462575,ok
v2e_vs_real,original,356000,357000,21601,0,3,0.5,uniform,1.0,0.04541223079312186,0.002062270705607765,ok
v2e_vs_real,original,357000,358000,16224,0,3,0.5,uniform,1.0,0.047118610307644804,0.0022201634373236914,ok
v2e_vs_real,original,358000,359000,21891,0,3,0.5,uniform,1.0,0.045304795478519885,0.002052524493350516,ok
v2e_vs_real,original,359000,360000,21731,0,3,0.5,uniform,1.0,0.04521899998524115,0.0020447579596652387,ok
v2e_vs_real,original,360000,361000,21758,0,3,0.5,uniform,1.0,0.045143776947661994,0.0020379605971002587,ok
v2e_vs_real,original,361000,362000,21451,0,3,0.5,uniform,1.0,0.0451985701070319,0.0020429107397202774,ok
v2e_vs_real,original,362000,363000,21321,0,3,0.5,uniform,1.0,0.045277968217081625,0.0020500944058670536,ok
v2e_vs_real,original,363000,364000,20968,0,3,0.5,uniform,1.0,0.045352967079598565,0.0020568916229231514,ok
v2e_vs_real,original,364000,365000,19768,0,3,0.5,uniform,1.0,0.04570025130385073,0.00208851296923511,ok
v2e_vs_real,original,365000,366000,19422,0,3,0.5,uniform,1.0,0.045539933528237625,0.0020738855457563014,ok
v2e_vs_real,original,366000,367000,20431,0,3,0.5,uniform,1.0,0.04479593829996843,0.0020066760881745785,ok
v2e_vs_real,original,367000,368000,15656,0,3,0.5,uniform,1.0,0.0466841987377428,0.0021794144117850667,ok
v2e_vs_real,original,368000,369000,21049,0,3,0.5,uniform,1.0,0.04512274595531471,0.00203606220254787,ok
v2e_vs_real,original,369000,370000,21057,0,3,0.5,uniform,1.0,0.045242150550111715,0.002046852186398974,ok
v2e_vs_real,original,370000,371000,20447,0,3,0.5,uniform,1.0,0.045405670299219304,0.002061674895321406,ok
v2e_vs_real,original,371000,372000,20485,0,3,0.5,uniform,1.0,0.04545504016077732,0.002066160676017879,ok
v2e_vs_real,original,372000,373000,21020,0,3,0.5,uniform,1.0,0.04537907318149862,0.002059260282811807,ok
v2e_vs_real,original,373000,374000,21708,0,3,0.5,uniform,1.0,0.04529095000085268,0.0020512701519797374,ok
v2e_vs_real,original,374000,375000,22315,0,3,0.5,uniform,1.0,0.04516645751855971,0.002040008884775859,ok
v2e_vs_real,original,375000,376000,22658,0,3,0.5,uniform,1.0,0.04516836787476058,0.0020401814564697035,ok
v2e_vs_real,original,376000,377000,23260,0,3,0.5,uniform,1.0,0.045115387024430395,0.0020353981463641425,ok
v2e_vs_real,original,377000,378000,17503,0,3,0.5,uniform,1.0,0.046863053012716316,0.0021961457376726595,ok
v2e_vs_real,original,378000,379000,23454,0,3,0.5,uniform,1.0,0.04499712355147258,0.002024741127906489,ok
v2e_vs_real,original,379000,380000,23867,0,3,0.5,uniform,1.0,0.04484357625571942,0.0020109463314025226,ok
v2e_vs_real,original,380000,381000,23993,0,3,0.5,uniform,1.0,0.044837695673723005,0.002010418953329399,ok
v2e_vs_real,original,381000,382000,24536,0,3,0.5,uniform,1.0,0.04470811606239841,0.0019988156418488867,ok
v2e_vs_real,original,382000,383000,24469,0,3,0.5,uniform,1.0,0.044589628438232796,0.001988234964259659,ok
v2e_vs_real,original,383000,384000,24272,0,3,0.5,uniform,1.0,0.04465498318679341,0.001994067523412802,ok
v2e_vs_real,original,384000,385000,24450,0,3,0.5,uniform,1.0,0.044655055647918475,0.0019940739949186955,ok
v2e_vs_real,original,385000,386000,24351,0,3,0.5,uniform,1.0,0.04467638533364245,0.0019959794064801023,ok
v2e_vs_real,original,386000,387000,23994,0,3,0.5,uniform,1.0,0.044761353294946536,0.0020035787487950214,ok
v2e_vs_real,original,387000,388000,17665,0,3,0.5,uniform,1.0,0.046528845084557464,0.002164933424902747,ok
v2e_vs_real,original,388000,389000,23113,0,3,0.5,uniform,1.0,0.04490259440944279,0.0020162429846989228,ok
v2e_vs_real,original,389000,390000,22837,0,3,0.5,uniform,1.0,0.044975790896788416,0.002022821766791636,ok
v2e_vs_real,original,390000,391000,23140,0,3,0.5,uniform,1.0,0.0449816549654978,0.002023349283435093,ok
v2e_vs_real,original,391000,392000,23621,0,3,0.5,uniform,1.0,0.04493784303212463,0.0020194097363798722,ok
v2e_vs_real,original,392000,393000,23363,0,3,0.5,uniform,1.0,0.04485699277639733,0.002012149800941762,ok
v2e_vs_real,original,393000,394000,22623,0,3,0.5,uniform,1.0,0.04485707239502633,0.002012156943852633,ok
v2e_vs_real,original,394000,395000,21842,0,3,0.5,uniform,1.0,0.044884911021745175,0.0020146552374299817,ok
v2e_vs_real,original,395000,396000,21063,0,3,0.5,uniform,1.0,0.0449609315202463,0.0020214853631682775,ok
v2e_vs_real,original,396000,397000,20170,0,3,0.5,uniform,1.0,0.04503224424838556,0.0020279030220462547,ok
v2e_vs_real,original,397000,398000,14423,0,3,0.5,uniform,1.0,0.04693927401409882,0.0022032954449706533,ok
v2e_vs_real,original,398000,399000,18000,0,3,0.5,uniform,1.0,0.04523454013078542,0.0020461636208436366,ok
v2e_vs_real,original,399000,400000,16712,0,3,0.5,uniform,1.0,0.044860712132009394,0.002012483492991015,ok
v2e_vs_real,original,400000,401000,19968,0,3,0.5,uniform,1.0,0.04361242173402839,0.001902043329506752,ok
v2e_vs_real,original,401000,402000,15181,0,3,0.5,uniform,1.0,0.044531125691672356,0.0019830211553675215,ok
v2e_vs_real,original,402000,403000,15260,0,3,0.5,uniform,1.0,0.044202860823050104,0.001953892904941938,ok
v2e_vs_real,original,403000,404000,15232,0,3,0.5,uniform,1.0,0.043905122657594664,0.0019276597955784323,ok
v2e_vs_real,original,404000,405000,15380,0,3,0.5,uniform,1.0,0.04324065639648487,0.001869754365598868,ok
v2e_vs_real,original,405000,406000,19449,0,3,0.5,uniform,1.0,0.041665451924412476,0.0017360098840655271,ok
v2e_vs_real,original,406000,407000,16449,0,3,0.5,uniform,1.0,0.04208478298833714,0.0017711289591754314,ok
v2e_vs_real,original,407000,408000,16021,0,3,0.5,uniform,1.0,0.0419633153066187,0.0017609198315226991,ok
v2e_vs_real,original,408000,409000,15913,0,3,0.5,uniform,1.0,0.041912726836245216,0.0017566766708497098,ok
v2e_vs_real,original,409000,410000,15827,0,3,0.5,uniform,1.0,0.04196948355950123,0.0017614375502512443,ok
v2e_vs_real,original,410000,411000,19326,0,3,0.5,uniform,1.0,0.04114711832567426,0.0016930853465070388,ok
v2e_vs_real,original,411000,412000,15654,0,3,0.5,uniform,1.0,0.04163621078127193,0.0017335740482225049,ok
v2e_vs_real,original,412000,413000,15562,0,3,0.5,uniform,1.0,0.04091470822402714,0.0016740133490572742,ok
v2e_vs_real,original,413000,414000,15441,0,3,0.5,uniform,1.0,0.04020160706067361,0.0016161692102608025,ok
v2e_vs_real,original,414000,415000,15338,0,3,0.5,uniform,1.0,0.039339395686795293,0.0015475880530022483,ok
v2e_vs_real,original,415000,416000,19374,0,3,0.5,uniform,1.0,0.03802530210225113,0.0014459235999674642,ok
v2e_vs_real,original,416000,417000,15770,0,3,0.5,uniform,1.0,0.03745397018742839,0.0014027998828007745,ok
v2e_vs_real,original,417000,418000,15377,0,3,0.5,uniform,1.0,0.0364021186926618,0.0013251142453146376,ok
v2e_vs_real,original,418000,419000,14995,0,3,0.5,uniform,1.0,0.03540811251124479,0.0012537344316089698,ok
v2e_vs_real,original,419000,420000,14933,0,3,0.5,uniform,1.0,0.03498558393386489,0.0012239910831935053,ok
v2e_vs_real,original,420000,421000,18408,0,3,0.5,uniform,1.0,0.03417468072144285,0.0011679088024125575,ok
v2e_vs_real,original,421000,422000,14686,0,3,0.5,uniform,1.0,0.03407513152739378,0.0011611145886091857,ok
v2e_vs_real,original,422000,423000,14667,0,3,0.5,uniform,1.0,0.033665509799481796,0.001133366550059005,ok
v2e_vs_real,original,423000,424000,14328,0,3,0.5,uniform,1.0,0.033853922890746076,0.001146088095092581,ok
v2e_vs_real,original,424000,425000,14686,0,3,0.5,uniform,1.0,0.03420880845722208,0.0011702425760629087,ok
v2e_vs_real,original,425000,426000,18675,0,3,0.5,uniform,1.0,0.03453594512614695,0.0011927315057562336,ok
v2e_vs_real,original,426000,427000,15183,0,3,0.5,uniform,1.0,0.03508227084524964,0.001230765727659453,ok
v2e_vs_real,original,427000,428000,14672,0,3,0.5,uniform,1.0,0.03557088815012481,0.0012652880837886898,ok
v2e_vs_real,original,428000,429000,14324,0,3,0.5,uniform,1.0,0.036624726919704545,0.001341370621942931,ok
v2e_vs_real,original,429000,430000,14273,0,3,0.5,uniform,1.0,0.037738861234258556,0.0014242216472586233,ok
v2e_vs_real,original,430000,431000,17049,0,3,0.5,uniform,1.0,0.03827231050782439,0.001464769751607325,ok
v2e_vs_real,original,431000,432000,13272,0,3,0.5,uniform,1.0,0.04001536909050145,0.0016012297634490588,ok
v2e_vs_real,original,432000,433000,13887,0,3,0.5,uniform,1.0,0.04051951872844074,0.0016418313979844601,ok
v2e_vs_real,original,433000,434000,13445,0,3,0.5,uniform,1.0,0.04083843687853022,0.001667777926681697,ok
v2e_vs_real,original,434000,435000,12469,0,3,0.5,uniform,1.0,0.042543797008095546,0.0018099746638660394,ok
v2e_vs_real,original,435000,436000,14552,0,3,0.5,uniform,1.0,0.04272223623021688,0.0018251894685104553,ok
v2e_vs_real,original,436000,437000,12161,0,3,0.5,uniform,1.0,0.04531187864044247,0.0020531663459261865,ok
v2e_vs_real,original,437000,438000,12563,0,3,0.5,uniform,1.0,0.046114358647430465,0.002126534073463845,ok
v2e_vs_real,original,438000,439000,12724,0,3,0.5,uniform,1.0,0.046891209088679164,0.0021987854897982276,ok
v2e_vs_real,original,439000,440000,13665,0,3,0.5,uniform,1.0,0.04677944384277751,0.0021883163662395747,ok
v2e_vs_real,original,440000,441000,17960,0,3,0.5,uniform,1.0,0.04551094270237366,0.0020712459056587383,ok
v2e_vs_real,original,441000,442000,16222,0,3,0.5,uniform,1.0,0.04673307754193042,0.0021839805365400818,ok
v2e_vs_real,original,442000,443000,16998,0,3,0.5,uniform,1.0,0.04672418594689161,0.0021831495523997034,ok
v2e_vs_real,original,443000,444000,17495,0,3,0.5,uniform,1.0,0.04660251221451292,0.002171794144703826,ok
v2e_vs_real,original,444000,445000,18262,0,3,0.5,uniform,1.0,0.04649183909753311,0.002161491102670908,ok
v2e_vs_real,original,445000,446000,22413,0,3,0.5,uniform,1.0,0.04505668755787901,0.002030105093688329,ok
v2e_vs_real,original,446000,447000,19986,0,3,0.5,uniform,1.0,0.04600748422765207,0.002116688604957654,ok
v2e_vs_real,original,447000,448000,19805,0,3,0.5,uniform,1.0,0.0459524375214238,0.0021116265141603576,ok
v2e_vs_real,original,448000,449000,19688,0,3,0.5,uniform,1.0,0.045896303809163305,0.0021064707033430184,ok
v2e_vs_real,original,449000,450000,19961,0,3,0.5,uniform,1.0,0.045685014567642325,0.0020871205560456913,ok
v2e_vs_real,original,450000,451000,24389,0,3,0.5,uniform,1.0,0.04435602642562026,0.001967457080270323,ok
v2e_vs_real,original,451000,452000,20497,0,3,0.5,uniform,1.0,0.045318685982372646,0.002053783299168899,ok
v2e_vs_real,original,452000,453000,19953,0,3,0.5,uniform,1.0,0.045402518271562296,0.0020613886653995483,ok
v2e_vs_real,original,453000,454000,19800,0,3,0.5,uniform,1.0,0.04538488634127246,0.0020597879082102197,ok
v2e_vs_real,original,454000,455000,19471,0,3,0.5,uniform,1.0,0.045419733533791584,0.002062952194280632,ok
v2e_vs_real,original,455000,456000,23488,0,3,0.5,uniform,1.0,0.044312597348111875,0.0019636062837358917,ok
v2e_vs_real,original,456000,457000,19277,0,3,0.5,uniform,1.0,0.04547668133525397,0.0020681285452682366,ok
v2e_vs_real,original,457000,458000,18983,0,3,0.5,uniform,1.0,0.04558207153949752,0.00207772524583187,ok
v2e_vs_real,original,458000,459000,18979,0,3,0.5,uniform,1.0,0.045583050013340995,0.0020778144485187463,ok
v2e_vs_real,original,459000,460000,18932,0,3,0.5,uniform,1.0,0.04564852186226824,0.0020837875482099815,ok
v2e_vs_real,original,460000,461000,23660,0,3,0.5,uniform,1.0,0.04443437096262826,0.0019744133228444616,ok
v2e_vs_real,original,461000,462000,18917,0,3,0.5,uniform,1.0,0.04567416133991974,0.002086129014105019,ok
v2e_vs_real,original,462000,463000,18867,0,3,0.5,uniform,1.0,0.04570748571189695,0.0020891742501032637,ok
v2e_vs_real,original,463000,464000,18446,0,3,0.5,uniform,1.0,0.045789791574475276,0.002096705012433887,ok
v2e_vs_real,original,464000,465000,18007,0,3,0.5,uniform,1.0,0.04601510816512007,0.0021173901794477,ok
v2e_vs_real,original,465000,466000,21818,0,3,0.5,uniform,1.0,0.04467119893050931,0.001995516013889136,ok
v2e_vs_real,original,466000,467000,19091,0,3,0.5,uniform,1.0,0.04511714219039577,0.0020355565194283896,ok
v2e_vs_real,original,467000,468000,17604,0,3,0.5,uniform,1.0,0.04544595233337448,0.002065334583487345,ok
v2e_vs_real,original,468000,469000,17034,0,3,0.5,uniform,1.0,0.045667122679943314,0.002085486093864993,ok
v2e_vs_real,original,469000,470000,16748,0,3,0.5,uniform,1.0,0.04571690759778472,0.002090035640304386,ok
v2e_vs_real,original,470000,471000,20801,0,3,0.5,uniform,1.0,0.044844793349005665,0.0020110554905150226,ok
v2e_vs_real,original,471000,472000,16908,0,3,0.5,uniform,1.0,0.046153312080610215,0.002130128216010201,ok
v2e_vs_real,original,472000,473000,17267,0,3,0.5,uniform,1.0,0.04612169885333323,0.00212721110511756,ok
v2e_vs_real,original,473000,474000,17457,0,3,0.5,uniform,1.0,0.046167564001850764,0.0021314439658649863,ok
v2e_vs_real,original,474000,475000,17798,0,3,0.5,uniform,1.0,0.04612105046183737,0.002127151295703349,ok
v2e_vs_real,original,475000,476000,22714,0,3,0.5,uniform,1.0,0.04473284183863849,0.002001027138960646,ok
v2e_vs_real,original,476000,477000,19239,0,3,0.5,uniform,1.0,0.0457250467661053,0.002090779901762517,ok
v2e_vs_real,original,477000,478000,19310,0,3,0.5,uniform,1.0,0.045770049608412425,0.0020948974411565346,ok
v2e_vs_real,original,478000,479000,19512,0,3,0.5,uniform,1.0,0.04567513423137423,0.0020862178870540544,ok
v2e_vs_real,original,479000,480000,20140,0,3,0.5,uniform,1.0,0.04552868525328469,0.002072861180892663,ok
v2e_vs_real,original,480000,481000,25533,0,3,0.5,uniform,1.0,0.044187003766561164,0.0019524913018660903,ok
v2e_vs_real,original,481000,482000,21747,0,3,0.5,uniform,1.0,0.04506805659593136,0.0020311297253340723,ok
v2e_vs_real,original,482000,483000,21819,0,3,0.5,uniform,1.0,0.045012946315528005,0.0020261653360046064,ok
v2e_vs_real,original,483000,484000,21952,0,3,0.5,uniform,1.0,0.04494503652359805,0.0020200563081075626,ok
v2e_vs_real,original,484000,485000,21947,0,3,0.5,uniform,1.0,0.04490655779567823,0.002016598933056589,ok
v2e_vs_real,original,485000,486000,27211,0,3,0.5,uniform,1.0,0.04383770381731051,0.0019217442759742402,ok
v2e_vs_real,original,486000,487000,22682,0,3,0.5,uniform,1.0,0.04472003409349507,0.0019998814493233617,ok
v2e_vs_real,original,487000,488000,22372,0,3,0.5,uniform,1.0,0.044856083269875974,0.002012068206314047,ok
v2e_vs_real,original,488000,489000,21717,0,3,0.5,uniform,1.0,0.04484613856636216,0.0020111761443133555,ok
v2e_vs_real,original,489000,490000,21304,0,3,0.5,uniform,1.0,0.04492280161347757,0.002018058104803863,ok
v2e_vs_real,original,490000,491000,25862,0,3,0.5,uniform,1.0,0.04389614843766342,0.001926871847661381,ok
v2e_vs_real,original,491000,492000,20226,0,3,0.5,uniform,1.0,0.045006493233850864,0.002025584433208664,ok
v2e_vs_real,original,492000,493000,19709,0,3,0.5,uniform,1.0,0.04498387439821032,0.0020235489558739616,ok
v2e_vs_real,original,493000,494000,18922,0,3,0.5,uniform,1.0,0.04515843783037709,0.002039284507280033,ok
v2e_vs_real,original,494000,495000,18655,0,3,0.5,uniform,1.0,0.045172676620868095,0.002040570713093523,ok
v2e_vs_real,original,495000,496000,22543,0,3,0.5,uniform,1.0,0.04410089893992962,0.0019448892873098855,ok
v2e_vs_real,original,496000,497000,18039,0,3,0.5,uniform,1.0,0.0453342238077103,0.0020551918482475673,ok
v2e_vs_real,original,497000,498000,17582,0,3,0.5,uniform,1.0,0.04553368523324328,0.0020733164909200776,ok
v2e_vs_real,original,498000,499000,16807,0,3,0.5,uniform,1.0,0.045699778844510514,0.002088469786437171,ok
v2e_vs_real,original,499000,500000,17366,0,3,0.5,uniform,1.0,0.04504480104097662,0.0020290341008211686,ok
v2e_vs_real,original,500000,501000,20133,0,3,0.5,uniform,1.0,0.044092870924489,0.0019441812663636474,ok
v2e_vs_real,original,501000,502000,15614,0,3,0.5,uniform,1.0,0.04530994427597555,0.00205299105029201,ok
v2e_vs_real,original,502000,503000,15030,0,3,0.5,uniform,1.0,0.045398271324621056,0.0020610030392639103,ok
v2e_vs_real,original,503000,504000,14817,0,3,0.5,uniform,1.0,0.04510129166838343,0.0020341265101565926,ok
v2e_vs_real,original,504000,505000,14451,0,3,0.5,uniform,1.0,0.045084888072096575,0.002032647132473476,ok
v2e_vs_real,original,505000,506000,17639,0,3,0.5,uniform,1.0,0.04376156597736678,0.0019150746567914256,ok
v2e_vs_real,original,506000,507000,14532,0,3,0.5,uniform,1.0,0.044690209791423276,0.0019972148512014246,ok
v2e_vs_real,original,507000,508000,14898,0,3,0.5,uniform,1.0,0.044258170135020716,0.0019587856237004396,ok
v2e_vs_real,original,508000,509000,15116,0,3,0.5,uniform,1.0,0.043637534844771494,0.0019042344473286462,ok
v2e_vs_real,original,509000,510000,15993,0,3,0.5,uniform,1.0,0.04266142125540703,0.0018199968635312944,ok
v2e_vs_real,original,510000,511000,19764,0,3,0.5,uniform,1.0,0.04075194005579888,0.0016607206183114254,ok
v2e_vs_real,original,511000,512000,16411,0,3,0.5,uniform,1.0,0.04070748233620843,0.0016570991181527215,ok
v2e_vs_real,original,512000,513000,16442,0,3,0.5,uniform,1.0,0.039928735043146604,0.001594303882145804,ok
v2e_vs_real,original,513000,514000,16548,0,3,0.5,uniform,1.0,0.03904346346989646,0.0015243920397251397,ok
v2e_vs_real,original,514000,515000,16377,0,3,0.5,uniform,1.0,0.03862670960114793,0.0014920226946114137,ok
v2e_vs_real,original,515000,516000,20123,0,3,0.5,uniform,1.0,0.03735391990543612,0.0013953153323017367,ok
v2e_vs_real,original,516000,517000,16916,0,3,0.5,uniform,1.0,0.037314431699886255,0.0013923668130854765,ok
v2e_vs_real,original,517000,518000,16587,0,3,0.5,uniform,1.0,0.03713705297878964,0.0013791607039494286,ok
v2e_vs_real,original,518000,519000,16307,0,3,0.5,uniform,1.0,0.03686384221565016,0.0013589428629003507,ok
v2e_vs_real,original,519000,520000,16292,0,3,0.5,uniform,1.0,0.037254479119813076,0.0013878962144885884,ok
v2e_vs_real,original,520000,521000,19591,0,3,0.5,uniform,1.0,0.03695041632893867,0.0013653332668818975,ok
v2e_vs_real,original,521000,522000,16743,0,3,0.5,uniform,1.0,0.037658416575638315,0.0014181563389843107,ok
v2e_vs_real,original,522000,523000,16072,0,3,0.5,uniform,1.0,0.03813181159482133,0.0014540350555029505,ok
v2e_vs_real,original,523000,524000,16076,0,3,0.5,uniform,1.0,0.03854044697117729,0.0014853660527381287,ok
v2e_vs_real,original,524000,525000,15915,0,3,0.5,uniform,1.0,0.03921601182691372,0.0015378955836086367,ok
v2e_vs_real,original,525000,526000,19020,0,3,0.5,uniform,1.0,0.03883243379065359,0.0015079579141054947,ok
v2e_vs_real,original,526000,527000,15440,0,3,0.5,uniform,1.0,0.0400143725869844,0.0016011500135300087,ok
v2e_vs_real,original,527000,528000,14657,0,3,0.5,uniform,1.0,0.04070083816004636,0.0016565582269302862,ok
v2e_vs_real,original,528000,529000,14558,0,3,0.5,uniform,1.0,0.040960874823580996,0.0016777932663130718,ok
v2e_vs_real,original,529000,530000,14454,0,3,0.5,uniform,1.0,0.04137851843600973,0.0017121817879591974,ok
v2e_vs_real,original,530000,531000,17446,0,3,0.5,uniform,1.0,0.040424264271246,0.0016341211418715359,ok
v2e_vs_real,original,531000,532000,14338,0,3,0.5,uniform,1.0,0.041923394394413324,0.0017575709975495265,ok
v2e_vs_real,original,532000,533000,14640,0,3,0.5,uniform,1.0,0.04171336545384368,0.0017400048574859191,ok
v2e_vs_real,original,533000,534000,15523,0,3,0.5,uniform,1.0,0.041452339993397085,0.0017182964909281877,ok
v2e_vs_real,original,534000,535000,15105,0,3,0.5,uniform,1.0,0.04239997565774649,0.001797757935777495,ok
v2e_vs_real,original,535000,536000,15107,0,3,0.5,uniform,1.0,0.04310572439543969,0.0018581034756556048,ok
v2e_vs_real,original,536000,537000,18294,0,3,0.5,uniform,1.0,0.04261827682485961,0.0018163175195203655,ok
v2e_vs_real,original,537000,538000,15254,0,3,0.5,uniform,1.0,0.044102348311573204,0.0019450171265953237,ok
v2e_vs_real,original,538000,539000,15147,0,3,0.5,uniform,1.0,0.04473589686477377,0.002001300468295676,ok
v2e_vs_real,original,539000,540000,14983,0,3,0.5,uniform,1.0,0.045219652853297106,0.0020448170041727012,ok
v2e_vs_real,original,540000,541000,14732,0,3,0.5,uniform,1.0,0.04532369088226885,0.0020542369551914603,ok
v2e_vs_real,original,541000,542000,14695,0,3,0.5,uniform,1.0,0.04572975863688198,0.002091210824987482,ok
v2e_vs_real,original,542000,543000,14936,0,3,0.5,uniform,1.0,0.04590129876345532,0.002106929228171985,ok
v2e_vs_real,original,543000,544000,19369,0,3,0.5,uniform,1.0,0.04452926571409964,0.0019828555050368894,ok
v2e_vs_real,original,544000,545000,16752,0,3,0.5,uniform,1.0,0.0454475519720164,0.002065479980249132,ok
v2e_vs_real,original,545000,546000,17055,0,3,0.5,uniform,1.0,0.04581259658139684,0.002098794005529813,ok
v2e_vs_real,original,546000,547000,17210,0,3,0.5,uniform,1.0,0.04588163702790595,0.0021051246163605107,ok
v2e_vs_real,original,547000,548000,17117,0,3,0.5,uniform,1.0,0.04594693559544749,0.0021111208906121996,ok
v2e_vs_real,original,548000,549000,17097,0,3,0.5,uniform,1.0,0.04573205715421112,0.0020914210515560324,ok
v2e_vs_real,original,549000,550000,18300,0,3,0.5,uniform,1.0,0.045404527890094575,0.002061571152922376,ok
v2e_vs_real,original,550000,551000,18597,0,3,0.5,uniform,1.0,0.04536398435013229,0.002057891076119047,ok
v2e_vs_real,original,551000,552000,23885,0,3,0.5,uniform,1.0,0.04422340678092181,0.0019557097073108812,ok
v2e_vs_real,original,552000,553000,19496,0,3,0.5,uniform,1.0,0.04528960630194421,0.002051148438985105,ok
v2e_vs_real,original,553000,554000,20205,0,3,0.5,uniform,1.0,0.04513510394436287,0.0020371776080684405,ok
v2e_vs_real,original,554000,555000,20246,0,3,0.5,uniform,1.0,0.04518757039680427,0.0020419165183661416,ok
v2e_vs_real,original,555000,556000,20467,0,3,0.5,uniform,1.0,0.045049705184210365,0.0020294759371842705,ok
v2e_vs_real,original,556000,557000,20455,0,3,0.5,uniform,1.0,0.045104253265595154,0.002034393662646951,ok
v2e_vs_real,original,557000,558000,20444,0,3,0.5,uniform,1.0,0.04508355700973666,0.0020325271126501758,ok
v2e_vs_real,original,558000,559000,26366,0,3,0.5,uniform,1.0,0.04399357398375243,0.0019354345518638985,ok
v2e_vs_real,original,559000,560000,21246,0,3,0.5,uniform,1.0,0.0450405389072125,0.0020286501450521226,ok
v2e_vs_real,original,560000,561000,20925,0,3,0.5,uniform,1.0,0.045169679263678195,0.00204029992478356,ok
v2e_vs_real,original,561000,562000,20581,0,3,0.5,uniform,1.0,0.04511641188076948,0.0020354906209952375,ok
v2e_vs_real,original,562000,563000,20478,0,3,0.5,uniform,1.0,0.0451530286450259,0.002038795995818529,ok
v2e_vs_real,original,563000,564000,19449,0,3,0.5,uniform,1.0,0.04526119953498836,0.0020485761833460305,ok
v2e_vs_real,original,564000,565000,18928,0,3,0.5,uniform,1.0,0.04532564276345686,0.0020544138919205094,ok
v2e_vs_real,original,565000,566000,21957,0,3,0.5,uniform,1.0,0.044161223929822024,0.0019502136989798854,ok
v2e_vs_real,original,566000,567000,19147,0,3,0.5,uniform,1.0,0.04464368169918804,0.0019930583156584167,ok
v2e_vs_real,original,567000,568000,19551,0,3,0.5,uniform,1.0,0.04494904430190038,0.002020416583654203,ok
v2e_vs_real,original,568000,569000,19670,0,3,0.5,uniform,1.0,0.04502859032314898,0.0020275739464899857,ok
v2e_vs_real,original,569000,570000,19496,0,3,0.5,uniform,1.0,0.045271852003277664,0.002049540583806676,ok
v2e_vs_real,original,570000,571000,18833,0,3,0.5,uniform,1.0,0.04520574210580095,0.002043559119336185,ok
v2e_vs_real,original,571000,572000,19263,0,3,0.5,uniform,1.0,0.045438875652422925,0.0020646914205563528,ok
v2e_vs_real,original,572000,573000,23078,0,3,0.5,uniform,1.0,0.04417389558617048,0.0019513330512578914,ok
v2e_vs_real,original,573000,574000,20148,0,3,0.5,uniform,1.0,0.045113196279728394,0.0020352004785733,ok
v2e_vs_real,original,574000,575000,20418,0,3,0.5,uniform,1.0,0.04513394531974815,0.0020370730201260162,ok
v2e_vs_real,original,575000,576000,20884,0,3,0.5,uniform,1.0,0.04504060751606172,0.0020286563254159153,ok
v2e_vs_real,original,576000,577000,21387,0,3,0.5,uniform,1.0,0.0450660738355505,0.0020309510109512894,ok
v2e_vs_real,original,577000,578000,21716,0,3,0.5,uniform,1.0,0.04498428693305933,0.002023586070875812,ok
v2e_vs_real,original,578000,579000,22306,0,3,0.5,uniform,1.0,0.04490521387831201,0.0020164782334569455,ok
v2e_vs_real,original,579000,580000,27376,0,3,0.5,uniform,1.0,0.04377084654826463,0.0019158870075517294,ok
v2e_vs_real,original,580000,581000,23537,0,3,0.5,uniform,1.0,0.0445869372524797,0.0019879949735565616,ok
v2e_vs_real,original,581000,582000,23065,0,3,0.5,uniform,1.0,0.04470870659268538,0.001998868445190829,ok
v2e_vs_real,original,582000,583000,23100,0,3,0.5,uniform,1.0,0.0445912174380411,0.0019883766726066605,ok
v2e_vs_real,original,583000,584000,22757,0,3,0.5,uniform,1.0,0.04458717879529075,0.001988016512923225,ok
v2e_vs_real,original,584000,585000,22727,0,3,0.5,uniform,1.0,0.04460500787057349,0.001989606727133923,ok
v2e_vs_real,original,585000,586000,22896,0,3,0.5,uniform,1.0,0.044588975098124824,0.001988176700301196,ok
v2e_vs_real,original,586000,587000,27209,0,3,0.5,uniform,1.0,0.043677496193397586,0.0019077236737242607,ok
v2e_vs_real,original,587000,588000,22818,0,3,0.5,uniform,1.0,0.044529187605762015,0.0019828485488291494,ok
v2e_vs_real,original,588000,589000,22019,0,3,0.5,uniform,1.0,0.0447227931332371,0.002000128225638319,ok
v2e_vs_real,original,589000,590000,21659,0,3,0.5,uniform,1.0,0.04480538850158443,0.002007522838777914,ok
v2e_vs_real,original,590000,591000,21809,0,3,0.5,uniform,1.0,0.04485173583885082,0.002011678207758055,ok
v2e_vs_real,original,591000,592000,22090,0,3,0.5,uniform,1.0,0.044899033852936684,0.0020159232409271547,ok
v2e_vs_real,original,592000,593000,22205,0,3,0.5,uniform,1.0,0.04478384914284262,0.0020055931440488856,ok
v2e_vs_real,original,593000,594000,26256,0,3,0.5,uniform,1.0,0.04385925809998033,0.0019236345210806901,ok
v2e_vs_real,original,594000,595000,21131,0,3,0.5,uniform,1.0,0.04484874568235184,0.0020114099892802727,ok
v2e_vs_real,original,595000,596000,19993,0,3,0.5,uniform,1.0,0.045084307786838744,0.0020325948086184088,ok
v2e_vs_real,original,596000,597000,19254,0,3,0.5,uniform,1.0,0.04511822457896061,0.002035654189157525,ok
v2e_vs_real,original,597000,598000,18207,0,3,0.5,uniform,1.0,0.04524133304571931,0.0020467782157536944,ok
v2e_vs_real,original,598000,599000,17169,0,3,0.5,uniform,1.0,0.045389575760335366,0.0020602135877032237,ok
v2e_vs_real,original,599000,600000,16997,0,3,0.5,uniform,1.0,0.04506043450848821,0.0020304427580937552,ok
v2e_vs_real,original,600000,601000,20804,0,3,0.5,uniform,1.0,0.043696807482363736,0.0019094109841507592,ok
v2e_vs_real,original,601000,602000,16266,0,3,0.5,uniform,1.0,0.04453505305587195,0.0019833709506893297,ok
v2e_vs_real,original,602000,603000,15610,0,3,0.5,uniform,1.0,0.04430218785792448,0.0019626838489988315,ok
v2e_vs_real,original,603000,604000,15623,0,3,0.5,uniform,1.0,0.04402057211802226,0.0019378107695979987,ok
v2e_vs_real,original,604000,605000,15903,0,3,0.5,uniform,1.0,0.04327077602765964,0.0018723600580358845,ok
v2e_vs_real,original,605000,606000,16170,0,3,0.5,uniform,1.0,0.04257447909727794,0.0018125862704045565,ok
v2e_vs_real,original,606000,607000,16098,0,3,0.5,uniform,1.0,0.04223209742165292,0.001783550052631983,ok
v2e_vs_real,original,607000,608000,16343,0,3,0.5,uniform,1.0,0.04186579899275807,0.0017527451253020227,ok
v2e_vs_real,original,608000,609000,20136,0,3,0.5,uniform,1.0,0.04107171714958185,0.0016868859496152557,ok
v2e_vs_real,original,609000,610000,16479,0,3,0.5,uniform,1.0,0.04183363627148042,0.0017500531236945226,ok
v2e_vs_real,original,610000,611000,15924,0,3,0.5,uniform,1.0,0.04193111950123875,0.0017582187826271642,ok
v2e_vs_real,original,611000,612000,16157,0,3,0.5,uniform,1.0,0.04157034255152901,0.0017280933798514636,ok
v2e_vs_real,original,612000,613000,15925,0,3,0.5,uniform,1.0,0.04133035208056063,0.0017081980031031022,ok
v2e_vs_real,original,613000,614000,15906,0,3,0.5,uniform,1.0,0.040618776979215246,0.0016498850432872265,ok
v2e_vs_real,original,614000,615000,15800,0,3,0.5,uniform,1.0,0.03985465293268432,0.0015883933603847234,ok
v2e_vs_real,original,615000,616000,19747,0,3,0.5,uniform,1.0,0.03827188414316401,0.0014647371158677687,ok
v2e_vs_real,original,616000,617000,15792,0,3,0.5,uniform,1.0,0.03757508544527808,0.0014118870462199486,ok
v2e_vs_real,original,617000,618000,15868,0,3,0.5,uniform,1.0,0.03655802778481578,0.0013364893955153628,ok
v2e_vs_real,original,618000,619000,15379,0,3,0.5,uniform,1.0,0.035828111449495166,0.0012836535700374466,ok
v2e_vs_real,original,619000,620000,15250,0,3,0.5,uniform,1.0,0.03476309950476777,0.001208473087178385,ok
v2e_vs_real,original,620000,621000,15342,0,3,0.5,uniform,1.0,0.03458501155460487,0.0011961230242321522,ok
v2e_vs_real,original,621000,622000,15199,0,3,0.5,uniform,1.0,0.034348508285388844,0.001179820021431426,ok
v2e_vs_real,original,622000,623000,18776,0,3,0.5,uniform,1.0,0.03424287999407729,0.0011725748302887787,ok
v2e_vs_real,original,623000,624000,15054,0,3,0.5,uniform,1.0,0.034384317191069394,0.00118228126869607,ok
v2e_vs_real,original,624000,625000,15213,0,3,0.5,uniform,1.0,0.03422473763556976,0.0011713326662235852,ok
v2e_vs_real,original,625000,626000,15645,0,3,0.5,uniform,1.0,0.034444858895597445,0.0011864483043376184,ok
v2e_vs_real,original,626000,627000,15231,0,3,0.5,uniform,1.0,0.0348339524463959,0.0012134042430377709,ok
v2e_vs_real,original,627000,628000,15012,0,3,0.5,uniform,1.0,0.03555335825124413,0.0012640412829413089,ok
v2e_vs_real,original,628000,629000,14767,0,3,0.5,uniform,1.0,0.03696736606359475,0.0013665861536798168,ok
v2e_vs_real,original,629000,630000,17742,0,3,0.5,uniform,1.0,0.03722192527940205,0.0013854717215053898,ok
v2e_vs_real,original,630000,631000,14312,0,3,0.5,uniform,1.0,0.03875910778897697,0.0015022684365975352,ok
v2e_vs_real,original,631000,632000,13947,0,3,0.5,uniform,1.0,0.03985916276023097,0.0015887528559465837,ok
v2e_vs_real,original,632000,633000,14237,0,3,0.5,uniform,1.0,0.04021024377417513,0.0016168637043785902,ok
v2e_vs_real,original,633000,634000,14094,0,3,0.5,uniform,1.0,0.04106242365293417,0.0016861226362530476,ok
v2e_vs_real,original,634000,635000,12733,0,3,0.5,uniform,1.0,0.042368938037163566,0.0017951269103970054,ok
v2e_vs_real,original,635000,636000,12122,0,3,0.5,uniform,1.0,0.04390286254753023,0.0019274613398673325,ok
v2e_vs_real,original,636000,637000,14692,0,3,0.5,uniform,1.0,0.04396557778959703,0.001932972030373108,ok
v2e_vs_real,original,637000,638000,12899,0,3,0.5,uniform,1.0,0.04621332308010934,0.002135671230106567,ok
v2e_vs_real,original,638000,639000,13193,0,3,0.5,uniform,1.0,0.04661525549084951,0.002172982044477175,ok
v2e_vs_real,original,639000,640000,14073,0,3,0.5,uniform,1.0,0.04661528399489064,0.0021729847019243075,ok
v2e_vs_real,original,640000,641000,15405,0,3,0.5,uniform,1.0,0.04685442175749315,0.0021953368382290474,ok
v2e_vs_real,original,641000,642000,16391,0,3,0.5,uniform,1.0,0.04692750074125089,0.0022021903258201032,ok
v2e_vs_real,original,642000,643000,17241,0,3,0.5,uniform,1.0,0.04682973436611078,0.0021930240208004968,ok
v2e_vs_real,original,643000,644000,21827,0,3,0.5,uniform,1.0,0.04519691473353761,0.002042761101430669,ok
v2e_vs_real,original,644000,645000,19418,0,3,0.5,uniform,1.0,0.04613433149260206,0.0021283765422692937,ok
v2e_vs_real,original,645000,646000,19792,0,3,0.5,uniform,1.0,0.04609648519850443,0.002124885947655938,ok
v2e_vs_real,original,646000,647000,19636,0,3,0.5,uniform,1.0,0.046140575031768216,0.002128952664262233,ok
v2e_vs_real,original,647000,648000,19882,0,3,0.5,uniform,1.0,0.04592250573968586,0.0021088765334114803,ok
v2e_vs_real,original,648000,649000,20042,0,3,0.5,uniform,1.0,0.04595596054730178,0.0021119503098251573,ok
v2e_vs_real,original,649000,650000,19715,0,3,0.5,uniform,1.0,0.04580886788982107,0.0020984523773470796,ok
v2e_vs_real,original,650000,651000,24466,0,3,0.5,uniform,1.0,0.04456254354038665,0.001985820286788856,ok
v2e_vs_real,original,651000,652000,21152,0,3,0.5,uniform,1.0,0.04524040141616206,0.0020466939202954783,ok
v2e_vs_real,original,652000,653000,20069,0,3,0.5,uniform,1.0,0.04545627857711487,0.0020662732620802724,ok
v2e_vs_real,original,653000,654000,20249,0,3,0.5,uniform,1.0,0.045383346385235654,0.002059648129122282,ok
v2e_vs_real,original,654000,655000,19878,0,3,0.5,uniform,1.0,0.045300470784953695,0.002052132653338443,ok
v2e_vs_real,original,655000,656000,19638,0,3,0.5,uniform,1.0,0.04543977367941789,0.0020647730320367194,ok
v2e_vs_real,original,656000,657000,19465,0,3,0.5,uniform,1.0,0.04544283467751545,0.002065051223528001,ok
v2e_vs_real,original,657000,658000,19351,0,3,0.5,uniform,1.0,0.04557622799498266,0.0020771925582506413,ok
v2e_vs_real,original,658000,659000,23801,0,3,0.5,uniform,1.0,0.044419185491951646,0.0019730640397684074,ok
v2e_vs_real,original,659000,660000,19283,0,3,0.5,uniform,1.0,0.04550556697266074,0.002070756625503312,ok
v2e_vs_real,original,660000,661000,19097,0,3,0.5,uniform,1.0,0.045614288140778524,0.0020806632825899683,ok
v2e_vs_real,original,661000,662000,19124,0,3,0.5,uniform,1.0,0.04565040299286969,0.002083959293411406,ok
v2e_vs_real,original,662000,663000,19070,0,3,0.5,uniform,1.0,0.045655779800652704,0.0020844502292056873,ok
v2e_vs_real,original,663000,664000,18633,0,3,0.5,uniform,1.0,0.04565842548650783,0.0020846918179069874,ok
v2e_vs_real,original,664000,665000,18464,0,3,0.5,uniform,1.0,0.04589905614501858,0.002106723355003568,ok
v2e_vs_real,original,665000,666000,22090,0,3,0.5,uniform,1.0,0.044589669181183914,0.001988238597687423,ok
v2e_vs_real,original,666000,667000,20764,0,3,0.5,uniform,1.0,0.04520333040726458,0.002043341079908331,ok
v2e_vs_real,original,667000,668000,19683,0,3,0.5,uniform,1.0,0.04556355476336316,0.0020760375226739933,ok
v2e_vs_real,original,668000,669000,18476,0,3,0.5,uniform,1.0,0.045785419017936244,0.0020963045946479977,ok
v2e_vs_real,original,669000,670000,13751,0,3,0.5,uniform,1.0,0.04811262377012737,0.0023148245660458257,ok
v2e_vs_real,original,670000,671000,17900,0,3,0.5,uniform,1.0,0.046325747016234944,0.002146074836612201,ok
v2e_vs_real,original,671000,672000,17903,0,3,0.5,uniform,1.0,0.04650538997396968,0.0021627512966309994,ok
v2e_vs_real,original,672000,673000,18472,0,3,0.5,uniform,1.0,0.04634263851057319,0.002147640144121662,ok
v2e_vs_real,original,673000,674000,18585,0,3,0.5,uniform,1.0,0.046391470133730815,0.0021521685011688385,ok
v2e_vs_real,original,674000,675000,19202,0,3,0.5,uniform,1.0,0.04616823727148374,0.00213150613275602,ok
v2e_vs_real,original,675000,676000,19515,0,3,0.5,uniform,1.0,0.046086988396413994,0.0021240104994511982,ok
v2e_vs_real,original,676000,677000,19812,0,3,0.5,uniform,1.0,0.04592166091313908,0.0021087989410213254,ok
v2e_vs_real,original,677000,678000,19958,0,3,0.5,uniform,1.0,0.04588210083543371,0.002105167177072907,ok
v2e_vs_real,original,678000,679000,20355,0,3,0.5,uniform,1.0,0.04579192048989024,0.0020968999821524294,ok
v2e_vs_real,original,679000,680000,21122,0,3,0.5,uniform,1.0,0.045541013802970993,0.0020739839382023944,ok
v2e_vs_real,original,680000,681000,21756,0,3,0.5,uniform,1.0,0.04532528996583102,0.002054381910486662,ok
v2e_vs_real,original,681000,682000,22437,0,3,0.5,uniform,1.0,0.045149951640555866,0.002038518133144533,ok
v2e_vs_real,original,682000,683000,22995,0,3,0.5,uniform,1.0,0.045077820231361504,0.0020320098768109446,ok
v2e_vs_real,original,683000,684000,23082,0,3,0.5,uniform,1.0,0.045028270560209666,0.0020275451496434447,ok
v2e_vs_real,original,684000,685000,23049,0,3,0.5,uniform,1.0,0.04504172878320834,0.002028757331780099,ok
v2e_vs_real,original,685000,686000,23174,0,3,0.5,uniform,1.0,0.04502934342426455,0.002027641769220357,ok
v2e_vs_real,original,686000,687000,23213,0,3,0.5,uniform,1.0,0.04504057231313202,0.002028653154294475,ok
v2e_vs_real,original,687000,688000,23220,0,3,0.5,uniform,1.0,0.045076967288278744,0.0020319329799085516,ok
v2e_vs_real,original,688000,689000,22826,0,3,0.5,uniform,1.0,0.045094293199438626,0.002033495279156937,ok
v2e_vs_real,original,689000,690000,22590,0,3,0.5,uniform,1.0,0.04511355391488016,0.0020352327468307987,ok
v2e_vs_real,original,690000,691000,22186,0,3,0.5,uniform,1.0,0.04517301938027562,0.0020406016799307566,ok
v2e_vs_real,original,691000,692000,21319,0,3,0.5,uniform,1.0,0.045266935064420505,0.0020490954101264626,ok
v2e_vs_real,original,692000,693000,20585,0,3,0.5,uniform,1.0,0.04534950807889445,0.002056577882997713,ok
v2e_vs_real,original,693000,694000,19963,0,3,0.5,uniform,1.0,0.0454152907211774,0.0020625486312890622,ok
v2e_vs_real,original,694000,695000,14548,0,3,0.5,uniform,1.0,0.04749027261098365,0.002255325992665544,ok
v2e_vs_real,original,695000,696000,19202,0,3,0.5,uniform,1.0,0.04555156060930749,0.002074944673943414,ok
v2e_vs_real,original,696000,697000,18892,0,3,0.5,uniform,1.0,0.045647675227254936,0.002083710253652944,ok
v2e_vs_real,original,697000,698000,18129,0,3,0.5,uniform,1.0,0.04588057459044827,0.0021050271247496873,ok
v2e_vs_real,original,698000,699000,17307,0,3,0.5,uniform,1.0,0.04609167795837829,0.0021244427770188553,ok
v2e_vs_real,original,699000,700000,17944,0,3,0.5,uniform,1.0,0.04530629662057557,0.0020526605134715773,ok
v2e_vs_real,original,700000,701000,16827,0,3,0.5,uniform,1.0,0.04553792373463531,0.002073702498061462,ok
v2e_vs_real,original,701000,702000,15954,0,3,0.5,uniform,1.0,0.045636524062867084,0.002082692328540646,ok
v2e_vs_real,original,702000,703000,15922,0,3,0.5,uniform,1.0,0.045360712736663554,0.002057594259978111,ok
v2e_vs_real,original,703000,704000,15299,0,3,0.5,uniform,1.0,0.04548715713248507,0.0020690814639953876,ok
v2e_vs_real,original,704000,705000,15191,0,3,0.5,uniform,1.0,0.045338500191047286,0.002055579599573595,ok
v2e_vs_real,original,705000,706000,15081,0,3,0.5,uniform,1.0,0.0454666157700427,0.002067213149580695,ok
v2e_vs_real,original,706000,707000,15224,0,3,0.5,uniform,1.0,0.04526149743048402,0.0020486031496497114,ok
v2e_vs_real,original,707000,708000,15789,0,3,0.5,uniform,1.0,0.04467200426025227,0.0019955879646279973,ok
v2e_vs_real,original,708000,709000,16127,0,3,0.5,uniform,1.0,0.043999052033234134,0.001935916579823245,ok
v2e_vs_real,original,709000,710000,16542,0,3,0.5,uniform,1.0,0.04329019420487855,0.0018740409142961002,ok
v2e_vs_real,original,710000,711000,16902,0,3,0.5,uniform,1.0,0.042362102564785,0.001794547733709364,ok
v2e_vs_real,original,711000,712000,17168,0,3,0.5,uniform,1.0,0.04144067474904023,0.0017173295236557406,ok
v2e_vs_real,original,712000,713000,17586,0,3,0.5,uniform,1.0,0.04031252624654468,0.001625099772378354,ok
v2e_vs_real,original,713000,714000,17584,0,3,0.5,uniform,1.0,0.0393052808945883,0.0015449051062024878,ok
v2e_vs_real,original,714000,715000,17415,0,3,0.5,uniform,1.0,0.038567118126420254,0.001487422600577254,ok
v2e_vs_real,original,715000,716000,17668,0,3,0.5,uniform,1.0,0.03801070681223506,0.0014448138323656932,ok
v2e_vs_real,original,716000,717000,17465,0,3,0.5,uniform,1.0,0.03767321110058526,0.0014192708346292605,ok
v2e_vs_real,original,717000,718000,17629,0,3,0.5,uniform,1.0,0.03759639490590809,0.001413488909920992,ok
v2e_vs_real,original,718000,719000,17283,0,3,0.5,uniform,1.0,0.03795260467324914,0.0014404002014839325,ok
v2e_vs_real,original,719000,720000,12815,0,3,0.5,uniform,1.0,0.039554843715751166,0.0015645856613774993,ok
v2e_vs_real,original,720000,721000,17357,0,3,0.5,uniform,1.0,0.03848897378838914,0.0014814011032833062,ok
v2e_vs_real,original,721000,722000,17470,0,3,0.5,uniform,1.0,0.038777083954589446,0.0015036622400212783,ok
v2e_vs_real,original,722000,723000,17330,0,3,0.5,uniform,1.0,0.03902033054838769,0.0015225861961054373,ok
v2e_vs_real,original,723000,724000,17380,0,3,0.5,uniform,1.0,0.039028258588095964,0.0015232049684192862,ok
v2e_vs_real,original,724000,725000,16830,0,3,0.5,uniform,1.0,0.0393429626209678,0.0015478687077948696,ok
v2e_vs_real,original,725000,726000,16045,0,3,0.5,uniform,1.0,0.040066937211165825,0.0016053594574835049,ok
v2e_vs_real,original,726000,727000,15243,0,3,0.5,uniform,1.0,0.04089159759650002,0.0016721227539940858,ok
v2e_vs_real,original,727000,728000,14619,0,3,0.5,uniform,1.0,0.04179452855641901,0.0017467826172533245,ok
v2e_vs_real,original,728000,729000,14550,0,3,0.5,uniform,1.0,0.04210473713667199,0.001772808889348245,ok
v2e_vs_real,original,729000,730000,14275,0,3,0.5,uniform,1.0,0.04248242388719922,0.0018047563393316752,ok
v2e_vs_real,original,730000,731000,14223,0,3,0.5,uniform,1.0,0.042650416156174445,0.001819057998294866,ok
v2e_vs_real,original,731000,732000,13722,0,3,0.5,uniform,1.0,0.04275157209195282,0.0018276969163334392,ok
v2e_vs_real,original,732000,733000,14632,0,3,0.5,uniform,1.0,0.042405316208232555,0.0017982108427201907,ok
v2e_vs_real,original,733000,734000,15254,0,3,0.5,uniform,1.0,0.04245146969411554,0.0018021272791904105,ok
v2e_vs_real,original,734000,735000,15039,0,3,0.5,uniform,1.0,0.043479957257483416,0.0018905066831125846,ok
v2e_vs_real,original,735000,736000,15279,0,3,0.5,uniform,1.0,0.044148491200787864,0.0019490892753060436,ok
v2e_vs_real,original,736000,737000,15185,0,3,0.5,uniform,1.0,0.0449155368776765,0.0020174054530099177,ok
v2e_vs_real,original,737000,738000,15141,0,3,0.5,uniform,1.0,0.045420801077837275,0.0020630491705524636,ok
v2e_vs_real,original,738000,739000,15260,0,3,0.5,uniform,1.0,0.04592996273477041,0.0021095614768173983,ok
v2e_vs_real,original,739000,740000,14952,0,3,0.5,uniform,1.0,0.04616645281293895,0.0021313413653293186,ok
v2e_vs_real,original,740000,741000,14813,0,3,0.5,uniform,1.0,0.04646440949786043,0.002158941349984863,ok
v2e_vs_real,original,741000,742000,14828,0,3,0.5,uniform,1.0,0.04679654235842935,0.002189916376704273,ok
v2e_vs_real,original,742000,743000,15372,0,3,0.5,uniform,1.0,0.046768009534203014,0.002187246715791304,ok
v2e_vs_real,original,743000,744000,12022,0,3,0.5,uniform,1.0,0.048714316162321615,0.002373084599162629,ok
v2e_vs_real,original,744000,745000,16712,0,3,0.5,uniform,1.0,0.0464644909710822,0.0021589489212017793,ok
v2e_vs_real,original,745000,746000,16970,0,3,0.5,uniform,1.0,0.04650760050751085,0.0021629569049662237,ok
v2e_vs_real,original,746000,747000,17384,0,3,0.5,uniform,1.0,0.046469787923654415,0.002159441189669418,ok
v2e_vs_real,original,747000,748000,17446,0,3,0.5,uniform,1.0,0.04649051433776966,0.0021613679233903667,ok
v2e_vs_real,original,748000,749000,18010,0,3,0.5,uniform,1.0,0.04633416045996499,0.002146854425529783,ok
v2e_vs_real,original,749000,750000,18914,0,3,0.5,uniform,1.0,0.045921680779652585,0.002108800765628314,ok
v2e_vs_real,original,750000,751000,19580,0,3,0.5,uniform,1.0,0.0457968221960366,0.0020973489232553903,ok
v2e_vs_real,original,751000,752000,20105,0,3,0.5,uniform,1.0,0.04576484082828968,0.00209442065603869,ok
v2e_vs_real,original,752000,753000,20511,0,3,0.5,uniform,1.0,0.045777992305188905,0.0020956245794939345,ok
v2e_vs_real,original,753000,754000,20744,0,3,0.5,uniform,1.0,0.0456243855870208,0.002081584560193152,ok
v2e_vs_real,original,754000,755000,20846,0,3,0.5,uniform,1.0,0.04561374386730782,0.0020806136295923616,ok
v2e_vs_real,original,755000,756000,20983,0,3,0.5,uniform,1.0,0.04554970962186116,0.0020747760466358713,ok
v2e_vs_real,original,756000,757000,21170,0,3,0.5,uniform,1.0,0.04541825603909719,0.002062817981632988,ok
v2e_vs_real,original,757000,758000,20849,0,3,0.5,uniform,1.0,0.04543641394307945,0.0020644677120068644,ok
v2e_vs_real,original,758000,759000,21193,0,3,0.5,uniform,1.0,0.045399567161425576,0.0020611206984447916,ok
v2e_vs_real,original,759000,760000,21127,0,3,0.5,uniform,1.0,0.04532074048534027,0.002053969518139561,ok
v2e_vs_real,original,760000,761000,20949,0,3,0.5,uniform,1.0,0.04531152041772501,0.00205313388256591,ok
v2e_vs_real,original,761000,762000,20963,0,3,0.5,uniform,1.0,0.04525428338807568,0.0020479501649682628,ok
v2e_vs_real,original,762000,763000,21055,0,3,0.5,uniform,1.0,0.045318043241237976,0.002053725043214715,ok
v2e_vs_real,original,763000,764000,20331,0,3,0.5,uniform,1.0,0.04548777197544895,0.002069137399290439,ok
v2e_vs_real,original,764000,765000,19387,0,3,0.5,uniform,1.0,0.04572595239108319,0.0020908627220716063,ok
v2e_vs_real,original,765000,766000,19007,0,3,0.5,uniform,1.0,0.04566087488011881,0.0020849154948178648,ok
v2e_vs_real,original,766000,767000,19895,0,3,0.5,uniform,1.0,0.044809158261618055,0.0020078606641147335,ok
v2e_vs_real,original,767000,768000,20912,0,3,0.5,uniform,1.0,0.044946798724086724,0.002020214715543564,ok
v2e_vs_real,original,768000,769000,15528,0,3,0.5,uniform,1.0,0.04697962058262905,0.002207084750087783,ok
v2e_vs_real,original,769000,770000,20702,0,3,0.5,uniform,1.0,0.045294911160970966,0.002051628977080252,ok
v2e_vs_real,original,770000,771000,20551,0,3,0.5,uniform,1.0,0.04539411017731946,0.0020606252387906183,ok
v2e_vs_real,original,771000,772000,20154,0,3,0.5,uniform,1.0,0.045568200545718585,0.0020764609009748273,ok
v2e_vs_real,original,772000,773000,20547,0,3,0.5,uniform,1.0,0.04551908168905387,0.0020719867978147596,ok
v2e_vs_real,original,773000,774000,21330,0,3,0.5,uniform,1.0,0.0453759431066818,0.002058976212820823,ok
v2e_vs_real,original,774000,775000,21709,0,3,0.5,uniform,1.0,0.04532795676425946,0.002054623664422575,ok
v2e_vs_real,original,775000,776000,22436,0,3,0.5,uniform,1.0,0.04523416827084994,0.0020461299791555672,ok
v2e_vs_real,original,776000,777000,22640,0,3,0.5,uniform,1.0,0.04527866875361987,0.002050157844100032,ok
v2e_vs_real,original,777000,778000,23414,0,3,0.5,uniform,1.0,0.04513771778728569,0.002037413567044647,ok
v2e_vs_real,original,778000,779000,23354,0,3,0.5,uniform,1.0,0.045076366823949346,0.0020318788460472414,ok
v2e_vs_real,original,779000,780000,23641,0,3,0.5,uniform,1.0,0.0449090292030574,0.0020168209039610626,ok
v2e_vs_real,original,780000,781000,23732,0,3,0.5,uniform,1.0,0.0448742441541617,0.0020136977884073156,ok
v2e_vs_real,original,781000,782000,24159,0,3,0.5,uniform,1.0,0.044755716297880985,0.0020030741413364097,ok
v2e_vs_real,original,782000,783000,24290,0,3,0.5,uniform,1.0,0.04466727796034289,0.0019951657203865335,ok
v2e_vs_real,original,783000,784000,24055,0,3,0.5,uniform,1.0,0.04468555037062661,0.0019967984119258083,ok
v2e_vs_real,original,784000,785000,24128,0,3,0.5,uniform,1.0,0.044702359172480235,0.001998300915585428,ok
v2e_vs_real,original,785000,786000,23896,0,3,0.5,uniform,1.0,0.04477652561122811,0.0020049372458129664,ok
v2e_vs_real,original,786000,787000,23650,0,3,0.5,uniform,1.0,0.04487688571165342,0.0020139348711768028,ok
v2e_vs_real,original,787000,788000,23295,0,3,0.5,uniform,1.0,0.04492453814302842,0.002018214127364416,ok
v2e_vs_real,original,788000,789000,22824,0,3,0.5,uniform,1.0,0.044979515057010276,0.002023156774763814,ok
v2e_vs_real,original,789000,790000,22699,0,3,0.5,uniform,1.0,0.04502609220069882,0.0020273489788658313,ok
v2e_vs_real,original,790000,791000,23112,0,3,0.5,uniform,1.0,0.04505452499185189,0.002029910222241407,ok
v2e_vs_real,original,791000,792000,23622,0,3,0.5,uniform,1.0,0.04497250215217425,0.0020225259498273173,ok
v2e_vs_real,original,792000,793000,23023,0,3,0.5,uniform,1.0,0.04500909658849716,0.0020258187757126664,ok
v2e_vs_real,original,793000,794000,22378,0,3,0.5,uniform,1.0,0.04500106726931149,0.0020250960553770975,ok
v2e_vs_real,original,794000,795000,16281,0,3,0.5,uniform,1.0,0.046701780786676396,0.0021810563286467763,ok
v2e_vs_real,original,795000,796000,20863,0,3,0.5,uniform,1.0,0.045100698761695014,0.0020340730287931584,ok
v2e_vs_real,original,796000,797000,19970,0,3,0.5,uniform,1.0,0.045127565897149675,0.0020364972038015862,ok
v2e_vs_real,original,797000,798000,18937,0,3,0.5,uniform,1.0,0.04523118952791146,0.0020458605061098476,ok
v2e_vs_real,original,798000,799000,17851,0,3,0.5,uniform,1.0,0.045240423495733026,0.002046695918073273,ok
v2e_vs_real,original,799000,800000,16725,0,3,0.5,uniform,1.0,0.044967261681996024,0.002022054623177108,ok
v2e_vs_real,original,800000,801000,16252,0,3,0.5,uniform,1.0,0.04467136681234863,0.0019955310128834027,ok
v2e_vs_real,original,801000,802000,19626,0,3,0.5,uniform,1.0,0.0433484188447209,0.0018790854163373539,ok
v2e_vs_real,original,802000,803000,16597,0,3,0.5,uniform,1.0,0.04406977790717074,0.001942145324787354,ok
v2e_vs_real,original,803000,804000,16317,0,3,0.5,uniform,1.0,0.04376815903561693,0.0019156517453670554,ok
v2e_vs_real,original,804000,805000,16619,0,3,0.5,uniform,1.0,0.043077015040690995,0.001855629224815918,ok
v2e_vs_real,original,805000,806000,16507,0,3,0.5,uniform,1.0,0.04245267130314332,0.0018022293007727286,ok
v2e_vs_real,original,806000,807000,16856,0,3,0.5,uniform,1.0,0.04208434979941138,0.0017710924980392164,ok
v2e_vs_real,original,807000,808000,16767,0,3,0.5,uniform,1.0,0.041897265422190036,0.001755380849857441,ok
v2e_vs_real,original,808000,809000,16651,0,3,0.5,uniform,1.0,0.04201022308509571,0.0017648588436595081,ok
v2e_vs_real,original,809000,810000,16819,0,3,0.5,uniform,1.0,0.04206566569894509,0.0017695202306954058,ok
v2e_vs_real,original,810000,811000,20327,0,3,0.5,uniform,1.0,0.04115287580540063,0.0016935591870547283,ok
v2e_vs_real,original,811000,812000,16331,0,3,0.5,uniform,1.0,0.04185599920461847,0.0017519246694170222,ok
v2e_vs_real,original,812000,813000,16278,0,3,0.5,uniform,1.0,0.0412538816199365,0.0017018827487117342,ok
v2e_vs_real,original,813000,814000,16363,0,3,0.5,uniform,1.0,0.04059105368089968,0.0016476336389256796,ok
v2e_vs_real,original,814000,815000,16131,0,3,0.5,uniform,1.0,0.039784944441931876,0.0015828418042476058,ok
v2e_vs_real,original,815000,816000,16119,0,3,0.5,uniform,1.0,0.03897485161896234,0.001519039058720131,ok
v2e_vs_real,original,816000,817000,16040,0,3,0.5,uniform,1.0,0.03797806560751814,0.001442333467288952,ok
v2e_vs_real,original,817000,818000,16046,0,3,0.5,uniform,1.0,0.03699195322167147,0.00136840460315433,ok
v2e_vs_real,original,818000,819000,15832,0,3,0.5,uniform,1.0,0.03659012639640119,0.0013388373497046154,ok
v2e_vs_real,original,819000,820000,19605,0,3,0.5,uniform,1.0,0.03517853409210257,0.0012375292608692232,ok
v2e_vs_real,original,820000,821000,15413,0,3,0.5,uniform,1.0,0.03496907185574736,0.001222835986452422,ok
v2e_vs_real,original,821000,822000,15169,0,3,0.5,uniform,1.0,0.03423267719485018,0.0011718761879268157,ok
v2e_vs_real,original,822000,823000,14998,0,3,0.5,uniform,1.0,0.034202343346835765,0.0011698002904148407,ok
v2e_vs_real,original,823000,824000,14860,0,3,0.5,uniform,1.0,0.03384249910050361,0.0011453147453675877,ok
v2e_vs_real,original,824000,825000,15194,0,3,0.5,uniform,1.0,0.03381455019878574,0.0011434238051462003,ok
v2e_vs_real,original,825000,826000,15248,0,3,0.5,uniform,1.0,0.03442616799706056,0.001185161042961837,ok
v2e_vs_real,original,826000,827000,15301,0,3,0.5,uniform,1.0,0.034785367899296114,0.0012100218198893807,ok
v2e_vs_real,original,827000,828000,15071,0,3,0.5,uniform,1.0,0.03562712201483414,0.0012692918230598794,ok
v2e_vs_real,original,828000,829000,18090,0,3,0.5,uniform,1.0,0.03603895091753319,0.0012988059832363663,ok
v2e_vs_real,original,829000,830000,14755,0,3,0.5,uniform,1.0,0.03752675615734115,0.0014082574276925418,ok
v2e_vs_real,original,830000,831000,14242,0,3,0.5,uniform,1.0,0.0383138670735084,0.0014679524101264712,ok
v2e_vs_real,original,831000,832000,13644,0,3,0.5,uniform,1.0,0.039524865867398215,0.0015622150218358205,ok
v2e_vs_real,original,832000,833000,14112,0,3,0.5,uniform,1.0,0.04004033979327129,0.0016032288107606242,ok
v2e_vs_real,original,833000,834000,13792,0,3,0.5,uniform,1.0,0.04076858840221573,0.001662077800309279,ok
v2e_vs_real,original,834000,835000,12483,0,3,0.5,uniform,1.0,0.04199526656218978,0.001763602413629375,ok
v2e_vs_real,original,835000,836000,11921,0,3,0.5,uniform,1.0,0.043864410698974066,0.0019240865259682707,ok
v2e_vs_real,original,836000,837000,11948,0,3,0.5,uniform,1.0,0.045221860439704345,0.002045016661628097,ok
v2e_vs_real,original,837000,838000,15180,0,3,0.5,uniform,1.0,0.04469590149305651,0.001997723610277011,ok
v2e_vs_real,original,838000,839000,13210,0,3,0.5,uniform,1.0,0.04657576165423682,0.002169301573672277,ok
v2e_vs_real,original,839000,840000,14213,0,3,0.5,uniform,1.0,0.04668632040524732,0.002179612512981412,ok
v2e_vs_real,original,840000,841000,15080,0,3,0.5,uniform,1.0,0.04690905555576567,0.0022004594931339097,ok
v2e_vs_real,original,841000,842000,16229,0,3,0.5,uniform,1.0,0.046967965277887984,0.0022059897623448914,ok
v2e_vs_real,original,842000,843000,17104,0,3,0.5,uniform,1.0,0.046799847084045915,0.0021902256870900806,ok
v2e_vs_real,original,843000,844000,17696,0,3,0.5,uniform,1.0,0.04671712485647244,0.002182489754855235,ok
v2e_vs_real,original,844000,845000,18560,0,3,0.5,uniform,1.0,0.046498947363678544,0.0021621521059301476,ok
v2e_vs_real,original,845000,846000,19101,0,3,0.5,uniform,1.0,0.04631692960347969,0.0021452579678936934,ok
v2e_vs_real,original,846000,847000,23249,0,3,0.5,uniform,1.0,0.04488349108395002,0.0020145277718830205,ok
v2e_vs_real,original,847000,848000,20383,0,3,0.5,uniform,1.0,0.04573121799402479,0.002091344299217017,ok
v2e_vs_real,original,848000,849000,20393,0,3,0.5,uniform,1.0,0.045763355249829274,0.0020942846837220764,ok
v2e_vs_real,original,849000,850000,20092,0,3,0.5,uniform,1.0,0.04581676039378867,0.0020991755329818427,ok
v2e_vs_real,original,850000,851000,20215,0,3,0.5,uniform,1.0,0.04563208472951613,0.0020822871567617394,ok
v2e_vs_real,original,851000,852000,20185,0,3,0.5,uniform,1.0,0.04552936650367205,0.0020729232142256944,ok
v2e_vs_real,original,852000,853000,19927,0,3,0.5,uniform,1.0,0.04548053535883249,0.002068479096526012,ok
v2e_vs_real,original,853000,854000,19904,0,3,0.5,uniform,1.0,0.04541425565913224,0.002062454617073025,ok
v2e_vs_real,original,854000,855000,19461,0,3,0.5,uniform,1.0,0.04541733149422023,0.002062734000055889,ok
v2e_vs_real,original,855000,856000,23449,0,3,0.5,uniform,1.0,0.04434379473191801,0.00196637213122648,ok
v2e_vs_real,original,856000,857000,19398,0,3,0.5,uniform,1.0,0.04540995065738067,0.002062063618705747,ok
v2e_vs_real,original,857000,858000,19159,0,3,0.5,uniform,1.0,0.045591289022868055,0.002078565634766689,ok
v2e_vs_real,original,858000,859000,19022,0,3,0.5,uniform,1.0,0.045707930251895734,0.0020892148879121655,ok
v2e_vs_real,original,859000,860000,19232,0,3,0.5,uniform,1.0,0.045536682940978186,0.0020735894932671734,ok
v2e_vs_real,original,860000,861000,19189,0,3,0.5,uniform,1.0,0.04577945561459827,0.002095758556368973,ok
v2e_vs_real,original,861000,862000,19191,0,3,0.5,uniform,1.0,0.04589677995252857,0.002106514410010828,ok
v2e_vs_real,original,862000,863000,18920,0,3,0.5,uniform,1.0,0.04581288100279289,0.0020988200657760616,ok
v2e_vs_real,original,863000,864000,18688,0,3,0.5,uniform,1.0,0.045910695095509026,0.0021077919241527963,ok
v2e_vs_real,original,864000,865000,21845,0,3,0.5,uniform,1.0,0.04477999709693605,0.0020052481400016013,ok
v2e_vs_real,original,865000,866000,18062,0,3,0.5,uniform,1.0,0.04568498921968115,0.0020871182400023828,ok
v2e_vs_real,original,866000,867000,18940,0,3,0.5,uniform,1.0,0.045112471177574893,0.0020351350557475255,ok
v2e_vs_real,original,867000,868000,17740,0,3,0.5,uniform,1.0,0.04538714110127136,0.0020599925773467156,ok
v2e_vs_real,original,868000,869000,17228,0,3,0.5,uniform,1.0,0.04563918805087983,0.0020829354859435724,ok
v2e_vs_real,original,869000,870000,16982,0,3,0.5,uniform,1.0,0.04584117246221962,0.0021014130927109625,ok
v2e_vs_real,original,870000,871000,16775,0,3,0.5,uniform,1.0,0.046050731132860484,0.002120669837871006,ok
v2e_vs_real,original,871000,872000,17557,0,3,0.5,uniform,1.0,0.04631836057050621,0.002145390525939424,ok
v2e_vs_real,original,872000,873000,17648,0,3,0.5,uniform,1.0,0.04627002894825575,0.002140915578872425,ok
v2e_vs_real,original,873000,874000,18013,0,3,0.5,uniform,1.0,0.04622868960431899,0.0021370917425324707,ok
v2e_vs_real,original,874000,875000,22948,0,3,0.5,uniform,1.0,0.044899170890498455,0.0020159355466541837,ok
v2e_vs_real,original,875000,876000,19426,0,3,0.5,uniform,1.0,0.045865811559553674,0.002103672670016487,ok
v2e_vs_real,original,876000,877000,19161,0,3,0.5,uniform,1.0,0.04567614800831271,0.0020863104968772894,ok
v2e_vs_real,original,877000,878000,19733,0,3,0.5,uniform,1.0,0.045771498986838154,0.0020950301195021264,ok
v2e_vs_real,original,878000,879000,20068,0,3,0.5,uniform,1.0,0.04588344204897965,0.002105290254262074,ok
v2e_vs_real,original,879000,880000,20708,0,3,0.5,uniform,1.0,0.04578742576786169,0.002096488358447445,ok
v2e_vs_real,original,880000,881000,21167,0,3,0.5,uniform,1.0,0.0452332883453422,0.0020460503745328706,ok
v2e_vs_real,original,881000,882000,21333,0,3,0.5,uniform,1.0,0.045057539890912185,0.002030181901021143,ok
v2e_vs_real,original,882000,883000,22660,0,3,0.5,uniform,1.0,0.04499785480250636,0.0020248069368274447,ok
v2e_vs_real,original,883000,884000,27342,0,3,0.5,uniform,1.0,0.04391022077853662,0.0019281074888198287,ok
v2e_vs_real,original,884000,885000,23232,0,3,0.5,uniform,1.0,0.04479091640944233,0.0020062261927976496,ok
v2e_vs_real,original,885000,886000,22683,0,3,0.5,uniform,1.0,0.04497774618805128,0.0020229976521567617,ok
v2e_vs_real,original,886000,887000,22731,0,3,0.5,uniform,1.0,0.04498434740992982,0.0020235915118972598,ok
v2e_vs_real,original,887000,888000,22656,0,3,0.5,uniform,1.0,0.04500183624000955,0.002025165264972637,ok
v2e_vs_real,original,888000,889000,21751,0,3,0.5,uniform,1.0,0.04487388434275408,0.0020136654960068697,ok
v2e_vs_real,original,889000,890000,21959,0,3,0.5,uniform,1.0,0.044855716848612066,0.0020120353340028607,ok
v2e_vs_real,original,890000,891000,21152,0,3,0.5,uniform,1.0,0.045062570032382364,0.002030635217923365,ok
v2e_vs_real,original,891000,892000,20512,0,3,0.5,uniform,1.0,0.04499758426500349,0.0020247825896860896,ok
v2e_vs_real,original,892000,893000,24787,0,3,0.5,uniform,1.0,0.043994008462210424,0.0019354727805730423,ok
v2e_vs_real,original,893000,894000,19427,0,3,0.5,uniform,1.0,0.04512241224792095,0.0020360320870713264,ok
v2e_vs_real,original,894000,895000,18738,0,3,0.5,uniform,1.0,0.045390171256438655,0.00206026764668883,ok
v2e_vs_real,original,895000,896000,18896,0,3,0.5,uniform,1.0,0.04543376521295054,0.0020642270214255147,ok
v2e_vs_real,original,896000,897000,18515,0,3,0.5,uniform,1.0,0.04549984651292866,0.0020702360327000667,ok
v2e_vs_real,original,897000,898000,17813,0,3,0.5,uniform,1.0,0.04556903009781506,0.0020765365040555745,ok
v2e_vs_real,original,898000,899000,17159,0,3,0.5,uniform,1.0,0.045808048721714706,0.0020983773276909883,ok
v2e_vs_real,original,899000,900000,17622,0,3,0.5,uniform,1.0,0.04516461612933108,0.0020398425501098327,ok
v2e_vs_real,original,900000,901000,16830,0,3,0.5,uniform,1.0,0.04527542204062306,0.0020498638409565365,ok
v2e_vs_real,original,901000,902000,19349,0,3,0.5,uniform,1.0,0.044127884956100746,0.0019472702306988624,ok
v2e_vs_real,original,902000,903000,15573,0,3,0.5,uniform,1.0,0.045068797448847946,0.002031196503485283,ok
v2e_vs_real,original,903000,904000,15036,0,3,0.5,uniform,1.0,0.04534433615091497,0.0020561088209671737,ok
v2e_vs_real,original,904000,905000,15239,0,3,0.5,uniform,1.0,0.04530919389617907,0.0020529230515215512,ok
v2e_vs_real,original,905000,906000,14816,0,3,0.5,uniform,1.0,0.04541722437844532,0.002062724270242048,ok
v2e_vs_real,original,906000,907000,14800,0,3,0.5,uniform,1.0,0.04500261350259727,0.0020252352220641503,ok
v2e_vs_real,original,907000,908000,15377,0,3,0.5,uniform,1.0,0.044727099363420335,0.0020005134174652757,ok
v2e_vs_real,original,908000,909000,15790,0,3,0.5,uniform,1.0,0.04394426261748864,0.0019310982169948097,ok
v2e_vs_real,original,909000,910000,16463,0,3,0.5,uniform,1.0,0.04339078775483349,0.0018827604619850078,ok
v2e_vs_real,original,910000,911000,20440,0,3,0.5,uniform,1.0,0.041444451003032574,0.001717642518942768,ok
v2e_vs_real,original,911000,912000,17245,0,3,0.5,uniform,1.0,0.04153960186441255,0.0017255385230539066,ok
v2e_vs_real,original,912000,913000,17344,0,3,0.5,uniform,1.0,0.04075453260274453,0.0016609319276681671,ok
v2e_vs_real,original,913000,914000,17423,0,3,0.5,uniform,1.0,0.039664789766089094,0.0015732955471880463,ok
v2e_vs_real,original,914000,915000,17066,0,3,0.5,uniform,1.0,0.03900997969997532,0.0015217785161924864,ok
v2e_vs_real,original,915000,916000,17281,0,3,0.5,uniform,1.0,0.03817579255244679,0.001457391137007452,ok
v2e_vs_real,original,916000,917000,16882,0,3,0.5,uniform,1.0,0.03752879860574487,0.0014084107247905584,ok
v2e_vs_real,original,917000,918000,17669,0,3,0.5,uniform,1.0,0.03741724654048068,0.0014000503386711136,ok
v2e_vs_real,original,918000,919000,16396,0,3,0.5,uniform,1.0,0.03718479779547531,0.0013827091870903855,ok
v2e_vs_real,original,919000,920000,20292,0,3,0.5,uniform,1.0,0.03674627739135145,0.0013502889021221468,ok
v2e_vs_real,original,920000,921000,17524,0,3,0.5,uniform,1.0,0.03724891757397284,0.0013874818604326226,ok
v2e_vs_real,original,921000,922000,17079,0,3,0.5,uniform,1.0,0.037425595975084755,0.00140067523409028,ok
v2e_vs_real,original,922000,923000,16890,0,3,0.5,uniform,1.0,0.03759330228852919,0.001413256376956734,ok
v2e_vs_real,original,923000,924000,16672,0,3,0.5,uniform,1.0,0.03787828751649628,0.0014347646651823578,ok
v2e_vs_real,original,924000,925000,16914,0,3,0.5,uniform,1.0,0.03848092477239812,0.001480781571338963,ok
v2e_vs_real,original,925000,926000,16225,0,3,0.5,uniform,1.0,0.03877168508285797,0.0015032435641643112,ok
v2e_vs_real,original,926000,927000,15694,0,3,0.5,uniform,1.0,0.040093503787617196,0.0016074890459676745,ok
v2e_vs_real,original,927000,928000,15135,0,3,0.5,uniform,1.0,0.04075944372511171,0.0016613322527805486,ok
v2e_vs_real,original,928000,929000,14937,0,3,0.5,uniform,1.0,0.04134195044329743,0.0017091568664560606,ok
v2e_vs_real,original,929000,930000,18330,0,3,0.5,uniform,1.0,0.04060379748494201,0.0016486683701981827,ok
v2e_vs_real,original,930000,931000,14803,0,3,0.5,uniform,1.0,0.04167329766969349,0.0017366637386668812,ok
v2e_vs_real,original,931000,932000,14211,0,3,0.5,uniform,1.0,0.042182318149878925,0.001779347964497605,ok
v2e_vs_real,original,932000,933000,14883,0,3,0.5,uniform,1.0,0.04175225162595098,0.0017432505158367266,ok
v2e_vs_real,original,933000,934000,15236,0,3,0.5,uniform,1.0,0.041838370698126605,0.0017504492626738586,ok
v2e_vs_real,original,934000,935000,14958,0,3,0.5,uniform,1.0,0.042845943087144435,0.00183577483902682,ok
v2e_vs_real,original,935000,936000,14738,0,3,0.5,uniform,1.0,0.04351158757023091,0.001893258252881873,ok
v2e_vs_real,original,936000,937000,14722,0,3,0.5,uniform,1.0,0.04417580240046561,0.0019515015177249833,ok
v2e_vs_real,original,937000,938000,17975,0,3,0.5,uniform,1.0,0.0434022590039523,0.0018837560866461587,ok
v2e_vs_real,original,938000,939000,15127,0,3,0.5,uniform,1.0,0.04529230972767728,0.00205139332046785,ok
v2e_vs_real,original,939000,940000,14867,0,3,0.5,uniform,1.0,0.04588682509785742,0.0021056007175613576,ok
v2e_vs_real,original,940000,941000,14138,0,3,0.5,uniform,1.0,0.04575461405237542,0.00209348470708183,ok
v2e_vs_real,original,941000,942000,14775,0,3,0.5,uniform,1.0,0.04623701680301472,0.002137861722842266,ok
v2e_vs_real,original,942000,943000,14721,0,3,0.5,uniform,1.0,0.0463786739839903,0.002150981400513259,ok
v2e_vs_real,original,943000,944000,15377,0,3,0.5,uniform,1.0,0.0460750278008769,0.0021229081868515787,ok
v2e_vs_real,original,944000,945000,16057,0,3,0.5,uniform,1.0,0.04590193220944935,0.0021069873805608843,ok
v2e_vs_real,original,945000,946000,16380,0,3,0.5,uniform,1.0,0.045905223728528136,0.0021072895655662224,ok
v2e_vs_real,original,946000,947000,16564,0,3,0.5,uniform,1.0,0.04594269370435905,0.002110731104812553,ok
v2e_vs_real,original,947000,948000,20969,0,3,0.5,uniform,1.0,0.04468608473443863,0.001996846168893429,ok
v2e_vs_real,original,948000,949000,17572,0,3,0.5,uniform,1.0,0.04571789584666005,0.002090126000646056,ok
v2e_vs_real,original,949000,950000,18173,0,3,0.5,uniform,1.0,0.04554157597391432,0.00207403514218781,ok
v2e_vs_real,original,950000,951000,18364,0,3,0.5,uniform,1.0,0.04548860738384007,0.0020692134017211497,ok
v2e_vs_real,original,951000,952000,18600,0,3,0.5,uniform,1.0,0.045331063861798714,0.0020549053508424732,ok
v2e_vs_real,original,952000,953000,19049,0,3,0.5,uniform,1.0,0.04535438018122203,0.0020570198016228256,ok
v2e_vs_real,original,953000,954000,19399,0,3,0.5,uniform,1.0,0.04540489775476116,0.002061604740120315,ok
v2e_vs_real,original,954000,955000,19583,0,3,0.5,uniform,1.0,0.04527108162958755,0.00204947083191278,ok
v2e_vs_real,original,955000,956000,19832,0,3,0.5,uniform,1.0,0.04523551888756062,0.0020462521690268534,ok
v2e_vs_real,original,956000,957000,25372,0,3,0.5,uniform,1.0,0.044133305641152705,0.001947748666815401,ok
v2e_vs_real,original,957000,958000,20252,0,3,0.5,uniform,1.0,0.045212622866192265,0.0020441812664405315,ok
v2e_vs_real,original,958000,959000,20660,0,3,0.5,uniform,1.0,0.045263600606370656,0.002048793539853038,ok
v2e_vs_real,original,959000,960000,20686,0,3,0.5,uniform,1.0,0.04519599914826769,0.0020426783390102136,ok
v2e_vs_real,original,960000,961000,20224,0,3,0.5,uniform,1.0,0.04524120429760723,0.0020467665662978352,ok
v2e_vs_real,original,961000,962000,20073,0,3,0.5,uniform,1.0,0.045121749788924664,0.002035972304014323,ok
v2e_vs_real,original,962000,963000,20003,0,3,0.5,uniform,1.0,0.04517638057777052,0.002040905362107562,ok
v2e_vs_real,original,963000,964000,19482,0,3,0.5,uniform,1.0,0.045263844809362686,0.0020488156469260694,ok
v2e_vs_real,original,964000,965000,18532,0,3,0.5,uniform,1.0,0.04551238042625035,0.0020713767720637365,ok
v2e_vs_real,original,965000,966000,22173,0,3,0.5,uniform,1.0,0.04433921472088854,0.0019659659620650588,ok
v2e_vs_real,original,966000,967000,18948,0,3,0.5,uniform,1.0,0.04475335518244207,0.0020028628000858147,ok
v2e_vs_real,original,967000,968000,19265,0,3,0.5,uniform,1.0,0.044736018269110986,0.0020013113305742316,ok
v2e_vs_real,original,968000,969000,19347,0,3,0.5,uniform,1.0,0.04492286245467026,0.002018063571121223,ok
v2e_vs_real,original,969000,970000,19139,0,3,0.5,uniform,1.0,0.045132268067197154,0.002036921620889344,ok
v2e_vs_real,original,970000,971000,18885,0,3,0.5,uniform,1.0,0.04530314628247473,0.0020523750630913034,ok
v2e_vs_real,original,971000,972000,19059,0,3,0.5,uniform,1.0,0.04541219651215813,0.0020622675920588668,ok
v2e_vs_real,original,972000,973000,19271,0,3,0.5,uniform,1.0,0.04540249505723456,0.0020613865574222088,ok
v2e_vs_real,original,973000,974000,19591,0,3,0.5,uniform,1.0,0.04528364492969553,0.0020506084981187396,ok
v2e_vs_real,original,974000,975000,24496,0,3,0.5,uniform,1.0,0.044136335092096676,0.0019480160753618445,ok
v2e_vs_real,original,975000,976000,21111,0,3,0.5,uniform,1.0,0.044993781742758636,0.0020244403955150003,ok
v2e_vs_real,original,976000,977000,21330,0,3,0.5,uniform,1.0,0.04503046422467438,0.0020277427082896794,ok
v2e_vs_real,original,977000,978000,22277,0,3,0.5,uniform,1.0,0.04513950327088374,0.0020375747555421236,ok
v2e_vs_real,original,978000,979000,21638,0,3,0.5,uniform,1.0,0.044987800066087644,0.002023902154786275,ok
v2e_vs_real,original,979000,980000,22422,0,3,0.5,uniform,1.0,0.0447959751417244,0.00200667938889799,ok
v2e_vs_real,original,980000,981000,22959,0,3,0.5,uniform,1.0,0.044730579768622346,0.002000824766437087,ok
v2e_vs_real,original,981000,982000,22883,0,3,0.5,uniform,1.0,0.04465870574472132,0.001994399998793605,ok
v2e_vs_real,original,982000,983000,23178,0,3,0.5,uniform,1.0,0.0445348439570164,0.0019833523262758,ok
v2e_vs_real,original,983000,984000,28673,0,3,0.5,uniform,1.0,0.04363748254638403,0.0019042298829859707,ok
v2e_vs_real,original,984000,985000,22821,0,3,0.5,uniform,1.0,0.04448778934386203,0.0019791634007038437,ok
v2e_vs_real,original,985000,986000,23558,0,3,0.5,uniform,1.0,0.0447400716597461,0.002001674012119216,ok
v2e_vs_real,original,986000,987000,23043,0,3,0.5,uniform,1.0,0.04477189365730547,0.0020045224616610695,ok
v2e_vs_real,original,987000,988000,22341,0,3,0.5,uniform,1.0,0.04468778234196358,0.001996997890642712,ok
v2e_vs_real,original,988000,989000,22009,0,3,0.5,uniform,1.0,0.04477349348421578,0.0020046657187811133,ok
v2e_vs_real,original,989000,990000,21741,0,3,0.5,uniform,1.0,0.044826046707327594,0.002009374463407515,ok
v2e_vs_real,original,990000,991000,22061,0,3,0.5,uniform,1.0,0.044897226414750864,0.002015760939737403,ok
v2e_vs_real,original,991000,992000,22444,0,3,0.5,uniform,1.0,0.04479314224115001,0.0020064255918358976,ok
v2e_vs_real,original,992000,993000,27284,0,3,0.5,uniform,1.0,0.0437725899291093,0.0019160396291019607,ok
v2e_vs_real,original,993000,994000,22141,0,3,0.5,uniform,1.0,0.04475116192742193,0.0020026664938543382,ok
v2e_vs_real,original,994000,995000,21211,0,3,0.5,uniform,1.0,0.04491288049175646,0.0020171668340667978,ok
v2e_vs_real,original,995000,996000,20271,0,3,0.5,uniform,1.0,0.045059458341860356,0.002030354786061849,ok
v2e_vs_real,original,996000,997000,19639,0,3,0.5,uniform,1.0,0.045270715901420504,0.002049437718227127,ok
v2e_vs_real,original,997000,998000,18767,0,3,0.5,uniform,1.0,0.045322948193906525,0.0020541696329875346,ok
v2e_vs_real,original,998000,999000,16879,0,3,0.5,uniform,1.0,0.045448666747694995,0.002065581309143037,ok
v2e_vs_real,original,999000,1000000,17239,0,3,0.5,uniform,1.0,0.045112364603326884,0.0020351254401035,ok
v2e_vs_real,original,1000000,1001000,17082,0,3,0.5,uniform,1.0,0.044776658297193836,0.0020049491282636577,ok
v2e_vs_real,original,1001000,1002000,20414,0,3,0.5,uniform,1.0,0.04331709854597115,0.001876371026441376,ok
v2e_vs_real,original,1002000,1003000,16437,0,3,0.5,uniform,1.0,0.04437773198752561,0.0019693830963566535,ok
v2e_vs_real,original,1003000,1004000,16463,0,3,0.5,uniform,1.0,0.04397882987069997,0.0019341374767959715,ok
v2e_vs_real,original,1004000,1005000,16707,0,3,0.5,uniform,1.0,0.04317497577905396,0.0018640785335218956,ok
v2e_vs_real,original,1005000,1006000,16696,0,3,0.5,uniform,1.0,0.04278934481926399,0.0018309280300618741,ok
v2e_vs_real,original,1006000,1007000,16586,0,3,0.5,uniform,1.0,0.04216866488513752,0.0017781962981950302,ok
v2e_vs_real,original,1007000,1008000,16687,0,3,0.5,uniform,1.0,0.042050972491475325,0.0017682842874788144,ok
v2e_vs_real,original,1008000,1009000,16828,0,3,0.5,uniform,1.0,0.04216919880242553,0.0017782413276384865,ok
v2e_vs_real,original,1009000,1010000,16671,0,3,0.5,uniform,1.0,0.042263968591668706,0.0017862430411175587,ok
v2e_vs_real,original,1010000,1011000,20313,0,3,0.5,uniform,1.0,0.04123544799481695,0.0017003621713332533,ok
v2e_vs_real,original,1011000,1012000,16825,0,3,0.5,uniform,1.0,0.04209511788877877,0.0017719989500701824,ok
v2e_vs_real,original,1012000,1013000,16414,0,3,0.5,uniform,1.0,0.041593374670049574,0.0017300088164431218,ok
v2e_vs_real,original,1013000,1014000,16368,0,3,0.5,uniform,1.0,0.04094965410074308,0.0016768741709705048,ok
v2e_vs_real,original,1014000,1015000,16049,0,3,0.5,uniform,1.0,0.04007623249312502,0.0016061044108430097,ok
