comparison_set,variant,window_start,window_end,n_events,distance,distance_squared,status
real_vs_real,original,16000,17000,4675,0.04359863074655355,0.0019008406029743241,ok
real_vs_real,original,17000,18000,4381,0.08182655603146056,0.006695585271969756,ok
real_vs_real,original,18000,19000,4066,0.11506566980135002,0.013240108366833314,ok
real_vs_real,original,19000,20000,3949,0.14226008935258497,0.02023793302260546,ok
real_vs_real,original,20000,21000,3648,0.16873801965722451,0.02847251927784189,ok
real_vs_real,original,21000,22000,3526,0.18777311452446324,0.03525874253821719,ok
real_vs_real,original,22000,23000,3695,0.20491434986700696,0.04198989078141814,ok
real_vs_real,original,23000,24000,3423,0.22112107573885506,0.04889453013590848,ok
real_vs_real,original,24000,25000,3360,0.23880687170436157,0.05702872197322341,ok
real_vs_real,original,25000,26000,3458,0.24234447889017588,0.05873084644855091,ok
real_vs_real,original,26000,27000,3352,0.25049516087775325,0.0627478256231715,ok
real_vs_real,original,27000,28000,3498,0.25495365945583076,0.06500136846991972,ok
real_vs_real,original,28000,29000,3618,0.2564242186896731,0.06575337993060928,ok
real_vs_real,original,29000,30000,3510,0.26660462646938,0.07107802685487764,ok
real_vs_real,original,30000,31000,3653,0.2634689630345855,0.06941589448251978,ok
real_vs_real,original,31000,32000,3473,0.2763766149738862,0.07638403330442375,ok
real_vs_real,original,32000,33000,3466,0.27804240919052803,0.07730758130847304,ok
real_vs_real,original,33000,34000,3537,0.2818701658179146,0.07945079037821864,ok
real_vs_real,original,34000,35000,4110,0.28740794997289587,0.0826033297076226,ok
real_vs_real,original,35000,36000,4951,0.29793941656405054,0.08876789594252682,ok
real_vs_real,original,36000,37000,5577,0.2973531194200023,0.08841887762880615,ok
real_vs_real,original,37000,38000,5907,0.29529814207868577,0.08720099271512369,ok
real_vs_real,original,38000,39000,6165,0.2938002070057375,0.0863185616366142,ok
real_vs_real,original,39000,40000,6115,0.2909772662346931,0.08466776946541547,ok
real_vs_real,original,40000,41000,6104,0.2914730055260705,0.08495651295040076,ok
real_vs_real,original,41000,42000,6097,0.29244064145147874,0.08552152877255234,ok
real_vs_real,original,42000,43000,6192,0.2903998457061463,0.08433207038615356,ok
real_vs_real,original,43000,44000,6257,0.291485909682186,0.08496403554325152,ok
real_vs_real,original,44000,45000,6675,0.2898577434945629,0.08401751146375983,ok
real_vs_real,original,45000,46000,6576,0.2877945422648785,0.08282569855745094,ok
real_vs_real,original,46000,47000,6608,0.2888794274728747,0.08345132361705589,ok
real_vs_real,original,47000,48000,6542,0.28882944195184385,0.08342244653821354,ok
real_vs_real,original,48000,49000,6307,0.28960155746145794,0.08386906208410211,ok
real_vs_real,original,49000,50000,6433,0.28728545704454816,0.08253293382929493,ok
real_vs_real,original,50000,51000,6720,0.28421841011072324,0.08078010464586725,ok
real_vs_real,original,51000,52000,6714,0.28642773305588415,0.08204084626353284,ok
real_vs_real,original,52000,53000,6787,0.2856576972571313,0.08160032000224689,ok
real_vs_real,original,53000,54000,7124,0.2838964849575594,0.08059721417125776,ok
real_vs_real,original,54000,55000,7146,0.2823809321895844,0.07973899086425866,ok
real_vs_real,original,55000,56000,7339,0.28221578595547436,0.07964574984246613,ok
real_vs_real,original,56000,57000,7187,0.2829226548689762,0.08004522863810984,ok
real_vs_real,original,57000,58000,7248,0.2828777078911032,0.08001979762172431,ok
real_vs_real,original,58000,59000,7428,0.28210630240602286,0.07958396585719843,ok
real_vs_real,original,59000,60000,7223,0.2819440920648246,0.07949247105025829,ok
real_vs_real,original,60000,61000,7387,0.2823119882394949,0.07970005870373668,ok
real_vs_real,original,61000,62000,7483,0.28063373365340816,0.07875529246425202,ok
real_vs_real,original,62000,63000,7357,0.27984219875267463,0.07831165620273146,ok
real_vs_real,original,63000,64000,7534,0.2784505784798519,0.07753472465576415,ok
real_vs_real,original,64000,65000,7511,0.27817132476317435,0.07737928592049943,ok
real_vs_real,original,65000,66000,7323,0.27899785400192995,0.07783980253768223,ok
real_vs_real,original,66000,67000,7297,0.28001825324782204,0.07841022215196139,ok
real_vs_real,original,67000,68000,7158,0.28009038986578777,0.078450626495169,ok
real_vs_real,original,68000,69000,7253,0.2783669647730652,0.07748816707696893,ok
real_vs_real,original,69000,70000,7134,0.2788057959262869,0.07773267184209033,ok
real_vs_real,original,70000,71000,7033,0.27961827224660435,0.07818637817417613,ok
real_vs_real,original,71000,72000,6941,0.2784245314536333,0.07752021971517523,ok
real_vs_real,original,72000,73000,6857,0.278570040941345,0.07760126771006265,ok
real_vs_real,original,73000,74000,6681,0.2807792594278578,0.07883699252485628,ok
real_vs_real,original,74000,75000,6518,0.2812160361203855,0.07908245897126195,ok
real_vs_real,original,75000,76000,6435,0.2822230777570357,0.07964986561865381,ok
real_vs_real,original,76000,77000,6495,0.281523434459076,0.07925544414963366,ok
real_vs_real,original,77000,78000,6460,0.2817752545999169,0.079397294104848,ok
real_vs_real,original,78000,79000,6383,0.28104781405237694,0.07898787378361946,ok
real_vs_real,original,79000,80000,6536,0.2814037673887153,0.07918808030056221,ok
real_vs_real,original,80000,81000,6397,0.28046611251270764,0.07866124026799079,ok
real_vs_real,original,81000,82000,6349,0.2821767772293047,0.07962373360751664,ok
real_vs_real,original,82000,83000,6368,0.28236231058534683,0.07972847443909588,ok
real_vs_real,original,83000,84000,6346,0.2827132263647504,0.07992676836156659,ok
real_vs_real,original,84000,85000,6492,0.2809604808579354,0.07893879180392228,ok
real_vs_real,original,85000,86000,6446,0.2824123897315205,0.07975675787386824,ok
real_vs_real,original,86000,87000,6497,0.28290524092473707,0.08003537534268351,ok
real_vs_real,original,87000,88000,6498,0.28211155102231905,0.07958692722021851,ok
real_vs_real,original,88000,89000,6660,0.2809014192913695,0.07890560735990577,ok
real_vs_real,original,89000,90000,6531,0.28142335192173273,0.07919910300686343,ok
real_vs_real,original,90000,91000,6644,0.27995753316220007,0.07837622037426435,ok
real_vs_real,original,91000,92000,6531,0.2801028583140655,0.07845761123570945,ok
real_vs_real,original,92000,93000,6709,0.2790746646394678,0.0778826684436314,ok
real_vs_real,original,93000,94000,6680,0.27973214618803893,0.07825007361096638,ok
real_vs_real,original,94000,95000,6656,0.2779260246505795,0.0772428751780745,ok
real_vs_real,original,95000,96000,6666,0.27693362739341076,0.07669223398127246,ok
real_vs_real,original,96000,97000,6620,0.2743467997103904,0.07526616651133307,ok
real_vs_real,original,97000,98000,6580,0.27153570956593526,0.07373164156947594,ok
real_vs_real,original,98000,99000,6373,0.2711350725527513,0.07351422756818571,ok
real_vs_real,original,99000,100000,6236,0.26997679170723554,0.07288746806053203,ok
real_vs_real,original,100000,101000,6281,0.2667412474710647,0.07115089310241979,ok
real_vs_real,original,101000,102000,6171,0.2647920086050022,0.07011480782107155,ok
real_vs_real,original,102000,103000,6244,0.2608278032885444,0.06803114296832762,ok
real_vs_real,original,103000,104000,6074,0.2574582893762722,0.0662847707685563,ok
real_vs_real,original,104000,105000,6160,0.2501443446744337,0.06257219317260189,ok
real_vs_real,original,105000,106000,6248,0.2418804252139029,0.05850614010165847,ok
real_vs_real,original,106000,107000,6030,0.23600912987385592,0.055700309383814595,ok
real_vs_real,original,107000,108000,5969,0.22379691865032939,0.050085060797382154,ok
real_vs_real,original,108000,109000,5985,0.2112071130590866,0.04460844460675379,ok
real_vs_real,original,109000,110000,5958,0.1940990062841916,0.03767442424051065,ok
real_vs_real,original,110000,111000,5826,0.17772207915564303,0.03158513741940465,ok
real_vs_real,original,111000,112000,5838,0.15600119440701085,0.024336372656413995,ok
real_vs_real,original,112000,113000,5684,0.1340013416962932,0.017956359576406733,ok
real_vs_real,original,113000,114000,5691,0.11429058063925739,0.013062336822858595,ok
real_vs_real,original,114000,115000,5533,0.09419392997289126,0.008872496443737943,ok
real_vs_real,original,115000,116000,5338,0.08366055146881282,0.006999087872065879,ok
real_vs_real,original,116000,117000,5399,0.08528941923924976,0.007274285034168507,ok
real_vs_real,original,117000,118000,5271,0.10082378510297148,0.010165435642490173,ok
real_vs_real,original,118000,119000,4951,0.12710238139897206,0.016155015357289762,ok
real_vs_real,original,119000,120000,4658,0.16168820244573745,0.026143074810133782,ok
real_vs_real,original,120000,121000,4383,0.1834831830522911,0.03366607846300057,ok
real_vs_real,original,121000,122000,4165,0.20827300911027485,0.043377646323848634,ok
real_vs_real,original,122000,123000,3907,0.23313634746319586,0.05435255650847999,ok
real_vs_real,original,123000,124000,3887,0.23739173792634663,0.056354837235691235,ok
real_vs_real,original,124000,125000,3711,0.25428096840157605,0.06465881089124331,ok
real_vs_real,original,125000,126000,3758,0.2605026403310582,0.06786162561945265,ok
real_vs_real,original,126000,127000,3917,0.2634028169268536,0.06938104396500155,ok
real_vs_real,original,127000,128000,3821,0.2771658441371929,0.0768209051562827,ok
real_vs_real,original,128000,129000,3888,0.2814675863159241,0.07922400214651218,ok
real_vs_real,original,129000,130000,3900,0.28508392001046967,0.08127284144853586,ok
real_vs_real,original,130000,131000,3700,0.29490907878759537,0.08697136475134815,ok
real_vs_real,original,131000,132000,3705,0.2871416501739465,0.08245032726461707,ok
real_vs_real,original,132000,133000,3658,0.290481439147437,0.08437946648916615,ok
real_vs_real,original,133000,134000,3735,0.29416717231456746,0.08653432526754844,ok
real_vs_real,original,134000,135000,4161,0.2860135364533699,0.08180374303456317,ok
real_vs_real,original,135000,136000,4587,0.2859770542780926,0.08178287557357512,ok
real_vs_real,original,136000,137000,4770,0.29081372159127944,0.0845726206657702,ok
real_vs_real,original,137000,138000,4969,0.28807141870104574,0.08298514227243321,ok
real_vs_real,original,138000,139000,5263,0.2879445483577527,0.08291206292895016,ok
real_vs_real,original,139000,140000,5491,0.28488198117107155,0.08115774319595476,ok
real_vs_real,original,140000,141000,5729,0.28319849426338894,0.08020138715305074,ok
real_vs_real,original,141000,142000,5844,0.28188956290652517,0.07946172567563183,ok
real_vs_real,original,142000,143000,5889,0.28357641674120265,0.08041558413178025,ok
real_vs_real,original,143000,144000,6226,0.28007815177700346,0.07844377110282218,ok
real_vs_real,original,144000,145000,6139,0.2807688943622685,0.07883117204141069,ok
real_vs_real,original,145000,146000,6300,0.28015774322590686,0.07848836108943318,ok
real_vs_real,original,146000,147000,6385,0.27878255914175676,0.07771971528162709,ok
real_vs_real,original,147000,148000,6372,0.2800774359635106,0.07844337013589438,ok
real_vs_real,original,148000,149000,6560,0.27793454393838546,0.07724761071423833,ok
real_vs_real,original,149000,150000,6880,0.27554289175906743,0.07592388519894915,ok
real_vs_real,original,150000,151000,7124,0.27607759215541583,0.07621883689033211,ok
real_vs_real,original,151000,152000,7464,0.2742283323009361,0.07520117823655263,ok
real_vs_real,original,152000,153000,7450,0.2744757369615758,0.07533693018060013,ok
real_vs_real,original,153000,154000,7641,0.2750432957850798,0.0756488145563189,ok
real_vs_real,original,154000,155000,7649,0.2744525488185227,0.0753242015529836,ok
real_vs_real,original,155000,156000,7610,0.27572151259953404,0.076022352510175,ok
real_vs_real,original,156000,157000,7821,0.27573097828072923,0.07602757238364796,ok
real_vs_real,original,157000,158000,7779,0.27559678561167555,0.07595358823948786,ok
real_vs_real,original,158000,159000,7747,0.2765539287069401,0.07648207548324332,ok
real_vs_real,original,159000,160000,7927,0.27579026240270815,0.07606026883615462,ok
real_vs_real,original,160000,161000,7944,0.2755399668912388,0.07592227335442496,ok
real_vs_real,original,161000,162000,7837,0.27677553150363765,0.0766046948391211,ok
real_vs_real,original,162000,163000,7738,0.2759144826427177,0.07612880173199855,ok
real_vs_real,original,163000,164000,7891,0.274825254766106,0.07552892065725506,ok
real_vs_real,original,164000,165000,7638,0.2768341123900168,0.07663712578276845,ok
real_vs_real,original,165000,166000,7699,0.27736067560898403,0.07692894437427207,ok
real_vs_real,original,166000,167000,7482,0.27689587220554146,0.07667132404446754,ok
real_vs_real,original,167000,168000,7392,0.2781745458548881,0.07738107796157324,ok
real_vs_real,original,168000,169000,7461,0.27760779451986184,0.07706608757818184,ok
real_vs_real,original,169000,170000,7463,0.27765427320057995,0.07709189542654228,ok
real_vs_real,original,170000,171000,7317,0.27935495521906467,0.07803919100544562,ok
real_vs_real,original,171000,172000,7387,0.279091428724794,0.07789202558764677,ok
real_vs_real,original,172000,173000,7328,0.2773716914546544,0.076935055220416,ok
real_vs_real,original,173000,174000,7050,0.28011684228092415,0.07846544532943613,ok
real_vs_real,original,174000,175000,6973,0.2803512924389428,0.07859684717218564,ok
real_vs_real,original,175000,176000,6971,0.2813447840061666,0.07915488748747654,ok
real_vs_real,original,176000,177000,6997,0.28121601717565103,0.07908244831613605,ok
real_vs_real,original,177000,178000,6729,0.2839665379634026,0.08063699468292057,ok
real_vs_real,original,178000,179000,6923,0.28236302251885503,0.07972887648598344,ok
real_vs_real,original,179000,180000,6687,0.2839066799505113,0.08060300292052204,ok
real_vs_real,original,180000,181000,6849,0.2834004100495537,0.08031579241625518,ok
real_vs_real,original,181000,182000,6637,0.28385557056142846,0.08057398493875409,ok
real_vs_real,original,182000,183000,6553,0.2827043885988502,0.0799217713330497,ok
real_vs_real,original,183000,184000,6624,0.2827742456322548,0.07996127399289077,ok
real_vs_real,original,184000,185000,6545,0.2832404143732348,0.08022513233432173,ok
real_vs_real,original,185000,186000,6580,0.2850458798743247,0.08125115363332795,ok
real_vs_real,original,186000,187000,6885,0.2827108314131977,0.07992541419834148,ok
real_vs_real,original,187000,188000,6731,0.2838452021857852,0.08056809880388927,ok
real_vs_real,original,188000,189000,6682,0.2841420398121166,0.08073669878859047,ok
real_vs_real,original,189000,190000,6678,0.28334017920048554,0.08028165714936325,ok
real_vs_real,original,190000,191000,6562,0.2840914355799536,0.08070794376987891,ok
real_vs_real,original,191000,192000,6695,0.28242108125189225,0.07976166713548793,ok
real_vs_real,original,192000,193000,6486,0.28326589307376115,0.08023956617887548,ok
real_vs_real,original,193000,194000,6758,0.2808979549298686,0.07890366108378247,ok
real_vs_real,original,194000,195000,6703,0.2813166624916048,0.0791390645954155,ok
real_vs_real,original,195000,196000,6718,0.27853319114263575,0.07758073856810008,ok
real_vs_real,original,196000,197000,6766,0.2772817652180096,0.07688517732241543,ok
real_vs_real,original,197000,198000,6769,0.27508498409208976,0.07567174847294526,ok
real_vs_real,original,198000,199000,6392,0.27716362693130986,0.0768196760937183,ok
real_vs_real,original,199000,200000,6299,0.2764357964151258,0.07641674953966486,ok
real_vs_real,original,200000,201000,6339,0.2733965916184756,0.07474569630859954,ok
real_vs_real,original,201000,202000,6148,0.2724006507368116,0.07420211452183842,ok
real_vs_real,original,202000,203000,6415,0.26880470782030114,0.07225597094635747,ok
real_vs_real,original,203000,204000,6317,0.2651246393321329,0.07029107438099357,ok
real_vs_real,original,204000,205000,6197,0.25997857431329924,0.06758885910197567,ok
real_vs_real,original,205000,206000,6329,0.2508148953968868,0.06290811175295126,ok
real_vs_real,original,206000,207000,5905,0.24266014319242019,0.05888394509416587,ok
real_vs_real,original,207000,208000,5839,0.23127543658656463,0.05348832756830608,ok
real_vs_real,original,208000,209000,5947,0.21496859999608325,0.04621149898427604,ok
real_vs_real,original,209000,210000,5713,0.19771807528350277,0.039092437293812864,ok
real_vs_real,original,210000,211000,5681,0.17610679466859466,0.03101360312844656,ok
real_vs_real,original,211000,212000,5768,0.15224678008771514,0.023179082047077096,ok
real_vs_real,original,212000,213000,5615,0.12006346789904003,0.014415236323943814,ok
real_vs_real,original,213000,214000,5391,0.08783559860513568,0.007715092382322514,ok
real_vs_real,original,214000,215000,5263,0.049994987564023874,0.0024994987815269015,ok
real_vs_real,original,215000,216000,4892,0.020788804235322467,0.00043217438153456134,ok
real_vs_real,original,216000,217000,4647,0.04107551485850858,0.0016871979208915588,ok
real_vs_real,original,217000,218000,4360,0.08040337134852553,0.006464702124208896,ok
real_vs_real,original,218000,219000,4149,0.11240899577002256,0.01263578233002495,ok
real_vs_real,original,219000,220000,3795,0.13928368944243502,0.019399946144696686,ok
real_vs_real,original,220000,221000,3620,0.16564505804472607,0.02743828525464067,ok
real_vs_real,original,221000,222000,3469,0.18932103835333625,0.03584245556318542,ok
real_vs_real,original,222000,223000,3604,0.20142670666260623,0.04057271815694362,ok
real_vs_real,original,223000,224000,3329,0.22634042627643122,0.0512299885669966,ok
real_vs_real,original,224000,225000,3357,0.23670632091196447,0.05602988235967791,ok
real_vs_real,original,225000,226000,3454,0.24010671366172154,0.05765123394543194,ok
real_vs_real,original,226000,227000,3384,0.25463319142632024,0.06483806217595305,ok
real_vs_real,original,227000,228000,3543,0.25458899248342226,0.06481555509372403,ok
real_vs_real,original,228000,229000,3587,0.2603374307597675,0.06777557785459673,ok
real_vs_real,original,229000,230000,3477,0.2681365810630207,0.07189722610416587,ok
real_vs_real,original,230000,231000,3698,0.26506137726910856,0.0702575337197967,ok
real_vs_real,original,231000,232000,3470,0.27793804662804383,0.07724955776341268,ok
real_vs_real,original,232000,233000,3381,0.28301169379311153,0.08009561882364591,ok
real_vs_real,original,233000,234000,3675,0.2796098937461696,0.07818169268074428,ok
real_vs_real,original,234000,235000,4099,0.28602338375267006,0.08180937605332717,ok
real_vs_real,original,235000,236000,4867,0.3000796089966686,0.0900477717355935,ok
real_vs_real,original,236000,237000,5598,0.2987057719320986,0.08922513818555088,ok
real_vs_real,original,237000,238000,5776,0.2967408799403773,0.0880551498277894,ok
real_vs_real,original,238000,239000,6113,0.2932871577629926,0.08601735690869451,ok
real_vs_real,original,239000,240000,6265,0.2893447659961309,0.08372039360935576,ok
real_vs_real,original,240000,241000,5965,0.29229126227433133,0.08543418200192193,ok
real_vs_real,original,241000,242000,6253,0.2898171783387506,0.08399399686023518,ok
real_vs_real,original,242000,243000,6222,0.28965927722570484,0.08390249688291772,ok
real_vs_real,original,243000,244000,6347,0.2895336815145024,0.08382975273134129,ok
real_vs_real,original,244000,245000,6649,0.2886020403947581,0.08329113772001759,ok
real_vs_real,original,245000,246000,6613,0.2864819692810522,0.08207191872314973,ok
real_vs_real,original,246000,247000,6781,0.28732033266774637,0.08255297356430445,ok
real_vs_real,original,247000,248000,6591,0.2861337494758007,0.08187252258908029,ok
real_vs_real,original,248000,249000,6377,0.28571801233582755,0.0816347825731361,ok
real_vs_real,original,249000,250000,6548,0.28610253010565484,0.08185465773285715,ok
real_vs_real,original,250000,251000,6768,0.2853694900429538,0.0814357458473755,ok
real_vs_real,original,251000,252000,6604,0.2848139248836239,0.08111897180761456,ok
real_vs_real,original,252000,253000,6983,0.2836377888181212,0.0804503952456331,ok
real_vs_real,original,253000,254000,7108,0.2821811851970725,0.07962622127922453,ok
real_vs_real,original,254000,255000,7103,0.28143004849321346,0.07920287219489248,ok
real_vs_real,original,255000,256000,7292,0.28135990222158774,0.07916339457814141,ok
real_vs_real,original,256000,257000,7202,0.2809459225427279,0.07893061139338446,ok
real_vs_real,original,257000,258000,7200,0.2828965898130601,0.08003048052785879,ok
real_vs_real,original,258000,259000,7363,0.2818015944064275,0.07941213861000467,ok
real_vs_real,original,259000,260000,7307,0.2797603304458776,0.07826584249118664,ok
real_vs_real,original,260000,261000,7402,0.2797592254575254,0.07826522422859453,ok
real_vs_real,original,261000,262000,7480,0.27905823280093456,0.07787349729398059,ok
real_vs_real,original,262000,263000,7495,0.27699399708814965,0.07672567442286984,ok
real_vs_real,original,263000,264000,7427,0.27828809582962183,0.0774442642804768,ok
real_vs_real,original,264000,265000,7442,0.27810086643835125,0.07734009191376169,ok
real_vs_real,original,265000,266000,7404,0.27836135671296197,0.07748504491108087,ok
real_vs_real,original,266000,267000,7400,0.2773236889994152,0.07690842848024435,ok
real_vs_real,original,267000,268000,7320,0.2767822060326333,0.07660838957629108,ok
real_vs_real,original,268000,269000,7198,0.27793788667745967,0.07724946885073242,ok
real_vs_real,original,269000,270000,7168,0.27741051922012067,0.07695659617397695,ok
real_vs_real,original,270000,271000,7134,0.2768304318099932,0.07663508797610732,ok
real_vs_real,original,271000,272000,6945,0.2775969234706079,0.07706005192034654,ok
real_vs_real,original,272000,273000,6802,0.27883820051181224,0.07775074206466562,ok
real_vs_real,original,273000,274000,6656,0.27903586804148295,0.07786101565366389,ok
real_vs_real,original,274000,275000,6481,0.2802133292340341,0.07851950988042118,ok
real_vs_real,original,275000,276000,6541,0.28093860748985744,0.07892650117834017,ok
real_vs_real,original,276000,277000,6362,0.28198713819267834,0.07951674610609669,ok
real_vs_real,original,277000,278000,6362,0.2817536606993898,0.07938512531750685,ok
real_vs_real,original,278000,279000,6371,0.28147591360639523,0.07922868994055486,ok
real_vs_real,original,279000,280000,6320,0.28223697335244086,0.07965770912714643,ok
real_vs_real,original,280000,281000,6411,0.28189935440253555,0.07946724601256634,ok
real_vs_real,original,281000,282000,6291,0.28151623550097493,0.07925139085064038,ok
real_vs_real,original,282000,283000,6262,0.2842154271916932,0.08077840905375663,ok
real_vs_real,original,283000,284000,6332,0.2813856454484439,0.07917788146443737,ok
real_vs_real,original,284000,285000,6393,0.2816552982166345,0.0793297070135013,ok
real_vs_real,original,285000,286000,6444,0.28058194005239745,0.07872622508356716,ok
real_vs_real,original,286000,287000,6546,0.280791918400003,0.07884410143875395,ok
real_vs_real,original,287000,288000,6487,0.28201348577963825,0.07953160616158221,ok
real_vs_real,original,288000,289000,6583,0.280008823704237,0.07840494135223047,ok
real_vs_real,original,289000,290000,6509,0.2803370255110997,0.07858884787241097,ok
real_vs_real,original,290000,291000,6550,0.2806251065990524,0.07875045045372951,ok
real_vs_real,original,291000,292000,6533,0.27953844500775193,0.07814174223735194,ok
real_vs_real,original,292000,293000,6645,0.28034690191875317,0.078594385415443,ok
real_vs_real,original,293000,294000,6606,0.27881949601532946,0.07774031135824233,ok
real_vs_real,original,294000,295000,6580,0.2769100191406722,0.07667915870048746,ok
real_vs_real,original,295000,296000,6645,0.2764934773746578,0.07644864303073041,ok
real_vs_real,original,296000,297000,6774,0.27442464147163687,0.07530888384683644,ok
real_vs_real,original,297000,298000,6427,0.2734594025064329,0.0747800448191753,ok
real_vs_real,original,298000,299000,6400,0.2708124111139202,0.07333936201333491,ok
real_vs_real,original,299000,300000,6198,0.27191638266780616,0.07393851916314478,ok
real_vs_real,original,300000,301000,6282,0.2675022238298636,0.07155743975392245,ok
real_vs_real,original,301000,302000,6130,0.2653061224698849,0.07038733862000557,ok
real_vs_real,original,302000,303000,6074,0.26291600399048864,0.06912482515432664,ok
real_vs_real,original,303000,304000,6031,0.25841645202005253,0.0667790626746321,ok
real_vs_real,original,304000,305000,6144,0.2531885708454725,0.06410445240677287,ok
real_vs_real,original,305000,306000,6029,0.24775044909771998,0.061380285028121935,ok
real_vs_real,original,306000,307000,6074,0.23947076635536835,0.057346247938827415,ok
real_vs_real,original,307000,308000,5977,0.230281055070612,0.05302936432443424,ok
real_vs_real,original,308000,309000,5989,0.2186271944720544,0.04779785016272149,ok
real_vs_real,original,309000,310000,5645,0.20413392653183543,0.041670659961304785,ok
real_vs_real,original,310000,311000,5977,0.1868140229153621,0.034899479157821434,ok
real_vs_real,original,311000,312000,5593,0.1663812818162134,0.027682730938806223,ok
real_vs_real,original,312000,313000,5588,0.14521961582740178,0.021088736821058163,ok
real_vs_real,original,313000,314000,5654,0.11977413921309588,0.014345844424238072,ok
real_vs_real,original,314000,315000,5580,0.10329236432638968,0.010669312528135619,ok
real_vs_real,original,315000,316000,5342,0.08528237243728053,0.007273083048531026,ok
real_vs_real,original,316000,317000,5359,0.07973568956658658,0.006357780190659065,ok
real_vs_real,original,317000,318000,5239,0.08958498764351809,0.008025470011089289,ok
real_vs_real,original,318000,319000,4902,0.11471039314592775,0.013158474295693307,ok
real_vs_real,original,319000,320000,4778,0.14401010288581503,0.020738909733183028,ok
real_vs_real,original,320000,321000,4270,0.18039452900972797,0.032542186096641584,ok
real_vs_real,original,321000,322000,4051,0.20039473854423373,0.04015805123621179,ok
real_vs_real,original,322000,323000,3903,0.22580587232844163,0.050988291978008485,ok
real_vs_real,original,323000,324000,3776,0.2387701563748388,0.05701118757526498,ok
real_vs_real,original,324000,325000,3741,0.2476040232385263,0.06130775232390466,ok
real_vs_real,original,325000,326000,3723,0.26131667697640687,0.06828640566599178,ok
real_vs_real,original,326000,327000,3711,0.2649995471548037,0.07022475999225106,ok
real_vs_real,original,327000,328000,3782,0.27746805938867536,0.07698852398091749,ok
real_vs_real,original,328000,329000,3604,0.29034242645012914,0.08429872459694865,ok
real_vs_real,original,329000,330000,3766,0.28587137905481247,0.08172244536270028,ok
real_vs_real,original,330000,331000,3710,0.291254693707032,0.08482929660637702,ok
real_vs_real,original,331000,332000,3606,0.2965514896164212,0.08794278599371837,ok
real_vs_real,original,332000,333000,3631,0.2873151097089609,0.08254997226707224,ok
real_vs_real,original,333000,334000,3646,0.2960999956549625,0.0876752074268688,ok
real_vs_real,original,334000,335000,3836,0.28799037737466865,0.08293845746040407,ok
real_vs_real,original,335000,336000,4264,0.28674689361865796,0.08222378099994994,ok
real_vs_real,original,336000,337000,4649,0.28852046628770195,0.08324405946687297,ok
real_vs_real,original,337000,338000,4741,0.29234774983409256,0.08546720683305715,ok
real_vs_real,original,338000,339000,5068,0.2896928924062716,0.08392197191071167,ok
real_vs_real,original,339000,340000,5303,0.28570192967018,0.08162559261726449,ok
real_vs_real,original,340000,341000,5478,0.28562617187010153,0.08158231005716877,ok
real_vs_real,original,341000,342000,5600,0.2844055700090323,0.0808865282521626,ok
real_vs_real,original,342000,343000,5913,0.2819063509087697,0.0794711906826984,ok
real_vs_real,original,343000,344000,6072,0.28119922832612015,0.07907300601120544,ok
real_vs_real,original,344000,345000,6111,0.28362384513332484,0.08044248552821225,ok
real_vs_real,original,345000,346000,6130,0.2804991448309065,0.07867977025086986,ok
real_vs_real,original,346000,347000,6252,0.2823666337924442,0.0797309158792763,ok
real_vs_real,original,347000,348000,6278,0.2803074820774581,0.0785722845086045,ok
real_vs_real,original,348000,349000,6355,0.28016418637716645,0.07849197132837965,ok
real_vs_real,original,349000,350000,6555,0.2787520665659305,0.07770271461477694,ok
real_vs_real,original,350000,351000,6866,0.2765021548647913,0.07645344164487303,ok
real_vs_real,original,351000,352000,7252,0.2762427717059984,0.07631006891981237,ok
real_vs_real,original,352000,353000,7442,0.2763070676214695,0.07634559561757533,ok
real_vs_real,original,353000,354000,7223,0.2781830024182112,0.07738578283441049,ok
real_vs_real,original,354000,355000,7552,0.27594230997572367,0.07614415843473837,ok
real_vs_real,original,355000,356000,7539,0.27597316427622975,0.07616118740063489,ok
real_vs_real,original,356000,357000,7576,0.27674265508765533,0.07658649714496496,ok
real_vs_real,original,357000,358000,7718,0.2773860431745245,0.07694301694801917,ok
real_vs_real,original,358000,359000,7968,0.27429008793649,0.07523505234020741,ok
real_vs_real,original,359000,360000,7787,0.27528382313927763,0.07578118328217709,ok
real_vs_real,original,360000,361000,7962,0.27462351384109523,0.07541807435443024,ok
real_vs_real,original,361000,362000,7825,0.27687877487731644,0.07666185597756368,ok
real_vs_real,original,362000,363000,7903,0.275075079156625,0.0756662991730235,ok
real_vs_real,original,363000,364000,7898,0.2755049455722724,0.07590297503478079,ok
real_vs_real,original,364000,365000,7695,0.2762278801176835,0.07630184175430933,ok
real_vs_real,original,365000,366000,7659,0.27660072327685375,0.07650796011727862,ok
real_vs_real,original,366000,367000,7571,0.2776047608295637,0.07706440323523928,ok
real_vs_real,original,367000,368000,7652,0.2760747789980873,0.07621728359884275,ok
real_vs_real,original,368000,369000,7611,0.274151122137625,0.07515883776931896,ok
real_vs_real,original,369000,370000,7501,0.27792002460105825,0.07723954007425284,ok
real_vs_real,original,370000,371000,7473,0.27702503536826084,0.07674287022078616,ok
real_vs_real,original,371000,372000,7384,0.27783611624129795,0.07719290748804802,ok
real_vs_real,original,372000,373000,7259,0.27889439897933804,0.07778208578204619,ok
real_vs_real,original,373000,374000,7147,0.2792674381393167,0.0779903020048971,ok
real_vs_real,original,374000,375000,7157,0.2792786182013886,0.077996546584477,ok
real_vs_real,original,375000,376000,7157,0.2783746603955186,0.07749245155032032,ok
real_vs_real,original,376000,377000,7000,0.27954075942900275,0.0781430361821436,ok
real_vs_real,original,377000,378000,6832,0.2830228954319997,0.08010195933871263,ok
real_vs_real,original,378000,379000,7072,0.2800193484533734,0.07841083550825176,ok
real_vs_real,original,379000,380000,6800,0.28122988538541754,0.07909024843389507,ok
real_vs_real,original,380000,381000,6896,0.28128989885260264,0.07912400719650742,ok
real_vs_real,original,381000,382000,6649,0.28345332815913715,0.0803457892444915,ok
real_vs_real,original,382000,383000,6663,0.28141194237135575,0.07919268130921925,ok
real_vs_real,original,383000,384000,6635,0.2818923048384833,0.07946327152715242,ok
real_vs_real,original,384000,385000,6666,0.2808685228152743,0.07888712710843425,ok
real_vs_real,original,385000,386000,6700,0.2813068815431482,0.07913356160353081,ok
real_vs_real,original,386000,387000,6783,0.28466453079693366,0.08103389509383838,ok
real_vs_real,original,387000,388000,6810,0.282385528233594,0.07974158655576591,ok
real_vs_real,original,388000,389000,6854,0.28246800788015425,0.07978817547578287,ok
real_vs_real,original,389000,390000,6681,0.2815631055331375,0.07927778239746472,ok
real_vs_real,original,390000,391000,6615,0.2818190499388075,0.07942197690841209,ok
real_vs_real,original,391000,392000,6702,0.2821989031814603,0.0796362209568192,ok
real_vs_real,original,392000,393000,6590,0.2806931721216157,0.07878865687569499,ok
real_vs_real,original,393000,394000,6706,0.28064631239492993,0.07876235266087259,ok
real_vs_real,original,394000,395000,6834,0.2810640318985882,0.07899699002709061,ok
real_vs_real,original,395000,396000,6688,0.2786598450287375,0.07765130923143998,ok
real_vs_real,original,396000,397000,6751,0.27637393776636143,0.07638255347648462,ok
real_vs_real,original,397000,398000,6834,0.27500837924214216,0.0756296086533899,ok
real_vs_real,original,398000,399000,6528,0.27567272699008577,0.07599545240615037,ok
real_vs_real,original,399000,400000,6359,0.27518474825578776,0.07572664567260128,ok
real_vs_real,original,400000,401000,6347,0.27320986774142353,0.07464363183128613,ok
real_vs_real,original,401000,402000,6285,0.2742356620389415,0.07520519833393653,ok
real_vs_real,original,402000,403000,6407,0.2697571893502166,0.07276894120612862,ok
real_vs_real,original,403000,404000,6315,0.26646620510518637,0.07100423846315924,ok
real_vs_real,original,404000,405000,6311,0.26165704084769914,0.06846440702517449,ok
real_vs_real,original,405000,406000,6263,0.25660153710379163,0.06584434884402857,ok
real_vs_real,original,406000,407000,6161,0.2471454660159186,0.06108088137222557,ok
real_vs_real,original,407000,408000,6014,0.23751673585139368,0.05641419980950072,ok
real_vs_real,original,408000,409000,5847,0.22639537483475058,0.051254865746567214,ok
real_vs_real,original,409000,410000,5827,0.2110999924256138,0.044563206802094205,ok
real_vs_real,original,410000,411000,5816,0.19206873098820484,0.036890397423419395,ok
real_vs_real,original,411000,412000,5879,0.17029944088767376,0.02900189956665429,ok
real_vs_real,original,412000,413000,5654,0.14397695103733027,0.020729362430005796,ok
real_vs_real,original,413000,414000,5587,0.11366694299037505,0.012920173928777173,ok
real_vs_real,original,414000,415000,5326,0.07575682637906367,0.005739096743027597,ok
real_vs_real,original,415000,416000,5102,0.03990222984266106,0.0015921879464165511,ok
real_vs_real,original,416000,417000,4905,0.015731130291637526,0.0002474684602524757,ok
real_vs_real,original,417000,418000,4688,0.04456402792528,0.0019859525849251353,ok
real_vs_real,original,418000,419000,4389,0.08586990714469821,0.007373640953039093,ok
real_vs_real,original,419000,420000,4065,0.11556538836284017,0.013355358987454075,ok
real_vs_real,original,420000,421000,3895,0.14715419678066902,0.021654357630163858,ok
real_vs_real,original,421000,422000,3682,0.16940415846380322,0.02869776890482935,ok
real_vs_real,original,422000,423000,3541,0.19200829450485457,0.03686718515866297,ok
real_vs_real,original,423000,424000,3443,0.21541874113050147,0.04640523403025001,ok
real_vs_real,original,424000,425000,3405,0.22551704336896902,0.05085793684988145,ok
real_vs_real,original,425000,426000,3471,0.23431556578130636,0.0549037843674137,ok
real_vs_real,original,426000,427000,3470,0.2448507436683339,0.05995188667493616,ok
real_vs_real,original,427000,428000,3531,0.24566097565722997,0.060349314960862134,ok
real_vs_real,original,428000,429000,3487,0.2517755289256279,0.06339091696577968,ok
real_vs_real,original,429000,430000,3505,0.2606299090776307,0.06792794950581402,ok
real_vs_real,original,430000,431000,3697,0.26236796654363154,0.06883694986824017,ok
real_vs_real,original,431000,432000,3544,0.26986697468352744,0.07282818402483963,ok
real_vs_real,original,432000,433000,3446,0.27860653906613103,0.0776216036104076,ok
real_vs_real,original,433000,434000,3442,0.2778753015845208,0.07721468323068839,ok
real_vs_real,original,434000,435000,3642,0.28145784561641335,0.07921851885903276,ok
real_vs_real,original,435000,436000,4114,0.2894740447254605,0.0837952225697179,ok
real_vs_real,original,436000,437000,5296,0.29520947560468014,0.08714863448679025,ok
real_vs_real,original,437000,438000,5541,0.2987610573678448,0.08925816939955265,ok
real_vs_real,original,438000,439000,5919,0.29499589511544405,0.08702257813496206,ok
real_vs_real,original,439000,440000,6105,0.29223682748437807,0.08540236333813415,ok
real_vs_real,original,440000,441000,5992,0.2921551070496147,0.08535460657517185,ok
real_vs_real,original,441000,442000,6165,0.29135815296318757,0.0848895732981202,ok
real_vs_real,original,442000,443000,6188,0.290597397892503,0.0844468476618937,ok
real_vs_real,original,443000,444000,6266,0.2914259886488024,0.08492910685993194,ok
real_vs_real,original,444000,445000,6487,0.29048550067945,0.08438182610499075,ok
real_vs_real,original,445000,446000,6520,0.2885585070777251,0.08326601200692554,ok
real_vs_real,original,446000,447000,6538,0.289534657339301,0.08383031780058645,ok
real_vs_real,original,447000,448000,6623,0.2870072103823788,0.08237313881147505,ok
real_vs_real,original,448000,449000,6355,0.2888574212808714,0.0834386098290348,ok
real_vs_real,original,449000,450000,6373,0.2901429213592353,0.0841829148148714,ok
real_vs_real,original,450000,451000,6544,0.2865500994100591,0.08211095947191474,ok
real_vs_real,original,451000,452000,6580,0.28586801614723906,0.08172052265595812,ok
real_vs_real,original,452000,453000,6899,0.28655027589947746,0.08211106061806665,ok
real_vs_real,original,453000,454000,7011,0.28437419075104814,0.08086868036531353,ok
real_vs_real,original,454000,455000,7050,0.28309568256979384,0.08014316548965747,ok
real_vs_real,original,455000,456000,7200,0.28194115940714076,0.07949081736784276,ok
real_vs_real,original,456000,457000,7153,0.2827286066700691,0.07993546502959865,ok
real_vs_real,original,457000,458000,7263,0.28247613969974694,0.07979276949967096,ok
real_vs_real,original,458000,459000,7426,0.2819781233624658,0.07951166205501797,ok
real_vs_real,original,459000,460000,7221,0.2819201133586075,0.0794789503161301,ok
real_vs_real,original,460000,461000,7313,0.2814100435886741,0.07919161263257947,ok
real_vs_real,original,461000,462000,7492,0.28135799194637773,0.07916231963209795,ok
real_vs_real,original,462000,463000,7444,0.2804187061160104,0.07863465073977739,ok
real_vs_real,original,463000,464000,7370,0.279728793444758,0.07824819788206008,ok
real_vs_real,original,464000,465000,7437,0.279153963224581,0.07792693518399073,ok
real_vs_real,original,465000,466000,7342,0.2794224220549983,0.0780768899470816,ok
real_vs_real,original,466000,467000,7383,0.28004837108187336,0.07842709014561065,ok
real_vs_real,original,467000,468000,7368,0.2787757124239223,0.07771589783746541,ok
real_vs_real,original,468000,469000,7210,0.27874014236892475,0.07769606696784843,ok
real_vs_real,original,469000,470000,7301,0.2783902284523559,0.0775011192977549,ok
real_vs_real,original,470000,471000,7193,0.27921656017765256,0.07796188747744066,ok
real_vs_real,original,471000,472000,6946,0.2788466689457328,0.0777554647821311,ok
real_vs_real,original,472000,473000,6978,0.27842606803107084,0.07752107535924248,ok
real_vs_real,original,473000,474000,6668,0.28044483668779535,0.07864930642484422,ok
real_vs_real,original,474000,475000,6667,0.28006202252968754,0.0784347364634192,ok
real_vs_real,original,475000,476000,6638,0.2814369545555474,0.07920675938950124,ok
real_vs_real,original,476000,477000,6406,0.2826769008549793,0.07990623027697581,ok
real_vs_real,original,477000,478000,6484,0.28194236319598526,0.07949149616453687,ok
real_vs_real,original,478000,479000,6414,0.28180167714190574,0.07941218523999087,ok
real_vs_real,original,479000,480000,6414,0.2812406835092516,0.07909632206075103,ok
real_vs_real,original,480000,481000,6442,0.2816292904248816,0.07931505722522232,ok
real_vs_real,original,481000,482000,6392,0.28297566013366804,0.08007522422808519,ok
real_vs_real,original,482000,483000,6199,0.28451356656035864,0.08094796955689564,ok
real_vs_real,original,483000,484000,6354,0.2828518029727222,0.08000514244491969,ok
real_vs_real,original,484000,485000,6335,0.28166117513282046,0.07933301757720135,ok
real_vs_real,original,485000,486000,6455,0.2816464604665637,0.07932472869334364,ok
real_vs_real,original,486000,487000,6529,0.2822342802574178,0.07965618895242266,ok
real_vs_real,original,487000,488000,6548,0.28005635421630504,0.07843156153692853,ok
real_vs_real,original,488000,489000,6553,0.2813679175972332,0.07916790505300339,ok
real_vs_real,original,489000,490000,6645,0.28070616588580843,0.07879595156631099,ok
real_vs_real,original,490000,491000,6520,0.2807912128065268,0.07884370518936022,ok
real_vs_real,original,491000,492000,6540,0.28145211256191194,0.07921529166556314,ok
real_vs_real,original,492000,493000,6666,0.27915486220363156,0.07792743709192854,ok
real_vs_real,original,493000,494000,6675,0.27968803986328766,0.07822539964256799,ok
real_vs_real,original,494000,495000,6610,0.27863822098966196,0.0776392581962837,ok
real_vs_real,original,495000,496000,6702,0.2771399180975952,0.07680653420314176,ok
real_vs_real,original,496000,497000,6672,0.2756019089064062,0.075956412192855,ok
real_vs_real,original,497000,498000,6714,0.2733597885112891,0.07472557397493672,ok
real_vs_real,original,498000,499000,6440,0.27308509341040743,0.07457546824297095,ok
real_vs_real,original,499000,500000,6417,0.2702151450910477,0.07301622463657598,ok
real_vs_real,original,500000,501000,6258,0.270409613421229,0.07312135903061852,ok
real_vs_real,original,501000,502000,6265,0.26706294218361076,0.07132261508776663,ok
real_vs_real,original,502000,503000,6156,0.2640081725634192,0.06970031518027611,ok
real_vs_real,original,503000,504000,6191,0.26038359741640815,0.06779961780351011,ok
real_vs_real,original,504000,505000,6219,0.2553364360601613,0.06519669557990485,ok
real_vs_real,original,505000,506000,6202,0.24905754105834685,0.062029658758030126,ok
real_vs_real,original,506000,507000,6146,0.24300450122505315,0.05905118761563686,ok
real_vs_real,original,507000,508000,6102,0.233947068545084,0.054731230880838234,ok
real_vs_real,original,508000,509000,5943,0.22363660100458416,0.050013329308883574,ok
real_vs_real,original,509000,510000,5986,0.2096266195291631,0.043943319615224505,ok
real_vs_real,original,510000,511000,5981,0.1930621931488797,0.037273010423455336,ok
real_vs_real,original,511000,512000,5818,0.17527961326461705,0.030722942826193714,ok
real_vs_real,original,512000,513000,5892,0.1537107527624538,0.0236269955148002,ok
real_vs_real,original,513000,514000,5579,0.13375486357488894,0.017890363529937156,ok
real_vs_real,original,514000,515000,5672,0.11166264562422323,0.012468546427800861,ok
real_vs_real,original,515000,516000,5557,0.0926869864939766,0.008590877465334601,ok
real_vs_real,original,516000,517000,5526,0.0840101526911258,0.007057705755186272,ok
real_vs_real,original,517000,518000,5343,0.08533972276817241,0.007282868282148525,ok
real_vs_real,original,518000,519000,5193,0.10439429842289025,0.010898169543207464,ok
real_vs_real,original,519000,520000,4972,0.13145916719511966,0.017281512639634428,ok
real_vs_real,original,520000,521000,4563,0.16274303528515216,0.026485295533824282,ok
real_vs_real,original,521000,522000,4246,0.1905899097040629,0.03632451368100285,ok
real_vs_real,original,522000,523000,4042,0.21308676127029128,0.04540596782866211,ok
real_vs_real,original,523000,524000,3838,0.22725762152659357,0.05164602654192444,ok
real_vs_real,original,524000,525000,3956,0.2353892713815196,0.05540810908152269,ok
real_vs_real,original,525000,526000,3802,0.25453212858169005,0.064786604480326,ok
real_vs_real,original,526000,527000,3863,0.2559123099660867,0.06549111039217845,ok
real_vs_real,original,527000,528000,3821,0.27078615649443577,0.07332514254902907,ok
real_vs_real,original,528000,529000,3855,0.277799754419212,0.07717270355537449,ok
real_vs_real,original,529000,530000,3766,0.2859128792016964,0.08174617449340384,ok
real_vs_real,original,530000,531000,3762,0.2906769876073253,0.08449311112446914,ok
real_vs_real,original,531000,532000,3715,0.29010055666736567,0.08415833297871543,ok
real_vs_real,original,532000,533000,3727,0.28785471669089313,0.08286033792119436,ok
real_vs_real,original,533000,534000,3795,0.28602483284448676,0.08181020500371658,ok
real_vs_real,original,534000,535000,3754,0.29371571959965986,0.08626892393994601,ok
real_vs_real,original,535000,536000,4264,0.2853950888850751,0.0814503567597199,ok
real_vs_real,original,536000,537000,4492,0.2895393526804867,0.08383303675063526,ok
real_vs_real,original,537000,538000,4783,0.2888516718499458,0.08343528833050878,ok
real_vs_real,original,538000,539000,5080,0.2885936487889278,0.08328629412130699,ok
real_vs_real,original,539000,540000,5299,0.2864264752615595,0.08204012573076078,ok
real_vs_real,original,540000,541000,5477,0.28415637546874967,0.08074484571953702,ok
real_vs_real,original,541000,542000,5632,0.28440910688833015,0.08088854008101762,ok
real_vs_real,original,542000,543000,5975,0.2819003060165307,0.07946778253221365,ok
real_vs_real,original,543000,544000,6072,0.28069410516776466,0.07878918067593214,ok
real_vs_real,original,544000,545000,6055,0.28254778783929013,0.0798332524128765,ok
real_vs_real,original,545000,546000,6160,0.28163196723118084,0.07931656496650492,ok
real_vs_real,original,546000,547000,6280,0.28040924004550194,0.07862934190289592,ok
real_vs_real,original,547000,548000,6346,0.2797887837450629,0.07828176350954158,ok
real_vs_real,original,548000,549000,6219,0.28048945439113115,0.07867433402463445,ok
real_vs_real,original,549000,550000,6656,0.278011284495155,0.07729027430664602,ok
real_vs_real,original,550000,551000,6928,0.2755282826566534,0.07591583454372469,ok
real_vs_real,original,551000,552000,7275,0.2750648163261181,0.07566065318052109,ok
real_vs_real,original,552000,553000,7382,0.2755481852624249,0.07592680240141564,ok
real_vs_real,original,553000,554000,7382,0.2776374849846686,0.0770825730686121,ok
real_vs_real,original,554000,555000,7528,0.2747775297974114,0.0755026908815673,ok
real_vs_real,original,555000,556000,7566,0.2751163414022975,0.07568900130658551,ok
real_vs_real,original,556000,557000,7721,0.27535620090062785,0.07582103737442693,ok
real_vs_real,original,557000,558000,7706,0.2762214131660851,0.0762982690914691,ok
real_vs_real,original,558000,559000,7814,0.27565782571724823,0.0759872368791608,ok
real_vs_real,original,559000,560000,7955,0.27475585067986075,0.07549077748281394,ok
real_vs_real,original,560000,561000,7714,0.2773650876858124,0.07693139186695841,ok
real_vs_real,original,561000,562000,7885,0.27692400790573646,0.07668690615457639,ok
real_vs_real,original,562000,563000,7867,0.2760027734750055,0.07617753096589522,ok
real_vs_real,original,563000,564000,7866,0.2762332225520521,0.07630479324149156,ok
real_vs_real,original,564000,565000,7703,0.2760147439209318,0.07618413886173754,ok
real_vs_real,original,565000,566000,7552,0.2777392090680874,0.07713906825376676,ok
real_vs_real,original,566000,567000,7585,0.2772126044421724,0.07684682806161232,ok
real_vs_real,original,567000,568000,7596,0.2769708424287399,0.07671284755568587,ok
real_vs_real,original,568000,569000,7397,0.27813333143341024,0.07735815005424723,ok
real_vs_real,original,569000,570000,7549,0.2780680184311197,0.07732182287420955,ok
real_vs_real,original,570000,571000,7412,0.2777384207840557,0.0771386303796212,ok
real_vs_real,original,571000,572000,7441,0.2779561325522403,0.07725961162339857,ok
real_vs_real,original,572000,573000,7287,0.27897947664163997,0.07782954838724333,ok
real_vs_real,original,573000,574000,7135,0.2792758063639358,0.07799497602022655,ok
real_vs_real,original,574000,575000,7103,0.2794158167382207,0.07807319864348694,ok
real_vs_real,original,575000,576000,7026,0.28055154081723427,0.07870916705492427,ok
real_vs_real,original,576000,577000,6908,0.2817824172168228,0.07940133065255559,ok
real_vs_real,original,577000,578000,6998,0.2811070562692472,0.07902117708436172,ok
real_vs_real,original,578000,579000,6906,0.2834127113668058,0.08032276496428438,ok
real_vs_real,original,579000,580000,6831,0.2818441975631225,0.07943615170000043,ok
real_vs_real,original,580000,581000,6789,0.28416800898843647,0.08075145733245212,ok
real_vs_real,original,581000,582000,6572,0.28418310922400064,0.08076003956822027,ok
real_vs_real,original,582000,583000,6534,0.28498223787109983,0.08121487590202012,ok
real_vs_real,original,583000,584000,6547,0.28330086200532256,0.08025937841295883,ok
real_vs_real,original,584000,585000,6555,0.2827010500381924,0.07991988369269655,ok
real_vs_real,original,585000,586000,6739,0.28332136517796713,0.08027099596630702,ok
real_vs_real,original,586000,587000,6681,0.2853546771907001,0.08142729179460867,ok
real_vs_real,original,587000,588000,6817,0.2829370129701811,0.08005335330848844,ok
real_vs_real,original,588000,589000,6721,0.28497086723055376,0.0812083951701339,ok
real_vs_real,original,589000,590000,6632,0.28399559400502467,0.0806534974142668,ok
real_vs_real,original,590000,591000,6486,0.2840913476394208,0.08070789380358225,ok
real_vs_real,original,591000,592000,6583,0.2836705831580632,0.08046899974923565,ok
real_vs_real,original,592000,593000,6682,0.2813968126003595,0.07918416614164184,ok
real_vs_real,original,593000,594000,6656,0.28212951374895,0.07959706252821896,ok
real_vs_real,original,594000,595000,6850,0.28149100100548197,0.07923718364706824,ok
real_vs_real,original,595000,596000,6732,0.2790622868660958,0.07787575995093514,ok
real_vs_real,original,596000,597000,6844,0.2777871839034967,0.0771657195410351,ok
real_vs_real,original,597000,598000,6785,0.27692704687985786,0.07668858929359898,ok
real_vs_real,original,598000,599000,6509,0.2766676847412986,0.07654500778011059,ok
real_vs_real,original,599000,600000,6346,0.2772001351441742,0.07683991492394844,ok
real_vs_real,original,600000,601000,6301,0.2764636872918085,0.07643217039098288,ok
real_vs_real,original,601000,602000,6323,0.2729375665200784,0.07449491521790222,ok
real_vs_real,original,602000,603000,6358,0.2728668781726324,0.07445633320367821,ok
real_vs_real,original,603000,604000,6372,0.26929006826283675,0.07251714086500329,ok
real_vs_real,original,604000,605000,6187,0.26326673282702695,0.06930937261341719,ok
real_vs_real,original,605000,606000,6370,0.2578982436365034,0.06651150407079325,ok
real_vs_real,original,606000,607000,6235,0.2502913114739601,0.06264574059935492,ok
real_vs_real,original,607000,608000,5912,0.24247353105111136,0.058793413260394264,ok
real_vs_real,original,608000,609000,5850,0.23081254994925457,0.053274433214077134,ok
real_vs_real,original,609000,610000,5816,0.2143226201110288,0.045934185491256364,ok
real_vs_real,original,610000,611000,5777,0.19767499010127754,0.03907540171154018,ok
real_vs_real,original,611000,612000,5893,0.17633516756973103,0.031094091321845117,ok
real_vs_real,original,612000,613000,5642,0.14805656865767222,0.02192074752268401,ok
real_vs_real,original,613000,614000,5637,0.11740372494800999,0.013783634631667985,ok
real_vs_real,original,614000,615000,5354,0.08326550699878423,0.006933144655764584,ok
real_vs_real,original,615000,616000,4988,0.046656280395850555,0.002176808500376229,ok
real_vs_real,original,616000,617000,4906,0.02041314399788245,0.0004166964478782842,ok
real_vs_real,original,617000,618000,4567,0.043065298585244674,0.001854619942236277,ok
real_vs_real,original,618000,619000,4363,0.08055793650090685,0.006489581133284142,ok
real_vs_real,original,619000,620000,4213,0.11312385568209511,0.012797006724383483,ok
real_vs_real,original,620000,621000,3766,0.13946639410058137,0.01945087508341868,ok
real_vs_real,original,621000,622000,3578,0.17275410363402258,0.029843980322394617,ok
real_vs_real,original,622000,623000,3562,0.19022596535557906,0.036185917895461966,ok
real_vs_real,original,623000,624000,3357,0.21415561290202095,0.04586262653744024,ok
real_vs_real,original,624000,625000,3380,0.2252709788740443,0.050747013922870114,ok
real_vs_real,original,625000,626000,3450,0.2356651077237322,0.05553804299843831,ok
real_vs_real,original,626000,627000,3264,0.24586290667329186,0.06044856887783982,ok
real_vs_real,original,627000,628000,3532,0.24616329276159338,0.06059636670322993,ok
real_vs_real,original,628000,629000,3660,0.251973586782169,0.06349068843587127,ok
real_vs_real,original,629000,630000,3489,0.26266694714947275,0.06899392512482391,ok
real_vs_real,original,630000,631000,3685,0.2613964302810044,0.06832809376365198,ok
real_vs_real,original,631000,632000,3539,0.27478772423743697,0.07550829339158971,ok
real_vs_real,original,632000,633000,3360,0.2821918443305636,0.07963223700668504,ok
real_vs_real,original,633000,634000,3540,0.27680987145566155,0.07662370493529988,ok
real_vs_real,original,634000,635000,3535,0.28302011339099575,0.0801003845838521,ok
real_vs_real,original,635000,636000,4201,0.28668361000653,0.08218749224637617,ok
real_vs_real,original,636000,637000,5056,0.29691517298437803,0.08815861994834312,ok
real_vs_real,original,637000,638000,5651,0.29760027732820504,0.08856592506582456,ok
real_vs_real,original,638000,639000,5923,0.29553527044229616,0.08734109607540112,ok
real_vs_real,original,639000,640000,6112,0.2913994358622436,0.08491363122083383,ok
real_vs_real,original,640000,641000,5952,0.2923995223227732,0.08549748065458594,ok
real_vs_real,original,641000,642000,6134,0.2916789128436753,0.08507658819766835,ok
real_vs_real,original,642000,643000,6167,0.2904013980669026,0.08433297199921164,ok
real_vs_real,original,643000,644000,6311,0.29212358175020814,0.08533618701457053,ok
real_vs_real,original,644000,645000,6635,0.28785289320063573,0.0828592881239766,ok
real_vs_real,original,645000,646000,6609,0.28605015352945384,0.08182469033422413,ok
real_vs_real,original,646000,647000,6595,0.28733138479215325,0.08255932468657642,ok
real_vs_real,original,647000,648000,6684,0.28659822685323405,0.08213854363541781,ok
real_vs_real,original,648000,649000,6353,0.28767196248887184,0.08275515800219888,ok
real_vs_real,original,649000,650000,6448,0.28748570035666615,0.08264802790956284,ok
real_vs_real,original,650000,651000,6560,0.28588542182915166,0.081730474414432,ok
real_vs_real,original,651000,652000,6637,0.2847258053928006,0.08106878425657899,ok
real_vs_real,original,652000,653000,6894,0.28454555886175054,0.08096617506794594,ok
real_vs_real,original,653000,654000,6971,0.2834060019242012,0.08031896192666031,ok
real_vs_real,original,654000,655000,7122,0.28279944504317656,0.07997552611672863,ok
real_vs_real,original,655000,656000,7111,0.2819104078467717,0.07947347805233314,ok
real_vs_real,original,656000,657000,7071,0.2813444999637336,0.0791547276598433,ok
real_vs_real,original,657000,658000,7268,0.28160312439363966,0.07930031966825968,ok
real_vs_real,original,658000,659000,7238,0.2824863512646636,0.07979853865082291,ok
real_vs_real,original,659000,660000,7240,0.28148089732085985,0.07923149555655645,ok
real_vs_real,original,660000,661000,7415,0.2806118588529714,0.07874301532891993,ok
real_vs_real,original,661000,662000,7541,0.27923993611525877,0.0779749419216538,ok
real_vs_real,original,662000,663000,7372,0.2792585838315345,0.0779853566435942,ok
real_vs_real,original,663000,664000,7560,0.2771069472700803,0.07678826022534306,ok
real_vs_real,original,664000,665000,7417,0.2774365366039947,0.07697103184281968,ok
real_vs_real,original,665000,666000,7328,0.27851332333219553,0.0775696712735441,ok
real_vs_real,original,666000,667000,7455,0.2778238725505358,0.07718610415897638,ok
real_vs_real,original,667000,668000,7396,0.2777248564380076,0.07713109588351194,ok
real_vs_real,original,668000,669000,7238,0.27651186565980407,0.07645881185066553,ok
real_vs_real,original,669000,670000,7384,0.27736886347840994,0.07693348642730483,ok
real_vs_real,original,670000,671000,7286,0.27737844820731994,0.07693880352990086,ok
real_vs_real,original,671000,672000,6956,0.2770663786386297,0.07676577817192452,ok
real_vs_real,original,672000,673000,6999,0.2775064010022869,0.07700980259724205,ok
real_vs_real,original,673000,674000,6725,0.279985970417892,0.0783921436308487,ok
real_vs_real,original,674000,675000,6500,0.2802099261912214,0.07851760273608975,ok
real_vs_real,original,675000,676000,6582,0.2796360398312264,0.07819631477249124,ok
real_vs_real,original,676000,677000,6597,0.27951317908094203,0.07812761727993478,ok
real_vs_real,original,677000,678000,6379,0.2827915841233767,0.07997108005100884,ok
real_vs_real,original,678000,679000,6439,0.2814647763130244,0.07922242030494088,ok
real_vs_real,original,679000,680000,6334,0.2816215833007447,0.07931071618081828,ok
real_vs_real,original,680000,681000,6275,0.2832320022103081,0.08022036707605995,ok
real_vs_real,original,681000,682000,6383,0.2837502322689942,0.08051419431270815,ok
real_vs_real,original,682000,683000,6242,0.2835498563953698,0.08040052106183482,ok
real_vs_real,original,683000,684000,6168,0.28298233530451217,0.08007900209439536,ok
real_vs_real,original,684000,685000,6306,0.28158696087585106,0.07929121653529807,ok
real_vs_real,original,685000,686000,6446,0.28066854491308507,0.07877483210362846,ok
real_vs_real,original,686000,687000,6474,0.2815347564936643,0.07926181911394684,ok
real_vs_real,original,687000,688000,6502,0.2813151307407462,0.07913820278368312,ok
real_vs_real,original,688000,689000,6503,0.2802339789918864,0.07853108298162503,ok
real_vs_real,original,689000,690000,6597,0.28115820446501333,0.07904993593799023,ok
real_vs_real,original,690000,691000,6511,0.28084452237765223,0.0788736457495316,ok
real_vs_real,original,691000,692000,6511,0.2806299888347065,0.0787531906333675,ok
real_vs_real,original,692000,693000,6660,0.27879883108078385,0.07772878821201144,ok
real_vs_real,original,693000,694000,6647,0.27861568426774136,0.07762669951998173,ok
real_vs_real,original,694000,695000,6654,0.2777781303537129,0.07716068970280432,ok
real_vs_real,original,695000,696000,6699,0.2774824496454721,0.07699650986125196,ok
real_vs_real,original,696000,697000,6499,0.27715464307562204,0.07681469617837546,ok
real_vs_real,original,697000,698000,6652,0.2744305785260513,0.0753121424301432,ok
real_vs_real,original,698000,699000,6497,0.27377743310436414,0.07495408287721458,ok
real_vs_real,original,699000,700000,6489,0.27016379232618193,0.07298847468406436,ok
real_vs_real,original,700000,701000,6143,0.2720883356426642,0.0740320623927951,ok
real_vs_real,original,701000,702000,6252,0.2676239377403281,0.07162257205163901,ok
real_vs_real,original,702000,703000,6081,0.26637271541330504,0.0709544235166576,ok
real_vs_real,original,703000,704000,6242,0.26153781619843525,0.0684020293018465,ok
real_vs_real,original,704000,705000,5953,0.259887358228732,0.06754143896710926,ok
real_vs_real,original,705000,706000,6154,0.2526686073562579,0.06384142514335081,ok
real_vs_real,original,706000,707000,5956,0.24782452175342312,0.06141699358231289,ok
real_vs_real,original,707000,708000,5988,0.2402173129035603,0.057704357418607,ok
real_vs_real,original,708000,709000,5958,0.23020553226983284,0.05299458708763705,ok
real_vs_real,original,709000,710000,5928,0.2169979430520766,0.047088107288832275,ok
real_vs_real,original,710000,711000,5927,0.2017098029348076,0.04068684459999892,ok
real_vs_real,original,711000,712000,5818,0.1851237988748489,0.034270820909855504,ok
real_vs_real,original,712000,713000,5752,0.1653772156187366,0.027349623445806104,ok
real_vs_real,original,713000,714000,5501,0.14328837412821882,0.02053155816030841,ok
real_vs_real,original,714000,715000,5585,0.12186044781344084,0.014849968741292338,ok
real_vs_real,original,715000,716000,5451,0.10152013690577022,0.01030633819736633,ok
real_vs_real,original,716000,717000,5482,0.08430440392352276,0.0071072325209004805,ok
real_vs_real,original,717000,718000,5187,0.07962610236752213,0.006340316178243113,ok
real_vs_real,original,718000,719000,5253,0.09194205369842075,0.008453341238283285,ok
real_vs_real,original,719000,720000,4930,0.11663086079718084,0.013602757690291373,ok
real_vs_real,original,720000,721000,4567,0.15085395231478665,0.022756914928991928,ok
real_vs_real,original,721000,722000,4372,0.17512461593470782,0.030668631106278925,ok
real_vs_real,original,722000,723000,4013,0.20579713055227497,0.04235245894355011,ok
real_vs_real,original,723000,724000,3801,0.22227496263583627,0.04940615901476241,ok
real_vs_real,original,724000,725000,3811,0.23755738920706046,0.05643351316687481,ok
real_vs_real,original,725000,726000,3693,0.25546506486125514,0.06526239936456531,ok
real_vs_real,original,726000,727000,3741,0.2603269699199246,0.06777013126768933,ok
real_vs_real,original,727000,728000,3770,0.2687229698924203,0.07221203454780262,ok
real_vs_real,original,728000,729000,3704,0.2834109484392137,0.08032176569521465,ok
real_vs_real,original,729000,730000,3771,0.2812650442932291,0.07911002514127215,ok
real_vs_real,original,730000,731000,3681,0.29009889132424316,0.08415736674755503,ok
real_vs_real,original,731000,732000,3715,0.2851886016945818,0.08133253853651085,ok
real_vs_real,original,732000,733000,3663,0.2889834628720992,0.08351144181354993,ok
real_vs_real,original,733000,734000,3588,0.2939149184164286,0.08638597926773586,ok
real_vs_real,original,734000,735000,3790,0.2892244277597196,0.08365076961293727,ok
real_vs_real,original,735000,736000,3963,0.29090425886674076,0.08462528782680771,ok
real_vs_real,original,736000,737000,4164,0.2919364874181919,0.08522691268607212,ok
real_vs_real,original,737000,738000,4525,0.2904298215873182,0.0843494812672415,ok
real_vs_real,original,738000,739000,4677,0.2943216733964109,0.08662524743086357,ok
real_vs_real,original,739000,740000,5064,0.28876255311559557,0.08338381208183716,ok
real_vs_real,original,740000,741000,5282,0.28813995122245617,0.08302463149047944,ok
real_vs_real,original,741000,742000,5454,0.28595673301077584,0.08177125315419613,ok
real_vs_real,original,742000,743000,5807,0.2816898310544997,0.07934916091951257,ok
real_vs_real,original,743000,744000,5929,0.28203517411264606,0.07954383943675057,ok
real_vs_real,original,744000,745000,5798,0.2847840308824526,0.0811019442456577,ok
real_vs_real,original,745000,746000,6131,0.2818739690926901,0.07945293445206682,ok
real_vs_real,original,746000,747000,6186,0.2810416014491963,0.07898438174512891,ok
real_vs_real,original,747000,748000,6178,0.28122796929464045,0.07908917071358722,ok
real_vs_real,original,748000,749000,6397,0.28078881484684487,0.07884235854309572,ok
real_vs_real,original,749000,750000,6399,0.27945514630944035,0.07809517879883072,ok
real_vs_real,original,750000,751000,6447,0.2789327745084208,0.07780349269496552,ok
real_vs_real,original,751000,752000,7075,0.27548141122911224,0.07589000793278325,ok
real_vs_real,original,752000,753000,7243,0.2743670690959867,0.07527728860432194,ok
real_vs_real,original,753000,754000,7381,0.2762741864087178,0.07632742607579895,ok
real_vs_real,original,754000,755000,7357,0.2770408030019633,0.07675160652797264,ok
real_vs_real,original,755000,756000,7518,0.275687308309712,0.07600349196305421,ok
real_vs_real,original,756000,757000,7456,0.2773762388368561,0.07693757787128062,ok
real_vs_real,original,757000,758000,7644,0.27685161815210174,0.07664681847343716,ok
real_vs_real,original,758000,759000,7708,0.27769921152921334,0.07711685208394677,ok
real_vs_real,original,759000,760000,7817,0.2753261959413713,0.07580451417154638,ok
real_vs_real,original,760000,761000,7939,0.2753931748538504,0.07584140075608342,ok
real_vs_real,original,761000,762000,7958,0.27587208837073857,0.07610540914203258,ok
real_vs_real,original,762000,763000,7818,0.27646617844179866,0.07643354782221247,ok
real_vs_real,original,763000,764000,7816,0.27680652033033554,0.07662184969738847,ok
real_vs_real,original,764000,765000,7753,0.2760181990725926,0.07618604621927735,ok
real_vs_real,original,765000,766000,7802,0.27675060292344633,0.07659089621849105,ok
real_vs_real,original,766000,767000,7685,0.276734195389147,0.0765818148976786,ok
real_vs_real,original,767000,768000,7589,0.2761085566444839,0.07623593505230017,ok
real_vs_real,original,768000,769000,7654,0.2750793915093109,0.07566867163313272,ok
real_vs_real,original,769000,770000,7606,0.2771485445456495,0.07681131574377188,ok
real_vs_real,original,770000,771000,7637,0.27615957877278496,0.07626411294796201,ok
real_vs_real,original,771000,772000,7343,0.27700918650379625,0.07673408940749497,ok
real_vs_real,original,772000,773000,7323,0.2790639803554593,0.07787670513183217,ok
real_vs_real,original,773000,774000,7231,0.2791498527640399,0.07792464029818516,ok
real_vs_real,original,774000,775000,7275,0.27734741361273213,0.07692158783767192,ok
real_vs_real,original,775000,776000,7122,0.27915373743960664,0.07792680912650084,ok
real_vs_real,original,776000,777000,7091,0.2786907236671156,0.0776685194581006,ok
real_vs_real,original,777000,778000,7020,0.28056212729994945,0.07871510727507303,ok
real_vs_real,original,778000,779000,7142,0.27988136866913116,0.07833358052810611,ok
real_vs_real,original,779000,780000,6853,0.2822683356114538,0.07967541328886033,ok
real_vs_real,original,780000,781000,6805,0.28229363533739943,0.07968969655200465,ok
real_vs_real,original,781000,782000,6838,0.2807076017410878,0.07879675767523314,ok
real_vs_real,original,782000,783000,6561,0.28322525102517326,0.08021654281827242,ok
real_vs_real,original,783000,784000,6641,0.2827940252121871,0.07997246069571111,ok
real_vs_real,original,784000,785000,6648,0.28103250726748974,0.07897927014105169,ok
real_vs_real,original,785000,786000,6797,0.2806269757302973,0.07875149950753288,ok
real_vs_real,original,786000,787000,6759,0.28338693140328486,0.08030815289017007,ok
real_vs_real,original,787000,788000,6740,0.2839077145389624,0.08060359037473695,ok
real_vs_real,original,788000,789000,6712,0.2837940670815502,0.08053907251068743,ok
real_vs_real,original,789000,790000,6676,0.2831795266894512,0.0801906443360616,ok
real_vs_real,original,790000,791000,6667,0.28131752714146796,0.07913955107699056,ok
real_vs_real,original,791000,792000,6569,0.28184965193543093,0.07943922629612356,ok
real_vs_real,original,792000,793000,6677,0.2815327525750688,0.07926069077249491,ok
real_vs_real,original,793000,794000,6738,0.2801855722344673,0.07850395488835589,ok
real_vs_real,original,794000,795000,6881,0.28006313838560754,0.07843536148239595,ok
real_vs_real,original,795000,796000,6736,0.27981903189076,0.07829869060828218,ok
real_vs_real,original,796000,797000,6769,0.2783171998043169,0.07746046370691605,ok
real_vs_real,original,797000,798000,6757,0.27713554987430405,0.07680411300413287,ok
real_vs_real,original,798000,799000,6512,0.2768329084375636,0.07663645919400047,ok
real_vs_real,original,799000,800000,6567,0.2748833670002162,0.07556086545337554,ok
real_vs_real,original,800000,801000,6421,0.27414569401101646,0.07515586154478188,ok
real_vs_real,original,801000,802000,6315,0.2745197795978732,0.07536110939046489,ok
real_vs_real,original,802000,803000,6386,0.27316856512862725,0.07462106497443308,ok
real_vs_real,original,803000,804000,6515,0.26975394537799063,0.07276719104699195,ok
real_vs_real,original,804000,805000,6195,0.2669952160325475,0.0712864453842667,ok
real_vs_real,original,805000,806000,6351,0.26073126323643386,0.06798079162886658,ok
real_vs_real,original,806000,807000,6198,0.25592669389877615,0.06549847264995785,ok
real_vs_real,original,807000,808000,6095,0.24553513634322527,0.06028750317908622,ok
real_vs_real,original,808000,809000,5983,0.2380765010229462,0.0566804203393289,ok
real_vs_real,original,809000,810000,5950,0.22598134969302064,0.05106757040907928,ok
real_vs_real,original,810000,811000,5867,0.21090455681652406,0.044480732085974424,ok
real_vs_real,original,811000,812000,6026,0.19199186483499667,0.036860876162819634,ok
real_vs_real,original,812000,813000,5662,0.1670652807116638,0.02791080801926702,ok
real_vs_real,original,813000,814000,5711,0.14213719209350845,0.02020298137622692,ok
real_vs_real,original,814000,815000,5505,0.1092907304935667,0.011944463771817432,ok
real_vs_real,original,815000,816000,5235,0.07345874087339832,0.005396186610705081,ok
real_vs_real,original,816000,817000,5122,0.039787370547081785,0.0015830348550507911,ok
real_vs_real,original,817000,818000,4810,0.01602215976819147,0.0002567096036374533,ok
real_vs_real,original,818000,819000,4624,0.04803633771357965,0.0023074897409330747,ok
real_vs_real,original,819000,820000,4512,0.0839901598813614,0.007054346956896648,ok
real_vs_real,original,820000,821000,4154,0.11610314981976565,0.013479941398070946,ok
real_vs_real,original,821000,822000,3818,0.15170806078723914,0.023015335707824644,ok
real_vs_real,original,822000,823000,3755,0.17306826744425868,0.029952625196157448,ok
real_vs_real,original,823000,824000,3414,0.20391754969094208,0.04158236707195783,ok
real_vs_real,original,824000,825000,3497,0.21027375327388287,0.04421505131588577,ok
real_vs_real,original,825000,826000,3389,0.22980194967276585,0.05280893607340441,ok
real_vs_real,original,826000,827000,3341,0.23585168158229317,0.0556260157051954,ok
real_vs_real,original,827000,828000,3564,0.23878935860932934,0.05702035778505489,ok
real_vs_real,original,828000,829000,3503,0.24791793846398796,0.06146330421223372,ok
real_vs_real,original,829000,830000,3496,0.254877850086957,0.06496271846494933,ok
real_vs_real,original,830000,831000,3780,0.2552009896341856,0.06512754511026769,ok
real_vs_real,original,831000,832000,3586,0.2654264145193052,0.07045118152457402,ok
real_vs_real,original,832000,833000,3339,0.27960761685445307,0.07818041940302664,ok
real_vs_real,original,833000,834000,3515,0.2735965486754741,0.07485507144713109,ok
real_vs_real,original,834000,835000,3425,0.2828082468384606,0.07998050447984366,ok
real_vs_real,original,835000,836000,3555,0.2774389075775789,0.07697234743784036,ok
real_vs_real,original,836000,837000,4472,0.28702923344535664,0.08238578085222903,ok
real_vs_real,original,837000,838000,5091,0.2982397246257291,0.08894693334483073,ok
real_vs_real,original,838000,839000,5743,0.2969127022863605,0.08815715277898895,ok
real_vs_real,original,839000,840000,5835,0.2948222921440539,0.08692018394507389,ok
real_vs_real,original,840000,841000,5828,0.2969286068379307,0.08816659755871444,ok
real_vs_real,original,841000,842000,6062,0.2923093475006068,0.08544475463623048,ok
real_vs_real,original,842000,843000,6020,0.2922659748180072,0.08541940003632002,ok
real_vs_real,original,843000,844000,6290,0.2906218887314094,0.0844610822098117,ok
real_vs_real,original,844000,845000,6364,0.2915031577267345,0.08497409096465745,ok
real_vs_real,original,845000,846000,6507,0.28840544198790957,0.08317769896824147,ok
real_vs_real,original,846000,847000,6542,0.2896393693042149,0.08389096425094339,ok
real_vs_real,original,847000,848000,6560,0.28848372926748683,0.08322286205207663,ok
real_vs_real,original,848000,849000,6344,0.29020126508750543,0.08421677425838861,ok
real_vs_real,original,849000,850000,6291,0.28982655655717854,0.0839994328857914,ok
real_vs_real,original,850000,851000,6420,0.2889083602825382,0.0834680406411449,ok
real_vs_real,original,851000,852000,6486,0.2867247499588292,0.08221108223895313,ok
real_vs_real,original,852000,853000,6898,0.28558267927714925,0.08155746670311509,ok
real_vs_real,original,853000,854000,6837,0.28575630884484854,0.08165666804463247,ok
real_vs_real,original,854000,855000,6866,0.2854086198685196,0.08145808029525313,ok
real_vs_real,original,855000,856000,7186,0.28217841476670885,0.07962465776025276,ok
real_vs_real,original,856000,857000,7097,0.2822500165321248,0.0796650718323847,ok
real_vs_real,original,857000,858000,7052,0.28383812957196786,0.08056408379891322,ok
real_vs_real,original,858000,859000,7262,0.28286251777184646,0.08001120396022815,ok
real_vs_real,original,859000,860000,7348,0.28180055328388215,0.07941155183110211,ok
real_vs_real,original,860000,861000,7306,0.2831969667979186,0.08020052200354143,ok
real_vs_real,original,861000,862000,7445,0.28196685901568747,0.07950530958317258,ok
real_vs_real,original,862000,863000,7406,0.2800666929568013,0.07843735250375923,ok
real_vs_real,original,863000,864000,7532,0.27913621491037993,0.0779170264744938,ok
real_vs_real,original,864000,865000,7489,0.27806847675133317,0.07732207776280671,ok
real_vs_real,original,865000,866000,7451,0.27953153232811584,0.07813787756570446,ok
real_vs_real,original,866000,867000,7301,0.27881884433313114,0.0777399479552628,ok
real_vs_real,original,867000,868000,7474,0.2780826752500343,0.07732997427421602,ok
real_vs_real,original,868000,869000,7257,0.281019259265042,0.0789718240778729,ok
real_vs_real,original,869000,870000,7393,0.27813184513143896,0.07735732327621873,ok
real_vs_real,original,870000,871000,7241,0.27803384712072093,0.07730282014474842,ok
real_vs_real,original,871000,872000,7121,0.27979564156601344,0.07828560103933707,ok
real_vs_real,original,872000,873000,7004,0.27960627912174096,0.07817967132430491,ok
real_vs_real,original,873000,874000,6743,0.28071005632627416,0.07879813572270002,ok
real_vs_real,original,874000,875000,6623,0.2813616932604301,0.07916440243437635,ok
real_vs_real,original,875000,876000,6650,0.27972777615430533,0.07824762875223314,ok
real_vs_real,original,876000,877000,6474,0.28119478543553106,0.07907050735613436,ok
real_vs_real,original,877000,878000,6716,0.28207751222096505,0.07956772290076869,ok
real_vs_real,original,878000,879000,6439,0.2813216147614573,0.07914185093199379,ok
real_vs_real,original,879000,880000,6385,0.28214829855268375,0.07960766237617435,ok
real_vs_real,original,880000,881000,6420,0.28146382744825355,0.07922188616182024,ok
real_vs_real,original,881000,882000,6288,0.2827629320601876,0.07995487574727428,ok
real_vs_real,original,882000,883000,6337,0.2835762755051718,0.0804155040293851,ok
real_vs_real,original,883000,884000,6269,0.2832095422240759,0.08020764480677064,ok
real_vs_real,original,884000,885000,6322,0.2827663804031015,0.0799568258862715,ok
real_vs_real,original,885000,886000,6413,0.282129569626531,0.0795970940576516,ok
real_vs_real,original,886000,887000,6539,0.2812246129125289,0.07908728290780173,ok
real_vs_real,original,887000,888000,6487,0.2823398636101074,0.07971579858337403,ok
real_vs_real,original,888000,889000,6529,0.28178824587366474,0.07940461551255694,ok
real_vs_real,original,889000,890000,6519,0.28230370342979866,0.07969538097017972,ok
real_vs_real,original,890000,891000,6521,0.2812578372494106,0.07910597101421595,ok
real_vs_real,original,891000,892000,6488,0.2816314494362478,0.07931627331156178,ok
real_vs_real,original,892000,893000,6726,0.2801672452852155,0.07849368533070611,ok
real_vs_real,original,893000,894000,6600,0.2799551717844557,0.07837489820886412,ok
real_vs_real,original,894000,895000,6684,0.2800004706982602,0.07840026359124726,ok
real_vs_real,original,895000,896000,6706,0.2784729870477865,0.07754720451531666,ok
real_vs_real,original,896000,897000,6692,0.27626568611840446,0.07632272932647277,ok
real_vs_real,original,897000,898000,6673,0.2748915614752671,0.07556537057031056,ok
real_vs_real,original,898000,899000,6518,0.2752446442451546,0.07575961418564173,ok
real_vs_real,original,899000,900000,6475,0.27292468211743026,0.07448788210890037,ok
real_vs_real,original,900000,901000,6352,0.27136125940377304,0.0736369331052018,ok
real_vs_real,original,901000,902000,6311,0.26897945952862334,0.07234994964831033,ok
real_vs_real,original,902000,903000,6126,0.26691967561441643,0.0712461132301053,ok
real_vs_real,original,903000,904000,6184,0.26391689749249003,0.06965212878206149,ok
real_vs_real,original,904000,905000,6221,0.25971832015111873,0.06745360582211901,ok
real_vs_real,original,905000,906000,6016,0.2571949644080152,0.06614924971684022,ok
real_vs_real,original,906000,907000,6201,0.2501812675837939,0.06259066664983388,ok
real_vs_real,original,907000,908000,6172,0.24283816229505872,0.058970373066841275,ok
real_vs_real,original,908000,909000,6008,0.23378142862052798,0.054653756367855015,ok
real_vs_real,original,909000,910000,5941,0.22235966211604144,0.04944381933636011,ok
real_vs_real,original,910000,911000,5994,0.2076505133075157,0.04311873567687475,ok
real_vs_real,original,911000,912000,5905,0.19093617293848036,0.03645662213639329,ok
real_vs_real,original,912000,913000,5800,0.17422492308100304,0.030354323822581422,ok
real_vs_real,original,913000,914000,5814,0.1522918503822875,0.023192807692861042,ok
real_vs_real,original,914000,915000,5554,0.1317031430591003,0.017345717891645837,ok
real_vs_real,original,915000,916000,5639,0.11229520083001895,0.01261021212945429,ok
real_vs_real,original,916000,917000,5526,0.09268909645212932,0.008591268601112131,ok
real_vs_real,original,917000,918000,5422,0.08182695028851868,0.006695649793519706,ok
real_vs_real,original,918000,919000,5379,0.08808686110364018,0.007759295099091998,ok
real_vs_real,original,919000,920000,5234,0.10534829067485554,0.011098262348113855,ok
real_vs_real,original,920000,921000,4922,0.13459242083244677,0.01811511974553845,ok
real_vs_real,original,921000,922000,4619,0.16299891657935917,0.026568646806044892,ok
real_vs_real,original,922000,923000,4245,0.18898419889336096,0.03571502743136541,ok
real_vs_real,original,923000,924000,4049,0.20840140589904715,0.04343114598069941,ok
real_vs_real,original,924000,925000,3879,0.2321929680020449,0.05391357438959864,ok
real_vs_real,original,925000,926000,3910,0.2388628294763071,0.057055451305427364,ok
real_vs_real,original,926000,927000,3908,0.24915619391531402,0.062078808966365556,ok
real_vs_real,original,927000,928000,3917,0.2636673766094913,0.06952048548813133,ok
real_vs_real,original,928000,929000,3803,0.2717467474172133,0.07384629473183471,ok
real_vs_real,original,929000,930000,3720,0.2842452752588055,0.0807953765069541,ok
real_vs_real,original,930000,931000,3897,0.2794914974581385,0.07811549715139265,ok
real_vs_real,original,931000,932000,3681,0.2854899479158338,0.0815045103609855,ok
real_vs_real,original,932000,933000,3726,0.28653093396383,0.0820999761181847,ok
real_vs_real,original,933000,934000,3745,0.28746933705706645,0.08263861974802927,ok
real_vs_real,original,934000,935000,3642,0.290752316227909,0.08453690939189397,ok
real_vs_real,original,935000,936000,4075,0.287797572494022,0.08282744273345184,ok
real_vs_real,original,936000,937000,4153,0.2906843588246278,0.08449739646528497,ok
real_vs_real,original,937000,938000,4406,0.29159208438404166,0.08502594367543007,ok
real_vs_real,original,938000,939000,4847,0.29047896763132197,0.08437803063615859,ok
real_vs_real,original,939000,940000,5020,0.2880377357546747,0.0829657372186798,ok
real_vs_real,original,940000,941000,5235,0.28639153037176,0.08202010866867875,ok
real_vs_real,original,941000,942000,5622,0.2835360324710782,0.08039268170944033,ok
real_vs_real,original,942000,943000,5643,0.283191178384619,0.0801972435148691,ok
real_vs_real,original,943000,944000,5978,0.28136349574959413,0.07916541674043187,ok
real_vs_real,original,944000,945000,6010,0.2810359819955635,0.07898122317621069,ok
real_vs_real,original,945000,946000,6053,0.28220315291653797,0.0796386195160349,ok
real_vs_real,original,946000,947000,6198,0.28175565303455957,0.07938624801693113,ok
real_vs_real,original,947000,948000,6304,0.28042842306985477,0.07864010046544545,ok
real_vs_real,original,948000,949000,6422,0.2786968784563226,0.07767195006129828,ok
real_vs_real,original,949000,950000,6340,0.27995823198757847,0.07837661165761081,ok
real_vs_real,original,950000,951000,6541,0.2788101611973252,0.07773510598687847,ok
real_vs_real,original,951000,952000,7044,0.2747403032557651,0.07548223423306975,ok
real_vs_real,original,952000,953000,7141,0.2761692115837969,0.07626943342681598,ok
real_vs_real,original,953000,954000,7402,0.275711466473136,0.07601681274476718,ok
real_vs_real,original,954000,955000,7326,0.2774102752923361,0.07695646083776968,ok
real_vs_real,original,955000,956000,7490,0.27573284881338206,0.0760286039147434,ok
real_vs_real,original,956000,957000,7530,0.2758018428332887,0.07606665651023808,ok
real_vs_real,original,957000,958000,7534,0.2764392553152643,0.0764186618792579,ok
real_vs_real,original,958000,959000,7802,0.27539394175613563,0.07584182315598183,ok
real_vs_real,original,959000,960000,7970,0.275198718387588,0.07573433460217098,ok
real_vs_real,original,960000,961000,7858,0.2753495096157603,0.07581735244563968,ok
real_vs_real,original,961000,962000,7951,0.2759253248707199,0.07613478490501231,ok
real_vs_real,original,962000,963000,7884,0.2753644693883159,0.07582559100150876,ok
real_vs_real,original,963000,964000,7791,0.2768131436721574,0.07662551650966247,ok
real_vs_real,original,964000,965000,7761,0.2761033387526127,0.07623305367034001,ok
real_vs_real,original,965000,966000,7688,0.276717334045958,0.0765724829615023,ok
real_vs_real,original,966000,967000,7651,0.2776990202420539,0.07711674584339664,ok
real_vs_real,original,967000,968000,7604,0.27690255715278317,0.07667502615775033,ok
real_vs_real,original,968000,969000,7503,0.27777921738097633,0.07716129360878769,ok
real_vs_real,original,969000,970000,7507,0.27773943384680444,0.07713919311354345,ok
real_vs_real,original,970000,971000,7456,0.2780017922295402,0.07728499648283642,ok
real_vs_real,original,971000,972000,7379,0.27782745669667985,0.07718809569454553,ok
real_vs_real,original,972000,973000,7333,0.27945383231714527,0.07809444439673915,ok
real_vs_real,original,973000,974000,7218,0.2790001639828702,0.07784109150246846,ok
real_vs_real,original,974000,975000,7279,0.277450854323735,0.07697897656497042,ok
real_vs_real,original,975000,976000,6990,0.2815915661788038,0.07929381014303166,ok
real_vs_real,original,976000,977000,7042,0.28121731914043957,0.07908318058453585,ok
real_vs_real,original,977000,978000,7010,0.2823844617814356,0.07974098425559106,ok
real_vs_real,original,978000,979000,6955,0.28226157693275516,0.07967159781256565,ok
real_vs_real,original,979000,980000,6885,0.2818574858245739,0.07944364231534985,ok
real_vs_real,original,980000,981000,6866,0.2813269397992646,0.07914484705681904,ok
real_vs_real,original,981000,982000,6660,0.282853893801977,0.08000632523894008,ok
real_vs_real,original,982000,983000,6643,0.28284605560298104,0.08000189117016464,ok
real_vs_real,original,983000,984000,6601,0.2849118732457709,0.08117477551641422,ok
real_vs_real,original,984000,985000,6556,0.28285690331387814,0.08000802775231661,ok
real_vs_real,original,985000,986000,6846,0.2824821892064279,0.07979618721885613,ok
real_vs_real,original,986000,987000,6622,0.2849052078702794,0.0811709774716071,ok
real_vs_real,original,987000,988000,6754,0.2826120517502038,0.07986957179445989,ok
real_vs_real,original,988000,989000,6772,0.2840730071567757,0.08069747339509353,ok
real_vs_real,original,989000,990000,6584,0.284317861579559,0.08083664641317327,ok
real_vs_real,original,990000,991000,6667,0.282449653538558,0.07977780678405144,ok
real_vs_real,original,991000,992000,6509,0.2844008459075192,0.08088384115291247,ok
real_vs_real,original,992000,993000,6602,0.2829826801100057,0.08007919724224181,ok
real_vs_real,original,993000,994000,6588,0.2827574442384123,0.07995177227223886,ok
real_vs_real,original,994000,995000,6837,0.2814277577890512,0.07920158285417286,ok
real_vs_real,original,995000,996000,6818,0.2814790722785098,0.07923046813077055,ok
real_vs_real,original,996000,997000,6786,0.2798310911906456,0.07830543959694741,ok
real_vs_real,original,997000,998000,6761,0.27856412590539054,0.07759797224143428,ok
real_vs_real,original,998000,999000,6480,0.27877792175727917,0.07771712965930767,ok
real_vs_real,original,999000,1000000,6467,0.2777955932397653,0.07717039162343314,ok
real_vs_real,original,1000000,1001000,6436,0.2754481221116045,0.07587166797480939,ok
real_vs_real,original,1001000,1002000,6341,0.27636382728921766,0.07637696503394453,ok
real_vs_real,original,1002000,1003000,6352,0.2739282628016193,0.07503669316151301,ok
real_vs_real,original,1003000,1004000,6353,0.27208640184528876,0.07403101006911594,ok
real_vs_real,original,1004000,1005000,6277,0.267551483300793,0.0715837962164545,ok
real_vs_real,original,1005000,1006000,6409,0.26257402898734067,0.06894512069864482,ok
real_vs_real,original,1006000,1007000,6144,0.25768540886449093,0.06640176994165986,ok
real_vs_real,original,1007000,1008000,6039,0.2488509574512112,0.06192679902438453,ok
real_vs_real,original,1008000,1009000,6029,0.24192082794764003,0.05852568699487165,ok
real_vs_real,original,1009000,1010000,5976,0.2279978075707733,0.05198300025707936,ok
real_vs_real,original,1010000,1011000,5936,0.21386394319671806,0.04573778619964905,ok
real_vs_real,original,1011000,1012000,5814,0.1976445892949717,0.03906338367757804,ok
real_vs_real,original,1012000,1013000,5783,0.17257470756437251,0.02978202969092869,ok
real_vs_real,original,1013000,1014000,5616,0.14553408076265492,0.021180168663430962,ok
real_vs_real,original,1014000,1015000,5528,0.11465049393504088,0.013144735759548845,ok
v2e_vs_real,original,15000,16000,17188,0.16827891927688685,0.028317794672997,ok
v2e_vs_real,original,16000,17000,17204,0.16065528596504441,0.025810120908510197,ok
v2e_vs_real,original,17000,18000,21724,0.15130793863344463,0.022894092293502248,ok
v2e_vs_real,original,18000,19000,18075,0.14537702049820522,0.02113447808893558,ok
v2e_vs_real,original,19000,20000,17188,0.13625460109511378,0.018565316319588583,ok
v2e_vs_real,original,20000,21000,17285,0.13136238977250056,0.01725607744674236,ok
v2e_vs_real,original,21000,22000,21056,0.12739230838170199,0.01622880023481866,ok
v2e_vs_real,original,22000,23000,17390,0.12352128109998493,0.015257506884581495,ok
v2e_vs_real,original,23000,24000,17487,0.12144229318478088,0.014748230573978276,ok
v2e_vs_real,original,24000,25000,17442,0.12142963948298466,0.014745157344967626,ok
v2e_vs_real,original,25000,26000,18003,0.12557432277417652,0.015768910540193068,ok
v2e_vs_real,original,26000,27000,22478,0.12717799713882993,0.016174242956244235,ok
v2e_vs_real,original,27000,28000,17987,0.13094803426786056,0.01714738767861678,ok
v2e_vs_real,original,28000,29000,17973,0.13641531726960487,0.018609138785766956,ok
v2e_vs_real,original,29000,30000,17565,0.14648430789865954,0.021457652460549287,ok
v2e_vs_real,original,30000,31000,21564,0.15800708308921516,0.024966238306362146,ok
v2e_vs_real,original,31000,32000,16886,0.16617854653907724,0.027615309329840264,ok
v2e_vs_real,original,32000,33000,16844,0.17472400272965943,0.030528477129874033,ok
v2e_vs_real,original,33000,34000,16661,0.1833591808933505,0.03362058921788043,ok
v2e_vs_real,original,34000,35000,15260,0.198485615791603,0.03939653967617185,ok
v2e_vs_real,original,35000,36000,17932,0.21056263607188616,0.04433662370954157,ok
v2e_vs_real,original,36000,37000,13971,0.22860729100271998,0.05226129349960229,ok
v2e_vs_real,original,37000,38000,13766,0.24093924866696623,0.05805172154820219,ok
v2e_vs_real,original,38000,39000,14309,0.2489612440880913,0.061981701057890186,ok
v2e_vs_real,original,39000,40000,18064,0.25086120988244587,0.06293134662368455,ok
v2e_vs_real,original,40000,41000,15770,0.2633101426510917,0.06933223122293826,ok
v2e_vs_real,original,41000,42000,16573,0.2667571664443531,0.07115938584942029,ok
v2e_vs_real,original,42000,43000,17698,0.2693168038289928,0.07253154082466419,ok
v2e_vs_real,original,43000,44000,22235,0.2617015498091867,0.06848770117253022,ok
v2e_vs_real,original,44000,45000,19609,0.27074832496637313,0.07330465547209677,ok
v2e_vs_real,original,45000,46000,19540,0.26834596590933885,0.07200955741981606,ok
v2e_vs_real,original,46000,47000,19696,0.2684143380942684,0.07204625689458422,ok
v2e_vs_real,original,47000,48000,20549,0.26690526674237686,0.07123842141481936,ok
v2e_vs_real,original,48000,49000,25769,0.26098880850345085,0.06811515816405095,ok
v2e_vs_real,original,49000,50000,21372,0.26471806796702174,0.07007565550819275,ok
v2e_vs_real,original,50000,51000,21014,0.26326959713994547,0.0693108807782292,ok
v2e_vs_real,original,51000,52000,21371,0.261739575382427,0.06850760532137316,ok
v2e_vs_real,original,52000,53000,25930,0.2574993290513618,0.0663059044619015,ok
v2e_vs_real,original,53000,54000,20727,0.2621824884139212,0.06873965723091593,ok
v2e_vs_real,original,54000,55000,20154,0.26185620335396753,0.0685686712349544,ok
v2e_vs_real,original,55000,56000,19801,0.2616980886333206,0.06848588959433333,ok
v2e_vs_real,original,56000,57000,23500,0.2566190537853405,0.06585333876568347,ok
v2e_vs_real,original,57000,58000,19736,0.26273924298512075,0.06903190980439433,ok
v2e_vs_real,original,58000,59000,19198,0.2622941934732855,0.06879824392980131,ok
v2e_vs_real,original,59000,60000,19084,0.26215205361583876,0.0687236992150016,ok
v2e_vs_real,original,60000,61000,19276,0.2615269284348167,0.06839633429654972,ok
v2e_vs_real,original,61000,62000,23716,0.2571982741515375,0.06615095222652946,ok
v2e_vs_real,original,62000,63000,19424,0.2621523389999385,0.06872384884313869,ok
v2e_vs_real,original,63000,64000,18878,0.26171354797226043,0.06849398119222867,ok
v2e_vs_real,original,64000,65000,18365,0.2621630448040944,0.06872946206095362,ok
v2e_vs_real,original,65000,66000,21916,0.2570134857841055,0.06605593187489658,ok
v2e_vs_real,original,66000,67000,19411,0.25497468538311424,0.06501209018621808,ok
v2e_vs_real,original,67000,68000,18349,0.25509605453912026,0.06507399704142582,ok
v2e_vs_real,original,68000,69000,17706,0.2556465309707361,0.06535514879737152,ok
v2e_vs_real,original,69000,70000,21058,0.2521290422187657,0.06356905393015212,ok
v2e_vs_real,original,70000,71000,17253,0.25716315014658264,0.0661328857933138,ok
v2e_vs_real,original,71000,72000,17249,0.2576356599624429,0.06637613328428352,ok
v2e_vs_real,original,72000,73000,17593,0.2591763091601147,0.06717235922985934,ok
v2e_vs_real,original,73000,74000,17907,0.25935786745599665,0.06726650341132233,ok
v2e_vs_real,original,74000,75000,22845,0.2558781397343831,0.0654736223939285,ok
v2e_vs_real,original,75000,76000,18689,0.26085026272421,0.0680428595632894,ok
v2e_vs_real,original,76000,77000,18982,0.2612188171246002,0.06823527041997533,ok
v2e_vs_real,original,77000,78000,19453,0.2614436187676773,0.06835276579433858,ok
v2e_vs_real,original,78000,79000,24109,0.25739224807345545,0.06625076936830725,ok
v2e_vs_real,original,79000,80000,20903,0.26176622308010933,0.06852155554562556,ok
v2e_vs_real,original,80000,81000,20780,0.25973160178968624,0.06746050496823613,ok
v2e_vs_real,original,81000,82000,21408,0.25870478472583497,0.06692816564004062,ok
v2e_vs_real,original,82000,83000,26828,0.25327865721499954,0.06415007820063325,ok
v2e_vs_real,original,83000,84000,22394,0.25778847851467507,0.06645489965491108,ok
v2e_vs_real,original,84000,85000,22238,0.2574886074625853,0.06630038297302134,ok
v2e_vs_real,original,85000,86000,22225,0.25734055760807956,0.0662241625900373,ok
v2e_vs_real,original,86000,87000,22290,0.25721208883915925,0.06615805864500356,ok
v2e_vs_real,original,87000,88000,27486,0.25299209353973356,0.0640049993936173,ok
v2e_vs_real,original,88000,89000,21564,0.2566630999801241,0.06587594689140719,ok
v2e_vs_real,original,89000,90000,21153,0.2570779153627942,0.06608905456727995,ok
v2e_vs_real,original,90000,91000,20700,0.2561368027488856,0.06560606172242153,ok
v2e_vs_real,original,91000,92000,24630,0.2521767637543074,0.06359312017759579,ok
v2e_vs_real,original,92000,93000,19345,0.2558532572414263,0.06546088924104747,ok
v2e_vs_real,original,93000,94000,18936,0.255941151691766,0.06550587312930757,ok
v2e_vs_real,original,94000,95000,18278,0.25616556535249607,0.06562079687236393,ok
v2e_vs_real,original,95000,96000,22423,0.25156901574888824,0.06328696968486439,ok
v2e_vs_real,original,96000,97000,18049,0.2557906132314238,0.06542883781730786,ok
v2e_vs_real,original,97000,98000,17399,0.25561589631115095,0.06533948644695306,ok
v2e_vs_real,original,98000,99000,16736,0.2560760612843674,0.06557494916291508,ok
v2e_vs_real,original,99000,100000,17330,0.24865193674009908,0.06182778564460224,ok
v2e_vs_real,original,100000,101000,20258,0.24469371823804645,0.05987501574516047,ok
v2e_vs_real,original,101000,102000,15234,0.2463711272479159,0.06069873234140877,ok
v2e_vs_real,original,102000,103000,14751,0.24061998494464282,0.05789797715476014,ok
v2e_vs_real,original,103000,104000,14394,0.23617102879568788,0.05577675484241364,ok
v2e_vs_real,original,104000,105000,17513,0.226991110913844,0.05152496443390103,ok
v2e_vs_real,original,105000,106000,14296,0.22804888937308732,0.05200629594429862,ok
v2e_vs_real,original,106000,107000,14186,0.2207516519612803,0.04873129184363423,ok
v2e_vs_real,original,107000,108000,14570,0.21228840329955992,0.0450663661754766,ok
v2e_vs_real,original,108000,109000,14848,0.2054837107342205,0.0422235553771048,ok
v2e_vs_real,original,109000,110000,19143,0.19396815056587224,0.037623643433944885,ok
v2e_vs_real,original,110000,111000,15843,0.1895469217627072,0.03592803554971785,ok
v2e_vs_real,original,111000,112000,15844,0.18334024549573785,0.033613645618437424,ok
v2e_vs_real,original,112000,113000,15892,0.17785388560573734,0.031632004625058704,ok
v2e_vs_real,original,113000,114000,19564,0.1687863864711262,0.02848884425798038,ok
v2e_vs_real,original,114000,115000,16065,0.16812082823691296,0.02826461288706559,ok
v2e_vs_real,original,115000,116000,16002,0.16411178848457297,0.026932679119605216,ok
v2e_vs_real,original,116000,117000,15703,0.16243141539463782,0.026383964707105384,ok
v2e_vs_real,original,117000,118000,20088,0.15877158806060698,0.02520841717528708,ok
v2e_vs_real,original,118000,119000,16350,0.16199507817943298,0.0262424053543606,ok
v2e_vs_real,original,119000,120000,15668,0.16220771463664663,0.026311342687643784,ok
v2e_vs_real,original,120000,121000,15853,0.16436616352201974,0.027016235710947335,ok
v2e_vs_real,original,121000,122000,15940,0.1651644643743188,0.02727930029205563,ok
v2e_vs_real,original,122000,123000,19535,0.16655292665728474,0.02773987737810687,ok
v2e_vs_real,original,123000,124000,15836,0.1696701061544788,0.02878794492247211,ok
v2e_vs_real,original,124000,125000,15719,0.17076914108177424,0.02916209954580691,ok
v2e_vs_real,original,125000,126000,15206,0.17417223633201642,0.030335967908895783,ok
v2e_vs_real,original,126000,127000,18060,0.17733088602325292,0.031446243137791915,ok
v2e_vs_real,original,127000,128000,14606,0.18948242160461692,0.0359035880971498,ok
v2e_vs_real,original,128000,129000,14156,0.19377759064565078,0.037549754636433404,ok
v2e_vs_real,original,129000,130000,13846,0.20024097408978872,0.04009644770442744,ok
v2e_vs_real,original,130000,131000,17120,0.19853683537527944,0.03941687500083081,ok
v2e_vs_real,original,131000,132000,13653,0.2107761966573758,0.04442660507734875,ok
v2e_vs_real,original,132000,133000,14158,0.20776384603625855,0.04316581571977815,ok
v2e_vs_real,original,133000,134000,14672,0.20961643907253832,0.04393905152945117,ok
v2e_vs_real,original,134000,135000,14361,0.21397139599387455,0.04578375830356748,ok
v2e_vs_real,original,135000,136000,17809,0.22166441258437625,0.04913511180637658,ok
v2e_vs_real,original,136000,137000,14419,0.2329182444979069,0.05425090861998674,ok
v2e_vs_real,original,137000,138000,14383,0.23892924768684665,0.05708718540020251,ok
v2e_vs_real,original,138000,139000,14456,0.24480754255764403,0.059930732893112695,ok
v2e_vs_real,original,139000,140000,18058,0.24603366745916846,0.06053256552340869,ok
v2e_vs_real,original,140000,141000,14532,0.2538498847311063,0.06443976397799597,ok
v2e_vs_real,original,141000,142000,14633,0.25672794333530635,0.06590923688917627,ok
v2e_vs_real,original,142000,143000,14810,0.2585371709912332,0.06684146878415015,ok
v2e_vs_real,original,143000,144000,18970,0.2521228815273631,0.06356594738966079,ok
v2e_vs_real,original,144000,145000,16482,0.25851132803416244,0.06682810672198634,ok
v2e_vs_real,original,145000,146000,16429,0.2597287224020936,0.0674590092406238,ok
v2e_vs_real,original,146000,147000,16736,0.2598470026565219,0.0675204647895785,ok
v2e_vs_real,original,147000,148000,17076,0.2602943953334971,0.06775317224203087,ok
v2e_vs_real,original,148000,149000,22167,0.25476179940924276,0.06490357443823525,ok
v2e_vs_real,original,149000,150000,18424,0.2587863436913486,0.0669703716811368,ok
v2e_vs_real,original,150000,151000,18610,0.25799184925757995,0.06655979428334587,ok
v2e_vs_real,original,151000,152000,19317,0.2581909268257167,0.06666255469512261,ok
v2e_vs_real,original,152000,153000,24001,0.2548024460972262,0.06492428653712987,ok
v2e_vs_real,original,153000,154000,20114,0.2591662899712831,0.0671671658574792,ok
v2e_vs_real,original,154000,155000,20181,0.258607384687391,0.0668777794148522,ok
v2e_vs_real,original,155000,156000,20160,0.25893876333074733,0.06704928315525677,ok
v2e_vs_real,original,156000,157000,25163,0.2545704647019532,0.06480612149856842,ok
v2e_vs_real,original,157000,158000,20813,0.2586508386967693,0.06690025635854216,ok
v2e_vs_real,original,158000,159000,20848,0.258345039251619,0.06674215930592056,ok
v2e_vs_real,original,159000,160000,21142,0.2589798902711624,0.06707058356486334,ok
v2e_vs_real,original,160000,161000,20803,0.25815806034718924,0.06664558412222302,ok
v2e_vs_real,original,161000,162000,25303,0.2539101420860212,0.06447036025414346,ok
v2e_vs_real,original,162000,163000,20197,0.2574021591113772,0.06625587151519875,ok
v2e_vs_real,original,163000,164000,19532,0.2579327875427519,0.06652932288957439,ok
v2e_vs_real,original,164000,165000,18617,0.25834051364031546,0.06673982098794203,ok
v2e_vs_real,original,165000,166000,22441,0.2527173841898792,0.063866076271775,ok
v2e_vs_real,original,166000,167000,19457,0.25037657376078154,0.06268842868818808,ok
v2e_vs_real,original,167000,168000,19454,0.24901571534555264,0.062008826489057305,ok
v2e_vs_real,original,168000,169000,19361,0.2498475719731327,0.06242380922086972,ok
v2e_vs_real,original,169000,170000,23551,0.2470774638915726,0.06104727316309136,ok
v2e_vs_real,original,170000,171000,18962,0.25321139805307136,0.06411601210399094,ok
v2e_vs_real,original,171000,172000,18739,0.2547407469915469,0.06489284817781132,ok
v2e_vs_real,original,172000,173000,18574,0.2551608783565766,0.06510707384369968,ok
v2e_vs_real,original,173000,174000,18974,0.2562000565933665,0.0656384689984442,ok
v2e_vs_real,original,174000,175000,24869,0.2531151604370473,0.06406728444307219,ok
v2e_vs_real,original,175000,176000,20579,0.25830119747462243,0.0667195086168239,ok
v2e_vs_real,original,176000,177000,21055,0.25797033725037444,0.06654869490107193,ok
v2e_vs_real,original,177000,178000,21320,0.2578547561121662,0.06648907524966471,ok
v2e_vs_real,original,178000,179000,26699,0.2529341246835871,0.06397567142945239,ok
v2e_vs_real,original,179000,180000,22623,0.2571064810737991,0.06610374261015181,ok
v2e_vs_real,original,180000,181000,22218,0.2566668666993954,0.06587788046128522,ok
v2e_vs_real,original,181000,182000,22395,0.25619259323737,0.06563464482968852,ok
v2e_vs_real,original,182000,183000,27189,0.2514705543958821,0.0632374397281723,ok
v2e_vs_real,original,183000,184000,22478,0.25552350788185924,0.06529226308025057,ok
v2e_vs_real,original,184000,185000,22173,0.25617293985855394,0.06562457511577428,ok
v2e_vs_real,original,185000,186000,22252,0.25632593374355156,0.06570298430950358,ok
v2e_vs_real,original,186000,187000,22190,0.2566257446487306,0.06585677281651549,ok
v2e_vs_real,original,187000,188000,26868,0.2524749153233293,0.06374358286752228,ok
v2e_vs_real,original,188000,189000,21662,0.25692941218891385,0.06601272284774079,ok
v2e_vs_real,original,189000,190000,20972,0.2573310325174055,0.06621926029647401,ok
v2e_vs_real,original,190000,191000,21239,0.257037081963676,0.06606806150440149,ok
v2e_vs_real,original,191000,192000,26487,0.2526812283843182,0.063847803177808,ok
v2e_vs_real,original,192000,193000,21969,0.2565025345510587,0.06579355023111706,ok
v2e_vs_real,original,193000,194000,20692,0.2565738937768098,0.06583016296779368,ok
v2e_vs_real,original,194000,195000,20641,0.2558939148986399,0.06548169568215234,ok
v2e_vs_real,original,195000,196000,24219,0.2517539290262869,0.06338004078017272,ok
v2e_vs_real,original,196000,197000,18711,0.2556901096019017,0.0653774321482325,ok
v2e_vs_real,original,197000,198000,17757,0.2548227057691393,0.06493461137550532,ok
v2e_vs_real,original,198000,199000,16863,0.2540758470970546,0.06455453607808587,ok
v2e_vs_real,original,199000,200000,16596,0.24994777454769895,0.06247389000134735,ok
v2e_vs_real,original,200000,201000,20424,0.23854163574690737,0.05690211198481023,ok
v2e_vs_real,original,201000,202000,15853,0.23711588132313693,0.056223941175647954,ok
v2e_vs_real,original,202000,203000,15237,0.23416948424177225,0.05483534735005763,ok
v2e_vs_real,original,203000,204000,14989,0.23146488185828923,0.05357599153367179,ok
v2e_vs_real,original,204000,205000,18355,0.22190247469395616,0.04924070827530185,ok
v2e_vs_real,original,205000,206000,15686,0.21695184586693833,0.04706810342507177,ok
v2e_vs_real,original,206000,207000,15389,0.2094143731843248,0.04385437969618365,ok
v2e_vs_real,original,207000,208000,15769,0.2039895749737517,0.041611746697971866,ok
v2e_vs_real,original,208000,209000,19026,0.1974261552989918,0.038977086796141626,ok
v2e_vs_real,original,209000,210000,15686,0.19803871757120217,0.03921933365724638,ok
v2e_vs_real,original,210000,211000,15485,0.1945637255117544,0.037855043285013316,ok
v2e_vs_real,original,211000,212000,15246,0.18860540138307846,0.03557199743087213,ok
v2e_vs_real,original,212000,213000,15304,0.1823263316178389,0.03324289120121816,ok
v2e_vs_real,original,213000,214000,19228,0.17260038791953727,0.029790893909974747,ok
v2e_vs_real,original,214000,215000,15343,0.1659366721289864,0.027534979157242734,ok
v2e_vs_real,original,215000,216000,15241,0.1574789865354494,0.02479963120023225,ok
v2e_vs_real,original,216000,217000,15220,0.14876900833596385,0.02213221784126608,ok
v2e_vs_real,original,217000,218000,18822,0.14034319220682323,0.019696211598801326,ok
v2e_vs_real,original,218000,219000,15111,0.1299120181286901,0.016877132454269105,ok
v2e_vs_real,original,219000,220000,15126,0.12382104918143136,0.015331652220390443,ok
v2e_vs_real,original,220000,221000,14783,0.11768887954884567,0.013850672369462705,ok
v2e_vs_real,original,221000,222000,18383,0.117784741522868,0.013873245335608825,ok
v2e_vs_real,original,222000,223000,14534,0.11634717109241872,0.013536664221208555,ok
v2e_vs_real,original,223000,224000,14661,0.11556400126159633,0.013355038387590237,ok
v2e_vs_real,original,224000,225000,14832,0.11542130608087335,0.013322077897414651,ok
v2e_vs_real,original,225000,226000,15009,0.1178526365858899,0.013889243950245836,ok
v2e_vs_real,original,226000,227000,18539,0.12355922390166478,0.015266881811181729,ok
v2e_vs_real,original,227000,228000,14655,0.12948516817652958,0.016766408777704148,ok
v2e_vs_real,original,228000,229000,14492,0.13961922684609795,0.019493528505102158,ok
v2e_vs_real,original,229000,230000,14170,0.1501310715751771,0.022539338652310947,ok
v2e_vs_real,original,230000,231000,17141,0.16106414928676532,0.025941660185469423,ok
v2e_vs_real,original,231000,232000,13648,0.17195673074983756,0.029569117250172132,ok
v2e_vs_real,original,232000,233000,13850,0.18085895648771258,0.03270996214182431,ok
v2e_vs_real,original,233000,234000,13652,0.1917169062840465,0.036755372155125865,ok
v2e_vs_real,original,234000,235000,12537,0.20595762366463571,0.042418542745583716,ok
v2e_vs_real,original,235000,236000,14764,0.21933397805449814,0.048107393929211074,ok
v2e_vs_real,original,236000,237000,11876,0.2394298932424549,0.05732667377809335,ok
v2e_vs_real,original,237000,238000,12413,0.24915641425575055,0.06207891876478318,ok
v2e_vs_real,original,238000,239000,12731,0.25780991669129905,0.06646595314437456,ok
v2e_vs_real,original,239000,240000,16697,0.25598117880673393,0.0655263639032851,ok
v2e_vs_real,original,240000,241000,15141,0.26974319620495424,0.07276139189886444,ok
v2e_vs_real,original,241000,242000,16099,0.2728762224019138,0.07446143275233873,ok
v2e_vs_real,original,242000,243000,16937,0.27351627490802066,0.07481115263955992,ok
v2e_vs_real,original,243000,244000,21571,0.26513532418623786,0.07029674013134145,ok
v2e_vs_real,original,244000,245000,18890,0.2741850076824575,0.0751774184378293,ok
v2e_vs_real,original,245000,246000,18955,0.2706354361040818,0.07324353927524654,ok
v2e_vs_real,original,246000,247000,19325,0.26984274993609103,0.07281510969307176,ok
v2e_vs_real,original,247000,248000,19653,0.2690344292244081,0.07237952410810305,ok
v2e_vs_real,original,248000,249000,24715,0.26260802401605654,0.06896297427761773,ok
v2e_vs_real,original,249000,250000,19955,0.26676936341243457,0.07116589325547559,ok
v2e_vs_real,original,250000,251000,20098,0.2650184155180539,0.07023476056369987,ok
v2e_vs_real,original,251000,252000,20435,0.2642924242270549,0.06985048550381355,ok
v2e_vs_real,original,252000,253000,25447,0.2590416653730907,0.06710258439926431,ok
v2e_vs_real,original,253000,254000,20274,0.26391904666198956,0.06965326319097342,ok
v2e_vs_real,original,254000,255000,20048,0.26366317343762413,0.06951826902719867,ok
v2e_vs_real,original,255000,256000,19685,0.26246136521905084,0.06888596823264799,ok
v2e_vs_real,original,256000,257000,23370,0.25745009932728546,0.06628055364362916,ok
v2e_vs_real,original,257000,258000,19741,0.262814184888976,0.06907129577885686,ok
v2e_vs_real,original,258000,259000,19138,0.26351180514194666,0.06943847144916727,ok
v2e_vs_real,original,259000,260000,18768,0.26229185935216337,0.06879701948241505,ok
v2e_vs_real,original,260000,261000,19150,0.2614256352722043,0.0683433627774756,ok
v2e_vs_real,original,261000,262000,23702,0.2570296480428836,0.06606423997304861,ok
v2e_vs_real,original,262000,263000,18820,0.2618188324561515,0.06854910102870233,ok
v2e_vs_real,original,263000,264000,18715,0.26172598142277037,0.06850048935171234,ok
v2e_vs_real,original,264000,265000,18010,0.2622295509161192,0.06876433737366956,ok
v2e_vs_real,original,265000,266000,21826,0.25558425519614564,0.0653233115041685,ok
v2e_vs_real,original,266000,267000,21541,0.2554101421977107,0.06523434073745481,ok
v2e_vs_real,original,267000,268000,15678,0.2627833301256489,0.06905507859192579,ok
v2e_vs_real,original,268000,269000,18959,0.2576625285761012,0.06638997863223017,ok
v2e_vs_real,original,269000,270000,18436,0.2584849112562521,0.06681444934715253,ok
v2e_vs_real,original,270000,271000,18152,0.25859069019619696,0.06686914505614551,ok
v2e_vs_real,original,271000,272000,18290,0.25983923421462257,0.06751642763724149,ok
v2e_vs_real,original,272000,273000,18582,0.26049971422057816,0.06786010110900288,ok
v2e_vs_real,original,273000,274000,18568,0.2620787797874617,0.06868528681488482,ok
v2e_vs_real,original,274000,275000,19352,0.2614959519917143,0.06838013290805298,ok
v2e_vs_real,original,275000,276000,19819,0.26168127146664577,0.06847708783640034,ok
v2e_vs_real,original,276000,277000,19728,0.2622754304598648,0.06878840142290737,ok
v2e_vs_real,original,277000,278000,15445,0.26716966855344004,0.071379631794955,ok
v2e_vs_real,original,278000,279000,20609,0.2626432042092366,0.06898145271729475,ok
v2e_vs_real,original,279000,280000,21070,0.26175294565690127,0.06851460456006472,ok
v2e_vs_real,original,280000,281000,21900,0.2601483562171411,0.06767716724248055,ok
v2e_vs_real,original,281000,282000,22698,0.25938023396826293,0.06727810577343082,ok
v2e_vs_real,original,282000,283000,23238,0.25775367443527397,0.06643695668488521,ok
v2e_vs_real,original,283000,284000,23383,0.2575547457303871,0.06633444704824437,ok
v2e_vs_real,original,284000,285000,23505,0.2578367835388193,0.06647980694564394,ok
v2e_vs_real,original,285000,286000,23542,0.257631255736843,0.06637386393254258,ok
v2e_vs_real,original,286000,287000,23562,0.25809775880931196,0.06661445310238978,ok
v2e_vs_real,original,287000,288000,17665,0.26301855584870065,0.06917876072073607,ok
v2e_vs_real,original,288000,289000,23128,0.2582443319900997,0.06669013500501285,ok
v2e_vs_real,original,289000,290000,22736,0.2578130451856455,0.0664675662678957,ok
v2e_vs_real,original,290000,291000,22024,0.25829311466119637,0.06671533308138193,ok
v2e_vs_real,original,291000,292000,21413,0.2576876690736326,0.066402934792602,ok
v2e_vs_real,original,292000,293000,20747,0.25669694910559354,0.06589332368011969,ok
v2e_vs_real,original,293000,294000,19936,0.25653863780468106,0.06581207268668132,ok
v2e_vs_real,original,294000,295000,19525,0.2565466692099789,0.06581619348273432,ok
v2e_vs_real,original,295000,296000,19228,0.2560220855984937,0.06554730831420243,ok
v2e_vs_real,original,296000,297000,18890,0.25627810207812923,0.06567846560476803,ok
v2e_vs_real,original,297000,298000,13673,0.2610564755885763,0.06815048344672893,ok
v2e_vs_real,original,298000,299000,17577,0.2568850484325721,0.06598992810820492,ok
v2e_vs_real,original,299000,300000,18229,0.24876714189020466,0.06188509088422122,ok
v2e_vs_real,original,300000,301000,16973,0.2481573801756214,0.06158208533562789,ok
v2e_vs_real,original,301000,302000,16219,0.24464018883006347,0.05984882199080911,ok
v2e_vs_real,original,302000,303000,15728,0.23866071192702634,0.05695893541751506,ok
v2e_vs_real,original,303000,304000,15469,0.23459836781272908,0.05503639418039652,ok
v2e_vs_real,original,304000,305000,15342,0.22945648636614452,0.052650279135496664,ok
v2e_vs_real,original,305000,306000,15173,0.22623941996817334,0.051184275147535506,ok
v2e_vs_real,original,306000,307000,15488,0.22030362262916992,0.048533686143535704,ok
v2e_vs_real,original,307000,308000,11811,0.21702621384515816,0.04710037749596432,ok
v2e_vs_real,original,308000,309000,16319,0.20481761223367503,0.04195025428110407,ok
v2e_vs_real,original,309000,310000,16723,0.1972217156568087,0.03889640512661511,ok
v2e_vs_real,original,310000,311000,17121,0.18968760244563604,0.03598138652157367,ok
v2e_vs_real,original,311000,312000,17202,0.18246180410325452,0.033292309956614426,ok
v2e_vs_real,original,312000,313000,17191,0.17551092813474814,0.03080408589472073,ok
v2e_vs_real,original,313000,314000,17406,0.16976557277770843,0.028820349700543417,ok
v2e_vs_real,original,314000,315000,17138,0.16489338782888824,0.027189829349688152,ok
v2e_vs_real,original,315000,316000,17695,0.1619582882970919,0.02623048714812394,ok
v2e_vs_real,original,316000,317000,17429,0.16241482872641516,0.026378576590230775,ok
v2e_vs_real,original,317000,318000,13212,0.16222451821114495,0.0263167943088381,ok
v2e_vs_real,original,318000,319000,17325,0.16240866945088692,0.026376575912807447,ok
v2e_vs_real,original,319000,320000,17048,0.16477563685205035,0.027151010499998775,ok
v2e_vs_real,original,320000,321000,17281,0.1668654271141905,0.027844070766001226,ok
v2e_vs_real,original,321000,322000,17514,0.1677962084303682,0.028155567563607563,ok
v2e_vs_real,original,322000,323000,17419,0.16907663545202953,0.028586908655778488,ok
v2e_vs_real,original,323000,324000,17218,0.16846031568558784,0.028378877960887915,ok
v2e_vs_real,original,324000,325000,16997,0.1706820334373124,0.02913235653829583,ok
v2e_vs_real,original,325000,326000,16279,0.1772496318257379,0.03141743198235964,ok
v2e_vs_real,original,326000,327000,15284,0.1870744925029699,0.03499686574524374,ok
v2e_vs_real,original,327000,328000,11292,0.19601181782792346,0.03842063272820705,ok
v2e_vs_real,original,328000,329000,14633,0.20031789093138036,0.0401272574271964,ok
v2e_vs_real,original,329000,330000,14697,0.2047627292696391,0.04192777529795152,ok
v2e_vs_real,original,330000,331000,14364,0.21049295077968375,0.04430728232793837,ok
v2e_vs_real,original,331000,332000,13941,0.21443326659210438,0.045981625821360506,ok
v2e_vs_real,original,332000,333000,15106,0.20941138384590596,0.043853127684257365,ok
v2e_vs_real,original,333000,334000,15768,0.2138115647574185,0.04571538522401576,ok
v2e_vs_real,original,334000,335000,15475,0.22298743110961788,0.04972339443286658,ok
v2e_vs_real,original,335000,336000,15747,0.23141268157554862,0.05355182919398625,ok
v2e_vs_real,original,336000,337000,15614,0.23847162147853948,0.056868714250603816,ok
v2e_vs_real,original,337000,338000,11643,0.24838272913900672,0.06169398013454118,ok
v2e_vs_real,original,338000,339000,15574,0.2491500693830429,0.0620757570735751,ok
v2e_vs_real,original,339000,340000,15324,0.253235183879169,0.06412805835431652,ok
v2e_vs_real,original,340000,341000,15270,0.2552492975618104,0.06515220390579765,ok
v2e_vs_real,original,341000,342000,15528,0.25774737205619147,0.06643370780187279,ok
v2e_vs_real,original,342000,343000,15847,0.2600032333273301,0.06760168134066608,ok
v2e_vs_real,original,343000,344000,16476,0.2610083657137432,0.06812536697255912,ok
v2e_vs_real,original,344000,345000,17531,0.2600037883521482,0.06760196995746869,ok
v2e_vs_real,original,345000,346000,17805,0.2614087169505547,0.06833451729773521,ok
v2e_vs_real,original,346000,347000,17932,0.26283458907119295,0.06908202121222286,ok
v2e_vs_real,original,347000,348000,13681,0.2668603220514395,0.07121443148539802,ok
v2e_vs_real,original,348000,349000,18421,0.26274186463507243,0.06903328743191472,ok
v2e_vs_real,original,349000,350000,19552,0.26049685456920446,0.06785861124044927,ok
v2e_vs_real,original,350000,351000,20274,0.26036568097027163,0.06779028782711326,ok
v2e_vs_real,original,351000,352000,20622,0.26046071557991063,0.06783978436039909,ok
v2e_vs_real,original,352000,353000,21060,0.26041795893175734,0.06781751333418244,ok
v2e_vs_real,original,353000,354000,21259,0.2603321053979262,0.06777280510091693,ok
v2e_vs_real,original,354000,355000,21531,0.2597516853097022,0.06747093802123058,ok
v2e_vs_real,original,355000,356000,21733,0.2591711920768987,0.06716970680256072,ok
v2e_vs_real,original,356000,357000,21601,0.2594142382037555,0.06729574698283478,ok
v2e_vs_real,original,357000,358000,16224,0.26366294741838425,0.06951814984134967,ok
v2e_vs_real,original,358000,359000,21891,0.2588925969257556,0.06702537674296176,ok
v2e_vs_real,original,359000,360000,21731,0.2585396880555025,0.06684277029983653,ok
v2e_vs_real,original,360000,361000,21758,0.25768473250139595,0.066401421364316,ok
v2e_vs_real,original,361000,362000,21451,0.2580403213193041,0.06658480742656969,ok
v2e_vs_real,original,362000,363000,21321,0.25829914307313206,0.06671844731231436,ok
v2e_vs_real,original,363000,364000,20968,0.2585924736360264,0.066870067421199,ok
v2e_vs_real,original,364000,365000,19768,0.2599613778248567,0.0675799179605979,ok
v2e_vs_real,original,365000,366000,19422,0.25727555157634036,0.06619070943891016,ok
v2e_vs_real,original,366000,367000,20431,0.2502254536827405,0.06261277767073331,ok
v2e_vs_real,original,367000,368000,15656,0.2540405975584794,0.0645366252078693,ok
v2e_vs_real,original,368000,369000,21049,0.25105013185053504,0.06302616870217104,ok
v2e_vs_real,original,369000,370000,21057,0.25242688356822635,0.0637193315479669,ok
v2e_vs_real,original,370000,371000,20447,0.2537184000154045,0.06437302650637682,ok
v2e_vs_real,original,371000,372000,20485,0.2548183322104429,0.06493238243051165,ok
v2e_vs_real,original,372000,373000,21020,0.25597054586658496,0.06552092035123748,ok
v2e_vs_real,original,373000,374000,21708,0.25697004999686124,0.06603360659538936,ok
v2e_vs_real,original,374000,375000,22315,0.2571067303840591,0.06610387080878127,ok
v2e_vs_real,original,375000,376000,22658,0.25743038218796693,0.06627040167344272,ok
v2e_vs_real,original,376000,377000,23260,0.25735755544198996,0.06623291134307695,ok
v2e_vs_real,original,377000,378000,17503,0.26194339069884187,0.06861433993080612,ok
v2e_vs_real,original,378000,379000,23454,0.25666325874855084,0.06587602839142555,ok
v2e_vs_real,original,379000,380000,23867,0.256101508226922,0.0655879825161042,ok
v2e_vs_real,original,380000,381000,23993,0.256113104648023,0.0655939223724492,ok
v2e_vs_real,original,381000,382000,24536,0.255454255361574,0.06525687658233627,ok
v2e_vs_real,original,382000,383000,24469,0.25425738150252375,0.06464681604851989,ok
v2e_vs_real,original,383000,384000,24272,0.2545614463999509,0.06480152999323506,ok
v2e_vs_real,original,384000,385000,24450,0.25520181836340655,0.06512796809598914,ok
v2e_vs_real,original,385000,386000,24351,0.2555880975714365,0.06532527562018617,ok
v2e_vs_real,original,386000,387000,23994,0.255999012179887,0.06553549423707795,ok
v2e_vs_real,original,387000,388000,17665,0.2605750671965987,0.0678993656445119,ok
v2e_vs_real,original,388000,389000,23113,0.25639361205210326,0.06573768430112444,ok
v2e_vs_real,original,389000,390000,22837,0.2569212626886345,0.06600853522152234,ok
v2e_vs_real,original,390000,391000,23140,0.256594214267998,0.06584059079581125,ok
v2e_vs_real,original,391000,392000,23621,0.255826707010029,0.06544730401959524,ok
v2e_vs_real,original,392000,393000,23363,0.2553099288831529,0.0651831597863206,ok
v2e_vs_real,original,393000,394000,22623,0.25478174120877944,0.06491373565337745,ok
v2e_vs_real,original,394000,395000,21842,0.2539591160360251,0.06449523261779927,ok
v2e_vs_real,original,395000,396000,21063,0.25351403816239215,0.06426936754540281,ok
v2e_vs_real,original,396000,397000,20170,0.25263429216567984,0.0638240855780541,ok
v2e_vs_real,original,397000,398000,14423,0.25631370511877677,0.06569671543171526,ok
v2e_vs_real,original,398000,399000,18000,0.2514083218847725,0.06320614431291738,ok
v2e_vs_real,original,399000,400000,16712,0.24660661725106772,0.060814823672014615,ok
v2e_vs_real,original,400000,401000,19968,0.23522227308791713,0.05532951775664666,ok
v2e_vs_real,original,401000,402000,15181,0.2350071964199498,0.055228382369164865,ok
v2e_vs_real,original,402000,403000,15260,0.23275931166520453,0.05417689716685981,ok
v2e_vs_real,original,403000,404000,15232,0.2295606304109477,0.052698083034671724,ok
v2e_vs_real,original,404000,405000,15380,0.22357993660513026,0.04998798805235406,ok
v2e_vs_real,original,405000,406000,19449,0.21366689840583816,0.04565354347437077,ok
v2e_vs_real,original,406000,407000,16449,0.21076135927595352,0.04442035056384756,ok
v2e_vs_real,original,407000,408000,16021,0.20762810731691203,0.04310943094800314,ok
v2e_vs_real,original,408000,409000,15913,0.20386945150053257,0.041562753255127996,ok
v2e_vs_real,original,409000,410000,15827,0.20129731452167454,0.040520608833637964,ok
v2e_vs_real,original,410000,411000,19326,0.19511916694658835,0.03807148930993061,ok
v2e_vs_real,original,411000,412000,15654,0.19329561969770037,0.03736319659431801,ok
v2e_vs_real,original,412000,413000,15562,0.18646766717100502,0.0347701909001967,ok
v2e_vs_real,original,413000,414000,15441,0.17869390178064629,0.03193151053359126,ok
v2e_vs_real,original,414000,415000,15338,0.17056289980220252,0.029091702788936177,ok
v2e_vs_real,original,415000,416000,19374,0.16182302374965535,0.026186691015481517,ok
v2e_vs_real,original,416000,417000,15770,0.15449066339776849,0.023867365077082606,ok
v2e_vs_real,original,417000,418000,15377,0.14463124078149714,0.020918195809995405,ok
v2e_vs_real,original,418000,419000,14995,0.13515603326904121,0.01826715332902218,ok
v2e_vs_real,original,419000,420000,14933,0.1300323888028417,0.016908422137773396,ok
v2e_vs_real,original,420000,421000,18408,0.12266081584743992,0.015045675744359568,ok
v2e_vs_real,original,421000,422000,14686,0.11833284103834503,0.014002661268206235,ok
v2e_vs_real,original,422000,423000,14667,0.11533408801465714,0.013301951858172678,ok
v2e_vs_real,original,423000,424000,14328,0.11401749198308689,0.012999988478113282,ok
v2e_vs_real,original,424000,425000,14686,0.11457294408208664,0.01312695951563695,ok
v2e_vs_real,original,425000,426000,18675,0.11867072147863819,0.01408274013626052,ok
v2e_vs_real,original,426000,427000,15183,0.1188031412850601,0.014114186379197952,ok
v2e_vs_real,original,427000,428000,14672,0.12497798104002623,0.015619495744841158,ok
v2e_vs_real,original,428000,429000,14324,0.13509817910749067,0.018251517998159626,ok
v2e_vs_real,original,429000,430000,14273,0.1440387706492585,0.020747167450149685,ok
v2e_vs_real,original,430000,431000,17049,0.15619676478567168,0.024397429329510445,ok
v2e_vs_real,original,431000,432000,13272,0.16744594540624724,0.02803814463299193,ok
v2e_vs_real,original,432000,433000,13887,0.1755055438297154,0.03080219591496415,ok
v2e_vs_real,original,433000,434000,13445,0.18609716174623528,0.034632153610004456,ok
v2e_vs_real,original,434000,435000,12469,0.20339429740204334,0.04136924021567085,ok
v2e_vs_real,original,435000,436000,14552,0.2159686871823338,0.04664247384326076,ok
v2e_vs_real,original,436000,437000,12161,0.23587731571191367,0.055638108067457795,ok
v2e_vs_real,original,437000,438000,12563,0.24715253463905976,0.061084375378511635,ok
v2e_vs_real,original,438000,439000,12724,0.25693880765943933,0.06601755088145436,ok
v2e_vs_real,original,439000,440000,13665,0.2602007588578909,0.06770443491022228,ok
v2e_vs_real,original,440000,441000,17960,0.26063432750766946,0.06793025267537511,ok
v2e_vs_real,original,441000,442000,16222,0.27104232483623736,0.07346394185263241,ok
v2e_vs_real,original,442000,443000,16998,0.27345597936554117,0.07477817265076729,ok
v2e_vs_real,original,443000,444000,17495,0.27242540655096065,0.07421560213445619,ok
v2e_vs_real,original,444000,445000,18262,0.2724723041995726,0.0742411565558244,ok
v2e_vs_real,original,445000,446000,22413,0.26496868655829003,0.07020840485642535,ok
v2e_vs_real,original,446000,447000,19986,0.2725790280258372,0.07429932651951016,ok
v2e_vs_real,original,447000,448000,19805,0.2696060159544133,0.07268740383881137,ok
v2e_vs_real,original,448000,449000,19688,0.2689143076687834,0.07231490486898108,ok
v2e_vs_real,original,449000,450000,19961,0.2667281359368573,0.07114389850035062,ok
v2e_vs_real,original,450000,451000,24389,0.2595787501219841,0.06738112751489146,ok
v2e_vs_real,original,451000,452000,20497,0.2651895482328972,0.07032549649196812,ok
v2e_vs_real,original,452000,453000,19953,0.26427071579199846,0.06983901122521523,ok
v2e_vs_real,original,453000,454000,19800,0.2636443935698138,0.06950836626079486,ok
v2e_vs_real,original,454000,455000,19471,0.26327924149981785,0.0693159590047194,ok
v2e_vs_real,original,455000,456000,23488,0.25784016120195513,0.06648154872865021,ok
v2e_vs_real,original,456000,457000,19277,0.2638935905329795,0.06963982712438785,ok
v2e_vs_real,original,457000,458000,18983,0.26336382310811174,0.06936050332212076,ok
v2e_vs_real,original,458000,459000,18979,0.262832036115526,0.06908067920863319,ok
v2e_vs_real,original,459000,460000,18932,0.26249106129242245,0.06890155725842227,ok
v2e_vs_real,original,460000,461000,23660,0.256912400435148,0.06600398149734985,ok
v2e_vs_real,original,461000,462000,18917,0.2623049150266657,0.06880386844714632,ok
v2e_vs_real,original,462000,463000,18867,0.26239659836432033,0.06885197483316643,ok
v2e_vs_real,original,463000,464000,18446,0.26253707795082637,0.06892571729895829,ok
v2e_vs_real,original,464000,465000,18007,0.2638633301996002,0.06962385702402323,ok
v2e_vs_real,original,465000,466000,21818,0.256438571628377,0.06576074101880226,ok
v2e_vs_real,original,466000,467000,19091,0.2552383069921355,0.0651465933562116,ok
v2e_vs_real,original,467000,468000,17604,0.2557721070107345,0.06541937072471063,ok
v2e_vs_real,original,468000,469000,17034,0.25627919252288806,0.06567902452018351,ok
v2e_vs_real,original,469000,470000,16748,0.25637333970177056,0.06572728930983944,ok
v2e_vs_real,original,470000,471000,20801,0.2538951813849582,0.06446276313050082,ok
v2e_vs_real,original,471000,472000,16908,0.25872277878818006,0.06693747626387757,ok
v2e_vs_real,original,472000,473000,17267,0.2595347201733117,0.0673582709754392,ok
v2e_vs_real,original,473000,474000,17457,0.2602024237660771,0.06770530133374116,ok
v2e_vs_real,original,474000,475000,17798,0.2618069818503059,0.06854289574556638,ok
v2e_vs_real,original,475000,476000,22714,0.2570902138463838,0.06609537805557934,ok
v2e_vs_real,original,476000,477000,19239,0.2620216499575425,0.06865534504647294,ok
v2e_vs_real,original,477000,478000,19310,0.262409190357609,0.06885858318413589,ok
v2e_vs_real,original,478000,479000,19512,0.26241890107974586,0.06886367964390143,ok
v2e_vs_real,original,479000,480000,20140,0.26194136358647035,0.06861327795753945,ok
v2e_vs_real,original,480000,481000,25533,0.2558646923317107,0.06546674078200099,ok
v2e_vs_real,original,481000,482000,21747,0.2598111205776208,0.06750181837579902,ok
v2e_vs_real,original,482000,483000,21819,0.25850307659453126,0.06682384060883809,ok
v2e_vs_real,original,483000,484000,21952,0.2578165559143835,0.06646937650355444,ok
v2e_vs_real,original,484000,485000,21947,0.2576231211243715,0.06636967253786259,ok
v2e_vs_real,original,485000,486000,27211,0.25299501271203,0.06400647645716023,ok
v2e_vs_real,original,486000,487000,22682,0.2572618541966046,0.06618366162467502,ok
v2e_vs_real,original,487000,488000,22372,0.25741533602861183,0.06626265522272315,ok
v2e_vs_real,original,488000,489000,21717,0.2570802378360009,0.06609024868581481,ok
v2e_vs_real,original,489000,490000,21304,0.257003159260823,0.06605062387004396,ok
v2e_vs_real,original,490000,491000,25862,0.25265480331296,0.06383444963711049,ok
v2e_vs_real,original,491000,492000,20226,0.25656558207192925,0.06582589790390787,ok
v2e_vs_real,original,492000,493000,19709,0.2556238881525082,0.06534357219420601,ok
v2e_vs_real,original,493000,494000,18922,0.2565489863912871,0.06581738241839681,ok
v2e_vs_real,original,494000,495000,18655,0.2562447973088619,0.06566139614785971,ok
v2e_vs_real,original,495000,496000,22543,0.2518799456319719,0.06344350701156513,ok
v2e_vs_real,original,496000,497000,18039,0.2568342842513189,0.06596384956688728,ok
v2e_vs_real,original,497000,498000,17582,0.2570107943577981,0.06605454841642638,ok
v2e_vs_real,original,498000,499000,16807,0.25695768112253875,0.06602724988787231,ok
v2e_vs_real,original,499000,500000,17366,0.24953279219064775,0.062266614378461,ok
v2e_vs_real,original,500000,501000,20133,0.24529046358165515,0.06016741152410329,ok
v2e_vs_real,original,501000,502000,15614,0.248539789449555,0.061772026939629125,ok
v2e_vs_real,original,502000,503000,15030,0.24302108455672222,0.05905924753912554,ok
v2e_vs_real,original,503000,504000,14817,0.2374773398796061,0.056395486956293955,ok
v2e_vs_real,original,504000,505000,14451,0.2346317115392063,0.055052040059817314,ok
v2e_vs_real,original,505000,506000,17639,0.2251284753761965,0.050682830425210726,ok
v2e_vs_real,original,506000,507000,14532,0.22528219772595454,0.05075206861223608,ok
v2e_vs_real,original,507000,508000,14898,0.2176913552896187,0.04738952616783099,ok
v2e_vs_real,original,508000,509000,15116,0.21017552760162794,0.044173752402622675,ok
v2e_vs_real,original,509000,510000,15993,0.2018024210731657,0.040724217150991275,ok
v2e_vs_real,original,510000,511000,19764,0.1914738366595447,0.036662230125126004,ok
v2e_vs_real,original,511000,512000,16411,0.18880728633120275,0.035648191371752784,ok
v2e_vs_real,original,512000,513000,16442,0.18299491465368217,0.033487138789108424,ok
v2e_vs_real,original,513000,514000,16548,0.175194061106167,0.030692959046871374,ok
v2e_vs_real,original,514000,515000,16377,0.1713771640197305,0.029370132347445607,ok
v2e_vs_real,original,515000,516000,20123,0.16633810683086417,0.027668365784075978,ok
v2e_vs_real,original,516000,517000,16916,0.16335701556698784,0.026685514534953103,ok
v2e_vs_real,original,517000,518000,16587,0.16122833551147162,0.025994576171799663,ok
v2e_vs_real,original,518000,519000,16307,0.15843847051448065,0.025102748938967953,ok
v2e_vs_real,original,519000,520000,16292,0.16021635393439998,0.025669280068032922,ok
v2e_vs_real,original,520000,521000,19591,0.159047406633355,0.025296077556795776,ok
v2e_vs_real,original,521000,522000,16743,0.16198319427743246,0.02623855522832043,ok
v2e_vs_real,original,522000,523000,16072,0.16397011940973286,0.026886200059242048,ok
v2e_vs_real,original,523000,524000,16076,0.16509608647875645,0.027256717770601027,ok
v2e_vs_real,original,524000,525000,15915,0.16713790531695302,0.02793507939373875,ok
v2e_vs_real,original,525000,526000,19020,0.1673150639897821,0.02799433063790488,ok
v2e_vs_real,original,526000,527000,15440,0.1775518823334121,0.03152467092013781,ok
v2e_vs_real,original,527000,528000,14657,0.18443485553947916,0.03401621593786855,ok
v2e_vs_real,original,528000,529000,14558,0.19013091619793496,0.03614976529426617,ok
v2e_vs_real,original,529000,530000,14454,0.1952714250154635,0.03813092942756978,ok
v2e_vs_real,original,530000,531000,17446,0.19567320455016707,0.03828800297893152,ok
v2e_vs_real,original,531000,532000,14338,0.20792042085872658,0.04323090141006998,ok
v2e_vs_real,original,532000,533000,14640,0.20592996234533242,0.04240714939155003,ok
v2e_vs_real,original,533000,534000,15523,0.20701925350635877,0.042856971322330045,ok
v2e_vs_real,original,534000,535000,15105,0.21535421550998435,0.04637743813792078,ok
v2e_vs_real,original,535000,536000,15107,0.22355258870372094,0.049975759916135024,ok
v2e_vs_real,original,536000,537000,18294,0.22584703613560134,0.05100688373123562,ok
v2e_vs_real,original,537000,538000,15254,0.2396289254125388,0.05742202189436809,ok
v2e_vs_real,original,538000,539000,15147,0.24506562558796102,0.0600571608448187,ok
v2e_vs_real,original,539000,540000,14983,0.2494342938770928,0.06221746696196389,ok
v2e_vs_real,original,540000,541000,14732,0.25082558760287876,0.0629134753963294,ok
v2e_vs_real,original,541000,542000,14695,0.2543858452712963,0.0647121582743919,ok
v2e_vs_real,original,542000,543000,14936,0.2568772614466916,0.06598592744835195,ok
v2e_vs_real,original,543000,544000,19369,0.2524752531932215,0.0637437534749813,ok
v2e_vs_real,original,544000,545000,16752,0.2579155625856423,0.06652043742386836,ok
v2e_vs_real,original,545000,546000,17055,0.2611918820697327,0.06822119925912916,ok
v2e_vs_real,original,546000,547000,17210,0.2606563222972436,0.06794171835352453,ok
v2e_vs_real,original,547000,548000,17117,0.26073528651244476,0.06798288963272667,ok
v2e_vs_real,original,548000,549000,17097,0.25909013870913916,0.06712769997632097,ok
v2e_vs_real,original,549000,550000,18300,0.25807185808270977,0.06660108393426228,ok
v2e_vs_real,original,550000,551000,18597,0.2581149084885139,0.0666233059840339,ok
v2e_vs_real,original,551000,552000,23885,0.2544406403002348,0.06474003943639345,ok
v2e_vs_real,original,552000,553000,19496,0.2591185066260309,0.06714240047610444,ok
v2e_vs_real,original,553000,554000,20205,0.25820584539505065,0.0666702585961728,ok
v2e_vs_real,original,554000,555000,20246,0.25860485788423426,0.066876472521325,ok
v2e_vs_real,original,555000,556000,20467,0.2577449628578441,0.06643246587859145,ok
v2e_vs_real,original,556000,557000,20455,0.25840796349998774,0.06677467560021098,ok
v2e_vs_real,original,557000,558000,20444,0.2586253600223463,0.06688707684668824,ok
v2e_vs_real,original,558000,559000,26366,0.25439751657404486,0.06471809643904143,ok
v2e_vs_real,original,559000,560000,21246,0.25916709352553563,0.06716758236647374,ok
v2e_vs_real,original,560000,561000,20925,0.2591889844318842,0.06717892965083153,ok
v2e_vs_real,original,561000,562000,20581,0.2588661535213552,0.06701168543894186,ok
v2e_vs_real,original,562000,563000,20478,0.2585355791425016,0.06684064568254869,ok
v2e_vs_real,original,563000,564000,19449,0.25886383524073286,0.0670104851955413,ok
v2e_vs_real,original,564000,565000,18928,0.2581977777076462,0.06666609241316707,ok
v2e_vs_real,original,565000,566000,21957,0.2525903131509857,0.063801866297713,ok
v2e_vs_real,original,566000,567000,19147,0.2514953723673801,0.06324992232220718,ok
v2e_vs_real,original,567000,568000,19551,0.25079101084150895,0.06289613111890587,ok
v2e_vs_real,original,568000,569000,19670,0.2519701828181864,0.06348897302943028,ok
v2e_vs_real,original,569000,570000,19496,0.25380923760312973,0.06441912909268195,ok
v2e_vs_real,original,570000,571000,18833,0.2536525785577765,0.06433963060900898,ok
v2e_vs_real,original,571000,572000,19263,0.2552969409824437,0.06517652807499334,ok
v2e_vs_real,original,572000,573000,23078,0.25154193029106425,0.06327334269455463,ok
v2e_vs_real,original,573000,574000,20148,0.257769253240597,0.06644498791621503,ok
v2e_vs_real,original,574000,575000,20418,0.2578475711273296,0.06648536993626328,ok
v2e_vs_real,original,575000,576000,20884,0.2574781531847856,0.06629499936744794,ok
v2e_vs_real,original,576000,577000,21387,0.2579971384063027,0.06656252342584089,ok
v2e_vs_real,original,577000,578000,21716,0.2577077446443329,0.06641328164966868,ok
v2e_vs_real,original,578000,579000,22306,0.2571858729586472,0.06614457324950142,ok
v2e_vs_real,original,579000,580000,27376,0.2522145992932962,0.06361220409667796,ok
v2e_vs_real,original,580000,581000,23537,0.25654794502019973,0.06581684809408742,ok
v2e_vs_real,original,581000,582000,23065,0.2563578431934249,0.06571934376678464,ok
v2e_vs_real,original,582000,583000,23100,0.25527030796064304,0.06516293012632153,ok
v2e_vs_real,original,583000,584000,22757,0.25513934713689523,0.06509608645744114,ok
v2e_vs_real,original,584000,585000,22727,0.25557506374103417,0.06531861320623368,ok
v2e_vs_real,original,585000,586000,22896,0.2558050997920967,0.06543624907964454,ok
v2e_vs_real,original,586000,587000,27209,0.252218204423669,0.06361402264269969,ok
v2e_vs_real,original,587000,588000,22818,0.2563388891921229,0.06570962611225147,ok
v2e_vs_real,original,588000,589000,22019,0.2566446090047188,0.065866455331185,ok
v2e_vs_real,original,589000,590000,21659,0.25641646985963035,0.06574940601527472,ok
v2e_vs_real,original,590000,591000,21809,0.2567202407722396,0.06590528202215667,ok
v2e_vs_real,original,591000,592000,22090,0.2570951550572916,0.06609791875393281,ok
v2e_vs_real,original,592000,593000,22205,0.2560164728403075,0.06554443436559189,ok
v2e_vs_real,original,593000,594000,26256,0.2520810056857995,0.06354483342756409,ok
v2e_vs_real,original,594000,595000,21131,0.2562703541023841,0.06567449439176133,ok
v2e_vs_real,original,595000,596000,19993,0.25599807717894724,0.06553501551931823,ok
v2e_vs_real,original,596000,597000,19254,0.25505058413163656,0.06505080046588901,ok
v2e_vs_real,original,597000,598000,18207,0.2545347641834413,0.06478794617792007,ok
v2e_vs_real,original,598000,599000,17169,0.2538345481971007,0.06443197785842623,ok
v2e_vs_real,original,599000,600000,16997,0.24962997120441108,0.0623151225235151,ok
v2e_vs_real,original,600000,601000,20804,0.23783331407295288,0.05656468528292385,ok
v2e_vs_real,original,601000,602000,16266,0.2375399438347646,0.05642522491702312,ok
v2e_vs_real,original,602000,603000,15610,0.2347614629018585,0.055112944463820694,ok
v2e_vs_real,original,603000,604000,15623,0.2310049505040255,0.05336328715736727,ok
v2e_vs_real,original,604000,605000,15903,0.22475903310421896,0.0505166229619434,ok
v2e_vs_real,original,605000,606000,16170,0.21730415432890207,0.04722109548859929,ok
v2e_vs_real,original,606000,607000,16098,0.21170669805613376,0.04481972600183099,ok
v2e_vs_real,original,607000,608000,16343,0.20827345431954272,0.043377831774194645,ok
v2e_vs_real,original,608000,609000,20136,0.20231470976150878,0.04093124178588353,ok
v2e_vs_real,original,609000,610000,16479,0.2015566539550441,0.04062508475355339,ok
v2e_vs_real,original,610000,611000,15924,0.19809397483226376,0.03924122286484555,ok
v2e_vs_real,original,611000,612000,16157,0.19397036573662038,0.03762450278399827,ok
v2e_vs_real,original,612000,613000,15925,0.18969233665618104,0.03598318258608192,ok
v2e_vs_real,original,613000,614000,15906,0.18178865116355625,0.033047113691865145,ok
v2e_vs_real,original,614000,615000,15800,0.1735482744363166,0.03011900355982306,ok
v2e_vs_real,original,615000,616000,19747,0.16436225255020726,0.02701495006337811,ok
v2e_vs_real,original,616000,617000,15792,0.15465853576980057,0.023919262686458685,ok
v2e_vs_real,original,617000,618000,15868,0.14597889611628412,0.021309838111328867,ok
v2e_vs_real,original,618000,619000,15379,0.13793973913302987,0.019027371632088334,ok
v2e_vs_real,original,619000,620000,15250,0.1286392370860115,0.016548053318071076,ok
v2e_vs_real,original,620000,621000,15342,0.1240370537070276,0.015385190692320048,ok
v2e_vs_real,original,621000,622000,15199,0.11986722071580029,0.014368150602130383,ok
v2e_vs_real,original,622000,623000,18776,0.11921297597852805,0.014211733641657107,ok
v2e_vs_real,original,623000,624000,15054,0.11565430062887751,0.013375917253954775,ok
v2e_vs_real,original,624000,625000,15213,0.11426852691990538,0.01305729624444514,ok
v2e_vs_real,original,625000,626000,15645,0.11522686310496033,0.013277229981009268,ok
v2e_vs_real,original,626000,627000,15231,0.11944163375898366,0.014266303875015186,ok
v2e_vs_real,original,627000,628000,15012,0.1238000261338184,0.015326446470734119,ok
v2e_vs_real,original,628000,629000,14767,0.13572452090557022,0.018421145575046566,ok
v2e_vs_real,original,629000,630000,17742,0.14468018641103314,0.020932356339931298,ok
v2e_vs_real,original,630000,631000,14312,0.15617564707728182,0.024390832740007688,ok
v2e_vs_real,original,631000,632000,13947,0.16649812547276713,0.02772162578594531,ok
v2e_vs_real,original,632000,633000,14237,0.17418539221171767,0.03034055085994991,ok
v2e_vs_real,original,633000,634000,14094,0.18788395549656106,0.03530038073303374,ok
v2e_vs_real,original,634000,635000,12733,0.20242397323338696,0.040975464939590964,ok
v2e_vs_real,original,635000,636000,12122,0.2202697606680644,0.04851876746476637,ok
v2e_vs_real,original,636000,637000,14692,0.23013957416393277,0.052964223596356316,ok
v2e_vs_real,original,637000,638000,12899,0.2487505801232497,0.06187685111165327,ok
v2e_vs_real,original,638000,639000,13193,0.2556317124321417,0.06534757240098919,ok
v2e_vs_real,original,639000,640000,14073,0.2613972541423541,0.06832852447316246,ok
v2e_vs_real,original,640000,641000,15405,0.26741099869328394,0.07150864222213951,ok
v2e_vs_real,original,641000,642000,16391,0.27212564380190984,0.07405236601460392,ok
v2e_vs_real,original,642000,643000,17241,0.2732665440781636,0.07467460411242294,ok
v2e_vs_real,original,643000,644000,21827,0.2648618187064142,0.0701517830084694,ok
v2e_vs_real,original,644000,645000,19418,0.27328702799113896,0.07468579966822958,ok
v2e_vs_real,original,645000,646000,19792,0.2721955568086092,0.07409042114634878,ok
v2e_vs_real,original,646000,647000,19636,0.2706798573147233,0.07326758515591897,ok
v2e_vs_real,original,647000,648000,19882,0.2692961417976922,0.07252041198712274,ok
v2e_vs_real,original,648000,649000,20042,0.26879952534949847,0.07225318482811566,ok
v2e_vs_real,original,649000,650000,19715,0.26718137489609545,0.0713858870913679,ok
v2e_vs_real,original,650000,651000,24466,0.26077334641274513,0.06800273819930158,ok
v2e_vs_real,original,651000,652000,21152,0.2646362947839784,0.0700323685169927,ok
v2e_vs_real,original,652000,653000,20069,0.26450615955340556,0.06996350844169165,ok
v2e_vs_real,original,653000,654000,20249,0.26358574591115136,0.06947744544753803,ok
v2e_vs_real,original,654000,655000,19878,0.26236638808055335,0.06883612159443551,ok
v2e_vs_real,original,655000,656000,19638,0.2626017984690248,0.06895970455916632,ok
v2e_vs_real,original,656000,657000,19465,0.2620779591119124,0.06868485665226522,ok
v2e_vs_real,original,657000,658000,19351,0.26287586703337446,0.06910372146854837,ok
v2e_vs_real,original,658000,659000,23801,0.2576675621414872,0.06639257257993719,ok
v2e_vs_real,original,659000,660000,19283,0.2617528845465759,0.06851457256845309,ok
v2e_vs_real,original,660000,661000,19097,0.2621330325035208,0.0687137267294919,ok
v2e_vs_real,original,661000,662000,19124,0.26148204681449516,0.06837286080629783,ok
v2e_vs_real,original,662000,663000,19070,0.26132059806644525,0.06828845497380462,ok
v2e_vs_real,original,663000,664000,18633,0.26118769219266885,0.06821901055293232,ok
v2e_vs_real,original,664000,665000,18464,0.2626458660224622,0.06898285093868918,ok
v2e_vs_real,original,665000,666000,22090,0.25580558354244176,0.06543649657148916,ok
v2e_vs_real,original,666000,667000,20764,0.25441221774456685,0.06472557653770888,ok
v2e_vs_real,original,667000,668000,19683,0.2556738548704789,0.0653691200643307,ok
v2e_vs_real,original,668000,669000,18476,0.2565358015241443,0.06581061746363515,ok
v2e_vs_real,original,669000,670000,13751,0.2640993825873476,0.0697484838830182,ok
v2e_vs_real,original,670000,671000,17900,0.25880915747903105,0.0669821799950059,ok
v2e_vs_real,original,671000,672000,17903,0.2602406418653897,0.06772519167851002,ok
v2e_vs_real,original,672000,673000,18472,0.2603848289526479,0.0678002591486997,ok
v2e_vs_real,original,673000,674000,18585,0.2616023595913296,0.06843579454375132,ok
v2e_vs_real,original,674000,675000,19202,0.26152502247599196,0.06839533738106811,ok
v2e_vs_real,original,675000,676000,19515,0.2620845953512779,0.06868833512044309,ok
v2e_vs_real,original,676000,677000,19812,0.2615857039828804,0.06842708052821914,ok
v2e_vs_real,original,677000,678000,19958,0.26210454910794284,0.06869879466307802,ok
v2e_vs_real,original,678000,679000,20355,0.26234566659921826,0.0688252487833882,ok
v2e_vs_real,original,679000,680000,21122,0.2613084628940279,0.06828211278003958,ok
v2e_vs_real,original,680000,681000,21756,0.2600176021310375,0.06760915341797451,ok
v2e_vs_real,original,681000,682000,22437,0.25874601030173505,0.06694949784706558,ok
v2e_vs_real,original,682000,683000,22995,0.25832366179332855,0.06673111424231398,ok
v2e_vs_real,original,683000,684000,23082,0.2576717737666626,0.06639474299605816,ok
v2e_vs_real,original,684000,685000,23049,0.2580173305050228,0.06657294284093816,ok
v2e_vs_real,original,685000,686000,23174,0.25797256906473287,0.06654984638985838,ok
v2e_vs_real,original,686000,687000,23213,0.2582434310508417,0.06668966968091083,ok
v2e_vs_real,original,687000,688000,23220,0.25868727266031905,0.06691910503643424,ok
v2e_vs_real,original,688000,689000,22826,0.25855728666650296,0.06685187048834418,ok
v2e_vs_real,original,689000,690000,22590,0.2582259475563225,0.06668063999136062,ok
v2e_vs_real,original,690000,691000,22186,0.25830821531122794,0.06672313409727168,ok
v2e_vs_real,original,691000,692000,21319,0.2582299836389411,0.06668272445016779,ok
v2e_vs_real,original,692000,693000,20585,0.25775363211255126,0.06643693486721242,ok
v2e_vs_real,original,693000,694000,19963,0.2573151920682256,0.06621110806910784,ok
v2e_vs_real,original,694000,695000,14548,0.26233739622902963,0.0688209094602269,ok
v2e_vs_real,original,695000,696000,19202,0.25723272802161207,0.06616867636544065,ok
v2e_vs_real,original,696000,697000,18892,0.2574117326843347,0.0662608001235514,ok
v2e_vs_real,original,697000,698000,18129,0.2578631667513189,0.06649341276701848,ok
v2e_vs_real,original,698000,699000,17307,0.25788882316632505,0.06650664511411208,ok
v2e_vs_real,original,699000,700000,17944,0.24993476194985825,0.062467385230932315,ok
v2e_vs_real,original,700000,701000,16827,0.24986792581029682,0.06243398034874,ok
v2e_vs_real,original,701000,702000,15954,0.24633913761328644,0.060682970720057676,ok
v2e_vs_real,original,702000,703000,15922,0.2402016922138283,0.0576968529423867,ok
v2e_vs_real,original,703000,704000,15299,0.23711291310324484,0.05622253356030693,ok
v2e_vs_real,original,704000,705000,15191,0.23300970078366465,0.054293520659292924,ok
v2e_vs_real,original,705000,706000,15081,0.22986380688192393,0.05283736971425042,ok
v2e_vs_real,original,706000,707000,15224,0.2249420629436899,0.05059893168136295,ok
v2e_vs_real,original,707000,708000,15789,0.2174441283032801,0.04728194893357335,ok
v2e_vs_real,original,708000,709000,16127,0.21058349000871374,0.04434540626425004,ok
v2e_vs_real,original,709000,710000,16542,0.20414273617827827,0.041674256734354126,ok
v2e_vs_real,original,710000,711000,16902,0.19599859914315465,0.038415450866079025,ok
v2e_vs_real,original,711000,712000,17168,0.18944186689127862,0.03588822093125293,ok
v2e_vs_real,original,712000,713000,17586,0.18187547544151622,0.03307868856707757,ok
v2e_vs_real,original,713000,714000,17584,0.17441922343443458,0.030422065503471214,ok
v2e_vs_real,original,714000,715000,17415,0.16971401954626603,0.028802848430550365,ok
v2e_vs_real,original,715000,716000,17668,0.16542571267063066,0.027365666412586052,ok
v2e_vs_real,original,716000,717000,17465,0.16270855656912026,0.02647407438080661,ok
v2e_vs_real,original,717000,718000,17629,0.16116143009177303,0.025973006549225443,ok
v2e_vs_real,original,718000,719000,17283,0.16271089458409266,0.026474835216355713,ok
v2e_vs_real,original,719000,720000,12815,0.16259192110701937,0.026436132809271214,ok
v2e_vs_real,original,720000,721000,17357,0.16274889201560738,0.02648720185230783,ok
v2e_vs_real,original,721000,722000,17470,0.16329717252917142,0.026665966556021978,ok
v2e_vs_real,original,722000,723000,17330,0.1632891936435587,0.02666336076076361,ok
v2e_vs_real,original,723000,724000,17380,0.16197254151750262,0.026235104205639112,ok
v2e_vs_real,original,724000,725000,16830,0.16563061127970755,0.02743349939288959,ok
v2e_vs_real,original,725000,726000,16045,0.17231426053264684,0.029692204382912896,ok
v2e_vs_real,original,726000,727000,15243,0.1809136993577079,0.03272976661529112,ok
v2e_vs_real,original,727000,728000,14619,0.19039379582590404,0.03624979748899603,ok
v2e_vs_real,original,728000,729000,14550,0.19708767162547977,0.03884355030675295,ok
v2e_vs_real,original,729000,730000,14275,0.20444950414184881,0.04179959974384786,ok
v2e_vs_real,original,730000,731000,14223,0.2090152873542323,0.043687390347772304,ok
v2e_vs_real,original,731000,732000,13722,0.2129437082183213,0.045345022869769554,ok
v2e_vs_real,original,732000,733000,14632,0.21066336692054738,0.044379054162301174,ok
v2e_vs_real,original,733000,734000,15254,0.2140374224133998,0.045812018193372134,ok
v2e_vs_real,original,734000,735000,15039,0.22372624762075047,0.05005343387446135,ok
v2e_vs_real,original,735000,736000,15279,0.23140348406384117,0.05354757243688439,ok
v2e_vs_real,original,736000,737000,15185,0.23937102234702023,0.057298486339457666,ok
v2e_vs_real,original,737000,738000,15141,0.24451639990873195,0.059788269824326924,ok
v2e_vs_real,original,738000,739000,15260,0.2514343205988405,0.06321921757500051,ok
v2e_vs_real,original,739000,740000,14952,0.25447386167374125,0.06475694627514639,ok
v2e_vs_real,original,740000,741000,14813,0.2567335844149215,0.06591213336653363,ok
v2e_vs_real,original,741000,742000,14828,0.25933968956110925,0.06725707458165252,ok
v2e_vs_real,original,742000,743000,15372,0.26113275483930654,0.06819031564996537,ok
v2e_vs_real,original,743000,744000,12022,0.26661680576762675,0.07108452111773242,ok
v2e_vs_real,original,744000,745000,16712,0.2617079113307531,0.06849103085310534,ok
v2e_vs_real,original,745000,746000,16970,0.2623507798730451,0.06882793169999499,ok
v2e_vs_real,original,746000,747000,17384,0.26295866858913225,0.0691472613861691,ok
v2e_vs_real,original,747000,748000,17446,0.26365895993589006,0.06951604715447528,ok
v2e_vs_real,original,748000,749000,18010,0.2632086737775744,0.0692788059517496,ok
v2e_vs_real,original,749000,750000,18914,0.26058948094997103,0.06790687758177531,ok
v2e_vs_real,original,750000,751000,19580,0.2604902849045368,0.06785518852964674,ok
v2e_vs_real,original,751000,752000,20105,0.2604951757937618,0.06785773661182286,ok
v2e_vs_real,original,752000,753000,20511,0.26068275777592037,0.06795550020165916,ok
v2e_vs_real,original,753000,754000,20744,0.26026959650827586,0.06774026286658073,ok
v2e_vs_real,original,754000,755000,20846,0.2601691625432937,0.06768799313847879,ok
v2e_vs_real,original,755000,756000,20983,0.2596737921836638,0.06743047834704462,ok
v2e_vs_real,original,756000,757000,21170,0.2593393356286264,0.06725689100429731,ok
v2e_vs_real,original,757000,758000,20849,0.259268494062496,0.06722015201343452,ok
v2e_vs_real,original,758000,759000,21193,0.25930044261439816,0.0672367195400228,ok
v2e_vs_real,original,759000,760000,21127,0.2588434522441793,0.06699993276968473,ok
v2e_vs_real,original,760000,761000,20949,0.25846800450793633,0.0668057093543146,ok
v2e_vs_real,original,761000,762000,20963,0.2583597132397375,0.06674974142531939,ok
v2e_vs_real,original,762000,763000,21055,0.2584347005886843,0.0667884944683629,ok
v2e_vs_real,original,763000,764000,20331,0.2589431041545738,0.06705153118920644,ok
v2e_vs_real,original,764000,765000,19387,0.2597767202312189,0.06748394437408896,ok
v2e_vs_real,original,765000,766000,19007,0.2581513491976792,0.06664211909258211,ok
v2e_vs_real,original,766000,767000,19895,0.2497917751032682,0.06239593090924171,ok
v2e_vs_real,original,767000,768000,20912,0.24976935338184864,0.06238472988878678,ok
v2e_vs_real,original,768000,769000,15528,0.2551037666871543,0.06507793177797404,ok
v2e_vs_real,original,769000,770000,20702,0.252736961361967,0.06387597163848041,ok
v2e_vs_real,original,770000,771000,20551,0.2537394205001321,0.06438369351574286,ok
v2e_vs_real,original,771000,772000,20154,0.25528279344379956,0.06516930462846962,ok
v2e_vs_real,original,772000,773000,20547,0.25660463745564016,0.06584593996374052,ok
v2e_vs_real,original,773000,774000,21330,0.25691371293571635,0.06600465589441566,ok
v2e_vs_real,original,774000,775000,21709,0.2577988100483915,0.06646022646236664,ok
v2e_vs_real,original,775000,776000,22436,0.2577511399187205,0.06643565012939984,ok
v2e_vs_real,original,776000,777000,22640,0.25814443930488257,0.06663855154403221,ok
v2e_vs_real,original,777000,778000,23414,0.25743055456682257,0.0662704904245818,ok
v2e_vs_real,original,778000,779000,23354,0.25736865242501195,0.0662386232510666,ok
v2e_vs_real,original,779000,780000,23641,0.2564107178282916,0.06574645621721979,ok
v2e_vs_real,original,780000,781000,23732,0.2563458782159672,0.06571320927831549,ok
v2e_vs_real,original,781000,782000,24159,0.25528598819956344,0.06517093577102766,ok
v2e_vs_real,original,782000,783000,24290,0.25477469271204556,0.06491014404651724,ok
v2e_vs_real,original,783000,784000,24055,0.2547904323338408,0.0649181644088655,ok
v2e_vs_real,original,784000,785000,24128,0.2554887342699004,0.06527449333883575,ok
v2e_vs_real,original,785000,786000,23896,0.25609229527773075,0.06558326370061643,ok
v2e_vs_real,original,786000,787000,23650,0.25690008209255794,0.065997652179163,ok
v2e_vs_real,original,787000,788000,23295,0.2567871970348043,0.06593966456099142,ok
v2e_vs_real,original,788000,789000,22824,0.25701088560123264,0.0660545953175299,ok
v2e_vs_real,original,789000,790000,22699,0.2571905595267847,0.06614698390970059,ok
v2e_vs_real,original,790000,791000,23112,0.2573228068001725,0.0662150268995189,ok
v2e_vs_real,original,791000,792000,23622,0.25646860028566487,0.06577614293248815,ok
v2e_vs_real,original,792000,793000,23023,0.2562021719759484,0.06563955292519345,ok
v2e_vs_real,original,793000,794000,22378,0.2557158366286492,0.06539058910269002,ok
v2e_vs_real,original,794000,795000,16281,0.2587292790386007,0.06694083983183412,ok
v2e_vs_real,original,795000,796000,20863,0.254755001460517,0.06490011076914802,ok
v2e_vs_real,original,796000,797000,19970,0.25355285414292994,0.0642890498440259,ok
v2e_vs_real,original,797000,798000,18937,0.25261356357867554,0.06381361250391755,ok
v2e_vs_real,original,798000,799000,17851,0.2513177076555338,0.06316059018123234,ok
v2e_vs_real,original,799000,800000,16725,0.24764830836105753,0.06132968463409344,ok
v2e_vs_real,original,800000,801000,16252,0.2390736985864598,0.057156233355809424,ok
v2e_vs_real,original,801000,802000,19626,0.2315519405166238,0.053616301157014094,ok
v2e_vs_real,original,802000,803000,16597,0.23258689743818098,0.054096664859918916,ok
v2e_vs_real,original,803000,804000,16317,0.22949216684772675,0.05266665464446485,ok
v2e_vs_real,original,804000,805000,16619,0.22356176723763066,0.049979863770412546,ok
v2e_vs_real,original,805000,806000,16507,0.21755228296643733,0.047328995823908815,ok
v2e_vs_real,original,806000,807000,16856,0.21263572688002158,0.04521395234579513,ok
v2e_vs_real,original,807000,808000,16767,0.20991427050759548,0.044064000962735966,ok
v2e_vs_real,original,808000,809000,16651,0.20778603309329624,0.043175035548648405,ok
v2e_vs_real,original,809000,810000,16819,0.20496633857361096,0.04201119994827213,ok
v2e_vs_real,original,810000,811000,20327,0.19875425407554656,0.03950325351312692,ok
v2e_vs_real,original,811000,812000,16331,0.19938999600311985,0.039756370506124156,ok
v2e_vs_real,original,812000,813000,16278,0.1925580489861341,0.03707860222934642,ok
v2e_vs_real,original,813000,814000,16363,0.18505301499488844,0.03424461835869841,ok
v2e_vs_real,original,814000,815000,16131,0.17650295338905064,0.03115329255505738,ok
v2e_vs_real,original,815000,816000,16119,0.16894251398876534,0.028541573032844172,ok
v2e_vs_real,original,816000,817000,16040,0.1613840202036795,0.026044801977101635,ok
v2e_vs_real,original,817000,818000,16046,0.15176492542489795,0.023032592589224833,ok
v2e_vs_real,original,818000,819000,15832,0.14536648516180356,0.021131415008296857,ok
v2e_vs_real,original,819000,820000,19605,0.13503440668848682,0.018234290989711653,ok
v2e_vs_real,original,820000,821000,15413,0.12834582750902962,0.01647265143897758,ok
v2e_vs_real,original,821000,822000,15169,0.12189405494915817,0.014858160631948392,ok
v2e_vs_real,original,822000,823000,14998,0.12009277048050987,0.014422273521684424,ok
v2e_vs_real,original,823000,824000,14860,0.11514062728466397,0.013257364051505904,ok
v2e_vs_real,original,824000,825000,15194,0.11397488346562898,0.012990274061003705,ok
v2e_vs_real,original,825000,826000,15248,0.11565291524956177,0.013375596805722319,ok
v2e_vs_real,original,826000,827000,15301,0.1169257213135016,0.01367162430468264,ok
v2e_vs_real,original,827000,828000,15071,0.1235618065356232,0.015267520034346775,ok
v2e_vs_real,original,828000,829000,18090,0.13171951876566299,0.017350031623857842,ok
v2e_vs_real,original,829000,830000,14755,0.14130548692604358,0.019967240635406273,ok
v2e_vs_real,original,830000,831000,14242,0.14975535093395492,0.022426665133351995,ok
v2e_vs_real,original,831000,832000,13644,0.16226671401514564,0.02633048647727306,ok
v2e_vs_real,original,832000,833000,14112,0.17118171911636398,0.02930318095963374,ok
v2e_vs_real,original,833000,834000,13792,0.18432315848428796,0.03397502675362393,ok
v2e_vs_real,original,834000,835000,12483,0.19842203929833604,0.03937130567931041,ok
v2e_vs_real,original,835000,836000,11921,0.21662554223852887,0.04692662555013666,ok
v2e_vs_real,original,836000,837000,11948,0.2323878406900468,0.05400410850058257,ok
v2e_vs_real,original,837000,838000,15180,0.2392618388801348,0.057246227544303585,ok
v2e_vs_real,original,838000,839000,13210,0.25482072572657766,0.06493360225981971,ok
v2e_vs_real,original,839000,840000,14213,0.26125995640144795,0.06825676481888647,ok
v2e_vs_real,original,840000,841000,15080,0.2682114758184882,0.07193739576073149,ok
v2e_vs_real,original,841000,842000,16229,0.27184722663190275,0.07390091462745708,ok
v2e_vs_real,original,842000,843000,17104,0.2728856516891867,0.07446657889783212,ok
v2e_vs_real,original,843000,844000,17696,0.27389757089952926,0.07501987934466267,ok
v2e_vs_real,original,844000,845000,18560,0.27243334774913247,0.07421992896579975,ok
v2e_vs_real,original,845000,846000,19101,0.2715103052903144,0.07371784587883971,ok
v2e_vs_real,original,846000,847000,23249,0.26398721559800675,0.0696892499991885,ok
v2e_vs_real,original,847000,848000,20383,0.27027713947869514,0.07304973212478602,ok
v2e_vs_real,original,848000,849000,20393,0.26976044575845814,0.07277069809580204,ok
v2e_vs_real,original,849000,850000,20092,0.2675507338592463,0.07158339518862125,ok
v2e_vs_real,original,850000,851000,20215,0.26570132851408845,0.07059719597415157,ok
v2e_vs_real,original,851000,852000,20185,0.26479127107767364,0.07011441723893004,ok
v2e_vs_real,original,852000,853000,19927,0.2643896270761455,0.06990187490546328,ok
v2e_vs_real,original,853000,854000,19904,0.26342402869578485,0.06939221889431767,ok
v2e_vs_real,original,854000,855000,19461,0.2633025383771873,0.0693282267158702,ok
v2e_vs_real,original,855000,856000,23449,0.2576420062171611,0.06637940336760367,ok
v2e_vs_real,original,856000,857000,19398,0.2631490280659393,0.0692474109720485,ok
v2e_vs_real,original,857000,858000,19159,0.2637355192892094,0.06955642413474894,ok
v2e_vs_real,original,858000,859000,19022,0.26378385159623974,0.06958192036294704,ok
v2e_vs_real,original,859000,860000,19232,0.2621807512107819,0.0687387463054499,ok
v2e_vs_real,original,860000,861000,19189,0.26300713975736456,0.06917275556334988,ok
v2e_vs_real,original,861000,862000,19191,0.26340257491696606,0.06938091647288791,ok
v2e_vs_real,original,862000,863000,18920,0.26279365839370444,0.06906050689194702,ok
v2e_vs_real,original,863000,864000,18688,0.263050518384147,0.06919557522216847,ok
v2e_vs_real,original,864000,865000,21845,0.25821944953710413,0.06667728411924508,ok
v2e_vs_real,original,865000,866000,18062,0.261687591079422,0.0684803953249508,ok
v2e_vs_real,original,866000,867000,18940,0.25382502845197413,0.06442714506864547,ok
v2e_vs_real,original,867000,868000,17740,0.25554730206486626,0.065304423592632,ok
v2e_vs_real,original,868000,869000,17228,0.25616269685977805,0.06561932726247453,ok
v2e_vs_real,original,869000,870000,16982,0.25678531049903386,0.06593869568808522,ok
v2e_vs_real,original,870000,871000,16775,0.2581060855045124,0.06661875137446267,ok
v2e_vs_real,original,871000,872000,17557,0.25843647873465975,0.06678941354077023,ok
v2e_vs_real,original,872000,873000,17648,0.2597211735087088,0.06745508796874082,ok
v2e_vs_real,original,873000,874000,18013,0.26087731337471515,0.06805697263360933,ok
v2e_vs_real,original,874000,875000,22948,0.2570725965805019,0.0660863199126415,ok
v2e_vs_real,original,875000,876000,19426,0.2615596415671625,0.06841344609674252,ok
v2e_vs_real,original,876000,877000,19161,0.2609561268505404,0.06809810014083534,ok
v2e_vs_real,original,877000,878000,19733,0.26122755324240826,0.06823983457301523,ok
v2e_vs_real,original,878000,879000,20068,0.2627101287795408,0.0690166117633629,ok
v2e_vs_real,original,879000,880000,20708,0.26225355412247253,0.06877692664986863,ok
v2e_vs_real,original,880000,881000,21167,0.2597230197047734,0.06745604696456611,ok
v2e_vs_real,original,881000,882000,21333,0.25880469320431193,0.06697986922457802,ok
v2e_vs_real,original,882000,883000,22660,0.25849601432145175,0.0668201894200762,ok
v2e_vs_real,original,883000,884000,27342,0.2534001949723541,0.06421165881202708,ok
v2e_vs_real,original,884000,885000,23232,0.2580305063254808,0.066579742194584,ok
v2e_vs_real,original,885000,886000,22683,0.2581129399386009,0.0666222897637478,ok
v2e_vs_real,original,886000,887000,22731,0.25810059985491024,0.0666159196454645,ok
v2e_vs_real,original,887000,888000,22656,0.2581848039517693,0.06665939299161355,ok
v2e_vs_real,original,888000,889000,21751,0.25711083841981874,0.06610598323294214,ok
v2e_vs_real,original,889000,890000,21959,0.2562671265627231,0.06567284015671473,ok
v2e_vs_real,original,890000,891000,21152,0.25743170841675256,0.06627108449836791,ok
v2e_vs_real,original,891000,892000,20512,0.2563557088193658,0.06571824944427947,ok
v2e_vs_real,original,892000,893000,24787,0.2516164545251762,0.06331084018782009,ok
v2e_vs_real,original,893000,894000,19427,0.25621235629918465,0.06564477152038035,ok
v2e_vs_real,original,894000,895000,18738,0.2576306418087645,0.06637354759879592,ok
v2e_vs_real,original,895000,896000,18896,0.257670744494293,0.06639421256824322,ok
v2e_vs_real,original,896000,897000,18515,0.2575602025347006,0.06633725792971597,ok
v2e_vs_real,original,897000,898000,17813,0.2572588567868117,0.0661821193952573,ok
v2e_vs_real,original,898000,899000,17159,0.25765302786743416,0.06638508276925681,ok
v2e_vs_real,original,899000,900000,17622,0.2511603326250595,0.06308151268433052,ok
v2e_vs_real,original,900000,901000,16830,0.2503216315665108,0.06266091923011999,ok
v2e_vs_real,original,901000,902000,19349,0.24326835915587658,0.059179494566392564,ok
v2e_vs_real,original,902000,903000,15573,0.24347936434632256,0.05928220086248928,ok
v2e_vs_real,original,903000,904000,15036,0.24043253186874355,0.057807802380814385,ok
v2e_vs_real,original,904000,905000,15239,0.23736694784831622,0.056343067930825275,ok
v2e_vs_real,original,905000,906000,14816,0.2348660910630249,0.0551620807312251,ok
v2e_vs_real,original,906000,907000,14800,0.22847811061223647,0.05220224702893736,ok
v2e_vs_real,original,907000,908000,15377,0.22229022448245184,0.04941294390045883,ok
v2e_vs_real,original,908000,909000,15790,0.21458712720089476,0.046047635160332986,ok
v2e_vs_real,original,909000,910000,16463,0.2086485358817126,0.04353421152558231,ok
v2e_vs_real,original,910000,911000,20440,0.19699701139189787,0.03880782249733954,ok
v2e_vs_real,original,911000,912000,17245,0.1948477298192201,0.03796563781570379,ok
v2e_vs_real,original,912000,913000,17344,0.18793177574264502,0.03531835233378382,ok
v2e_vs_real,original,913000,914000,17423,0.1798771292530383,0.03235578162831425,ok
v2e_vs_real,original,914000,915000,17066,0.17493965760957902,0.03060388380455674,ok
v2e_vs_real,original,915000,916000,17281,0.16989002633869643,0.028862621049362963,ok
v2e_vs_real,original,916000,917000,16882,0.16625238119274988,0.027639854252259413,ok
v2e_vs_real,original,917000,918000,17669,0.16079756164150796,0.02585585582985455,ok
v2e_vs_real,original,918000,919000,16396,0.15989017961350643,0.025564869536839348,ok
v2e_vs_real,original,919000,920000,20292,0.15762407438201767,0.02484534882478784,ok
v2e_vs_real,original,920000,921000,17524,0.1589774704781468,0.025273836119630036,ok
v2e_vs_real,original,921000,922000,17079,0.15898409613079673,0.02527594282252641,ok
v2e_vs_real,original,922000,923000,16890,0.1597539239001368,0.025521316201490694,ok
v2e_vs_real,original,923000,924000,16672,0.1595136814566777,0.025444614571862437,ok
v2e_vs_real,original,924000,925000,16914,0.16137777381250695,0.026042785880680652,ok
v2e_vs_real,original,925000,926000,16225,0.1648021902616428,0.02715976191503472,ok
v2e_vs_real,original,926000,927000,15694,0.17399370562646324,0.03027380959762835,ok
v2e_vs_real,original,927000,928000,15135,0.1817223355602746,0.03302300724148104,ok
v2e_vs_real,original,928000,929000,14937,0.18858398340859225,0.03556391879825219,ok
v2e_vs_real,original,929000,930000,18330,0.19117410617840885,0.036547538873113544,ok
v2e_vs_real,original,930000,931000,14803,0.20147975046819552,0.04059408984872633,ok
v2e_vs_real,original,931000,932000,14211,0.20716062933142945,0.042915526344993904,ok
v2e_vs_real,original,932000,933000,14883,0.20512112595524248,0.04207467631314645,ok
v2e_vs_real,original,933000,934000,15236,0.20799989702090682,0.04326395716070784,ok
v2e_vs_real,original,934000,935000,14958,0.21818079912055044,0.04760286110488199,ok
v2e_vs_real,original,935000,936000,14738,0.22676673328793,0.051423151326079185,ok
v2e_vs_real,original,936000,937000,14722,0.23341700678341668,0.054483499055729585,ok
v2e_vs_real,original,937000,938000,17975,0.23364041278133763,0.05458784248463383,ok
v2e_vs_real,original,938000,939000,15127,0.25001320530291865,0.06250660282583935,ok
v2e_vs_real,original,939000,940000,14867,0.2516287516869182,0.06331702867551672,ok
v2e_vs_real,original,940000,941000,14138,0.2519702715417125,0.06348901774080432,ok
v2e_vs_real,original,941000,942000,14775,0.2566453763479722,0.06586684920079228,ok
v2e_vs_real,original,942000,943000,14721,0.2592271058144217,0.06719869238892139,ok
v2e_vs_real,original,943000,944000,15377,0.25919892035736586,0.06718408031442408,ok
v2e_vs_real,original,944000,945000,16057,0.25916284670690004,0.06716538111322416,ok
v2e_vs_real,original,945000,946000,16380,0.2596436222955295,0.06741481059874359,ok
v2e_vs_real,original,946000,947000,16564,0.2602341805647489,0.06772182873420635,ok
v2e_vs_real,original,947000,948000,20969,0.25623607939505394,0.06565692838374838,ok
v2e_vs_real,original,948000,949000,17572,0.26145673191815516,0.06835962266532206,ok
v2e_vs_real,original,949000,950000,18173,0.25937391948832966,0.06727483011073851,ok
v2e_vs_real,original,950000,951000,18364,0.2587246865377977,0.06693846342408166,ok
v2e_vs_real,original,951000,952000,18600,0.2580227145841215,0.06657572124135902,ok
v2e_vs_real,original,952000,953000,19049,0.2590513063743397,0.06710757933425203,ok
v2e_vs_real,original,953000,954000,19399,0.25974753727307553,0.06746878311942776,ok
v2e_vs_real,original,954000,955000,19583,0.2587841255255881,0.06696922362404334,ok
v2e_vs_real,original,955000,956000,19832,0.25863928640148803,0.06689428047027095,ok
v2e_vs_real,original,956000,957000,25372,0.25483791213060736,0.06494236145908715,ok
v2e_vs_real,original,957000,958000,20252,0.25970444238905405,0.0674463973966095,ok
v2e_vs_real,original,958000,959000,20660,0.2601999415983263,0.06770400960777244,ok
v2e_vs_real,original,959000,960000,20686,0.25940313339670357,0.06728998561602798,ok
v2e_vs_real,original,960000,961000,20224,0.25954272994000427,0.06736242866471,ok
v2e_vs_real,original,961000,962000,20073,0.2583776174372476,0.06675899319254867,ok
v2e_vs_real,original,962000,963000,20003,0.25877803526780596,0.06696607153706584,ok
v2e_vs_real,original,963000,964000,19482,0.25875774137638435,0.0669555687222078,ok
v2e_vs_real,original,964000,965000,18532,0.25962536702532135,0.06740533120303283,ok
v2e_vs_real,original,965000,966000,22173,0.2538176841725689,0.06442341679872592,ok
v2e_vs_real,original,966000,967000,18948,0.25097902067823386,0.06299046882060533,ok
v2e_vs_real,original,967000,968000,19265,0.24990067458666834,0.0624503471588719,ok
v2e_vs_real,original,968000,969000,19347,0.2508714269712538,0.06293647287059315,ok
v2e_vs_real,original,969000,970000,19139,0.25261183613431465,0.06381273975514984,ok
v2e_vs_real,original,970000,971000,18885,0.2546756578221387,0.06485969068713908,ok
v2e_vs_real,original,971000,972000,19059,0.2562101226375749,0.06564362694196117,ok
v2e_vs_real,original,972000,973000,19271,0.25646921660585414,0.06577645906642055,ok
v2e_vs_real,original,973000,974000,19591,0.2566261165403115,0.06585696369056153,ok
v2e_vs_real,original,974000,975000,24496,0.25253636603163754,0.06377461616846522,ok
v2e_vs_real,original,975000,976000,21111,0.2578363076773348,0.06647956155668124,ok
v2e_vs_real,original,976000,977000,21330,0.25778147765396686,0.06645129022146262,ok
v2e_vs_real,original,977000,978000,22277,0.2580305438349621,0.06657976155176629,ok
v2e_vs_real,original,978000,979000,21638,0.2573148980083221,0.06621095673703319,ok
v2e_vs_real,original,979000,980000,22422,0.2565414206421157,0.06581350050507495,ok
v2e_vs_real,original,980000,981000,22959,0.25616409361522896,0.0656200428577118,ok
v2e_vs_real,original,981000,982000,22883,0.25559264738072485,0.06532760139508756,ok
v2e_vs_real,original,982000,983000,23178,0.2547233161408113,0.06488396778577168,ok
v2e_vs_real,original,983000,984000,28673,0.25123946441721523,0.06312126848064915,ok
v2e_vs_real,original,984000,985000,22821,0.2551267539352018,0.06508966057351301,ok
v2e_vs_real,original,985000,986000,23558,0.2572950226561722,0.06620072868364017,ok
v2e_vs_real,original,986000,987000,23043,0.2573370942296202,0.06622238006654442,ok
v2e_vs_real,original,987000,988000,22341,0.25623604783067144,0.06565691220788214,ok
v2e_vs_real,original,988000,989000,22009,0.2562781097775764,0.0656784695511675,ok
v2e_vs_real,original,989000,990000,21741,0.25650265760140994,0.06579361335658615,ok
v2e_vs_real,original,990000,991000,22061,0.25712248689730366,0.0661119732682541,ok
v2e_vs_real,original,991000,992000,22444,0.25636149985424644,0.0657212186075188,ok
v2e_vs_real,original,992000,993000,27284,0.25175443589728386,0.0633802959939596,ok
v2e_vs_real,original,993000,994000,22141,0.25635613352728853,0.065718467197061,ok
v2e_vs_real,original,994000,995000,21211,0.2561403000679466,0.06560785331889772,ok
v2e_vs_real,original,995000,996000,20271,0.25617009848187877,0.06562311935621547,ok
v2e_vs_real,original,996000,997000,19639,0.2556656928612927,0.06536494650624486,ok
v2e_vs_real,original,997000,998000,18767,0.2548231522824256,0.06493483893915226,ok
v2e_vs_real,original,998000,999000,16879,0.25420909162673383,0.06462226226568916,ok
v2e_vs_real,original,999000,1000000,17239,0.24983209903741188,0.062416077709439174,ok
v2e_vs_real,original,1000000,1001000,17082,0.24201432207167436,0.05857093208781213,ok
v2e_vs_real,original,1001000,1002000,20414,0.2338078822346257,0.054666125795040606,ok
v2e_vs_real,original,1002000,1003000,16437,0.23580012128246403,0.05560169719682474,ok
v2e_vs_real,original,1003000,1004000,16463,0.23196637172370263,0.05380839761065898,ok
v2e_vs_real,original,1004000,1005000,16707,0.2256033776689968,0.050896884015660004,ok
v2e_vs_real,original,1005000,1006000,16696,0.21996605205710937,0.04838506405759095,ok
v2e_vs_real,original,1006000,1007000,16586,0.21481827325910116,0.04614689052602186,ok
v2e_vs_real,original,1007000,1008000,16687,0.2124442476135868,0.04513255834410298,ok
v2e_vs_real,original,1008000,1009000,16828,0.20931354671823452,0.043812160839766544,ok
v2e_vs_real,original,1009000,1010000,16671,0.20695245236333829,0.0428293175391998,ok
v2e_vs_real,original,1010000,1011000,20313,0.1999703393579483,0.039988136622933004,ok
v2e_vs_real,original,1011000,1012000,16825,0.20173262522335933,0.040696052079508355,ok
v2e_vs_real,original,1012000,1013000,16414,0.19492607168256904,0.03799617342159804,ok
v2e_vs_real,original,1013000,1014000,16368,0.18891283340774262,0.035688058626141515,ok
v2e_vs_real,original,1014000,1015000,16049,0.18032722585033087,0.032517908382876236,ok
