comparison_set,variant,window_start,window_end,n_events,distance,distance_squared,status
real_vs_real,original,16000,17000,6166,0.017583359816616833,0.0003091745424406156,ok
real_vs_real,original,17000,18000,6186,0.029584368309522074,0.000875234848273454,ok
real_vs_real,original,18000,19000,6141,0.04189065911673108,0.0017548273212341647,ok
real_vs_real,original,19000,20000,5941,0.06747467066563374,0.004552831181435735,ok
real_vs_real,original,20000,21000,5943,0.08058701360727621,0.006494266762139322,ok
real_vs_real,original,21000,22000,5867,0.09807307306975337,0.009618327661345183,ok
real_vs_real,original,22000,23000,5827,0.1137544230272097,0.012940068758253376,ok
real_vs_real,original,23000,24000,5781,0.11901871407959318,0.014165454301159952,ok
real_vs_real,original,24000,25000,5741,0.1382380430736723,0.019109756552838475,ok
real_vs_real,original,25000,26000,5606,0.1518394514626358,0.023055219020474138,ok
real_vs_real,original,26000,27000,5736,0.166672039509789,0.027779568754352668,ok
real_vs_real,original,27000,28000,5434,0.1951312691660397,0.038076212206349436,ok
real_vs_real,original,28000,29000,5344,0.20480577258370958,0.04194540448361017,ok
real_vs_real,original,29000,30000,5340,0.22779929075436467,0.051892516868191574,ok
real_vs_real,original,30000,31000,5344,0.2348792443112015,0.05516825940820108,ok
real_vs_real,original,31000,32000,5263,0.2490689561621695,0.06203534492371271,ok
real_vs_real,original,32000,33000,5368,0.25588539624902334,0.06547733601351968,ok
real_vs_real,original,33000,34000,5210,0.2653491901818621,0.07041019273017002,ok
real_vs_real,original,34000,35000,5314,0.2779419450563488,0.07725172482170639,ok
real_vs_real,original,35000,36000,5379,0.28716607934101296,0.08246435712408895,ok
real_vs_real,original,36000,37000,5171,0.3037835825310132,0.0922844650153769,ok
real_vs_real,original,37000,38000,5192,0.3136154355381448,0.09835464140778027,ok
real_vs_real,original,38000,39000,5268,0.3214623884472119,0.10333806718618616,ok
real_vs_real,original,39000,40000,5368,0.3220485789797303,0.1037152872228636,ok
real_vs_real,original,40000,41000,5281,0.3230885930529324,0.10438623896092336,ok
real_vs_real,original,41000,42000,5289,0.3361931709726846,0.11302584820866873,ok
real_vs_real,original,42000,43000,5387,0.33858736763928177,0.11464140552489815,ok
real_vs_real,original,43000,44000,5341,0.3445821144412432,0.11873683359279802,ok
real_vs_real,original,44000,45000,5405,0.3564124029494309,0.1270298009761875,ok
real_vs_real,original,45000,46000,5439,0.3615554664955421,0.13072235535280907,ok
real_vs_real,original,46000,47000,5361,0.370068658896182,0.1369508122972187,ok
real_vs_real,original,47000,48000,5386,0.36877074777823204,0.13599186441691644,ok
real_vs_real,original,48000,49000,5506,0.37626472587557747,0.14157514393822346,ok
real_vs_real,original,49000,50000,5456,0.3805298244975229,0.14480294733211554,ok
real_vs_real,original,50000,51000,5400,0.38434649952282524,0.1477222316954491,ok
real_vs_real,original,51000,52000,5625,0.3874431861060008,0.15011222245996916,ok
real_vs_real,original,52000,53000,5465,0.4005950273795491,0.16047637596122172,ok
real_vs_real,original,53000,54000,5459,0.399907497922533,0.15992600689466074,ok
real_vs_real,original,54000,55000,5471,0.4067090344246754,0.16541223868265179,ok
real_vs_real,original,55000,56000,5457,0.4087833059579508,0.16710379122991165,ok
real_vs_real,original,56000,57000,5402,0.4159360106657629,0.17300276496854963,ok
real_vs_real,original,57000,58000,5352,0.42379298030328694,0.17960049015434215,ok
real_vs_real,original,58000,59000,5236,0.42707138211841655,0.18238996542453456,ok
real_vs_real,original,59000,60000,5305,0.43545171893881995,0.18961819952677303,ok
real_vs_real,original,60000,61000,5017,0.4374808826751813,0.19138952270625575,ok
real_vs_real,original,61000,62000,5158,0.44744261612789377,0.2002048947273737,ok
real_vs_real,original,62000,63000,5085,0.45211948171040467,0.20441202574208495,ok
real_vs_real,original,63000,64000,4961,0.45697350398579084,0.20882478334505158,ok
real_vs_real,original,64000,65000,5130,0.4562057775389529,0.20812371145992062,ok
real_vs_real,original,65000,66000,5083,0.45699108118382586,0.2088408482815621,ok
real_vs_real,original,66000,67000,5145,0.4589021632225281,0.21059119541031582,ok
real_vs_real,original,67000,68000,5059,0.46541478499175604,0.2166109220889225,ok
real_vs_real,original,68000,69000,5008,0.46826604916680503,0.21927309280228868,ok
real_vs_real,original,69000,70000,4854,0.472556769738504,0.2233099006256895,ok
real_vs_real,original,70000,71000,4969,0.4780041366494253,0.2284879546539625,ok
real_vs_real,original,71000,72000,4896,0.4765123851628092,0.22706405321354942,ok
real_vs_real,original,72000,73000,5020,0.4731582995693329,0.22387877645134258,ok
real_vs_real,original,73000,74000,4752,0.4853563525238318,0.2355707889352381,ok
real_vs_real,original,74000,75000,4901,0.4797901509218647,0.23019858892162573,ok
real_vs_real,original,75000,76000,4719,0.48438655298073396,0.2346303327085574,ok
real_vs_real,original,76000,77000,4634,0.4883702449244217,0.23850549612753963,ok
real_vs_real,original,77000,78000,4680,0.4840814841867099,0.23433488333240785,ok
real_vs_real,original,78000,79000,4507,0.4881518243473176,0.23829220361361442,ok
real_vs_real,original,79000,80000,4472,0.4927236597503831,0.24277660487781133,ok
real_vs_real,original,80000,81000,4517,0.48328143925108585,0.23356094952460096,ok
real_vs_real,original,81000,82000,4407,0.48262539646579417,0.232927273313765,ok
real_vs_real,original,82000,83000,4229,0.47969520168780116,0.23010748652230023,ok
real_vs_real,original,83000,84000,3962,0.4871621292527239,0.23732694017804765,ok
real_vs_real,original,84000,85000,3745,0.49429320269303884,0.2443257702285416,ok
real_vs_real,original,85000,86000,3481,0.48533873496910435,0.2355536876614105,ok
real_vs_real,original,86000,87000,3435,0.4807140365026369,0.23108598489065849,ok
real_vs_real,original,87000,88000,3230,0.4886409544643382,0.23876998237981942,ok
real_vs_real,original,88000,89000,3315,0.4831625123144042,0.23344601330596682,ok
real_vs_real,original,89000,90000,3264,0.48250272761877416,0.23280888215955697,ok
real_vs_real,original,90000,91000,3262,0.4904524986301108,0.24054365341251885,ok
real_vs_real,original,91000,92000,3174,0.4942238466237061,0.24425721057153257,ok
real_vs_real,original,92000,93000,3141,0.5040327069104518,0.2540489696354774,ok
real_vs_real,original,93000,94000,3155,0.4915577110735757,0.24162898331589294,ok
real_vs_real,original,94000,95000,3158,0.4781603607841989,0.22863733062527522,ok
real_vs_real,original,95000,96000,3161,0.4698825449636542,0.2207896060615205,ok
real_vs_real,original,96000,97000,3077,0.4742625541926915,0.22492497030937564,ok
real_vs_real,original,97000,98000,3169,0.46404875259004186,0.2153412447803739,ok
real_vs_real,original,98000,99000,3243,0.47101509637817146,0.22185522101613817,ok
real_vs_real,original,99000,100000,3161,0.4717266600604833,0.2225260418118188,ok
real_vs_real,original,100000,101000,3188,0.46769813990230924,0.21874155006808005,ok
real_vs_real,original,101000,102000,3137,0.47366781376761946,0.22436119779939623,ok
real_vs_real,original,102000,103000,3313,0.4392536899661262,0.1929438041488577,ok
real_vs_real,original,103000,104000,3520,0.42610691260202693,0.18156710096723142,ok
real_vs_real,original,104000,105000,3779,0.40519532467492114,0.16418325113841475,ok
real_vs_real,original,105000,106000,4122,0.39366944171277485,0.15497562933844783,ok
real_vs_real,original,106000,107000,4274,0.39640127280833126,0.15713396908406507,ok
real_vs_real,original,107000,108000,4426,0.38467635205948075,0.14797589583378956,ok
real_vs_real,original,108000,109000,4482,0.3717639380634948,0.138208425644478,ok
real_vs_real,original,109000,110000,4733,0.36351590672136574,0.13214381443945666,ok
real_vs_real,original,110000,111000,4721,0.35769181603023115,0.12794343525500473,ok
real_vs_real,original,111000,112000,4895,0.3464276458956671,0.12001211384081373,ok
real_vs_real,original,112000,113000,5037,0.3430090298817758,0.11765519458043694,ok
real_vs_real,original,113000,114000,5028,0.33026970808108036,0.10907808007596204,ok
real_vs_real,original,114000,115000,5199,0.3227179136685317,0.10414685180256988,ok
real_vs_real,original,115000,116000,5189,0.31559341027412835,0.09959920060845429,ok
real_vs_real,original,116000,117000,5190,0.3048361529552595,0.09292508014856238,ok
real_vs_real,original,117000,118000,5310,0.29994118489969124,0.08996471439903075,ok
real_vs_real,original,118000,119000,5204,0.2906293931784319,0.08446544417926355,ok
real_vs_real,original,119000,120000,5318,0.284595109809476,0.08099437652746772,ok
real_vs_real,original,120000,121000,5478,0.26316683451918144,0.06925678279084624,ok
real_vs_real,original,121000,122000,5770,0.2392770776717891,0.057253519899151395,ok
real_vs_real,original,122000,123000,5966,0.2210350994760869,0.04885651520040363,ok
real_vs_real,original,123000,124000,6145,0.20955519273246603,0.04391337880114099,ok
real_vs_real,original,124000,125000,6067,0.19629702983761482,0.03853252392306944,ok
real_vs_real,original,125000,126000,6197,0.1815125955838414,0.03294682235558316,ok
real_vs_real,original,126000,127000,6232,0.17283091610942167,0.02987052556322195,ok
real_vs_real,original,127000,128000,6191,0.15946168451414183,0.0254280288280877,ok
real_vs_real,original,128000,129000,6390,0.14949158438433877,0.022347733801739877,ok
real_vs_real,original,129000,130000,6412,0.13741309201216806,0.018882357856344567,ok
real_vs_real,original,130000,131000,6510,0.12671673763983052,0.016057131598081642,ok
real_vs_real,original,131000,132000,6485,0.11702038083323897,0.013693769530356281,ok
real_vs_real,original,132000,133000,6504,0.11224190971318966,0.01259824629606382,ok
real_vs_real,original,133000,134000,6510,0.10507665425772574,0.011041103269997632,ok
real_vs_real,original,134000,135000,6554,0.09343305075210635,0.008729734972845682,ok
real_vs_real,original,135000,136000,6535,0.07595645893906207,0.005769383654561422,ok
real_vs_real,original,136000,137000,6473,0.07652135413045569,0.005855517637958607,ok
real_vs_real,original,137000,138000,6463,0.0718158296333523,0.005157513385926682,ok
real_vs_real,original,138000,139000,6492,0.06466229904274089,0.004181212917492849,ok
real_vs_real,original,139000,140000,6401,0.07604326520787065,0.0057825781834745515,ok
real_vs_real,original,140000,141000,6369,0.08236886821126525,0.006784630450404783,ok
real_vs_real,original,141000,142000,6392,0.0962659529658567,0.009267133700424535,ok
real_vs_real,original,142000,143000,6331,0.10979283242731111,0.012054466052411617,ok
real_vs_real,original,143000,144000,6255,0.1018430559308528,0.010372008041334813,ok
real_vs_real,original,144000,145000,6064,0.11361067014881447,0.012907384371662722,ok
real_vs_real,original,145000,146000,6052,0.12084877692837284,0.014604426885083621,ok
real_vs_real,original,146000,147000,6039,0.1294439923174541,0.016755747147081113,ok
real_vs_real,original,147000,148000,6014,0.14862131393838074,0.022088294956770727,ok
real_vs_real,original,148000,149000,6013,0.16787098046517265,0.02818066608233838,ok
real_vs_real,original,149000,150000,6131,0.17672324555789265,0.031231105520515223,ok
real_vs_real,original,150000,151000,6114,0.19141838088488958,0.03664099654059266,ok
real_vs_real,original,151000,152000,5968,0.20261819022110855,0.041054131008477324,ok
real_vs_real,original,152000,153000,5763,0.20892949775889952,0.04365153503378599,ok
real_vs_real,original,153000,154000,5738,0.21703608139950256,0.047104660629251505,ok
real_vs_real,original,154000,155000,5673,0.23042390812503696,0.05309517743561548,ok
real_vs_real,original,155000,156000,5681,0.24317624216150416,0.05913468475179051,ok
real_vs_real,original,156000,157000,5707,0.2504239175047747,0.0627121384584382,ok
real_vs_real,original,157000,158000,5604,0.2768652228260517,0.07665435161051926,ok
real_vs_real,original,158000,159000,5599,0.28470377067418445,0.0810562370360986,ok
real_vs_real,original,159000,160000,5586,0.2997640316441289,0.08985847466754232,ok
real_vs_real,original,160000,161000,5601,0.303251445787777,0.09196143937237705,ok
real_vs_real,original,161000,162000,5413,0.3130971991659476,0.09802985612556103,ok
real_vs_real,original,162000,163000,5509,0.315901372855949,0.09979367737227329,ok
real_vs_real,original,163000,164000,5321,0.3222728212011392,0.10385977128494145,ok
real_vs_real,original,164000,165000,5544,0.33216562735177363,0.11033400399399734,ok
real_vs_real,original,165000,166000,5564,0.34773289071896024,0.12091816328776434,ok
real_vs_real,original,166000,167000,5555,0.35263790030504827,0.12435348873155316,ok
real_vs_real,original,167000,168000,5650,0.35503272364127986,0.1260482348561454,ok
real_vs_real,original,168000,169000,5534,0.36383783436275763,0.13237796971378146,ok
real_vs_real,original,169000,170000,5436,0.36757560861341315,0.1351118280475211,ok
real_vs_real,original,170000,171000,5455,0.3695752103189902,0.13658583608232583,ok
real_vs_real,original,171000,172000,5488,0.37619993785317435,0.14152639324073224,ok
real_vs_real,original,172000,173000,5421,0.3834133684928339,0.14700581113902164,ok
real_vs_real,original,173000,174000,5639,0.38740563738115025,0.1500831278746953,ok
real_vs_real,original,174000,175000,5526,0.39150835867935974,0.1532787949158062,ok
real_vs_real,original,175000,176000,5709,0.39978755814420536,0.1598300916469064,ok
real_vs_real,original,176000,177000,5713,0.40165368680027896,0.1613256841202566,ok
real_vs_real,original,177000,178000,5461,0.4079640678352687,0.16643468064469968,ok
real_vs_real,original,178000,179000,5483,0.41001076687875465,0.16810882895650447,ok
real_vs_real,original,179000,180000,5382,0.4131252658169093,0.17067248525629194,ok
real_vs_real,original,180000,181000,5358,0.4193015174178896,0.1758137625089448,ok
real_vs_real,original,181000,182000,5455,0.4226880367597537,0.1786651764198149,ok
real_vs_real,original,182000,183000,5462,0.43126058001500733,0.18598568787488054,ok
real_vs_real,original,183000,184000,5358,0.437966316426019,0.19181449432377584,ok
real_vs_real,original,184000,185000,5457,0.4386157042926882,0.19238373605217088,ok
real_vs_real,original,185000,186000,5335,0.44491460749924827,0.19794900796621015,ok
real_vs_real,original,186000,187000,5041,0.45480361049695045,0.20684632412106183,ok
real_vs_real,original,187000,188000,5151,0.45201764438798564,0.20431995083806345,ok
real_vs_real,original,188000,189000,5047,0.4564787420053811,0.20837284190281524,ok
real_vs_real,original,189000,190000,5096,0.4622741995596776,0.21369743557854062,ok
real_vs_real,original,190000,191000,5212,0.4668464097893708,0.21794557033322515,ok
real_vs_real,original,191000,192000,4970,0.47560212176580735,0.22619737822813782,ok
real_vs_real,original,192000,193000,5224,0.4721610117376154,0.22293602100508858,ok
real_vs_real,original,193000,194000,5005,0.4754374101836986,0.2260407310021825,ok
real_vs_real,original,194000,195000,4824,0.4825514578368442,0.23285590946046364,ok
real_vs_real,original,195000,196000,4802,0.4794654645096128,0.22988713165741878,ok
real_vs_real,original,196000,197000,4698,0.48394771326019886,0.23420538916977568,ok
real_vs_real,original,197000,198000,4664,0.4893325324039977,0.2394463272689095,ok
real_vs_real,original,198000,199000,4628,0.49084687562835644,0.2409306553141192,ok
real_vs_real,original,199000,200000,4519,0.49475986826736934,0.24478732724794464,ok
real_vs_real,original,200000,201000,4650,0.48576270970812213,0.2359654101429773,ok
real_vs_real,original,201000,202000,4482,0.48799852441498526,0.23814255983120294,ok
real_vs_real,original,202000,203000,4189,0.495646192224238,0.2456651478663863,ok
real_vs_real,original,203000,204000,4037,0.4970760882638933,0.24708463752373389,ok
real_vs_real,original,204000,205000,3946,0.48623940249188413,0.2364287565356645,ok
real_vs_real,original,205000,206000,3701,0.5041867976628459,0.2542043269375155,ok
real_vs_real,original,206000,207000,3510,0.49257131837935,0.24262650368997093,ok
real_vs_real,original,207000,208000,3245,0.4954070625641899,0.2454281576384792,ok
real_vs_real,original,208000,209000,3041,0.48646311873328246,0.23664636588771168,ok
real_vs_real,original,209000,210000,3114,0.48720994786816446,0.23737353330169952,ok
real_vs_real,original,210000,211000,2931,0.4912989545905906,0.2413746627818072,ok
real_vs_real,original,211000,212000,2709,0.5300627665060809,0.28096653643608005,ok
real_vs_real,original,212000,213000,2880,0.5131373327267154,0.26330992223788774,ok
real_vs_real,original,213000,214000,2762,0.5221724847764745,0.27266410385763745,ok
real_vs_real,original,214000,215000,2745,0.5123783176538854,0.2625315404018259,ok
real_vs_real,original,215000,216000,2891,0.4979231977721919,0.24792751087968531,ok
real_vs_real,original,216000,217000,2888,0.4906699062526373,0.24075695690197185,ok
real_vs_real,original,217000,218000,3022,0.47365519634226616,0.2243492450220307,ok
real_vs_real,original,218000,219000,3063,0.468471364136561,0.21946541901597033,ok
real_vs_real,original,219000,220000,2915,0.4916183310942629,0.2416885834679083,ok
real_vs_real,original,220000,221000,2885,0.4862455229055578,0.2364347085456993,ok
real_vs_real,original,221000,222000,2875,0.5079098740269417,0.25797244013406373,ok
real_vs_real,original,222000,223000,2774,0.5015707655233526,0.25157323282768196,ok
real_vs_real,original,223000,224000,2921,0.47847425033652313,0.22893760823509782,ok
real_vs_real,original,224000,225000,2965,0.4713197234784178,0.22214228173977218,ok
real_vs_real,original,225000,226000,2850,0.4549752022175358,0.2070024346328876,ok
real_vs_real,original,226000,227000,3546,0.4298154739517904,0.18474134164840225,ok
real_vs_real,original,227000,228000,3791,0.433908730561854,0.1882767864577996,ok
real_vs_real,original,228000,229000,4253,0.43111660791589823,0.18586152962091032,ok
real_vs_real,original,229000,230000,4540,0.41839358570414636,0.17505319255837287,ok
real_vs_real,original,230000,231000,4628,0.4120894492361469,0.16981771417175087,ok
real_vs_real,original,231000,232000,4854,0.3999211494719356,0.15993692579495422,ok
real_vs_real,original,232000,233000,5077,0.38953845722742225,0.15174020965912027,ok
real_vs_real,original,233000,234000,4998,0.3820358045392617,0.145951355949961,ok
real_vs_real,original,234000,235000,5202,0.3715564791394224,0.13805421719048405,ok
real_vs_real,original,235000,236000,5153,0.35910199873923854,0.12895424549851608,ok
real_vs_real,original,236000,237000,5133,0.3538770655697102,0.12522897753622897,ok
real_vs_real,original,237000,238000,5214,0.3427953015495637,0.11750861876445634,ok
real_vs_real,original,238000,239000,5271,0.33341246977371686,0.11116387500060965,ok
real_vs_real,original,239000,240000,5371,0.3251253976207121,0.10570652417802612,ok
real_vs_real,original,240000,241000,5495,0.3189352564125467,0.10171969778293694,ok
real_vs_real,original,241000,242000,5434,0.31201974607987176,0.09735632194374766,ok
real_vs_real,original,242000,243000,5473,0.300781512746053,0.09046951840980405,ok
real_vs_real,original,243000,244000,5429,0.29440024008352805,0.08667150136123897,ok
real_vs_real,original,244000,245000,5393,0.2797081570562286,0.07823665312379185,ok
real_vs_real,original,245000,246000,5371,0.2620475796280555,0.0686689339889221,ok
real_vs_real,original,246000,247000,5503,0.24512473776291416,0.06008613706333743,ok
real_vs_real,original,247000,248000,5496,0.23280914977879694,0.0542001002207263,ok
real_vs_real,original,248000,249000,5723,0.21374478142432302,0.04568683158613163,ok
real_vs_real,original,249000,250000,5729,0.2014677462717494,0.040589252787818,ok
real_vs_real,original,250000,251000,5998,0.18533388165427506,0.034348647689040834,ok
real_vs_real,original,251000,252000,6047,0.17065079300936367,0.02912169315472468,ok
real_vs_real,original,252000,253000,5739,0.15509714704110955,0.024055125020291557,ok
real_vs_real,original,253000,254000,5944,0.13849161574894667,0.01917992763275389,ok
real_vs_real,original,254000,255000,5928,0.1269929308228982,0.01612720447898941,ok
real_vs_real,original,255000,256000,5991,0.11208140116268024,0.01256224048658966,ok
real_vs_real,original,256000,257000,6128,0.10060044841709471,0.010120450221720534,ok
real_vs_real,original,257000,258000,6176,0.0865348753972758,0.007488284660022049,ok
real_vs_real,original,258000,259000,6170,0.07380787002259452,0.005447601677272207,ok
real_vs_real,original,259000,260000,6249,0.06274209028765193,0.003936569893663866,ok
real_vs_real,original,260000,261000,6107,0.04694143536000963,0.002203498353657962,ok
real_vs_real,original,261000,262000,6144,0.03843583930863252,0.001477313743359021,ok
real_vs_real,original,262000,263000,6044,0.02428579024303175,0.0005897996077285361,ok
real_vs_real,original,263000,264000,6171,0.033542550133375135,0.0011251026694499844,ok
real_vs_real,original,264000,265000,6143,0.017084877188573846,0.00029189302854865096,ok
real_vs_real,original,265000,266000,6227,0.023842772100225073,0.0005684777814232711,ok
real_vs_real,original,266000,267000,6143,0.03469617377155097,0.0012038244743856619,ok
real_vs_real,original,267000,268000,6133,0.04732340302891768,0.002239504474237375,ok
real_vs_real,original,268000,269000,6013,0.0680066656888029,0.004624906578108601,ok
real_vs_real,original,269000,270000,5940,0.08530645119115234,0.007277190614828455,ok
real_vs_real,original,270000,271000,5878,0.10140159163174829,0.010282282785451846,ok
real_vs_real,original,271000,272000,5710,0.1268386710928346,0.016088048484596273,ok
real_vs_real,original,272000,273000,5624,0.13065311116514977,0.017070235457132987,ok
real_vs_real,original,273000,274000,5678,0.1460731351624011,0.0213373608161731,ok
real_vs_real,original,274000,275000,5558,0.16051195679590088,0.02576408827444915,ok
real_vs_real,original,275000,276000,5502,0.17008043507121418,0.028927354394013505,ok
real_vs_real,original,276000,277000,5569,0.18844179553893053,0.0355103103059361,ok
real_vs_real,original,277000,278000,5335,0.2123713194054296,0.045101577306003005,ok
real_vs_real,original,278000,279000,5407,0.2256371868192133,0.05091214007568856,ok
real_vs_real,original,279000,280000,5250,0.24461699944176574,0.05983747641589282,ok
real_vs_real,original,280000,281000,5223,0.2564542672269398,0.06576879117890666,ok
real_vs_real,original,281000,282000,5237,0.26369804234741195,0.06953665753785748,ok
real_vs_real,original,282000,283000,5183,0.2759310971627806,0.07613797038145587,ok
real_vs_real,original,283000,284000,5221,0.2815713739011203,0.0792824386005645,ok
real_vs_real,original,284000,285000,5232,0.28887150655086585,0.08344674729696694,ok
real_vs_real,original,285000,286000,5203,0.29974904756189225,0.08984949151426153,ok
real_vs_real,original,286000,287000,5208,0.3151222552737036,0.09930203576878521,ok
real_vs_real,original,287000,288000,5203,0.3195996787616126,0.10214395466452597,ok
real_vs_real,original,288000,289000,5364,0.32575714918089366,0.10611772024246302,ok
real_vs_real,original,289000,290000,5308,0.3281999284908601,0.1077151930614057,ok
real_vs_real,original,290000,291000,5186,0.33708692038923405,0.11362759189749783,ok
real_vs_real,original,291000,292000,5326,0.3421288970260636,0.1170521821802708,ok
real_vs_real,original,292000,293000,5455,0.34540816098897603,0.1193067976777864,ok
real_vs_real,original,293000,294000,5426,0.35321213253758466,0.12475881057174826,ok
real_vs_real,original,294000,295000,5399,0.36420594180230725,0.1326459680441056,ok
real_vs_real,original,295000,296000,5355,0.3647462340792555,0.13303981527499903,ok
real_vs_real,original,296000,297000,5394,0.375743473905144,0.14118315818230565,ok
real_vs_real,original,297000,298000,5458,0.37612525165174043,0.14147020493008508,ok
real_vs_real,original,298000,299000,5482,0.38256034047378806,0.14635241410342065,ok
real_vs_real,original,299000,300000,5342,0.38605810591210143,0.14904086114043932,ok
real_vs_real,original,300000,301000,5430,0.3905428513803574,0.15252371876429993,ok
real_vs_real,original,301000,302000,5489,0.39332316656538807,0.154703113357024,ok
real_vs_real,original,302000,303000,5413,0.40142682287961445,0.16114349412722137,ok
real_vs_real,original,303000,304000,5404,0.40607810696456953,0.16489942895592838,ok
real_vs_real,original,304000,305000,5355,0.415938089423039,0.17300449423288797,ok
real_vs_real,original,305000,306000,5431,0.417364171550659,0.17419285169416793,ok
real_vs_real,original,306000,307000,5200,0.4218813569379799,0.17798387933183119,ok
real_vs_real,original,307000,308000,5291,0.4294034849851866,0.1843873529174234,ok
real_vs_real,original,308000,309000,5079,0.4377017682766754,0.19158283795252842,ok
real_vs_real,original,309000,310000,5126,0.43519311011251294,0.1893930430894018,ok
real_vs_real,original,310000,311000,4982,0.448110459942705,0.20080298431006263,ok
real_vs_real,original,311000,312000,4991,0.4547717160403158,0.20681731371025364,ok
real_vs_real,original,312000,313000,4996,0.45648506026411256,0.20837861024433046,ok
real_vs_real,original,313000,314000,5042,0.4593403589237829,0.2109935653362297,ok
real_vs_real,original,314000,315000,5097,0.4572370905456538,0.2090657569706544,ok
real_vs_real,original,315000,316000,4997,0.45927487401721023,0.21093340990352435,ok
real_vs_real,original,316000,317000,4979,0.4690500278672192,0.22000792864223914,ok
real_vs_real,original,317000,318000,4808,0.47420548832834053,0.2248708451607199,ok
real_vs_real,original,318000,319000,4887,0.4749159661497477,0.2255451749039483,ok
real_vs_real,original,319000,320000,4699,0.4822627294039854,0.23257734017218165,ok
real_vs_real,original,320000,321000,4811,0.4834147893489313,0.2336898585612716,ok
real_vs_real,original,321000,322000,4728,0.4849289239223271,0.23515606125646613,ok
real_vs_real,original,322000,323000,4819,0.48255383322872697,0.23285820196373805,ok
real_vs_real,original,323000,324000,4754,0.48414182298274505,0.23439330476105566,ok
real_vs_real,original,324000,325000,4692,0.48470064948473107,0.23493471961092013,ok
real_vs_real,original,325000,326000,4553,0.4907418808651185,0.24082759363503414,ok
real_vs_real,original,326000,327000,4445,0.4910120639272589,0.24109284692210659,ok
real_vs_real,original,327000,328000,4495,0.4949754856181373,0.24500073136291087,ok
real_vs_real,original,328000,329000,4400,0.4877148715410055,0.2378657959222595,ok
real_vs_real,original,329000,330000,4405,0.4881264446745332,0.23826742599060013,ok
real_vs_real,original,330000,331000,4268,0.48832208785918724,0.23845846149115577,ok
real_vs_real,original,331000,332000,4114,0.4815693255932,0.23190901535228944,ok
real_vs_real,original,332000,333000,3906,0.489650682060652,0.23975779044246168,ok
real_vs_real,original,333000,334000,3547,0.498066493901528,0.24807023234736086,ok
real_vs_real,original,334000,335000,3509,0.4944919879420071,0.2445223261388381,ok
real_vs_real,original,335000,336000,3231,0.5026203177392055,0.2526271838042598,ok
real_vs_real,original,336000,337000,3179,0.49304517322133623,0.24309354283685747,ok
real_vs_real,original,337000,338000,3112,0.5010493652334501,0.2510504664008433,ok
real_vs_real,original,338000,339000,3123,0.48896687510588355,0.23908860495081272,ok
real_vs_real,original,339000,340000,3341,0.4755150090968884,0.22611452387641384,ok
real_vs_real,original,340000,341000,3112,0.5040669594043204,0.2540834995631169,ok
real_vs_real,original,341000,342000,3041,0.507977654884896,0.2580412978623585,ok
real_vs_real,original,342000,343000,3113,0.4986017156652074,0.24860367086428833,ok
real_vs_real,original,343000,344000,3114,0.5043685140070467,0.25438759792167653,ok
real_vs_real,original,344000,345000,3072,0.4809771305749751,0.23133900013613662,ok
real_vs_real,original,345000,346000,3122,0.47626232002637175,0.22682579747690215,ok
real_vs_real,original,346000,347000,3078,0.47363465791287496,0.2243297891762461,ok
real_vs_real,original,347000,348000,3182,0.4562232479142329,0.20813965193741163,ok
real_vs_real,original,348000,349000,3195,0.4707017057239204,0.22156009577140817,ok
real_vs_real,original,349000,350000,3082,0.4706199291595821,0.22148311772217008,ok
real_vs_real,original,350000,351000,3140,0.4801201703984299,0.23051537802341737,ok
real_vs_real,original,351000,352000,3253,0.4673818927102139,0.21844583363338188,ok
real_vs_real,original,352000,353000,3387,0.4300141753980282,0.18491219104324616,ok
real_vs_real,original,353000,354000,3682,0.4168963301509372,0.17380255009331924,ok
real_vs_real,original,354000,355000,3961,0.3992333589389059,0.15938727488964125,ok
real_vs_real,original,355000,356000,4065,0.39473181739293545,0.15581320766232973,ok
real_vs_real,original,356000,357000,4361,0.3854305370009011,0.14855669885280295,ok
real_vs_real,original,357000,358000,4452,0.381168024644304,0.14528906301124073,ok
real_vs_real,original,358000,359000,4639,0.3706532579416055,0.13738383762272632,ok
real_vs_real,original,359000,360000,4634,0.36694809738773526,0.13465090617647885,ok
real_vs_real,original,360000,361000,4646,0.3560735801079849,0.12678839445091755,ok
real_vs_real,original,361000,362000,4871,0.3444908293684153,0.11867393151893862,ok
real_vs_real,original,362000,363000,4879,0.340229502350984,0.11575611426999821,ok
real_vs_real,original,363000,364000,5032,0.3259823694019966,0.10626450516093977,ok
real_vs_real,original,364000,365000,5135,0.31848137435902474,0.10143038581361324,ok
real_vs_real,original,365000,366000,5197,0.31271262772685554,0.09778918753983495,ok
real_vs_real,original,366000,367000,5241,0.30458059412490357,0.09276933831747924,ok
real_vs_real,original,367000,368000,5247,0.2942780313691509,0.08659955974650296,ok
real_vs_real,original,368000,369000,5242,0.2874131723066201,0.08260633161535491,ok
real_vs_real,original,369000,370000,5380,0.2757469129771831,0.0760363600164462,ok
real_vs_real,original,370000,371000,5587,0.2526882565500291,0.06385135499829331,ok
real_vs_real,original,371000,372000,5905,0.22772086189235932,0.05185679094099899,ok
real_vs_real,original,372000,373000,6038,0.2168088074610406,0.04700605899267857,ok
real_vs_real,original,373000,374000,6060,0.20441982636574077,0.041787465411399605,ok
real_vs_real,original,374000,375000,6190,0.18950006175959008,0.03591027340688846,ok
real_vs_real,original,375000,376000,6058,0.1787314509490666,0.03194493155835859,ok
real_vs_real,original,376000,377000,6263,0.1671661505005925,0.027944521873186745,ok
real_vs_real,original,377000,378000,6286,0.15274685438839003,0.02333160152554803,ok
real_vs_real,original,378000,379000,6300,0.14210920000772131,0.020195024726834543,ok
real_vs_real,original,379000,380000,6358,0.1327345822633672,0.017618469328630593,ok
real_vs_real,original,380000,381000,6476,0.1226780698744553,0.015049908828121739,ok
real_vs_real,original,381000,382000,6687,0.11487827971400404,0.01319701915004895,ok
real_vs_real,original,382000,383000,6402,0.10495710431794456,0.011015993746807895,ok
real_vs_real,original,383000,384000,6553,0.09681817195388011,0.009373758420491096,ok
real_vs_real,original,384000,385000,6443,0.09043795752233595,0.008179024160811843,ok
real_vs_real,original,385000,386000,6434,0.07982903996068716,0.0063726756210449875,ok
real_vs_real,original,386000,387000,6452,0.06757443766174454,0.004566304625300999,ok
real_vs_real,original,387000,388000,6371,0.07081934793612983,0.005015380042098616,ok
real_vs_real,original,388000,389000,6412,0.06575234393798693,0.004323370733339327,ok
real_vs_real,original,389000,390000,6496,0.0744471904727978,0.005542384169293035,ok
real_vs_real,original,390000,391000,6372,0.08920743957627784,0.007957967275755262,ok
real_vs_real,original,391000,392000,6369,0.09873151296953354,0.009747911653253172,ok
real_vs_real,original,392000,393000,6360,0.1091512411173761,0.011913993437463577,ok
real_vs_real,original,393000,394000,6221,0.11399033908190967,0.012993797404008745,ok
real_vs_real,original,394000,395000,6213,0.12193826897834946,0.0148689414414363,ok
real_vs_real,original,395000,396000,6026,0.12664751397290183,0.016039592795516366,ok
real_vs_real,original,396000,397000,6083,0.13650975125289477,0.018634912187127206,ok
real_vs_real,original,397000,398000,6138,0.1468280332479346,0.021558471347456587,ok
real_vs_real,original,398000,399000,6089,0.16881580196719598,0.028498774993827525,ok
real_vs_real,original,399000,400000,6029,0.17818593323654172,0.0317502268033773,ok
real_vs_real,original,400000,401000,6068,0.19524229365172413,0.03811955323038607,ok
real_vs_real,original,401000,402000,5964,0.2098952591540514,0.0440560198153464,ok
real_vs_real,original,402000,403000,5751,0.22241141597175448,0.049466837954560805,ok
real_vs_real,original,403000,404000,5818,0.22310596015431738,0.04977626945637986,ok
real_vs_real,original,404000,405000,5664,0.23713704242507935,0.05623397689011389,ok
real_vs_real,original,405000,406000,5718,0.2422955144821979,0.05870711633819298,ok
real_vs_real,original,406000,407000,5634,0.26981924279158787,0.07280242378062585,ok
real_vs_real,original,407000,408000,5660,0.2724338902943942,0.07422022458093802,ok
real_vs_real,original,408000,409000,5691,0.2898702133845417,0.08402474060759973,ok
real_vs_real,original,409000,410000,5809,0.3013936596455474,0.09083813807453606,ok
real_vs_real,original,410000,411000,5512,0.3067510411613369,0.09409620125356422,ok
real_vs_real,original,411000,412000,5456,0.31516280305349426,0.09932759242853562,ok
real_vs_real,original,412000,413000,5551,0.3108406525431378,0.09662191127344372,ok
real_vs_real,original,413000,414000,5376,0.3305439905947071,0.10925932971827385,ok
real_vs_real,original,414000,415000,5538,0.3389912656700044,0.11491507820055152,ok
real_vs_real,original,415000,416000,5627,0.3467677602230696,0.12024787953012428,ok
real_vs_real,original,416000,417000,5501,0.3566478065163519,0.1271976578929252,ok
real_vs_real,original,417000,418000,5706,0.3630673674847523,0.1318179133323082,ok
real_vs_real,original,418000,419000,5592,0.364021815813738,0.132511882388331,ok
real_vs_real,original,419000,420000,5505,0.36924498624386015,0.13634185986622846,ok
real_vs_real,original,420000,421000,5452,0.37651214936284216,0.14176139861782716,ok
real_vs_real,original,421000,422000,5415,0.3775410500333317,0.1425372444602707,ok
real_vs_real,original,422000,423000,5504,0.3825458550554959,0.14634133122014045,ok
real_vs_real,original,423000,424000,5556,0.3901087535365941,0.15218483958587511,ok
real_vs_real,original,424000,425000,5640,0.39813645532170205,0.15851263705612964,ok
real_vs_real,original,425000,426000,5720,0.40081353706033485,0.16065149149081642,ok
real_vs_real,original,426000,427000,5784,0.40245354231855895,0.1619688537247561,ok
real_vs_real,original,427000,428000,5403,0.40972726730889963,0.16787643357641852,ok
real_vs_real,original,428000,429000,5459,0.40955334994964926,0.16773394645497988,ok
real_vs_real,original,429000,430000,5454,0.4120798357304554,0.16980979101563912,ok
real_vs_real,original,430000,431000,5353,0.4196079161680686,0.17607080331090888,ok
real_vs_real,original,431000,432000,5495,0.42094636722103007,0.17719584407658232,ok
real_vs_real,original,432000,433000,5403,0.4314824063479403,0.18617706698780903,ok
real_vs_real,original,433000,434000,5313,0.4396680529941604,0.19330799682367583,ok
real_vs_real,original,434000,435000,5425,0.44378785731983517,0.1969476623045304,ok
real_vs_real,original,435000,436000,5189,0.44658982574695427,0.19944247246069496,ok
real_vs_real,original,436000,437000,5122,0.45834623435687605,0.21008127054912834,ok
real_vs_real,original,437000,438000,5097,0.4522927935338144,0.20456877108262167,ok
real_vs_real,original,438000,439000,5053,0.46071742656102377,0.21226054713701234,ok
real_vs_real,original,439000,440000,5118,0.4611790841306603,0.21268614763959465,ok
real_vs_real,original,440000,441000,5182,0.4666417751181419,0.21775454628541055,ok
real_vs_real,original,441000,442000,5003,0.4714246647912718,0.22224121457356302,ok
real_vs_real,original,442000,443000,5137,0.4727423492162402,0.22348532874248958,ok
real_vs_real,original,443000,444000,4991,0.47741973744011895,0.2279296056973921,ok
real_vs_real,original,444000,445000,4821,0.48194271822459994,0.23226878364971612,ok
real_vs_real,original,445000,446000,4772,0.48422363124486595,0.23447252505596394,ok
real_vs_real,original,446000,447000,4684,0.48938218459845345,0.23949492260235475,ok
real_vs_real,original,447000,448000,4604,0.4873121747599099,0.237473155669233,ok
real_vs_real,original,448000,449000,4585,0.4933642678943121,0.24340830083489057,ok
real_vs_real,original,449000,450000,4458,0.49317243293851587,0.24321904861049495,ok
real_vs_real,original,450000,451000,4531,0.49207360044688075,0.24213642825675644,ok
real_vs_real,original,451000,452000,4465,0.485933829520742,0.23613168667269352,ok
real_vs_real,original,452000,453000,4233,0.49186301691445367,0.24192922740818812,ok
real_vs_real,original,453000,454000,3916,0.499238991151044,0.2492395702855122,ok
real_vs_real,original,454000,455000,3886,0.4912644466196993,0.2413407565125594,ok
real_vs_real,original,455000,456000,3645,0.4993274800874258,0.2493279323704586,ok
real_vs_real,original,456000,457000,3382,0.49823369131518414,0.2482368111615542,ok
real_vs_real,original,457000,458000,3239,0.48908049966241934,0.23919973515004178,ok
real_vs_real,original,458000,459000,2972,0.500859055917929,0.25085979389499913,ok
real_vs_real,original,459000,460000,3017,0.4895846040696383,0.23969308454202448,ok
real_vs_real,original,460000,461000,2921,0.5004866062587131,0.25048684304436414,ok
real_vs_real,original,461000,462000,2908,0.5121861614315764,0.26233466396201277,ok
real_vs_real,original,462000,463000,2820,0.5166439497277683,0.26692097079030874,ok
real_vs_real,original,463000,464000,2733,0.5193411658509824,0.2697152465474577,ok
real_vs_real,original,464000,465000,2839,0.5182018301290701,0.2685331367491176,ok
real_vs_real,original,465000,466000,2943,0.49099710138446856,0.24107815356795012,ok
real_vs_real,original,466000,467000,2970,0.47540282166855463,0.22600784285042358,ok
real_vs_real,original,467000,468000,2926,0.4872180819794566,0.23738145940774047,ok
real_vs_real,original,468000,469000,3105,0.465806035559481,0.2169752627636405,ok
real_vs_real,original,469000,470000,2853,0.4948160686414113,0.24484294178574187,ok
real_vs_real,original,470000,471000,2823,0.4886459834925954,0.23877489718344586,ok
real_vs_real,original,471000,472000,2861,0.5056730071431255,0.2557051901531714,ok
real_vs_real,original,472000,473000,2788,0.49537883049507647,0.2454001857026697,ok
real_vs_real,original,473000,474000,2993,0.46366201385082934,0.21498246308820668,ok
real_vs_real,original,474000,475000,2872,0.47309788886751564,0.22382161245090018,ok
real_vs_real,original,475000,476000,3034,0.4481414247490422,0.20083073657610148,ok
real_vs_real,original,476000,477000,3725,0.42783846964861966,0.18304575611127283,ok
real_vs_real,original,477000,478000,4183,0.42791260241451773,0.18310919530516512,ok
real_vs_real,original,478000,479000,4463,0.4270692129238437,0.18238811262739135,ok
real_vs_real,original,479000,480000,4571,0.4178352992372546,0.17458633728868608,ok
real_vs_real,original,480000,481000,4676,0.4074418558825791,0.16600886592504033,ok
real_vs_real,original,481000,482000,4827,0.3993818244894299,0.15950584173250576,ok
real_vs_real,original,482000,483000,5011,0.3888662128245256,0.15121693147648924,ok
real_vs_real,original,483000,484000,5061,0.3768893903695667,0.14204561257314363,ok
real_vs_real,original,484000,485000,5307,0.3667502681582595,0.13450575919415525,ok
real_vs_real,original,485000,486000,5110,0.35783251417748624,0.1280441082025809,ok
real_vs_real,original,486000,487000,5169,0.3493517604968414,0.12204665256224245,ok
real_vs_real,original,487000,488000,5245,0.34191586249998884,0.11690645702911129,ok
real_vs_real,original,488000,489000,5065,0.33343408740411606,0.11117829064301571,ok
real_vs_real,original,489000,490000,5389,0.32244044908829095,0.10396784320825875,ok
real_vs_real,original,490000,491000,5461,0.3161907864818734,0.09997661345602565,ok
real_vs_real,original,491000,492000,5378,0.31248451466536586,0.09764657190564924,ok
real_vs_real,original,492000,493000,5335,0.2982931204336482,0.08897878569804296,ok
real_vs_real,original,493000,494000,5520,0.28961526958941347,0.08387700437934864,ok
real_vs_real,original,494000,495000,5283,0.27115476303955705,0.07352490551903834,ok
real_vs_real,original,495000,496000,5519,0.25631778114907244,0.06569880493318381,ok
real_vs_real,original,496000,497000,5453,0.23606042839620858,0.055724525854601525,ok
real_vs_real,original,497000,498000,5560,0.22190604313630896,0.04924229198041341,ok
real_vs_real,original,498000,499000,5755,0.21026801029979367,0.04421263615543414,ok
real_vs_real,original,499000,500000,5746,0.19180226325259117,0.03678810818881628,ok
real_vs_real,original,500000,501000,5826,0.1798358428065775,0.03234093035795205,ok
real_vs_real,original,501000,502000,6066,0.16330230902161696,0.02666764413179168,ok
real_vs_real,original,502000,503000,5886,0.14502578766321264,0.021032479087335243,ok
real_vs_real,original,503000,504000,5983,0.13117327711459045,0.01720642862898114,ok
real_vs_real,original,504000,505000,6050,0.11720524093443237,0.01373706850249834,ok
real_vs_real,original,505000,506000,6139,0.10286029685714475,0.010580240669539942,ok
real_vs_real,original,506000,507000,6095,0.09243550545941404,0.008544322669537363,ok
real_vs_real,original,507000,508000,6101,0.07905058998188874,0.006248995776484689,ok
real_vs_real,original,508000,509000,6117,0.06466425241829392,0.004181465540816831,ok
real_vs_real,original,509000,510000,6187,0.05346270257093193,0.0028582605661879312,ok
real_vs_real,original,510000,511000,6135,0.03863973995381577,0.0014930295036985064,ok
real_vs_real,original,511000,512000,5942,0.02413766456066401,0.0005826268504431353,ok
real_vs_real,original,512000,513000,6137,0.021973357163178785,0.0004828284250206205,ok
real_vs_real,original,513000,514000,6055,0.024462930866929487,0.0005984349866001715,ok
real_vs_real,original,514000,515000,6092,0.027029733454934864,0.0007306064906448251,ok
real_vs_real,original,515000,516000,6151,0.03291088035372819,0.001083126045657412,ok
real_vs_real,original,516000,517000,6134,0.045722358878531634,0.0020905341014172407,ok
real_vs_real,original,517000,518000,6053,0.059040230620205136,0.0034857488316870078,ok
real_vs_real,original,518000,519000,6080,0.07833280614739818,0.006136028518925862,ok
real_vs_real,original,519000,520000,5856,0.09739531982269116,0.009485848323364299,ok
real_vs_real,original,520000,521000,5788,0.11609377455320133,0.013477764490009536,ok
real_vs_real,original,521000,522000,5723,0.1348973465614892,0.01819729410933052,ok
real_vs_real,original,522000,523000,5571,0.15302749223000264,0.023417413378203522,ok
real_vs_real,original,523000,524000,5618,0.15393448044865596,0.023695824270997645,ok
real_vs_real,original,524000,525000,5564,0.17708749941586643,0.0313599824493645,ok
real_vs_real,original,525000,526000,5558,0.1859936959464919,0.03459365493183608,ok
real_vs_real,original,526000,527000,5498,0.1988091690624282,0.03952508570329316,ok
real_vs_real,original,527000,528000,5325,0.22612500296519478,0.051132516966009345,ok
real_vs_real,original,528000,529000,5359,0.24126063344032395,0.05820669324802635,ok
real_vs_real,original,529000,530000,5211,0.2562958807748556,0.065687578502159,ok
real_vs_real,original,530000,531000,5187,0.2672470950982442,0.07142100983844996,ok
real_vs_real,original,531000,532000,5362,0.27601586344971984,0.07618475687589438,ok
real_vs_real,original,532000,533000,5267,0.2779805891103081,0.07727320792211395,ok
real_vs_real,original,533000,534000,5416,0.2896252395607269,0.08388277939060845,ok
real_vs_real,original,534000,535000,5160,0.30384943759086874,0.09232448072428723,ok
real_vs_real,original,535000,536000,5155,0.30849450901319997,0.09516886209129533,ok
real_vs_real,original,536000,537000,5231,0.31935199346737303,0.10198569573158506,ok
real_vs_real,original,537000,538000,5338,0.32390380917223544,0.1049136775962839,ok
real_vs_real,original,538000,539000,5193,0.33593731404668586,0.11285387896890164,ok
real_vs_real,original,539000,540000,5233,0.3377883987356242,0.11410100232037707,ok
real_vs_real,original,540000,541000,5391,0.3416100991924968,0.1166974598703075,ok
real_vs_real,original,541000,542000,5416,0.3458412214090867,0.11960615042572892,ok
real_vs_real,original,542000,543000,5356,0.35123127585483715,0.12336340913861671,ok
real_vs_real,original,543000,544000,5372,0.3614834662315619,0.13067029635878474,ok
real_vs_real,original,544000,545000,5397,0.36900708733142545,0.13616623050082227,ok
real_vs_real,original,545000,546000,5330,0.3740843096692764,0.13993907074073908,ok
real_vs_real,original,546000,547000,5606,0.3772483381332795,0.14231630862432118,ok
real_vs_real,original,547000,548000,5485,0.380040616643391,0.1444308702986889,ok
real_vs_real,original,548000,549000,5537,0.3873826991576576,0.15006535560667225,ok
real_vs_real,original,549000,550000,5463,0.39241192307633144,0.15398711737246465,ok
real_vs_real,original,550000,551000,5520,0.3956402070068606,0.1565311734004315,ok
real_vs_real,original,551000,552000,5471,0.39839654140254976,0.15871980420151355,ok
real_vs_real,original,552000,553000,5505,0.40546181940554854,0.16439928699565765,ok
real_vs_real,original,553000,554000,5458,0.41159914079871623,0.16941385270624143,ok
real_vs_real,original,554000,555000,5364,0.4223282947489209,0.1783611885455314,ok
real_vs_real,original,555000,556000,5370,0.42293010829255967,0.17886987650035624,ok
real_vs_real,original,556000,557000,5136,0.4303268198016765,0.18518117184062452,ok
real_vs_real,original,557000,558000,5204,0.43648915511438413,0.1905227825324689,ok
real_vs_real,original,558000,559000,5035,0.4416217319623588,0.19502975414143348,ok
real_vs_real,original,559000,560000,5080,0.4461665797928548,0.19906461692405386,ok
real_vs_real,original,560000,561000,5013,0.4531678045667833,0.2053610590958783,ok
real_vs_real,original,561000,562000,5031,0.45371272608341223,0.20585523781004145,ok
real_vs_real,original,562000,563000,5173,0.4561551762802113,0.20807754484723062,ok
real_vs_real,original,563000,564000,5117,0.4580879882425398,0.2098446049720973,ok
real_vs_real,original,564000,565000,5131,0.46183734223167344,0.21329373067961588,ok
real_vs_real,original,565000,566000,4961,0.4668424380188787,0.2179418619354106,ok
real_vs_real,original,566000,567000,5035,0.46713389173739234,0.2182140728097218,ok
real_vs_real,original,567000,568000,4891,0.4781492191417656,0.22862667576588022,ok
real_vs_real,original,568000,569000,4889,0.47385186610305097,0.22453559100934373,ok
real_vs_real,original,569000,570000,4895,0.4796758851091888,0.2300889547552837,ok
real_vs_real,original,570000,571000,4881,0.4791698841634793,0.22960377788924213,ok
real_vs_real,original,571000,572000,4895,0.48103943512323466,0.2313989381436807,ok
real_vs_real,original,572000,573000,4708,0.48375823537951024,0.23402203029749763,ok
real_vs_real,original,573000,574000,4679,0.4847908990912303,0.23502221584168342,ok
real_vs_real,original,574000,575000,4651,0.4858872886032959,0.23608645722626256,ok
real_vs_real,original,575000,576000,4700,0.48443013079850183,0.23467255162545358,ok
real_vs_real,original,576000,577000,4563,0.48808710234036046,0.2382290194710095,ok
real_vs_real,original,577000,578000,4541,0.48974436123667386,0.23984953936311768,ok
real_vs_real,original,578000,579000,4340,0.4859826908821332,0.236179175837039,ok
real_vs_real,original,579000,580000,4244,0.4832148875060165,0.23349662750745218,ok
real_vs_real,original,580000,581000,4198,0.47860485934598884,0.22906261138959375,ok
real_vs_real,original,581000,582000,3915,0.47946683027374143,0.22988844133274874,ok
real_vs_real,original,582000,583000,3920,0.4794329004361517,0.22985590602062095,ok
real_vs_real,original,583000,584000,3524,0.48777726233370755,0.23792665764976656,ok
real_vs_real,original,584000,585000,3417,0.4980869869549892,0.24809064657389956,ok
real_vs_real,original,585000,586000,3276,0.5016316045790392,0.2516342667125415,ok
real_vs_real,original,586000,587000,3115,0.4862441155128141,0.2364333398708389,ok
real_vs_real,original,587000,588000,3199,0.48698764111542425,0.23715696259916527,ok
real_vs_real,original,588000,589000,3247,0.4757477527759255,0.22633592427134314,ok
real_vs_real,original,589000,590000,3223,0.48315032584229967,0.23343423736152033,ok
real_vs_real,original,590000,591000,3145,0.48580446911847996,0.23600598221548813,ok
real_vs_real,original,591000,592000,3199,0.49000680011835257,0.24010666416222715,ok
real_vs_real,original,592000,593000,3210,0.49094881258183626,0.241030736575515,ok
real_vs_real,original,593000,594000,3246,0.48523145031006615,0.23544956037001022,ok
real_vs_real,original,594000,595000,3080,0.4739822686943275,0.22465919103662169,ok
real_vs_real,original,595000,596000,3160,0.4657360734833145,0.21691009014365537,ok
real_vs_real,original,596000,597000,3062,0.4568888992119809,0.20874746622313564,ok
real_vs_real,original,597000,598000,3144,0.4566190233464186,0.20850093248183715,ok
real_vs_real,original,598000,599000,3136,0.4680374112882899,0.21905901836544384,ok
real_vs_real,original,599000,600000,3214,0.47473513818978574,0.22537345143207496,ok
real_vs_real,original,600000,601000,3353,0.44533082850540356,0.19831954681730918,ok
real_vs_real,original,601000,602000,3680,0.42856689881543636,0.18366958676028047,ok
real_vs_real,original,602000,603000,3862,0.4054475060416524,0.16438768015539576,ok
real_vs_real,original,603000,604000,4079,0.393983813245421,0.15522324509940275,ok
real_vs_real,original,604000,605000,4253,0.3910894699874242,0.1529509735350444,ok
real_vs_real,original,605000,606000,4467,0.3761817630384848,0.1415127188427427,ok
real_vs_real,original,606000,607000,4588,0.37166052723174564,0.13813154750217915,ok
real_vs_real,original,607000,608000,4760,0.3626351219238904,0.13150423165275488,ok
real_vs_real,original,608000,609000,4837,0.3533789370008686,0.12487667311586387,ok
real_vs_real,original,609000,610000,4923,0.34699583191932887,0.12040610736938712,ok
real_vs_real,original,610000,611000,4957,0.3349126513190094,0.11216648401352836,ok
real_vs_real,original,611000,612000,5123,0.3281208165758496,0.10766327027040234,ok
real_vs_real,original,612000,613000,5127,0.32203658708824295,0.1037075634234435,ok
real_vs_real,original,613000,614000,5251,0.3127752239365147,0.09782834070853691,ok
real_vs_real,original,614000,615000,5243,0.30520222085125603,0.09314839561253885,ok
real_vs_real,original,615000,616000,5328,0.2964144823025638,0.08786154531869689,ok
real_vs_real,original,616000,617000,5253,0.2896678504910434,0.08390746360810147,ok
real_vs_real,original,617000,618000,5429,0.2822706724785491,0.07967673254149232,ok
real_vs_real,original,618000,619000,5604,0.25490414899132446,0.06497612517299134,ok
real_vs_real,original,619000,620000,5861,0.2310298226143661,0.053374778937225476,ok
real_vs_real,original,620000,621000,5997,0.21693105463369533,0.04705908246448731,ok
real_vs_real,original,621000,622000,6021,0.20441289583078004,0.041784631981925335,ok
real_vs_real,original,622000,623000,6075,0.18986933218969496,0.03605036330616074,ok
real_vs_real,original,623000,624000,6299,0.1825618789851391,0.033328839658584575,ok
real_vs_real,original,624000,625000,6219,0.16798714462364106,0.0282196807588041,ok
real_vs_real,original,625000,626000,6408,0.15533342446235746,0.024128472755202912,ok
real_vs_real,original,626000,627000,6338,0.14794800122074706,0.02188861106521417,ok
real_vs_real,original,627000,628000,6372,0.13021152857551666,0.01695504217397259,ok
real_vs_real,original,628000,629000,6528,0.12404544196547018,0.015387271672408831,ok
real_vs_real,original,629000,630000,6479,0.11228191149099506,0.01260722764807165,ok
real_vs_real,original,630000,631000,6544,0.10261749143197343,0.01053034954779114,ok
real_vs_real,original,631000,632000,6534,0.09630639479761095,0.009274921678913306,ok
real_vs_real,original,632000,633000,6605,0.08831032559711469,0.007798713607068408,ok
real_vs_real,original,633000,634000,6470,0.08750957898001362,0.007657926413259242,ok
real_vs_real,original,634000,635000,6530,0.07816203973255252,0.0061093044551531195,ok
real_vs_real,original,635000,636000,6489,0.07193598872793747,0.005174786474265947,ok
real_vs_real,original,636000,637000,6342,0.06657252216239994,0.00443190070706323,ok
real_vs_real,original,637000,638000,6290,0.06987225830902026,0.00488213248120245,ok
real_vs_real,original,638000,639000,6326,0.0725682698054434,0.005266153782555627,ok
real_vs_real,original,639000,640000,6249,0.09215606876470754,0.008492741010165505,ok
real_vs_real,original,640000,641000,6283,0.10061348497031733,0.01012307335787227,ok
real_vs_real,original,641000,642000,6209,0.11725977196413305,0.013749854121080485,ok
real_vs_real,original,642000,643000,6343,0.1277098478739402,0.016309805243984954,ok
real_vs_real,original,643000,644000,6179,0.13258533422973134,0.01757887085280957,ok
real_vs_real,original,644000,645000,5880,0.143776933511213,0.020671806609887766,ok
real_vs_real,original,645000,646000,6005,0.1480631989916107,0.021922710895629305,ok
real_vs_real,original,646000,647000,5882,0.1591502339099584,0.025328796953594468,ok
real_vs_real,original,647000,648000,6029,0.17998365472947747,0.03239411596977976,ok
real_vs_real,original,648000,649000,6089,0.18354510796677223,0.033688806658534076,ok
real_vs_real,original,649000,650000,5861,0.20605665183235922,0.04245934376436211,ok
real_vs_real,original,650000,651000,5933,0.2195034734099542,0.048181774839034464,ok
real_vs_real,original,651000,652000,5788,0.2397151592787929,0.05746335758805704,ok
real_vs_real,original,652000,653000,5637,0.23885951189202412,0.05705386642129601,ok
real_vs_real,original,653000,654000,5612,0.24827804109365476,0.061641985689302514,ok
real_vs_real,original,654000,655000,5528,0.25536380925112473,0.0652106750752448,ok
real_vs_real,original,655000,656000,5570,0.26716087504238906,0.07137493315341503,ok
real_vs_real,original,656000,657000,5612,0.28776229459088626,0.082807138188212,ok
real_vs_real,original,657000,658000,5568,0.29906081302705345,0.08943736988840223,ok
real_vs_real,original,658000,659000,5609,0.3100967812157163,0.09616001372034783,ok
real_vs_real,original,659000,660000,5612,0.320791471413585,0.10290716813169293,ok
real_vs_real,original,660000,661000,5479,0.3236639854454426,0.10475837547442768,ok
real_vs_real,original,661000,662000,5476,0.3290230787538634,0.10825618635267098,ok
real_vs_real,original,662000,663000,5460,0.33529638283189,0.11242366434014933,ok
real_vs_real,original,663000,664000,5498,0.3375157371722643,0.11391687283893698,ok
real_vs_real,original,664000,665000,5456,0.34932260836113943,0.12202628471222998,ok
real_vs_real,original,665000,666000,5590,0.3598156430372083,0.12946729697427972,ok
real_vs_real,original,666000,667000,5574,0.3690432322229004,0.1361929072495256,ok
real_vs_real,original,667000,668000,5549,0.3717981601504938,0.13823387189129221,ok
real_vs_real,original,668000,669000,5618,0.3765328450993011,0.14177698343857426,ok
real_vs_real,original,669000,670000,5486,0.37725303704238894,0.14231985395770608,ok
real_vs_real,original,670000,671000,5533,0.3819851978015531,0.14591269133949167,ok
real_vs_real,original,671000,672000,5409,0.39234728195698865,0.15393638965903675,ok
real_vs_real,original,672000,673000,5491,0.3887031020810861,0.15109010156745925,ok
real_vs_real,original,673000,674000,5655,0.4028208021490553,0.16226459864400836,ok
real_vs_real,original,674000,675000,5450,0.4045415319136283,0.16365385104302513,ok
real_vs_real,original,675000,676000,5632,0.4096828390058156,0.16784002857586502,ok
real_vs_real,original,676000,677000,5724,0.40966871024026824,0.16782845214992487,ok
real_vs_real,original,677000,678000,5494,0.41280465404066574,0.17040768239763374,ok
real_vs_real,original,678000,679000,5381,0.42255116797511705,0.1785494895571356,ok
real_vs_real,original,679000,680000,5291,0.4273875441291304,0.18266011287672937,ok
real_vs_real,original,680000,681000,5229,0.4330378341855757,0.18752176583613414,ok
real_vs_real,original,681000,682000,5323,0.43830403625375913,0.1921104281963366,ok
real_vs_real,original,682000,683000,5257,0.44906350011562696,0.2016580271360977,ok
real_vs_real,original,683000,684000,5249,0.4528359809851526,0.2050604256747855,ok
real_vs_real,original,684000,685000,5356,0.45172282178006945,0.20405350771694838,ok
real_vs_real,original,685000,686000,5119,0.45801272669216314,0.20977565781199015,ok
real_vs_real,original,686000,687000,5107,0.4585451609258362,0.210263664608501,ok
real_vs_real,original,687000,688000,5200,0.4614711108667784,0.21295558616461846,ok
real_vs_real,original,688000,689000,4906,0.4678593723936232,0.21889239233655497,ok
real_vs_real,original,689000,690000,5030,0.47225792697443975,0.22302754959019525,ok
real_vs_real,original,690000,691000,4971,0.472615922710771,0.22336581039975348,ok
real_vs_real,original,691000,692000,5010,0.48345975008486136,0.2337333299521166,ok
real_vs_real,original,692000,693000,4881,0.48360014461415857,0.23386909987083507,ok
real_vs_real,original,693000,694000,4939,0.48286394970681185,0.23315759392646251,ok
real_vs_real,original,694000,695000,4700,0.4863486860270197,0.23653504440020856,ok
real_vs_real,original,695000,696000,4575,0.4917064016460986,0.2417751854197544,ok
real_vs_real,original,696000,697000,4518,0.49301669775573376,0.24306546426596853,ok
real_vs_real,original,697000,698000,4439,0.4952442935239365,0.24526691026802297,ok
real_vs_real,original,698000,699000,4468,0.4904675681250402,0.24055843538249097,ok
real_vs_real,original,699000,700000,4327,0.4893544640853463,0.23946779152025643,ok
real_vs_real,original,700000,701000,4341,0.49454466353394055,0.24457442422989845,ok
real_vs_real,original,701000,702000,4189,0.488429251377539,0.2385631336012232,ok
real_vs_real,original,702000,703000,3834,0.49240238332461,0.24246010710375615,ok
real_vs_real,original,703000,704000,3608,0.49814383664880485,0.24814728199119115,ok
real_vs_real,original,704000,705000,3377,0.4989903540052702,0.2489913733903049,ok
real_vs_real,original,705000,706000,3072,0.5114055086964725,0.26153559432509776,ok
real_vs_real,original,706000,707000,2988,0.50800583560406,0.25806992900777925,ok
real_vs_real,original,707000,708000,2883,0.4983063002024616,0.24830916882146575,ok
real_vs_real,original,708000,709000,2850,0.5054619089837434,0.2554917414334902,ok
real_vs_real,original,709000,710000,3045,0.48044142293133957,0.23082396086829032,ok
real_vs_real,original,710000,711000,2908,0.5054452738105516,0.2554749248174235,ok
real_vs_real,original,711000,712000,2874,0.5143638218753406,0.26457014125420714,ok
real_vs_real,original,712000,713000,2865,0.511809690299706,0.26194915908468097,ok
real_vs_real,original,713000,714000,2806,0.5108381356335869,0.26095560081759894,ok
real_vs_real,original,714000,715000,2848,0.5027111526143296,0.25271850296282783,ok
real_vs_real,original,715000,716000,2907,0.484416903252206,0.2346597361564571,ok
real_vs_real,original,716000,717000,2917,0.481139554763131,0.23149527115766397,ok
real_vs_real,original,717000,718000,3061,0.47237269137851823,0.2231359595601848,ok
real_vs_real,original,718000,719000,2993,0.4718916000642195,0.22268168221116927,ok
real_vs_real,original,719000,720000,2811,0.48920748766159877,0.23932396598417333,ok
real_vs_real,original,720000,721000,2978,0.47962731394469105,0.23004236028179925,ok
real_vs_real,original,721000,722000,2894,0.486581625475111,0.2367616782500012,ok
real_vs_real,original,722000,723000,2761,0.4983982427386735,0.2484008083649977,ok
real_vs_real,original,723000,724000,2974,0.46379179639688806,0.2151028304050525,ok
real_vs_real,original,724000,725000,3567,0.431400439039259,0.1861063388032654,ok
real_vs_real,original,725000,726000,4188,0.4262142013289083,0.18165854541443918,ok
real_vs_real,original,726000,727000,4532,0.425524985612224,0.18107151338028343,ok
real_vs_real,original,727000,728000,4587,0.41569256183235626,0.1728003059627473,ok
real_vs_real,original,728000,729000,4681,0.40673691092805525,0.16543491471129673,ok
real_vs_real,original,729000,730000,4832,0.3953260197830635,0.1562826619175191,ok
real_vs_real,original,730000,731000,4838,0.3872433863796095,0.1499574402947475,ok
real_vs_real,original,731000,732000,5073,0.37627034046338576,0.14157936911243224,ok
real_vs_real,original,732000,733000,5150,0.3665659552581605,0.13437059955432773,ok
real_vs_real,original,733000,734000,5205,0.35742611561277576,0.12775342812203733,ok
real_vs_real,original,734000,735000,5479,0.34900614963944543,0.12180529248615096,ok
real_vs_real,original,735000,736000,5241,0.3379708738858061,0.11422431159513546,ok
real_vs_real,original,736000,737000,5276,0.32887880166289707,0.10816126618322319,ok
real_vs_real,original,737000,738000,5292,0.32377614073823957,0.10483098931134832,ok
real_vs_real,original,738000,739000,5234,0.3126707192231582,0.09776297865952704,ok
real_vs_real,original,739000,740000,5500,0.3067341234231969,0.09408582247219699,ok
real_vs_real,original,740000,741000,5360,0.3024592861105512,0.09148161975450425,ok
real_vs_real,original,741000,742000,5437,0.28972463671395615,0.08394036511903386,ok
real_vs_real,original,742000,743000,5583,0.27529517933309644,0.07578743576404173,ok
real_vs_real,original,743000,744000,5546,0.25432054122785414,0.06467893769042865,ok
real_vs_real,original,744000,745000,5532,0.23876536350034752,0.05700889880745308,ok
real_vs_real,original,745000,746000,5583,0.2212436214856164,0.048948740048070705,ok
real_vs_real,original,746000,747000,5583,0.20651498886329347,0.04264844062520623,ok
real_vs_real,original,747000,748000,5682,0.19286108980695418,0.03719539996152604,ok
real_vs_real,original,748000,749000,5961,0.1797617789394063,0.03231429716745998,ok
real_vs_real,original,749000,750000,5867,0.163684048228599,0.026792467644502327,ok
real_vs_real,original,750000,751000,5981,0.15162541237538077,0.022990265678004274,ok
real_vs_real,original,751000,752000,6175,0.13921571526076665,0.019381015375566857,ok
real_vs_real,original,752000,753000,5884,0.11794143640047955,0.013910182420208361,ok
real_vs_real,original,753000,754000,6081,0.10812214864329167,0.01169039902724206,ok
real_vs_real,original,754000,755000,6071,0.09307559751294218,0.00866306685239121,ok
real_vs_real,original,755000,756000,6066,0.08024786453237813,0.006439719762006912,ok
real_vs_real,original,756000,757000,6146,0.06745787447493433,0.004550564828675996,ok
real_vs_real,original,757000,758000,6130,0.05483193881740714,0.00300654151447588,ok
real_vs_real,original,758000,759000,6275,0.0445619992478434,0.0019857717769647953,ok
real_vs_real,original,759000,760000,6330,0.036114119926381964,0.001304229658057099,ok
real_vs_real,original,760000,761000,6155,0.02191574629862285,0.00048029993582560104,ok
real_vs_real,original,761000,762000,6039,0.015969615815798775,0.00025502862930421033,ok
real_vs_real,original,762000,763000,6146,0.023135486571641186,0.0005352507389065897,ok
real_vs_real,original,763000,764000,6121,0.04449771031046066,0.001980046222873677,ok
real_vs_real,original,764000,765000,6119,0.0464809306340414,0.002160476912606568,ok
real_vs_real,original,765000,766000,6229,0.058264265241549595,0.0033947246041376444,ok
real_vs_real,original,766000,767000,5979,0.07309306348910244,0.0053425959302219606,ok
real_vs_real,original,767000,768000,6003,0.08061731673520948,0.0064991517575850866,ok
real_vs_real,original,768000,769000,5824,0.10263157914884999,0.01053324103858666,ok
real_vs_real,original,769000,770000,5686,0.1256546486215886,0.015789090720214893,ok
real_vs_real,original,770000,771000,5666,0.1391490460327107,0.01936245701181344,ok
real_vs_real,original,771000,772000,5533,0.16507291536256993,0.027249067386298176,ok
real_vs_real,original,772000,773000,5542,0.17594131037430308,0.03095534469622685,ok
real_vs_real,original,773000,774000,5439,0.18101230252621903,0.032765453665843436,ok
real_vs_real,original,774000,775000,5401,0.20023585639133154,0.04009439818476995,ok
real_vs_real,original,775000,776000,5395,0.20849457292548856,0.043469986939381866,ok
real_vs_real,original,776000,777000,5451,0.22505454775054742,0.050649549463203436,ok
real_vs_real,original,777000,778000,5223,0.2472347510808807,0.06112502214202503,ok
real_vs_real,original,778000,779000,5142,0.2636844167299005,0.06952947162618783,ok
real_vs_real,original,779000,780000,5252,0.2741017818552068,0.07513178681619936,ok
real_vs_real,original,780000,781000,5143,0.2853472276642894,0.0814230403356958,ok
real_vs_real,original,781000,782000,5206,0.29461231731248977,0.08679641751223516,ok
real_vs_real,original,782000,783000,5156,0.2993313766841868,0.08959927306765053,ok
real_vs_real,original,783000,784000,5122,0.30473550628818413,0.09286372879271593,ok
real_vs_real,original,784000,785000,5202,0.3094243054440715,0.09574340079954607,ok
real_vs_real,original,785000,786000,5197,0.32052950893205867,0.10273916609622669,ok
real_vs_real,original,786000,787000,5242,0.32795512036272356,0.10755456097212851,ok
real_vs_real,original,787000,788000,5248,0.33425599784707044,0.11172707209674076,ok
real_vs_real,original,788000,789000,5241,0.34456921542408564,0.11872794421796995,ok
real_vs_real,original,789000,790000,5429,0.3487936241764223,0.12165699226612331,ok
real_vs_real,original,790000,791000,5453,0.34695697570761935,0.12037914299217756,ok
real_vs_real,original,791000,792000,5423,0.35250179240619606,0.12425751364958093,ok
real_vs_real,original,792000,793000,5424,0.36148320554866736,0.13067010789374012,ok
real_vs_real,original,793000,794000,5421,0.3686619631361649,0.135911643063411,ok
real_vs_real,original,794000,795000,5378,0.3732452428003543,0.13931201127309545,ok
real_vs_real,original,795000,796000,5452,0.3803409282299918,0.14465922168685177,ok
real_vs_real,original,796000,797000,5392,0.38482342724237595,0.1480890701545682,ok
real_vs_real,original,797000,798000,5433,0.3911959057139122,0.1530342366473281,ok
real_vs_real,original,798000,799000,5448,0.3949035718255725,0.1559488310405951,ok
real_vs_real,original,799000,800000,5373,0.39721219339685376,0.15777752658313957,ok
real_vs_real,original,800000,801000,5449,0.40065902179414375,0.16052765174504016,ok
real_vs_real,original,801000,802000,5484,0.4051012878502052,0.1641070534178948,ok
real_vs_real,original,802000,803000,5386,0.4114120223283072,0.16925985211626757,ok
real_vs_real,original,803000,804000,5308,0.42214572388021815,0.17820701219035337,ok
real_vs_real,original,804000,805000,5212,0.42914980969745764,0.1841695591633641,ok
real_vs_real,original,805000,806000,5130,0.4347252080109949,0.18898600648020278,ok
real_vs_real,original,806000,807000,5134,0.43591248611662853,0.19001969555237988,ok
real_vs_real,original,807000,808000,5104,0.44127924820947545,0.19472737490031986,ok
real_vs_real,original,808000,809000,5057,0.4494850924784105,0.20203684836032526,ok
real_vs_real,original,809000,810000,4999,0.4520357865564424,0.20433635232770153,ok
real_vs_real,original,810000,811000,5001,0.4553827546901225,0.2073734532691643,ok
real_vs_real,original,811000,812000,4868,0.45898620843181204,0.21066833953061082,ok
real_vs_real,original,812000,813000,5083,0.46128896593795343,0.21278751009610636,ok
real_vs_real,original,813000,814000,5185,0.4632849850733106,0.21463297739437762,ok
real_vs_real,original,814000,815000,4926,0.4683183256964409,0.21932205418311768,ok
real_vs_real,original,815000,816000,4810,0.47552784507850004,0.22612673144500192,ok
real_vs_real,original,816000,817000,4754,0.48086395711739666,0.2312301452546015,ok
real_vs_real,original,817000,818000,4876,0.4773928177567338,0.22790390244571404,ok
real_vs_real,original,818000,819000,4778,0.48071620871972653,0.2310880733258677,ok
real_vs_real,original,819000,820000,4739,0.485330305658637,0.23554550559070603,ok
real_vs_real,original,820000,821000,4617,0.48521755839346237,0.23543607897331306,ok
real_vs_real,original,821000,822000,4673,0.48607565726205904,0.23626954458274269,ok
real_vs_real,original,822000,823000,4670,0.48930629658986113,0.23942065188248512,ok
real_vs_real,original,823000,824000,4702,0.4850295320948412,0.23525364700414056,ok
real_vs_real,original,824000,825000,4572,0.4892910904962999,0.23940577123905832,ok
real_vs_real,original,825000,826000,4402,0.4955829268536346,0.24560243738881493,ok
real_vs_real,original,826000,827000,4413,0.48876479202787376,0.23889102192605072,ok
real_vs_real,original,827000,828000,4219,0.49215056184685496,0.24221217552617502,ok
real_vs_real,original,828000,829000,4054,0.4930808361854349,0.24312871101332773,ok
real_vs_real,original,829000,830000,3880,0.48902516307344057,0.23914561011900512,ok
real_vs_real,original,830000,831000,3786,0.48841706916336225,0.2385512334501286,ok
real_vs_real,original,831000,832000,3590,0.4834073184617145,0.23368263554234542,ok
real_vs_real,original,832000,833000,3436,0.49306623034696434,0.24311430750856572,ok
real_vs_real,original,833000,834000,3388,0.4989067844241398,0.24890797954443514,ok
real_vs_real,original,834000,835000,3293,0.5010679785479316,0.25106911912611046,ok
real_vs_real,original,835000,836000,3025,0.5123869143284173,0.2625403499749969,ok
real_vs_real,original,836000,837000,3112,0.49974619794044073,0.24974626235592617,ok
real_vs_real,original,837000,838000,3014,0.4953280775955662,0.24534990445451926,ok
real_vs_real,original,838000,839000,3058,0.48520900435428105,0.23542777790647273,ok
real_vs_real,original,839000,840000,3085,0.4912756194247143,0.24135173424113676,ok
real_vs_real,original,840000,841000,3132,0.4924012062719345,0.2424589479380562,ok
real_vs_real,original,841000,842000,3093,0.4954466541094081,0.24546738706820745,ok
real_vs_real,original,842000,843000,3076,0.5070038918017504,0.2570529463021211,ok
real_vs_real,original,843000,844000,3055,0.49530242635770894,0.24532449355583366,ok
real_vs_real,original,844000,845000,2965,0.48418088543743276,0.23443112982297637,ok
real_vs_real,original,845000,846000,3085,0.46624054333700243,0.21738024425118327,ok
real_vs_real,original,846000,847000,3027,0.46297365189087053,0.21434460234516894,ok
real_vs_real,original,847000,848000,3118,0.4502818641559164,0.20275375718772715,ok
real_vs_real,original,848000,849000,3071,0.4732610864910384,0.22397605598667808,ok
real_vs_real,original,849000,850000,3325,0.4579056787762931,0.20967761065557772,ok
real_vs_real,original,850000,851000,3605,0.43189724994807616,0.18653523451271098,ok
real_vs_real,original,851000,852000,3785,0.42173935449630284,0.1778640831309582,ok
real_vs_real,original,852000,853000,3968,0.4015377069814351,0.1612325301279088,ok
real_vs_real,original,853000,854000,4152,0.39203075401100185,0.15368811209043465,ok
real_vs_real,original,854000,855000,4266,0.38685997932039584,0.1496606435997771,ok
real_vs_real,original,855000,856000,4520,0.3729935144827662,0.13912416184620552,ok
real_vs_real,original,856000,857000,4549,0.36441278355584056,0.13279667681891588,ok
real_vs_real,original,857000,858000,4736,0.3664778016412789,0.1343059790958246,ok
real_vs_real,original,858000,859000,4839,0.3508319718890427,0.12308307249955402,ok
real_vs_real,original,859000,860000,4927,0.3425744814374965,0.11735727533216966,ok
real_vs_real,original,860000,861000,4973,0.33337910117023856,0.11114162509707615,ok
real_vs_real,original,861000,862000,5013,0.32476039427988357,0.10546931369282542,ok
real_vs_real,original,862000,863000,5218,0.31748155175232046,0.10079453570306135,ok
real_vs_real,original,863000,864000,5205,0.3057379148627898,0.09347567258464651,ok
real_vs_real,original,864000,865000,5369,0.299382247978694,0.08962973040477623,ok
real_vs_real,original,865000,866000,5180,0.29575036572218405,0.08746827882480562,ok
real_vs_real,original,866000,867000,5262,0.284200412393074,0.08076987440439332,ok
real_vs_real,original,867000,868000,5386,0.26575938852155817,0.0706280525873525,ok
real_vs_real,original,868000,869000,5753,0.23885028966434996,0.05704946087274387,ok
real_vs_real,original,869000,870000,5913,0.22226697684491986,0.04940260899578014,ok
real_vs_real,original,870000,871000,5899,0.2092521219457979,0.04378645053881908,ok
real_vs_real,original,871000,872000,6169,0.19677361272304206,0.038719854664077735,ok
real_vs_real,original,872000,873000,6178,0.18488262919497447,0.03418158657804643,ok
real_vs_real,original,873000,874000,6214,0.1752898718975412,0.030726539189856406,ok
real_vs_real,original,874000,875000,6215,0.1634170309062416,0.02670512599021152,ok
real_vs_real,original,875000,876000,6162,0.14991468928022075,0.022474414061985137,ok
real_vs_real,original,876000,877000,6324,0.14055033201590256,0.019754395829780447,ok
real_vs_real,original,877000,878000,6571,0.12423646942837258,0.015434700336026952,ok
real_vs_real,original,878000,879000,6475,0.11646237622541226,0.01356348507606947,ok
real_vs_real,original,879000,880000,6410,0.10655132492992163,0.01135318484432174,ok
real_vs_real,original,880000,881000,6643,0.09579629466799826,0.00917693007211795,ok
real_vs_real,original,881000,882000,6478,0.09322461022035289,0.008690827950736724,ok
real_vs_real,original,882000,883000,6415,0.09230793757768901,0.00852075533984653,ok
real_vs_real,original,883000,884000,6519,0.08106910465208617,0.0065721997290908996,ok
real_vs_real,original,884000,885000,6591,0.0827677141145967,0.0068504944997556105,ok
real_vs_real,original,885000,886000,6412,0.061709147620465,0.003808018900044341,ok
real_vs_real,original,886000,887000,6296,0.07313920284893104,0.005349342993377082,ok
real_vs_real,original,887000,888000,6382,0.07168098551326632,0.005138163684153096,ok
real_vs_real,original,888000,889000,6280,0.08024369311671524,0.006439050285009573,ok
real_vs_real,original,889000,890000,6407,0.09051338982176327,0.008192673737026479,ok
real_vs_real,original,890000,891000,6274,0.11227798894303971,0.012606346801093349,ok
real_vs_real,original,891000,892000,6257,0.12227557572696073,0.014951316419359706,ok
real_vs_real,original,892000,893000,6375,0.1310790151311486,0.01718170820775189,ok
real_vs_real,original,893000,894000,6104,0.14563037988848007,0.02120820754646302,ok
real_vs_real,original,894000,895000,6003,0.14280672109454098,0.02039375958977402,ok
real_vs_real,original,895000,896000,5982,0.15522502298823054,0.0240948077616967,ok
real_vs_real,original,896000,897000,5999,0.16371497127127543,0.026802591818354538,ok
real_vs_real,original,897000,898000,6040,0.1802357582500342,0.032484928551964776,ok
real_vs_real,original,898000,899000,5898,0.20075747974982547,0.040303565675501585,ok
real_vs_real,original,899000,900000,5934,0.21024366839600517,0.044202400100609385,ok
real_vs_real,original,900000,901000,5947,0.22734737774862557,0.051686830169176246,ok
real_vs_real,original,901000,902000,5793,0.2372347501128528,0.056280326661107716,ok
real_vs_real,original,902000,903000,5798,0.24128411660669563,0.058218024926673495,ok
real_vs_real,original,903000,904000,5523,0.2565653314022848,0.06582576927756423,ok
real_vs_real,original,904000,905000,5587,0.2625000691404707,0.0689062862987519,ok
real_vs_real,original,905000,906000,5522,0.27615725468487623,0.0762628293150876,ok
real_vs_real,original,906000,907000,5581,0.2931210196755853,0.08591993217565486,ok
real_vs_real,original,907000,908000,5718,0.30107123489940785,0.0906438884838544,ok
real_vs_real,original,908000,909000,5535,0.312852357104788,0.09787659734602178,ok
real_vs_real,original,909000,910000,5734,0.3220221800949782,0.10369828447312257,ok
real_vs_real,original,910000,911000,5409,0.3306176490680056,0.1093080298752549,ok
real_vs_real,original,911000,912000,5536,0.32918695807386034,0.10836405336592148,ok
real_vs_real,original,912000,913000,5514,0.34079615838249755,0.11614202156826836,ok
real_vs_real,original,913000,914000,5385,0.3482841036397339,0.1213018168481329,ok
real_vs_real,original,914000,915000,5625,0.3518544971012131,0.12380158713034756,ok
real_vs_real,original,915000,916000,5563,0.3608518245815067,0.1302140393038025,ok
real_vs_real,original,916000,917000,5662,0.37160445181433754,0.1380898686082343,ok
real_vs_real,original,917000,918000,5630,0.3723823799197311,0.13866863687468298,ok
real_vs_real,original,918000,919000,5553,0.3818201209236792,0.14578660474217298,ok
real_vs_real,original,919000,920000,5451,0.38224640657405984,0.14611231533878147,ok
real_vs_real,original,920000,921000,5483,0.38991658380166466,0.1520349423235606,ok
real_vs_real,original,921000,922000,5457,0.3911142988069337,0.1529703947312394,ok
real_vs_real,original,922000,923000,5460,0.39696039344139383,0.1575775539611462,ok
real_vs_real,original,923000,924000,5640,0.40261405229656133,0.16209807510665822,ok
real_vs_real,original,924000,925000,5620,0.4066301988488034,0.1653481186158174,ok
real_vs_real,original,925000,926000,5571,0.4086552584131917,0.16699912022875252,ok
real_vs_real,original,926000,927000,5703,0.41156939781759205,0.16938936921993533,ok
real_vs_real,original,927000,928000,5421,0.41792968035958117,0.17466521772546167,ok
real_vs_real,original,928000,929000,5308,0.4204927714296074,0.17681417082455203,ok
real_vs_real,original,929000,930000,5320,0.4290626612907304,0.18409476731388405,ok
real_vs_real,original,930000,931000,5209,0.4365028052861899,0.19053469902271342,ok
real_vs_real,original,931000,932000,5331,0.4403698849574254,0.19392563557741607,ok
real_vs_real,original,932000,933000,5295,0.4457469573318267,0.1986903499705813,ok
real_vs_real,original,933000,934000,5259,0.4550605178646173,0.2070800749192137,ok
real_vs_real,original,934000,935000,5245,0.4548319210388156,0.20687207639585936,ok
real_vs_real,original,935000,936000,5152,0.45650773037083164,0.20839930788832792,ok
real_vs_real,original,936000,937000,5019,0.45931181427551643,0.2109673427330665,ok
real_vs_real,original,937000,938000,5080,0.4636457399453927,0.2149673721695107,ok
real_vs_real,original,938000,939000,5001,0.4656652378974016,0.21684411378604365,ok
real_vs_real,original,939000,940000,5033,0.4718754409857768,0.2226664318055213,ok
real_vs_real,original,940000,941000,4974,0.47630334769572363,0.2268648790261534,ok
real_vs_real,original,941000,942000,4976,0.48036390224139425,0.2307494785765798,ok
real_vs_real,original,942000,943000,5001,0.4818955652998056,0.23222333585561922,ok
real_vs_real,original,943000,944000,4816,0.4889565709333976,0.23907852825894668,ok
real_vs_real,original,944000,945000,4582,0.4887036794053969,0.23883128626437292,ok
real_vs_real,original,945000,946000,4526,0.49034368274580353,0.24043692720871723,ok
real_vs_real,original,946000,947000,4479,0.4926766249792794,0.2427302568009735,ok
real_vs_real,original,947000,948000,4399,0.49374182298794017,0.24378098776745447,ok
real_vs_real,original,948000,949000,4321,0.49564781524472495,0.245666756756869,ok
real_vs_real,original,949000,950000,4258,0.4945773499867792,0.24460675511994512,ok
real_vs_real,original,950000,951000,4226,0.4929994668679186,0.243048474332052,ok
real_vs_real,original,951000,952000,4111,0.4883714654061891,0.23850668822298854,ok
real_vs_real,original,952000,953000,3780,0.4888332067986331,0.23895790406903522,ok
real_vs_real,original,953000,954000,3434,0.4927542248037934,0.24280672606198733,ok
real_vs_real,original,954000,955000,3330,0.5051717502216673,0.2551984972220226,ok
real_vs_real,original,955000,956000,3066,0.5084129902479833,0.2584837686528959,ok
real_vs_real,original,956000,957000,2902,0.5081019088057009,0.2581675497319968,ok
real_vs_real,original,957000,958000,2866,0.5078710872223173,0.25793304123637867,ok
real_vs_real,original,958000,959000,2857,0.5028903650541678,0.2528987192643142,ok
real_vs_real,original,959000,960000,3005,0.48813089760447964,0.23827177319615497,ok
real_vs_real,original,960000,961000,2997,0.4923795141897734,0.24243758599375725,ok
real_vs_real,original,961000,962000,2855,0.5111914588683093,0.2613167076199103,ok
real_vs_real,original,962000,963000,2880,0.4992781010945874,0.24927862223261704,ok
real_vs_real,original,963000,964000,2957,0.5111404382692201,0.2612645476340503,ok
real_vs_real,original,964000,965000,2799,0.49542174556615076,0.2454427059798118,ok
real_vs_real,original,965000,966000,2909,0.4868207051685918,0.236994398980845,ok
real_vs_real,original,966000,967000,2921,0.49022232183842934,0.24031792482866057,ok
real_vs_real,original,967000,968000,2949,0.47433323551110984,0.22499201831043797,ok
real_vs_real,original,968000,969000,3076,0.46042007116921685,0.2119866419354667,ok
real_vs_real,original,969000,970000,2821,0.4966292617054444,0.2466406235820948,ok
real_vs_real,original,970000,971000,2848,0.4901805585807087,0.2402769800104956,ok
real_vs_real,original,971000,972000,2790,0.4949428768042775,0.24496845129929423,ok
real_vs_real,original,972000,973000,2915,0.488541058580957,0.23867236591940205,ok
real_vs_real,original,973000,974000,3183,0.4441298391943292,0.19725131406278068,ok
real_vs_real,original,974000,975000,3735,0.4359917544480472,0.19008880994668628,ok
real_vs_real,original,975000,976000,4203,0.4296278943073749,0.1845801275669889,ok
real_vs_real,original,976000,977000,4800,0.4176684363319869,0.174446922708007,ok
real_vs_real,original,977000,978000,4727,0.41285006951932185,0.1704451799021089,ok
real_vs_real,original,978000,979000,4742,0.40384646204028213,0.16309196490245303,ok
real_vs_real,original,979000,980000,4900,0.39169747846188535,0.15342691463339914,ok
real_vs_real,original,980000,981000,4896,0.3831099751833824,0.14677325308501188,ok
real_vs_real,original,981000,982000,5181,0.37099505863216853,0.13763733352948615,ok
real_vs_real,original,982000,983000,5187,0.36468500005281057,0.13299514926351846,ok
real_vs_real,original,983000,984000,5183,0.3554337179210345,0.12633312783516953,ok
real_vs_real,original,984000,985000,5477,0.34812350698177386,0.12118997611328913,ok
real_vs_real,original,985000,986000,5282,0.3362612459140894,0.1130716255036957,ok
real_vs_real,original,986000,987000,5229,0.327011144248285,0.10693628846257264,ok
real_vs_real,original,987000,988000,5307,0.32040908685535735,0.10266198293948392,ok
real_vs_real,original,988000,989000,5175,0.3128367507088553,0.09786683259407447,ok
real_vs_real,original,989000,990000,5358,0.30464778221901023,0.09281027121096147,ok
real_vs_real,original,990000,991000,5336,0.29870811673137804,0.08922653900120658,ok
real_vs_real,original,991000,992000,5276,0.28760134279902694,0.08271453237980342,ok
real_vs_real,original,992000,993000,5568,0.26725900295455374,0.07142737466026217,ok
real_vs_real,original,993000,994000,5635,0.24901045506148847,0.06200620672992957,ok
real_vs_real,original,994000,995000,5422,0.23102273437783868,0.05337150379941341,ok
real_vs_real,original,995000,996000,5560,0.2143356686325278,0.04593977884815276,ok
real_vs_real,original,996000,997000,5550,0.2002696253584006,0.04010792284119413,ok
real_vs_real,original,997000,998000,5693,0.18779452496580487,0.03526678360713231,ok
real_vs_real,original,998000,999000,5902,0.1714349864518582,0.0293899545797488,ok
real_vs_real,original,999000,1000000,5890,0.15717404304246066,0.024703679806313272,ok
real_vs_real,original,1000000,1001000,6151,0.14586315474868103,0.021276059913237666,ok
real_vs_real,original,1001000,1002000,6236,0.13019792202550018,0.01695149889975822,ok
real_vs_real,original,1002000,1003000,6160,0.11262052336055334,0.01268338228200494,ok
real_vs_real,original,1003000,1004000,6006,0.09917846541289956,0.009836368001657714,ok
real_vs_real,original,1004000,1005000,6067,0.08400297113732366,0.007056499159898033,ok
real_vs_real,original,1005000,1006000,6030,0.07133557351823273,0.005088764049175187,ok
real_vs_real,original,1006000,1007000,6179,0.058328707020675885,0.003402238062703844,ok
real_vs_real,original,1007000,1008000,6099,0.045654095948083104,0.0020842964768367778,ok
real_vs_real,original,1008000,1009000,6092,0.033013521647827754,0.001089892611591592,ok
real_vs_real,original,1009000,1010000,6300,0.02873230989933309,0.0008255456321513144,ok
real_vs_real,original,1010000,1011000,6201,0.011559015015736075,0.00013361082813401204,ok
real_vs_real,original,1011000,1012000,6032,0.017962354358041166,0.00032264617408384044,ok
real_vs_real,original,1012000,1013000,6145,0.036357474356797884,0.0013218659416052159,ok
real_vs_real,original,1013000,1014000,6058,0.05576466759595485,0.003109698152087337,ok
real_vs_real,original,1014000,1015000,5940,0.052292733440150244,0.0027345299706426074,ok
v2e_vs_real,original,15000,16000,21529,0.05899758615167462,0.003480715171724269,ok
v2e_vs_real,original,16000,17000,16314,0.0530544460625209,0.0028147742470009396,ok
v2e_vs_real,original,17000,18000,21922,0.05369540712990891,0.0028831967468466724,ok
v2e_vs_real,original,18000,19000,16581,0.0541922576935447,0.002936800793923555,ok
v2e_vs_real,original,19000,20000,22096,0.0588891700607436,0.0034679343504431803,ok
v2e_vs_real,original,20000,21000,16500,0.06271416378273646,0.003933066338967894,ok
v2e_vs_real,original,21000,22000,21884,0.06971797239218958,0.004860595674478108,ok
v2e_vs_real,original,22000,23000,21796,0.07984829091811406,0.0063757495625437755,ok
v2e_vs_real,original,23000,24000,16476,0.08717223977264016,0.0075989993869786665,ok
v2e_vs_real,original,24000,25000,21799,0.09535112249078041,0.00909183656025181,ok
v2e_vs_real,original,25000,26000,16463,0.10724160917195726,0.011500762737790826,ok
v2e_vs_real,original,26000,27000,21695,0.11903187340942809,0.014168586887358114,ok
v2e_vs_real,original,27000,28000,16167,0.13022419035085425,0.016958339752535523,ok
v2e_vs_real,original,28000,29000,21495,0.1380952868749116,0.019070308257064128,ok
v2e_vs_real,original,29000,30000,20954,0.14828679679211867,0.021988974102867098,ok
v2e_vs_real,original,30000,31000,15348,0.15610975760802556,0.024370256420436498,ok
v2e_vs_real,original,31000,32000,19952,0.16343477998208222,0.02671092730779162,ok
v2e_vs_real,original,32000,33000,15110,0.17346803606962283,0.030091159537851964,ok
v2e_vs_real,original,33000,34000,20274,0.19503848011799327,0.03804000872673685,ok
v2e_vs_real,original,34000,35000,14602,0.21218563294873305,0.04502274282985447,ok
v2e_vs_real,original,35000,36000,18495,0.22795577590741073,0.05196383576954966,ok
v2e_vs_real,original,36000,37000,17494,0.2513573609775339,0.0631805229175903,ok
v2e_vs_real,original,37000,38000,12783,0.2729394190551611,0.07449592647416886,ok
v2e_vs_real,original,38000,39000,16813,0.28974286163319346,0.08395092586739189,ok
v2e_vs_real,original,39000,40000,12649,0.3101403084919863,0.09618701095150445,ok
v2e_vs_real,original,40000,41000,17189,0.3228127577858364,0.1042080765892971,ok
v2e_vs_real,original,41000,42000,13108,0.33892600837655223,0.11487083915406276,ok
v2e_vs_real,original,42000,43000,17778,0.3489791273925293,0.1217864313556512,ok
v2e_vs_real,original,43000,44000,18401,0.3558759983979843,0.1266477262357621,ok
v2e_vs_real,original,44000,45000,14036,0.3630677238424468,0.13181817209613522,ok
v2e_vs_real,original,45000,46000,18992,0.3695833759509966,0.13659187177933568,ok
v2e_vs_real,original,46000,47000,14936,0.3743446843473246,0.1401339426990981,ok
v2e_vs_real,original,47000,48000,20238,0.37920668332265656,0.14379770867656955,ok
v2e_vs_real,original,48000,49000,15549,0.38234916608895353,0.14619088480891818,ok
v2e_vs_real,original,49000,50000,20705,0.3854487094266652,0.14857070759868177,ok
v2e_vs_real,original,50000,51000,20716,0.388457473971868,0.15089920908460447,ok
v2e_vs_real,original,51000,52000,15561,0.3916553379264968,0.15339390372631842,ok
v2e_vs_real,original,52000,53000,20629,0.39512584524579286,0.15612443358120226,ok
v2e_vs_real,original,53000,54000,15559,0.3986146830400777,0.1588936655351416,ok
v2e_vs_real,original,54000,55000,20615,0.3997719307602785,0.1598175966238009,ok
v2e_vs_real,original,55000,56000,15432,0.40189979985281377,0.16152344912173178,ok
v2e_vs_real,original,56000,57000,20537,0.40537820557881576,0.1643314895583006,ok
v2e_vs_real,original,57000,58000,15165,0.407436747061031,0.16600470285567456,ok
v2e_vs_real,original,58000,59000,19848,0.4052423726251492,0.1642213805708603,ok
v2e_vs_real,original,59000,60000,19144,0.4050599417452868,0.16407355640669513,ok
v2e_vs_real,original,60000,61000,13973,0.40756749733437964,0.16611126488340955,ok
v2e_vs_real,original,61000,62000,18443,0.4074840294030548,0.1660432342185496,ok
v2e_vs_real,original,62000,63000,13463,0.4113238038584119,0.16918727162055328,ok
v2e_vs_real,original,63000,64000,17084,0.41440759185218073,0.1717336521847236,ok
v2e_vs_real,original,64000,65000,16453,0.418285631042231,0.1749628691363974,ok
v2e_vs_real,original,65000,66000,12231,0.411362729185167,0.16921929496266902,ok
v2e_vs_real,original,66000,67000,16545,0.40462771759377536,0.16372358984514804,ok
v2e_vs_real,original,67000,68000,11403,0.41897362210045036,0.175538896015971,ok
v2e_vs_real,original,68000,69000,14493,0.4271278813694672,0.18243822704316967,ok
v2e_vs_real,original,69000,70000,10748,0.44040867535616635,0.19395980132897314,ok
v2e_vs_real,original,70000,71000,14166,0.45250757163832295,0.20476310239001197,ok
v2e_vs_real,original,71000,72000,10672,0.4606416546934499,0.21219073403871955,ok
v2e_vs_real,original,72000,73000,14169,0.4683871255427619,0.219386499374211,ok
v2e_vs_real,original,73000,74000,14202,0.47388077867976924,0.22456299240214442,ok
v2e_vs_real,original,74000,75000,11155,0.47515616209495387,0.22577337837680608,ok
v2e_vs_real,original,75000,76000,15101,0.47386602994479693,0.2245490143356432,ok
v2e_vs_real,original,76000,77000,11184,0.4800182908404324,0.23041755954136997,ok
v2e_vs_real,original,77000,78000,14607,0.48427083435204377,0.2345182410040246,ok
v2e_vs_real,original,78000,79000,10701,0.49366264227869755,0.2437028043815853,ok
v2e_vs_real,original,79000,80000,14554,0.49198957092347984,0.24205373789746978,ok
v2e_vs_real,original,80000,81000,14691,0.4881695120609796,0.2383094725058549,ok
v2e_vs_real,original,81000,82000,10761,0.4922515445699894,0.24231158313154022,ok
v2e_vs_real,original,82000,83000,14651,0.48193501260225635,0.232261356371937,ok
v2e_vs_real,original,83000,84000,10853,0.4902474169355882,0.24034252981201645,ok
v2e_vs_real,original,84000,85000,14644,0.48659781711168,0.23677743561785194,ok
v2e_vs_real,original,85000,86000,10801,0.49502224138507844,0.24504701946590685,ok
v2e_vs_real,original,86000,87000,14349,0.5011546450226686,0.251155978227797,ok
v2e_vs_real,original,87000,88000,14183,0.508064089465127,0.2581291190040286,ok
v2e_vs_real,original,88000,89000,10728,0.5133290850713181,0.2635067495801565,ok
v2e_vs_real,original,89000,90000,13779,0.5167799183321664,0.2670614839914006,ok
v2e_vs_real,original,90000,91000,10042,0.5199975911694233,0.2703974948220027,ok
v2e_vs_real,original,91000,92000,12803,0.5162029865742438,0.26646552334816886,ok
v2e_vs_real,original,92000,93000,9377,0.5119169781326879,0.2620589925005028,ok
v2e_vs_real,original,93000,94000,12002,0.5012850154464941,0.2512866667111918,ok
v2e_vs_real,original,94000,95000,11820,0.4899841136495899,0.2400844316289742,ok
v2e_vs_real,original,95000,96000,8860,0.4803481467338979,0.23073434207069035,ok
v2e_vs_real,original,96000,97000,12087,0.46521717518371847,0.21642702008591858,ok
v2e_vs_real,original,97000,98000,9084,0.4526600056747967,0.20490108073750696,ok
v2e_vs_real,original,98000,99000,11852,0.44105873081894337,0.19453280403161716,ok
v2e_vs_real,original,99000,100000,10673,0.4122616768970762,0.16995969023798926,ok
v2e_vs_real,original,100000,101000,13786,0.40337368059500256,0.16271032619675913,ok
v2e_vs_real,original,101000,102000,14253,0.38502657696526216,0.14824546496958696,ok
v2e_vs_real,original,102000,103000,10725,0.3791334490499318,0.14374217218849725,ok
v2e_vs_real,original,103000,104000,14301,0.3731467087921695,0.13923846628242814,ok
v2e_vs_real,original,104000,105000,10888,0.3708330974373667,0.1375171861549915,ok
v2e_vs_real,original,105000,106000,14318,0.36767653335289957,0.13518603317840588,ok
v2e_vs_real,original,106000,107000,10550,0.36413532382347363,0.132594534056026,ok
v2e_vs_real,original,107000,108000,14078,0.3597357822672837,0.12940983304345455,ok
v2e_vs_real,original,108000,109000,14368,0.3499471621514952,0.12246301629788486,ok
v2e_vs_real,original,109000,110000,10955,0.3431491433184212,0.1177513345601664,ok
v2e_vs_real,original,110000,111000,14869,0.3356216476394331,0.1126418903642078,ok
v2e_vs_real,original,111000,112000,11601,0.33000226676697975,0.10890149607134486,ok
v2e_vs_real,original,112000,113000,15627,0.32154398435750736,0.10339053387650093,ok
v2e_vs_real,original,113000,114000,11734,0.3136022410412659,0.09834636558610421,ok
v2e_vs_real,original,114000,115000,16201,0.30870337540345305,0.09529777398548528,ok
v2e_vs_real,original,115000,116000,17421,0.2963941787515158,0.0878495091977855,ok
v2e_vs_real,original,116000,117000,13489,0.28689533780235327,0.08230893485272639,ok
v2e_vs_real,original,117000,118000,18425,0.2789109158234681,0.0777912989654857,ok
v2e_vs_real,original,118000,119000,14088,0.27618599884912554,0.07627870596028918,ok
v2e_vs_real,original,119000,120000,19145,0.2706020766716563,0.07322548389901296,ok
v2e_vs_real,original,120000,121000,14442,0.26321252478506335,0.06928083320372758,ok
v2e_vs_real,original,121000,122000,19337,0.25383205874654124,0.06443071404750755,ok
v2e_vs_real,original,122000,123000,19359,0.24541725195474282,0.06022962755701772,ok
v2e_vs_real,original,123000,124000,14627,0.23937503713806016,0.05730040840484768,ok
v2e_vs_real,original,124000,125000,19759,0.23309911614035378,0.05433519794541414,ok
v2e_vs_real,original,125000,126000,15007,0.22389878700860644,0.05013066682392531,ok
v2e_vs_real,original,126000,127000,19728,0.21522293467607267,0.04632091161058105,ok
v2e_vs_real,original,127000,128000,14694,0.20584791180392173,0.04237336279403514,ok
v2e_vs_real,original,128000,129000,19407,0.19720157279587922,0.03888846031316845,ok
v2e_vs_real,original,129000,130000,18885,0.18809870884561794,0.03538112426938855,ok
v2e_vs_real,original,130000,131000,13949,0.1812441927820048,0.03284945741720052,ok
v2e_vs_real,original,131000,132000,17640,0.17474186810857448,0.03053472047007444,ok
v2e_vs_real,original,132000,133000,12828,0.17813307899678898,0.031731393832876265,ok
v2e_vs_real,original,133000,134000,17169,0.16655118435033195,0.027739297008498254,ok
v2e_vs_real,original,134000,135000,14036,0.1468519204042762,0.02156548652642387,ok
v2e_vs_real,original,135000,136000,16716,0.1346607917132076,0.018133528824827883,ok
v2e_vs_real,original,136000,137000,13672,0.12706300398087567,0.016145006980644028,ok
v2e_vs_real,original,137000,138000,16882,0.11956995518800859,0.014296974183662381,ok
v2e_vs_real,original,138000,139000,14049,0.11602862309605418,0.013462641377566198,ok
v2e_vs_real,original,139000,140000,17402,0.11527011309856909,0.013287198973756909,ok
v2e_vs_real,original,140000,141000,14693,0.11581918637441983,0.013414083932432597,ok
v2e_vs_real,original,141000,142000,15323,0.11947655406527875,0.014274646971313476,ok
v2e_vs_real,original,142000,143000,19750,0.12716188200236106,0.0161701442343824,ok
v2e_vs_real,original,143000,144000,16574,0.13740197209573676,0.01887930193579762,ok
v2e_vs_real,original,144000,145000,20801,0.14233192480666734,0.02025837681917081,ok
v2e_vs_real,original,145000,146000,17118,0.1550717393160467,0.024047244334503948,ok
v2e_vs_real,original,146000,147000,21293,0.15291452442640388,0.02338285178055327,ok
v2e_vs_real,original,147000,148000,17683,0.16902564113583643,0.028569667361380557,ok
v2e_vs_real,original,148000,149000,17637,0.16680030544458405,0.027822341896406533,ok
v2e_vs_real,original,149000,150000,22626,0.17885393451571235,0.03198872989175072,ok
v2e_vs_real,original,150000,151000,18080,0.18370360772417313,0.033747015490876886,ok
v2e_vs_real,original,151000,152000,22444,0.1898616460246985,0.0360474446312079,ok
v2e_vs_real,original,152000,153000,17545,0.19586440895873955,0.03836286669675637,ok
v2e_vs_real,original,153000,154000,21845,0.1965463240963379,0.0386304575157827,ok
v2e_vs_real,original,154000,155000,17441,0.2068110989748666,0.04277083065919207,ok
v2e_vs_real,original,155000,156000,21220,0.21191357078651848,0.04490736148349278,ok
v2e_vs_real,original,156000,157000,17175,0.2252469903900498,0.050736206679775187,ok
v2e_vs_real,original,157000,158000,17234,0.23589338153206296,0.05564568745063142,ok
v2e_vs_real,original,158000,159000,21602,0.24340165851093426,0.05924436736587346,ok
v2e_vs_real,original,159000,160000,17364,0.2535180775221901,0.06427141563054717,ok
v2e_vs_real,original,160000,161000,20929,0.26111840693960137,0.06818282244267526,ok
v2e_vs_real,original,161000,162000,16223,0.26750709894423214,0.0715600479855592,ok
v2e_vs_real,original,162000,163000,19544,0.2722197490352766,0.074103591764829,ok
v2e_vs_real,original,163000,164000,14989,0.27521972226738106,0.07574589552493438,ok
v2e_vs_real,original,164000,165000,17847,0.2829459022043824,0.08005838357425193,ok
v2e_vs_real,original,165000,166000,13641,0.2792899960555958,0.0780029018967347,ok
v2e_vs_real,original,166000,167000,14046,0.282138682077825,0.07960223592461202,ok
v2e_vs_real,original,167000,168000,17456,0.323684543237278,0.1047716835307253,ok
v2e_vs_real,original,168000,169000,13984,0.3560190367422858,0.12674955452290504,ok
v2e_vs_real,original,169000,170000,16980,0.3689438016826981,0.13611952880008205,ok
v2e_vs_real,original,170000,171000,14412,0.3945804735065424,0.1556937500726472,ok
v2e_vs_real,original,171000,172000,17558,0.39282970145520235,0.1543151743453834,ok
v2e_vs_real,original,172000,173000,14836,0.40710121200595967,0.1657313968167213,ok
v2e_vs_real,original,173000,174000,14660,0.4077102996283593,0.16622768842304653,ok
v2e_vs_real,original,174000,175000,18537,0.41078756586896553,0.1687464242725497,ok
v2e_vs_real,original,175000,176000,14999,0.42342741374705656,0.179290774712521,ok
v2e_vs_real,original,176000,177000,18771,0.4256794240545985,0.1812029720634547,ok
v2e_vs_real,original,177000,178000,14956,0.42914790969615524,0.1841679283965794,ok
v2e_vs_real,original,178000,179000,18364,0.43130255742381474,0.186021896040323,ok
v2e_vs_real,original,179000,180000,15331,0.4387494100726365,0.19250104483908656,ok
v2e_vs_real,original,180000,181000,18640,0.4363836704614406,0.1904307078453992,ok
v2e_vs_real,original,181000,182000,15242,0.44193919953112415,0.19531025608221078,ok
v2e_vs_real,original,182000,183000,15450,0.4302343883395182,0.18510162890987936,ok
v2e_vs_real,original,183000,184000,19464,0.4370971129654415,0.19105388616272395,ok
v2e_vs_real,original,184000,185000,15445,0.44215049277400353,0.19549705826029415,ok
v2e_vs_real,original,185000,186000,18940,0.442609441586814,0.19590311778179129,ok
v2e_vs_real,original,186000,187000,14737,0.4447290438236482,0.1977839224202964,ok
v2e_vs_real,original,187000,188000,18179,0.44193013800196485,0.1953022468744357,ok
v2e_vs_real,original,188000,189000,14602,0.4498123058015327,0.20233111045049154,ok
v2e_vs_real,original,189000,190000,18071,0.449814520544683,0.20233310289284306,ok
v2e_vs_real,original,190000,191000,14516,0.45399155326308427,0.20610833043422788,ok
v2e_vs_real,original,191000,192000,14513,0.4553246460031252,0.2073205332578713,ok
v2e_vs_real,original,192000,193000,17778,0.456194469955665,0.20811339441813012,ok
v2e_vs_real,original,193000,194000,13984,0.45867888281310537,0.21038631753867845,ok
v2e_vs_real,original,194000,195000,16611,0.4563489781106233,0.20825438982261016,ok
v2e_vs_real,original,195000,196000,12973,0.45775459759212245,0.20953927161672598,ok
v2e_vs_real,original,196000,197000,15535,0.45073500533256866,0.20316204503215068,ok
v2e_vs_real,original,197000,198000,12025,0.4522240136255916,0.20450655849963928,ok
v2e_vs_real,original,198000,199000,11411,0.45532618808136865,0.2073219375527099,ok
v2e_vs_real,original,199000,200000,13917,0.438590066861283,0.1923612467493847,ok
v2e_vs_real,original,200000,201000,10441,0.4448384404096163,0.19788123806605973,ok
v2e_vs_real,original,201000,202000,12059,0.4600146298638314,0.2116134596887578,ok
v2e_vs_real,original,202000,203000,8971,0.4710207893787129,0.2218605840269458,ok
v2e_vs_real,original,203000,204000,10794,0.48046677613497,0.2308483229695314,ok
v2e_vs_real,original,204000,205000,8404,0.4895692137407156,0.2396780150427025,ok
v2e_vs_real,original,205000,206000,8403,0.4849600243931066,0.23518622525936253,ok
v2e_vs_real,original,206000,207000,11033,0.46941831206463175,0.22035355170160797,ok
v2e_vs_real,original,207000,208000,9251,0.4655401198281754,0.2167276031696319,ok
v2e_vs_real,original,208000,209000,11659,0.4622791879131075,0.21370204757760217,ok
v2e_vs_real,original,209000,210000,9764,0.4550316893366019,0.20705383830052176,ok
v2e_vs_real,original,210000,211000,12507,0.45137340548352284,0.20373795117779273,ok
v2e_vs_real,original,211000,212000,9885,0.4512341882009511,0.20361229260137137,ok
v2e_vs_real,original,212000,213000,12567,0.4472868438792738,0.20006552070748185,ok
v2e_vs_real,original,213000,214000,10400,0.446772412875436,0.19960558890653907,ok
v2e_vs_real,original,214000,215000,13250,0.44331326955196015,0.1965266549608489,ok
v2e_vs_real,original,215000,216000,10775,0.43538145268189604,0.1895570093393981,ok
v2e_vs_real,original,216000,217000,10809,0.42843162778927407,0.1835536596901671,ok
v2e_vs_real,original,217000,218000,13981,0.431820164982582,0.18646865488558437,ok
v2e_vs_real,original,218000,219000,11334,0.4313182045247772,0.18603539355447754,ok
v2e_vs_real,original,219000,220000,13865,0.4317663002060993,0.18642213799366347,ok
v2e_vs_real,original,220000,221000,11124,0.4322198396007674,0.18681398974451308,ok
v2e_vs_real,original,221000,222000,13990,0.42826698301642896,0.18341260874199425,ok
v2e_vs_real,original,222000,223000,10953,0.429265867498001,0.18426918499881134,ok
v2e_vs_real,original,223000,224000,11160,0.4273466563562004,0.18262516469882442,ok
v2e_vs_real,original,224000,225000,14084,0.4261777147118873,0.18162744451704682,ok
v2e_vs_real,original,225000,226000,11386,0.4253604433275557,0.1809315067478147,ok
v2e_vs_real,original,226000,227000,13606,0.4218072853163728,0.17792138594596793,ok
v2e_vs_real,original,227000,228000,11046,0.4208287311751977,0.17709682098252683,ok
v2e_vs_real,original,228000,229000,13741,0.41588109176309873,0.17295708248606695,ok
v2e_vs_real,original,229000,230000,11026,0.41175808280285886,0.16954471875348595,ok
v2e_vs_real,original,230000,231000,10670,0.411440629838569,0.16928339188195837,ok
v2e_vs_real,original,231000,232000,12662,0.4136416065266075,0.17109937864991276,ok
v2e_vs_real,original,232000,233000,10140,0.40474922533701857,0.16382193541091664,ok
v2e_vs_real,original,233000,234000,13083,0.37981093067526595,0.14425634306041168,ok
v2e_vs_real,original,234000,235000,10473,0.36323103090130565,0.13193678180962526,ok
v2e_vs_real,original,235000,236000,13004,0.34857980732435495,0.12150788207428442,ok
v2e_vs_real,original,236000,237000,10552,0.3346774459723011,0.11200899284254251,ok
v2e_vs_real,original,237000,238000,13401,0.3193804729134998,0.10200388647845077,ok
v2e_vs_real,original,238000,239000,11419,0.3094095994931579,0.09573430025851637,ok
v2e_vs_real,original,239000,240000,14313,0.29879634028355506,0.08927925296684602,ok
v2e_vs_real,original,240000,241000,12134,0.29185108912319674,0.08517705822239613,ok
v2e_vs_real,original,241000,242000,12570,0.2833735446222105,0.08030056579175593,ok
v2e_vs_real,original,242000,243000,16566,0.272288382378834,0.07414096317848212,ok
v2e_vs_real,original,243000,244000,13732,0.26634741628763475,0.0709409461630986,ok
v2e_vs_real,original,244000,245000,17967,0.25328442159038767,0.06415299822037723,ok
v2e_vs_real,original,245000,246000,15319,0.2538665946787138,0.06444824789376635,ok
v2e_vs_real,original,246000,247000,19125,0.238234947339855,0.05675589013402349,ok
v2e_vs_real,original,247000,248000,16001,0.2388460123929391,0.05704741763600801,ok
v2e_vs_real,original,248000,249000,15807,0.22409492609791526,0.0502185359028301,ok
v2e_vs_real,original,249000,250000,20003,0.21215384210630153,0.04500925272046552,ok
v2e_vs_real,original,250000,251000,16382,0.200262760891018,0.04010517339969305,ok
v2e_vs_real,original,251000,252000,20452,0.19166312680001385,0.03673475417475819,ok
v2e_vs_real,original,252000,253000,16093,0.17939838974535385,0.03218378224322588,ok
v2e_vs_real,original,253000,254000,19765,0.16905801493776512,0.028580612414697615,ok
v2e_vs_real,original,254000,255000,15593,0.16205294927972838,0.02626115837025822,ok
v2e_vs_real,original,255000,256000,19075,0.1528149623193888,0.023352412708676218,ok
v2e_vs_real,original,256000,257000,15191,0.14844552570179795,0.022036074100883152,ok
v2e_vs_real,original,257000,258000,15322,0.14585612443006724,0.021274009033759256,ok
v2e_vs_real,original,258000,259000,18947,0.14139898111053034,0.019993671859096118,ok
v2e_vs_real,original,259000,260000,15006,0.13895322984989222,0.01930800008571698,ok
v2e_vs_real,original,260000,261000,18679,0.13583790841197685,0.01845193736174061,ok
v2e_vs_real,original,261000,262000,14976,0.1381053742078286,0.019073094385084366,ok
v2e_vs_real,original,262000,263000,18576,0.13524837447795054,0.018292122798927946,ok
v2e_vs_real,original,263000,264000,15157,0.1449373802319138,0.02100684418849036,ok
v2e_vs_real,original,264000,265000,17813,0.14361940993748712,0.02062653491079197,ok
v2e_vs_real,original,265000,266000,14332,0.1524444371080881,0.02323930640520183,ok
v2e_vs_real,original,266000,267000,16028,0.14570446191363864,0.021229790221542977,ok
v2e_vs_real,original,267000,268000,15487,0.13650202258014618,0.01863280216847074,ok
v2e_vs_real,original,268000,269000,14598,0.13486053673377738,0.018187364368122516,ok
v2e_vs_real,original,269000,270000,14570,0.14171711328312578,0.020083740197302302,ok
v2e_vs_real,original,270000,271000,17270,0.1486607868739493,0.02210002955398177,ok
v2e_vs_real,original,271000,272000,15142,0.1586639987551609,0.025174264500977706,ok
v2e_vs_real,original,272000,273000,14542,0.17277944794809724,0.02985273763324925,ok
v2e_vs_real,original,273000,274000,14588,0.18901662944222375,0.03572728620569893,ok
v2e_vs_real,original,274000,275000,14874,0.20356362991201146,0.04143815142295437,ok
v2e_vs_real,original,275000,276000,15314,0.21444901516690432,0.04598838010605516,ok
v2e_vs_real,original,276000,277000,15465,0.22259824444241583,0.04954997842884551,ok
v2e_vs_real,original,277000,278000,15558,0.2260414480443608,0.05109473623399147,ok
v2e_vs_real,original,278000,279000,15735,0.22972587644574316,0.052773978308764846,ok
v2e_vs_real,original,279000,280000,18875,0.2357501005350938,0.05557810990230683,ok
v2e_vs_real,original,280000,281000,16495,0.24640448512929708,0.060715170291833986,ok
v2e_vs_real,original,281000,282000,16481,0.25458823359915045,0.0648151686871356,ok
v2e_vs_real,original,282000,283000,16756,0.2579506408104015,0.06653853309449675,ok
v2e_vs_real,original,283000,284000,17027,0.2658896951044649,0.0706973299627453,ok
v2e_vs_real,original,284000,285000,16563,0.2670167808815291,0.07129796127233451,ok
v2e_vs_real,original,285000,286000,16838,0.27418780575960827,0.07517895282726866,ok
v2e_vs_real,original,286000,287000,16989,0.28081980818167007,0.07885976466718997,ok
v2e_vs_real,original,287000,288000,17255,0.2877590942263792,0.08280529630998618,ok
v2e_vs_real,original,288000,289000,21141,0.29404486622209247,0.08646238335156825,ok
v2e_vs_real,original,289000,290000,18128,0.30156461236934806,0.09094121543347516,ok
v2e_vs_real,original,290000,291000,17071,0.30583139614972354,0.09353284287088914,ok
v2e_vs_real,original,291000,292000,16760,0.3119094410865414,0.09728749943891862,ok
v2e_vs_real,original,292000,293000,16321,0.31534730792498633,0.09944392461553614,ok
v2e_vs_real,original,293000,294000,15932,0.3170188109152281,0.10050092647410513,ok
v2e_vs_real,original,294000,295000,15703,0.32051351866706623,0.1027289156483438,ok
v2e_vs_real,original,295000,296000,14978,0.32239882916842416,0.10394100504917075,ok
v2e_vs_real,original,296000,297000,14613,0.3287360081784941,0.10806736307313092,ok
v2e_vs_real,original,297000,298000,17484,0.33441619937329803,0.1118341944032814,ok
v2e_vs_real,original,298000,299000,14097,0.3407044775463412,0.1160795410201253,ok
v2e_vs_real,original,299000,300000,15158,0.32274449042247144,0.10416400609806076,ok
v2e_vs_real,original,300000,301000,14218,0.33956558781581425,0.11530478842869946,ok
v2e_vs_real,original,301000,302000,13795,0.3600199697168701,0.12961437859493607,ok
v2e_vs_real,original,302000,303000,13521,0.37866111138300806,0.14338423727381483,ok
v2e_vs_real,original,303000,304000,13278,0.39281590757051255,0.15430433724044545,ok
v2e_vs_real,original,304000,305000,13306,0.40919625279721306,0.1674415733032807,ok
v2e_vs_real,original,305000,306000,13361,0.4207660349232715,0.17704405614505175,ok
v2e_vs_real,original,306000,307000,13108,0.42645400696294744,0.1818630200547536,ok
v2e_vs_real,original,307000,308000,16691,0.4342227776465582,0.18854942062709235,ok
v2e_vs_real,original,308000,309000,14004,0.4453111862348399,0.19830205258588024,ok
v2e_vs_real,original,309000,310000,14476,0.45304206424849147,0.2052471119785343,ok
v2e_vs_real,original,310000,311000,14533,0.45707447316825145,0.20891707402203463,ok
v2e_vs_real,original,311000,312000,14509,0.45854933947512966,0.2102674967330777,ok
v2e_vs_real,original,312000,313000,14481,0.46259779311408783,0.21399671819402438,ok
v2e_vs_real,original,313000,314000,14644,0.46828971336226244,0.2192952556409099,ok
v2e_vs_real,original,314000,315000,15627,0.4737528304923132,0.22444174439947845,ok
v2e_vs_real,original,315000,316000,15147,0.4727030114952701,0.22344813707669745,ok
v2e_vs_real,original,316000,317000,19299,0.4737748536671144,0.22446261196729567,ok
v2e_vs_real,original,317000,318000,16592,0.4864857658481358,0.23666840037284723,ok
v2e_vs_real,original,318000,319000,16208,0.48422294038654157,0.2344718559965882,ok
v2e_vs_real,original,319000,320000,15751,0.4886282303121933,0.23875754745802585,ok
v2e_vs_real,original,320000,321000,15380,0.488738819581079,0.23886563376550649,ok
v2e_vs_real,original,321000,322000,15131,0.49273255681284367,0.24278537254332222,ok
v2e_vs_real,original,322000,323000,14874,0.49633345071888585,0.2463468943025167,ok
v2e_vs_real,original,323000,324000,14580,0.4905721080197288,0.24066099316692047,ok
v2e_vs_real,original,324000,325000,14240,0.4899344286403816,0.24003574436717717,ok
v2e_vs_real,original,325000,326000,16597,0.48146799809054874,0.23181143318532066,ok
v2e_vs_real,original,326000,327000,12937,0.4813157479936292,0.23166484926666675,ok
v2e_vs_real,original,327000,328000,12834,0.4769174726476739,0.2274502757166448,ok
v2e_vs_real,original,328000,329000,12274,0.4746061893097443,0.22525103493111684,ok
v2e_vs_real,original,329000,330000,12207,0.47252430747544305,0.22327922115514703,ok
v2e_vs_real,original,330000,331000,11861,0.47239651619264067,0.2231584685109438,ok
v2e_vs_real,original,331000,332000,11590,0.4687385594929262,0.21971583715550352,ok
v2e_vs_real,original,332000,333000,11922,0.4493032669176661,0.20187342566288752,ok
v2e_vs_real,original,333000,334000,12300,0.43306362870223897,0.18754410650475067,ok
v2e_vs_real,original,334000,335000,14111,0.4304881178702842,0.18532001962749967,ok
v2e_vs_real,original,335000,336000,11566,0.4365710467050083,0.19059427882110655,ok
v2e_vs_real,original,336000,337000,11622,0.4359906354159141,0.1900878341703725,ok
v2e_vs_real,original,337000,338000,11289,0.4354433091076044,0.18961087544658073,ok
v2e_vs_real,original,338000,339000,11143,0.4396162560763769,0.1932624526066106,ok
v2e_vs_real,original,339000,340000,11217,0.4351057638549393,0.1893170257397902,ok
v2e_vs_real,original,340000,341000,11139,0.43494453681007955,0.18917675010093463,ok
v2e_vs_real,original,341000,342000,11319,0.4361911549137381,0.19026272362498067,ok
v2e_vs_real,original,342000,343000,11007,0.4329083251608322,0.18740961799355682,ok
v2e_vs_real,original,343000,344000,13553,0.4204294096733711,0.17676088851829933,ok
v2e_vs_real,original,344000,345000,11434,0.43135154440983126,0.18606415486474664,ok
v2e_vs_real,original,345000,346000,11191,0.4285657281731069,0.18366858336454536,ok
v2e_vs_real,original,346000,347000,10912,0.4259250301460944,0.18141213130495143,ok
v2e_vs_real,original,347000,348000,11130,0.42139440799278055,0.177573247087586,ok
v2e_vs_real,original,348000,349000,11182,0.4146165413775016,0.17190687638384147,ok
v2e_vs_real,original,349000,350000,11702,0.4066210253087716,0.16534065822315666,ok
v2e_vs_real,original,350000,351000,11589,0.40594571568529025,0.16479192408324253,ok
v2e_vs_real,original,351000,352000,11510,0.40757461681253143,0.16611706826988185,ok
v2e_vs_real,original,352000,353000,13922,0.40016561659820377,0.1601325207074206,ok
v2e_vs_real,original,353000,354000,11907,0.411469799334858,0.16930739576466833,ok
v2e_vs_real,original,354000,355000,11572,0.4031958600506133,0.16256690156195375,ok
v2e_vs_real,original,355000,356000,11557,0.39912164308201126,0.15929808597648437,ok
v2e_vs_real,original,356000,357000,11166,0.3921240276281623,0.15376125304333177,ok
v2e_vs_real,original,357000,358000,11108,0.3874151390793702,0.15009048998788777,ok
v2e_vs_real,original,358000,359000,10829,0.37669303031425544,0.14189763908733655,ok
v2e_vs_real,original,359000,360000,11099,0.376244856048849,0.1415601917032191,ok
v2e_vs_real,original,360000,361000,10907,0.375321515495623,0.14086623999393116,ok
v2e_vs_real,original,361000,362000,13316,0.3668756471668063,0.13459774048406298,ok
v2e_vs_real,original,362000,363000,11276,0.36377943846344246,0.13233547984877753,ok
v2e_vs_real,original,363000,364000,11112,0.350980238959134,0.12318712813981081,ok
v2e_vs_real,original,364000,365000,10893,0.34660840870787607,0.12013738898700604,ok
v2e_vs_real,original,365000,366000,11352,0.3367852598024939,0.11342431122023333,ok
v2e_vs_real,original,366000,367000,12736,0.3095155611478204,0.09579988259265015,ok
v2e_vs_real,original,367000,368000,12759,0.2907489888890083,0.08453497453998066,ok
v2e_vs_real,original,368000,369000,12891,0.281987201946788,0.07951678206177859,ok
v2e_vs_real,original,369000,370000,12981,0.2720542071420361,0.07401349162368187,ok
v2e_vs_real,original,370000,371000,15723,0.264773232956914,0.07010486489045625,ok
v2e_vs_real,original,371000,372000,13320,0.26923620808933113,0.07248813574632162,ok
v2e_vs_real,original,372000,373000,13304,0.26327981214687557,0.06931625948409409,ok
v2e_vs_real,original,373000,374000,13316,0.2519961765650745,0.0635020730034162,ok
v2e_vs_real,original,374000,375000,13633,0.24627880346394232,0.06065324903563113,ok
v2e_vs_real,original,375000,376000,13870,0.23977157682209937,0.0574904090517559,ok
v2e_vs_real,original,376000,377000,14202,0.23224549066574685,0.053937967934573505,ok
v2e_vs_real,original,377000,378000,14904,0.21351296279187268,0.045587785280163606,ok
v2e_vs_real,original,378000,379000,15323,0.1960725734985926,0.038444454078361,ok
v2e_vs_real,original,379000,380000,19553,0.17576218183586165,0.03089234456370249,ok
v2e_vs_real,original,380000,381000,17072,0.15896204813922854,0.02526893274861841,ok
v2e_vs_real,original,381000,382000,17693,0.150038438742061,0.02251153310015519,ok
v2e_vs_real,original,382000,383000,18425,0.13850453329297024,0.0191835057427035,ok
v2e_vs_real,original,383000,384000,19184,0.1312885108425635,0.017236673079257914,ok
v2e_vs_real,original,384000,385000,19634,0.12194387570635547,0.01487030882228707,ok
v2e_vs_real,original,385000,386000,19706,0.12049534594400374,0.014519128394165137,ok
v2e_vs_real,original,386000,387000,19814,0.11669331509891978,0.013617329788775778,ok
v2e_vs_real,original,387000,388000,19938,0.11635524185361114,0.01353854230681234,ok
v2e_vs_real,original,388000,389000,24530,0.11280063450902927,0.012723983145639606,ok
v2e_vs_real,original,389000,390000,20534,0.12390847712449087,0.015353310703310474,ok
v2e_vs_real,original,390000,391000,20435,0.12023278593685732,0.014455922814138156,ok
v2e_vs_real,original,391000,392000,20709,0.12190052924944313,0.014859739031294339,ok
v2e_vs_real,original,392000,393000,20328,0.11297744917644163,0.012763904022415451,ok
v2e_vs_real,original,393000,394000,20402,0.11423497115650044,0.013049628635126487,ok
v2e_vs_real,original,394000,395000,20872,0.11410901888993591,0.013020868192023749,ok
v2e_vs_real,original,395000,396000,20485,0.11806974292596792,0.013940464194604152,ok
v2e_vs_real,original,396000,397000,20090,0.12134603973541781,0.014724861359469599,ok
v2e_vs_real,original,397000,398000,23888,0.12124508441600161,0.014700370495043358,ok
v2e_vs_real,original,398000,399000,18990,0.133094036629626,0.017714022586368228,ok
v2e_vs_real,original,399000,400000,21757,0.12301588176058677,0.015132907165334664,ok
v2e_vs_real,original,400000,401000,17026,0.1490456064701204,0.022214592808045996,ok
v2e_vs_real,original,401000,402000,20402,0.16666933252030816,0.02777866640276505,ok
v2e_vs_real,original,402000,403000,19694,0.18999423529237056,0.03609780944433266,ok
v2e_vs_real,original,403000,404000,18868,0.21319798090174905,0.045453379060582555,ok
v2e_vs_real,original,404000,405000,13891,0.22920667678426054,0.052535700682484476,ok
v2e_vs_real,original,405000,406000,18592,0.23935473522168627,0.05729068927304354,ok
v2e_vs_real,original,406000,407000,18541,0.25577873850746996,0.06542276307247269,ok
v2e_vs_real,original,407000,408000,18448,0.2730632372320895,0.07456353152766837,ok
v2e_vs_real,original,408000,409000,14235,0.28604308568867587,0.08182064687029916,ok
v2e_vs_real,original,409000,410000,18903,0.29370427394143217,0.08626220053146383,ok
v2e_vs_real,original,410000,411000,18697,0.30585370323649214,0.09354648778347618,ok
v2e_vs_real,original,411000,412000,19022,0.31703194124752115,0.1005092517711717,ok
v2e_vs_real,original,412000,413000,14230,0.32692095983521063,0.1068773139795754,ok
v2e_vs_real,original,413000,414000,19190,0.33127391011734086,0.10974240352443204,ok
v2e_vs_real,original,414000,415000,18975,0.33717971666299934,0.1136901613289405,ok
v2e_vs_real,original,415000,416000,19093,0.3343278014066678,0.1117750787934163,ok
v2e_vs_real,original,416000,417000,14317,0.3366385887131542,0.11332553941078422,ok
v2e_vs_real,original,417000,418000,18649,0.34029254278472637,0.11579901467489484,ok
v2e_vs_real,original,418000,419000,18314,0.3423288006601614,0.11718900776142455,ok
v2e_vs_real,original,419000,420000,17736,0.3467857457454824,0.12026035345225033,ok
v2e_vs_real,original,420000,421000,13273,0.3515062603289616,0.12355665105045172,ok
v2e_vs_real,original,421000,422000,17596,0.35881448883183403,0.12874783739565035,ok
v2e_vs_real,original,422000,423000,17646,0.36836332909839586,0.1356915422244531,ok
v2e_vs_real,original,423000,424000,17869,0.3810778805444952,0.14522035104028455,ok
v2e_vs_real,original,424000,425000,13709,0.38865908127166987,0.15105588145493848,ok
v2e_vs_real,original,425000,426000,18400,0.39127719740353456,0.15309784520796454,ok
v2e_vs_real,original,426000,427000,18253,0.39374284323377634,0.15503342659781819,ok
v2e_vs_real,original,427000,428000,17647,0.39670974836166245,0.15737862444517353,ok
v2e_vs_real,original,428000,429000,12797,0.39613512598736833,0.1569230380410282,ok
v2e_vs_real,original,429000,430000,16478,0.398195270929072,0.15855947379027702,ok
v2e_vs_real,original,430000,431000,15569,0.3983527949746651,0.15868494926412757,ok
v2e_vs_real,original,431000,432000,11183,0.39915717183516997,0.1593264478274514,ok
v2e_vs_real,original,432000,433000,14448,0.3889039480891514,0.1512462808393294,ok
v2e_vs_real,original,433000,434000,14327,0.3925657029539413,0.15410783113572207,ok
v2e_vs_real,original,434000,435000,14300,0.42477910381683653,0.1804372870394348,ok
v2e_vs_real,original,435000,436000,10607,0.4397750898309559,0.19340212963582537,ok
v2e_vs_real,original,436000,437000,14128,0.44688954717071366,0.1997102673704455,ok
v2e_vs_real,original,437000,438000,14186,0.4580563911667914,0.20981565748874462,ok
v2e_vs_real,original,438000,439000,14395,0.45831735582984173,0.21005479865485774,ok
v2e_vs_real,original,439000,440000,14693,0.45897015201874075,0.21065360044410597,ok
v2e_vs_real,original,440000,441000,10763,0.4630956939602355,0.21445762176451208,ok
v2e_vs_real,original,441000,442000,14400,0.4632318798852869,0.21458377454205688,ok
v2e_vs_real,original,442000,443000,14312,0.4650507753013284,0.21627222360836662,ok
v2e_vs_real,original,443000,444000,14072,0.4689019129662197,0.21986900398338025,ok
v2e_vs_real,original,444000,445000,10471,0.47060540384635,0.22146944612938618,ok
v2e_vs_real,original,445000,446000,14014,0.4712093710488525,0.22203827136425516,ok
v2e_vs_real,original,446000,447000,13914,0.4727676025429739,0.22350920601423135,ok
v2e_vs_real,original,447000,448000,13954,0.4772944481738697,0.2278099902575988,ok
v2e_vs_real,original,448000,449000,10644,0.47093057815801315,0.22177560944424052,ok
v2e_vs_real,original,449000,450000,14448,0.4639892875977456,0.21528605900546346,ok
v2e_vs_real,original,450000,451000,14240,0.46421678504709213,0.21549722351945816,ok
v2e_vs_real,original,451000,452000,13919,0.4679021137866915,0.21893238808605398,ok
v2e_vs_real,original,452000,453000,10253,0.4665998498850785,0.21771541991277782,ok
v2e_vs_real,original,453000,454000,13421,0.46932761311294036,0.22026840843028983,ok
v2e_vs_real,original,454000,455000,13107,0.47515967468556375,0.22577671644729075,ok
v2e_vs_real,original,455000,456000,12936,0.4768809193344887,0.2274154112253071,ok
v2e_vs_real,original,456000,457000,9525,0.4790877502450178,0.22952507243483256,ok
v2e_vs_real,original,457000,458000,12682,0.4811955291504792,0.23154913727440968,ok
v2e_vs_real,original,458000,459000,12749,0.48444255169858114,0.23468458589623245,ok
v2e_vs_real,original,459000,460000,13020,0.4877103755434127,0.23786141041269662,ok
v2e_vs_real,original,460000,461000,9506,0.4888611375729168,0.2389852118290863,ok
v2e_vs_real,original,461000,462000,12430,0.48932076862387114,0.23943481460665605,ok
v2e_vs_real,original,462000,463000,12295,0.4817109344700906,0.23204542438804796,ok
v2e_vs_real,original,463000,464000,12125,0.47575629403568026,0.22634405131456464,ok
v2e_vs_real,original,464000,465000,9009,0.47274500759192245,0.2234878422030868,ok
v2e_vs_real,original,465000,466000,12191,0.4656305412897333,0.21681180098177005,ok
v2e_vs_real,original,466000,467000,12129,0.45763893506885506,0.20943339489095572,ok
v2e_vs_real,original,467000,468000,8435,0.46492236031064793,0.21615280111682394,ok
v2e_vs_real,original,468000,469000,10473,0.47179896078116595,0.22259425939418817,ok
v2e_vs_real,original,469000,470000,10342,0.465179524792868,0.21639199028651848,ok
v2e_vs_real,original,470000,471000,10747,0.4496257308663233,0.20216329785707537,ok
v2e_vs_real,original,471000,472000,11261,0.4425803670570547,0.19587738130435728,ok
v2e_vs_real,original,472000,473000,8904,0.4384965891367681,0.19227925868457962,ok
v2e_vs_real,original,473000,474000,12597,0.43062735712462696,0.18543992070414103,ok
v2e_vs_real,original,474000,475000,13615,0.4265211213762812,0.18192026698008038,ok
v2e_vs_real,original,475000,476000,14416,0.42723738921574467,0.1825317867438857,ok
v2e_vs_real,original,476000,477000,11528,0.4348840414680698,0.18912412952360186,ok
v2e_vs_real,original,477000,478000,15844,0.43108792340954694,0.1858367977095554,ok
v2e_vs_real,original,478000,479000,16042,0.4261057904663492,0.18156614466895232,ok
v2e_vs_real,original,479000,480000,16147,0.42121904756352946,0.17742548603032687,ok
v2e_vs_real,original,480000,481000,12326,0.4116424318969321,0.16944949173802037,ok
v2e_vs_real,original,481000,482000,16386,0.4030873061307428,0.16247937636373916,ok
v2e_vs_real,original,482000,483000,16546,0.38609169634852825,0.14906679798928413,ok
v2e_vs_real,original,483000,484000,16459,0.3736358077559762,0.1396037168374608,ok
v2e_vs_real,original,484000,485000,12543,0.3618360988083337,0.1309253624008342,ok
v2e_vs_real,original,485000,486000,16530,0.352629297033488,0.1243474211263319,ok
v2e_vs_real,original,486000,487000,16397,0.3427402098396927,0.11747085144095659,ok
v2e_vs_real,original,487000,488000,16257,0.3337741155425682,0.11140516020622365,ok
v2e_vs_real,original,488000,489000,12267,0.3271016329617929,0.10699547828627148,ok
v2e_vs_real,original,489000,490000,15989,0.3192148323457122,0.10189810918950115,ok
v2e_vs_real,original,490000,491000,15896,0.31520946357976626,0.09935700593024399,ok
v2e_vs_real,original,491000,492000,15896,0.3131427386523588,0.09805837477069951,ok
v2e_vs_real,original,492000,493000,11930,0.3105419517077904,0.09643630377048362,ok
v2e_vs_real,original,493000,494000,15860,0.3090133956524654,0.0954892786926671,ok
v2e_vs_real,original,494000,495000,15802,0.3074880664827724,0.09454891102931384,ok
v2e_vs_real,original,495000,496000,15633,0.3072188044753052,0.0943833938232358,ok
v2e_vs_real,original,496000,497000,11511,0.3049774165685517,0.09301122461682793,ok
v2e_vs_real,original,497000,498000,14971,0.30217388173020454,0.09130905479989965,ok
v2e_vs_real,original,498000,499000,14027,0.3025149609763987,0.09151530161455201,ok
v2e_vs_real,original,499000,500000,16193,0.2681083899383988,0.0718821087553605,ok
v2e_vs_real,original,500000,501000,12076,0.23475655663468986,0.05511064088297635,ok
v2e_vs_real,original,501000,502000,15982,0.20743960357453498,0.04303118913116022,ok
v2e_vs_real,original,502000,503000,15771,0.18581635722796785,0.03452771861347176,ok
v2e_vs_real,original,503000,504000,11935,0.16589648800467172,0.02752164473228419,ok
v2e_vs_real,original,504000,505000,15873,0.15145240450975925,0.022937830831787742,ok
v2e_vs_real,original,505000,506000,16096,0.13253506134285442,0.017565542485154184,ok
v2e_vs_real,original,506000,507000,16353,0.11815771817096671,0.013961246363369595,ok
v2e_vs_real,original,507000,508000,16846,0.1030947625346788,0.010628530062081809,ok
v2e_vs_real,original,508000,509000,12825,0.09741771647491233,0.009490211483186406,ok
v2e_vs_real,original,509000,510000,17306,0.09292250088294988,0.008634591170341821,ok
v2e_vs_real,original,510000,511000,17351,0.08600263564678022,0.007396453338192832,ok
v2e_vs_real,original,511000,512000,17550,0.08256841986652269,0.00681754395925438,ok
v2e_vs_real,original,512000,513000,13198,0.07565991555257713,0.005724422821423103,ok
v2e_vs_real,original,513000,514000,18009,0.0747847946897819,0.00559276551679283,ok
v2e_vs_real,original,514000,515000,18309,0.0759442479933465,0.005767528803274913,ok
v2e_vs_real,original,515000,516000,18866,0.0799643939701319,0.006394304303010467,ok
v2e_vs_real,original,516000,517000,14138,0.08557712586444087,0.007323444471218354,ok
v2e_vs_real,original,517000,518000,19139,0.08623089962273864,0.007435768049746827,ok
v2e_vs_real,original,518000,519000,19181,0.0925546224583777,0.008566358138412833,ok
v2e_vs_real,original,519000,520000,19275,0.09892586093751951,0.009786325962229447,ok
v2e_vs_real,original,520000,521000,14421,0.10306873732730182,0.01062316461424434,ok
v2e_vs_real,original,521000,522000,19065,0.10633414764828983,0.011306950956088302,ok
v2e_vs_real,original,522000,523000,19022,0.11453724289054869,0.013118780008968545,ok
v2e_vs_real,original,523000,524000,18643,0.1220968945619892,0.014907651661681509,ok
v2e_vs_real,original,524000,525000,14002,0.12904228786335875,0.016651912057009943,ok
v2e_vs_real,original,525000,526000,18684,0.13573839505084098,0.01842491189097817,ok
v2e_vs_real,original,526000,527000,18458,0.14118870981017004,0.0199342517778604,ok
v2e_vs_real,original,527000,528000,18097,0.14857083344575375,0.0220732925507659,ok
v2e_vs_real,original,528000,529000,13452,0.1565509676812076,0.024508205481922507,ok
v2e_vs_real,original,529000,530000,17913,0.16363382872116597,0.026776029901947884,ok
v2e_vs_real,original,530000,531000,17734,0.17060379155861868,0.029105653694176614,ok
v2e_vs_real,original,531000,532000,17094,0.17769508320454985,0.03157554259507189,ok
v2e_vs_real,original,532000,533000,12988,0.1853018995079522,0.03433679396125522,ok
v2e_vs_real,original,533000,534000,16592,0.2040563265111687,0.04163898438923269,ok
v2e_vs_real,original,534000,535000,15509,0.23007167940821815,0.05293297766571792,ok
v2e_vs_real,original,535000,536000,11011,0.2549081111160002,0.06497814511272709,ok
v2e_vs_real,original,536000,537000,14391,0.2757551878429507,0.07604092362230103,ok
v2e_vs_real,original,537000,538000,14298,0.3002908918237521,0.0901746197123044,ok
v2e_vs_real,original,538000,539000,14142,0.32099527334779787,0.10303796551162747,ok
v2e_vs_real,original,539000,540000,10982,0.3416219378400868,0.11670554841361613,ok
v2e_vs_real,original,540000,541000,14976,0.3494678293489089,0.12212776374983814,ok
v2e_vs_real,original,541000,542000,15586,0.36419442210090447,0.13263757708941176,ok
v2e_vs_real,original,542000,543000,11960,0.37022199228096825,0.1370643235684893,ok
v2e_vs_real,original,543000,544000,16355,0.37379078031992696,0.1397195474521799,ok
v2e_vs_real,original,544000,545000,16894,0.3813596532141278,0.1454351850995998,ok
v2e_vs_real,original,545000,546000,17797,0.3851208599764708,0.14831807678901643,ok
v2e_vs_real,original,546000,547000,13770,0.3935748323496944,0.15490114865909008,ok
v2e_vs_real,original,547000,548000,19167,0.3955326783938989,0.15644609967745146,ok
v2e_vs_real,original,548000,549000,19484,0.39959078076482585,0.1596727920722431,ok
v2e_vs_real,original,549000,550000,14621,0.40077797237174273,0.16062298313840537,ok
v2e_vs_real,original,550000,551000,19509,0.40114491875574404,0.1609172458435525,ok
v2e_vs_real,original,551000,552000,19568,0.40535043460707465,0.16430897483614432,ok
v2e_vs_real,original,552000,553000,19698,0.4073286065971721,0.16591659375239382,ok
v2e_vs_real,original,553000,554000,14483,0.41111174977594045,0.16901287080383548,ok
v2e_vs_real,original,554000,555000,19233,0.4126066103083101,0.17024421487011368,ok
v2e_vs_real,original,555000,556000,19174,0.414313915072748,0.17165602022290824,ok
v2e_vs_real,original,556000,557000,18952,0.41814612711541504,0.17484618362162083,ok
v2e_vs_real,original,557000,558000,14131,0.41812284656961174,0.17482671482347506,ok
v2e_vs_real,original,558000,559000,18337,0.4184226234236873,0.17507749179276083,ok
v2e_vs_real,original,559000,560000,17762,0.4169541775969728,0.17385078621556793,ok
v2e_vs_real,original,560000,561000,12980,0.4203801234909109,0.1767194482262335,ok
v2e_vs_real,original,561000,562000,16820,0.42122528186075847,0.1774307380786754,ok
v2e_vs_real,original,562000,563000,16504,0.42117646566623174,0.17738961523109847,ok
v2e_vs_real,original,563000,564000,15989,0.42352625986774095,0.17937449279755724,ok
v2e_vs_real,original,564000,565000,11582,0.42635200230305786,0.18177602986782668,ok
v2e_vs_real,original,565000,566000,15309,0.4204538386674921,0.17678143045022945,ok
v2e_vs_real,original,566000,567000,15559,0.41011485345416737,0.1681941930237332,ok
v2e_vs_real,original,567000,568000,10765,0.4167976234022756,0.17372025887378517,ok
v2e_vs_real,original,568000,569000,13599,0.42912063769710257,0.18414452169756795,ok
v2e_vs_real,original,569000,570000,13193,0.44337005281914205,0.1965770037368488,ok
v2e_vs_real,original,570000,571000,12860,0.45853865952247813,0.21025770227667112,ok
v2e_vs_real,original,571000,572000,9667,0.46585220420511575,0.21701827616276484,ok
v2e_vs_real,original,572000,573000,13049,0.46770778441542465,0.21875057160278535,ok
v2e_vs_real,original,573000,574000,13323,0.47241604677699284,0.22317692125240188,ok
v2e_vs_real,original,574000,575000,10441,0.4750134250754713,0.2256377540019304,ok
v2e_vs_real,original,575000,576000,13730,0.4789329600089528,0.22937678018293717,ok
v2e_vs_real,original,576000,577000,13845,0.47699475981628864,0.2275240008921989,ok
v2e_vs_real,original,577000,578000,13807,0.47720164299458345,0.22772140807672986,ok
v2e_vs_real,original,578000,579000,10260,0.4845120157862128,0.23475189344121933,ok
v2e_vs_real,original,579000,580000,13762,0.4890555345240112,0.2391753158485663,ok
v2e_vs_real,original,580000,581000,13661,0.4899814248176131,0.24008179666629823,ok
v2e_vs_real,original,581000,582000,13475,0.48880422152473324,0.23892956698040047,ok
v2e_vs_real,original,582000,583000,10267,0.48379935288873155,0.2340618138555554,ok
v2e_vs_real,original,583000,584000,13281,0.4868829519040102,0.23705500885476272,ok
v2e_vs_real,original,584000,585000,13596,0.48650505340765415,0.23668716699118444,ok
v2e_vs_real,original,585000,586000,10257,0.4945639712716995,0.2445935216800344,ok
v2e_vs_real,original,586000,587000,13580,0.4953046088733491,0.24532665557118133,ok
v2e_vs_real,original,587000,588000,13587,0.4986318160226195,0.24863368795001548,ok
v2e_vs_real,original,588000,589000,13170,0.49897320664131356,0.248974260945915,ok
v2e_vs_real,original,589000,590000,9520,0.4989449147821963,0.24894602798701318,ok
v2e_vs_real,original,590000,591000,12194,0.499273697246952,0.24927422476264108,ok
v2e_vs_real,original,591000,592000,11522,0.4993565428287888,0.24935695686591994,ok
v2e_vs_real,original,592000,593000,8573,0.49009798675109534,0.24019603661747682,ok
v2e_vs_real,original,593000,594000,10730,0.48671408532899313,0.23689060085763838,ok
v2e_vs_real,original,594000,595000,10545,0.47651002385197655,0.22706180283141125,ok
v2e_vs_real,original,595000,596000,10892,0.4608685704137112,0.2123998391951779,ok
v2e_vs_real,original,596000,597000,8236,0.4516623423138233,0.20399887146440931,ok
v2e_vs_real,original,597000,598000,10849,0.4455033439078606,0.1984732294330855,ok
v2e_vs_real,original,598000,599000,10592,0.43815060195125427,0.19197594999024645,ok
v2e_vs_real,original,599000,600000,9455,0.4091115446981775,0.16737225600532887,ok
v2e_vs_real,original,600000,601000,12362,0.39736835463808395,0.15790160926777805,ok
v2e_vs_real,original,601000,602000,12888,0.3805286276172448,0.14480203643626377,ok
v2e_vs_real,original,602000,603000,13254,0.3713051329852808,0.13786750178121704,ok
v2e_vs_real,original,603000,604000,9992,0.3640521743778188,0.13253398566921776,ok
v2e_vs_real,original,604000,605000,13496,0.35816744720334737,0.12828392023616264,ok
v2e_vs_real,original,605000,606000,13583,0.3555309325107622,0.12640224397197214,ok
v2e_vs_real,original,606000,607000,13432,0.3516070770162739,0.12362753660792797,ok
v2e_vs_real,original,607000,608000,10308,0.3475792360437262,0.12081132532874034,ok
v2e_vs_real,original,608000,609000,13840,0.33904666198193584,0.11495263900109304,ok
v2e_vs_real,original,609000,610000,14059,0.3354602711909147,0.11253359354748205,ok
v2e_vs_real,original,610000,611000,11016,0.32746772548741243,0.1072351112358993,ok
v2e_vs_real,original,611000,612000,15115,0.3158392807880196,0.09975445128869348,ok
v2e_vs_real,original,612000,613000,15297,0.30644898017371297,0.09391097744950871,ok
v2e_vs_real,original,613000,614000,15540,0.3007917210069117,0.09047565942629981,ok
v2e_vs_real,original,614000,615000,11920,0.2950231658907102,0.0870386684121775,ok
v2e_vs_real,original,615000,616000,16785,0.2797355660159191,0.07825198689424662,ok
v2e_vs_real,original,616000,617000,17511,0.2667460081812717,0.07115343288064307,ok
v2e_vs_real,original,617000,618000,13777,0.25694969741938345,0.06602314700391271,ok
v2e_vs_real,original,618000,619000,18657,0.2535743485510931,0.06429995024311125,ok
v2e_vs_real,original,619000,620000,19060,0.24496384776468033,0.06000728671167749,ok
v2e_vs_real,original,620000,621000,19489,0.23673692821004078,0.056044373178326,ok
v2e_vs_real,original,621000,622000,14544,0.2290838319340795,0.052479402053601576,ok
v2e_vs_real,original,622000,623000,19482,0.21915841289958898,0.04803040994466673,ok
v2e_vs_real,original,623000,624000,19548,0.21544373745382006,0.046416004008070555,ok
v2e_vs_real,original,624000,625000,14988,0.20905286937480272,0.04370310219383833,ok
v2e_vs_real,original,625000,626000,20025,0.2009774894283486,0.040391951256921965,ok
v2e_vs_real,original,626000,627000,20015,0.19050508871268332,0.03629218882542734,ok
v2e_vs_real,original,627000,628000,19603,0.1840416204515813,0.0338713180584439,ok
v2e_vs_real,original,628000,629000,14654,0.17412620278250693,0.030319934495454726,ok
v2e_vs_real,original,629000,630000,19184,0.16644912443463575,0.027705311025056856,ok
v2e_vs_real,original,630000,631000,18385,0.1598343634852115,0.025547023750722708,ok
v2e_vs_real,original,631000,632000,17616,0.15654897841262794,0.02450758264203745,ok
v2e_vs_real,original,632000,633000,13471,0.15531663263591658,0.02412325637336027,ok
v2e_vs_real,original,633000,634000,17531,0.14084304567708986,0.01983676351559882,ok
v2e_vs_real,original,634000,635000,17101,0.12441246575863923,0.01547846163614458,ok
v2e_vs_real,original,635000,636000,12489,0.11387651714901605,0.012967861157990146,ok
v2e_vs_real,original,636000,637000,16751,0.11242911418051041,0.012640305715414246,ok
v2e_vs_real,original,637000,638000,16787,0.11208017047951822,0.012561964614717869,ok
v2e_vs_real,original,638000,639000,16961,0.11988785680859716,0.014373098210158697,ok
v2e_vs_real,original,639000,640000,13056,0.12267895772788838,0.015050126669201025,ok
v2e_vs_real,original,640000,641000,17864,0.12809462429088647,0.016408232772223363,ok
v2e_vs_real,original,641000,642000,19079,0.14337036026529065,0.02055506020259923,ok
v2e_vs_real,original,642000,643000,14942,0.1539859989689631,0.0237116878784695,ok
v2e_vs_real,original,643000,644000,20408,0.1679651421668904,0.028212288983143707,ok
v2e_vs_real,original,644000,645000,20588,0.17973623541223224,0.032305114320161366,ok
v2e_vs_real,original,645000,646000,20798,0.18677554092754142,0.034885102688775704,ok
v2e_vs_real,original,646000,647000,15648,0.18909134200574335,0.035755535621533,ok
v2e_vs_real,original,647000,648000,20756,0.19500412576047163,0.03802660906360583,ok
v2e_vs_real,original,648000,649000,20856,0.19872196058174493,0.03949041761745259,ok
v2e_vs_real,original,649000,650000,21326,0.20234733872897592,0.04094444549069892,ok
v2e_vs_real,original,650000,651000,15983,0.21197469747650377,0.044933272370255295,ok
v2e_vs_real,original,651000,652000,21060,0.21316529580012572,0.045439443333555096,ok
v2e_vs_real,original,652000,653000,20729,0.21847607372305022,0.047731794789439674,ok
v2e_vs_real,original,653000,654000,15376,0.2214541729178462,0.04904195070272732,ok
v2e_vs_real,original,654000,655000,19890,0.2283462929528767,0.052142029505320986,ok
v2e_vs_real,original,655000,656000,19784,0.23917648658051718,0.05720539173300032,ok
v2e_vs_real,original,656000,657000,19407,0.25406670582050517,0.06454989100648312,ok
v2e_vs_real,original,657000,658000,15088,0.2677800635837082,0.0717061624528948,ok
v2e_vs_real,original,658000,659000,19990,0.27421861523672525,0.07519584894234715,ok
v2e_vs_real,original,659000,660000,19702,0.2842092155507475,0.08077487820397128,ok
v2e_vs_real,original,660000,661000,14534,0.2891034149947366,0.08358078456161888,ok
v2e_vs_real,original,661000,662000,18778,0.29291667919959014,0.0858001809533156,ok
v2e_vs_real,original,662000,663000,17992,0.29787097411563024,0.08872711722059445,ok
v2e_vs_real,original,663000,664000,16942,0.3018597477130221,0.09111930728936934,ok
v2e_vs_real,original,664000,665000,12203,0.304952603423327,0.09299609033466494,ok
v2e_vs_real,original,665000,666000,15341,0.298721520394355,0.08923454674671505,ok
v2e_vs_real,original,666000,667000,12716,0.29775862275606907,0.08866019742559106,ok
v2e_vs_real,original,667000,668000,15917,0.3422906987188933,0.11716292242946819,ok
v2e_vs_real,original,668000,669000,13059,0.3697465641104051,0.1367125216714499,ok
v2e_vs_real,original,669000,670000,16437,0.3930167646130816,0.1544621772669344,ok
v2e_vs_real,original,670000,671000,13563,0.40299236702436936,0.16240284787990403,ok
v2e_vs_real,original,671000,672000,17273,0.4114100999082499,0.16925827030651616,ok
v2e_vs_real,original,672000,673000,14225,0.41720074202962415,0.17405645915006898,ok
v2e_vs_real,original,673000,674000,17885,0.4203636903778291,0.1767056321880674,ok
v2e_vs_real,original,674000,675000,14670,0.4304383281780583,0.18527715436472186,ok
v2e_vs_real,original,675000,676000,17934,0.4315460582964522,0.1862320004312049,ok
v2e_vs_real,original,676000,677000,14662,0.44264369506291823,0.19593344077895372,ok
v2e_vs_real,original,677000,678000,18223,0.4398512864671814,0.19346915420683447,ok
v2e_vs_real,original,678000,679000,14954,0.4501326873776659,0.2026194362458395,ok
v2e_vs_real,original,679000,680000,18358,0.4490763498492341,0.2016695679939117,ok
v2e_vs_real,original,680000,681000,15069,0.45597989866445954,0.20791766798605077,ok
v2e_vs_real,original,681000,682000,14761,0.45645346152779204,0.20834976254070353,ok
v2e_vs_real,original,682000,683000,19090,0.44483375626499383,0.19787707071282395,ok
v2e_vs_real,original,683000,684000,15289,0.45008657379598066,0.20257792391140475,ok
v2e_vs_real,original,684000,685000,19101,0.45048600995125115,0.20293764516179874,ok
v2e_vs_real,original,685000,686000,14910,0.4539150309090133,0.20603885528513052,ok
v2e_vs_real,original,686000,687000,18309,0.45387145168623594,0.20599929465577121,ok
v2e_vs_real,original,687000,688000,14533,0.4541600355924858,0.20626133792936796,ok
v2e_vs_real,original,688000,689000,17743,0.4521641113895153,0.20445238362867,ok
v2e_vs_real,original,689000,690000,14233,0.4596570030307055,0.21128456043517002,ok
v2e_vs_real,original,690000,691000,17450,0.45370935713336197,0.2058521807503686,ok
v2e_vs_real,original,691000,692000,13974,0.4602291249498534,0.2118108474521078,ok
v2e_vs_real,original,692000,693000,17147,0.460634530105651,0.21218417032565387,ok
v2e_vs_real,original,693000,694000,13413,0.46490372201653574,0.21613547074482833,ok
v2e_vs_real,original,694000,695000,16234,0.4626295559386949,0.21402610602803407,ok
v2e_vs_real,original,695000,696000,12449,0.4615143261653207,0.21299547325583,ok
v2e_vs_real,original,696000,697000,11978,0.4598162618689738,0.2114309946791567,ok
v2e_vs_real,original,697000,698000,14245,0.46016362389642407,0.2117505607574896,ok
v2e_vs_real,original,698000,699000,11009,0.4628072446409837,0.21419054569217935,ok
v2e_vs_real,original,699000,700000,13710,0.44192366716152276,0.19529652759748836,ok
v2e_vs_real,original,700000,701000,10254,0.4463998864215856,0.19927285859720456,ok
v2e_vs_real,original,701000,702000,11866,0.46217126632783956,0.2136022794190788,ok
v2e_vs_real,original,702000,703000,8758,0.4720650079248885,0.222845371707125,ok
v2e_vs_real,original,703000,704000,10769,0.47739057121283396,0.22790175748291588,ok
v2e_vs_real,original,704000,705000,8489,0.48134459822041153,0.23169262223596943,ok
v2e_vs_real,original,705000,706000,10574,0.47982903200491345,0.23023589995477223,ok
v2e_vs_real,original,706000,707000,8916,0.4692609929030813,0.22020587946038572,ok
v2e_vs_real,original,707000,708000,11620,0.46018561615925424,0.2117708013198725,ok
v2e_vs_real,original,708000,709000,9581,0.46064597386184,0.21219471323512296,ok
v2e_vs_real,original,709000,710000,12123,0.4560152872865393,0.20794994223902497,ok
v2e_vs_real,original,710000,711000,10149,0.45606495114811596,0.2079952396657334,ok
v2e_vs_real,original,711000,712000,12693,0.45050966365823963,0.20295895704946018,ok
v2e_vs_real,original,712000,713000,10458,0.447518996272772,0.2002732520249893,ok
v2e_vs_real,original,713000,714000,10708,0.4468295847601316,0.19965667781691165,ok
v2e_vs_real,original,714000,715000,13324,0.4425175628912732,0.1958217934672319,ok
v2e_vs_real,original,715000,716000,10858,0.43785959315587586,0.19172102331862914,ok
v2e_vs_real,original,716000,717000,13797,0.4281231876370045,0.1832894637924698,ok
v2e_vs_real,original,717000,718000,11170,0.42583124698334823,0.1813322509073933,ok
v2e_vs_real,original,718000,719000,13827,0.42360809240712743,0.1794438159528054,ok
v2e_vs_real,original,719000,720000,11193,0.42491811979987987,0.18055540853426508,ok
v2e_vs_real,original,720000,721000,13917,0.4212880159551014,0.17748359238738576,ok
v2e_vs_real,original,721000,722000,11180,0.4221060421715948,0.17817351083776817,ok
v2e_vs_real,original,722000,723000,13735,0.4172576733501276,0.17410396596956176,ok
v2e_vs_real,original,723000,724000,10977,0.4167660773384869,0.17369396322010966,ok
v2e_vs_real,original,724000,725000,13873,0.41509422194123136,0.17230321308899624,ok
v2e_vs_real,original,725000,726000,11216,0.41270464062037343,0.17032512038959158,ok
v2e_vs_real,original,726000,727000,13554,0.4091314986646577,0.16738858319958883,ok
v2e_vs_real,original,727000,728000,10983,0.4045782603860176,0.16368356877697623,ok
v2e_vs_real,original,728000,729000,10938,0.40280576766607784,0.16225248646505827,ok
v2e_vs_real,original,729000,730000,13748,0.3964367820796357,0.15716212218565656,ok
v2e_vs_real,original,730000,731000,10737,0.3944542863470035,0.15559418401752384,ok
v2e_vs_real,original,731000,732000,12887,0.39215686246322456,0.1537870047770004,ok
v2e_vs_real,original,732000,733000,10549,0.38057293657005514,0.14483576004955523,ok
v2e_vs_real,original,733000,734000,13817,0.3638126940126575,0.13235967632474754,ok
v2e_vs_real,original,734000,735000,10891,0.3411073978152028,0.11635425684425899,ok
v2e_vs_real,original,735000,736000,13480,0.32996896588084035,0.10887951844447119,ok
v2e_vs_real,original,736000,737000,10701,0.31924427304266606,0.10191690587054031,ok
v2e_vs_real,original,737000,738000,13710,0.30718757035526323,0.09436420338076978,ok
v2e_vs_real,original,738000,739000,11206,0.2894693865521841,0.0837925257508978,ok
v2e_vs_real,original,739000,740000,14565,0.27764417480367515,0.07708628780241372,ok
v2e_vs_real,original,740000,741000,11990,0.27130985913673644,0.07360903966479576,ok
v2e_vs_real,original,741000,742000,15640,0.25370421003394533,0.06436582618894826,ok
v2e_vs_real,original,742000,743000,13147,0.2478607014950303,0.061434927345608514,ok
v2e_vs_real,original,743000,744000,17108,0.23185543905909872,0.05375694462128744,ok
v2e_vs_real,original,744000,745000,14699,0.23152384489753752,0.05360329075613901,ok
v2e_vs_real,original,745000,746000,18554,0.21641733237980204,0.04683646175438971,ok
v2e_vs_real,original,746000,747000,15566,0.21876183238131738,0.0478567393068316,ok
v2e_vs_real,original,747000,748000,15488,0.2052158877864147,0.04211356059996635,ok
v2e_vs_real,original,748000,749000,19668,0.19821280956506218,0.039288317875675605,ok
v2e_vs_real,original,749000,750000,16191,0.18355414045174884,0.033692122476980335,ok
v2e_vs_real,original,750000,751000,20593,0.17398412923590323,0.03027047722597548,ok
v2e_vs_real,original,751000,752000,16454,0.15927728573327932,0.025369253750560705,ok
v2e_vs_real,original,752000,753000,20364,0.15049406589426084,0.022648463869386126,ok
v2e_vs_real,original,753000,754000,15798,0.1410672692268259,0.019899974447113777,ok
v2e_vs_real,original,754000,755000,19588,0.1345005801156827,0.018090406051455177,ok
v2e_vs_real,original,755000,756000,15418,0.12599499320446694,0.015874738312593673,ok
v2e_vs_real,original,756000,757000,19178,0.12052946605352827,0.014527352187148623,ok
v2e_vs_real,original,757000,758000,15324,0.11852657899312506,0.014048549927813514,ok
v2e_vs_real,original,758000,759000,18887,0.11384522036031343,0.012960734198888324,ok
v2e_vs_real,original,759000,760000,15186,0.11126802888477508,0.012380574251903143,ok
v2e_vs_real,original,760000,761000,18488,0.10982233152648153,0.012060944501912418,ok
v2e_vs_real,original,761000,762000,15018,0.11686452105272685,0.013657316280883236,ok
v2e_vs_real,original,762000,763000,18711,0.1164476129561584,0.013560046563187267,ok
v2e_vs_real,original,763000,764000,14944,0.12645587809220582,0.01599108910407082,ok
v2e_vs_real,original,764000,765000,14441,0.12913089919885812,0.016674789127905654,ok
v2e_vs_real,original,765000,766000,17781,0.13386284505794352,0.017919261287006993,ok
v2e_vs_real,original,766000,767000,14967,0.13341242431260456,0.017798874960966438,ok
v2e_vs_real,original,767000,768000,17886,0.13591512745876544,0.018472921872132453,ok
v2e_vs_real,original,768000,769000,13551,0.14096188220622075,0.019870252235120456,ok
v2e_vs_real,original,769000,770000,16587,0.1491365775188504,0.022241718754036077,ok
v2e_vs_real,original,770000,771000,13174,0.16182089674956163,0.026186002624832283,ok
v2e_vs_real,original,771000,772000,16391,0.17677908562185995,0.031250845113300896,ok
v2e_vs_real,original,772000,773000,13481,0.19072157152321892,0.03637471784428631,ok
v2e_vs_real,original,773000,774000,16705,0.20537746922249583,0.04217990486423723,ok
v2e_vs_real,original,774000,775000,13866,0.22254572091685382,0.04952659789840219,ok
v2e_vs_real,original,775000,776000,17663,0.23652842344977928,0.05594569509963809,ok
v2e_vs_real,original,776000,777000,14277,0.24366516468334828,0.05937271248016324,ok
v2e_vs_real,original,777000,778000,17928,0.247450138066457,0.06123157082910863,ok
v2e_vs_real,original,778000,779000,14503,0.2532946439840828,0.06415817667102325,ok
v2e_vs_real,original,779000,780000,14589,0.25754476844922475,0.06632930775556478,ok
v2e_vs_real,original,780000,781000,18732,0.2683447150257024,0.07200888608222544,ok
v2e_vs_real,original,781000,782000,15158,0.2761662329671766,0.07626778823128083,ok
v2e_vs_real,original,782000,783000,19387,0.2819859683151598,0.07951608632663831,ok
v2e_vs_real,original,783000,784000,15704,0.28600276842110867,0.08179758354453831,ok
v2e_vs_real,original,784000,785000,19665,0.2896981043517416,0.08392499166499257,ok
v2e_vs_real,original,785000,786000,15816,0.29605935427686725,0.08765114125483559,ok
v2e_vs_real,original,786000,787000,20083,0.30257553403791,0.09155195379832642,ok
v2e_vs_real,original,787000,788000,16124,0.3100201731259922,0.09611250774507019,ok
v2e_vs_real,original,788000,789000,20144,0.3135801081236885,0.09833248421086416,ok
v2e_vs_real,original,789000,790000,16175,0.31798136511723046,0.10111214856181744,ok
v2e_vs_real,original,790000,791000,19655,0.3240543834624012,0.10501124344119694,ok
v2e_vs_real,original,791000,792000,15637,0.3268360849203012,0.10682182640603033,ok
v2e_vs_real,original,792000,793000,18860,0.3309052935985197,0.10949831333152255,ok
v2e_vs_real,original,793000,794000,14805,0.33488108194772076,0.11214533904647606,ok
v2e_vs_real,original,794000,795000,17952,0.33636084610630007,0.11313861879334608,ok
v2e_vs_real,original,795000,796000,14061,0.3393587740111104,0.11516437749832392,ok
v2e_vs_real,original,796000,797000,13661,0.34460508520149513,0.11875266474672971,ok
v2e_vs_real,original,797000,798000,16648,0.34875649751471466,0.12163109455873117,ok
v2e_vs_real,original,798000,799000,12534,0.35249966300728897,0.12425601242025228,ok
v2e_vs_real,original,799000,800000,18329,0.3481610552564242,0.12121612039726687,ok
v2e_vs_real,original,800000,801000,14908,0.36386976606228205,0.13240120665421987,ok
v2e_vs_real,original,801000,802000,14103,0.3807548579149701,0.14497426182584908,ok
v2e_vs_real,original,802000,803000,13304,0.3936391634139812,0.154951790973259,ok
v2e_vs_real,original,803000,804000,13297,0.408153222089599,0.16658905270212152,ok
v2e_vs_real,original,804000,805000,13633,0.4272201253687202,0.18251703552006504,ok
v2e_vs_real,original,805000,806000,13586,0.43627353461606205,0.1903345970063923,ok
v2e_vs_real,original,806000,807000,12875,0.43716566937494633,0.1911138224800449,ok
v2e_vs_real,original,807000,808000,13247,0.4421508015144037,0.19549733127982963,ok
v2e_vs_real,original,808000,809000,14707,0.4560993514682459,0.20802661840975448,ok
v2e_vs_real,original,809000,810000,14847,0.4582546066520413,0.2099972845178171,ok
v2e_vs_real,original,810000,811000,14915,0.46412970363766576,0.21541638179878747,ok
v2e_vs_real,original,811000,812000,14850,0.469911539030034,0.22081685451357516,ok
v2e_vs_real,original,812000,813000,11438,0.46913899443195395,0.2200913960966249,ok
v2e_vs_real,original,813000,814000,14966,0.47659717972799526,0.227144871724679,ok
v2e_vs_real,original,814000,815000,14984,0.4766781529711631,0.22722206151999957,ok
v2e_vs_real,original,815000,816000,15125,0.4745395220055498,0.22518775794525564,ok
v2e_vs_real,original,816000,817000,15036,0.4771464735319315,0.22766875720395824,ok
v2e_vs_real,original,817000,818000,15019,0.4806183540815357,0.23099400228004444,ok
v2e_vs_real,original,818000,819000,14934,0.4839075318006098,0.2341664993333582,ok
v2e_vs_real,original,819000,820000,14794,0.48662066260542125,0.23679966927453922,ok
v2e_vs_real,original,820000,821000,14769,0.4911368810309055,0.24121543590876587,ok
v2e_vs_real,original,821000,822000,14736,0.498592916122616,0.24859489600765403,ok
v2e_vs_real,original,822000,823000,14889,0.5023628971104377,0.25236848039319215,ok
v2e_vs_real,original,823000,824000,13116,0.49540736028764254,0.24542845262717009,ok
v2e_vs_real,original,824000,825000,14020,0.5049474836838407,0.2549719612786426,ok
v2e_vs_real,original,825000,826000,14372,0.5084925507911464,0.25856467421008666,ok
v2e_vs_real,original,826000,827000,14657,0.515640494711557,0.2658851197863793,ok
v2e_vs_real,original,827000,828000,14001,0.5094255296876479,0.25951437029754065,ok
v2e_vs_real,original,828000,829000,13569,0.5033963793259874,0.25340791471851337,ok
v2e_vs_real,original,829000,830000,13102,0.4967238254590456,0.24673455877866837,ok
v2e_vs_real,original,830000,831000,12613,0.4898990493009005,0.24000107850592614,ok
v2e_vs_real,original,831000,832000,12071,0.48777542988653094,0.23792487000099005,ok
v2e_vs_real,original,832000,833000,12290,0.4684626225842386,0.21945722875850276,ok
v2e_vs_real,original,833000,834000,12481,0.4500547104069133,0.2025492423594506,ok
v2e_vs_real,original,834000,835000,11864,0.4444268578553529,0.19751523198318208,ok
v2e_vs_real,original,835000,836000,11676,0.4385394655486984,0.19231686284373803,ok
v2e_vs_real,original,836000,837000,11469,0.435311129813189,0.18949577973923507,ok
v2e_vs_real,original,837000,838000,11539,0.4344702728611168,0.18876441800001326,ok
v2e_vs_real,original,838000,839000,10858,0.4291960594752266,0.18420925746906225,ok
v2e_vs_real,original,839000,840000,11391,0.43011957331163586,0.1850028473457837,ok
v2e_vs_real,original,840000,841000,11319,0.4273296050679485,0.1826105913675288,ok
v2e_vs_real,original,841000,842000,11091,0.4245659763816618,0.18025626830091385,ok
v2e_vs_real,original,842000,843000,11146,0.42226670277466244,0.17830916827218513,ok
v2e_vs_real,original,843000,844000,11357,0.41736530091915064,0.17419379441133317,ok
v2e_vs_real,original,844000,845000,11210,0.41676546918672686,0.17369345630643257,ok
v2e_vs_real,original,845000,846000,10998,0.4130243982770634,0.17058915357213028,ok
v2e_vs_real,original,846000,847000,10884,0.41308000133905026,0.17063508750626977,ok
v2e_vs_real,original,847000,848000,11256,0.41181449474443876,0.16959117808161736,ok
v2e_vs_real,original,848000,849000,11775,0.40338931142045514,0.16272293656826894,ok
v2e_vs_real,original,849000,850000,11766,0.3921156408041668,0.15375467576326235,ok
v2e_vs_real,original,850000,851000,12295,0.3982736892413246,0.1586219315418952,ok
v2e_vs_real,original,851000,852000,12155,0.3921709591690699,0.1537980612155883,ok
v2e_vs_real,original,852000,853000,12512,0.39560647063811444,0.15650447961074532,ok
v2e_vs_real,original,853000,854000,11528,0.37574583857891264,0.14118493520937025,ok
v2e_vs_real,original,854000,855000,12317,0.3833276512082245,0.14694008818081422,ok
v2e_vs_real,original,855000,856000,12279,0.38042801173297286,0.14472547211110293,ok
v2e_vs_real,original,856000,857000,12574,0.3834135931214647,0.14700598339031212,ok
v2e_vs_real,original,857000,858000,12552,0.3731961880980951,0.1392753948109488,ok
v2e_vs_real,original,858000,859000,12213,0.3670694310098047,0.13473996718186176,ok
v2e_vs_real,original,859000,860000,11959,0.3626162311225134,0.13149053107349606,ok
v2e_vs_real,original,860000,861000,11902,0.35468230345817203,0.12579953638639485,ok
v2e_vs_real,original,861000,862000,11765,0.352636448896862,0.12435246509058917,ok
v2e_vs_real,original,862000,863000,11908,0.34141189779823156,0.11656208395819012,ok
v2e_vs_real,original,863000,864000,11763,0.3353561013189741,0.112463714691862,ok
v2e_vs_real,original,864000,865000,11460,0.3291874336265107,0.10836436645760839,ok
v2e_vs_real,original,865000,866000,11633,0.3173854336076798,0.10073351346633491,ok
v2e_vs_real,original,866000,867000,12957,0.28938537951370313,0.08374389787629,ok
v2e_vs_real,original,867000,868000,13246,0.26480494171635033,0.07012165715739971,ok
v2e_vs_real,original,868000,869000,13502,0.25681663947721706,0.0659547863123709,ok
v2e_vs_real,original,869000,870000,13660,0.25238851003554624,0.06369995999796302,ok
v2e_vs_real,original,870000,871000,13208,0.2506651785061504,0.06283303171552024,ok
v2e_vs_real,original,871000,872000,13998,0.24596464675673316,0.06049860745416452,ok
v2e_vs_real,original,872000,873000,14232,0.23928423661549378,0.057256945892659616,ok
v2e_vs_real,original,873000,874000,14348,0.23286983801588854,0.05422836145754617,ok
v2e_vs_real,original,874000,875000,14394,0.21964236339014054,0.048242767795606545,ok
v2e_vs_real,original,875000,876000,15370,0.2162200741494012,0.046751120465172546,ok
v2e_vs_real,original,876000,877000,15881,0.20242035576958253,0.04097400042988436,ok
v2e_vs_real,original,877000,878000,16268,0.1835615885390191,0.03369485678696815,ok
v2e_vs_real,original,878000,879000,16821,0.16486510011427336,0.02718050123568938,ok
v2e_vs_real,original,879000,880000,17248,0.1475647407172265,0.021775352702942286,ok
v2e_vs_real,original,880000,881000,17842,0.13754039699250104,0.018917360804854788,ok
v2e_vs_real,original,881000,882000,18825,0.13101206772317484,0.017164161889101748,ok
v2e_vs_real,original,882000,883000,19710,0.1194171585123314,0.014260457747159283,ok
v2e_vs_real,original,883000,884000,19220,0.11504908762702473,0.013236292563810814,ok
v2e_vs_real,original,884000,885000,20229,0.11224701368274839,0.012599392080695104,ok
v2e_vs_real,original,885000,886000,20250,0.11121074906269514,0.012367830707085747,ok
v2e_vs_real,original,886000,887000,20193,0.11319682529059548,0.012813521255869598,ok
v2e_vs_real,original,887000,888000,20272,0.11278546300278497,0.012720560664752578,ok
v2e_vs_real,original,888000,889000,20342,0.11802637190200989,0.013930224464351548,ok
v2e_vs_real,original,889000,890000,20308,0.12004682988300845,0.01441124136495997,ok
v2e_vs_real,original,890000,891000,20590,0.12657539328618916,0.016021330185553462,ok
v2e_vs_real,original,891000,892000,20779,0.1298080366487558,0.016850126378604724,ok
v2e_vs_real,original,892000,893000,20840,0.13210846401032647,0.017452646263167726,ok
v2e_vs_real,original,893000,894000,21149,0.1380865229953637,0.019067887832949104,ok
v2e_vs_real,original,894000,895000,21044,0.14295019713228196,0.020434758860158275,ok
v2e_vs_real,original,895000,896000,21086,0.14614185092727464,0.02135744059244976,ok
v2e_vs_real,original,896000,897000,20799,0.15301905169352228,0.023414830181184842,ok
v2e_vs_real,original,897000,898000,19962,0.1591711816598295,0.02533546507098644,ok
v2e_vs_real,original,898000,899000,19179,0.15725698389869536,0.02472975898491453,ok
v2e_vs_real,original,899000,900000,19896,0.1424492003137963,0.020291774670040064,ok
v2e_vs_real,original,900000,901000,19009,0.18018691686760974,0.0324673250102549,ok
v2e_vs_real,original,901000,902000,18495,0.20920955090364074,0.043768636189303045,ok
v2e_vs_real,original,902000,903000,18184,0.22844700877273666,0.05218803581721082,ok
v2e_vs_real,original,903000,904000,17796,0.24674518833295592,0.06088318796546588,ok
v2e_vs_real,original,904000,905000,17594,0.25918992651214773,0.06717941800537253,ok
v2e_vs_real,original,905000,906000,17392,0.2679930379125098,0.07182026836957589,ok
v2e_vs_real,original,906000,907000,17335,0.2811839427348745,0.07906440965192918,ok
v2e_vs_real,original,907000,908000,17407,0.2995412337326131,0.08972495070605596,ok
v2e_vs_real,original,908000,909000,17663,0.31508171096054993,0.09927648458182753,ok
v2e_vs_real,original,909000,910000,17492,0.3246187672000313,0.1053773440184681,ok
v2e_vs_real,original,910000,911000,17595,0.3328654866527823,0.1107994322045936,ok
v2e_vs_real,original,911000,912000,13150,0.33912034229455784,0.11500260655797806,ok
v2e_vs_real,original,912000,913000,17620,0.34386843657918703,0.11824550167541437,ok
v2e_vs_real,original,913000,914000,17617,0.3499129004928378,0.12243903793131061,ok
v2e_vs_real,original,914000,915000,17631,0.35662928854973214,0.1271844494514881,ok
v2e_vs_real,original,915000,916000,17626,0.35622203681339454,0.12689413951148343,ok
v2e_vs_real,original,916000,917000,17766,0.35446909821772,0.12564834159128363,ok
v2e_vs_real,original,917000,918000,16942,0.3544200936386943,0.12561360277486086,ok
v2e_vs_real,original,918000,919000,17139,0.361164713409395,0.1304399502120904,ok
v2e_vs_real,original,919000,920000,16892,0.3644406397409556,0.13281697989479696,ok
v2e_vs_real,original,920000,921000,16702,0.36811415785083224,0.13550803321022745,ok
v2e_vs_real,original,921000,922000,16643,0.3753830340092341,0.14091242222197783,ok
v2e_vs_real,original,922000,923000,16839,0.3787766944359492,0.14347178424782442,ok
v2e_vs_real,original,923000,924000,16805,0.3917503679902728,0.15346835082051413,ok
v2e_vs_real,original,924000,925000,17214,0.39779607760839014,0.15824171936062034,ok
v2e_vs_real,original,925000,926000,17369,0.4007716813475069,0.16061794057010761,ok
v2e_vs_real,original,926000,927000,17084,0.40468053392416775,0.16376633453714948,ok
v2e_vs_real,original,927000,928000,16682,0.4065557292294627,0.1652875609693002,ok
v2e_vs_real,original,928000,929000,16097,0.4044603620680155,0.1635881844841902,ok
v2e_vs_real,original,929000,930000,15443,0.40541842465227584,0.16436409904753305,ok
v2e_vs_real,original,930000,931000,14741,0.40599581987410016,0.1648326057552428,ok
v2e_vs_real,original,931000,932000,13805,0.40699774054406274,0.1656471608079722,ok
v2e_vs_real,original,932000,933000,13726,0.39666036310044117,0.15733944365497382,ok
v2e_vs_real,original,933000,934000,13699,0.40187029300729454,0.16149973240176876,ok
v2e_vs_real,original,934000,935000,13697,0.4217522117757996,0.17787492813777891,ok
v2e_vs_real,original,935000,936000,13253,0.4374131273371319,0.19133024396684997,ok
v2e_vs_real,original,936000,937000,9922,0.4449758542430949,0.19800351085937204,ok
v2e_vs_real,original,937000,938000,12984,0.4568964483348525,0.20875436450100252,ok
v2e_vs_real,original,938000,939000,13435,0.45812044430997273,0.20987434149476683,ok
v2e_vs_real,original,939000,940000,13525,0.4578677395147786,0.20964286688837314,ok
v2e_vs_real,original,940000,941000,13343,0.4581610232861378,0.2099115232586009,ok
v2e_vs_real,original,941000,942000,13032,0.4637474232203215,0.21506167254348796,ok
v2e_vs_real,original,942000,943000,10019,0.46426442496804166,0.2155414562909064,ok
v2e_vs_real,original,943000,944000,13224,0.46776893660693286,0.21880777805438076,ok
v2e_vs_real,original,944000,945000,12821,0.46927766185697933,0.22022152391795344,ok
v2e_vs_real,original,945000,946000,12606,0.4716854116922586,0.22248712760329545,ok
v2e_vs_real,original,946000,947000,13166,0.47025638841108025,0.22114107084143278,ok
v2e_vs_real,original,947000,948000,9680,0.47774076758928097,0.22823624101679535,ok
v2e_vs_real,original,948000,949000,13236,0.47362512164580123,0.22432075585400002,ok
v2e_vs_real,original,949000,950000,13300,0.468530737744209,0.21952105221113274,ok
v2e_vs_real,original,950000,951000,13267,0.4683547063303341,0.2193561309417735,ok
v2e_vs_real,original,951000,952000,12918,0.47061980617466215,0.22148300196387655,ok
v2e_vs_real,original,952000,953000,9638,0.470965306882601,0.22180832028702255,ok
v2e_vs_real,original,953000,954000,12661,0.47499976207027916,0.2256247739668218,ok
v2e_vs_real,original,954000,955000,12249,0.4785913158405351,0.2290496475979748,ok
v2e_vs_real,original,955000,956000,11921,0.48467704529386196,0.23491183823478834,ok
v2e_vs_real,original,956000,957000,11923,0.48168432875380457,0.23201979256700328,ok
v2e_vs_real,original,957000,958000,9010,0.4877608494157563,0.23791064622278013,ok
v2e_vs_real,original,958000,959000,12329,0.4871148013194331,0.23728082966447075,ok
v2e_vs_real,original,959000,960000,12213,0.4921669291354978,0.2422282861346661,ok
v2e_vs_real,original,960000,961000,12032,0.4930863998156396,0.24313419768314878,ok
v2e_vs_real,original,961000,962000,12203,0.48392322590554937,0.23418168857083335,ok
v2e_vs_real,original,962000,963000,11961,0.4845635737254055,0.23480185698153647,ok
v2e_vs_real,original,963000,964000,8934,0.4784827319150214,0.22894572474086222,ok
v2e_vs_real,original,964000,965000,11850,0.47194603905927224,0.2227330637837361,ok
v2e_vs_real,original,965000,966000,11829,0.4674601818269936,0.2185190215937259,ok
v2e_vs_real,original,966000,967000,11936,0.45934874799111436,0.2110012722810043,ok
v2e_vs_real,original,967000,968000,11024,0.46613623074231575,0.21728298561065343,ok
v2e_vs_real,original,968000,969000,7822,0.46786192742261135,0.21889478313160085,ok
v2e_vs_real,original,969000,970000,10245,0.4628320036447642,0.214213463597827,ok
v2e_vs_real,original,970000,971000,10726,0.4451034729236615,0.19811710160870466,ok
v2e_vs_real,original,971000,972000,11246,0.43901523522135616,0.19273437675646266,ok
v2e_vs_real,original,972000,973000,12191,0.4269582861333666,0.18229337809794177,ok
v2e_vs_real,original,973000,974000,9847,0.4250674524703934,0.18068233914967016,ok
v2e_vs_real,original,974000,975000,13966,0.4227283407683168,0.17869925008873416,ok
v2e_vs_real,original,975000,976000,14610,0.42494659064472723,0.1805796049005774,ok
v2e_vs_real,original,976000,977000,15678,0.4235124181378452,0.17936276831696502,ok
v2e_vs_real,original,977000,978000,16190,0.42017119663147967,0.17654383447872957,ok
v2e_vs_real,original,978000,979000,16539,0.4166887982908427,0.1736295546210666,ok
v2e_vs_real,original,979000,980000,12451,0.40851988756596486,0.16688849853690857,ok
v2e_vs_real,original,980000,981000,16790,0.39709715642780957,0.15768615164305227,ok
v2e_vs_real,original,981000,982000,16808,0.3878875583835015,0.15045675794871427,ok
v2e_vs_real,original,982000,983000,16755,0.3737142682218373,0.13966235427258333,ok
v2e_vs_real,original,983000,984000,16761,0.3568609426011006,0.12734973235414598,ok
v2e_vs_real,original,984000,985000,12303,0.34542769121119765,0.11932028985549853,ok
v2e_vs_real,original,985000,986000,16700,0.3336156748525092,0.11129941850729513,ok
v2e_vs_real,original,986000,987000,16556,0.32642333399060997,0.10655219297354529,ok
v2e_vs_real,original,987000,988000,16650,0.31543798387254546,0.09950112166957625,ok
v2e_vs_real,original,988000,989000,16733,0.30468226680924493,0.09283128370801991,ok
v2e_vs_real,original,989000,990000,12261,0.3021521111442023,0.09129589826889839,ok
v2e_vs_real,original,990000,991000,16378,0.29794279132652285,0.08876990690343994,ok
v2e_vs_real,original,991000,992000,16544,0.2933783775992358,0.0860708724427598,ok
v2e_vs_real,original,992000,993000,16513,0.2919826423210852,0.08525386341680274,ok
v2e_vs_real,original,993000,994000,16461,0.28849304465048436,0.08322823681170638,ok
v2e_vs_real,original,994000,995000,12179,0.2897796048769298,0.08397221940262956,ok
v2e_vs_real,original,995000,996000,15877,0.2879688082382256,0.08292603451814395,ok
v2e_vs_real,original,996000,997000,15771,0.28573959603644444,0.08164711674307046,ok
v2e_vs_real,original,997000,998000,15088,0.2864953845752954,0.0820796053829464,ok
v2e_vs_real,original,998000,999000,14454,0.2867452266911852,0.08222282503017919,ok
v2e_vs_real,original,999000,1000000,16380,0.2501566362026378,0.06257834263621886,ok
v2e_vs_real,original,1000000,1001000,12076,0.21614674191633745,0.04671941404104779,ok
v2e_vs_real,original,1001000,1002000,15728,0.19181146630958387,0.03679163860783263,ok
v2e_vs_real,original,1002000,1003000,15632,0.1659644911616119,0.027544212326532758,ok
v2e_vs_real,original,1003000,1004000,15516,0.14691646550822085,0.021584447837428244,ok
v2e_vs_real,original,1004000,1005000,15747,0.13321462373974802,0.017746135978122635,ok
v2e_vs_real,original,1005000,1006000,11961,0.12261356746467517,0.015034086926414447,ok
v2e_vs_real,original,1006000,1007000,16252,0.1090753404752642,0.01189742989979481,ok
v2e_vs_real,original,1007000,1008000,16695,0.10060120836798021,0.010120603125097771,ok
v2e_vs_real,original,1008000,1009000,17071,0.09804216527535708,0.009612266171880435,ok
v2e_vs_real,original,1009000,1010000,17028,0.09465507501754096,0.008959583226576306,ok
v2e_vs_real,original,1010000,1011000,12766,0.0986610039479611,0.009733993700019594,ok
v2e_vs_real,original,1011000,1012000,17345,0.0957260393456623,0.009163474608807287,ok
v2e_vs_real,original,1012000,1013000,17502,0.09122279510365126,0.00832159834652274,ok
v2e_vs_real,original,1013000,1014000,17967,0.09161149761441288,0.008392666495155576,ok
v2e_vs_real,original,1014000,1015000,17818,0.09615774909544957,0.009246312711103433,ok
