comparison_set,variant,window_start,window_end,n_events,kernel_index,rbf_kernel_max_distance,rbf_kernel_target_similarity,weight_method,weight,mmd,mmd_squared,status
real_vs_real,original,16000,17000,4808,0,3,0.5,uniform,1.0,0.022105360750074028,0.0004886469738909134,ok
real_vs_real,original,17000,18000,4741,0,3,0.5,uniform,1.0,0.028986642598791378,0.000840225449150067,ok
real_vs_real,original,18000,19000,4794,0,3,0.5,uniform,1.0,0.03392122502643031,0.001150649507293722,ok
real_vs_real,original,19000,20000,4917,0,3,0.5,uniform,1.0,0.03859010498445787,0.0014891962027114803,ok
real_vs_real,original,20000,21000,4805,0,3,0.5,uniform,1.0,0.04217364385579988,0.0017786162360758468,ok
real_vs_real,original,21000,22000,4786,0,3,0.5,uniform,1.0,0.04457889171859534,0.001987277586858248,ok
real_vs_real,original,22000,23000,4892,0,3,0.5,uniform,1.0,0.04586355685593111,0.0021034658474772257,ok
real_vs_real,original,23000,24000,5022,0,3,0.5,uniform,1.0,0.04694413179543461,0.0022037515100271346,ok
real_vs_real,original,24000,25000,5033,0,3,0.5,uniform,1.0,0.04763311937813028,0.00226891406169121,ok
real_vs_real,original,25000,26000,5024,0,3,0.5,uniform,1.0,0.048174469578983206,0.0023207795192163785,ok
real_vs_real,original,26000,27000,5119,0,3,0.5,uniform,1.0,0.04863659981394204,0.0023655188414615468,ok
real_vs_real,original,27000,28000,4953,0,3,0.5,uniform,1.0,0.04923666064499898,0.0024242487514707914,ok
real_vs_real,original,28000,29000,4956,0,3,0.5,uniform,1.0,0.04962041801504426,0.002462185883987729,ok
real_vs_real,original,29000,30000,5025,0,3,0.5,uniform,1.0,0.04949187459145972,0.0024494456505767762,ok
real_vs_real,original,30000,31000,4940,0,3,0.5,uniform,1.0,0.04977342229152508,0.0024773935666104856,ok
real_vs_real,original,31000,32000,5117,0,3,0.5,uniform,1.0,0.04947899391766959,0.0024481708391047843,ok
real_vs_real,original,32000,33000,4969,0,3,0.5,uniform,1.0,0.0501451969411276,0.002514540776264473,ok
real_vs_real,original,33000,34000,5009,0,3,0.5,uniform,1.0,0.04995084616386594,0.002495087032486201,ok
real_vs_real,original,34000,35000,4969,0,3,0.5,uniform,1.0,0.05030510727240931,0.002530603817688608,ok
real_vs_real,original,35000,36000,5008,0,3,0.5,uniform,1.0,0.050065486457660686,0.0025065529342422057,ok
real_vs_real,original,36000,37000,4896,0,3,0.5,uniform,1.0,0.05056143297457082,0.002556458504442018,ok
real_vs_real,original,37000,38000,4887,0,3,0.5,uniform,1.0,0.050514254446650066,0.0025516899023009056,ok
real_vs_real,original,38000,39000,4904,0,3,0.5,uniform,1.0,0.050379242756216,0.002538068100689742,ok
real_vs_real,original,39000,40000,4840,0,3,0.5,uniform,1.0,0.05058832178657735,0.0025591783011822966,ok
real_vs_real,original,40000,41000,4773,0,3,0.5,uniform,1.0,0.050625122588773455,0.0025629030371283404,ok
real_vs_real,original,41000,42000,4866,0,3,0.5,uniform,1.0,0.050772485718317946,0.0025778453060167996,ok
real_vs_real,original,42000,43000,4828,0,3,0.5,uniform,1.0,0.05086522814609176,0.002587271434353966,ok
real_vs_real,original,43000,44000,4837,0,3,0.5,uniform,1.0,0.05091558713629583,0.002592397013433733,ok
real_vs_real,original,44000,45000,4798,0,3,0.5,uniform,1.0,0.05101763508851189,0.0026027990900245597,ok
real_vs_real,original,45000,46000,4591,0,3,0.5,uniform,1.0,0.0512814343586284,0.002629785509878313,ok
real_vs_real,original,46000,47000,4649,0,3,0.5,uniform,1.0,0.05088233601227484,0.0025890121180660412,ok
real_vs_real,original,47000,48000,4708,0,3,0.5,uniform,1.0,0.05083397616339442,0.002584093132580552,ok
real_vs_real,original,48000,49000,4679,0,3,0.5,uniform,1.0,0.05101570565173312,0.0026026022231442746,ok
real_vs_real,original,49000,50000,4694,0,3,0.5,uniform,1.0,0.051446948438043615,0.0026467885035867185,ok
real_vs_real,original,50000,51000,4734,0,3,0.5,uniform,1.0,0.051255332036422276,0.0026271090621638954,ok
real_vs_real,original,51000,52000,4671,0,3,0.5,uniform,1.0,0.05139361756925976,0.0026413039268553254,ok
real_vs_real,original,52000,53000,4528,0,3,0.5,uniform,1.0,0.05132403630003913,0.002634156702127734,ok
real_vs_real,original,53000,54000,4499,0,3,0.5,uniform,1.0,0.05170390161321384,0.0026732934420288968,ok
real_vs_real,original,54000,55000,4467,0,3,0.5,uniform,1.0,0.051693989855788505,0.002672268587210365,ok
real_vs_real,original,55000,56000,4426,0,3,0.5,uniform,1.0,0.05190149629009992,0.002693765317151256,ok
real_vs_real,original,56000,57000,4419,0,3,0.5,uniform,1.0,0.051859145527881935,0.0026893709748820366,ok
real_vs_real,original,57000,58000,4526,0,3,0.5,uniform,1.0,0.0517654279224464,0.0026796595279939936,ok
real_vs_real,original,58000,59000,4468,0,3,0.5,uniform,1.0,0.05190076110729881,0.0026936890035169007,ok
real_vs_real,original,59000,60000,4409,0,3,0.5,uniform,1.0,0.05205333622960394,0.002709549812632198,ok
real_vs_real,original,60000,61000,4387,0,3,0.5,uniform,1.0,0.052379033708280405,0.0027435631722131752,ok
real_vs_real,original,61000,62000,4293,0,3,0.5,uniform,1.0,0.052455797384913336,0.0027516106792870804,ok
real_vs_real,original,62000,63000,4253,0,3,0.5,uniform,1.0,0.05263020063053813,0.0027699380184106966,ok
real_vs_real,original,63000,64000,4223,0,3,0.5,uniform,1.0,0.05282754390349954,0.0027907493948761707,ok
real_vs_real,original,64000,65000,4192,0,3,0.5,uniform,1.0,0.0525050953902765,0.002756785041942035,ok
real_vs_real,original,65000,66000,4326,0,3,0.5,uniform,1.0,0.05220186714078085,0.0027250349329837353,ok
real_vs_real,original,66000,67000,4376,0,3,0.5,uniform,1.0,0.05218385851374435,0.002723155089382489,ok
real_vs_real,original,67000,68000,4407,0,3,0.5,uniform,1.0,0.05188747565680255,0.002692310130035277,ok
real_vs_real,original,68000,69000,4364,0,3,0.5,uniform,1.0,0.0518216907180908,0.002685487628881458,ok
real_vs_real,original,69000,70000,4328,0,3,0.5,uniform,1.0,0.05188061327164448,0.0026915980334419327,ok
real_vs_real,original,70000,71000,4307,0,3,0.5,uniform,1.0,0.05209471869187769,0.002713859715585871,ok
real_vs_real,original,71000,72000,4258,0,3,0.5,uniform,1.0,0.05242870282661073,0.0027487688800810605,ok
real_vs_real,original,72000,73000,4250,0,3,0.5,uniform,1.0,0.05246990408188632,0.0027530908343623506,ok
real_vs_real,original,73000,74000,4254,0,3,0.5,uniform,1.0,0.052501924618248964,0.0027564520886202964,ok
real_vs_real,original,74000,75000,4354,0,3,0.5,uniform,1.0,0.052695791821975174,0.002776846475744946,ok
real_vs_real,original,75000,76000,4337,0,3,0.5,uniform,1.0,0.052461036314065006,0.0027521603311456474,ok
real_vs_real,original,76000,77000,4384,0,3,0.5,uniform,1.0,0.05228773622115778,0.0027340073591333755,ok
real_vs_real,original,77000,78000,4375,0,3,0.5,uniform,1.0,0.052544600852869744,0.0027609350787874,ok
real_vs_real,original,78000,79000,4297,0,3,0.5,uniform,1.0,0.05246965926614876,0.00275306514350575,ok
real_vs_real,original,79000,80000,4199,0,3,0.5,uniform,1.0,0.05277191209493571,0.0027848747061556215,ok
real_vs_real,original,80000,81000,4306,0,3,0.5,uniform,1.0,0.05219685154816549,0.002724511311541226,ok
real_vs_real,original,81000,82000,4290,0,3,0.5,uniform,1.0,0.05231339079562468,0.002736690856535749,ok
real_vs_real,original,82000,83000,4317,0,3,0.5,uniform,1.0,0.05258565642663322,0.002765251261819912,ok
real_vs_real,original,83000,84000,4289,0,3,0.5,uniform,1.0,0.05247738006420219,0.002753875418402725,ok
real_vs_real,original,84000,85000,4339,0,3,0.5,uniform,1.0,0.05275202085270109,0.00278277570404381,ok
real_vs_real,original,85000,86000,4484,0,3,0.5,uniform,1.0,0.05197113180006715,0.0027009985405799506,ok
real_vs_real,original,86000,87000,4214,0,3,0.5,uniform,1.0,0.05228233051450769,0.0027334420840282214,ok
real_vs_real,original,87000,88000,4207,0,3,0.5,uniform,1.0,0.052466946160777135,0.0027527804394378865,ok
real_vs_real,original,88000,89000,4348,0,3,0.5,uniform,1.0,0.05186868314970888,0.0026903602916848943,ok
real_vs_real,original,89000,90000,4188,0,3,0.5,uniform,1.0,0.052095685487788354,0.002713960446442562,ok
real_vs_real,original,90000,91000,4261,0,3,0.5,uniform,1.0,0.05202747807700354,0.0027068584750530836,ok
real_vs_real,original,91000,92000,4399,0,3,0.5,uniform,1.0,0.051626243051440326,0.0026652689716063905,ok
real_vs_real,original,92000,93000,4245,0,3,0.5,uniform,1.0,0.05185595790938218,0.0026890403706996166,ok
real_vs_real,original,93000,94000,4315,0,3,0.5,uniform,1.0,0.05134167853155137,0.0026359679544371625,ok
real_vs_real,original,94000,95000,4178,0,3,0.5,uniform,1.0,0.052373601997549354,0.0027429941861977056,ok
real_vs_real,original,95000,96000,3956,0,3,0.5,uniform,1.0,0.05249565186304881,0.00275579346452642,ok
real_vs_real,original,96000,97000,4014,0,3,0.5,uniform,1.0,0.05267388704780786,0.0027745383767252205,ok
real_vs_real,original,97000,98000,3949,0,3,0.5,uniform,1.0,0.05265934187560796,0.0027730062867721583,ok
real_vs_real,original,98000,99000,3988,0,3,0.5,uniform,1.0,0.05239481343172616,0.002745216474545392,ok
real_vs_real,original,99000,100000,4067,0,3,0.5,uniform,1.0,0.05262968772383262,0.002769884029908138,ok
real_vs_real,original,100000,101000,3982,0,3,0.5,uniform,1.0,0.052561088387949234,0.002762668012525812,ok
real_vs_real,original,101000,102000,4093,0,3,0.5,uniform,1.0,0.052342766762568875,0.002739765232360685,ok
real_vs_real,original,102000,103000,4048,0,3,0.5,uniform,1.0,0.05229624349779588,0.0027348970839807577,ok
real_vs_real,original,103000,104000,3890,0,3,0.5,uniform,1.0,0.05271280292766412,0.0027786395924907555,ok
real_vs_real,original,104000,105000,3937,0,3,0.5,uniform,1.0,0.05273556647106169,0.0027810399710237656,ok
real_vs_real,original,105000,106000,3933,0,3,0.5,uniform,1.0,0.05229994973698999,0.0027352847424916794,ok
real_vs_real,original,106000,107000,3791,0,3,0.5,uniform,1.0,0.05268278997121659,0.002775476359151319,ok
real_vs_real,original,107000,108000,3947,0,3,0.5,uniform,1.0,0.052545401442761985,0.0027610192127810133,ok
real_vs_real,original,108000,109000,3843,0,3,0.5,uniform,1.0,0.05295587009982322,0.002804324178029351,ok
real_vs_real,original,109000,110000,3848,0,3,0.5,uniform,1.0,0.05268193844849326,0.0027753866386908323,ok
real_vs_real,original,110000,111000,3929,0,3,0.5,uniform,1.0,0.05260577075809215,0.0027673671170529426,ok
real_vs_real,original,111000,112000,3776,0,3,0.5,uniform,1.0,0.052942505960944124,0.0028029089374246043,ok
real_vs_real,original,112000,113000,3575,0,3,0.5,uniform,1.0,0.05374086571759262,0.002888080648076322,ok
real_vs_real,original,113000,114000,3604,0,3,0.5,uniform,1.0,0.053994887038366315,0.0029154478262859384,ok
real_vs_real,original,114000,115000,3513,0,3,0.5,uniform,1.0,0.05406572034535044,0.0029231021164616406,ok
real_vs_real,original,115000,116000,3470,0,3,0.5,uniform,1.0,0.054775199568327236,0.003000322487750076,ok
real_vs_real,original,116000,117000,3577,0,3,0.5,uniform,1.0,0.0539498531241672,0.0029105866521192134,ok
real_vs_real,original,117000,118000,3447,0,3,0.5,uniform,1.0,0.05444711011942069,0.002964487800356323,ok
real_vs_real,original,118000,119000,3491,0,3,0.5,uniform,1.0,0.05386180681800102,0.002901094233699661,ok
real_vs_real,original,119000,120000,3456,0,3,0.5,uniform,1.0,0.0537932628329102,0.0028937151262105583,ok
real_vs_real,original,120000,121000,3299,0,3,0.5,uniform,1.0,0.054329120841361205,0.0029516533713952286,ok
real_vs_real,original,121000,122000,3184,0,3,0.5,uniform,1.0,0.05494401067978785,0.0030188443095806416,ok
real_vs_real,original,122000,123000,3049,0,3,0.5,uniform,1.0,0.05541602333836618,0.0030709356426383448,ok
real_vs_real,original,123000,124000,2896,0,3,0.5,uniform,1.0,0.05569481660114674,0.00310191259623537,ok
real_vs_real,original,124000,125000,2959,0,3,0.5,uniform,1.0,0.05496757298530285,0.003021434079894596,ok
real_vs_real,original,125000,126000,2801,0,3,0.5,uniform,1.0,0.05481917487723014,0.00300514193422034,ok
real_vs_real,original,126000,127000,2673,0,3,0.5,uniform,1.0,0.05362149583187958,0.002875264815248279,ok
real_vs_real,original,127000,128000,2701,0,3,0.5,uniform,1.0,0.05255554321001864,0.002762085122100136,ok
real_vs_real,original,128000,129000,2416,0,3,0.5,uniform,1.0,0.05277869863000334,0.0027855910290767163,ok
real_vs_real,original,129000,130000,2279,0,3,0.5,uniform,1.0,0.05356459169854062,0.0028691654838313672,ok
real_vs_real,original,130000,131000,2110,0,3,0.5,uniform,1.0,0.05420016533312458,0.0029376579221380393,ok
real_vs_real,original,131000,132000,2160,0,3,0.5,uniform,1.0,0.05339743169466243,0.0028512857115861392,ok
real_vs_real,original,132000,133000,2133,0,3,0.5,uniform,1.0,0.05344045276805846,0.002855881992055087,ok
real_vs_real,original,133000,134000,2291,0,3,0.5,uniform,1.0,0.05259160056880415,0.002765876450388641,ok
real_vs_real,original,134000,135000,2148,0,3,0.5,uniform,1.0,0.05287276544592626,0.002795529325899934,ok
real_vs_real,original,135000,136000,2417,0,3,0.5,uniform,1.0,0.05145065365897719,0.002647169761936023,ok
real_vs_real,original,136000,137000,2301,0,3,0.5,uniform,1.0,0.052247518028521525,0.002729803140140682,ok
real_vs_real,original,137000,138000,2098,0,3,0.5,uniform,1.0,0.053060532932597305,0.0028154201550912436,ok
real_vs_real,original,138000,139000,2338,0,3,0.5,uniform,1.0,0.05269943806016937,0.002777230771857628,ok
real_vs_real,original,139000,140000,2280,0,3,0.5,uniform,1.0,0.05333128833132432,0.0028442263150788493,ok
real_vs_real,original,140000,141000,2157,0,3,0.5,uniform,1.0,0.05263893287162364,0.0027708572538632996,ok
real_vs_real,original,141000,142000,2270,0,3,0.5,uniform,1.0,0.05199733020752871,0.002703722348710778,ok
real_vs_real,original,142000,143000,2222,0,3,0.5,uniform,1.0,0.05246667861059074,0.00275275236442702,ok
real_vs_real,original,143000,144000,2355,0,3,0.5,uniform,1.0,0.051723695540149946,0.0026753406803301273,ok
real_vs_real,original,144000,145000,2303,0,3,0.5,uniform,1.0,0.05151974776819215,0.0026542844100981406,ok
real_vs_real,original,145000,146000,2274,0,3,0.5,uniform,1.0,0.05300481233812942,0.002809510131000317,ok
real_vs_real,original,146000,147000,2239,0,3,0.5,uniform,1.0,0.05262088747277601,0.0027689577984225553,ok
real_vs_real,original,147000,148000,2283,0,3,0.5,uniform,1.0,0.05224986973316468,0.002730048887132678,ok
real_vs_real,original,148000,149000,2142,0,3,0.5,uniform,1.0,0.053071472986916966,0.002816581245001057,ok
real_vs_real,original,149000,150000,2096,0,3,0.5,uniform,1.0,0.05236756727073551,0.0027423621018550087,ok
real_vs_real,original,150000,151000,2180,0,3,0.5,uniform,1.0,0.05209090662715803,0.0027134625532392966,ok
real_vs_real,original,151000,152000,2314,0,3,0.5,uniform,1.0,0.05193898717669225,0.0026976583889406023,ok
real_vs_real,original,152000,153000,2676,0,3,0.5,uniform,1.0,0.05243881759025802,0.002749829590264354,ok
real_vs_real,original,153000,154000,2871,0,3,0.5,uniform,1.0,0.05516087893339888,0.003042722564705089,ok
real_vs_real,original,154000,155000,3151,0,3,0.5,uniform,1.0,0.056129134438480784,0.0031504797328130497,ok
real_vs_real,original,155000,156000,3285,0,3,0.5,uniform,1.0,0.05612056921101336,0.0031495182885681408,ok
real_vs_real,original,156000,157000,3508,0,3,0.5,uniform,1.0,0.05541785049905018,0.0030711381539350767,ok
real_vs_real,original,157000,158000,3650,0,3,0.5,uniform,1.0,0.05490259040740708,0.003014294433443508,ok
real_vs_real,original,158000,159000,3695,0,3,0.5,uniform,1.0,0.05476371551086512,0.0029990645365549685,ok
real_vs_real,original,159000,160000,3739,0,3,0.5,uniform,1.0,0.05443471278718038,0.0029631379562228195,ok
real_vs_real,original,160000,161000,4024,0,3,0.5,uniform,1.0,0.053586626807571806,0.0028715265726139737,ok
real_vs_real,original,161000,162000,3901,0,3,0.5,uniform,1.0,0.053333483616460016,0.0028444604746672092,ok
real_vs_real,original,162000,163000,3812,0,3,0.5,uniform,1.0,0.053726283197227984,0.0028865135061887422,ok
real_vs_real,original,163000,164000,3928,0,3,0.5,uniform,1.0,0.054093730733447073,0.0029261317046626765,ok
real_vs_real,original,164000,165000,3806,0,3,0.5,uniform,1.0,0.05411032262887994,0.0029279270150014765,ok
real_vs_real,original,165000,166000,3947,0,3,0.5,uniform,1.0,0.053547898500643024,0.0028673774338351674,ok
real_vs_real,original,166000,167000,4097,0,3,0.5,uniform,1.0,0.053120824937309304,0.0028218220420202617,ok
real_vs_real,original,167000,168000,4139,0,3,0.5,uniform,1.0,0.05279622556425577,0.0027874414338317746,ok
real_vs_real,original,168000,169000,4258,0,3,0.5,uniform,1.0,0.05201180555703666,0.0027052279173029894,ok
real_vs_real,original,169000,170000,4190,0,3,0.5,uniform,1.0,0.05123682286495958,0.0026252120172952443,ok
real_vs_real,original,170000,171000,4019,0,3,0.5,uniform,1.0,0.05134415923881296,0.0026362226879405827,ok
real_vs_real,original,171000,172000,4106,0,3,0.5,uniform,1.0,0.05062276599660199,0.0025626644371467226,ok
real_vs_real,original,172000,173000,4008,0,3,0.5,uniform,1.0,0.049846630641174665,0.002484686586277693,ok
real_vs_real,original,173000,174000,4141,0,3,0.5,uniform,1.0,0.0488047972701635,0.002381908236581759,ok
real_vs_real,original,174000,175000,4150,0,3,0.5,uniform,1.0,0.04671939937025344,0.0021827022775172374,ok
real_vs_real,original,175000,176000,4149,0,3,0.5,uniform,1.0,0.04455199735129701,0.0019848804679899754,ok
real_vs_real,original,176000,177000,4200,0,3,0.5,uniform,1.0,0.04215746400911096,0.0017772517716794858,ok
real_vs_real,original,177000,178000,4312,0,3,0.5,uniform,1.0,0.039256719380372375,0.0015410900165093039,ok
real_vs_real,original,178000,179000,4212,0,3,0.5,uniform,1.0,0.0376257443573186,0.0014156966384422927,ok
real_vs_real,original,179000,180000,4276,0,3,0.5,uniform,1.0,0.03559354375863259,0.0012669003572976932,ok
real_vs_real,original,180000,181000,4237,0,3,0.5,uniform,1.0,0.03423083306638989,0.0011717499324190512,ok
real_vs_real,original,181000,182000,4284,0,3,0.5,uniform,1.0,0.03276416485065666,0.0010734904983610055,ok
real_vs_real,original,182000,183000,4489,0,3,0.5,uniform,1.0,0.033403303911765006,0.0011157807122217352,ok
real_vs_real,original,183000,184000,4548,0,3,0.5,uniform,1.0,0.03564740969699348,0.0012707378181053047,ok
real_vs_real,original,184000,185000,4480,0,3,0.5,uniform,1.0,0.038084938080847196,0.0014504625086219647,ok
real_vs_real,original,185000,186000,4732,0,3,0.5,uniform,1.0,0.0405367810776835,0.0016432306201400388,ok
real_vs_real,original,186000,187000,4528,0,3,0.5,uniform,1.0,0.042629989269346864,0.0018173159851046286,ok
real_vs_real,original,187000,188000,4553,0,3,0.5,uniform,1.0,0.045278282939748504,0.0020501229059719205,ok
real_vs_real,original,188000,189000,4501,0,3,0.5,uniform,1.0,0.047548059851480876,0.0022608179956400075,ok
real_vs_real,original,189000,190000,4613,0,3,0.5,uniform,1.0,0.04758601783508761,0.0022644290934012764,ok
real_vs_real,original,190000,191000,4839,0,3,0.5,uniform,1.0,0.0483127843713868,0.002334125133716117,ok
real_vs_real,original,191000,192000,4904,0,3,0.5,uniform,1.0,0.04955745383328535,0.002455941230438209,ok
real_vs_real,original,192000,193000,4752,0,3,0.5,uniform,1.0,0.05027649226323063,0.0025277256742946893,ok
real_vs_real,original,193000,194000,4827,0,3,0.5,uniform,1.0,0.05047780751052778,0.0025480090510698944,ok
real_vs_real,original,194000,195000,4764,0,3,0.5,uniform,1.0,0.0505361034427683,0.002553897751178178,ok
real_vs_real,original,195000,196000,4826,0,3,0.5,uniform,1.0,0.05070229689973516,0.0025707229109088936,ok
real_vs_real,original,196000,197000,4633,0,3,0.5,uniform,1.0,0.05100340139583902,0.0026013469539450736,ok
real_vs_real,original,197000,198000,4633,0,3,0.5,uniform,1.0,0.05067097680210608,0.0025675478900795724,ok
real_vs_real,original,198000,199000,4771,0,3,0.5,uniform,1.0,0.05086777484568544,0.002587530517751349,ok
real_vs_real,original,199000,200000,4792,0,3,0.5,uniform,1.0,0.050918093318037816,0.0025926522271444074,ok
real_vs_real,original,200000,201000,4733,0,3,0.5,uniform,1.0,0.05096445914362043,0.002597376095801756,ok
real_vs_real,original,201000,202000,4795,0,3,0.5,uniform,1.0,0.05113103968781866,0.002614383219557287,ok
real_vs_real,original,202000,203000,4895,0,3,0.5,uniform,1.0,0.0507164042279016,0.002572153657807915,ok
real_vs_real,original,203000,204000,4733,0,3,0.5,uniform,1.0,0.051329245408540544,0.0026346914342101806,ok
real_vs_real,original,204000,205000,4693,0,3,0.5,uniform,1.0,0.05132339623635356,0.002634091001233751,ok
real_vs_real,original,205000,206000,4663,0,3,0.5,uniform,1.0,0.051104387488421534,0.0026116584205667353,ok
real_vs_real,original,206000,207000,4683,0,3,0.5,uniform,1.0,0.05093128064663791,0.0025939953483065936,ok
real_vs_real,original,207000,208000,4714,0,3,0.5,uniform,1.0,0.050805087841403376,0.0025811569505727132,ok
real_vs_real,original,208000,209000,4781,0,3,0.5,uniform,1.0,0.05060503811391735,0.0025608698825110277,ok
real_vs_real,original,209000,210000,4702,0,3,0.5,uniform,1.0,0.05062850678570712,0.0025632456993503923,ok
real_vs_real,original,210000,211000,4642,0,3,0.5,uniform,1.0,0.05053686514636145,0.002553974738821523,ok
real_vs_real,original,211000,212000,4580,0,3,0.5,uniform,1.0,0.05059716060927067,0.002560072661720332,ok
real_vs_real,original,212000,213000,4362,0,3,0.5,uniform,1.0,0.051293461123546255,0.002631019154032751,ok
real_vs_real,original,213000,214000,4464,0,3,0.5,uniform,1.0,0.051124345852368025,0.0026136987388325397,ok
real_vs_real,original,214000,215000,4305,0,3,0.5,uniform,1.0,0.05142986993544506,0.0026450315215767956,ok
real_vs_real,original,215000,216000,4292,0,3,0.5,uniform,1.0,0.05116940483171325,0.002618307990831759,ok
real_vs_real,original,216000,217000,4295,0,3,0.5,uniform,1.0,0.0512772545093466,0.0026293568300163063,ok
real_vs_real,original,217000,218000,4301,0,3,0.5,uniform,1.0,0.0510791878977576,0.0026090834362944267,ok
real_vs_real,original,218000,219000,4367,0,3,0.5,uniform,1.0,0.05098297335565916,0.002599263572183852,ok
real_vs_real,original,219000,220000,4287,0,3,0.5,uniform,1.0,0.05108784393703412,0.0026099677981347535,ok
real_vs_real,original,220000,221000,4126,0,3,0.5,uniform,1.0,0.051551293636318676,0.0026575358755779504,ok
real_vs_real,original,221000,222000,4106,0,3,0.5,uniform,1.0,0.051846104478788735,0.0026880185496254774,ok
real_vs_real,original,222000,223000,4185,0,3,0.5,uniform,1.0,0.051040160646650914,0.002605097998835933,ok
real_vs_real,original,223000,224000,4107,0,3,0.5,uniform,1.0,0.05141495339872281,0.002643497432992838,ok
real_vs_real,original,224000,225000,4139,0,3,0.5,uniform,1.0,0.05123465321289173,0.002624989689845277,ok
real_vs_real,original,225000,226000,4098,0,3,0.5,uniform,1.0,0.05123363564027523,0.00262488542092048,ok
real_vs_real,original,226000,227000,4169,0,3,0.5,uniform,1.0,0.05113646799544794,0.0026149383590494714,ok
real_vs_real,original,227000,228000,4189,0,3,0.5,uniform,1.0,0.05117097943657893,0.0026184691364987836,ok
real_vs_real,original,228000,229000,4050,0,3,0.5,uniform,1.0,0.05166084109339182,0.0026688425024766808,ok
real_vs_real,original,229000,230000,4063,0,3,0.5,uniform,1.0,0.05140483581564496,0.0026424571452334147,ok
real_vs_real,original,230000,231000,3981,0,3,0.5,uniform,1.0,0.05168711446217155,0.002671557801425623,ok
real_vs_real,original,231000,232000,4007,0,3,0.5,uniform,1.0,0.05164375622900656,0.002667077557441054,ok
real_vs_real,original,232000,233000,4081,0,3,0.5,uniform,1.0,0.051484494878347394,0.0026506532128785787,ok
real_vs_real,original,233000,234000,4161,0,3,0.5,uniform,1.0,0.05138712023311284,0.0026406361258523954,ok
real_vs_real,original,234000,235000,4018,0,3,0.5,uniform,1.0,0.051917281383145386,0.0026954041062166945,ok
real_vs_real,original,235000,236000,4195,0,3,0.5,uniform,1.0,0.05163292887899551,0.0026659593446234082,ok
real_vs_real,original,236000,237000,4124,0,3,0.5,uniform,1.0,0.05151233622721684,0.0026535207835858363,ok
real_vs_real,original,237000,238000,4088,0,3,0.5,uniform,1.0,0.052006038069477664,0.0027046279956839604,ok
real_vs_real,original,238000,239000,4116,0,3,0.5,uniform,1.0,0.05189384050780668,0.0026929706826496775,ok
real_vs_real,original,239000,240000,4190,0,3,0.5,uniform,1.0,0.05171007652411381,0.002673932014129706,ok
real_vs_real,original,240000,241000,4252,0,3,0.5,uniform,1.0,0.051929721006732654,0.002696695923837091,ok
real_vs_real,original,241000,242000,4169,0,3,0.5,uniform,1.0,0.0519496847121545,0.0026987697416922586,ok
real_vs_real,original,242000,243000,4168,0,3,0.5,uniform,1.0,0.05229391093237828,0.0027346531206035125,ok
real_vs_real,original,243000,244000,4192,0,3,0.5,uniform,1.0,0.05189454786721783,0.0026930440983429626,ok
real_vs_real,original,244000,245000,4190,0,3,0.5,uniform,1.0,0.05190416304607818,0.0026940421415138677,ok
real_vs_real,original,245000,246000,4187,0,3,0.5,uniform,1.0,0.05195240450809928,0.0026990523341731743,ok
real_vs_real,original,246000,247000,4279,0,3,0.5,uniform,1.0,0.05177166899710772,0.0026803057107460853,ok
real_vs_real,original,247000,248000,4191,0,3,0.5,uniform,1.0,0.05200383983618234,0.0027043993577073053,ok
real_vs_real,original,248000,249000,4394,0,3,0.5,uniform,1.0,0.051446086687669,0.0026466998354751532,ok
real_vs_real,original,249000,250000,4330,0,3,0.5,uniform,1.0,0.05163099880457375,0.002665760037557896,ok
real_vs_real,original,250000,251000,4336,0,3,0.5,uniform,1.0,0.051591980506765035,0.0026617324526104235,ok
real_vs_real,original,251000,252000,4277,0,3,0.5,uniform,1.0,0.05203145760241423,0.0027072725802318297,ok
real_vs_real,original,252000,253000,4301,0,3,0.5,uniform,1.0,0.051822113355697384,0.002685531432650749,ok
real_vs_real,original,253000,254000,4257,0,3,0.5,uniform,1.0,0.052124317189707205,0.002716944442493206,ok
real_vs_real,original,254000,255000,4263,0,3,0.5,uniform,1.0,0.05173135710545318,0.002676133307971921,ok
real_vs_real,original,255000,256000,4281,0,3,0.5,uniform,1.0,0.051782886707396836,0.002681467355751096,ok
real_vs_real,original,256000,257000,4315,0,3,0.5,uniform,1.0,0.051215734230261274,0.0026230514327447566,ok
real_vs_real,original,257000,258000,4200,0,3,0.5,uniform,1.0,0.05165614122251175,0.0026683569260000776,ok
real_vs_real,original,258000,259000,4110,0,3,0.5,uniform,1.0,0.05179963046652628,0.002683201716468678,ok
real_vs_real,original,259000,260000,4044,0,3,0.5,uniform,1.0,0.05184447250320052,0.002687849329135115,ok
real_vs_real,original,260000,261000,4112,0,3,0.5,uniform,1.0,0.051397528623421465,0.0026417059485954286,ok
real_vs_real,original,261000,262000,4003,0,3,0.5,uniform,1.0,0.05150666340809188,0.002652936375434471,ok
real_vs_real,original,262000,263000,3922,0,3,0.5,uniform,1.0,0.05184314055246343,0.0026877112223424784,ok
real_vs_real,original,263000,264000,3951,0,3,0.5,uniform,1.0,0.05186912531925446,0.002690406161384524,ok
real_vs_real,original,264000,265000,3847,0,3,0.5,uniform,1.0,0.05181133635452904,0.002684414574842142,ok
real_vs_real,original,265000,266000,4077,0,3,0.5,uniform,1.0,0.05120271366504257,0.002621717886664337,ok
real_vs_real,original,266000,267000,3937,0,3,0.5,uniform,1.0,0.05156690011304203,0.002659145187268454,ok
real_vs_real,original,267000,268000,3906,0,3,0.5,uniform,1.0,0.05206011614115356,0.002710255692630397,ok
real_vs_real,original,268000,269000,4006,0,3,0.5,uniform,1.0,0.051831318668742105,0.0026864855949406937,ok
real_vs_real,original,269000,270000,3942,0,3,0.5,uniform,1.0,0.05149428479628587,0.0026516613666809985,ok
real_vs_real,original,270000,271000,4013,0,3,0.5,uniform,1.0,0.05136685495558695,0.0026385537880283076,ok
real_vs_real,original,271000,272000,3887,0,3,0.5,uniform,1.0,0.05182608248954699,0.0026859428262133293,ok
real_vs_real,original,272000,273000,3810,0,3,0.5,uniform,1.0,0.051546232278033406,0.002657014062060973,ok
real_vs_real,original,273000,274000,3907,0,3,0.5,uniform,1.0,0.051182061027620546,0.0026196033710350736,ok
real_vs_real,original,274000,275000,3872,0,3,0.5,uniform,1.0,0.05140350216694074,0.0026423200350266817,ok
real_vs_real,original,275000,276000,3884,0,3,0.5,uniform,1.0,0.05177372365238683,0.0026805184608337195,ok
real_vs_real,original,276000,277000,3865,0,3,0.5,uniform,1.0,0.05177728771581985,0.0026808875232067894,ok
real_vs_real,original,277000,278000,3871,0,3,0.5,uniform,1.0,0.05121953090716073,0.002623440346349593,ok
real_vs_real,original,278000,279000,3645,0,3,0.5,uniform,1.0,0.05216935351846411,0.002721641446534483,ok
real_vs_real,original,279000,280000,3731,0,3,0.5,uniform,1.0,0.051857874587266886,0.0026892391567087007,ok
real_vs_real,original,280000,281000,3775,0,3,0.5,uniform,1.0,0.05166777678668067,0.002669559158078258,ok
real_vs_real,original,281000,282000,3818,0,3,0.5,uniform,1.0,0.05122174752275435,0.002623667419284792,ok
real_vs_real,original,282000,283000,3691,0,3,0.5,uniform,1.0,0.052361005256553406,0.0027416748714768134,ok
real_vs_real,original,283000,284000,3638,0,3,0.5,uniform,1.0,0.05249802426680596,0.0027560425519181472,ok
real_vs_real,original,284000,285000,3647,0,3,0.5,uniform,1.0,0.052765985841532734,0.002784249261828833,ok
real_vs_real,original,285000,286000,3610,0,3,0.5,uniform,1.0,0.05315381089352553,0.002825327612504673,ok
real_vs_real,original,286000,287000,3542,0,3,0.5,uniform,1.0,0.05301581297616401,0.0028106764255236005,ok
real_vs_real,original,287000,288000,3447,0,3,0.5,uniform,1.0,0.05336535753271336,0.002847861384594327,ok
real_vs_real,original,288000,289000,3436,0,3,0.5,uniform,1.0,0.05322661120893453,0.0028330721407870746,ok
real_vs_real,original,289000,290000,3445,0,3,0.5,uniform,1.0,0.053253761406951775,0.002835963103988546,ok
real_vs_real,original,290000,291000,3474,0,3,0.5,uniform,1.0,0.05246889845969187,0.0027529853055734558,ok
real_vs_real,original,291000,292000,3343,0,3,0.5,uniform,1.0,0.05391160565036525,0.0029064612238004946,ok
real_vs_real,original,292000,293000,3217,0,3,0.5,uniform,1.0,0.05380387846409914,0.002894857337779551,ok
real_vs_real,original,293000,294000,3089,0,3,0.5,uniform,1.0,0.05441153373919601,0.0029606150038516653,ok
real_vs_real,original,294000,295000,2817,0,3,0.5,uniform,1.0,0.05512340114157158,0.0030385893534146157,ok
real_vs_real,original,295000,296000,2580,0,3,0.5,uniform,1.0,0.05578316017219505,0.0031117609587967675,ok
real_vs_real,original,296000,297000,2619,0,3,0.5,uniform,1.0,0.055982941153248686,0.0031340897001681054,ok
real_vs_real,original,297000,298000,2625,0,3,0.5,uniform,1.0,0.05549196397269723,0.0030793580655471267,ok
real_vs_real,original,298000,299000,2572,0,3,0.5,uniform,1.0,0.05639064096571492,0.0031799043885241654,ok
real_vs_real,original,299000,300000,2535,0,3,0.5,uniform,1.0,0.0567081196828664,0.0032158108379662996,ok
real_vs_real,original,300000,301000,2594,0,3,0.5,uniform,1.0,0.056407135993540955,0.0031817649909938236,ok
real_vs_real,original,301000,302000,2518,0,3,0.5,uniform,1.0,0.056928530031920103,0.003240857531595229,ok
real_vs_real,original,302000,303000,2596,0,3,0.5,uniform,1.0,0.05648727020435753,0.0031908116951400983,ok
real_vs_real,original,303000,304000,2400,0,3,0.5,uniform,1.0,0.056774528730330065,0.003223347112551074,ok
real_vs_real,original,304000,305000,2362,0,3,0.5,uniform,1.0,0.05829098951985615,0.00339783945920398,ok
real_vs_real,original,305000,306000,2463,0,3,0.5,uniform,1.0,0.05632763492202927,0.0031728024559094107,ok
real_vs_real,original,306000,307000,2463,0,3,0.5,uniform,1.0,0.056588034531467775,0.003202205652134589,ok
real_vs_real,original,307000,308000,2633,0,3,0.5,uniform,1.0,0.05577534994598178,0.0031108896615967296,ok
real_vs_real,original,308000,309000,2570,0,3,0.5,uniform,1.0,0.05762377179400642,0.0033204990757677295,ok
real_vs_real,original,309000,310000,2583,0,3,0.5,uniform,1.0,0.05704183922743877,0.0032537714224489724,ok
real_vs_real,original,310000,311000,2505,0,3,0.5,uniform,1.0,0.05651564805443242,0.0031940184750124706,ok
real_vs_real,original,311000,312000,2423,0,3,0.5,uniform,1.0,0.056452695248135835,0.0031869068007788987,ok
real_vs_real,original,312000,313000,2436,0,3,0.5,uniform,1.0,0.055755855699104004,0.0031087154447393085,ok
real_vs_real,original,313000,314000,2423,0,3,0.5,uniform,1.0,0.056307609396609705,0.0031705468759611693,ok
real_vs_real,original,314000,315000,2371,0,3,0.5,uniform,1.0,0.05685352488058353,0.0032323232913471305,ok
real_vs_real,original,315000,316000,2501,0,3,0.5,uniform,1.0,0.05623299604099115,0.0031621498437461263,ok
real_vs_real,original,316000,317000,2490,0,3,0.5,uniform,1.0,0.05725646139549229,0.0032783023715334996,ok
real_vs_real,original,317000,318000,2620,0,3,0.5,uniform,1.0,0.057150603700596034,0.003266191503342581,ok
real_vs_real,original,318000,319000,2635,0,3,0.5,uniform,1.0,0.056527067664660806,0.003195309378765141,ok
real_vs_real,original,319000,320000,2827,0,3,0.5,uniform,1.0,0.05593879214950067,0.003129148467145038,ok
real_vs_real,original,320000,321000,2869,0,3,0.5,uniform,1.0,0.055434017321589556,0.003072930276410291,ok
real_vs_real,original,321000,322000,3146,0,3,0.5,uniform,1.0,0.0541887619513945,0.0029364219218249,ok
real_vs_real,original,322000,323000,3338,0,3,0.5,uniform,1.0,0.0532198116110694,0.0028323483479177174,ok
real_vs_real,original,323000,324000,3487,0,3,0.5,uniform,1.0,0.05271726005607711,0.0027791095078200634,ok
real_vs_real,original,324000,325000,3428,0,3,0.5,uniform,1.0,0.052782718910685374,0.002786015415604423,ok
real_vs_real,original,325000,326000,3480,0,3,0.5,uniform,1.0,0.05302469866563384,0.0028116186685812716,ok
real_vs_real,original,326000,327000,3547,0,3,0.5,uniform,1.0,0.052342747830554266,0.0027397632504529935,ok
real_vs_real,original,327000,328000,3671,0,3,0.5,uniform,1.0,0.05217474145284426,0.0027222036456711453,ok
real_vs_real,original,328000,329000,3778,0,3,0.5,uniform,1.0,0.05183857661438225,0.002687238025405178,ok
real_vs_real,original,329000,330000,3863,0,3,0.5,uniform,1.0,0.051202229717204575,0.0026216683280133875,ok
real_vs_real,original,330000,331000,3796,0,3,0.5,uniform,1.0,0.05115298973232497,0.0026166283585553436,ok
real_vs_real,original,331000,332000,4024,0,3,0.5,uniform,1.0,0.0506596878345027,0.0025664039714892607,ok
real_vs_real,original,332000,333000,3946,0,3,0.5,uniform,1.0,0.0506006378584585,0.002560424551682864,ok
real_vs_real,original,333000,334000,4004,0,3,0.5,uniform,1.0,0.05039564290249832,0.0025397208235561288,ok
real_vs_real,original,334000,335000,3980,0,3,0.5,uniform,1.0,0.05015365904269243,0.0025153895153706444,ok
real_vs_real,original,335000,336000,4114,0,3,0.5,uniform,1.0,0.04947227483362281,0.0024475059772135093,ok
real_vs_real,original,336000,337000,4033,0,3,0.5,uniform,1.0,0.04930671036842599,0.002431151687355847,ok
real_vs_real,original,337000,338000,4119,0,3,0.5,uniform,1.0,0.048815024642655115,0.002382906630863026,ok
real_vs_real,original,338000,339000,4091,0,3,0.5,uniform,1.0,0.04747586461583979,0.0022539577210215485,ok
real_vs_real,original,339000,340000,4199,0,3,0.5,uniform,1.0,0.04600355298432271,0.002116326887181387,ok
real_vs_real,original,340000,341000,4151,0,3,0.5,uniform,1.0,0.044816635385396236,0.0020085308072675502,ok
real_vs_real,original,341000,342000,4197,0,3,0.5,uniform,1.0,0.04285597266557264,0.0018366343931123094,ok
real_vs_real,original,342000,343000,4496,0,3,0.5,uniform,1.0,0.04001749374470475,0.0016013998056074836,ok
real_vs_real,original,343000,344000,4518,0,3,0.5,uniform,1.0,0.03759156174572878,0.0014131255144829396,ok
real_vs_real,original,344000,345000,4564,0,3,0.5,uniform,1.0,0.03235687038697641,0.0010469670612395909,ok
real_vs_real,original,345000,346000,4746,0,3,0.5,uniform,1.0,0.025271665125880343,0.0006386570582346367,ok
real_vs_real,original,346000,347000,4674,0,3,0.5,uniform,1.0,0.020453548111150764,0.00041834763033515897,ok
real_vs_real,original,347000,348000,4717,0,3,0.5,uniform,1.0,0.020743851229369812,0.0004303073638262274,ok
real_vs_real,original,348000,349000,4933,0,3,0.5,uniform,1.0,0.02550606047587929,0.0006505591209992117,ok
real_vs_real,original,349000,350000,4795,0,3,0.5,uniform,1.0,0.031855766481397,0.0010147898581172965,ok
real_vs_real,original,350000,351000,4845,0,3,0.5,uniform,1.0,0.03712677024405509,0.0013783970687548548,ok
real_vs_real,original,351000,352000,4938,0,3,0.5,uniform,1.0,0.04037554075775898,0.0016301842914814568,ok
real_vs_real,original,352000,353000,5015,0,3,0.5,uniform,1.0,0.04361402587810908,0.0019021832532963683,ok
real_vs_real,original,353000,354000,4900,0,3,0.5,uniform,1.0,0.04575713925219669,0.002093715792544919,ok
real_vs_real,original,354000,355000,4965,0,3,0.5,uniform,1.0,0.046927448844223646,0.002202185455027227,ok
real_vs_real,original,355000,356000,4952,0,3,0.5,uniform,1.0,0.047803555656970906,0.0022851799334491153,ok
real_vs_real,original,356000,357000,5092,0,3,0.5,uniform,1.0,0.04838196496151065,0.002340814533536844,ok
real_vs_real,original,357000,358000,5135,0,3,0.5,uniform,1.0,0.04845323280271734,0.002347715769034324,ok
real_vs_real,original,358000,359000,5029,0,3,0.5,uniform,1.0,0.049195807114414805,0.002420227437638706,ok
real_vs_real,original,359000,360000,5166,0,3,0.5,uniform,1.0,0.0491420241017984,0.002414938532821735,ok
real_vs_real,original,360000,361000,5037,0,3,0.5,uniform,1.0,0.049490944106605296,0.0024493535485631294,ok
real_vs_real,original,361000,362000,5090,0,3,0.5,uniform,1.0,0.04964544053130459,0.0024646697655473005,ok
real_vs_real,original,362000,363000,4999,0,3,0.5,uniform,1.0,0.05034775024814103,0.0025348959550491853,ok
real_vs_real,original,363000,364000,5038,0,3,0.5,uniform,1.0,0.049625711916015024,0.002462711283171315,ok
real_vs_real,original,364000,365000,5001,0,3,0.5,uniform,1.0,0.05010478862181988,0.0025104898428372504,ok
real_vs_real,original,365000,366000,4955,0,3,0.5,uniform,1.0,0.04995972273714697,0.0024959738959725994,ok
real_vs_real,original,366000,367000,4946,0,3,0.5,uniform,1.0,0.05059605515319855,0.00255996079706551,ok
real_vs_real,original,367000,368000,5057,0,3,0.5,uniform,1.0,0.05025365028069591,0.002525429366534488,ok
real_vs_real,original,368000,369000,4936,0,3,0.5,uniform,1.0,0.050985597425188586,0.0025995311448033967,ok
real_vs_real,original,369000,370000,4905,0,3,0.5,uniform,1.0,0.050716868506694504,0.002572200751125341,ok
real_vs_real,original,370000,371000,4868,0,3,0.5,uniform,1.0,0.050723701159990975,0.00257289385936807,ok
real_vs_real,original,371000,372000,4874,0,3,0.5,uniform,1.0,0.05096106344463068,0.0025970299874076737,ok
real_vs_real,original,372000,373000,4726,0,3,0.5,uniform,1.0,0.05089497616847039,0.002590298599189169,ok
real_vs_real,original,373000,374000,4757,0,3,0.5,uniform,1.0,0.050904569464394915,0.0025912751923554073,ok
real_vs_real,original,374000,375000,4817,0,3,0.5,uniform,1.0,0.05125000738328692,0.0026265632567869642,ok
real_vs_real,original,375000,376000,4804,0,3,0.5,uniform,1.0,0.05097029409001919,0.002597970879623045,ok
real_vs_real,original,376000,377000,4715,0,3,0.5,uniform,1.0,0.05154434649478348,0.0026568196555742983,ok
real_vs_real,original,377000,378000,4703,0,3,0.5,uniform,1.0,0.05127521427605888,0.002629147599055752,ok
real_vs_real,original,378000,379000,4704,0,3,0.5,uniform,1.0,0.05124394309933477,0.0026259417043678597,ok
real_vs_real,original,379000,380000,4578,0,3,0.5,uniform,1.0,0.051896055324029106,0.0026932005581946894,ok
real_vs_real,original,380000,381000,4625,0,3,0.5,uniform,1.0,0.05164025883229799,0.0026667163322667306,ok
real_vs_real,original,381000,382000,4652,0,3,0.5,uniform,1.0,0.05127671915365426,0.002629301927162734,ok
real_vs_real,original,382000,383000,4646,0,3,0.5,uniform,1.0,0.051571512153189905,0.002659620865766614,ok
real_vs_real,original,383000,384000,4510,0,3,0.5,uniform,1.0,0.05157773197521083,0.002660262435706686,ok
real_vs_real,original,384000,385000,4564,0,3,0.5,uniform,1.0,0.052021151320767324,0.002706200184738172,ok
real_vs_real,original,385000,386000,4572,0,3,0.5,uniform,1.0,0.051799104797539686,0.0026831472578264987,ok
real_vs_real,original,386000,387000,4502,0,3,0.5,uniform,1.0,0.051756396702231616,0.002678724599598772,ok
real_vs_real,original,387000,388000,4378,0,3,0.5,uniform,1.0,0.05227652691448826,0.0027328352662412156,ok
real_vs_real,original,388000,389000,4287,0,3,0.5,uniform,1.0,0.05266095855901127,0.002773176556353902,ok
real_vs_real,original,389000,390000,4341,0,3,0.5,uniform,1.0,0.052244743876083806,0.0027295132626775965,ok
real_vs_real,original,390000,391000,4314,0,3,0.5,uniform,1.0,0.052402842923683565,0.0027460579464842526,ok
real_vs_real,original,391000,392000,4447,0,3,0.5,uniform,1.0,0.052253375825925076,0.002730415285205371,ok
real_vs_real,original,392000,393000,4365,0,3,0.5,uniform,1.0,0.052277058104989914,0.002732890804112492,ok
real_vs_real,original,393000,394000,4456,0,3,0.5,uniform,1.0,0.052400393592244444,0.0027458012486221324,ok
real_vs_real,original,394000,395000,4300,0,3,0.5,uniform,1.0,0.05282852027415731,0.00279085255435705,ok
real_vs_real,original,395000,396000,4272,0,3,0.5,uniform,1.0,0.05259877920973924,0.002766631574354897,ok
real_vs_real,original,396000,397000,4243,0,3,0.5,uniform,1.0,0.05291990558608082,0.002800516407239708,ok
real_vs_real,original,397000,398000,4229,0,3,0.5,uniform,1.0,0.05260331875788903,0.00276710914434408,ok
real_vs_real,original,398000,399000,4228,0,3,0.5,uniform,1.0,0.05237663915723467,0.002743312329407168,ok
real_vs_real,original,399000,400000,4296,0,3,0.5,uniform,1.0,0.05242221689753362,0.002748088824452059,ok
real_vs_real,original,400000,401000,4427,0,3,0.5,uniform,1.0,0.05250474826363301,0.002756748590227473,ok
real_vs_real,original,401000,402000,4284,0,3,0.5,uniform,1.0,0.05324365399916204,0.0028348866911824836,ok
real_vs_real,original,402000,403000,4337,0,3,0.5,uniform,1.0,0.05236585077299433,0.00274218232717951,ok
real_vs_real,original,403000,404000,4201,0,3,0.5,uniform,1.0,0.05284129529631048,0.002792202488591884,ok
real_vs_real,original,404000,405000,4279,0,3,0.5,uniform,1.0,0.05302295087263582,0.0028114333192419514,ok
real_vs_real,original,405000,406000,4250,0,3,0.5,uniform,1.0,0.05295256661783595,0.002803974311416354,ok
real_vs_real,original,406000,407000,4219,0,3,0.5,uniform,1.0,0.05318215738184913,0.00282834186378777,ok
real_vs_real,original,407000,408000,4316,0,3,0.5,uniform,1.0,0.05285702586910075,0.002793865183726786,ok
real_vs_real,original,408000,409000,4247,0,3,0.5,uniform,1.0,0.05284539192458952,0.0027926354476634713,ok
real_vs_real,original,409000,410000,4366,0,3,0.5,uniform,1.0,0.0524809475639715,0.0027542498572123266,ok
real_vs_real,original,410000,411000,4325,0,3,0.5,uniform,1.0,0.052638237328783054,0.00277078402908129,ok
real_vs_real,original,411000,412000,4335,0,3,0.5,uniform,1.0,0.05268201295381474,0.0027753944888659044,ok
real_vs_real,original,412000,413000,4235,0,3,0.5,uniform,1.0,0.052663173932546686,0.002773409888649665,ok
real_vs_real,original,413000,414000,4252,0,3,0.5,uniform,1.0,0.052929956311432616,0.0028015802751301657,ok
real_vs_real,original,414000,415000,4162,0,3,0.5,uniform,1.0,0.052878931671695294,0.0027961814147398193,ok
real_vs_real,original,415000,416000,4299,0,3,0.5,uniform,1.0,0.05262940458515769,0.0027698542269882173,ok
real_vs_real,original,416000,417000,4472,0,3,0.5,uniform,1.0,0.05201291824960341,0.0027053436648399277,ok
real_vs_real,original,417000,418000,4382,0,3,0.5,uniform,1.0,0.052179499048836175,0.0027227001209874954,ok
real_vs_real,original,418000,419000,4449,0,3,0.5,uniform,1.0,0.05190525453901244,0.002694155448759671,ok
real_vs_real,original,419000,420000,4309,0,3,0.5,uniform,1.0,0.052184789113837345,0.002723252214855677,ok
real_vs_real,original,420000,421000,4250,0,3,0.5,uniform,1.0,0.052618900933749234,0.002768748735475716,ok
real_vs_real,original,421000,422000,4236,0,3,0.5,uniform,1.0,0.05254969249980975,0.0027614701818245613,ok
real_vs_real,original,422000,423000,4141,0,3,0.5,uniform,1.0,0.0520178826982238,0.002705860120406171,ok
real_vs_real,original,423000,424000,4192,0,3,0.5,uniform,1.0,0.05192628595844558,0.0026963391734382627,ok
real_vs_real,original,424000,425000,4262,0,3,0.5,uniform,1.0,0.05212571286423444,0.0027170899416046157,ok
real_vs_real,original,425000,426000,4199,0,3,0.5,uniform,1.0,0.05219732863806291,0.0027245611169499423,ok
real_vs_real,original,426000,427000,4162,0,3,0.5,uniform,1.0,0.05196769166548483,0.0027006409770389014,ok
real_vs_real,original,427000,428000,4247,0,3,0.5,uniform,1.0,0.05189287790608502,0.002692870777375847,ok
real_vs_real,original,428000,429000,4039,0,3,0.5,uniform,1.0,0.05226824418772383,0.002731969350467526,ok
real_vs_real,original,429000,430000,3913,0,3,0.5,uniform,1.0,0.05277244459372923,0.0027849309083982214,ok
real_vs_real,original,430000,431000,3967,0,3,0.5,uniform,1.0,0.052919777670891816,0.00280050286873662,ok
real_vs_real,original,431000,432000,3818,0,3,0.5,uniform,1.0,0.05297277042801743,0.002806114406819438,ok
real_vs_real,original,432000,433000,4069,0,3,0.5,uniform,1.0,0.05249607989070862,0.002755838403891662,ok
real_vs_real,original,433000,434000,4138,0,3,0.5,uniform,1.0,0.052113374447567064,0.002715803796312336,ok
real_vs_real,original,434000,435000,4021,0,3,0.5,uniform,1.0,0.0527648128347606,0.002784125473487317,ok
real_vs_real,original,435000,436000,4074,0,3,0.5,uniform,1.0,0.05243261679037413,0.0027491793034862227,ok
real_vs_real,original,436000,437000,3924,0,3,0.5,uniform,1.0,0.0528268557131375,0.002790676684536648,ok
real_vs_real,original,437000,438000,3789,0,3,0.5,uniform,1.0,0.05309410608481023,0.0028189841009450827,ok
real_vs_real,original,438000,439000,3728,0,3,0.5,uniform,1.0,0.05325937892209665,0.002836561443167473,ok
real_vs_real,original,439000,440000,3720,0,3,0.5,uniform,1.0,0.05357983675160601,0.0028707989063287503,ok
real_vs_real,original,440000,441000,3853,0,3,0.5,uniform,1.0,0.05300609574784872,0.002809646186430106,ok
real_vs_real,original,441000,442000,3837,0,3,0.5,uniform,1.0,0.053201413105760126,0.0028303903564497455,ok
real_vs_real,original,442000,443000,3720,0,3,0.5,uniform,1.0,0.05396848273076996,0.0029125971282614152,ok
real_vs_real,original,443000,444000,3788,0,3,0.5,uniform,1.0,0.05318777219274846,0.0028289391108277063,ok
real_vs_real,original,444000,445000,3690,0,3,0.5,uniform,1.0,0.05318719846963685,0.0028288780810485407,ok
real_vs_real,original,445000,446000,3519,0,3,0.5,uniform,1.0,0.05426098562795605,0.002944254561317253,ok
real_vs_real,original,446000,447000,3474,0,3,0.5,uniform,1.0,0.05470298124012276,0.0029924161565572224,ok
real_vs_real,original,447000,448000,3456,0,3,0.5,uniform,1.0,0.05420452422972627,0.0029381304469709825,ok
real_vs_real,original,448000,449000,3374,0,3,0.5,uniform,1.0,0.05480655259300831,0.0030037582071301863,ok
real_vs_real,original,449000,450000,3459,0,3,0.5,uniform,1.0,0.05414599660176475,0.00293178894799832,ok
real_vs_real,original,450000,451000,3422,0,3,0.5,uniform,1.0,0.05496863988487202,0.0030215513707927437,ok
real_vs_real,original,451000,452000,3211,0,3,0.5,uniform,1.0,0.05500425121919248,0.0030254676521840377,ok
real_vs_real,original,452000,453000,3368,0,3,0.5,uniform,1.0,0.05388722639498939,0.0029038331685448415,ok
real_vs_real,original,453000,454000,3047,0,3,0.5,uniform,1.0,0.055344101081589714,0.0030629695245292196,ok
real_vs_real,original,454000,455000,3025,0,3,0.5,uniform,1.0,0.0550817687555338,0.0030340012492380995,ok
real_vs_real,original,455000,456000,2760,0,3,0.5,uniform,1.0,0.05569292678680002,0.003101702094079867,ok
real_vs_real,original,456000,457000,2570,0,3,0.5,uniform,1.0,0.05574776489893495,0.0031078132912269237,ok
real_vs_real,original,457000,458000,2644,0,3,0.5,uniform,1.0,0.05416992918587654,0.002934381228002879,ok
real_vs_real,original,458000,459000,2486,0,3,0.5,uniform,1.0,0.05352963198666495,0.002865421500627784,ok
real_vs_real,original,459000,460000,2364,0,3,0.5,uniform,1.0,0.05289665010815991,0.002798055592665094,ok
real_vs_real,original,460000,461000,2334,0,3,0.5,uniform,1.0,0.051915209915189824,0.002695189020538224,ok
real_vs_real,original,461000,462000,2292,0,3,0.5,uniform,1.0,0.05291532275180368,0.0028000313819275527,ok
real_vs_real,original,462000,463000,2067,0,3,0.5,uniform,1.0,0.05440462691704744,0.002959863429983123,ok
real_vs_real,original,463000,464000,2154,0,3,0.5,uniform,1.0,0.05414462611908171,0.0029316405375751455,ok
real_vs_real,original,464000,465000,2146,0,3,0.5,uniform,1.0,0.05382978100062532,0.002897645322575283,ok
real_vs_real,original,465000,466000,2114,0,3,0.5,uniform,1.0,0.054070955211610275,0.0029236681974959644,ok
real_vs_real,original,466000,467000,2222,0,3,0.5,uniform,1.0,0.052765196370900845,0.0027841659480597274,ok
real_vs_real,original,467000,468000,2324,0,3,0.5,uniform,1.0,0.0520564252298852,0.002709871407714628,ok
real_vs_real,original,468000,469000,2312,0,3,0.5,uniform,1.0,0.051848154460251705,0.0026882311209341187,ok
real_vs_real,original,469000,470000,2316,0,3,0.5,uniform,1.0,0.051484577295995135,0.002650661699347298,ok
real_vs_real,original,470000,471000,2298,0,3,0.5,uniform,1.0,0.052757451625665856,0.002783348702034473,ok
real_vs_real,original,471000,472000,2291,0,3,0.5,uniform,1.0,0.05226396517263207,0.002731522055566098,ok
real_vs_real,original,472000,473000,2286,0,3,0.5,uniform,1.0,0.05270991063756355,0.0027783346794199347,ok
real_vs_real,original,473000,474000,2191,0,3,0.5,uniform,1.0,0.05315283979155629,0.0028252243779068502,ok
real_vs_real,original,474000,475000,2256,0,3,0.5,uniform,1.0,0.052176975343944755,0.0027224367560426187,ok
real_vs_real,original,475000,476000,2217,0,3,0.5,uniform,1.0,0.0527224614161037,0.0027796579377725433,ok
real_vs_real,original,476000,477000,2288,0,3,0.5,uniform,1.0,0.05211641163592197,0.002716120361804863,ok
real_vs_real,original,477000,478000,2386,0,3,0.5,uniform,1.0,0.051303119915231996,0.0026320101130366735,ok
real_vs_real,original,478000,479000,2222,0,3,0.5,uniform,1.0,0.05268474735258456,0.002775682603605666,ok
real_vs_real,original,479000,480000,2172,0,3,0.5,uniform,1.0,0.053440839424190784,0.002855923318362144,ok
real_vs_real,original,480000,481000,2297,0,3,0.5,uniform,1.0,0.051500037894161514,0.002652253903100072,ok
real_vs_real,original,481000,482000,2093,0,3,0.5,uniform,1.0,0.05340095960844264,0.0028516624871025224,ok
real_vs_real,original,482000,483000,2346,0,3,0.5,uniform,1.0,0.051892226526933406,0.002692803173922571,ok
real_vs_real,original,483000,484000,2547,0,3,0.5,uniform,1.0,0.053634276094186105,0.002876635572147383,ok
real_vs_real,original,484000,485000,2953,0,3,0.5,uniform,1.0,0.05563171421341854,0.003094887626323474,ok
real_vs_real,original,485000,486000,3391,0,3,0.5,uniform,1.0,0.0554010222374192,0.0030692732649510164,ok
real_vs_real,original,486000,487000,3480,0,3,0.5,uniform,1.0,0.05464575904969729,0.0029861589821175735,ok
real_vs_real,original,487000,488000,3527,0,3,0.5,uniform,1.0,0.055079072454408795,0.0030337042224380137,ok
real_vs_real,original,488000,489000,3558,0,3,0.5,uniform,1.0,0.05481258594688458,0.003004419578184609,ok
real_vs_real,original,489000,490000,3638,0,3,0.5,uniform,1.0,0.054394404807302545,0.0029587512743406985,ok
real_vs_real,original,490000,491000,3753,0,3,0.5,uniform,1.0,0.05433978137650283,0.002952811840046124,ok
real_vs_real,original,491000,492000,3957,0,3,0.5,uniform,1.0,0.05364507025259073,0.002877793562405395,ok
real_vs_real,original,492000,493000,3739,0,3,0.5,uniform,1.0,0.0543635987599972,0.0029554008701379694,ok
real_vs_real,original,493000,494000,4036,0,3,0.5,uniform,1.0,0.053677831496827144,0.002881309594201768,ok
real_vs_real,original,494000,495000,4051,0,3,0.5,uniform,1.0,0.052938284094490584,0.0028024619228689948,ok
real_vs_real,original,495000,496000,3812,0,3,0.5,uniform,1.0,0.053870809778154935,0.0029020641461541537,ok
real_vs_real,original,496000,497000,4008,0,3,0.5,uniform,1.0,0.053271924766760584,0.0028378979683554,ok
real_vs_real,original,497000,498000,3981,0,3,0.5,uniform,1.0,0.052883166453252334,0.0027966292941223932,ok
real_vs_real,original,498000,499000,4021,0,3,0.5,uniform,1.0,0.05272879736365692,0.0027803260714175924,ok
real_vs_real,original,499000,500000,4209,0,3,0.5,uniform,1.0,0.051773550935158924,0.0026805005764354954,ok
real_vs_real,original,500000,501000,4245,0,3,0.5,uniform,1.0,0.051168276965390364,0.0026181925676068978,ok
real_vs_real,original,501000,502000,4211,0,3,0.5,uniform,1.0,0.05054463970525676,0.002554760602934218,ok
real_vs_real,original,502000,503000,4320,0,3,0.5,uniform,1.0,0.049564123380388826,0.0024566023264664064,ok
real_vs_real,original,503000,504000,4117,0,3,0.5,uniform,1.0,0.049137627769932954,0.0024145064628564865,ok
real_vs_real,original,504000,505000,4088,0,3,0.5,uniform,1.0,0.04799411747851804,0.0023034353125417906,ok
real_vs_real,original,505000,506000,3975,0,3,0.5,uniform,1.0,0.04696237459081616,0.0022054646272081356,ok
real_vs_real,original,506000,507000,4045,0,3,0.5,uniform,1.0,0.04472252045874968,0.0020001038361832837,ok
real_vs_real,original,507000,508000,4224,0,3,0.5,uniform,1.0,0.04189499693358556,0.0017551907680651432,ok
real_vs_real,original,508000,509000,4290,0,3,0.5,uniform,1.0,0.039328639870457385,0.0015467419140601302,ok
real_vs_real,original,509000,510000,4357,0,3,0.5,uniform,1.0,0.03737460716387945,0.0013968612606543088,ok
real_vs_real,original,510000,511000,4424,0,3,0.5,uniform,1.0,0.03599976547492011,0.0012959831142492504,ok
real_vs_real,original,511000,512000,4281,0,3,0.5,uniform,1.0,0.03494341567633154,0.0012210422991288925,ok
real_vs_real,original,512000,513000,4329,0,3,0.5,uniform,1.0,0.03398467648017919,0.0011549582354624449,ok
real_vs_real,original,513000,514000,4315,0,3,0.5,uniform,1.0,0.033784494966030656,0.0011413921001097508,ok
real_vs_real,original,514000,515000,4311,0,3,0.5,uniform,1.0,0.035927756347003154,0.0012908036761296253,ok
real_vs_real,original,515000,516000,4555,0,3,0.5,uniform,1.0,0.03759133577206141,0.0014131085251278639,ok
real_vs_real,original,516000,517000,4604,0,3,0.5,uniform,1.0,0.04018664530900838,0.001614966461192045,ok
real_vs_real,original,517000,518000,4528,0,3,0.5,uniform,1.0,0.04324125384444637,0.0018698060340398477,ok
real_vs_real,original,518000,519000,4679,0,3,0.5,uniform,1.0,0.04416497584836041,0.0019505450916862586,ok
real_vs_real,original,519000,520000,4679,0,3,0.5,uniform,1.0,0.04645437895186753,0.002158009323803713,ok
real_vs_real,original,520000,521000,4541,0,3,0.5,uniform,1.0,0.04774719305325079,0.0022797944444644005,ok
real_vs_real,original,521000,522000,4679,0,3,0.5,uniform,1.0,0.048633134850258684,0.0023651818053634457,ok
real_vs_real,original,522000,523000,4632,0,3,0.5,uniform,1.0,0.04907897078304997,0.002408745373123473,ok
real_vs_real,original,523000,524000,4778,0,3,0.5,uniform,1.0,0.04924715121737127,0.0024252819030266323,ok
real_vs_real,original,524000,525000,4750,0,3,0.5,uniform,1.0,0.050541223396522755,0.0025544152624172194,ok
real_vs_real,original,525000,526000,4722,0,3,0.5,uniform,1.0,0.05026136908865508,0.002526205222666013,ok
real_vs_real,original,526000,527000,4846,0,3,0.5,uniform,1.0,0.050462946284121964,0.0025465089476741786,ok
real_vs_real,original,527000,528000,4867,0,3,0.5,uniform,1.0,0.05022468271221843,0.0025225187535430128,ok
real_vs_real,original,528000,529000,4725,0,3,0.5,uniform,1.0,0.05045526869022192,0.002545734138602488,ok
real_vs_real,original,529000,530000,4675,0,3,0.5,uniform,1.0,0.05078664622494342,0.0025792834347775602,ok
real_vs_real,original,530000,531000,4703,0,3,0.5,uniform,1.0,0.050757365905863584,0.002576310193701723,ok
real_vs_real,original,531000,532000,4764,0,3,0.5,uniform,1.0,0.05049551141901204,0.0025497966734675756,ok
real_vs_real,original,532000,533000,4750,0,3,0.5,uniform,1.0,0.050925757803879694,0.0025934328078994137,ok
real_vs_real,original,533000,534000,4784,0,3,0.5,uniform,1.0,0.05082961595890609,0.0025836498585298804,ok
real_vs_real,original,534000,535000,4821,0,3,0.5,uniform,1.0,0.05089277164672478,0.002590074205885674,ok
real_vs_real,original,535000,536000,4900,0,3,0.5,uniform,1.0,0.0507132135673583,0.002571830030328494,ok
real_vs_real,original,536000,537000,4697,0,3,0.5,uniform,1.0,0.050825661843563144,0.0025832479018362306,ok
real_vs_real,original,537000,538000,4699,0,3,0.5,uniform,1.0,0.05072917828464279,0.0025734495294350737,ok
real_vs_real,original,538000,539000,4580,0,3,0.5,uniform,1.0,0.05122159785408955,0.002623652086726071,ok
real_vs_real,original,539000,540000,4527,0,3,0.5,uniform,1.0,0.05098940156922839,0.002599919072388031,ok
real_vs_real,original,540000,541000,4713,0,3,0.5,uniform,1.0,0.05031835718925176,0.0025319370702251245,ok
real_vs_real,original,541000,542000,4632,0,3,0.5,uniform,1.0,0.050699128175995985,0.0025704015978060698,ok
real_vs_real,original,542000,543000,4511,0,3,0.5,uniform,1.0,0.05077452745737554,0.0025780526385197826,ok
real_vs_real,original,543000,544000,4630,0,3,0.5,uniform,1.0,0.050460885874247394,0.00254630100321382,ok
real_vs_real,original,544000,545000,4464,0,3,0.5,uniform,1.0,0.0506555717657573,0.0025659869509157885,ok
real_vs_real,original,545000,546000,4347,0,3,0.5,uniform,1.0,0.05087563436436462,0.0025883301719765183,ok
real_vs_real,original,546000,547000,4356,0,3,0.5,uniform,1.0,0.05105883918357592,0.002607005058774268,ok
real_vs_real,original,547000,548000,4247,0,3,0.5,uniform,1.0,0.05119211425787238,0.0026206325621910605,ok
real_vs_real,original,548000,549000,4257,0,3,0.5,uniform,1.0,0.05103525535678863,0.0026045972893326223,ok
real_vs_real,original,549000,550000,4243,0,3,0.5,uniform,1.0,0.05087281951427251,0.0025880437653317463,ok
real_vs_real,original,550000,551000,4086,0,3,0.5,uniform,1.0,0.05157417180646508,0.0026598951975227774,ok
real_vs_real,original,551000,552000,4237,0,3,0.5,uniform,1.0,0.05141573473298043,0.00264357777813221,ok
real_vs_real,original,552000,553000,4218,0,3,0.5,uniform,1.0,0.05092795866521054,0.0025936569738053937,ok
real_vs_real,original,553000,554000,4099,0,3,0.5,uniform,1.0,0.05139183849562057,0.0026411210639599478,ok
real_vs_real,original,554000,555000,3964,0,3,0.5,uniform,1.0,0.05207868224475437,0.002712189144350094,ok
real_vs_real,original,555000,556000,4046,0,3,0.5,uniform,1.0,0.05161576145114781,0.002664186830181796,ok
real_vs_real,original,556000,557000,4032,0,3,0.5,uniform,1.0,0.05157314185426607,0.0026597889607202505,ok
real_vs_real,original,557000,558000,3990,0,3,0.5,uniform,1.0,0.05140904953930066,0.0026428903745342692,ok
real_vs_real,original,558000,559000,4132,0,3,0.5,uniform,1.0,0.05137828706159913,0.0026397283813840845,ok
real_vs_real,original,559000,560000,4080,0,3,0.5,uniform,1.0,0.05144160412151142,0.002646238634594301,ok
real_vs_real,original,560000,561000,3967,0,3,0.5,uniform,1.0,0.05184109588209155,0.0026874992222562094,ok
real_vs_real,original,561000,562000,4007,0,3,0.5,uniform,1.0,0.05152529689973051,0.0026548562206053783,ok
real_vs_real,original,562000,563000,4039,0,3,0.5,uniform,1.0,0.05157321119837751,0.0026597961133124513,ok
real_vs_real,original,563000,564000,3901,0,3,0.5,uniform,1.0,0.05159067418087137,0.002661597662436828,ok
real_vs_real,original,564000,565000,4072,0,3,0.5,uniform,1.0,0.05120572622447532,0.0026220263981759197,ok
real_vs_real,original,565000,566000,4012,0,3,0.5,uniform,1.0,0.05145999202204908,0.002648130778909355,ok
real_vs_real,original,566000,567000,4164,0,3,0.5,uniform,1.0,0.051234202979877665,0.0026249435549833056,ok
real_vs_real,original,567000,568000,4005,0,3,0.5,uniform,1.0,0.05161641820533692,0.0026642546283482367,ok
real_vs_real,original,568000,569000,4178,0,3,0.5,uniform,1.0,0.051535181589543635,0.0026558749414672374,ok
real_vs_real,original,569000,570000,4094,0,3,0.5,uniform,1.0,0.05155989569937119,0.0026584228445300354,ok
real_vs_real,original,570000,571000,4069,0,3,0.5,uniform,1.0,0.051804767425931965,0.0026837339280549014,ok
real_vs_real,original,571000,572000,4095,0,3,0.5,uniform,1.0,0.05187617328644034,0.0026911373548447865,ok
real_vs_real,original,572000,573000,4167,0,3,0.5,uniform,1.0,0.05151060305770207,0.0026533422273681455,ok
real_vs_real,original,573000,574000,4236,0,3,0.5,uniform,1.0,0.05134635544698275,0.002636448217687895,ok
real_vs_real,original,574000,575000,4299,0,3,0.5,uniform,1.0,0.05140549090412771,0.0026425244950943564,ok
real_vs_real,original,575000,576000,4144,0,3,0.5,uniform,1.0,0.05201121886223436,0.002705166887535243,ok
real_vs_real,original,576000,577000,4132,0,3,0.5,uniform,1.0,0.05202266217390837,0.0027063573796605967,ok
real_vs_real,original,577000,578000,4235,0,3,0.5,uniform,1.0,0.05193876839976043,0.0026976356628839525,ok
real_vs_real,original,578000,579000,4114,0,3,0.5,uniform,1.0,0.0518515777784009,0.0026885861181095583,ok
real_vs_real,original,579000,580000,4139,0,3,0.5,uniform,1.0,0.05280794288400741,0.002788678831640589,ok
real_vs_real,original,580000,581000,4235,0,3,0.5,uniform,1.0,0.05172231289635251,0.002675197651348193,ok
real_vs_real,original,581000,582000,4270,0,3,0.5,uniform,1.0,0.051873914766203226,0.0026909030331713174,ok
real_vs_real,original,582000,583000,4222,0,3,0.5,uniform,1.0,0.051797766576712,0.0026830086223355427,ok
real_vs_real,original,583000,584000,4188,0,3,0.5,uniform,1.0,0.05214173534728621,0.002718760565026436,ok
real_vs_real,original,584000,585000,4268,0,3,0.5,uniform,1.0,0.05181423074382035,0.0026847145075738574,ok
real_vs_real,original,585000,586000,4252,0,3,0.5,uniform,1.0,0.05194300264812428,0.0026980755241030456,ok
real_vs_real,original,586000,587000,4257,0,3,0.5,uniform,1.0,0.05159137398014964,0.002661669869159661,ok
real_vs_real,original,587000,588000,4243,0,3,0.5,uniform,1.0,0.051795977877202214,0.002682823324255621,ok
real_vs_real,original,588000,589000,4145,0,3,0.5,uniform,1.0,0.05149986614463015,0.002652236212914823,ok
real_vs_real,original,589000,590000,4224,0,3,0.5,uniform,1.0,0.05094804892535661,0.0025957036893005303,ok
real_vs_real,original,590000,591000,4115,0,3,0.5,uniform,1.0,0.05122212712119048,0.002623706306819397,ok
real_vs_real,original,591000,592000,3985,0,3,0.5,uniform,1.0,0.05185956214938458,0.002689414186325882,ok
real_vs_real,original,592000,593000,4021,0,3,0.5,uniform,1.0,0.05168793000277965,0.002671642107972249,ok
real_vs_real,original,593000,594000,4008,0,3,0.5,uniform,1.0,0.05141481172922639,0.002643482865151796,ok
real_vs_real,original,594000,595000,3863,0,3,0.5,uniform,1.0,0.051889015580530974,0.0026924699379165863,ok
real_vs_real,original,595000,596000,3876,0,3,0.5,uniform,1.0,0.05181326376380808,0.002684614301857947,ok
real_vs_real,original,596000,597000,3838,0,3,0.5,uniform,1.0,0.051960443041339524,0.0026998876410522887,ok
real_vs_real,original,597000,598000,3840,0,3,0.5,uniform,1.0,0.051961014320675375,0.002699947009233431,ok
real_vs_real,original,598000,599000,3896,0,3,0.5,uniform,1.0,0.05107883093824976,0.002609046970018301,ok
real_vs_real,original,599000,600000,3894,0,3,0.5,uniform,1.0,0.05176045433764386,0.002679144633239315,ok
real_vs_real,original,600000,601000,3913,0,3,0.5,uniform,1.0,0.05146043800114336,0.00264817667926952,ok
real_vs_real,original,601000,602000,4011,0,3,0.5,uniform,1.0,0.05141714581431614,0.0026437228836906474,ok
real_vs_real,original,602000,603000,3914,0,3,0.5,uniform,1.0,0.051431970793679484,0.0026452476197218995,ok
real_vs_real,original,603000,604000,3823,0,3,0.5,uniform,1.0,0.05153811981512359,0.0026561777940780342,ok
real_vs_real,original,604000,605000,3813,0,3,0.5,uniform,1.0,0.05187106054337677,0.002690606921894658,ok
real_vs_real,original,605000,606000,3773,0,3,0.5,uniform,1.0,0.05202671385399349,0.0027067789544453183,ok
real_vs_real,original,606000,607000,3691,0,3,0.5,uniform,1.0,0.051643326972226566,0.002667033220760304,ok
real_vs_real,original,607000,608000,3780,0,3,0.5,uniform,1.0,0.051979197566895015,0.0027018369796983047,ok
real_vs_real,original,608000,609000,3736,0,3,0.5,uniform,1.0,0.052035847596244376,0.0027077294350595716,ok
real_vs_real,original,609000,610000,3798,0,3,0.5,uniform,1.0,0.0518515854579733,0.002688586914505508,ok
real_vs_real,original,610000,611000,3669,0,3,0.5,uniform,1.0,0.05189444649521424,0.0026930335770446534,ok
real_vs_real,original,611000,612000,3677,0,3,0.5,uniform,1.0,0.05182827532613184,0.0026861701232813264,ok
real_vs_real,original,612000,613000,3591,0,3,0.5,uniform,1.0,0.05264414501794253,0.0027714060046701633,ok
real_vs_real,original,613000,614000,3524,0,3,0.5,uniform,1.0,0.05282443963684905,0.0027904214229471083,ok
real_vs_real,original,614000,615000,3643,0,3,0.5,uniform,1.0,0.05208452815828829,0.0027127980734715255,ok
real_vs_real,original,615000,616000,3553,0,3,0.5,uniform,1.0,0.05251753778608668,0.002758091775113042,ok
real_vs_real,original,616000,617000,3568,0,3,0.5,uniform,1.0,0.05313111747174615,0.002822915643796489,ok
real_vs_real,original,617000,618000,3561,0,3,0.5,uniform,1.0,0.05286204859872637,0.0027943961820541085,ok
real_vs_real,original,618000,619000,3491,0,3,0.5,uniform,1.0,0.053343617180670176,0.00284554149391789,ok
real_vs_real,original,619000,620000,3406,0,3,0.5,uniform,1.0,0.05327433876364496,0.0028381551707036034,ok
real_vs_real,original,620000,621000,3405,0,3,0.5,uniform,1.0,0.053358395389647185,0.0028471183585579217,ok
real_vs_real,original,621000,622000,3315,0,3,0.5,uniform,1.0,0.0539219800329895,0.0029075799306781183,ok
real_vs_real,original,622000,623000,3278,0,3,0.5,uniform,1.0,0.0536940956085204,0.0028830559032169295,ok
real_vs_real,original,623000,624000,3275,0,3,0.5,uniform,1.0,0.05313938480776759,0.0028237942177480003,ok
real_vs_real,original,624000,625000,3018,0,3,0.5,uniform,1.0,0.054856379898144084,0.003009222415529506,ok
real_vs_real,original,625000,626000,2951,0,3,0.5,uniform,1.0,0.05550003938133097,0.003080254371329288,ok
real_vs_real,original,626000,627000,2868,0,3,0.5,uniform,1.0,0.05499335130394747,0.003024268687639381,ok
real_vs_real,original,627000,628000,2711,0,3,0.5,uniform,1.0,0.0557023046631721,0.0031027467447888443,ok
real_vs_real,original,628000,629000,2530,0,3,0.5,uniform,1.0,0.05555428284062177,0.003086278341935802,ok
real_vs_real,original,629000,630000,2511,0,3,0.5,uniform,1.0,0.056241104572398684,0.003163061843523484,ok
real_vs_real,original,630000,631000,2399,0,3,0.5,uniform,1.0,0.05807705062563785,0.0033729438093729022,ok
real_vs_real,original,631000,632000,2517,0,3,0.5,uniform,1.0,0.055956210099423594,0.003131097448690835,ok
real_vs_real,original,632000,633000,2550,0,3,0.5,uniform,1.0,0.05701925675676829,0.0032511956410942668,ok
real_vs_real,original,633000,634000,2511,0,3,0.5,uniform,1.0,0.05675497513252812,0.0032211272022938855,ok
real_vs_real,original,634000,635000,2510,0,3,0.5,uniform,1.0,0.05670377756825612,0.0032153183905102656,ok
real_vs_real,original,635000,636000,2510,0,3,0.5,uniform,1.0,0.057121386002825104,0.003262852738883744,ok
real_vs_real,original,636000,637000,2327,0,3,0.5,uniform,1.0,0.05708429240522171,0.0032586164394048534,ok
real_vs_real,original,637000,638000,2308,0,3,0.5,uniform,1.0,0.057731303840414916,0.003332903443114306,ok
real_vs_real,original,638000,639000,2477,0,3,0.5,uniform,1.0,0.05671934008566144,0.003217083539752921,ok
real_vs_real,original,639000,640000,2448,0,3,0.5,uniform,1.0,0.05681360295396573,0.0032277854806108635,ok
real_vs_real,original,640000,641000,2446,0,3,0.5,uniform,1.0,0.05786978647091123,0.0033489121861888607,ok
real_vs_real,original,641000,642000,2438,0,3,0.5,uniform,1.0,0.057565953704138306,0.003313839025866995,ok
real_vs_real,original,642000,643000,2487,0,3,0.5,uniform,1.0,0.05791920688414305,0.003354634526088164,ok
real_vs_real,original,643000,644000,2495,0,3,0.5,uniform,1.0,0.057082005422338,0.0032583553430358255,ok
real_vs_real,original,644000,645000,2385,0,3,0.5,uniform,1.0,0.0560891928745064,0.0031459975573135796,ok
real_vs_real,original,645000,646000,2332,0,3,0.5,uniform,1.0,0.057051340554208935,0.003254855459032325,ok
real_vs_real,original,646000,647000,2322,0,3,0.5,uniform,1.0,0.05662973771635534,0.003206927193823199,ok
real_vs_real,original,647000,648000,2304,0,3,0.5,uniform,1.0,0.05687716943189025,0.0032350124025839508,ok
real_vs_real,original,648000,649000,2431,0,3,0.5,uniform,1.0,0.056437554165668743,0.003185197520202793,ok
real_vs_real,original,649000,650000,2550,0,3,0.5,uniform,1.0,0.05723805678655097,0.0032761951447004335,ok
real_vs_real,original,650000,651000,2496,0,3,0.5,uniform,1.0,0.05774572121394191,0.003334568318518301,ok
real_vs_real,original,651000,652000,2623,0,3,0.5,uniform,1.0,0.05628976621349104,0.0031685377803694773,ok
real_vs_real,original,652000,653000,2766,0,3,0.5,uniform,1.0,0.056191899871362985,0.003157529611153284,ok
real_vs_real,original,653000,654000,2865,0,3,0.5,uniform,1.0,0.05553855714636144,0.003084531329899655,ok
real_vs_real,original,654000,655000,3063,0,3,0.5,uniform,1.0,0.0541829263544438,0.0029357895083310806,ok
real_vs_real,original,655000,656000,3123,0,3,0.5,uniform,1.0,0.05441985641219347,0.002961520771923755,ok
real_vs_real,original,656000,657000,3395,0,3,0.5,uniform,1.0,0.05274922736750642,0.002782480987868888,ok
real_vs_real,original,657000,658000,3389,0,3,0.5,uniform,1.0,0.05283599617599021,0.0027916424919092525,ok
real_vs_real,original,658000,659000,3403,0,3,0.5,uniform,1.0,0.052922964794638934,0.002800840202654592,ok
real_vs_real,original,659000,660000,3588,0,3,0.5,uniform,1.0,0.05224472714100269,0.002729511514037823,ok
real_vs_real,original,660000,661000,3509,0,3,0.5,uniform,1.0,0.052296887883581035,0.0027349644823078446,ok
real_vs_real,original,661000,662000,3717,0,3,0.5,uniform,1.0,0.05181868733015977,0.0026851763566208605,ok
real_vs_real,original,662000,663000,3702,0,3,0.5,uniform,1.0,0.0515450640553629,0.002656893628471465,ok
real_vs_real,original,663000,664000,3761,0,3,0.5,uniform,1.0,0.05165934798430429,0.002668688234163444,ok
real_vs_real,original,664000,665000,3897,0,3,0.5,uniform,1.0,0.050420027544647215,0.002542179177602984,ok
real_vs_real,original,665000,666000,3853,0,3,0.5,uniform,1.0,0.05100544017285697,0.002601554927226892,ok
real_vs_real,original,666000,667000,3987,0,3,0.5,uniform,1.0,0.050506873663264916,0.002550944287237003,ok
real_vs_real,original,667000,668000,3941,0,3,0.5,uniform,1.0,0.05007663543625511,0.002507669416615601,ok
real_vs_real,original,668000,669000,3920,0,3,0.5,uniform,1.0,0.05023102250099749,0.0025231556214957156,ok
real_vs_real,original,669000,670000,4019,0,3,0.5,uniform,1.0,0.04940056812865562,0.0024404161314339453,ok
real_vs_real,original,670000,671000,4043,0,3,0.5,uniform,1.0,0.04897828742435018,0.002398872639022259,ok
real_vs_real,original,671000,672000,4042,0,3,0.5,uniform,1.0,0.048033396121480124,0.0023072071429630216,ok
real_vs_real,original,672000,673000,4172,0,3,0.5,uniform,1.0,0.046665612810909654,0.002177679419017735,ok
real_vs_real,original,673000,674000,4121,0,3,0.5,uniform,1.0,0.04507665710449562,0.002031905015716275,ok
real_vs_real,original,674000,675000,4019,0,3,0.5,uniform,1.0,0.044289376070150516,0.0019615488326832214,ok
real_vs_real,original,675000,676000,4269,0,3,0.5,uniform,1.0,0.041555645791898334,0.0017268716971817178,ok
real_vs_real,original,676000,677000,4529,0,3,0.5,uniform,1.0,0.0384192980083417,0.0014760424594537683,ok
real_vs_real,original,677000,678000,4434,0,3,0.5,uniform,1.0,0.03452155629005765,0.0011917378486876193,ok
real_vs_real,original,678000,679000,4563,0,3,0.5,uniform,1.0,0.028346437769825098,0.0008035205342385669,ok
real_vs_real,original,679000,680000,4723,0,3,0.5,uniform,1.0,0.02196492694507948,0.0004824580157026786,ok
real_vs_real,original,680000,681000,4605,0,3,0.5,uniform,1.0,0.019348778035216015,0.00037437521145605767,ok
real_vs_real,original,681000,682000,4711,0,3,0.5,uniform,1.0,0.022804323987039975,0.0005200371925058868,ok
real_vs_real,original,682000,683000,4900,0,3,0.5,uniform,1.0,0.02829938891272526,0.0008008554128336775,ok
real_vs_real,original,683000,684000,4810,0,3,0.5,uniform,1.0,0.03439026567153072,0.0011826903729584644,ok
real_vs_real,original,684000,685000,4853,0,3,0.5,uniform,1.0,0.03890270901833906,0.0015134207689655591,ok
real_vs_real,original,685000,686000,4827,0,3,0.5,uniform,1.0,0.04251442838413013,0.00180747662082933,ok
real_vs_real,original,686000,687000,4777,0,3,0.5,uniform,1.0,0.04502842207684262,0.002027558794730288,ok
real_vs_real,original,687000,688000,4805,0,3,0.5,uniform,1.0,0.04688997840865359,0.002198670075164,ok
real_vs_real,original,688000,689000,4981,0,3,0.5,uniform,1.0,0.04682099176893648,0.002192205270226818,ok
real_vs_real,original,689000,690000,5075,0,3,0.5,uniform,1.0,0.04732372033412682,0.0022395345062626486,ok
real_vs_real,original,690000,691000,5033,0,3,0.5,uniform,1.0,0.04867371967798479,0.0023691309872910437,ok
real_vs_real,original,691000,692000,5009,0,3,0.5,uniform,1.0,0.049004519286493235,0.0024014429105002873,ok
real_vs_real,original,692000,693000,5103,0,3,0.5,uniform,1.0,0.04865886162322989,0.002367684814468634,ok
real_vs_real,original,693000,694000,4924,0,3,0.5,uniform,1.0,0.0499499182759775,0.002494994335776831,ok
real_vs_real,original,694000,695000,5099,0,3,0.5,uniform,1.0,0.049145147573072805,0.002415245529979104,ok
real_vs_real,original,695000,696000,5001,0,3,0.5,uniform,1.0,0.04967111646096118,0.0024672198104783685,ok
real_vs_real,original,696000,697000,4986,0,3,0.5,uniform,1.0,0.04980470325659797,0.00248050846647778,ok
real_vs_real,original,697000,698000,4992,0,3,0.5,uniform,1.0,0.04958634371181433,0.002458805482706188,ok
real_vs_real,original,698000,699000,5046,0,3,0.5,uniform,1.0,0.04978664610860728,0.0024787101307437004,ok
real_vs_real,original,699000,700000,5024,0,3,0.5,uniform,1.0,0.05013456931208896,0.0025134750401086523,ok
real_vs_real,original,700000,701000,5041,0,3,0.5,uniform,1.0,0.0499269102687574,0.0024926963689845534,ok
real_vs_real,original,701000,702000,5018,0,3,0.5,uniform,1.0,0.050369758034052935,0.0025371125244090403,ok
real_vs_real,original,702000,703000,4984,0,3,0.5,uniform,1.0,0.05022059751178268,0.0025221084144404727,ok
real_vs_real,original,703000,704000,4854,0,3,0.5,uniform,1.0,0.05067839756084668,0.0025682999793352305,ok
real_vs_real,original,704000,705000,4763,0,3,0.5,uniform,1.0,0.05088055631437901,0.0025888310108606936,ok
real_vs_real,original,705000,706000,4815,0,3,0.5,uniform,1.0,0.05065042155838387,0.002565465204041997,ok
real_vs_real,original,706000,707000,4800,0,3,0.5,uniform,1.0,0.0507232579014482,0.002572848892136827,ok
real_vs_real,original,707000,708000,4857,0,3,0.5,uniform,1.0,0.05103242891737862,0.002604308801207302,ok
real_vs_real,original,708000,709000,4761,0,3,0.5,uniform,1.0,0.05107224518824467,0.002608374228568181,ok
real_vs_real,original,709000,710000,4777,0,3,0.5,uniform,1.0,0.05124683652759578,0.0026262382540861245,ok
real_vs_real,original,710000,711000,4718,0,3,0.5,uniform,1.0,0.05102221724020886,0.002603266652107066,ok
real_vs_real,original,711000,712000,4776,0,3,0.5,uniform,1.0,0.05060449492041983,0.0025608149061507966,ok
real_vs_real,original,712000,713000,4601,0,3,0.5,uniform,1.0,0.051330393309926906,0.0026348092773517888,ok
real_vs_real,original,713000,714000,4555,0,3,0.5,uniform,1.0,0.051911310214512556,0.0026947841281873557,ok
real_vs_real,original,714000,715000,4549,0,3,0.5,uniform,1.0,0.05142501341946996,0.002644532005192665,ok
real_vs_real,original,715000,716000,4594,0,3,0.5,uniform,1.0,0.051484799132084744,0.0026506845416711137,ok
real_vs_real,original,716000,717000,4712,0,3,0.5,uniform,1.0,0.051430492324578546,0.0026450955407485324,ok
real_vs_real,original,717000,718000,4551,0,3,0.5,uniform,1.0,0.05142413095999795,0.002644441244991019,ok
real_vs_real,original,718000,719000,4622,0,3,0.5,uniform,1.0,0.05149008605707161,0.0026512289621646403,ok
real_vs_real,original,719000,720000,4582,0,3,0.5,uniform,1.0,0.05140660268379504,0.0026426387994895628,ok
real_vs_real,original,720000,721000,4382,0,3,0.5,uniform,1.0,0.05189555023876421,0.0026931481345840998,ok
real_vs_real,original,721000,722000,4463,0,3,0.5,uniform,1.0,0.051529306301960176,0.002655269407961233,ok
real_vs_real,original,722000,723000,4341,0,3,0.5,uniform,1.0,0.05199869177294547,0.002703863946097787,ok
real_vs_real,original,723000,724000,4319,0,3,0.5,uniform,1.0,0.05239665908469267,0.0027454098832375064,ok
real_vs_real,original,724000,725000,4416,0,3,0.5,uniform,1.0,0.0519740353808292,0.002701300353767686,ok
real_vs_real,original,725000,726000,4278,0,3,0.5,uniform,1.0,0.05272882421074262,0.0027803289026473972,ok
real_vs_real,original,726000,727000,4427,0,3,0.5,uniform,1.0,0.05211619132033641,0.0027160973977379084,ok
real_vs_real,original,727000,728000,4400,0,3,0.5,uniform,1.0,0.05199617271807223,0.0027036019773275985,ok
real_vs_real,original,728000,729000,4276,0,3,0.5,uniform,1.0,0.052652701433554994,0.002772306968251084,ok
real_vs_real,original,729000,730000,4203,0,3,0.5,uniform,1.0,0.052801776646963575,0.002788027617075828,ok
real_vs_real,original,730000,731000,4199,0,3,0.5,uniform,1.0,0.05244823649246905,0.002750817511169962,ok
real_vs_real,original,731000,732000,4279,0,3,0.5,uniform,1.0,0.05191476219205837,0.0026951425334579737,ok
real_vs_real,original,732000,733000,4296,0,3,0.5,uniform,1.0,0.052264464111391316,0.0027315742088509106,ok
real_vs_real,original,733000,734000,4310,0,3,0.5,uniform,1.0,0.052065474047511634,0.0027108135877921074,ok
real_vs_real,original,734000,735000,4398,0,3,0.5,uniform,1.0,0.05210790366545285,0.0027152336244081147,ok
real_vs_real,original,735000,736000,4449,0,3,0.5,uniform,1.0,0.05209459087333397,0.002713846398260051,ok
real_vs_real,original,736000,737000,4297,0,3,0.5,uniform,1.0,0.05215643331604481,0.0027202935362510288,ok
real_vs_real,original,737000,738000,4146,0,3,0.5,uniform,1.0,0.05309946993118962,0.0028195537069733104,ok
real_vs_real,original,738000,739000,4251,0,3,0.5,uniform,1.0,0.052768681591078254,0.002784533756860601,ok
real_vs_real,original,739000,740000,4298,0,3,0.5,uniform,1.0,0.052438304300066324,0.002749775757866354,ok
real_vs_real,original,740000,741000,4278,0,3,0.5,uniform,1.0,0.05258254740572472,0.0027649242916752874,ok
real_vs_real,original,741000,742000,4266,0,3,0.5,uniform,1.0,0.05298398482549665,0.002807302647988459,ok
real_vs_real,original,742000,743000,4338,0,3,0.5,uniform,1.0,0.0524097821809155,0.0027467852682510076,ok
real_vs_real,original,743000,744000,4382,0,3,0.5,uniform,1.0,0.0523179098735873,0.0027371636935408037,ok
real_vs_real,original,744000,745000,4331,0,3,0.5,uniform,1.0,0.05248772522791082,0.002754961299600666,ok
real_vs_real,original,745000,746000,4225,0,3,0.5,uniform,1.0,0.05266868389236482,0.0027739902629538497,ok
real_vs_real,original,746000,747000,4215,0,3,0.5,uniform,1.0,0.052821879963064346,0.0027901510028323783,ok
real_vs_real,original,747000,748000,4305,0,3,0.5,uniform,1.0,0.052322600461175865,0.002737654519019841,ok
real_vs_real,original,748000,749000,4203,0,3,0.5,uniform,1.0,0.052315555640486074,0.002736917361972794,ok
real_vs_real,original,749000,750000,4403,0,3,0.5,uniform,1.0,0.05213141859798786,0.0027176848050386344,ok
real_vs_real,original,750000,751000,4374,0,3,0.5,uniform,1.0,0.05209559964931914,0.0027139515028221403,ok
real_vs_real,original,751000,752000,4372,0,3,0.5,uniform,1.0,0.05207903993502877,0.0027122264005543214,ok
real_vs_real,original,752000,753000,4406,0,3,0.5,uniform,1.0,0.05188564590133473,0.002692120250598694,ok
real_vs_real,original,753000,754000,4250,0,3,0.5,uniform,1.0,0.05196071252442463,0.0026999156460458984,ok
real_vs_real,original,754000,755000,4304,0,3,0.5,uniform,1.0,0.05189103428923221,0.002692679439606273,ok
real_vs_real,original,755000,756000,4186,0,3,0.5,uniform,1.0,0.05241119413677333,0.002746933270842543,ok
real_vs_real,original,756000,757000,4202,0,3,0.5,uniform,1.0,0.05211121312244615,0.0027155785330930035,ok
real_vs_real,original,757000,758000,4252,0,3,0.5,uniform,1.0,0.05166004891529208,0.0026687606539303704,ok
real_vs_real,original,758000,759000,4163,0,3,0.5,uniform,1.0,0.05234039912244786,0.002739517380297141,ok
real_vs_real,original,759000,760000,4154,0,3,0.5,uniform,1.0,0.05206236517479823,0.0027104898675940434,ok
real_vs_real,original,760000,761000,4241,0,3,0.5,uniform,1.0,0.0520545860850689,0.002709679932487849,ok
real_vs_real,original,761000,762000,4116,0,3,0.5,uniform,1.0,0.0520071672422551,0.0027047454445638915,ok
real_vs_real,original,762000,763000,3892,0,3,0.5,uniform,1.0,0.05278205117207505,0.002785944925931549,ok
real_vs_real,original,763000,764000,4049,0,3,0.5,uniform,1.0,0.05223764383268434,0.0027287714331903842,ok
real_vs_real,original,764000,765000,3847,0,3,0.5,uniform,1.0,0.0529820689711909,0.0028070996324680293,ok
real_vs_real,original,765000,766000,3887,0,3,0.5,uniform,1.0,0.052755636597973526,0.0027831571928574436,ok
real_vs_real,original,766000,767000,4028,0,3,0.5,uniform,1.0,0.052365143446264244,0.002742108248147831,ok
real_vs_real,original,767000,768000,4002,0,3,0.5,uniform,1.0,0.05259661128317237,0.002766403518473135,ok
real_vs_real,original,768000,769000,4104,0,3,0.5,uniform,1.0,0.05242283763396004,0.002748153905596537,ok
real_vs_real,original,769000,770000,4126,0,3,0.5,uniform,1.0,0.051901467907016365,0.0026937623709030493,ok
real_vs_real,original,770000,771000,3850,0,3,0.5,uniform,1.0,0.05249813355510854,0.002756054026770013,ok
real_vs_real,original,771000,772000,3856,0,3,0.5,uniform,1.0,0.05290127758146593,0.0027985451697513097,ok
real_vs_real,original,772000,773000,3708,0,3,0.5,uniform,1.0,0.05321890447758074,0.0028322517937938636,ok
real_vs_real,original,773000,774000,3666,0,3,0.5,uniform,1.0,0.05415205532647519,0.00293244509608163,ok
real_vs_real,original,774000,775000,3907,0,3,0.5,uniform,1.0,0.05257775242101156,0.0027644200496451865,ok
real_vs_real,original,775000,776000,3767,0,3,0.5,uniform,1.0,0.05347174276056793,0.0028592272738523486,ok
real_vs_real,original,776000,777000,3789,0,3,0.5,uniform,1.0,0.053061173847911314,0.0028154881701182672,ok
real_vs_real,original,777000,778000,3833,0,3,0.5,uniform,1.0,0.053191587777595646,0.0028293450103016628,ok
real_vs_real,original,778000,779000,3578,0,3,0.5,uniform,1.0,0.05340872221845968,0.0028524916090085888,ok
real_vs_real,original,779000,780000,3506,0,3,0.5,uniform,1.0,0.0544237363054856,0.0029619430734490314,ok
real_vs_real,original,780000,781000,3553,0,3,0.5,uniform,1.0,0.05363110518518631,0.002876295443384518,ok
real_vs_real,original,781000,782000,3449,0,3,0.5,uniform,1.0,0.05428911394323462,0.002947307892741512,ok
real_vs_real,original,782000,783000,3416,0,3,0.5,uniform,1.0,0.05490468801491484,0.003014524766015133,ok
real_vs_real,original,783000,784000,3364,0,3,0.5,uniform,1.0,0.0546477345736684,0.0029863748940341123,ok
real_vs_real,original,784000,785000,3390,0,3,0.5,uniform,1.0,0.05457301407931466,0.0029782138657010763,ok
real_vs_real,original,785000,786000,3366,0,3,0.5,uniform,1.0,0.05427241008580563,0.002945494496521856,ok
real_vs_real,original,786000,787000,3224,0,3,0.5,uniform,1.0,0.05476093352508613,0.002998759840538902,ok
real_vs_real,original,787000,788000,3111,0,3,0.5,uniform,1.0,0.05511600518493085,0.003037774027545324,ok
real_vs_real,original,788000,789000,2989,0,3,0.5,uniform,1.0,0.05483772306186256,0.003007175870609533,ok
real_vs_real,original,789000,790000,2796,0,3,0.5,uniform,1.0,0.05568019529858199,0.0031002841484882313,ok
real_vs_real,original,790000,791000,2734,0,3,0.5,uniform,1.0,0.054596760510043155,0.0029808062581910075,ok
real_vs_real,original,791000,792000,2613,0,3,0.5,uniform,1.0,0.05409256535417621,0.002926005626595825,ok
real_vs_real,original,792000,793000,2421,0,3,0.5,uniform,1.0,0.05320917083128995,0.0028312158605533965,ok
real_vs_real,original,793000,794000,2508,0,3,0.5,uniform,1.0,0.0524462624077611,0.0027506104405437353,ok
real_vs_real,original,794000,795000,2372,0,3,0.5,uniform,1.0,0.0523686499573515,0.002742475498355611,ok
real_vs_real,original,795000,796000,2179,0,3,0.5,uniform,1.0,0.053581795556559564,0.002871008815064946,ok
real_vs_real,original,796000,797000,2168,0,3,0.5,uniform,1.0,0.053283749244850985,0.002839157933588158,ok
real_vs_real,original,797000,798000,2172,0,3,0.5,uniform,1.0,0.05341675764329633,0.0028533499971226564,ok
real_vs_real,original,798000,799000,2193,0,3,0.5,uniform,1.0,0.053943290598128774,0.002909878600554168,ok
real_vs_real,original,799000,800000,2198,0,3,0.5,uniform,1.0,0.052314496420720696,0.0027368065357535982,ok
real_vs_real,original,800000,801000,2223,0,3,0.5,uniform,1.0,0.05286821104240943,0.002795047738824742,ok
real_vs_real,original,801000,802000,2270,0,3,0.5,uniform,1.0,0.05204826227977429,0.002709021606344175,ok
real_vs_real,original,802000,803000,2426,0,3,0.5,uniform,1.0,0.051234150459979484,0.002624938173355816,ok
real_vs_real,original,803000,804000,2257,0,3,0.5,uniform,1.0,0.05301626659533682,0.0028107245237078272,ok
real_vs_real,original,804000,805000,2243,0,3,0.5,uniform,1.0,0.0525697502335,0.002763578639612574,ok
real_vs_real,original,805000,806000,2249,0,3,0.5,uniform,1.0,0.05265744133701134,0.002772806128160791,ok
real_vs_real,original,806000,807000,2137,0,3,0.5,uniform,1.0,0.053113658436002624,0.002821060712456353,ok
real_vs_real,original,807000,808000,2246,0,3,0.5,uniform,1.0,0.05315693830789204,0.00282566009026904,ok
real_vs_real,original,808000,809000,2282,0,3,0.5,uniform,1.0,0.051994372086043426,0.002703414728621932,ok
real_vs_real,original,809000,810000,2192,0,3,0.5,uniform,1.0,0.052222091814241374,0.002727146873455056,ok
real_vs_real,original,810000,811000,2375,0,3,0.5,uniform,1.0,0.05208048671401153,0.002712377096368332,ok
real_vs_real,original,811000,812000,2338,0,3,0.5,uniform,1.0,0.05116101433191828,0.0026174493874707478,ok
real_vs_real,original,812000,813000,2239,0,3,0.5,uniform,1.0,0.05282114131802101,0.0027900729701383457,ok
real_vs_real,original,813000,814000,2235,0,3,0.5,uniform,1.0,0.05185920424761977,0.002689377065196344,ok
real_vs_real,original,814000,815000,2205,0,3,0.5,uniform,1.0,0.05236749720793121,0.0027423547638226837,ok
real_vs_real,original,815000,816000,2108,0,3,0.5,uniform,1.0,0.05272796262914091,0.0027802380430200805,ok
real_vs_real,original,816000,817000,2313,0,3,0.5,uniform,1.0,0.05282018577342121,0.002789972025138728,ok
real_vs_real,original,817000,818000,2482,0,3,0.5,uniform,1.0,0.05400370616289068,0.002916400279327837,ok
real_vs_real,original,818000,819000,2934,0,3,0.5,uniform,1.0,0.055167762569172475,0.0030434820268885874,ok
real_vs_real,original,819000,820000,3402,0,3,0.5,uniform,1.0,0.055099794865050705,0.003035987394170668,ok
real_vs_real,original,820000,821000,3445,0,3,0.5,uniform,1.0,0.05500544038202081,0.0030255984716200455,ok
real_vs_real,original,821000,822000,3585,0,3,0.5,uniform,1.0,0.05515536419980632,0.0030421142000132766,ok
real_vs_real,original,822000,823000,3589,0,3,0.5,uniform,1.0,0.054273588711024945,0.002945622431573494,ok
real_vs_real,original,823000,824000,3589,0,3,0.5,uniform,1.0,0.055112051963770885,0.0030373382716573825,ok
real_vs_real,original,824000,825000,3766,0,3,0.5,uniform,1.0,0.054618715078723803,0.0029832040368508107,ok
real_vs_real,original,825000,826000,3858,0,3,0.5,uniform,1.0,0.054331845129664956,0.0029519493951938977,ok
real_vs_real,original,826000,827000,3857,0,3,0.5,uniform,1.0,0.05446762864318305,0.002966722570011695,ok
real_vs_real,original,827000,828000,4070,0,3,0.5,uniform,1.0,0.052704700328450954,0.002777785436711818,ok
real_vs_real,original,828000,829000,3915,0,3,0.5,uniform,1.0,0.05367050501280107,0.002880523108329105,ok
real_vs_real,original,829000,830000,3934,0,3,0.5,uniform,1.0,0.05349705441855051,0.0028619348314613546,ok
real_vs_real,original,830000,831000,4006,0,3,0.5,uniform,1.0,0.05347428395278017,0.002859499044262563,ok
real_vs_real,original,831000,832000,3889,0,3,0.5,uniform,1.0,0.05371127549816344,0.0028849011156396116,ok
real_vs_real,original,832000,833000,4060,0,3,0.5,uniform,1.0,0.053300305853738295,0.002840922604102049,ok
real_vs_real,original,833000,834000,4151,0,3,0.5,uniform,1.0,0.05234217652943751,0.0027397034438387995,ok
real_vs_real,original,834000,835000,4185,0,3,0.5,uniform,1.0,0.0517911380891653,0.0026823219845709886,ok
real_vs_real,original,835000,836000,4312,0,3,0.5,uniform,1.0,0.050854167961115394,0.0025861463990173353,ok
real_vs_real,original,836000,837000,4014,0,3,0.5,uniform,1.0,0.05040949374754679,0.0025411170598839588,ok
real_vs_real,original,837000,838000,3982,0,3,0.5,uniform,1.0,0.04995618505819245,0.0024956204255683705,ok
real_vs_real,original,838000,839000,4121,0,3,0.5,uniform,1.0,0.048196042674967875,0.0023228585295273245,ok
real_vs_real,original,839000,840000,4070,0,3,0.5,uniform,1.0,0.04590503496941877,0.0021072722355435602,ok
real_vs_real,original,840000,841000,4079,0,3,0.5,uniform,1.0,0.044508390008260415,0.0019809967811274154,ok
real_vs_real,original,841000,842000,4229,0,3,0.5,uniform,1.0,0.04158005700163835,0.0017289011402594947,ok
real_vs_real,original,842000,843000,4188,0,3,0.5,uniform,1.0,0.03942885443225253,0.00155463456183976,ok
real_vs_real,original,843000,844000,4524,0,3,0.5,uniform,1.0,0.036565513669222144,0.0013370367898940714,ok
real_vs_real,original,844000,845000,4347,0,3,0.5,uniform,1.0,0.03503485015100009,0.0012274407251030308,ok
real_vs_real,original,845000,846000,4279,0,3,0.5,uniform,1.0,0.03383500229125689,0.001144807380049359,ok
real_vs_real,original,846000,847000,4447,0,3,0.5,uniform,1.0,0.033227992510080157,0.001104099486249943,ok
real_vs_real,original,847000,848000,4332,0,3,0.5,uniform,1.0,0.033663865536900345,0.0011332558428865068,ok
real_vs_real,original,848000,849000,4382,0,3,0.5,uniform,1.0,0.035999080972165885,0.0012959338308405558,ok
real_vs_real,original,849000,850000,4524,0,3,0.5,uniform,1.0,0.038515264335104396,0.0014834255868029647,ok
real_vs_real,original,850000,851000,4538,0,3,0.5,uniform,1.0,0.041500852808857305,0.0017223207838624392,ok
real_vs_real,original,851000,852000,4657,0,3,0.5,uniform,1.0,0.04348285070123999,0.0018907583051063276,ok
real_vs_real,original,852000,853000,4709,0,3,0.5,uniform,1.0,0.045359033221319345,0.002057441894772752,ok
real_vs_real,original,853000,854000,4703,0,3,0.5,uniform,1.0,0.04644144754122909,0.0021568080497247335,ok
real_vs_real,original,854000,855000,4624,0,3,0.5,uniform,1.0,0.04857062815004626,0.0023591059188900663,ok
real_vs_real,original,855000,856000,4742,0,3,0.5,uniform,1.0,0.04895454999931368,0.0023965479656353032,ok
real_vs_real,original,856000,857000,4667,0,3,0.5,uniform,1.0,0.04982460601527735,0.002482491364577612,ok
real_vs_real,original,857000,858000,4852,0,3,0.5,uniform,1.0,0.05003448034061102,0.0025034492229549904,ok
real_vs_real,original,858000,859000,4758,0,3,0.5,uniform,1.0,0.050696011808521756,0.0025700856132897776,ok
real_vs_real,original,859000,860000,4758,0,3,0.5,uniform,1.0,0.05074823195627588,0.0025753830466879804,ok
real_vs_real,original,860000,861000,4877,0,3,0.5,uniform,1.0,0.05047005840852186,0.002547226795759608,ok
real_vs_real,original,861000,862000,4738,0,3,0.5,uniform,1.0,0.050533098081843114,0.0025535940017491765,ok
real_vs_real,original,862000,863000,4718,0,3,0.5,uniform,1.0,0.051072019019016604,0.0026083511266787934,ok
real_vs_real,original,863000,864000,4689,0,3,0.5,uniform,1.0,0.05100097750430235,0.002601099706394355,ok
real_vs_real,original,864000,865000,4643,0,3,0.5,uniform,1.0,0.05097133457263414,0.002598076948115408,ok
real_vs_real,original,865000,866000,4764,0,3,0.5,uniform,1.0,0.05068863912380572,0.0025693381362234084,ok
real_vs_real,original,866000,867000,4907,0,3,0.5,uniform,1.0,0.05059154077635556,0.0025595039981256475,ok
real_vs_real,original,867000,868000,4755,0,3,0.5,uniform,1.0,0.05129632619105062,0.0026313130806986658,ok
real_vs_real,original,868000,869000,4994,0,3,0.5,uniform,1.0,0.0507266618268944,0.0025731942201001052,ok
real_vs_real,original,869000,870000,4758,0,3,0.5,uniform,1.0,0.05100761280211397,0.002601776563770381,ok
real_vs_real,original,870000,871000,4652,0,3,0.5,uniform,1.0,0.05126798793272938,0.0026284065866704854,ok
real_vs_real,original,871000,872000,4658,0,3,0.5,uniform,1.0,0.05110598060729305,0.0026118212538330135,ok
real_vs_real,original,872000,873000,4600,0,3,0.5,uniform,1.0,0.050962027252448555,0.0025971282216793092,ok
real_vs_real,original,873000,874000,4578,0,3,0.5,uniform,1.0,0.05090194200810883,0.0025910077001968746,ok
real_vs_real,original,874000,875000,4719,0,3,0.5,uniform,1.0,0.05052967506886586,0.002553248062565164,ok
real_vs_real,original,875000,876000,4641,0,3,0.5,uniform,1.0,0.05065625786101957,0.0025660564604821075,ok
real_vs_real,original,876000,877000,4508,0,3,0.5,uniform,1.0,0.050958248392481656,0.0025967430792298595,ok
real_vs_real,original,877000,878000,4585,0,3,0.5,uniform,1.0,0.05048432712726777,0.002548667285492984,ok
real_vs_real,original,878000,879000,4410,0,3,0.5,uniform,1.0,0.051056290575392314,0.0026067448073188943,ok
real_vs_real,original,879000,880000,4331,0,3,0.5,uniform,1.0,0.05115426698525839,0.0026167590307990965,ok
real_vs_real,original,880000,881000,4318,0,3,0.5,uniform,1.0,0.05116709449472347,0.0026180715590319605,ok
real_vs_real,original,881000,882000,4360,0,3,0.5,uniform,1.0,0.050732026588961365,0.002573738521823083,ok
real_vs_real,original,882000,883000,4198,0,3,0.5,uniform,1.0,0.05098488999604216,0.0025994590079085195,ok
real_vs_real,original,883000,884000,4313,0,3,0.5,uniform,1.0,0.05099499609687705,0.0026004896269205056,ok
real_vs_real,original,884000,885000,4250,0,3,0.5,uniform,1.0,0.051149098347380094,0.002616230261749961,ok
real_vs_real,original,885000,886000,4261,0,3,0.5,uniform,1.0,0.05093403645807625,0.0025942760699126407,ok
real_vs_real,original,886000,887000,4111,0,3,0.5,uniform,1.0,0.05166858045104725,0.002669642205826342,ok
real_vs_real,original,887000,888000,4092,0,3,0.5,uniform,1.0,0.05162556137614419,0.002665198587402031,ok
real_vs_real,original,888000,889000,4100,0,3,0.5,uniform,1.0,0.05154879764316005,0.0026572785384554637,ok
real_vs_real,original,889000,890000,4081,0,3,0.5,uniform,1.0,0.051735488238355526,0.002676560743261023,ok
real_vs_real,original,890000,891000,4108,0,3,0.5,uniform,1.0,0.05135555543558427,0.002637393074097369,ok
real_vs_real,original,891000,892000,4064,0,3,0.5,uniform,1.0,0.05160591835134656,0.0026631708088858475,ok
real_vs_real,original,892000,893000,4061,0,3,0.5,uniform,1.0,0.051745703418309044,0.0026776178222556,ok
real_vs_real,original,893000,894000,4147,0,3,0.5,uniform,1.0,0.05134237075458071,0.0026360390347008244,ok
real_vs_real,original,894000,895000,4171,0,3,0.5,uniform,1.0,0.051008594414813466,0.0026018767041749396,ok
real_vs_real,original,895000,896000,4050,0,3,0.5,uniform,1.0,0.051629833267653136,0.0026656396832456628,ok
real_vs_real,original,896000,897000,3986,0,3,0.5,uniform,1.0,0.051671903236319136,0.0026699855840635277,ok
real_vs_real,original,897000,898000,4167,0,3,0.5,uniform,1.0,0.0510547071986178,0.002606583127136596,ok
real_vs_real,original,898000,899000,4114,0,3,0.5,uniform,1.0,0.05116341186868051,0.002617694714044237,ok
real_vs_real,original,899000,900000,4086,0,3,0.5,uniform,1.0,0.051664988184535125,0.002669271004108154,ok
real_vs_real,original,900000,901000,4107,0,3,0.5,uniform,1.0,0.05171631980590753,0.002674577734266904,ok
real_vs_real,original,901000,902000,4046,0,3,0.5,uniform,1.0,0.052004524895339105,0.0027044706095899445,ok
real_vs_real,original,902000,903000,4175,0,3,0.5,uniform,1.0,0.051528635180188624,0.002655200243532973,ok
real_vs_real,original,903000,904000,4242,0,3,0.5,uniform,1.0,0.05180045849490918,0.002683287500282808,ok
real_vs_real,original,904000,905000,4156,0,3,0.5,uniform,1.0,0.051608682043088716,0.002663456062224628,ok
real_vs_real,original,905000,906000,4138,0,3,0.5,uniform,1.0,0.051905765323163176,0.002694208473783289,ok
real_vs_real,original,906000,907000,4215,0,3,0.5,uniform,1.0,0.05192085978231477,0.002695775680534791,ok
real_vs_real,original,907000,908000,4209,0,3,0.5,uniform,1.0,0.05206148227694296,0.0027103979368724457,ok
real_vs_real,original,908000,909000,4137,0,3,0.5,uniform,1.0,0.05212224763368022,0.002716728698386684,ok
real_vs_real,original,909000,910000,4194,0,3,0.5,uniform,1.0,0.052330652544163116,0.0027384971956979256,ok
real_vs_real,original,910000,911000,4244,0,3,0.5,uniform,1.0,0.05201632951070355,0.002705698535766089,ok
real_vs_real,original,911000,912000,4198,0,3,0.5,uniform,1.0,0.05204911747253554,0.002709110629669804,ok
real_vs_real,original,912000,913000,4284,0,3,0.5,uniform,1.0,0.05182855375518961,0.0026861989843545795,ok
real_vs_real,original,913000,914000,4236,0,3,0.5,uniform,1.0,0.0521353890130449,0.002718098787541523,ok
real_vs_real,original,914000,915000,4292,0,3,0.5,uniform,1.0,0.05217519124920451,0.002722250581891067,ok
real_vs_real,original,915000,916000,4243,0,3,0.5,uniform,1.0,0.052099063047966125,0.0027143123704759494,ok
real_vs_real,original,916000,917000,4277,0,3,0.5,uniform,1.0,0.052134342043441764,0.0027179896203025798,ok
real_vs_real,original,917000,918000,4259,0,3,0.5,uniform,1.0,0.05193221170671934,0.0026969546127515176,ok
real_vs_real,original,918000,919000,4295,0,3,0.5,uniform,1.0,0.05217407540953509,0.002722134144839854,ok
real_vs_real,original,919000,920000,4291,0,3,0.5,uniform,1.0,0.05150792761299474,0.002653066606985506,ok
real_vs_real,original,920000,921000,4216,0,3,0.5,uniform,1.0,0.052088752005424496,0.0027132380854826142,ok
real_vs_real,original,921000,922000,4242,0,3,0.5,uniform,1.0,0.05164696300633234,0.0026674087877774613,ok
real_vs_real,original,922000,923000,4120,0,3,0.5,uniform,1.0,0.05128191046979235,0.0026298343414317984,ok
real_vs_real,original,923000,924000,4165,0,3,0.5,uniform,1.0,0.05149467285835845,0.002651701332789359,ok
real_vs_real,original,924000,925000,4024,0,3,0.5,uniform,1.0,0.05180214458565295,0.002683462183672893,ok
real_vs_real,original,925000,926000,4035,0,3,0.5,uniform,1.0,0.05197539358815434,0.0027014415386435553,ok
real_vs_real,original,926000,927000,4005,0,3,0.5,uniform,1.0,0.051554467520735704,0.002657863121346593,ok
real_vs_real,original,927000,928000,3888,0,3,0.5,uniform,1.0,0.05189667090992107,0.0026932644515326475,ok
real_vs_real,original,928000,929000,4055,0,3,0.5,uniform,1.0,0.05109577705813485,0.0026107784331746197,ok
real_vs_real,original,929000,930000,3959,0,3,0.5,uniform,1.0,0.05179549704325076,0.002682773513957398,ok
real_vs_real,original,930000,931000,3900,0,3,0.5,uniform,1.0,0.0515297647558162,0.002655316655789757,ok
real_vs_real,original,931000,932000,4101,0,3,0.5,uniform,1.0,0.05072566818548704,0.002573093412864132,ok
real_vs_real,original,932000,933000,3961,0,3,0.5,uniform,1.0,0.051357387844186475,0.0026375812861781926,ok
real_vs_real,original,933000,934000,3914,0,3,0.5,uniform,1.0,0.05206660937885194,0.002710931812209953,ok
real_vs_real,original,934000,935000,4011,0,3,0.5,uniform,1.0,0.05161358495672728,0.0026639621520853046,ok
real_vs_real,original,935000,936000,3930,0,3,0.5,uniform,1.0,0.05177893588300602,0.0026810582011764484,ok
real_vs_real,original,936000,937000,3921,0,3,0.5,uniform,1.0,0.051299041589760286,0.002631591668027956,ok
real_vs_real,original,937000,938000,3883,0,3,0.5,uniform,1.0,0.05185128727773158,0.0026885559923578483,ok
real_vs_real,original,938000,939000,3906,0,3,0.5,uniform,1.0,0.050973124633447275,0.0025982594348969495,ok
real_vs_real,original,939000,940000,3890,0,3,0.5,uniform,1.0,0.05155429770033486,0.0026578456113747523,ok
real_vs_real,original,940000,941000,3838,0,3,0.5,uniform,1.0,0.05128953591968821,0.002630616494856987,ok
real_vs_real,original,941000,942000,3791,0,3,0.5,uniform,1.0,0.05197089201516447,0.002700973616851886,ok
real_vs_real,original,942000,943000,3770,0,3,0.5,uniform,1.0,0.05183028945744382,0.0026863789052424124,ok
real_vs_real,original,943000,944000,3798,0,3,0.5,uniform,1.0,0.051622278773196625,0.002664859665737627,ok
real_vs_real,original,944000,945000,3830,0,3,0.5,uniform,1.0,0.051682644795672465,0.00267109577307565,ok
real_vs_real,original,945000,946000,3669,0,3,0.5,uniform,1.0,0.052334432154309204,0.0027388927889139933,ok
real_vs_real,original,946000,947000,3627,0,3,0.5,uniform,1.0,0.05244436945026659,0.002750411887036056,ok
real_vs_real,original,947000,948000,3596,0,3,0.5,uniform,1.0,0.052343326762608756,0.0027398238565772342,ok
real_vs_real,original,948000,949000,3791,0,3,0.5,uniform,1.0,0.05174738114622069,0.0026777914554922365,ok
real_vs_real,original,949000,950000,3721,0,3,0.5,uniform,1.0,0.05271514152027752,0.0027788861455028875,ok
real_vs_real,original,950000,951000,3527,0,3,0.5,uniform,1.0,0.053156576564726464,0.0028256216320816266,ok
real_vs_real,original,951000,952000,3576,0,3,0.5,uniform,1.0,0.05335926838529126,0.0028472115226135433,ok
real_vs_real,original,952000,953000,3539,0,3,0.5,uniform,1.0,0.05302565480268634,0.0028117200672536525,ok
real_vs_real,original,953000,954000,3420,0,3,0.5,uniform,1.0,0.05349906556355607,0.0028621500161736704,ok
real_vs_real,original,954000,955000,3428,0,3,0.5,uniform,1.0,0.05356372002879515,0.0028690721033231502,ok
real_vs_real,original,955000,956000,3262,0,3,0.5,uniform,1.0,0.053409616082833594,0.002852587090115677,ok
real_vs_real,original,956000,957000,3350,0,3,0.5,uniform,1.0,0.05274410637372004,0.002781940757162295,ok
real_vs_real,original,957000,958000,3272,0,3,0.5,uniform,1.0,0.0527006711637913,0.0027773607411140638,ok
real_vs_real,original,958000,959000,3015,0,3,0.5,uniform,1.0,0.05489770641750223,0.003013758169902266,ok
real_vs_real,original,959000,960000,2906,0,3,0.5,uniform,1.0,0.05471024302795869,0.002993210692178302,ok
real_vs_real,original,960000,961000,2710,0,3,0.5,uniform,1.0,0.055366021511308816,0.0030653963379907103,ok
real_vs_real,original,961000,962000,2535,0,3,0.5,uniform,1.0,0.05634953980801868,0.0031752706365754816,ok
real_vs_real,original,962000,963000,2449,0,3,0.5,uniform,1.0,0.05682578084749157,0.0032291693689271393,ok
real_vs_real,original,963000,964000,2472,0,3,0.5,uniform,1.0,0.05724802159732485,0.003277335976807773,ok
real_vs_real,original,964000,965000,2509,0,3,0.5,uniform,1.0,0.056196531628546875,0.003158050167078269,ok
real_vs_real,original,965000,966000,2553,0,3,0.5,uniform,1.0,0.05621019200152969,0.0031595856848488325,ok
real_vs_real,original,966000,967000,2588,0,3,0.5,uniform,1.0,0.05659164017445185,0.0032026137376346326,ok
real_vs_real,original,967000,968000,2510,0,3,0.5,uniform,1.0,0.05680868248727929,0.003227226405940513,ok
real_vs_real,original,968000,969000,2503,0,3,0.5,uniform,1.0,0.057078944206149444,0.0032580058716887212,ok
real_vs_real,original,969000,970000,2459,0,3,0.5,uniform,1.0,0.05696639026727601,0.003245169620083599,ok
real_vs_real,original,970000,971000,2468,0,3,0.5,uniform,1.0,0.05632497956592398,0.0031725033231017534,ok
real_vs_real,original,971000,972000,2494,0,3,0.5,uniform,1.0,0.056391631157501294,0.003180016064603671,ok
real_vs_real,original,972000,973000,2477,0,3,0.5,uniform,1.0,0.056612800454656796,0.003205009175318789,ok
real_vs_real,original,973000,974000,2565,0,3,0.5,uniform,1.0,0.05618829766909671,0.0031571247949510185,ok
real_vs_real,original,974000,975000,2578,0,3,0.5,uniform,1.0,0.056542953953246516,0.003197105641758956,ok
real_vs_real,original,975000,976000,2528,0,3,0.5,uniform,1.0,0.05641587780212091,0.0031827512681838386,ok
real_vs_real,original,976000,977000,2585,0,3,0.5,uniform,1.0,0.05531463771937768,0.003059709146026,ok
real_vs_real,original,977000,978000,2489,0,3,0.5,uniform,1.0,0.055800619902593544,0.0031137091815137186,ok
real_vs_real,original,978000,979000,2379,0,3,0.5,uniform,1.0,0.0564438800096651,0.003185911590545471,ok
real_vs_real,original,979000,980000,2398,0,3,0.5,uniform,1.0,0.05629454480241307,0.003169075774510892,ok
real_vs_real,original,980000,981000,2367,0,3,0.5,uniform,1.0,0.05691921514192369,0.003239797052372595,ok
real_vs_real,original,981000,982000,2502,0,3,0.5,uniform,1.0,0.05701647729199593,0.0032508786827886876,ok
real_vs_real,original,982000,983000,2543,0,3,0.5,uniform,1.0,0.057015964141449674,0.003250820166979075,ok
real_vs_real,original,983000,984000,2732,0,3,0.5,uniform,1.0,0.05574109958764745,0.0031070701832400308,ok
real_vs_real,original,984000,985000,2902,0,3,0.5,uniform,1.0,0.05514920800819047,0.00304143514393066,ok
real_vs_real,original,985000,986000,2969,0,3,0.5,uniform,1.0,0.0554935656281673,0.003079535826127711,ok
real_vs_real,original,986000,987000,3089,0,3,0.5,uniform,1.0,0.05472962381518992,0.0029953317229522037,ok
real_vs_real,original,987000,988000,3385,0,3,0.5,uniform,1.0,0.053788825710487174,0.0028932377713131664,ok
real_vs_real,original,988000,989000,3327,0,3,0.5,uniform,1.0,0.05338212053264706,0.0028496507925620585,ok
real_vs_real,original,989000,990000,3424,0,3,0.5,uniform,1.0,0.0531892445134168,0.002829095731908039,ok
real_vs_real,original,990000,991000,3601,0,3,0.5,uniform,1.0,0.05175095982212443,0.0026781618425111373,ok
real_vs_real,original,991000,992000,3624,0,3,0.5,uniform,1.0,0.05220050466393592,0.002724892687169596,ok
real_vs_real,original,992000,993000,3712,0,3,0.5,uniform,1.0,0.05188329637565535,0.0026918764428040913,ok
real_vs_real,original,993000,994000,3784,0,3,0.5,uniform,1.0,0.051625331505809814,0.0026651748530847593,ok
real_vs_real,original,994000,995000,3782,0,3,0.5,uniform,1.0,0.051431207560862315,0.002645169111168501,ok
real_vs_real,original,995000,996000,3909,0,3,0.5,uniform,1.0,0.05110696731351603,0.0026119221079847956,ok
real_vs_real,original,996000,997000,3845,0,3,0.5,uniform,1.0,0.05131178074809266,0.0026328988435403325,ok
real_vs_real,original,997000,998000,3944,0,3,0.5,uniform,1.0,0.05068048924028359,0.0025685119896345005,ok
real_vs_real,original,998000,999000,3991,0,3,0.5,uniform,1.0,0.050041215680358526,0.00250412326676816,ok
real_vs_real,original,999000,1000000,4150,0,3,0.5,uniform,1.0,0.049410436656576656,0.0024413912505935743,ok
real_vs_real,original,1000000,1001000,4011,0,3,0.5,uniform,1.0,0.049948272136948337,0.0024948298894666493,ok
real_vs_real,original,1001000,1002000,4109,0,3,0.5,uniform,1.0,0.04907103230705572,0.0024079662116801067,ok
real_vs_real,original,1002000,1003000,4066,0,3,0.5,uniform,1.0,0.048491139213168145,0.0023513905821908533,ok
real_vs_real,original,1003000,1004000,4049,0,3,0.5,uniform,1.0,0.04767860321506034,0.002273249204539162,ok
real_vs_real,original,1004000,1005000,4150,0,3,0.5,uniform,1.0,0.04619403446170897,0.0021338888198495563,ok
real_vs_real,original,1005000,1006000,4145,0,3,0.5,uniform,1.0,0.04448045598150507,0.0019785109643226098,ok
real_vs_real,original,1006000,1007000,4320,0,3,0.5,uniform,1.0,0.042021106822314754,0.0017657734185723877,ok
real_vs_real,original,1007000,1008000,4372,0,3,0.5,uniform,1.0,0.03998878724241826,0.001599103105119393,ok
real_vs_real,original,1008000,1009000,4569,0,3,0.5,uniform,1.0,0.03646531420051643,0.001329719139742385,ok
real_vs_real,original,1009000,1010000,4674,0,3,0.5,uniform,1.0,0.03095015567419236,0.0009579121362567416,ok
real_vs_real,original,1010000,1011000,4662,0,3,0.5,uniform,1.0,0.02451780292142287,0.0006011226600937318,ok
real_vs_real,original,1011000,1012000,4785,0,3,0.5,uniform,1.0,0.019652342150158094,0.0003862145519868804,ok
real_vs_real,original,1012000,1013000,4726,0,3,0.5,uniform,1.0,0.021248424933166057,0.00045149556214039294,ok
real_vs_real,original,1013000,1014000,4725,0,3,0.5,uniform,1.0,0.027197992688339504,0.0007397308062749692,ok
real_vs_real,original,1014000,1015000,4793,0,3,0.5,uniform,1.0,0.03337223571199321,0.0011137061164168348,ok
v2e_vs_real,original,15000,16000,14225,0,3,0.5,uniform,1.0,0.03550327639908624,0.0012604826350699136,ok
v2e_vs_real,original,16000,17000,9988,0,3,0.5,uniform,1.0,0.038583256373787435,0.0014886676724054086,ok
v2e_vs_real,original,17000,18000,15447,0,3,0.5,uniform,1.0,0.034761432259069296,0.0012083571727018634,ok
v2e_vs_real,original,18000,19000,15816,0,3,0.5,uniform,1.0,0.034598880731656206,0.001197082547883371,ok
v2e_vs_real,original,19000,20000,16017,0,3,0.5,uniform,1.0,0.03475775329866284,0.0012081014143707075,ok
v2e_vs_real,original,20000,21000,16354,0,3,0.5,uniform,1.0,0.03498757815105143,0.001224130624875931,ok
v2e_vs_real,original,21000,22000,16408,0,3,0.5,uniform,1.0,0.03578787583128595,0.0012807720565155406,ok
v2e_vs_real,original,22000,23000,16697,0,3,0.5,uniform,1.0,0.036539142264880635,0.0013351089174531861,ok
v2e_vs_real,original,23000,24000,17071,0,3,0.5,uniform,1.0,0.037278326358402974,0.0013896736160836022,ok
v2e_vs_real,original,24000,25000,11826,0,3,0.5,uniform,1.0,0.04125975634632095,0.0017023674937577719,ok
v2e_vs_real,original,25000,26000,18166,0,3,0.5,uniform,1.0,0.038323360445652405,0.001468679955847395,ok
v2e_vs_real,original,26000,27000,18069,0,3,0.5,uniform,1.0,0.03860715251257236,0.001490512225129022,ok
v2e_vs_real,original,27000,28000,18153,0,3,0.5,uniform,1.0,0.038723837586576104,0.0014995355974315241,ok
v2e_vs_real,original,28000,29000,17933,0,3,0.5,uniform,1.0,0.03906858606683057,0.0015263544172613476,ok
v2e_vs_real,original,29000,30000,17821,0,3,0.5,uniform,1.0,0.039682804689696344,0.0015747249880405862,ok
v2e_vs_real,original,30000,31000,17308,0,3,0.5,uniform,1.0,0.0402024262475306,0.0016162350761881376,ok
v2e_vs_real,original,31000,32000,16542,0,3,0.5,uniform,1.0,0.041071751697360236,0.0016868887874896136,ok
v2e_vs_real,original,32000,33000,17943,0,3,0.5,uniform,1.0,0.039891998438999834,0.0015913715394571654,ok
v2e_vs_real,original,33000,34000,11990,0,3,0.5,uniform,1.0,0.043150991775364814,0.001862008091197602,ok
v2e_vs_real,original,34000,35000,17723,0,3,0.5,uniform,1.0,0.04038813377898367,0.001631201350149082,ok
v2e_vs_real,original,35000,36000,16641,0,3,0.5,uniform,1.0,0.04093078788944359,0.0016753293972506223,ok
v2e_vs_real,original,36000,37000,15823,0,3,0.5,uniform,1.0,0.041589436316200566,0.0017296812130993024,ok
v2e_vs_real,original,37000,38000,15218,0,3,0.5,uniform,1.0,0.04227361935588597,0.001787058893446337,ok
v2e_vs_real,original,38000,39000,14812,0,3,0.5,uniform,1.0,0.04320009680631563,0.0018662483640750423,ok
v2e_vs_real,original,39000,40000,14500,0,3,0.5,uniform,1.0,0.043799311856901925,0.0019183797191381496,ok
v2e_vs_real,original,40000,41000,14633,0,3,0.5,uniform,1.0,0.044503304166068784,0.001980544081697635,ok
v2e_vs_real,original,41000,42000,9749,0,3,0.5,uniform,1.0,0.049011093494898766,0.0024020872855657085,ok
v2e_vs_real,original,42000,43000,14733,0,3,0.5,uniform,1.0,0.04504282376533361,0.0020288559727549027,ok
v2e_vs_real,original,43000,44000,14910,0,3,0.5,uniform,1.0,0.045263829760553535,0.002048814284592372,ok
v2e_vs_real,original,44000,45000,14756,0,3,0.5,uniform,1.0,0.045389529525422155,0.0020602093905391695,ok
v2e_vs_real,original,45000,46000,14927,0,3,0.5,uniform,1.0,0.045443106287761666,0.0020650759090808037,ok
v2e_vs_real,original,46000,47000,15020,0,3,0.5,uniform,1.0,0.04555070936966847,0.002074867124080003,ok
v2e_vs_real,original,47000,48000,15293,0,3,0.5,uniform,1.0,0.045502831640872744,0.0020705076873376096,ok
v2e_vs_real,original,48000,49000,15703,0,3,0.5,uniform,1.0,0.045188665881362416,0.002042015524137408,ok
v2e_vs_real,original,49000,50000,10693,0,3,0.5,uniform,1.0,0.048900708316486234,0.002391279273854066,ok
v2e_vs_real,original,50000,51000,16117,0,3,0.5,uniform,1.0,0.04493937369337902,0.002019547307953166,ok
v2e_vs_real,original,51000,52000,15965,0,3,0.5,uniform,1.0,0.045158886950942966,0.0020393250706480467,ok
v2e_vs_real,original,52000,53000,15562,0,3,0.5,uniform,1.0,0.04531722792496499,0.0020536511468032268,ok
v2e_vs_real,original,53000,54000,15390,0,3,0.5,uniform,1.0,0.045512530518245074,0.0020713904341741894,ok
v2e_vs_real,original,54000,55000,14918,0,3,0.5,uniform,1.0,0.04579847716464453,0.002097500510600467,ok
v2e_vs_real,original,55000,56000,14953,0,3,0.5,uniform,1.0,0.04594028704123454,0.0021105099734310224,ok
v2e_vs_real,original,56000,57000,14945,0,3,0.5,uniform,1.0,0.04599903297753142,0.002115911034868023,ok
v2e_vs_real,original,57000,58000,9946,0,3,0.5,uniform,1.0,0.050449702915736964,0.0025451725242861185,ok
v2e_vs_real,original,58000,59000,14963,0,3,0.5,uniform,1.0,0.0460482175108689,0.002120438335928293,ok
v2e_vs_real,original,59000,60000,14871,0,3,0.5,uniform,1.0,0.04616137196311417,0.002130872261516983,ok
v2e_vs_real,original,60000,61000,14611,0,3,0.5,uniform,1.0,0.04610708713977229,0.002125863484514555,ok
v2e_vs_real,original,61000,62000,14087,0,3,0.5,uniform,1.0,0.04648824380708151,0.0021611568122666524,ok
v2e_vs_real,original,62000,63000,13479,0,3,0.5,uniform,1.0,0.04660861349066714,0.0021723628515223988,ok
v2e_vs_real,original,63000,64000,13345,0,3,0.5,uniform,1.0,0.04664759921249317,0.0021759985122893934,ok
v2e_vs_real,original,64000,65000,12629,0,3,0.5,uniform,1.0,0.04707370790356074,0.0022159339757897565,ok
v2e_vs_real,original,65000,66000,13330,0,3,0.5,uniform,1.0,0.045879136817777666,0.002104895195144362,ok
v2e_vs_real,original,66000,67000,9721,0,3,0.5,uniform,1.0,0.04807891449006281,0.0023115820185427714,ok
v2e_vs_real,original,67000,68000,14188,0,3,0.5,uniform,1.0,0.04428629453155034,0.001961275883335226,ok
v2e_vs_real,original,68000,69000,13274,0,3,0.5,uniform,1.0,0.044781100659874,0.0020053469763097677,ok
v2e_vs_real,original,69000,70000,12649,0,3,0.5,uniform,1.0,0.045416280399769283,0.002062638525350468,ok
v2e_vs_real,original,70000,71000,12506,0,3,0.5,uniform,1.0,0.04584818827729456,0.00210205636831025,ok
v2e_vs_real,original,71000,72000,12465,0,3,0.5,uniform,1.0,0.04608836741988978,0.002124137611430758,ok
v2e_vs_real,original,72000,73000,12424,0,3,0.5,uniform,1.0,0.046469282300806984,0.002159394197552093,ok
v2e_vs_real,original,73000,74000,12516,0,3,0.5,uniform,1.0,0.046378759682611854,0.0021509893496974627,ok
v2e_vs_real,original,74000,75000,8384,0,3,0.5,uniform,1.0,0.051145675167863315,0.0026158800883765904,ok
v2e_vs_real,original,75000,76000,12589,0,3,0.5,uniform,1.0,0.0465415562045416,0.0021661164539405046,ok
v2e_vs_real,original,76000,77000,12756,0,3,0.5,uniform,1.0,0.046544967843984035,0.0021664340315975077,ok
v2e_vs_real,original,77000,78000,12721,0,3,0.5,uniform,1.0,0.04648999270968744,0.0021613194221467916,ok
v2e_vs_real,original,78000,79000,12818,0,3,0.5,uniform,1.0,0.046553544462345754,0.002167232502007603,ok
v2e_vs_real,original,79000,80000,12647,0,3,0.5,uniform,1.0,0.046542776906942994,0.002166230082209466,ok
v2e_vs_real,original,80000,81000,12880,0,3,0.5,uniform,1.0,0.046441818131584794,0.0021568424713671983,ok
v2e_vs_real,original,81000,82000,13138,0,3,0.5,uniform,1.0,0.046051187976717964,0.002120711914067013,ok
v2e_vs_real,original,82000,83000,9049,0,3,0.5,uniform,1.0,0.0503482342926266,0.0025349446963852215,ok
v2e_vs_real,original,83000,84000,13497,0,3,0.5,uniform,1.0,0.0460492887109649,0.002120536990785799,ok
v2e_vs_real,original,84000,85000,13313,0,3,0.5,uniform,1.0,0.04596484095578302,0.0021127666040904286,ok
v2e_vs_real,original,85000,86000,13272,0,3,0.5,uniform,1.0,0.04608930518116164,0.002124224052082253,ok
v2e_vs_real,original,86000,87000,13129,0,3,0.5,uniform,1.0,0.04612026401189218,0.0021270787525266375,ok
v2e_vs_real,original,87000,88000,13070,0,3,0.5,uniform,1.0,0.04612791021298111,0.0021277841006168475,ok
v2e_vs_real,original,88000,89000,13176,0,3,0.5,uniform,1.0,0.04610941318347232,0.002126077984124171,ok
v2e_vs_real,original,89000,90000,13222,0,3,0.5,uniform,1.0,0.04628600775235008,0.0021423945136506122,ok
v2e_vs_real,original,90000,91000,13239,0,3,0.5,uniform,1.0,0.046516030701687465,0.002163741112240331,ok
v2e_vs_real,original,91000,92000,8996,0,3,0.5,uniform,1.0,0.05095789810664175,0.002596707379446883,ok
v2e_vs_real,original,92000,93000,13304,0,3,0.5,uniform,1.0,0.04662954655752725,0.0021743146121606014,ok
v2e_vs_real,original,93000,94000,12912,0,3,0.5,uniform,1.0,0.04679207210145493,0.002189498011547757,ok
v2e_vs_real,original,94000,95000,12762,0,3,0.5,uniform,1.0,0.046873444142053126,0.0021971197657381742,ok
v2e_vs_real,original,95000,96000,12283,0,3,0.5,uniform,1.0,0.04698404320003535,0.0022075003154227884,ok
v2e_vs_real,original,96000,97000,11965,0,3,0.5,uniform,1.0,0.047143847423456266,0.002222542349886124,ok
v2e_vs_real,original,97000,98000,11464,0,3,0.5,uniform,1.0,0.04736245844541152,0.0022432024699933334,ok
v2e_vs_real,original,98000,99000,11236,0,3,0.5,uniform,1.0,0.04718644889391652,0.002226560959218196,ok
v2e_vs_real,original,99000,100000,7943,0,3,0.5,uniform,1.0,0.05010562614919128,0.0025105737718025206,ok
v2e_vs_real,original,100000,101000,11930,0,3,0.5,uniform,1.0,0.04571383423022106,0.0020897546400281304,ok
v2e_vs_real,original,101000,102000,11920,0,3,0.5,uniform,1.0,0.04602209256677216,0.0021180330042245453,ok
v2e_vs_real,original,102000,103000,11268,0,3,0.5,uniform,1.0,0.04652330148944548,0.0021644175814778403,ok
v2e_vs_real,original,103000,104000,10961,0,3,0.5,uniform,1.0,0.04699028246302636,0.0022080866459550028,ok
v2e_vs_real,original,104000,105000,10990,0,3,0.5,uniform,1.0,0.046960358461523,0.002205275266834735,ok
v2e_vs_real,original,105000,106000,10889,0,3,0.5,uniform,1.0,0.04713427891987149,0.0022216402492962425,ok
v2e_vs_real,original,106000,107000,10745,0,3,0.5,uniform,1.0,0.04727027702843168,0.002234479090344676,ok
v2e_vs_real,original,107000,108000,7106,0,3,0.5,uniform,1.0,0.0523094973884705,0.0027362835170344026,ok
v2e_vs_real,original,108000,109000,10648,0,3,0.5,uniform,1.0,0.047603155663646646,0.0022660604291373735,ok
v2e_vs_real,original,109000,110000,10651,0,3,0.5,uniform,1.0,0.047706155301800925,0.0022758772536795482,ok
v2e_vs_real,original,110000,111000,10691,0,3,0.5,uniform,1.0,0.047656591224830874,0.002271150687170627,ok
v2e_vs_real,original,111000,112000,10668,0,3,0.5,uniform,1.0,0.047858842294232845,0.0022904687857442504,ok
v2e_vs_real,original,112000,113000,10664,0,3,0.5,uniform,1.0,0.04778698572165889,0.002283596004362031,ok
v2e_vs_real,original,113000,114000,10689,0,3,0.5,uniform,1.0,0.04783854924578087,0.0022885267939410014,ok
v2e_vs_real,original,114000,115000,10618,0,3,0.5,uniform,1.0,0.04784890870903816,0.0022895180646458676,ok
v2e_vs_real,original,115000,116000,11168,0,3,0.5,uniform,1.0,0.0469790022635567,0.002207026653679266,ok
v2e_vs_real,original,116000,117000,7561,0,3,0.5,uniform,1.0,0.051649946354683535,0.0026677169584416872,ok
v2e_vs_real,original,117000,118000,11289,0,3,0.5,uniform,1.0,0.0467386073377638,0.002184497415873668,ok
v2e_vs_real,original,118000,119000,11078,0,3,0.5,uniform,1.0,0.047031781189385176,0.0022119884418462053,ok
v2e_vs_real,original,119000,120000,10586,0,3,0.5,uniform,1.0,0.047419982574334926,0.002248654747350228,ok
v2e_vs_real,original,120000,121000,10328,0,3,0.5,uniform,1.0,0.04776039737801894,0.002281055557706278,ok
v2e_vs_real,original,121000,122000,10054,0,3,0.5,uniform,1.0,0.04792785270964125,0.0022970790653570657,ok
v2e_vs_real,original,122000,123000,9998,0,3,0.5,uniform,1.0,0.047864455914982694,0.002291006140037322,ok
v2e_vs_real,original,123000,124000,9891,0,3,0.5,uniform,1.0,0.04801571145077426,0.0023055085461240145,ok
v2e_vs_real,original,124000,125000,6577,0,3,0.5,uniform,1.0,0.05302133844466362,0.002811262330463564,ok
v2e_vs_real,original,125000,126000,9781,0,3,0.5,uniform,1.0,0.04824623436808583,0.0023276991307002665,ok
v2e_vs_real,original,126000,127000,9705,0,3,0.5,uniform,1.0,0.04845874655690114,0.0023482501178659783,ok
v2e_vs_real,original,127000,128000,9498,0,3,0.5,uniform,1.0,0.0488388800822039,0.002385236207683893,ok
v2e_vs_real,original,128000,129000,9374,0,3,0.5,uniform,1.0,0.048718155419556514,0.0023734586674840634,ok
v2e_vs_real,original,129000,130000,9433,0,3,0.5,uniform,1.0,0.04855731497341113,0.0023578128374270564,ok
v2e_vs_real,original,130000,131000,9342,0,3,0.5,uniform,1.0,0.04828214916809564,0.0023311659282902386,ok
v2e_vs_real,original,131000,132000,9088,0,3,0.5,uniform,1.0,0.04854125410842589,0.002356253350418774,ok
v2e_vs_real,original,132000,133000,8570,0,3,0.5,uniform,1.0,0.04736121243053471,0.002243084442890236,ok
v2e_vs_real,original,133000,134000,9464,0,3,0.5,uniform,1.0,0.04509656237512942,0.0020336999380539387,ok
v2e_vs_real,original,134000,135000,6460,0,3,0.5,uniform,1.0,0.04812308055716395,0.002315830882311291,ok
v2e_vs_real,original,135000,136000,8064,0,3,0.5,uniform,1.0,0.04617687995807602,0.0021323042426625626,ok
v2e_vs_real,original,136000,137000,7937,0,3,0.5,uniform,1.0,0.04699736999480824,0.002208752786428902,ok
v2e_vs_real,original,137000,138000,7993,0,3,0.5,uniform,1.0,0.04718339904282923,0.002226273145234858,ok
v2e_vs_real,original,138000,139000,6305,0,3,0.5,uniform,1.0,0.050310179384314695,0.002531114149681923,ok
v2e_vs_real,original,139000,140000,8726,0,3,0.5,uniform,1.0,0.04733196227306122,0.0022403146526184903,ok
v2e_vs_real,original,140000,141000,9260,0,3,0.5,uniform,1.0,0.047507202487889866,0.0022569342882253693,ok
v2e_vs_real,original,141000,142000,9721,0,3,0.5,uniform,1.0,0.047548459432076945,0.002260855994363867,ok
v2e_vs_real,original,142000,143000,10143,0,3,0.5,uniform,1.0,0.04740133241413183,0.0022468863146350247,ok
v2e_vs_real,original,143000,144000,7781,0,3,0.5,uniform,1.0,0.05086895864915782,0.002587650954049728,ok
v2e_vs_real,original,144000,145000,10227,0,3,0.5,uniform,1.0,0.047428138175090576,0.002249428290755484,ok
v2e_vs_real,original,145000,146000,10385,0,3,0.5,uniform,1.0,0.04720905323557438,0.002228694707399296,ok
v2e_vs_real,original,146000,147000,10451,0,3,0.5,uniform,1.0,0.04691060386400802,0.002200604754885884,ok
v2e_vs_real,original,147000,148000,10341,0,3,0.5,uniform,1.0,0.04679801318160469,0.0021900540377456463,ok
v2e_vs_real,original,148000,149000,7927,0,3,0.5,uniform,1.0,0.04917517476802509,0.0024181978134658116,ok
v2e_vs_real,original,149000,150000,10424,0,3,0.5,uniform,1.0,0.046017957192296254,0.002117652384152011,ok
v2e_vs_real,original,150000,151000,10428,0,3,0.5,uniform,1.0,0.045841358049802695,0.0021014301078502106,ok
v2e_vs_real,original,151000,152000,10495,0,3,0.5,uniform,1.0,0.045577203615351974,0.002077281489395253,ok
v2e_vs_real,original,152000,153000,7849,0,3,0.5,uniform,1.0,0.04854770297131177,0.002356879463790714,ok
v2e_vs_real,original,153000,154000,10211,0,3,0.5,uniform,1.0,0.045802733913141915,0.0020978904339180805,ok
v2e_vs_real,original,154000,155000,10182,0,3,0.5,uniform,1.0,0.046165475151214226,0.002131251095937378,ok
v2e_vs_real,original,155000,156000,10027,0,3,0.5,uniform,1.0,0.046349638295201556,0.0021482889700960143,ok
v2e_vs_real,original,156000,157000,7474,0,3,0.5,uniform,1.0,0.04992837573110576,0.0024928427031464706,ok
v2e_vs_real,original,157000,158000,10134,0,3,0.5,uniform,1.0,0.04657219854591323,0.0021689696773999627,ok
v2e_vs_real,original,158000,159000,10004,0,3,0.5,uniform,1.0,0.04657844107215809,0.0021695511727125036,ok
v2e_vs_real,original,159000,160000,9776,0,3,0.5,uniform,1.0,0.046813326964897116,0.0021914875815223635,ok
v2e_vs_real,original,160000,161000,9793,0,3,0.5,uniform,1.0,0.04651900744269573,0.0021640180534535807,ok
v2e_vs_real,original,161000,162000,7460,0,3,0.5,uniform,1.0,0.04921141040275085,0.0024217629138279747,ok
v2e_vs_real,original,162000,163000,9898,0,3,0.5,uniform,1.0,0.045850720093495556,0.0021022885330920773,ok
v2e_vs_real,original,163000,164000,9889,0,3,0.5,uniform,1.0,0.045519166642258045,0.002071994531805658,ok
v2e_vs_real,original,164000,165000,9783,0,3,0.5,uniform,1.0,0.0454717432747925,0.0020676794364486374,ok
v2e_vs_real,original,165000,166000,10415,0,3,0.5,uniform,1.0,0.04430556962279981,0.001962983499600761,ok
v2e_vs_real,original,166000,167000,8465,0,3,0.5,uniform,1.0,0.045002835801535614,0.002025255230179976,ok
v2e_vs_real,original,167000,168000,11125,0,3,0.5,uniform,1.0,0.04197366857453203,0.0017617888536046577,ok
v2e_vs_real,original,168000,169000,11002,0,3,0.5,uniform,1.0,0.04152061991566648,0.00172396187818124,ok
v2e_vs_real,original,169000,170000,10905,0,3,0.5,uniform,1.0,0.04120595950350849,0.001697931098604782,ok
v2e_vs_real,original,170000,171000,8339,0,3,0.5,uniform,1.0,0.04367494667893083,0.0019075009674074507,ok
v2e_vs_real,original,171000,172000,11341,0,3,0.5,uniform,1.0,0.04028887636537329,0.0016231935587843345,ok
v2e_vs_real,original,172000,173000,11339,0,3,0.5,uniform,1.0,0.039526814992217794,0.0015623691034290133,ok
v2e_vs_real,original,173000,174000,11772,0,3,0.5,uniform,1.0,0.038504339786135135,0.0014825841823661492,ok
v2e_vs_real,original,174000,175000,11942,0,3,0.5,uniform,1.0,0.03794250153884966,0.001439633423025609,ok
v2e_vs_real,original,175000,176000,9226,0,3,0.5,uniform,1.0,0.039784637879610285,0.0015828174112117216,ok
v2e_vs_real,original,176000,177000,12809,0,3,0.5,uniform,1.0,0.036082937668893235,0.0013019783908172346,ok
v2e_vs_real,original,177000,178000,13210,0,3,0.5,uniform,1.0,0.03496353956930017,0.001222449099214019,ok
v2e_vs_real,original,178000,179000,13528,0,3,0.5,uniform,1.0,0.03412999440299047,0.001164856517948161,ok
v2e_vs_real,original,179000,180000,10338,0,3,0.5,uniform,1.0,0.036502205664900846,0.0013324110184027196,ok
v2e_vs_real,original,180000,181000,13861,0,3,0.5,uniform,1.0,0.03457312146450557,0.001195300727799456,ok
v2e_vs_real,original,181000,182000,14070,0,3,0.5,uniform,1.0,0.03393699769524445,0.001151719812567027,ok
v2e_vs_real,original,182000,183000,14407,0,3,0.5,uniform,1.0,0.03382941739957998,0.0011444294815950047,ok
v2e_vs_real,original,183000,184000,14244,0,3,0.5,uniform,1.0,0.034522958931575816,0.0011918346933912703,ok
v2e_vs_real,original,184000,185000,10582,0,3,0.5,uniform,1.0,0.0371489506890756,0.0013800445372993706,ok
v2e_vs_real,original,185000,186000,14134,0,3,0.5,uniform,1.0,0.03504250703750895,0.0012279772994738642,ok
v2e_vs_real,original,186000,187000,14086,0,3,0.5,uniform,1.0,0.03540982540723876,0.0012538557353711317,ok
v2e_vs_real,original,187000,188000,14091,0,3,0.5,uniform,1.0,0.03643998478017232,0.0013278724907791902,ok
v2e_vs_real,original,188000,189000,10559,0,3,0.5,uniform,1.0,0.040057597807121495,0.0016046111420771046,ok
v2e_vs_real,original,189000,190000,14065,0,3,0.5,uniform,1.0,0.038609653224674904,0.0014907053221296495,ok
v2e_vs_real,original,190000,191000,13794,0,3,0.5,uniform,1.0,0.03950326964255794,0.0015605083124526397,ok
v2e_vs_real,original,191000,192000,13476,0,3,0.5,uniform,1.0,0.04067833681800915,0.001654727086279399,ok
v2e_vs_real,original,192000,193000,13513,0,3,0.5,uniform,1.0,0.041707962342647335,0.001739554122775688,ok
v2e_vs_real,original,193000,194000,10072,0,3,0.5,uniform,1.0,0.04502102955767617,0.0020268931024331515,ok
v2e_vs_real,original,194000,195000,13448,0,3,0.5,uniform,1.0,0.04282498701560189,0.0018339795128864704,ok
v2e_vs_real,original,195000,196000,13310,0,3,0.5,uniform,1.0,0.043274502234311674,0.0018726825436274459,ok
v2e_vs_real,original,196000,197000,13041,0,3,0.5,uniform,1.0,0.04385927292058708,0.0019236358211225427,ok
v2e_vs_real,original,197000,198000,9609,0,3,0.5,uniform,1.0,0.04740193561832188,0.0022469435003635327,ok
v2e_vs_real,original,198000,199000,12536,0,3,0.5,uniform,1.0,0.04497358338242852,0.0020226232022562507,ok
v2e_vs_real,original,199000,200000,13134,0,3,0.5,uniform,1.0,0.04383485744876526,0.0019214947275535714,ok
v2e_vs_real,original,200000,201000,12689,0,3,0.5,uniform,1.0,0.044406230624597795,0.001971913318284967,ok
v2e_vs_real,original,201000,202000,12294,0,3,0.5,uniform,1.0,0.04500207178688931,0.002025186465112339,ok
v2e_vs_real,original,202000,203000,9100,0,3,0.5,uniform,1.0,0.04830914651410612,0.0023337736369213715,ok
v2e_vs_real,original,203000,204000,12006,0,3,0.5,uniform,1.0,0.04581416964297363,0.0020989381400751666,ok
v2e_vs_real,original,204000,205000,11942,0,3,0.5,uniform,1.0,0.046141405695845315,0.0021290293195885867,ok
v2e_vs_real,original,205000,206000,12143,0,3,0.5,uniform,1.0,0.046366217674497875,0.0021498261414389193,ok
v2e_vs_real,original,206000,207000,12380,0,3,0.5,uniform,1.0,0.04634741906165397,0.0021480832536765657,ok
v2e_vs_real,original,207000,208000,9315,0,3,0.5,uniform,1.0,0.04969535536032095,0.00246962834438858,ok
v2e_vs_real,original,208000,209000,12809,0,3,0.5,uniform,1.0,0.04637154899066254,0.002150320555793416,ok
v2e_vs_real,original,209000,210000,12953,0,3,0.5,uniform,1.0,0.04632638771007107,0.0021461341982638234,ok
v2e_vs_real,original,210000,211000,13269,0,3,0.5,uniform,1.0,0.0460509902403327,0.0021206937021152174,ok
v2e_vs_real,original,211000,212000,10063,0,3,0.5,uniform,1.0,0.04911542604813863,0.0024123250758901742,ok
v2e_vs_real,original,212000,213000,13557,0,3,0.5,uniform,1.0,0.04602944189115388,0.002118709520811111,ok
v2e_vs_real,original,213000,214000,13773,0,3,0.5,uniform,1.0,0.045917820095965727,0.002108446202365474,ok
v2e_vs_real,original,214000,215000,13911,0,3,0.5,uniform,1.0,0.04577613468890787,0.0020954545070570344,ok
v2e_vs_real,original,215000,216000,14113,0,3,0.5,uniform,1.0,0.045523108095574194,0.0020723533706813327,ok
v2e_vs_real,original,216000,217000,10718,0,3,0.5,uniform,1.0,0.04827007186043386,0.002329999837411449,ok
v2e_vs_real,original,217000,218000,14206,0,3,0.5,uniform,1.0,0.04540848186784198,0.002061930225542134,ok
v2e_vs_real,original,218000,219000,14433,0,3,0.5,uniform,1.0,0.04522729392336118,0.0020455081156301033,ok
v2e_vs_real,original,219000,220000,14360,0,3,0.5,uniform,1.0,0.04529223206477263,0.002051386285409218,ok
v2e_vs_real,original,220000,221000,10712,0,3,0.5,uniform,1.0,0.04815439791292026,0.0023188460383558596,ok
v2e_vs_real,original,221000,222000,14471,0,3,0.5,uniform,1.0,0.04517869166229695,0.0020411141803169,ok
v2e_vs_real,original,222000,223000,14381,0,3,0.5,uniform,1.0,0.04517179856989739,0.0020404913860393842,ok
v2e_vs_real,original,223000,224000,13968,0,3,0.5,uniform,1.0,0.04527365169222961,0.0020497035375493253,ok
v2e_vs_real,original,224000,225000,13854,0,3,0.5,uniform,1.0,0.04530592433323714,0.0020526267796890088,ok
v2e_vs_real,original,225000,226000,10365,0,3,0.5,uniform,1.0,0.04797277717881358,0.0023013873502480972,ok
v2e_vs_real,original,226000,227000,13688,0,3,0.5,uniform,1.0,0.045255014730757985,0.002048016358281122,ok
v2e_vs_real,original,227000,228000,13308,0,3,0.5,uniform,1.0,0.04555850829078602,0.0020755776776816186,ok
v2e_vs_real,original,228000,229000,12904,0,3,0.5,uniform,1.0,0.045694728923779494,0.00208800825141769,ok
v2e_vs_real,original,229000,230000,9510,0,3,0.5,uniform,1.0,0.048649373068267714,0.002366761499935492,ok
v2e_vs_real,original,230000,231000,12440,0,3,0.5,uniform,1.0,0.04593551623714124,0.002110071651972666,ok
v2e_vs_real,original,231000,232000,12279,0,3,0.5,uniform,1.0,0.04598005842150824,0.0021141657724453107,ok
v2e_vs_real,original,232000,233000,12481,0,3,0.5,uniform,1.0,0.04533555349916339,0.002055312411075506,ok
v2e_vs_real,original,233000,234000,11978,0,3,0.5,uniform,1.0,0.04520942488520289,0.0020438920984508025,ok
v2e_vs_real,original,234000,235000,8634,0,3,0.5,uniform,1.0,0.04847491993452478,0.0023498178626585884,ok
v2e_vs_real,original,235000,236000,11179,0,3,0.5,uniform,1.0,0.045874354094042835,0.002104456363545625,ok
v2e_vs_real,original,236000,237000,10869,0,3,0.5,uniform,1.0,0.04637441410575618,0.0021505862836521577,ok
v2e_vs_real,original,237000,238000,11192,0,3,0.5,uniform,1.0,0.04644193565418122,0.002156853387307109,ok
v2e_vs_real,original,238000,239000,8504,0,3,0.5,uniform,1.0,0.049609379974540305,0.0024610905814583207,ok
v2e_vs_real,original,239000,240000,11589,0,3,0.5,uniform,1.0,0.046756961688882666,0.0021862134663756414,ok
v2e_vs_real,original,240000,241000,12206,0,3,0.5,uniform,1.0,0.04644285847821456,0.002156939103627466,ok
v2e_vs_real,original,241000,242000,12253,0,3,0.5,uniform,1.0,0.046559194458508306,0.0021677585886251904,ok
v2e_vs_real,original,242000,243000,12602,0,3,0.5,uniform,1.0,0.046198941107210206,0.002134342159427477,ok
v2e_vs_real,original,243000,244000,9468,0,3,0.5,uniform,1.0,0.04917166960261904,0.0024178530915091295,ok
v2e_vs_real,original,244000,245000,12773,0,3,0.5,uniform,1.0,0.04598373166912246,0.0021145035782178558,ok
v2e_vs_real,original,245000,246000,13196,0,3,0.5,uniform,1.0,0.04568532764918309,0.0020871491624132126,ok
v2e_vs_real,original,246000,247000,13588,0,3,0.5,uniform,1.0,0.04557673375017582,0.0020772386593344155,ok
v2e_vs_real,original,247000,248000,10267,0,3,0.5,uniform,1.0,0.04846622543391987,0.002348975007811541,ok
v2e_vs_real,original,248000,249000,13916,0,3,0.5,uniform,1.0,0.04548137822457586,0.0020685557652069236,ok
v2e_vs_real,original,249000,250000,14023,0,3,0.5,uniform,1.0,0.04533367805810176,0.002055142366275617,ok
v2e_vs_real,original,250000,251000,13996,0,3,0.5,uniform,1.0,0.045425285158406555,0.0020634565317225505,ok
v2e_vs_real,original,251000,252000,13953,0,3,0.5,uniform,1.0,0.045415172057548185,0.0020625378530167056,ok
v2e_vs_real,original,252000,253000,10475,0,3,0.5,uniform,1.0,0.04809944069843394,0.0023135561955021635,ok
v2e_vs_real,original,253000,254000,13867,0,3,0.5,uniform,1.0,0.045389981562067874,0.0020602504262048613,ok
v2e_vs_real,original,254000,255000,13998,0,3,0.5,uniform,1.0,0.04518636536254451,0.002041807614677362,ok
v2e_vs_real,original,255000,256000,13824,0,3,0.5,uniform,1.0,0.04526368645261594,0.002048801311280728,ok
v2e_vs_real,original,256000,257000,14017,0,3,0.5,uniform,1.0,0.04525652935684193,0.002048153449426695,ok
v2e_vs_real,original,257000,258000,10604,0,3,0.5,uniform,1.0,0.04803130558198339,0.0023070063159098685,ok
v2e_vs_real,original,258000,259000,14133,0,3,0.5,uniform,1.0,0.045323874781190834,0.0020542536251810664,ok
v2e_vs_real,original,259000,260000,13925,0,3,0.5,uniform,1.0,0.04543048103896693,0.0020639286074319338,ok
v2e_vs_real,original,260000,261000,13452,0,3,0.5,uniform,1.0,0.04570479738411843,0.002088928503923319,ok
v2e_vs_real,original,261000,262000,10001,0,3,0.5,uniform,1.0,0.048292579732402384,0.0023321732572104416,ok
v2e_vs_real,original,262000,263000,12776,0,3,0.5,uniform,1.0,0.045831155513015906,0.0021004948156582485,ok
v2e_vs_real,original,263000,264000,12169,0,3,0.5,uniform,1.0,0.046068079030544995,0.0021222679055645398,ok
v2e_vs_real,original,264000,265000,11925,0,3,0.5,uniform,1.0,0.045972780799889534,0.0021134965744746916,ok
v2e_vs_real,original,265000,266000,12388,0,3,0.5,uniform,1.0,0.04511804243570053,0.0020356377532296734,ok
v2e_vs_real,original,266000,267000,9641,0,3,0.5,uniform,1.0,0.046820584585813,0.0021921671409572702,ok
v2e_vs_real,original,267000,268000,9117,0,3,0.5,uniform,1.0,0.04701526218253096,0.0022104348780921253,ok
v2e_vs_real,original,268000,269000,11578,0,3,0.5,uniform,1.0,0.04495872509377348,0.002021286962057497,ok
v2e_vs_real,original,269000,270000,8663,0,3,0.5,uniform,1.0,0.04797559372060795,0.0023016575928448374,ok
v2e_vs_real,original,270000,271000,8570,0,3,0.5,uniform,1.0,0.04816171919210823,0.002319551195539486,ok
v2e_vs_real,original,271000,272000,11725,0,3,0.5,uniform,1.0,0.04547640209940859,0.002068103147907094,ok
v2e_vs_real,original,272000,273000,8839,0,3,0.5,uniform,1.0,0.04860572038278782,0.0023625160539297555,ok
v2e_vs_real,original,273000,274000,12186,0,3,0.5,uniform,1.0,0.045633272871422305,0.0020823955929576868,ok
v2e_vs_real,original,274000,275000,9194,0,3,0.5,uniform,1.0,0.048437226455738565,0.0023461649067244997,ok
v2e_vs_real,original,275000,276000,9351,0,3,0.5,uniform,1.0,0.048525059046140254,0.0023546813554313983,ok
v2e_vs_real,original,276000,277000,12387,0,3,0.5,uniform,1.0,0.04558991618406934,0.002078440457670467,ok
v2e_vs_real,original,277000,278000,9142,0,3,0.5,uniform,1.0,0.04873205610947918,0.002374813292657427,ok
v2e_vs_real,original,278000,279000,11863,0,3,0.5,uniform,1.0,0.046160414492462505,0.0021307838661159427,ok
v2e_vs_real,original,279000,280000,8808,0,3,0.5,uniform,1.0,0.04923617864119395,0.002424201287187563,ok
v2e_vs_real,original,280000,281000,9008,0,3,0.5,uniform,1.0,0.048977913144344694,0.0023988359759749725,ok
v2e_vs_real,original,281000,282000,11762,0,3,0.5,uniform,1.0,0.0463240526247226,0.0021459178515780683,ok
v2e_vs_real,original,282000,283000,9208,0,3,0.5,uniform,1.0,0.04866043743192392,0.0023678381710661826,ok
v2e_vs_real,original,283000,284000,12529,0,3,0.5,uniform,1.0,0.045883382316645176,0.0021052847728154273,ok
v2e_vs_real,original,284000,285000,9320,0,3,0.5,uniform,1.0,0.04927707554528292,0.0024282301742955203,ok
v2e_vs_real,original,285000,286000,9288,0,3,0.5,uniform,1.0,0.04932665521276252,0.0024331189144787516,ok
v2e_vs_real,original,286000,287000,12283,0,3,0.5,uniform,1.0,0.04654611783712802,0.002166541085707807,ok
v2e_vs_real,original,287000,288000,9165,0,3,0.5,uniform,1.0,0.049994533004075935,0.002499453330295638,ok
v2e_vs_real,original,288000,289000,12245,0,3,0.5,uniform,1.0,0.04683921843123277,0.0021939123832487354,ok
v2e_vs_real,original,289000,290000,9186,0,3,0.5,uniform,1.0,0.05038567944885151,0.002538716693522417,ok
v2e_vs_real,original,290000,291000,9100,0,3,0.5,uniform,1.0,0.051048763113335296,0.0026059762154014223,ok
v2e_vs_real,original,291000,292000,12159,0,3,0.5,uniform,1.0,0.04765864310467098,0.002271346262578403,ok
v2e_vs_real,original,292000,293000,8975,0,3,0.5,uniform,1.0,0.05111607722598023,0.0026128533509723745,ok
v2e_vs_real,original,293000,294000,8981,0,3,0.5,uniform,1.0,0.05112443289552668,0.0026137076388892105,ok
v2e_vs_real,original,294000,295000,11598,0,3,0.5,uniform,1.0,0.04762285098262785,0.0022679359357135782,ok
v2e_vs_real,original,295000,296000,8406,0,3,0.5,uniform,1.0,0.05070434815576211,0.0025709309219007362,ok
v2e_vs_real,original,296000,297000,11170,0,3,0.5,uniform,1.0,0.04708934394229085,0.002217406312915364,ok
v2e_vs_real,original,297000,298000,8182,0,3,0.5,uniform,1.0,0.050350210253821984,0.0025351436726040806,ok
v2e_vs_real,original,298000,299000,7864,0,3,0.5,uniform,1.0,0.05021474969972087,0.0025215210874056167,ok
v2e_vs_real,original,299000,300000,11779,0,3,0.5,uniform,1.0,0.04522587896277179,0.0020453801279552842,ok
v2e_vs_real,original,300000,301000,8196,0,3,0.5,uniform,1.0,0.048614080242532484,0.002363328797827387,ok
v2e_vs_real,original,301000,302000,10746,0,3,0.5,uniform,1.0,0.04558144771029183,0.002077668375366068,ok
v2e_vs_real,original,302000,303000,8043,0,3,0.5,uniform,1.0,0.048194998131133586,0.00232275784485997,ok
v2e_vs_real,original,303000,304000,7970,0,3,0.5,uniform,1.0,0.04849443201835503,0.0023517099367828575,ok
v2e_vs_real,original,304000,305000,10335,0,3,0.5,uniform,1.0,0.046064113855908126,0.0021219025853300667,ok
v2e_vs_real,original,305000,306000,7774,0,3,0.5,uniform,1.0,0.048971599523392174,0.002398217559879505,ok
v2e_vs_real,original,306000,307000,10308,0,3,0.5,uniform,1.0,0.04615996638270834,0.002130742496452764,ok
v2e_vs_real,original,307000,308000,7625,0,3,0.5,uniform,1.0,0.04951968413839857,0.0024521991171667632,ok
v2e_vs_real,original,308000,309000,7482,0,3,0.5,uniform,1.0,0.050011092589562316,0.002501109382001775,ok
v2e_vs_real,original,309000,310000,10130,0,3,0.5,uniform,1.0,0.04658978726783144,0.0021706082776617886,ok
v2e_vs_real,original,310000,311000,7611,0,3,0.5,uniform,1.0,0.049704027108562365,0.0024704903108087022,ok
v2e_vs_real,original,311000,312000,7537,0,3,0.5,uniform,1.0,0.05005552880567017,0.0025055559640152765,ok
v2e_vs_real,original,312000,313000,9887,0,3,0.5,uniform,1.0,0.04697769559891757,0.002206903883784559,ok
v2e_vs_real,original,313000,314000,7464,0,3,0.5,uniform,1.0,0.04992851670819986,0.002492856780680993,ok
v2e_vs_real,original,314000,315000,9918,0,3,0.5,uniform,1.0,0.04703020654659747,0.0022118403278156193,ok
v2e_vs_real,original,315000,316000,7609,0,3,0.5,uniform,1.0,0.05006955849715365,0.0025069606880998917,ok
v2e_vs_real,original,316000,317000,7777,0,3,0.5,uniform,1.0,0.04942500011075959,0.0024428306359485855,ok
v2e_vs_real,original,317000,318000,10351,0,3,0.5,uniform,1.0,0.046652258799177546,0.0021764332510654386,ok
v2e_vs_real,original,318000,319000,7851,0,3,0.5,uniform,1.0,0.05001104274142698,0.0025011043960848365,ok
v2e_vs_real,original,319000,320000,10244,0,3,0.5,uniform,1.0,0.04701622598142623,0.0022105255055365385,ok
v2e_vs_real,original,320000,321000,7727,0,3,0.5,uniform,1.0,0.050262803859907425,0.0025263494518595244,ok
v2e_vs_real,original,321000,322000,7716,0,3,0.5,uniform,1.0,0.050364893775661564,0.002536622525033673,ok
v2e_vs_real,original,322000,323000,10345,0,3,0.5,uniform,1.0,0.04681546030152534,0.002191687323243695,ok
v2e_vs_real,original,323000,324000,7695,0,3,0.5,uniform,1.0,0.05020883399563275,0.002520927011201007,ok
v2e_vs_real,original,324000,325000,7568,0,3,0.5,uniform,1.0,0.050329296346571434,0.0025330380707410086,ok
v2e_vs_real,original,325000,326000,10405,0,3,0.5,uniform,1.0,0.0466105204667335,0.0021725406181797827,ok
v2e_vs_real,original,326000,327000,7741,0,3,0.5,uniform,1.0,0.0498795728317849,0.0024879717858813342,ok
v2e_vs_real,original,327000,328000,10258,0,3,0.5,uniform,1.0,0.0467586610690719,0.0021863723849723403,ok
v2e_vs_real,original,328000,329000,7750,0,3,0.5,uniform,1.0,0.04992902102118767,0.0024929071401342,ok
v2e_vs_real,original,329000,330000,7868,0,3,0.5,uniform,1.0,0.04963463018557143,0.0024635965136584385,ok
v2e_vs_real,original,330000,331000,10439,0,3,0.5,uniform,1.0,0.04625521634993049,0.002139545039578877,ok
v2e_vs_real,original,331000,332000,7722,0,3,0.5,uniform,1.0,0.04967100807863763,0.002467209043548084,ok
v2e_vs_real,original,332000,333000,10798,0,3,0.5,uniform,1.0,0.04480454861131694,0.002007447576263863,ok
v2e_vs_real,original,333000,334000,8199,0,3,0.5,uniform,1.0,0.046671631028045474,0.002178241142818017,ok
v2e_vs_real,original,334000,335000,8391,0,3,0.5,uniform,1.0,0.04633383711298879,0.002146824461612977,ok
v2e_vs_real,original,335000,336000,11362,0,3,0.5,uniform,1.0,0.04312551645963707,0.0018598101699104275,ok
v2e_vs_real,original,336000,337000,8616,0,3,0.5,uniform,1.0,0.04528317071584157,0.0020505655500800517,ok
v2e_vs_real,original,337000,338000,11747,0,3,0.5,uniform,1.0,0.04172719113232203,0.0017411584797933344,ok
v2e_vs_real,original,338000,339000,8880,0,3,0.5,uniform,1.0,0.043011035105159315,0.0018499491408172472,ok
v2e_vs_real,original,339000,340000,9063,0,3,0.5,uniform,1.0,0.04189223146071119,0.0017549590567578009,ok
v2e_vs_real,original,340000,341000,12044,0,3,0.5,uniform,1.0,0.03783840513182158,0.001431744902919862,ok
v2e_vs_real,original,341000,342000,8986,0,3,0.5,uniform,1.0,0.038485308139952434,0.0014811189426270892,ok
v2e_vs_real,original,342000,343000,12461,0,3,0.5,uniform,1.0,0.034612182561776166,0.0011980031816897223,ok
v2e_vs_real,original,343000,344000,9711,0,3,0.5,uniform,1.0,0.03545900859161496,0.0012573412903002235,ok
v2e_vs_real,original,344000,345000,9998,0,3,0.5,uniform,1.0,0.033999905202987235,0.0011559935538121185,ok
v2e_vs_real,original,345000,346000,13915,0,3,0.5,uniform,1.0,0.03174886984725751,0.0010079907365780974,ok
v2e_vs_real,original,346000,347000,10758,0,3,0.5,uniform,1.0,0.034043475934816915,0.0011589582537244584,ok
v2e_vs_real,original,347000,348000,10951,0,3,0.5,uniform,1.0,0.0345171271660243,0.0011914320677954928,ok
v2e_vs_real,original,348000,349000,15173,0,3,0.5,uniform,1.0,0.03331109917396489,0.0011096293281777241,ok
v2e_vs_real,original,349000,350000,12068,0,3,0.5,uniform,1.0,0.03540284492615259,0.0012533614288652078,ok
v2e_vs_real,original,350000,351000,16355,0,3,0.5,uniform,1.0,0.03464251498130093,0.0012001038442296592,ok
v2e_vs_real,original,351000,352000,12655,0,3,0.5,uniform,1.0,0.037243231046223874,0.0013870582587624139,ok
v2e_vs_real,original,352000,353000,12766,0,3,0.5,uniform,1.0,0.03861575581000069,0.001491176596777602,ok
v2e_vs_real,original,353000,354000,17315,0,3,0.5,uniform,1.0,0.03735538842344934,0.0013954250442667732,ok
v2e_vs_real,original,354000,355000,13003,0,3,0.5,uniform,1.0,0.039865657489455,0.00158927064706654,ok
v2e_vs_real,original,355000,356000,17570,0,3,0.5,uniform,1.0,0.038339393839926246,0.0014699091200129743,ok
v2e_vs_real,original,356000,357000,13126,0,3,0.5,uniform,1.0,0.040757970495086254,0.0016612121588783215,ok
v2e_vs_real,original,357000,358000,13252,0,3,0.5,uniform,1.0,0.041182496884894594,0.0016959980496743527,ok
v2e_vs_real,original,358000,359000,17951,0,3,0.5,uniform,1.0,0.03929181426481047,0.001543846668220364,ok
v2e_vs_real,original,359000,360000,13333,0,3,0.5,uniform,1.0,0.04188339297470361,0.0017542186070734517,ok
v2e_vs_real,original,360000,361000,17679,0,3,0.5,uniform,1.0,0.04013455584425381,0.0016107825728155277,ok
v2e_vs_real,original,361000,362000,13172,0,3,0.5,uniform,1.0,0.042638678492832406,0.0018180569036151287,ok
v2e_vs_real,original,362000,363000,13127,0,3,0.5,uniform,1.0,0.04299250569227124,0.0018483555456999749,ok
v2e_vs_real,original,363000,364000,17279,0,3,0.5,uniform,1.0,0.04092689765677932,0.0016750109518084886,ok
v2e_vs_real,original,364000,365000,12566,0,3,0.5,uniform,1.0,0.04360560604019136,0.0019014488781323737,ok
v2e_vs_real,original,365000,366000,16755,0,3,0.5,uniform,1.0,0.041108375771701205,0.0016898985585873905,ok
v2e_vs_real,original,366000,367000,12321,0,3,0.5,uniform,1.0,0.04308485698268766,0.0018563049012186494,ok
v2e_vs_real,original,367000,368000,11906,0,3,0.5,uniform,1.0,0.043126893075640445,0.0018599289063577237,ok
v2e_vs_real,original,368000,369000,15404,0,3,0.5,uniform,1.0,0.04172689017418475,0.001741133363608476,ok
v2e_vs_real,original,369000,370000,11365,0,3,0.5,uniform,1.0,0.044723738741422936,0.002000212807011055,ok
v2e_vs_real,original,370000,371000,11060,0,3,0.5,uniform,1.0,0.04522421355743386,0.0020452294918883846,ok
v2e_vs_real,original,371000,372000,14691,0,3,0.5,uniform,1.0,0.0435040741343469,0.0018926044662867507,ok
v2e_vs_real,original,372000,373000,11036,0,3,0.5,uniform,1.0,0.04667218486198607,0.002178292839791402,ok
v2e_vs_real,original,373000,374000,14953,0,3,0.5,uniform,1.0,0.044199834847616,0.00195362540055653,ok
v2e_vs_real,original,374000,375000,11487,0,3,0.5,uniform,1.0,0.04716438579643543,0.002224479287555,ok
v2e_vs_real,original,375000,376000,11917,0,3,0.5,uniform,1.0,0.04718455092441961,0.0022263818459391477,ok
v2e_vs_real,original,376000,377000,16157,0,3,0.5,uniform,1.0,0.04446911919105502,0.001977502561628258,ok
v2e_vs_real,original,377000,378000,12115,0,3,0.5,uniform,1.0,0.0471523239890583,0.002223341657569123,ok
v2e_vs_real,original,378000,379000,16338,0,3,0.5,uniform,1.0,0.04460365042827845,0.0019894856315280643,ok
v2e_vs_real,original,379000,380000,12357,0,3,0.5,uniform,1.0,0.04716582880641394,0.0022246154069959475,ok
v2e_vs_real,original,380000,381000,12445,0,3,0.5,uniform,1.0,0.04703160727523427,0.0022119720828918687,ok
v2e_vs_real,original,381000,382000,16930,0,3,0.5,uniform,1.0,0.044225353850130246,0.00195588192316923,ok
v2e_vs_real,original,382000,383000,13344,0,3,0.5,uniform,1.0,0.046028657866108685,0.002118637344955289,ok
v2e_vs_real,original,383000,384000,17616,0,3,0.5,uniform,1.0,0.043815468414322836,0.001919795272366522,ok
v2e_vs_real,original,384000,385000,13119,0,3,0.5,uniform,1.0,0.04629187082844031,0.002142937304797003,ok
v2e_vs_real,original,385000,386000,12946,0,3,0.5,uniform,1.0,0.046633243394012286,0.0021746593894451903,ok
v2e_vs_real,original,386000,387000,16747,0,3,0.5,uniform,1.0,0.04436668441229284,0.001968402685739989,ok
v2e_vs_real,original,387000,388000,12565,0,3,0.5,uniform,1.0,0.046903705181325736,0.0021999575597367225,ok
v2e_vs_real,original,388000,389000,12431,0,3,0.5,uniform,1.0,0.047098884583504634,0.0022183049290102905,ok
v2e_vs_real,original,389000,390000,16452,0,3,0.5,uniform,1.0,0.04460576632580856,0.001989674389512637,ok
v2e_vs_real,original,390000,391000,12239,0,3,0.5,uniform,1.0,0.047228585674172575,0.0022305393047826593,ok
v2e_vs_real,original,391000,392000,16473,0,3,0.5,uniform,1.0,0.04479825319357833,0.002006883489195951,ok
v2e_vs_real,original,392000,393000,12346,0,3,0.5,uniform,1.0,0.047430911970494316,0.002249691410352781,ok
v2e_vs_real,original,393000,394000,12189,0,3,0.5,uniform,1.0,0.047457659440111585,0.0022522294395336123,ok
v2e_vs_real,original,394000,395000,15939,0,3,0.5,uniform,1.0,0.044947987075058336,0.0020203215420996116,ok
v2e_vs_real,original,395000,396000,11534,0,3,0.5,uniform,1.0,0.04785750986313314,0.002290341250299886,ok
v2e_vs_real,original,396000,397000,14940,0,3,0.5,uniform,1.0,0.045223641423875284,0.0020451777436352485,ok
v2e_vs_real,original,397000,398000,10819,0,3,0.5,uniform,1.0,0.048155991755619125,0.002318999541967257,ok
v2e_vs_real,original,398000,399000,10382,0,3,0.5,uniform,1.0,0.04840330242587379,0.0023428796857305994,ok
v2e_vs_real,original,399000,400000,13441,0,3,0.5,uniform,1.0,0.044663327877993576,0.001994812857137158,ok
v2e_vs_real,original,400000,401000,12208,0,3,0.5,uniform,1.0,0.044848047302425385,0.0020113473468405846,ok
v2e_vs_real,original,401000,402000,11534,0,3,0.5,uniform,1.0,0.0451133692461244,0.0020352160847371624,ok
v2e_vs_real,original,402000,403000,11373,0,3,0.5,uniform,1.0,0.0453328309948316,0.0020550655660059643,ok
v2e_vs_real,original,403000,404000,8806,0,3,0.5,uniform,1.0,0.04812618157617994,0.0023161293531034416,ok
v2e_vs_real,original,404000,405000,11927,0,3,0.5,uniform,1.0,0.045567170560504036,0.0020763670328900656,ok
v2e_vs_real,original,405000,406000,12302,0,3,0.5,uniform,1.0,0.0455409522621587,0.0020739783329442175,ok
v2e_vs_real,original,406000,407000,12487,0,3,0.5,uniform,1.0,0.045634806732124535,0.002082535585478359,ok
v2e_vs_real,original,407000,408000,12700,0,3,0.5,uniform,1.0,0.045622163395904046,0.002081381792922567,ok
v2e_vs_real,original,408000,409000,12815,0,3,0.5,uniform,1.0,0.04574305598116754,0.0020924271704962274,ok
v2e_vs_real,original,409000,410000,9708,0,3,0.5,uniform,1.0,0.04866116411021704,0.0023679088925614745,ok
v2e_vs_real,original,410000,411000,12839,0,3,0.5,uniform,1.0,0.045830024846307986,0.002100391177413207,ok
v2e_vs_real,original,411000,412000,12844,0,3,0.5,uniform,1.0,0.04580776243350844,0.0020983510991647468,ok
v2e_vs_real,original,412000,413000,12896,0,3,0.5,uniform,1.0,0.04584492859385957,0.002101757477776083,ok
v2e_vs_real,original,413000,414000,12935,0,3,0.5,uniform,1.0,0.045736862141883015,0.002091860558585612,ok
v2e_vs_real,original,414000,415000,12984,0,3,0.5,uniform,1.0,0.04569850114912613,0.0020883530072766826,ok
v2e_vs_real,original,415000,416000,13291,0,3,0.5,uniform,1.0,0.04516117990575464,0.0020395321704799367,ok
v2e_vs_real,original,416000,417000,10189,0,3,0.5,uniform,1.0,0.04779176746023525,0.0022840530369732013,ok
v2e_vs_real,original,417000,418000,13170,0,3,0.5,uniform,1.0,0.04528326086665766,0.002050573714717769,ok
v2e_vs_real,original,418000,419000,13096,0,3,0.5,uniform,1.0,0.04524839766622697,0.0020474174913610145,ok
v2e_vs_real,original,419000,420000,13015,0,3,0.5,uniform,1.0,0.04513300593234307,0.0020369882244889144,ok
v2e_vs_real,original,420000,421000,13066,0,3,0.5,uniform,1.0,0.0451888359518298,0.0020420308946813856,ok
v2e_vs_real,original,421000,422000,13075,0,3,0.5,uniform,1.0,0.0451424877226183,0.002037844197786744,ok
v2e_vs_real,original,422000,423000,9749,0,3,0.5,uniform,1.0,0.04819031480246007,0.0023223064407602023,ok
v2e_vs_real,original,423000,424000,13048,0,3,0.5,uniform,1.0,0.045518575668449156,0.0020719407308843318,ok
v2e_vs_real,original,424000,425000,13275,0,3,0.5,uniform,1.0,0.04561958400837689,0.002081146445097356,ok
v2e_vs_real,original,425000,426000,13177,0,3,0.5,uniform,1.0,0.045727698906502946,0.002091022447283791,ok
v2e_vs_real,original,426000,427000,12911,0,3,0.5,uniform,1.0,0.04598903209955155,0.0021149910734535827,ok
v2e_vs_real,original,427000,428000,12549,0,3,0.5,uniform,1.0,0.04600827109506049,0.0021167610091565787,ok
v2e_vs_real,original,428000,429000,9099,0,3,0.5,uniform,1.0,0.04907979345143052,0.0024088261252350825,ok
v2e_vs_real,original,429000,430000,11819,0,3,0.5,uniform,1.0,0.04609951761482967,0.002125165524319991,ok
v2e_vs_real,original,430000,431000,10942,0,3,0.5,uniform,1.0,0.04637175162202265,0.0021503393484945607,ok
v2e_vs_real,original,431000,432000,10457,0,3,0.5,uniform,1.0,0.046321646365327596,0.0021456949219944674,ok
v2e_vs_real,original,432000,433000,10164,0,3,0.5,uniform,1.0,0.04571033301870246,0.0020894345446806806,ok
v2e_vs_real,original,433000,434000,9979,0,3,0.5,uniform,1.0,0.04559623155354835,0.002079016331884798,ok
v2e_vs_real,original,434000,435000,7379,0,3,0.5,uniform,1.0,0.04923184358380611,0.002423774422660351,ok
v2e_vs_real,original,435000,436000,9797,0,3,0.5,uniform,1.0,0.046644539199451676,0.002175713037129184,ok
v2e_vs_real,original,436000,437000,9630,0,3,0.5,uniform,1.0,0.04708015956180276,0.002216541424364808,ok
v2e_vs_real,original,437000,438000,9756,0,3,0.5,uniform,1.0,0.04715202967927484,0.0022233139028752153,ok
v2e_vs_real,original,438000,439000,9837,0,3,0.5,uniform,1.0,0.047103662002482186,0.002218754974044084,ok
v2e_vs_real,original,439000,440000,9856,0,3,0.5,uniform,1.0,0.04718064063672264,0.002226012850891564,ok
v2e_vs_real,original,440000,441000,7359,0,3,0.5,uniform,1.0,0.050480566189398064,0.0025482875628021987,ok
v2e_vs_real,original,441000,442000,10029,0,3,0.5,uniform,1.0,0.04719145499820581,0.002227033424847684,ok
v2e_vs_real,original,442000,443000,10000,0,3,0.5,uniform,1.0,0.047341306592304254,0.00224119930986655,ok
v2e_vs_real,original,443000,444000,10048,0,3,0.5,uniform,1.0,0.04717909075293983,0.0022258666042741324,ok
v2e_vs_real,original,444000,445000,9905,0,3,0.5,uniform,1.0,0.04723773848307827,0.002231403936995694,ok
v2e_vs_real,original,445000,446000,9881,0,3,0.5,uniform,1.0,0.04729203415846884,0.002236536494845783,ok
v2e_vs_real,original,446000,447000,10013,0,3,0.5,uniform,1.0,0.047055464061681755,0.0022142166980602235,ok
v2e_vs_real,original,447000,448000,7385,0,3,0.5,uniform,1.0,0.050409997571198656,0.0025411678551282547,ok
v2e_vs_real,original,448000,449000,10099,0,3,0.5,uniform,1.0,0.046898783921731,0.0021994959333372145,ok
v2e_vs_real,original,449000,450000,10183,0,3,0.5,uniform,1.0,0.04661976222649738,0.002173402230055152,ok
v2e_vs_real,original,450000,451000,10043,0,3,0.5,uniform,1.0,0.046568030700935265,0.0021685814833632493,ok
v2e_vs_real,original,451000,452000,9942,0,3,0.5,uniform,1.0,0.04650159477208289,0.002162398316347007,ok
v2e_vs_real,original,452000,453000,9813,0,3,0.5,uniform,1.0,0.04658252056834955,0.002169931222500709,ok
v2e_vs_real,original,453000,454000,7297,0,3,0.5,uniform,1.0,0.04981766763315523,0.0024818000084075227,ok
v2e_vs_real,original,454000,455000,9410,0,3,0.5,uniform,1.0,0.047154597824033063,0.0022235560959463036,ok
v2e_vs_real,original,455000,456000,9408,0,3,0.5,uniform,1.0,0.04717716793474808,0.002225685174343422,ok
v2e_vs_real,original,456000,457000,9321,0,3,0.5,uniform,1.0,0.04704191780692282,0.0022129420309532823,ok
v2e_vs_real,original,457000,458000,9122,0,3,0.5,uniform,1.0,0.04701108880897444,0.002210042471005282,ok
v2e_vs_real,original,458000,459000,9355,0,3,0.5,uniform,1.0,0.047023944132967184,0.002211251321820419,ok
v2e_vs_real,original,459000,460000,6924,0,3,0.5,uniform,1.0,0.05048865820351387,0.0025491046071912486,ok
v2e_vs_real,original,460000,461000,8925,0,3,0.5,uniform,1.0,0.047614476111757106,0.0022671383353970883,ok
v2e_vs_real,original,461000,462000,8990,0,3,0.5,uniform,1.0,0.0472153308425067,0.0022292874665673645,ok
v2e_vs_real,original,462000,463000,8898,0,3,0.5,uniform,1.0,0.04737154702391726,0.002244063467439204,ok
v2e_vs_real,original,463000,464000,8983,0,3,0.5,uniform,1.0,0.04705255698749438,0.0022139431190614065,ok
v2e_vs_real,original,464000,465000,9171,0,3,0.5,uniform,1.0,0.0465995730535122,0.0021715202087696206,ok
v2e_vs_real,original,465000,466000,9294,0,3,0.5,uniform,1.0,0.04599677171757817,0.002115703008438999,ok
v2e_vs_real,original,466000,467000,6546,0,3,0.5,uniform,1.0,0.04817656182692048,0.002320981109463092,ok
v2e_vs_real,original,467000,468000,8136,0,3,0.5,uniform,1.0,0.04591487637731814,0.0021081758727444075,ok
v2e_vs_real,original,468000,469000,7709,0,3,0.5,uniform,1.0,0.04688280446578187,0.0021979973545767366,ok
v2e_vs_real,original,469000,470000,7738,0,3,0.5,uniform,1.0,0.04720203389242907,0.002228032003582023,ok
v2e_vs_real,original,470000,471000,7885,0,3,0.5,uniform,1.0,0.04788432593068865,0.0022929086698364213,ok
v2e_vs_real,original,471000,472000,8164,0,3,0.5,uniform,1.0,0.04811408982846839,0.002314965640021925,ok
v2e_vs_real,original,472000,473000,6439,0,3,0.5,uniform,1.0,0.051379160508055965,0.0026398181345125777,ok
v2e_vs_real,original,473000,474000,8975,0,3,0.5,uniform,1.0,0.047717799264345925,0.0022769883666324126,ok
v2e_vs_real,original,474000,475000,9609,0,3,0.5,uniform,1.0,0.04751590889733429,0.002257761598339772,ok
v2e_vs_real,original,475000,476000,10162,0,3,0.5,uniform,1.0,0.04757696638035539,0.002263567729957467,ok
v2e_vs_real,original,476000,477000,10705,0,3,0.5,uniform,1.0,0.047219341053843004,0.0022296661695591436,ok
v2e_vs_real,original,477000,478000,10704,0,3,0.5,uniform,1.0,0.047192553419054956,0.0022271370982103558,ok
v2e_vs_real,original,478000,479000,8156,0,3,0.5,uniform,1.0,0.050167633823859914,0.0025167914834848936,ok
v2e_vs_real,original,479000,480000,10957,0,3,0.5,uniform,1.0,0.046809114841146235,0.002191093232211617,ok
v2e_vs_real,original,480000,481000,10940,0,3,0.5,uniform,1.0,0.04662785332490964,0.0021741567056892865,ok
v2e_vs_real,original,481000,482000,11100,0,3,0.5,uniform,1.0,0.046387647425670225,0.0021518138336882892,ok
v2e_vs_real,original,482000,483000,10965,0,3,0.5,uniform,1.0,0.04634807077748622,0.0021481436647948723,ok
v2e_vs_real,original,483000,484000,10942,0,3,0.5,uniform,1.0,0.04604174506597006,0.0021198422887197784,ok
v2e_vs_real,original,484000,485000,8114,0,3,0.5,uniform,1.0,0.04856922053911383,0.002358969183777077,ok
v2e_vs_real,original,485000,486000,10726,0,3,0.5,uniform,1.0,0.045591805782286686,0.00207861275448975,ok
v2e_vs_real,original,486000,487000,10540,0,3,0.5,uniform,1.0,0.04553280281747114,0.0020732361324147077,ok
v2e_vs_real,original,487000,488000,10361,0,3,0.5,uniform,1.0,0.04556578473134744,0.0020762407381834953,ok
v2e_vs_real,original,488000,489000,10383,0,3,0.5,uniform,1.0,0.04575062180345002,0.0020931193954023164,ok
v2e_vs_real,original,489000,490000,10233,0,3,0.5,uniform,1.0,0.046044118467445855,0.0021200608454441886,ok
v2e_vs_real,original,490000,491000,10291,0,3,0.5,uniform,1.0,0.04617208401955703,0.0021318613427090335,ok
v2e_vs_real,original,491000,492000,7749,0,3,0.5,uniform,1.0,0.04913938003309777,0.002414678670037208,ok
v2e_vs_real,original,492000,493000,10193,0,3,0.5,uniform,1.0,0.04603925858296061,0.0021196133308687124,ok
v2e_vs_real,original,493000,494000,10103,0,3,0.5,uniform,1.0,0.04580207581968723,0.0020978301493923776,ok
v2e_vs_real,original,494000,495000,10091,0,3,0.5,uniform,1.0,0.04547117681707643,0.002067627921129829,ok
v2e_vs_real,original,495000,496000,10167,0,3,0.5,uniform,1.0,0.04524250430079789,0.0020468841954077157,ok
v2e_vs_real,original,496000,497000,10176,0,3,0.5,uniform,1.0,0.04472512866127745,0.002000337133767822,ok
v2e_vs_real,original,497000,498000,7520,0,3,0.5,uniform,1.0,0.04759863503269685,0.002265630056975876,ok
v2e_vs_real,original,498000,499000,9854,0,3,0.5,uniform,1.0,0.044479832035186365,0.001978455457878391,ok
v2e_vs_real,original,499000,500000,10838,0,3,0.5,uniform,1.0,0.04268140312529198,0.001821702172743684,ok
v2e_vs_real,original,500000,501000,10828,0,3,0.5,uniform,1.0,0.04128905634126096,0.0017047861735518222,ok
v2e_vs_real,original,501000,502000,10856,0,3,0.5,uniform,1.0,0.04047571224828034,0.0016382832820055911,ok
v2e_vs_real,original,502000,503000,10590,0,3,0.5,uniform,1.0,0.040244467748330466,0.001619617184346411,ok
v2e_vs_real,original,503000,504000,8031,0,3,0.5,uniform,1.0,0.0423172687992819,0.0017907512386306779,ok
v2e_vs_real,original,504000,505000,10980,0,3,0.5,uniform,1.0,0.03865766412661713,0.0014944149957263407,ok
v2e_vs_real,original,505000,506000,11165,0,3,0.5,uniform,1.0,0.03764722668477595,0.0014173136770549062,ok
v2e_vs_real,original,506000,507000,11201,0,3,0.5,uniform,1.0,0.03662058599054179,0.0013410673182906656,ok
v2e_vs_real,original,507000,508000,11490,0,3,0.5,uniform,1.0,0.03597085747275809,0.0012939025873254769,ok
v2e_vs_real,original,508000,509000,12035,0,3,0.5,uniform,1.0,0.03518670901795014,0.0012381044915138935,ok
v2e_vs_real,original,509000,510000,9304,0,3,0.5,uniform,1.0,0.037584126164082465,0.0014125665395176683,ok
v2e_vs_real,original,510000,511000,12674,0,3,0.5,uniform,1.0,0.03483214580813333,0.0012132783815990607,ok
v2e_vs_real,original,511000,512000,13097,0,3,0.5,uniform,1.0,0.03354618070118413,0.0011253462396364987,ok
v2e_vs_real,original,512000,513000,13467,0,3,0.5,uniform,1.0,0.0334179379873775,0.001116758579328208,ok
v2e_vs_real,original,513000,514000,13659,0,3,0.5,uniform,1.0,0.033675112915114366,0.0011340132298457023,ok
v2e_vs_real,original,514000,515000,13755,0,3,0.5,uniform,1.0,0.03445496131872065,0.0011871443594745363,ok
v2e_vs_real,original,515000,516000,13989,0,3,0.5,uniform,1.0,0.0353230052193148,0.0012477146977237408,ok
v2e_vs_real,original,516000,517000,10458,0,3,0.5,uniform,1.0,0.0381417784191039,0.0014547952609720199,ok
v2e_vs_real,original,517000,518000,14053,0,3,0.5,uniform,1.0,0.036407742690630115,0.0013255237278271305,ok
v2e_vs_real,original,518000,519000,14033,0,3,0.5,uniform,1.0,0.036686265757660964,0.0013458820952417273,ok
v2e_vs_real,original,519000,520000,13956,0,3,0.5,uniform,1.0,0.037618118458157906,0.0014151228363320006,ok
v2e_vs_real,original,520000,521000,13752,0,3,0.5,uniform,1.0,0.03882176167436135,0.0015071291795009114,ok
v2e_vs_real,original,521000,522000,13666,0,3,0.5,uniform,1.0,0.03993576246828601,0.0015948651239233612,ok
v2e_vs_real,original,522000,523000,10358,0,3,0.5,uniform,1.0,0.043088119630278095,0.0018565860532731566,ok
v2e_vs_real,original,523000,524000,13374,0,3,0.5,uniform,1.0,0.04167993559870136,0.0017372170315118928,ok
v2e_vs_real,original,524000,525000,13283,0,3,0.5,uniform,1.0,0.0422904303778501,0.0017884805015437866,ok
v2e_vs_real,original,525000,526000,13203,0,3,0.5,uniform,1.0,0.04301826125915417,0.0018505708017608447,ok
v2e_vs_real,original,526000,527000,13209,0,3,0.5,uniform,1.0,0.04341870683091954,0.0018851841028693396,ok
v2e_vs_real,original,527000,528000,13353,0,3,0.5,uniform,1.0,0.04374950604228111,0.0019140192789435916,ok
v2e_vs_real,original,528000,529000,9759,0,3,0.5,uniform,1.0,0.047331845441618156,0.0022403035929092294,ok
v2e_vs_real,original,529000,530000,13052,0,3,0.5,uniform,1.0,0.04468249413472821,0.0019965252821000207,ok
v2e_vs_real,original,530000,531000,12703,0,3,0.5,uniform,1.0,0.04519585163273689,0.0020426650048083663,ok
v2e_vs_real,original,531000,532000,12451,0,3,0.5,uniform,1.0,0.04547604173838189,0.002068070372191052,ok
v2e_vs_real,original,532000,533000,13546,0,3,0.5,uniform,1.0,0.04435274182251472,0.0019671657071746464,ok
v2e_vs_real,original,533000,534000,10606,0,3,0.5,uniform,1.0,0.0465907390371782,0.0021706969640304403,ok
v2e_vs_real,original,534000,535000,10231,0,3,0.5,uniform,1.0,0.04704479465216714,0.002213212703864574,ok
v2e_vs_real,original,535000,536000,13378,0,3,0.5,uniform,1.0,0.045004484682764016,0.002025403641561141,ok
v2e_vs_real,original,536000,537000,10013,0,3,0.5,uniform,1.0,0.04788193192452366,0.002292679404824718,ok
v2e_vs_real,original,537000,538000,13221,0,3,0.5,uniform,1.0,0.04555740417766432,0.002075477075407066,ok
v2e_vs_real,original,538000,539000,10072,0,3,0.5,uniform,1.0,0.04848078294721024,0.0023503863151745114,ok
v2e_vs_real,original,539000,540000,10160,0,3,0.5,uniform,1.0,0.04875542759564048,0.002377091720033741,ok
v2e_vs_real,original,540000,541000,13735,0,3,0.5,uniform,1.0,0.0458345085995453,0.002100802178561792,ok
v2e_vs_real,original,541000,542000,10522,0,3,0.5,uniform,1.0,0.04892823341953521,0.002393972025556522,ok
v2e_vs_real,original,542000,543000,14150,0,3,0.5,uniform,1.0,0.0458353689095744,0.0021008810430767797,ok
v2e_vs_real,original,543000,544000,10761,0,3,0.5,uniform,1.0,0.04863153828733014,0.002365026516192057,ok
v2e_vs_real,original,544000,545000,10745,0,3,0.5,uniform,1.0,0.048657270582959544,0.00236752998058334,ok
v2e_vs_real,original,545000,546000,14686,0,3,0.5,uniform,1.0,0.04561659242887133,0.0020808735048217612,ok
v2e_vs_real,original,546000,547000,11066,0,3,0.5,uniform,1.0,0.04842465326325007,0.0023449470436659957,ok
v2e_vs_real,original,547000,548000,11143,0,3,0.5,uniform,1.0,0.04828067954892105,0.002331024017705603,ok
v2e_vs_real,original,548000,549000,15142,0,3,0.5,uniform,1.0,0.04522647346973443,0.002045433902508592,ok
v2e_vs_real,original,549000,550000,11721,0,3,0.5,uniform,1.0,0.0476757857470883,0.0022729805466022678,ok
v2e_vs_real,original,550000,551000,15672,0,3,0.5,uniform,1.0,0.0448894959453404,0.002015066846226732,ok
v2e_vs_real,original,551000,552000,11572,0,3,0.5,uniform,1.0,0.0477991020168655,0.0022847541536187154,ok
v2e_vs_real,original,552000,553000,11804,0,3,0.5,uniform,1.0,0.04757740174934951,0.002263609157219006,ok
v2e_vs_real,original,553000,554000,15433,0,3,0.5,uniform,1.0,0.04503741063563422,0.0020283683567627383,ok
v2e_vs_real,original,554000,555000,11594,0,3,0.5,uniform,1.0,0.04778175013654347,0.002283095646111072,ok
v2e_vs_real,original,555000,556000,15510,0,3,0.5,uniform,1.0,0.0449170391031634,0.0020175404017951097,ok
v2e_vs_real,original,556000,557000,11439,0,3,0.5,uniform,1.0,0.04760246089610109,0.0022659942833648332,ok
v2e_vs_real,original,557000,558000,11385,0,3,0.5,uniform,1.0,0.04761128558695336,0.002266834515242432,ok
v2e_vs_real,original,558000,559000,14980,0,3,0.5,uniform,1.0,0.04494432578387605,0.0020199924201671853,ok
v2e_vs_real,original,559000,560000,11063,0,3,0.5,uniform,1.0,0.0478115801888808,0.0022859472001577792,ok
v2e_vs_real,original,560000,561000,14543,0,3,0.5,uniform,1.0,0.045144252072429905,0.0020380034951790918,ok
v2e_vs_real,original,561000,562000,10680,0,3,0.5,uniform,1.0,0.04801676109102617,0.0023056093456726846,ok
v2e_vs_real,original,562000,563000,10553,0,3,0.5,uniform,1.0,0.048206196282026645,0.0023238373599812796,ok
v2e_vs_real,original,563000,564000,13522,0,3,0.5,uniform,1.0,0.04557701511949863,0.0020772643072030066,ok
v2e_vs_real,original,564000,565000,10169,0,3,0.5,uniform,1.0,0.04847237191279542,0.0023495708388523583,ok
v2e_vs_real,original,565000,566000,10109,0,3,0.5,uniform,1.0,0.048106485758273435,0.002314233972010965,ok
v2e_vs_real,original,566000,567000,13542,0,3,0.5,uniform,1.0,0.04475058842726978,0.002002615164586892,ok
v2e_vs_real,original,567000,568000,9587,0,3,0.5,uniform,1.0,0.04784843291033157,0.0022894725319745016,ok
v2e_vs_real,original,568000,569000,12360,0,3,0.5,uniform,1.0,0.04545503252315625,0.002066159981681192,ok
v2e_vs_real,original,569000,570000,9040,0,3,0.5,uniform,1.0,0.04877516007109313,0.0023790162399607577,ok
v2e_vs_real,original,570000,571000,9037,0,3,0.5,uniform,1.0,0.04900593228730017,0.0024015813993474495,ok
v2e_vs_real,original,571000,572000,12229,0,3,0.5,uniform,1.0,0.04619701606710652,0.002134164293504498,ok
v2e_vs_real,original,572000,573000,9274,0,3,0.5,uniform,1.0,0.04951357135099727,0.002451593747930298,ok
v2e_vs_real,original,573000,574000,12672,0,3,0.5,uniform,1.0,0.04638558174615492,0.0021516221939292205,ok
v2e_vs_real,original,574000,575000,9815,0,3,0.5,uniform,1.0,0.049342309736250776,0.002434663530108108,ok
v2e_vs_real,original,575000,576000,9879,0,3,0.5,uniform,1.0,0.049161464688727674,0.0024168496103410177,ok
v2e_vs_real,original,576000,577000,13652,0,3,0.5,uniform,1.0,0.04579946896438283,0.002097591357419466,ok
v2e_vs_real,original,577000,578000,10339,0,3,0.5,uniform,1.0,0.048642667326974816,0.002366109084682743,ok
v2e_vs_real,original,578000,579000,14062,0,3,0.5,uniform,1.0,0.04541396568725479,0.0020624282794431555,ok
v2e_vs_real,original,579000,580000,10871,0,3,0.5,uniform,1.0,0.04799222501785892,0.002303253662164804,ok
v2e_vs_real,original,580000,581000,11078,0,3,0.5,uniform,1.0,0.047945075648954436,0.0022987302789839637,ok
v2e_vs_real,original,581000,582000,14981,0,3,0.5,uniform,1.0,0.04500715904919652,0.002025644365679672,ok
v2e_vs_real,original,582000,583000,11259,0,3,0.5,uniform,1.0,0.04771229530937528,0.002276463123689034,ok
v2e_vs_real,original,583000,584000,15239,0,3,0.5,uniform,1.0,0.04499142357309468,0.0020242281951336196,ok
v2e_vs_real,original,584000,585000,11492,0,3,0.5,uniform,1.0,0.047603790170148444,0.0022661208385635215,ok
v2e_vs_real,original,585000,586000,11564,0,3,0.5,uniform,1.0,0.04757650526976885,0.002263523853684343,ok
v2e_vs_real,original,586000,587000,15403,0,3,0.5,uniform,1.0,0.04485767232936741,0.0020122107668088945,ok
v2e_vs_real,original,587000,588000,11431,0,3,0.5,uniform,1.0,0.047614207666632956,0.0022671127717212485,ok
v2e_vs_real,original,588000,589000,11497,0,3,0.5,uniform,1.0,0.04744943637775726,0.002251449012566834,ok
v2e_vs_real,original,589000,590000,15580,0,3,0.5,uniform,1.0,0.044702293411294086,0.0019982950362294268,ok
v2e_vs_real,original,590000,591000,11473,0,3,0.5,uniform,1.0,0.04742408606568446,0.0022490439391654473,ok
v2e_vs_real,original,591000,592000,15400,0,3,0.5,uniform,1.0,0.04476539863090096,0.0020039409145834698,ok
v2e_vs_real,original,592000,593000,11432,0,3,0.5,uniform,1.0,0.04745952764031488,0.002252406763841812,ok
v2e_vs_real,original,593000,594000,11215,0,3,0.5,uniform,1.0,0.04746733133029897,0.0022531475436203823,ok
v2e_vs_real,original,594000,595000,14478,0,3,0.5,uniform,1.0,0.04506498075240133,0.002030852490214303,ok
v2e_vs_real,original,595000,596000,10461,0,3,0.5,uniform,1.0,0.04800023314796887,0.0023040223822593697,ok
v2e_vs_real,original,596000,597000,13647,0,3,0.5,uniform,1.0,0.04524612783392087,0.0020472120839635085,ok
v2e_vs_real,original,597000,598000,9749,0,3,0.5,uniform,1.0,0.048397497886987904,0.0023423178017209986,ok
v2e_vs_real,original,598000,599000,9355,0,3,0.5,uniform,1.0,0.04845025104627983,0.0023474268264475394,ok
v2e_vs_real,original,599000,600000,13836,0,3,0.5,uniform,1.0,0.043747708395187684,0.0019138619898303748,ok
v2e_vs_real,original,600000,601000,9222,0,3,0.5,uniform,1.0,0.047123838334953615,0.0022206561394188438,ok
v2e_vs_real,original,601000,602000,11983,0,3,0.5,uniform,1.0,0.04443701780889266,0.0019746485517478434,ok
v2e_vs_real,original,602000,603000,8646,0,3,0.5,uniform,1.0,0.04751462742201023,0.0022576398190524466,ok
v2e_vs_real,original,603000,604000,8636,0,3,0.5,uniform,1.0,0.04804513103425433,0.0023083346160986686,ok
v2e_vs_real,original,604000,605000,11481,0,3,0.5,uniform,1.0,0.04554266723933601,0.00207413453927289,ok
v2e_vs_real,original,605000,606000,8640,0,3,0.5,uniform,1.0,0.04858211883946112,0.0023602222709315232,ok
v2e_vs_real,original,606000,607000,8899,0,3,0.5,uniform,1.0,0.048727786894995066,0.002374397215684053,ok
v2e_vs_real,original,607000,608000,11937,0,3,0.5,uniform,1.0,0.045666815441168615,0.0020854580325377564,ok
v2e_vs_real,original,608000,609000,8929,0,3,0.5,uniform,1.0,0.04878106549414581,0.0023795923507441436,ok
v2e_vs_real,original,609000,610000,12051,0,3,0.5,uniform,1.0,0.045917689407922076,0.002108434200562399,ok
v2e_vs_real,original,610000,611000,8870,0,3,0.5,uniform,1.0,0.049163269108915324,0.0024170270294756276,ok
v2e_vs_real,original,611000,612000,8803,0,3,0.5,uniform,1.0,0.049316791377697046,0.0024321459117912936,ok
v2e_vs_real,original,612000,613000,11649,0,3,0.5,uniform,1.0,0.04634390621995733,0.0021477576437241995,ok
v2e_vs_real,original,613000,614000,8648,0,3,0.5,uniform,1.0,0.049401580118840466,0.0024405161182382133,ok
v2e_vs_real,original,614000,615000,11572,0,3,0.5,uniform,1.0,0.04623428081095348,0.0021376087221061015,ok
v2e_vs_real,original,615000,616000,8903,0,3,0.5,uniform,1.0,0.04905926032551875,0.002406811023687018,ok
v2e_vs_real,original,616000,617000,8966,0,3,0.5,uniform,1.0,0.049191165129822044,0.0024197707268294203,ok
v2e_vs_real,original,617000,618000,12118,0,3,0.5,uniform,1.0,0.04615151968492711,0.0021299627692282145,ok
v2e_vs_real,original,618000,619000,8925,0,3,0.5,uniform,1.0,0.04960061309640918,0.0024602208195396782,ok
v2e_vs_real,original,619000,620000,11846,0,3,0.5,uniform,1.0,0.04669292049047289,0.002180228823929623,ok
v2e_vs_real,original,620000,621000,8822,0,3,0.5,uniform,1.0,0.050228696225037985,0.002522921924467145,ok
v2e_vs_real,original,621000,622000,8747,0,3,0.5,uniform,1.0,0.050262038045302285,0.0025262724684674146,ok
v2e_vs_real,original,622000,623000,11674,0,3,0.5,uniform,1.0,0.04737442805300123,0.00224433643334899,ok
v2e_vs_real,original,623000,624000,8945,0,3,0.5,uniform,1.0,0.05090586127185916,0.00259140671182977,ok
v2e_vs_real,original,624000,625000,11894,0,3,0.5,uniform,1.0,0.047566404695437575,0.002262562855650146,ok
v2e_vs_real,original,625000,626000,8772,0,3,0.5,uniform,1.0,0.051131281871553434,0.002614407985828249,ok
v2e_vs_real,original,626000,627000,8609,0,3,0.5,uniform,1.0,0.05117972545091655,0.0026193642972311953,ok
v2e_vs_real,original,627000,628000,11003,0,3,0.5,uniform,1.0,0.04790994839314453,0.002295363155033772,ok
v2e_vs_real,original,628000,629000,8071,0,3,0.5,uniform,1.0,0.05105971755063574,0.0026070947563507,ok
v2e_vs_real,original,629000,630000,8050,0,3,0.5,uniform,1.0,0.050285656245915356,0.0025286472240823657,ok
v2e_vs_real,original,630000,631000,10320,0,3,0.5,uniform,1.0,0.0473290518532411,0.002240039149326785,ok
v2e_vs_real,original,631000,632000,7392,0,3,0.5,uniform,1.0,0.05086388976759518,0.0025871352822900737,ok
v2e_vs_real,original,632000,633000,11219,0,3,0.5,uniform,1.0,0.04535357924487676,0.0020569471503213165,ok
v2e_vs_real,original,633000,634000,8152,0,3,0.5,uniform,1.0,0.04832409976855879,0.0023352186184416234,ok
v2e_vs_real,original,634000,635000,7698,0,3,0.5,uniform,1.0,0.04855963042360697,0.0023580377068772953,ok
v2e_vs_real,original,635000,636000,10444,0,3,0.5,uniform,1.0,0.045378169364391825,0.002059178254863429,ok
v2e_vs_real,original,636000,637000,7765,0,3,0.5,uniform,1.0,0.048568500620548724,0.002358899252528242,ok
v2e_vs_real,original,637000,638000,10220,0,3,0.5,uniform,1.0,0.04575210895530702,0.0020932554738582847,ok
v2e_vs_real,original,638000,639000,7598,0,3,0.5,uniform,1.0,0.049130827602097124,0.002413838220866989,ok
v2e_vs_real,original,639000,640000,7476,0,3,0.5,uniform,1.0,0.049309097613461104,0.002431387107453836,ok
v2e_vs_real,original,640000,641000,9772,0,3,0.5,uniform,1.0,0.04673155247823437,0.002183837997025973,ok
v2e_vs_real,original,641000,642000,7326,0,3,0.5,uniform,1.0,0.050134623080944546,0.0025134804314683773,ok
v2e_vs_real,original,642000,643000,9727,0,3,0.5,uniform,1.0,0.04705285780312296,0.0022139714274409094,ok
v2e_vs_real,original,643000,644000,7411,0,3,0.5,uniform,1.0,0.05003848161533468,0.0025038496423681867,ok
v2e_vs_real,original,644000,645000,7389,0,3,0.5,uniform,1.0,0.050286488798967355,0.0025287309557286692,ok
v2e_vs_real,original,645000,646000,9896,0,3,0.5,uniform,1.0,0.04696222819991421,0.0022054508775008175,ok
v2e_vs_real,original,646000,647000,7305,0,3,0.5,uniform,1.0,0.0505179586590322,0.002552064147075686,ok
v2e_vs_real,original,647000,648000,7384,0,3,0.5,uniform,1.0,0.05019385202587549,0.0025194227811954854,ok
v2e_vs_real,original,648000,649000,10115,0,3,0.5,uniform,1.0,0.04664970279701223,0.0021761947710495703,ok
v2e_vs_real,original,649000,650000,7631,0,3,0.5,uniform,1.0,0.04992698955726186,0.002492704286250935,ok
v2e_vs_real,original,650000,651000,10293,0,3,0.5,uniform,1.0,0.04664513555826217,0.002175768671248654,ok
v2e_vs_real,original,651000,652000,7769,0,3,0.5,uniform,1.0,0.049894516151923966,0.0024894627420346017,ok
v2e_vs_real,original,652000,653000,7587,0,3,0.5,uniform,1.0,0.05064298117211939,0.0025647115419996395,ok
v2e_vs_real,original,653000,654000,10263,0,3,0.5,uniform,1.0,0.04699643999709325,0.0022086653724003864,ok
v2e_vs_real,original,654000,655000,7685,0,3,0.5,uniform,1.0,0.05022437079744795,0.002522487421999543,ok
v2e_vs_real,original,655000,656000,10401,0,3,0.5,uniform,1.0,0.04696050775864531,0.0022052892889497864,ok
v2e_vs_real,original,656000,657000,7563,0,3,0.5,uniform,1.0,0.05052386842841029,0.0025526612809713147,ok
v2e_vs_real,original,657000,658000,7699,0,3,0.5,uniform,1.0,0.05022016370731496,0.002522064842789515,ok
v2e_vs_real,original,658000,659000,10262,0,3,0.5,uniform,1.0,0.04690696816569712,0.0022002636624977234,ok
v2e_vs_real,original,659000,660000,7554,0,3,0.5,uniform,1.0,0.05036371893417818,0.002536504184880898,ok
v2e_vs_real,original,660000,661000,10326,0,3,0.5,uniform,1.0,0.046692466605746365,0.0021801864377287393,ok
v2e_vs_real,original,661000,662000,7566,0,3,0.5,uniform,1.0,0.05043813482096715,0.002544005444218059,ok
v2e_vs_real,original,662000,663000,7642,0,3,0.5,uniform,1.0,0.05010549960649312,0.002510561090816282,ok
v2e_vs_real,original,663000,664000,10335,0,3,0.5,uniform,1.0,0.04637933813574839,0.002151043005910085,ok
v2e_vs_real,original,664000,665000,7549,0,3,0.5,uniform,1.0,0.049940614382421235,0.0024940649648936986,ok
v2e_vs_real,original,665000,666000,7872,0,3,0.5,uniform,1.0,0.04866005589513671,0.002367801039717829,ok
v2e_vs_real,original,666000,667000,9910,0,3,0.5,uniform,1.0,0.0453774437329706,0.0020591123997389126,ok
v2e_vs_real,original,667000,668000,10048,0,3,0.5,uniform,1.0,0.044587158817949196,0.001988014731457025,ok
v2e_vs_real,original,668000,669000,10195,0,3,0.5,uniform,1.0,0.04431921131489138,0.001964192491573996,ok
v2e_vs_real,original,669000,670000,10597,0,3,0.5,uniform,1.0,0.04374006550099815,0.0019131933300316083,ok
v2e_vs_real,original,670000,671000,7061,0,3,0.5,uniform,1.0,0.04813528747290244,0.0023170059000989585,ok
v2e_vs_real,original,671000,672000,10749,0,3,0.5,uniform,1.0,0.04272984153087484,0.0018258393572536762,ok
v2e_vs_real,original,672000,673000,10859,0,3,0.5,uniform,1.0,0.04136001716743054,0.0017106510200901488,ok
v2e_vs_real,original,673000,674000,10899,0,3,0.5,uniform,1.0,0.03993207339031266,0.0015945704852493164,ok
v2e_vs_real,original,674000,675000,10989,0,3,0.5,uniform,1.0,0.03920029993424995,0.0015366635149351568,ok
v2e_vs_real,original,675000,676000,7551,0,3,0.5,uniform,1.0,0.042372537048820054,0.0017954318959536282,ok
v2e_vs_real,original,676000,677000,11397,0,3,0.5,uniform,1.0,0.03661032651675979,0.001340316007663765,ok
v2e_vs_real,original,677000,678000,11894,0,3,0.5,uniform,1.0,0.03467664004731183,0.0012024693649708305,ok
v2e_vs_real,original,678000,679000,12210,0,3,0.5,uniform,1.0,0.034336392604688196,0.0011789878571032862,ok
v2e_vs_real,original,679000,680000,12672,0,3,0.5,uniform,1.0,0.03494649500402208,0.0012212575130661405,ok
v2e_vs_real,original,680000,681000,8707,0,3,0.5,uniform,1.0,0.03855006256545668,0.0014861073238006245,ok
v2e_vs_real,original,681000,682000,13548,0,3,0.5,uniform,1.0,0.03422610612331082,0.0011714263403641344,ok
v2e_vs_real,original,682000,683000,14241,0,3,0.5,uniform,1.0,0.03378840924157781,0.001141656599076341,ok
v2e_vs_real,original,683000,684000,14780,0,3,0.5,uniform,1.0,0.03452941466119268,0.0011922804768445881,ok
v2e_vs_real,original,684000,685000,10218,0,3,0.5,uniform,1.0,0.03925529294703807,0.0015409780243577768,ok
v2e_vs_real,original,685000,686000,15337,0,3,0.5,uniform,1.0,0.03695212182578244,0.001365459307427467,ok
v2e_vs_real,original,686000,687000,15701,0,3,0.5,uniform,1.0,0.03686530797366319,0.001359050931993035,ok
v2e_vs_real,original,687000,688000,15481,0,3,0.5,uniform,1.0,0.03757120494386466,0.00141159544093388,ok
v2e_vs_real,original,688000,689000,15751,0,3,0.5,uniform,1.0,0.038550645432993934,0.0014861522633004159,ok
v2e_vs_real,original,689000,690000,10637,0,3,0.5,uniform,1.0,0.0432184531923136,0.0018678346963362014,ok
v2e_vs_real,original,690000,691000,16001,0,3,0.5,uniform,1.0,0.04014214992124116,0.0016113922002994015,ok
v2e_vs_real,original,691000,692000,16304,0,3,0.5,uniform,1.0,0.0399633168166668,0.0015970666909892834,ok
v2e_vs_real,original,692000,693000,16318,0,3,0.5,uniform,1.0,0.040406281454728306,0.0016326675809987205,ok
v2e_vs_real,original,693000,694000,16305,0,3,0.5,uniform,1.0,0.041212256072208894,0.0016984500505613188,ok
v2e_vs_real,original,694000,695000,10770,0,3,0.5,uniform,1.0,0.045542431023803384,0.002074113023557889,ok
v2e_vs_real,original,695000,696000,16088,0,3,0.5,uniform,1.0,0.04197596316951178,0.001761981484008209,ok
v2e_vs_real,original,696000,697000,15954,0,3,0.5,uniform,1.0,0.04191905962524531,0.0017572075598648713,ok
v2e_vs_real,original,697000,698000,15450,0,3,0.5,uniform,1.0,0.042574236684593654,0.0018125656292757998,ok
v2e_vs_real,original,698000,699000,15301,0,3,0.5,uniform,1.0,0.04256271716971228,0.0018115848928689203,ok
v2e_vs_real,original,699000,700000,10378,0,3,0.5,uniform,1.0,0.045723141821612016,0.002090605698039246,ok
v2e_vs_real,original,700000,701000,15116,0,3,0.5,uniform,1.0,0.04231361629133568,0.0017904421236503883,ok
v2e_vs_real,original,701000,702000,14469,0,3,0.5,uniform,1.0,0.04281965173896512,0.0018335225750462584,ok
v2e_vs_real,original,702000,703000,14106,0,3,0.5,uniform,1.0,0.04330195211421502,0.0018750590569017703,ok
v2e_vs_real,original,703000,704000,13718,0,3,0.5,uniform,1.0,0.044137500651449696,0.0019481189637567226,ok
v2e_vs_real,original,704000,705000,9151,0,3,0.5,uniform,1.0,0.048763173832159515,0.0023778471221854065,ok
v2e_vs_real,original,705000,706000,13393,0,3,0.5,uniform,1.0,0.04477140149094853,0.002004478391463708,ok
v2e_vs_real,original,706000,707000,13295,0,3,0.5,uniform,1.0,0.04541905699344508,0.0020628907381738124,ok
v2e_vs_real,original,707000,708000,13661,0,3,0.5,uniform,1.0,0.04570025052732391,0.0020885128982601696,ok
v2e_vs_real,original,708000,709000,9320,0,3,0.5,uniform,1.0,0.050345606279369355,0.002534680071637275,ok
v2e_vs_real,original,709000,710000,14044,0,3,0.5,uniform,1.0,0.04607995818922018,0.00212336254672028,ok
v2e_vs_real,original,710000,711000,14421,0,3,0.5,uniform,1.0,0.04606838152933986,0.0021222957767328223,ok
v2e_vs_real,original,711000,712000,14274,0,3,0.5,uniform,1.0,0.046207715308295205,0.0021351529540124593,ok
v2e_vs_real,original,712000,713000,14778,0,3,0.5,uniform,1.0,0.04608273496643037,0.0021236184619862646,ok
v2e_vs_real,original,713000,714000,10013,0,3,0.5,uniform,1.0,0.05039085661873149,0.002539238430769555,ok
v2e_vs_real,original,714000,715000,14986,0,3,0.5,uniform,1.0,0.04605590660907154,0.0021211465335835194,ok
v2e_vs_real,original,715000,716000,15524,0,3,0.5,uniform,1.0,0.04578717893713509,0.0020964657550212274,ok
v2e_vs_real,original,716000,717000,15315,0,3,0.5,uniform,1.0,0.045816295495198694,0.002099132932903364,ok
v2e_vs_real,original,717000,718000,15535,0,3,0.5,uniform,1.0,0.045775750854146105,0.002095419366260858,ok
v2e_vs_real,original,718000,719000,10271,0,3,0.5,uniform,1.0,0.050191705642944416,0.002519207315347978,ok
v2e_vs_real,original,719000,720000,15190,0,3,0.5,uniform,1.0,0.045934611675039774,0.0021099885497367003,ok
v2e_vs_real,original,720000,721000,14652,0,3,0.5,uniform,1.0,0.04632468985867384,0.002145976890502319,ok
v2e_vs_real,original,721000,722000,14738,0,3,0.5,uniform,1.0,0.04625973914075583,0.002139963465370777,ok
v2e_vs_real,original,722000,723000,14746,0,3,0.5,uniform,1.0,0.04636235059337337,0.0021494675525428678,ok
v2e_vs_real,original,723000,724000,9788,0,3,0.5,uniform,1.0,0.0510162484598976,0.0026026576069220044,ok
v2e_vs_real,original,724000,725000,14795,0,3,0.5,uniform,1.0,0.04641377125838924,0.0021542381624260793,ok
v2e_vs_real,original,725000,726000,14913,0,3,0.5,uniform,1.0,0.046357002408530266,0.0021489716723044807,ok
v2e_vs_real,original,726000,727000,14637,0,3,0.5,uniform,1.0,0.04651322265719644,0.0021634798819579327,ok
v2e_vs_real,original,727000,728000,9679,0,3,0.5,uniform,1.0,0.051190952059736505,0.002620513572782241,ok
v2e_vs_real,original,728000,729000,14016,0,3,0.5,uniform,1.0,0.04680989432105132,0.0021911662063479925,ok
v2e_vs_real,original,729000,730000,13421,0,3,0.5,uniform,1.0,0.0470946663003097,0.002217907593937526,ok
v2e_vs_real,original,730000,731000,12963,0,3,0.5,uniform,1.0,0.04734535804465401,0.002241582928376484,ok
v2e_vs_real,original,731000,732000,12561,0,3,0.5,uniform,1.0,0.047508052682925045,0.0022570150697235817,ok
v2e_vs_real,original,732000,733000,9018,0,3,0.5,uniform,1.0,0.05064913811941828,0.0025653351922399095,ok
v2e_vs_real,original,733000,734000,12735,0,3,0.5,uniform,1.0,0.046442875954198916,0.002156940726897108,ok
v2e_vs_real,original,734000,735000,12462,0,3,0.5,uniform,1.0,0.046514026773060754,0.002163554686645013,ok
v2e_vs_real,original,735000,736000,11921,0,3,0.5,uniform,1.0,0.04644714874331845,0.0021573376263839487,ok
v2e_vs_real,original,736000,737000,12235,0,3,0.5,uniform,1.0,0.04657925376255769,0.0021696268810767446,ok
v2e_vs_real,original,737000,738000,8252,0,3,0.5,uniform,1.0,0.05107949261594306,0.002609114565902181,ok
v2e_vs_real,original,738000,739000,12285,0,3,0.5,uniform,1.0,0.0465597050589884,0.0021678061351799896,ok
v2e_vs_real,original,739000,740000,12464,0,3,0.5,uniform,1.0,0.046680269618465296,0.0021790475716526145,ok
v2e_vs_real,original,740000,741000,12399,0,3,0.5,uniform,1.0,0.046664502505996915,0.0021775757941321925,ok
v2e_vs_real,original,741000,742000,12574,0,3,0.5,uniform,1.0,0.04686826430133411,0.0021966341986197095,ok
v2e_vs_real,original,742000,743000,8605,0,3,0.5,uniform,1.0,0.051127174583155605,0.0026139879808564728,ok
v2e_vs_real,original,743000,744000,12722,0,3,0.5,uniform,1.0,0.04661682411317735,0.002173128290398913,ok
v2e_vs_real,original,744000,745000,12903,0,3,0.5,uniform,1.0,0.04666679448506315,0.0021777897075111203,ok
v2e_vs_real,original,745000,746000,12968,0,3,0.5,uniform,1.0,0.046477620869947944,0.0021601692417306207,ok
v2e_vs_real,original,746000,747000,8820,0,3,0.5,uniform,1.0,0.05108936615138598,0.0026101233337503835,ok
v2e_vs_real,original,747000,748000,13176,0,3,0.5,uniform,1.0,0.046538521803564964,0.0021658340116608916,ok
v2e_vs_real,original,748000,749000,13432,0,3,0.5,uniform,1.0,0.04601367043072186,0.0021172578665070874,ok
v2e_vs_real,original,749000,750000,13515,0,3,0.5,uniform,1.0,0.0460040180495067,0.002116369676699338,ok
v2e_vs_real,original,750000,751000,13634,0,3,0.5,uniform,1.0,0.045943617986485275,0.0021108160336880933,ok
v2e_vs_real,original,751000,752000,9026,0,3,0.5,uniform,1.0,0.05047094662476678,0.0025473164532000578,ok
v2e_vs_real,original,752000,753000,13576,0,3,0.5,uniform,1.0,0.04595468223180163,0.002111832819025864,ok
v2e_vs_real,original,753000,754000,13595,0,3,0.5,uniform,1.0,0.04594694570624142,0.002111121819732297,ok
v2e_vs_real,original,754000,755000,13381,0,3,0.5,uniform,1.0,0.046063051560748136,0.002121804719088141,ok
v2e_vs_real,original,755000,756000,13477,0,3,0.5,uniform,1.0,0.04611226412917901,0.0021263409031191693,ok
v2e_vs_real,original,756000,757000,9102,0,3,0.5,uniform,1.0,0.05072917522034726,0.0025734492185366946,ok
v2e_vs_real,original,757000,758000,13273,0,3,0.5,uniform,1.0,0.04655455804736961,0.002167326874985907,ok
v2e_vs_real,original,758000,759000,13563,0,3,0.5,uniform,1.0,0.046556069505646114,0.002167467607814552,ok
v2e_vs_real,original,759000,760000,13125,0,3,0.5,uniform,1.0,0.046728343670612384,0.0021835381021988605,ok
v2e_vs_real,original,760000,761000,13147,0,3,0.5,uniform,1.0,0.04665316015993314,0.002176517352908373,ok
v2e_vs_real,original,761000,762000,8461,0,3,0.5,uniform,1.0,0.0516789656610469,0.0026707154917956647,ok
v2e_vs_real,original,762000,763000,12343,0,3,0.5,uniform,1.0,0.04713533856396822,0.0022217401415399094,ok
v2e_vs_real,original,763000,764000,11823,0,3,0.5,uniform,1.0,0.04730935705912319,0.002238175265347609,ok
v2e_vs_real,original,764000,765000,11384,0,3,0.5,uniform,1.0,0.04757828598704744,0.002263693297465275,ok
v2e_vs_real,original,765000,766000,7461,0,3,0.5,uniform,1.0,0.05200846629880538,0.0027048805667539747,ok
v2e_vs_real,original,766000,767000,11404,0,3,0.5,uniform,1.0,0.04649124222091924,0.002161435603244184,ok
v2e_vs_real,original,767000,768000,11145,0,3,0.5,uniform,1.0,0.046813444188443167,0.002191498556784483,ok
v2e_vs_real,original,768000,769000,10672,0,3,0.5,uniform,1.0,0.047164949075482826,0.0022245324212928886,ok
v2e_vs_real,original,769000,770000,10407,0,3,0.5,uniform,1.0,0.047476924090599254,0.002254058321104524,ok
v2e_vs_real,original,770000,771000,6904,0,3,0.5,uniform,1.0,0.052296348991575085,0.0027349081178486166,ok
v2e_vs_real,original,771000,772000,10422,0,3,0.5,uniform,1.0,0.04737557387828331,0.00224444500029668,ok
v2e_vs_real,original,772000,773000,10345,0,3,0.5,uniform,1.0,0.04743460327788724,0.002250041588130551,ok
v2e_vs_real,original,773000,774000,10084,0,3,0.5,uniform,1.0,0.04771832694826832,0.0022770387267418307,ok
v2e_vs_real,original,774000,775000,10328,0,3,0.5,uniform,1.0,0.04785825302310266,0.002290412382423315,ok
v2e_vs_real,original,775000,776000,6963,0,3,0.5,uniform,1.0,0.05300076029216598,0.0028090805915476384,ok
v2e_vs_real,original,776000,777000,10342,0,3,0.5,uniform,1.0,0.047941254160216995,0.0022983638504545235,ok
v2e_vs_real,original,777000,778000,10518,0,3,0.5,uniform,1.0,0.047784048951509644,0.00228331533420027,ok
v2e_vs_real,original,778000,779000,10435,0,3,0.5,uniform,1.0,0.04781980938468748,0.002286734169587845,ok
v2e_vs_real,original,779000,780000,10434,0,3,0.5,uniform,1.0,0.047965983124549506,0.002300735537104568,ok
v2e_vs_real,original,780000,781000,7109,0,3,0.5,uniform,1.0,0.052830570696768005,0.002791069200146202,ok
v2e_vs_real,original,781000,782000,10769,0,3,0.5,uniform,1.0,0.04752996521995897,0.002259097593810509,ok
v2e_vs_real,original,782000,783000,11062,0,3,0.5,uniform,1.0,0.046843947804132494,0.0021943554458762893,ok
v2e_vs_real,original,783000,784000,10953,0,3,0.5,uniform,1.0,0.0471656246532796,0.002224596148934056,ok
v2e_vs_real,original,784000,785000,10954,0,3,0.5,uniform,1.0,0.046912593840280126,0.002200791460823089,ok
v2e_vs_real,original,785000,786000,7263,0,3,0.5,uniform,1.0,0.051931523383457565,0.0026968831209265996,ok
v2e_vs_real,original,786000,787000,10567,0,3,0.5,uniform,1.0,0.0474449738465205,0.0022510255432970144,ok
v2e_vs_real,original,787000,788000,10407,0,3,0.5,uniform,1.0,0.047520003297748574,0.002258150713418035,ok
v2e_vs_real,original,788000,789000,10139,0,3,0.5,uniform,1.0,0.04772244803984486,0.0022774320469156925,ok
v2e_vs_real,original,789000,790000,6577,0,3,0.5,uniform,1.0,0.053205946174388334,0.0028308727083119086,ok
v2e_vs_real,original,790000,791000,9849,0,3,0.5,uniform,1.0,0.04798176749737876,0.0023022500121725126,ok
v2e_vs_real,original,791000,792000,9780,0,3,0.5,uniform,1.0,0.0479627331853805,0.002300423774612,ok
v2e_vs_real,original,792000,793000,9757,0,3,0.5,uniform,1.0,0.048357686283754066,0.002338465822717976,ok
v2e_vs_real,original,793000,794000,9463,0,3,0.5,uniform,1.0,0.04856849256535803,0.002358898470071238,ok
v2e_vs_real,original,794000,795000,6468,0,3,0.5,uniform,1.0,0.053525347510421664,0.002864962826111403,ok
v2e_vs_real,original,795000,796000,9609,0,3,0.5,uniform,1.0,0.04835337499978063,0.0023380488738694106,ok
v2e_vs_real,original,796000,797000,9587,0,3,0.5,uniform,1.0,0.04778729624409475,0.0022836256823208726,ok
v2e_vs_real,original,797000,798000,9686,0,3,0.5,uniform,1.0,0.04763675093578693,0.002269260039718197,ok
v2e_vs_real,original,798000,799000,9891,0,3,0.5,uniform,1.0,0.04691397336291704,0.0022009208966964895,ok
v2e_vs_real,original,799000,800000,7918,0,3,0.5,uniform,1.0,0.04773097834052845,0.002278246293343996,ok
v2e_vs_real,original,800000,801000,9250,0,3,0.5,uniform,1.0,0.045077779024861785,0.0020320061618142693,ok
v2e_vs_real,original,801000,802000,8358,0,3,0.5,uniform,1.0,0.04574096321985628,0.002092235716280245,ok
v2e_vs_real,original,802000,803000,5952,0,3,0.5,uniform,1.0,0.04933795757007299,0.002434234057186323,ok
v2e_vs_real,original,803000,804000,7786,0,3,0.5,uniform,1.0,0.047067353441131096,0.002215335759952355,ok
v2e_vs_real,original,804000,805000,7980,0,3,0.5,uniform,1.0,0.04773124194199341,0.0022782714573251106,ok
v2e_vs_real,original,805000,806000,8392,0,3,0.5,uniform,1.0,0.04771452030955125,0.0022766754483705787,ok
v2e_vs_real,original,806000,807000,8969,0,3,0.5,uniform,1.0,0.04760350079954926,0.002266093288372687,ok
v2e_vs_real,original,807000,808000,9580,0,3,0.5,uniform,1.0,0.047471557758173924,0.0022535487959876427,ok
v2e_vs_real,original,808000,809000,7447,0,3,0.5,uniform,1.0,0.0510480833128732,0.002605906809918043,ok
v2e_vs_real,original,809000,810000,10311,0,3,0.5,uniform,1.0,0.04756260401233781,0.002262201300434453,ok
v2e_vs_real,original,810000,811000,10587,0,3,0.5,uniform,1.0,0.0473254017977469,0.0022396936553181856,ok
v2e_vs_real,original,811000,812000,10722,0,3,0.5,uniform,1.0,0.04727476638765747,0.002234903537007589,ok
v2e_vs_real,original,812000,813000,10854,0,3,0.5,uniform,1.0,0.0468977281040529,0.0021993969013216733,ok
v2e_vs_real,original,813000,814000,8194,0,3,0.5,uniform,1.0,0.04990488491097289,0.0024904975379774494,ok
v2e_vs_real,original,814000,815000,10881,0,3,0.5,uniform,1.0,0.04664742213737451,0.0021759819920624175,ok
v2e_vs_real,original,815000,816000,10916,0,3,0.5,uniform,1.0,0.046374951139127894,0.0021506360931564995,ok
v2e_vs_real,original,816000,817000,10836,0,3,0.5,uniform,1.0,0.04603281221405546,0.0021190198003344933,ok
v2e_vs_real,original,817000,818000,10732,0,3,0.5,uniform,1.0,0.045677155162838004,0.002086402503769978,ok
v2e_vs_real,original,818000,819000,7877,0,3,0.5,uniform,1.0,0.04876092922638719,0.0023776282190207405,ok
v2e_vs_real,original,819000,820000,10322,0,3,0.5,uniform,1.0,0.045729197306051884,0.002091159486255823,ok
v2e_vs_real,original,820000,821000,10162,0,3,0.5,uniform,1.0,0.04581341923009015,0.0020988693815519937,ok
v2e_vs_real,original,821000,822000,10109,0,3,0.5,uniform,1.0,0.045922338819122485,0.0021088612026182838,ok
v2e_vs_real,original,822000,823000,10198,0,3,0.5,uniform,1.0,0.0461351614752321,0.0021284531243457396,ok
v2e_vs_real,original,823000,824000,7641,0,3,0.5,uniform,1.0,0.04945477250937875,0.002445774523954404,ok
v2e_vs_real,original,824000,825000,10182,0,3,0.5,uniform,1.0,0.04636821905224627,0.002150011738077094,ok
v2e_vs_real,original,825000,826000,9993,0,3,0.5,uniform,1.0,0.04640441689530694,0.002153369907393448,ok
v2e_vs_real,original,826000,827000,9974,0,3,0.5,uniform,1.0,0.0463604067069808,0.00214928731003667,ok
v2e_vs_real,original,827000,828000,9926,0,3,0.5,uniform,1.0,0.04600104782195663,0.002116096400717941,ok
v2e_vs_real,original,828000,829000,7563,0,3,0.5,uniform,1.0,0.04854227500539262,0.002356352462699165,ok
v2e_vs_real,original,829000,830000,10160,0,3,0.5,uniform,1.0,0.045123239304591174,0.002036106725339402,ok
v2e_vs_real,original,830000,831000,10015,0,3,0.5,uniform,1.0,0.04509277956287679,0.0020333587687061993,ok
v2e_vs_real,original,831000,832000,9688,0,3,0.5,uniform,1.0,0.0449003584140371,0.002016042185708992,ok
v2e_vs_real,original,832000,833000,10833,0,3,0.5,uniform,1.0,0.04319572419898877,0.001865870589075104,ok
v2e_vs_real,original,833000,834000,10933,0,3,0.5,uniform,1.0,0.041885798155156334,0.0017544200870944979,ok
v2e_vs_real,original,834000,835000,8206,0,3,0.5,uniform,1.0,0.043915106317752174,0.001928536562899477,ok
v2e_vs_real,original,835000,836000,10833,0,3,0.5,uniform,1.0,0.04067690695046248,0.0016546107590565827,ok
v2e_vs_real,original,836000,837000,10925,0,3,0.5,uniform,1.0,0.039817860059341445,0.0015854619797052985,ok
v2e_vs_real,original,837000,838000,11122,0,3,0.5,uniform,1.0,0.03878273754456237,0.001504100731450408,ok
v2e_vs_real,original,838000,839000,11177,0,3,0.5,uniform,1.0,0.03853658299340476,0.0014850682288075731,ok
v2e_vs_real,original,839000,840000,8403,0,3,0.5,uniform,1.0,0.04058653220829079,0.0016472665966946257,ok
v2e_vs_real,original,840000,841000,11471,0,3,0.5,uniform,1.0,0.03704628086254218,0.0013724269257463589,ok
v2e_vs_real,original,841000,842000,11836,0,3,0.5,uniform,1.0,0.03577089752795361,0.0012795571099553573,ok
v2e_vs_real,original,842000,843000,12290,0,3,0.5,uniform,1.0,0.03469774812424469,0.0012039337248935262,ok
v2e_vs_real,original,843000,844000,12723,0,3,0.5,uniform,1.0,0.03406120756897306,0.0011601658610566677,ok
v2e_vs_real,original,844000,845000,9761,0,3,0.5,uniform,1.0,0.036334204266897624,0.0013201743997086417,ok
v2e_vs_real,original,845000,846000,13502,0,3,0.5,uniform,1.0,0.034011352358493334,0.00115677208925359,ok
v2e_vs_real,original,846000,847000,13770,0,3,0.5,uniform,1.0,0.033207028026970384,0.0011027067103839968,ok
v2e_vs_real,original,847000,848000,13902,0,3,0.5,uniform,1.0,0.033536321136659095,0.0011246848353811277,ok
v2e_vs_real,original,848000,849000,14203,0,3,0.5,uniform,1.0,0.034074141134755764,0.0011610470940712548,ok
v2e_vs_real,original,849000,850000,14204,0,3,0.5,uniform,1.0,0.035349464758865065,0.001249584658738243,ok
v2e_vs_real,original,850000,851000,10730,0,3,0.5,uniform,1.0,0.03815448920037338,0.0014557650461414088,ok
v2e_vs_real,original,851000,852000,14204,0,3,0.5,uniform,1.0,0.0362490824702505,0.001313995979935022,ok
v2e_vs_real,original,852000,853000,14150,0,3,0.5,uniform,1.0,0.03701083694599081,0.0013698020514427186,ok
v2e_vs_real,original,853000,854000,13931,0,3,0.5,uniform,1.0,0.038114513503975364,0.0014527161396447202,ok
v2e_vs_real,original,854000,855000,13927,0,3,0.5,uniform,1.0,0.03929100208548129,0.001543782844881295,ok
v2e_vs_real,original,855000,856000,10313,0,3,0.5,uniform,1.0,0.04289186259553772,0.0018397118769144876,ok
v2e_vs_real,original,856000,857000,13745,0,3,0.5,uniform,1.0,0.04118790799535876,0.0016964437650341384,ok
v2e_vs_real,original,857000,858000,13366,0,3,0.5,uniform,1.0,0.04189176578938924,0.0017549200409530427,ok
v2e_vs_real,original,858000,859000,13261,0,3,0.5,uniform,1.0,0.04284109390621285,0.0018353593270809478,ok
v2e_vs_real,original,859000,860000,13299,0,3,0.5,uniform,1.0,0.04332308951562963,0.0018768900851792582,ok
v2e_vs_real,original,860000,861000,9819,0,3,0.5,uniform,1.0,0.0469543851594289,0.002204714285699997,ok
v2e_vs_real,original,861000,862000,13248,0,3,0.5,uniform,1.0,0.04403145440760027,0.0019387689772485813,ok
v2e_vs_real,original,862000,863000,13184,0,3,0.5,uniform,1.0,0.044457064542825254,0.0019764305877649304,ok
v2e_vs_real,original,863000,864000,12891,0,3,0.5,uniform,1.0,0.044803345320111536,0.00200733975187316,ok
v2e_vs_real,original,864000,865000,12594,0,3,0.5,uniform,1.0,0.04550290324170255,0.0020705142034237447,ok
v2e_vs_real,original,865000,866000,9481,0,3,0.5,uniform,1.0,0.04824843905597149,0.002327911871337795,ok
v2e_vs_real,original,866000,867000,13078,0,3,0.5,uniform,1.0,0.044364735463536385,0.001968229752749563,ok
v2e_vs_real,original,867000,868000,12645,0,3,0.5,uniform,1.0,0.04456692107173349,0.0019862104538141225,ok
v2e_vs_real,original,868000,869000,12233,0,3,0.5,uniform,1.0,0.045320707865632234,0.0020539665614419797,ok
v2e_vs_real,original,869000,870000,12138,0,3,0.5,uniform,1.0,0.0455746698784424,0.0020770505345290052,ok
v2e_vs_real,original,870000,871000,11935,0,3,0.5,uniform,1.0,0.04601950285626172,0.0021177946431374804,ok
v2e_vs_real,original,871000,872000,9006,0,3,0.5,uniform,1.0,0.048933446464827016,0.0023944821829260912,ok
v2e_vs_real,original,872000,873000,12177,0,3,0.5,uniform,1.0,0.046247868197671786,0.002138865312829221,ok
v2e_vs_real,original,873000,874000,12257,0,3,0.5,uniform,1.0,0.04648497232599522,0.0021608526521485418,ok
v2e_vs_real,original,874000,875000,12496,0,3,0.5,uniform,1.0,0.04634877352261448,0.0021482088070506095,ok
v2e_vs_real,original,875000,876000,12782,0,3,0.5,uniform,1.0,0.046432672443720936,0.0021559930702658814,ok
v2e_vs_real,original,876000,877000,9756,0,3,0.5,uniform,1.0,0.049212916335927774,0.0024219111342870265,ok
v2e_vs_real,original,877000,878000,13162,0,3,0.5,uniform,1.0,0.04617595351828564,0.002132218683322876,ok
v2e_vs_real,original,878000,879000,13329,0,3,0.5,uniform,1.0,0.04600939074160205,0.002116864036413416,ok
v2e_vs_real,original,879000,880000,13515,0,3,0.5,uniform,1.0,0.04600554277568224,0.002116509966085128,ok
v2e_vs_real,original,880000,881000,13717,0,3,0.5,uniform,1.0,0.04578152123676297,0.0020959476867521785,ok
v2e_vs_real,original,881000,882000,10269,0,3,0.5,uniform,1.0,0.04878405057413415,0.002379883590419679,ok
v2e_vs_real,original,882000,883000,14147,0,3,0.5,uniform,1.0,0.04537662666351481,0.002059038247360003,ok
v2e_vs_real,original,883000,884000,14175,0,3,0.5,uniform,1.0,0.045455535425057744,0.0020662057007786797,ok
v2e_vs_real,original,884000,885000,14190,0,3,0.5,uniform,1.0,0.04530648789414564,0.0020526778453023656,ok
v2e_vs_real,original,885000,886000,14210,0,3,0.5,uniform,1.0,0.04528332783917856,0.002050579780190524,ok
v2e_vs_real,original,886000,887000,10604,0,3,0.5,uniform,1.0,0.04819154607266964,0.002322425112874241,ok
v2e_vs_real,original,887000,888000,14069,0,3,0.5,uniform,1.0,0.045442185081099866,0.002064992184944935,ok
v2e_vs_real,original,888000,889000,14142,0,3,0.5,uniform,1.0,0.045279729723067014,0.0020502539237939985,ok
v2e_vs_real,original,889000,890000,13853,0,3,0.5,uniform,1.0,0.045416149269098476,0.002062626614433034,ok
v2e_vs_real,original,890000,891000,13664,0,3,0.5,uniform,1.0,0.04532585323568303,0.0020544329715426776,ok
v2e_vs_real,original,891000,892000,13649,0,3,0.5,uniform,1.0,0.04534721424103571,0.002056369839422392,ok
v2e_vs_real,original,892000,893000,9951,0,3,0.5,uniform,1.0,0.048367946474699164,0.0023394582461793633,ok
v2e_vs_real,original,893000,894000,13242,0,3,0.5,uniform,1.0,0.04551702815686003,0.002071799852232389,ok
v2e_vs_real,original,894000,895000,13036,0,3,0.5,uniform,1.0,0.045665707314642805,0.0020853568245466215,ok
v2e_vs_real,original,895000,896000,12717,0,3,0.5,uniform,1.0,0.045825357337582674,0.0020999633751171425,ok
v2e_vs_real,original,896000,897000,12422,0,3,0.5,uniform,1.0,0.04599624869988828,0.0021156548944619743,ok
v2e_vs_real,original,897000,898000,9156,0,3,0.5,uniform,1.0,0.04895703775943164,0.002396791546178415,ok
v2e_vs_real,original,898000,899000,12073,0,3,0.5,uniform,1.0,0.046135723223907806,0.002128504957393026,ok
v2e_vs_real,original,899000,900000,12553,0,3,0.5,uniform,1.0,0.04491297999622059,0.002017175772140911,ok
v2e_vs_real,original,900000,901000,11752,0,3,0.5,uniform,1.0,0.04523543034499674,0.002046244158497052,ok
v2e_vs_real,original,901000,902000,11092,0,3,0.5,uniform,1.0,0.045845385242029926,0.002101799347990135,ok
v2e_vs_real,original,902000,903000,8176,0,3,0.5,uniform,1.0,0.049222810914215376,0.0024228851142966,ok
v2e_vs_real,original,903000,904000,10912,0,3,0.5,uniform,1.0,0.0464712995963579,0.002159581686174454,ok
v2e_vs_real,original,904000,905000,10903,0,3,0.5,uniform,1.0,0.046869581991989026,0.0021967577161037823,ok
v2e_vs_real,original,905000,906000,11150,0,3,0.5,uniform,1.0,0.04694067002133652,0.002203426502052001,ok
v2e_vs_real,original,906000,907000,11522,0,3,0.5,uniform,1.0,0.046905626609753705,0.002200137807653635,ok
v2e_vs_real,original,907000,908000,8851,0,3,0.5,uniform,1.0,0.04989649740992591,0.002489660453778743,ok
v2e_vs_real,original,908000,909000,12130,0,3,0.5,uniform,1.0,0.0466417916166038,0.0021754567252066925,ok
v2e_vs_real,original,909000,910000,12294,0,3,0.5,uniform,1.0,0.04637517516517763,0.0021506568716009086,ok
v2e_vs_real,original,910000,911000,12376,0,3,0.5,uniform,1.0,0.04626145904341611,0.002140122592825666,ok
v2e_vs_real,original,911000,912000,12758,0,3,0.5,uniform,1.0,0.04589816713359797,0.002106641746223693,ok
v2e_vs_real,original,912000,913000,13182,0,3,0.5,uniform,1.0,0.0457585574853939,0.002093845583144098,ok
v2e_vs_real,original,913000,914000,10133,0,3,0.5,uniform,1.0,0.04839583561022839,0.00234215690441225,ok
v2e_vs_real,original,914000,915000,13694,0,3,0.5,uniform,1.0,0.045604243588480434,0.0020797470332774588,ok
v2e_vs_real,original,915000,916000,13901,0,3,0.5,uniform,1.0,0.04549862652260444,0.002070125015443444,ok
v2e_vs_real,original,916000,917000,13858,0,3,0.5,uniform,1.0,0.04552892764150968,0.0020728832521858245,ok
v2e_vs_real,original,917000,918000,14089,0,3,0.5,uniform,1.0,0.045389723458343835,0.0020602269956249285,ok
v2e_vs_real,original,918000,919000,10571,0,3,0.5,uniform,1.0,0.04815978058572872,0.0023193644660655334,ok
v2e_vs_real,original,919000,920000,14042,0,3,0.5,uniform,1.0,0.045267746708718415,0.002049168892084687,ok
v2e_vs_real,original,920000,921000,13941,0,3,0.5,uniform,1.0,0.045199250792266166,0.0020429722721821736,ok
v2e_vs_real,original,921000,922000,14021,0,3,0.5,uniform,1.0,0.045186657834607,0.00204183404626185,ok
v2e_vs_real,original,922000,923000,14107,0,3,0.5,uniform,1.0,0.04512342379868068,0.0020361233753153417,ok
v2e_vs_real,original,923000,924000,10495,0,3,0.5,uniform,1.0,0.048027417179166663,0.002306632800901713,ok
v2e_vs_real,original,924000,925000,14177,0,3,0.5,uniform,1.0,0.04523022178203886,0.0020457729624524224,ok
v2e_vs_real,original,925000,926000,13956,0,3,0.5,uniform,1.0,0.045314228722830495,0.0020533793247449962,ok
v2e_vs_real,original,926000,927000,13456,0,3,0.5,uniform,1.0,0.04562157461633025,0.0020813280704733888,ok
v2e_vs_real,original,927000,928000,13369,0,3,0.5,uniform,1.0,0.04555771074945102,0.002075505008730645,ok
v2e_vs_real,original,928000,929000,12902,0,3,0.5,uniform,1.0,0.04559580047782738,0.0020789770212138437,ok
v2e_vs_real,original,929000,930000,9320,0,3,0.5,uniform,1.0,0.048785954469612855,0.0023800693535111386,ok
v2e_vs_real,original,930000,931000,12120,0,3,0.5,uniform,1.0,0.04585781380863697,0.0021029390873076154,ok
v2e_vs_real,original,931000,932000,11446,0,3,0.5,uniform,1.0,0.0461150089227169,0.0021265940479422594,ok
v2e_vs_real,original,932000,933000,12825,0,3,0.5,uniform,1.0,0.0446453622521488,0.001993208370625593,ok
v2e_vs_real,original,933000,934000,9446,0,3,0.5,uniform,1.0,0.04683715031597378,0.0021937186497211227,ok
v2e_vs_real,original,934000,935000,8867,0,3,0.5,uniform,1.0,0.04741328402582931,0.002248019502113961,ok
v2e_vs_real,original,935000,936000,11680,0,3,0.5,uniform,1.0,0.04490232348099167,0.0020162186539916162,ok
v2e_vs_real,original,936000,937000,8613,0,3,0.5,uniform,1.0,0.04804197450348667,0.002308031314193663,ok
v2e_vs_real,original,937000,938000,8731,0,3,0.5,uniform,1.0,0.048173326694125655,0.0023206694047789595,ok
v2e_vs_real,original,938000,939000,11626,0,3,0.5,uniform,1.0,0.04564130236263835,0.0020831284813577775,ok
v2e_vs_real,original,939000,940000,8978,0,3,0.5,uniform,1.0,0.04838746442155488,0.002341346713147239,ok
v2e_vs_real,original,940000,941000,9273,0,3,0.5,uniform,1.0,0.0482113677007463,0.002324335975576564,ok
v2e_vs_real,original,941000,942000,12249,0,3,0.5,uniform,1.0,0.04578852004422171,0.0020965885678400934,ok
v2e_vs_real,original,942000,943000,9476,0,3,0.5,uniform,1.0,0.048263767455562614,0.002329391249004625,ok
v2e_vs_real,original,943000,944000,9227,0,3,0.5,uniform,1.0,0.04876487636486293,0.002378013166880367,ok
v2e_vs_real,original,944000,945000,12155,0,3,0.5,uniform,1.0,0.04591851690999373,0.0021085101952133807,ok
v2e_vs_real,original,945000,946000,9067,0,3,0.5,uniform,1.0,0.04902462930615258,0.0024034142786056745,ok
v2e_vs_real,original,946000,947000,8925,0,3,0.5,uniform,1.0,0.04916262794688053,0.0024169639866433988,ok
v2e_vs_real,original,947000,948000,11701,0,3,0.5,uniform,1.0,0.046384643106155,0.002151535116085372,ok
v2e_vs_real,original,948000,949000,9000,0,3,0.5,uniform,1.0,0.049119905046217945,0.0024127650717494674,ok
v2e_vs_real,original,949000,950000,9145,0,3,0.5,uniform,1.0,0.04907387669089759,0.0024082453734734217,ok
v2e_vs_real,original,950000,951000,12256,0,3,0.5,uniform,1.0,0.04603071547777428,0.0021188267673958082,ok
v2e_vs_real,original,951000,952000,9159,0,3,0.5,uniform,1.0,0.04926750557175952,0.002427287105263355,ok
v2e_vs_real,original,952000,953000,9095,0,3,0.5,uniform,1.0,0.04987064043557512,0.0024870807774544203,ok
v2e_vs_real,original,953000,954000,12043,0,3,0.5,uniform,1.0,0.046738862752477406,0.0021845212913949195,ok
v2e_vs_real,original,954000,955000,9104,0,3,0.5,uniform,1.0,0.0499944162540592,0.0024994416565841384,ok
v2e_vs_real,original,955000,956000,9016,0,3,0.5,uniform,1.0,0.05044231617464312,0.002544427261062663,ok
v2e_vs_real,original,956000,957000,11962,0,3,0.5,uniform,1.0,0.04759703095264231,0.0022654773555067904,ok
v2e_vs_real,original,957000,958000,8973,0,3,0.5,uniform,1.0,0.05136466942524705,0.002638329265164909,ok
v2e_vs_real,original,958000,959000,8959,0,3,0.5,uniform,1.0,0.05120196441039517,0.0026216411594833736,ok
v2e_vs_real,original,959000,960000,8930,0,3,0.5,uniform,1.0,0.05113125909724092,0.0026144056568691825,ok
v2e_vs_real,original,960000,961000,11359,0,3,0.5,uniform,1.0,0.048044260131765354,0.0023082509316087376,ok
v2e_vs_real,original,961000,962000,8329,0,3,0.5,uniform,1.0,0.05110131409219149,0.002611344301948809,ok
v2e_vs_real,original,962000,963000,8273,0,3,0.5,uniform,1.0,0.05078285123447331,0.002578897979502648,ok
v2e_vs_real,original,963000,964000,10748,0,3,0.5,uniform,1.0,0.04727966718554265,0.002235366929175678,ok
v2e_vs_real,original,964000,965000,7821,0,3,0.5,uniform,1.0,0.05063373667060926,0.002563775289228601,ok
v2e_vs_real,original,965000,966000,8115,0,3,0.5,uniform,1.0,0.049568897448308565,0.0024570755942409316,ok
v2e_vs_real,original,966000,967000,11508,0,3,0.5,uniform,1.0,0.04525228196151954,0.002047769022724867,ok
v2e_vs_real,original,967000,968000,8145,0,3,0.5,uniform,1.0,0.04858556669808149,0.002360557291373725,ok
v2e_vs_real,original,968000,969000,8008,0,3,0.5,uniform,1.0,0.04856992584421395,0.002359037696512442,ok
v2e_vs_real,original,969000,970000,10678,0,3,0.5,uniform,1.0,0.04563280272952261,0.002082352684951526,ok
v2e_vs_real,original,970000,971000,8004,0,3,0.5,uniform,1.0,0.04859013072869461,0.002361000804231632,ok
v2e_vs_real,original,971000,972000,7839,0,3,0.5,uniform,1.0,0.04914580236749594,0.0024153098903449692,ok
v2e_vs_real,original,972000,973000,10588,0,3,0.5,uniform,1.0,0.04598283930406908,0.0021144215104638405,ok
v2e_vs_real,original,973000,974000,7805,0,3,0.5,uniform,1.0,0.04940769150809498,0.002441119980159081,ok
v2e_vs_real,original,974000,975000,7704,0,3,0.5,uniform,1.0,0.04968847377619195,0.002468944426207315,ok
v2e_vs_real,original,975000,976000,10392,0,3,0.5,uniform,1.0,0.04658226540246196,0.0021699074500254045,ok
v2e_vs_real,original,976000,977000,7915,0,3,0.5,uniform,1.0,0.049596980633072066,0.0024598604879173254,ok
v2e_vs_real,original,977000,978000,7829,0,3,0.5,uniform,1.0,0.04969250655252591,0.0024693452074728305,ok
v2e_vs_real,original,978000,979000,10477,0,3,0.5,uniform,1.0,0.046526952487055136,0.002164757307732686,ok
v2e_vs_real,original,979000,980000,7751,0,3,0.5,uniform,1.0,0.05015256284949876,0.002515279560372923,ok
v2e_vs_real,original,980000,981000,7858,0,3,0.5,uniform,1.0,0.04963475538508128,0.002463608942136855,ok
v2e_vs_real,original,981000,982000,10582,0,3,0.5,uniform,1.0,0.04641113712893408,0.002153993649600723,ok
v2e_vs_real,original,982000,983000,7970,0,3,0.5,uniform,1.0,0.04962803218793824,0.002462941578847034,ok
v2e_vs_real,original,983000,984000,8087,0,3,0.5,uniform,1.0,0.04951455294829548,0.0024516909536695564,ok
v2e_vs_real,original,984000,985000,10846,0,3,0.5,uniform,1.0,0.04640277282882238,0.002153217326203297,ok
v2e_vs_real,original,985000,986000,8226,0,3,0.5,uniform,1.0,0.04954013834465392,0.0024542253072074496,ok
v2e_vs_real,original,986000,987000,8083,0,3,0.5,uniform,1.0,0.04979613582450392,0.002479655143052443,ok
v2e_vs_real,original,987000,988000,10883,0,3,0.5,uniform,1.0,0.04661566157950877,0.0021730199044952903,ok
v2e_vs_real,original,988000,989000,8299,0,3,0.5,uniform,1.0,0.04979301572189767,0.0024793444146811484,ok
v2e_vs_real,original,989000,990000,8121,0,3,0.5,uniform,1.0,0.04971441596628266,0.0024715231548685804,ok
v2e_vs_real,original,990000,991000,10898,0,3,0.5,uniform,1.0,0.046477793333169024,0.002160185273120771,ok
v2e_vs_real,original,991000,992000,8304,0,3,0.5,uniform,1.0,0.04950639803869854,0.0024508834467660543,ok
v2e_vs_real,original,992000,993000,8120,0,3,0.5,uniform,1.0,0.049504249247841324,0.0024506706935923986,ok
v2e_vs_real,original,993000,994000,10855,0,3,0.5,uniform,1.0,0.04642081247155216,0.0021548918305190124,ok
v2e_vs_real,original,994000,995000,8202,0,3,0.5,uniform,1.0,0.049324307130602485,0.002432887273914003,ok
v2e_vs_real,original,995000,996000,8231,0,3,0.5,uniform,1.0,0.049198947207370766,0.002420536406313656,ok
v2e_vs_real,original,996000,997000,11076,0,3,0.5,uniform,1.0,0.045878518116743226,0.002104838424588336,ok
v2e_vs_real,original,997000,998000,8253,0,3,0.5,uniform,1.0,0.048839834578863525,0.0023853294416907533,ok
v2e_vs_real,original,998000,999000,8080,0,3,0.5,uniform,1.0,0.04880829825440271,0.0023822499784907306,ok
v2e_vs_real,original,999000,1000000,11648,0,3,0.5,uniform,1.0,0.043689385798934166,0.0019087624314881105,ok
v2e_vs_real,original,1000000,1001000,8701,0,3,0.5,uniform,1.0,0.045329726106230955,0.002054784068865916,ok
v2e_vs_real,original,1001000,1002000,8790,0,3,0.5,uniform,1.0,0.04465402813865796,0.001993982229008057,ok
v2e_vs_real,original,1002000,1003000,11913,0,3,0.5,uniform,1.0,0.041143694269128755,0.0016928035781115383,ok
v2e_vs_real,original,1003000,1004000,8981,0,3,0.5,uniform,1.0,0.0424074923374331,0.001798395406349447,ok
v2e_vs_real,original,1004000,1005000,9039,0,3,0.5,uniform,1.0,0.04098666752983717,0.0016799069152014087,ok
v2e_vs_real,original,1005000,1006000,12198,0,3,0.5,uniform,1.0,0.037196799963897284,0.0013836019275541892,ok
v2e_vs_real,original,1006000,1007000,9226,0,3,0.5,uniform,1.0,0.03787470496810285,0.0014344932764208348,ok
v2e_vs_real,original,1007000,1008000,9179,0,3,0.5,uniform,1.0,0.03662392631692448,0.0013413119788675135,ok
v2e_vs_real,original,1008000,1009000,12522,0,3,0.5,uniform,1.0,0.03359127317786494,0.0011283736337099487,ok
v2e_vs_real,original,1009000,1010000,9623,0,3,0.5,uniform,1.0,0.034693898519320004,0.0012036665944688749,ok
v2e_vs_real,original,1010000,1011000,10146,0,3,0.5,uniform,1.0,0.033536704486664445,0.0011247105478258592,ok
v2e_vs_real,original,1011000,1012000,13890,0,3,0.5,uniform,1.0,0.031888784554084136,0.0010168945803367949,ok
v2e_vs_real,original,1012000,1013000,10838,0,3,0.5,uniform,1.0,0.0339887416670613,0.0011552345601102286,ok
v2e_vs_real,original,1013000,1014000,11106,0,3,0.5,uniform,1.0,0.03443445198841251,0.0011857314837422864,ok
v2e_vs_real,original,1014000,1015000,15232,0,3,0.5,uniform,1.0,0.0338139475510996,0.0011433830489885146,ok
