comparison_set,variant,window_start,window_end,n_events,distance,distance_squared,status
real_vs_real,original,16000,17000,4808,0.027662548489094205,0.0007652165889114881,ok
real_vs_real,original,17000,18000,4741,0.037583022579192826,0.001412483586188118,ok
real_vs_real,original,18000,19000,4794,0.04594377439110851,0.0021108304053010785,ok
real_vs_real,original,19000,20000,4917,0.05673464204923159,0.0032188196084544374,ok
real_vs_real,original,20000,21000,4805,0.05982750768459274,0.003579330675750003,ok
real_vs_real,original,21000,22000,4786,0.07115760060767187,0.0050634041242409444,ok
real_vs_real,original,22000,23000,4892,0.07734446240468054,0.005982165864669042,ok
real_vs_real,original,23000,24000,5022,0.08599451438971306,0.007395056505122566,ok
real_vs_real,original,24000,25000,5033,0.10316411661963813,0.010642834957910297,ok
real_vs_real,original,25000,26000,5024,0.11248338856147196,0.01265251270227108,ok
real_vs_real,original,26000,27000,5119,0.12393238895589831,0.015359237032316064,ok
real_vs_real,original,27000,28000,4953,0.13624019374332094,0.018561390391217625,ok
real_vs_real,original,28000,29000,4956,0.13770535001078724,0.01896276342159342,ok
real_vs_real,original,29000,30000,5025,0.14223123214181047,0.02022972339657758,ok
real_vs_real,original,30000,31000,4940,0.1502013149776722,0.022560435021021896,ok
real_vs_real,original,31000,32000,5117,0.16128651084893142,0.026013338581822476,ok
real_vs_real,original,32000,33000,4969,0.17569261343186518,0.030867894414518815,ok
real_vs_real,original,33000,34000,5009,0.17971975040440055,0.03229918868542003,ok
real_vs_real,original,34000,35000,4969,0.1940677999124168,0.037662310962845835,ok
real_vs_real,original,35000,36000,5008,0.20035965926470845,0.04014399306067007,ok
real_vs_real,original,36000,37000,4896,0.21058700169596228,0.04434688528329522,ok
real_vs_real,original,37000,38000,4887,0.2168783629902495,0.047036224333330434,ok
real_vs_real,original,38000,39000,4904,0.22486175205772208,0.05056280753846848,ok
real_vs_real,original,39000,40000,4840,0.232624836441677,0.05411431452951698,ok
real_vs_real,original,40000,41000,4773,0.2399194820337962,0.05756135785936506,ok
real_vs_real,original,41000,42000,4866,0.2522238007748473,0.06361684567730985,ok
real_vs_real,original,42000,43000,4828,0.2619205199060925,0.06860235874787779,ok
real_vs_real,original,43000,44000,4837,0.27191329987004603,0.07393684264621758,ok
real_vs_real,original,44000,45000,4798,0.282639759826492,0.07988523383477708,ok
real_vs_real,original,45000,46000,4591,0.2890960590330585,0.08357653134844567,ok
real_vs_real,original,46000,47000,4649,0.28394772196799295,0.08062630881081262,ok
real_vs_real,original,47000,48000,4708,0.2941009015246105,0.08649534027758865,ok
real_vs_real,original,48000,49000,4679,0.30337194494477776,0.09203453697957725,ok
real_vs_real,original,49000,50000,4694,0.31783390156808466,0.10101838898599091,ok
real_vs_real,original,50000,51000,4734,0.32136106571186335,0.10327293455546455,ok
real_vs_real,original,51000,52000,4671,0.33135034950871317,0.10979305411954637,ok
real_vs_real,original,52000,53000,4528,0.33951453531624176,0.11527011969100359,ok
real_vs_real,original,53000,54000,4499,0.34171280919600205,0.11676764396862332,ok
real_vs_real,original,54000,55000,4467,0.3488581495244484,0.12170200848962237,ok
real_vs_real,original,55000,56000,4426,0.3563271193797531,0.1269690160054728,ok
real_vs_real,original,56000,57000,4419,0.3620642461093649,0.13109051831074275,ok
real_vs_real,original,57000,58000,4526,0.37163152461049276,0.1381099900843193,ok
real_vs_real,original,58000,59000,4468,0.3767187877002731,0.14191704500636346,ok
real_vs_real,original,59000,60000,4409,0.38499663354088864,0.1482224078378173,ok
real_vs_real,original,60000,61000,4387,0.39833979371855865,0.15867459125974387,ok
real_vs_real,original,61000,62000,4293,0.401852805912375,0.16148567761964894,ok
real_vs_real,original,62000,63000,4253,0.4030296482677069,0.1624328973827915,ok
real_vs_real,original,63000,64000,4223,0.4077763808220354,0.1662815767563176,ok
real_vs_real,original,64000,65000,4192,0.4092399179575564,0.16747731044990746,ok
real_vs_real,original,65000,66000,4326,0.41414225350365275,0.17151380613708378,ok
real_vs_real,original,66000,67000,4376,0.41798231855522444,0.17470921862480113,ok
real_vs_real,original,67000,68000,4407,0.4239350862523542,0.17972095735579102,ok
real_vs_real,original,68000,69000,4364,0.4306019915555906,0.1854180751316409,ok
real_vs_real,original,69000,70000,4328,0.4303006665642989,0.18515866364567993,ok
real_vs_real,original,70000,71000,4307,0.4297922467415664,0.1847213753591635,ok
real_vs_real,original,71000,72000,4258,0.4343356471035492,0.18864745434485883,ok
real_vs_real,original,72000,73000,4250,0.43917101030246125,0.19287117629008452,ok
real_vs_real,original,73000,74000,4254,0.4401263234871349,0.1937111806263021,ok
real_vs_real,original,74000,75000,4354,0.4440727277077152,0.19720058749377056,ok
real_vs_real,original,75000,76000,4337,0.450189616084505,0.202670690430314,ok
real_vs_real,original,76000,77000,4384,0.447287054820916,0.20006570941036914,ok
real_vs_real,original,77000,78000,4375,0.45318587016644485,0.2053774329185178,ok
real_vs_real,original,78000,79000,4297,0.45022641219754955,0.2027038222402778,ok
real_vs_real,original,79000,80000,4199,0.45259048471774355,0.20483814685704207,ok
real_vs_real,original,80000,81000,4306,0.4514333134568994,0.2037920364986752,ok
real_vs_real,original,81000,82000,4290,0.45383797867438447,0.20596891088725106,ok
real_vs_real,original,82000,83000,4317,0.45578809802043396,0.2077427902970847,ok
real_vs_real,original,83000,84000,4289,0.45760229066295866,0.20939985641998687,ok
real_vs_real,original,84000,85000,4339,0.46485760422176287,0.2160925922027971,ok
real_vs_real,original,85000,86000,4484,0.4557304066946306,0.2076902035860534,ok
real_vs_real,original,86000,87000,4214,0.4571735404928659,0.2090076461267821,ok
real_vs_real,original,87000,88000,4207,0.46117818461394616,0.212685317963815,ok
real_vs_real,original,88000,89000,4348,0.4582294721510075,0.20997424914779095,ok
real_vs_real,original,89000,90000,4188,0.45875975043841444,0.2104605086223163,ok
real_vs_real,original,90000,91000,4261,0.4597966931798777,0.21141299905915062,ok
real_vs_real,original,91000,92000,4399,0.4594509458123306,0.21109517160784516,ok
real_vs_real,original,92000,93000,4245,0.4660562279600903,0.21720840762038765,ok
real_vs_real,original,93000,94000,4315,0.46023464598401925,0.21181592936403554,ok
real_vs_real,original,94000,95000,4178,0.46901415342167657,0.21997427610985198,ok
real_vs_real,original,95000,96000,3956,0.47311361952219694,0.22383649697739413,ok
real_vs_real,original,96000,97000,4014,0.47227648068848066,0.22304507421149683,ok
real_vs_real,original,97000,98000,3949,0.470601402679682,0.2214656802040842,ok
real_vs_real,original,98000,99000,3988,0.4724149038344554,0.22317584136491775,ok
real_vs_real,original,99000,100000,4067,0.47829342447143747,0.22876459989261463,ok
real_vs_real,original,100000,101000,3982,0.4760564119846911,0.22662970739173796,ok
real_vs_real,original,101000,102000,4093,0.47647643391784433,0.2270297920790659,ok
real_vs_real,original,102000,103000,4048,0.47283610300303547,0.22357398030309716,ok
real_vs_real,original,103000,104000,3890,0.47229612900436496,0.22306363347250774,ok
real_vs_real,original,104000,105000,3937,0.4705187699971665,0.22138791291964646,ok
real_vs_real,original,105000,106000,3933,0.46555479254556414,0.21674126486214326,ok
real_vs_real,original,106000,107000,3791,0.4720164331889313,0.2227995132004008,ok
real_vs_real,original,107000,108000,3947,0.472217196891337,0.22298908103991172,ok
real_vs_real,original,108000,109000,3843,0.47571986874620287,0.2263093935199045,ok
real_vs_real,original,109000,110000,3848,0.47385334435064863,0.2245369919522944,ok
real_vs_real,original,110000,111000,3929,0.46677893428548006,0.21788257349268852,ok
real_vs_real,original,111000,112000,3776,0.46572096646075073,0.21689601860113572,ok
real_vs_real,original,112000,113000,3575,0.47257503982082866,0.22332716826165777,ok
real_vs_real,original,113000,114000,3604,0.4742584200864433,0.22492104902288934,ok
real_vs_real,original,114000,115000,3513,0.47259187739195535,0.22334308257685298,ok
real_vs_real,original,115000,116000,3470,0.4757331083893699,0.22632199041781198,ok
real_vs_real,original,116000,117000,3577,0.4665657263080266,0.21768357696533638,ok
real_vs_real,original,117000,118000,3447,0.46700592991881396,0.2180945385793362,ok
real_vs_real,original,118000,119000,3491,0.46033040050529517,0.21190407762936547,ok
real_vs_real,original,119000,120000,3456,0.4564931067346865,0.20838595649628588,ok
real_vs_real,original,120000,121000,3299,0.45977040313418555,0.21138882359817152,ok
real_vs_real,original,121000,122000,3184,0.4597317705442974,0.21135330084779455,ok
real_vs_real,original,122000,123000,3049,0.4658136044442235,0.2169823140853195,ok
real_vs_real,original,123000,124000,2896,0.4664899294458361,0.21761285427438115,ok
real_vs_real,original,124000,125000,2959,0.4542579746869107,0.206350307566654,ok
real_vs_real,original,125000,126000,2801,0.4456510119308898,0.19860482443502606,ok
real_vs_real,original,126000,127000,2673,0.4425563817016192,0.19585615098482928,ok
real_vs_real,original,127000,128000,2701,0.4334993204454033,0.18792166082662642,ok
real_vs_real,original,128000,129000,2416,0.46287282608609825,0.21425125312893134,ok
real_vs_real,original,129000,130000,2279,0.47057755564622333,0.22144323587797443,ok
real_vs_real,original,130000,131000,2110,0.47354204451779475,0.22424206792609308,ok
real_vs_real,original,131000,132000,2160,0.4890703687792542,0.23918982561787572,ok
real_vs_real,original,132000,133000,2133,0.473099022448651,0.22382268504186917,ok
real_vs_real,original,133000,134000,2291,0.4542541445692428,0.20634682785833453,ok
real_vs_real,original,134000,135000,2148,0.45315245911203833,0.20534715119928756,ok
real_vs_real,original,135000,136000,2417,0.42012924009884195,0.17650857838603037,ok
real_vs_real,original,136000,137000,2301,0.43905324057056766,0.19276774805551677,ok
real_vs_real,original,137000,138000,2098,0.4467417183764566,0.19957816293794928,ok
real_vs_real,original,138000,139000,2338,0.4342556687548572,0.18857798584572827,ok
real_vs_real,original,139000,140000,2280,0.46219438134870566,0.21362364615031276,ok
real_vs_real,original,140000,141000,2157,0.44487898070275117,0.19791730747111885,ok
real_vs_real,original,141000,142000,2270,0.422685011789232,0.1786626191912632,ok
real_vs_real,original,142000,143000,2222,0.424210289380653,0.17995436961641736,ok
real_vs_real,original,143000,144000,2355,0.3939419336373803,0.15519024707795814,ok
real_vs_real,original,144000,145000,2303,0.38731387950898793,0.15001204126030282,ok
real_vs_real,original,145000,146000,2274,0.42509272219602573,0.1807038224640275,ok
real_vs_real,original,146000,147000,2239,0.41270677890778873,0.17032688535644241,ok
real_vs_real,original,147000,148000,2283,0.41213774917962365,0.16985752429884637,ok
real_vs_real,original,148000,149000,2142,0.4253963965666432,0.18096209421188475,ok
real_vs_real,original,149000,150000,2096,0.40242310379754215,0.1619443544700474,ok
real_vs_real,original,150000,151000,2180,0.3943501450774829,0.15551203692263182,ok
real_vs_real,original,151000,152000,2314,0.36138090418269153,0.1305961579078997,ok
real_vs_real,original,152000,153000,2676,0.3169174498922477,0.10043667004620532,ok
real_vs_real,original,153000,154000,2871,0.3249184234242125,0.10557198188047584,ok
real_vs_real,original,154000,155000,3151,0.31031736717623887,0.09629686837119267,ok
real_vs_real,original,155000,156000,3285,0.2982783295567445,0.08896996188316186,ok
real_vs_real,original,156000,157000,3508,0.287470603568434,0.08263934791599975,ok
real_vs_real,original,157000,158000,3650,0.27585226656789114,0.07609447297064287,ok
real_vs_real,original,158000,159000,3695,0.26584138010097447,0.07067163937399079,ok
real_vs_real,original,159000,160000,3739,0.253305384230892,0.06416361768035983,ok
real_vs_real,original,160000,161000,4024,0.24404043393707792,0.0595557333961973,ok
real_vs_real,original,161000,162000,3901,0.2359189419474602,0.055657747169609084,ok
real_vs_real,original,162000,163000,3812,0.22727898797949075,0.05165573837698151,ok
real_vs_real,original,163000,164000,3928,0.22218793185153873,0.049367477060464016,ok
real_vs_real,original,164000,165000,3806,0.21804811360157203,0.04754497984520406,ok
real_vs_real,original,165000,166000,3947,0.21197877399045706,0.04493500062249728,ok
real_vs_real,original,166000,167000,4097,0.2053660365348376,0.042175208962028254,ok
real_vs_real,original,167000,168000,4139,0.2004487830731195,0.04017971463549452,ok
real_vs_real,original,168000,169000,4258,0.19348087115442691,0.03743484750267595,ok
real_vs_real,original,169000,170000,4190,0.18612014164262392,0.03464070712507039,ok
real_vs_real,original,170000,171000,4019,0.17791855981885366,0.03165501392801501,ok
real_vs_real,original,171000,172000,4106,0.17400904959397306,0.030279149340597777,ok
real_vs_real,original,172000,173000,4008,0.17341992215195495,0.030074469399190118,ok
real_vs_real,original,173000,174000,4141,0.16786340191877047,0.028178121703742676,ok
real_vs_real,original,174000,175000,4150,0.1714728518024846,0.029402938905276843,ok
real_vs_real,original,175000,176000,4149,0.16593798292829953,0.027535414178312623,ok
real_vs_real,original,176000,177000,4200,0.16337578362620014,0.026691646675474967,ok
real_vs_real,original,177000,178000,4312,0.1449957225603973,0.021023759560811706,ok
real_vs_real,original,178000,179000,4212,0.12506855342573273,0.015642143056005364,ok
real_vs_real,original,179000,180000,4276,0.10812363678552851,0.011690720831728896,ok
real_vs_real,original,180000,181000,4237,0.10381212697360606,0.010776957706784107,ok
real_vs_real,original,181000,182000,4284,0.08710546534228841,0.007587362092496608,ok
real_vs_real,original,182000,183000,4489,0.0845255639324269,0.007144570958094787,ok
real_vs_real,original,183000,184000,4548,0.08950377834072158,0.008010926337265023,ok
real_vs_real,original,184000,185000,4480,0.08294386448028537,0.006879684654923945,ok
real_vs_real,original,185000,186000,4732,0.0927203759935047,0.008597068124376883,ok
real_vs_real,original,186000,187000,4528,0.07966872707355867,0.00634710607352118,ok
real_vs_real,original,187000,188000,4553,0.08168010331920326,0.006671639278235719,ok
real_vs_real,original,188000,189000,4501,0.09321321827644702,0.008688704061452557,ok
real_vs_real,original,189000,190000,4613,0.09097434515485325,0.00827633147635437,ok
real_vs_real,original,190000,191000,4839,0.10216024109565981,0.01043671486072334,ok
real_vs_real,original,191000,192000,4904,0.11852139438842604,0.01404732092777683,ok
real_vs_real,original,192000,193000,4752,0.1207323394800612,0.014576297796328741,ok
real_vs_real,original,193000,194000,4827,0.1295718839259665,0.016788873104124136,ok
real_vs_real,original,194000,195000,4764,0.13938602399831493,0.019428463686058828,ok
real_vs_real,original,195000,196000,4826,0.1412095089029052,0.019940125404599662,ok
real_vs_real,original,196000,197000,4633,0.15537022568826983,0.0241399070304239,ok
real_vs_real,original,197000,198000,4633,0.1591030120095888,0.025313768430523353,ok
real_vs_real,original,198000,199000,4771,0.16830510761512243,0.028326609249337942,ok
real_vs_real,original,199000,200000,4792,0.1770391088429445,0.03134284605990395,ok
real_vs_real,original,200000,201000,4733,0.18591866050669195,0.034565748324602574,ok
real_vs_real,original,201000,202000,4795,0.19660913345143688,0.03865515135652492,ok
real_vs_real,original,202000,203000,4895,0.20092333150303326,0.040370185142277804,ok
real_vs_real,original,203000,204000,4733,0.21024148137211987,0.04420148048954342,ok
real_vs_real,original,204000,205000,4693,0.21955190169658065,0.048203037538585014,ok
real_vs_real,original,205000,206000,4663,0.22746407308914035,0.051739904546301785,ok
real_vs_real,original,206000,207000,4683,0.23663049957974203,0.055993993331358294,ok
real_vs_real,original,207000,208000,4714,0.23882869127532197,0.05703914377628305,ok
real_vs_real,original,208000,209000,4781,0.24942302950942552,0.06221184764965976,ok
real_vs_real,original,209000,210000,4702,0.2557900695770169,0.06542855969421513,ok
real_vs_real,original,210000,211000,4642,0.2674497008486709,0.07152934248404358,ok
real_vs_real,original,211000,212000,4580,0.27377522051363923,0.07495287136729178,ok
real_vs_real,original,212000,213000,4362,0.2888582298098591,0.08343907692888536,ok
real_vs_real,original,213000,214000,4464,0.2956997055148704,0.08743831584158107,ok
real_vs_real,original,214000,215000,4305,0.3140775656751582,0.09864471726043333,ok
real_vs_real,original,215000,216000,4292,0.31124362484643037,0.0968725940075455,ok
real_vs_real,original,216000,217000,4295,0.32353339135629056,0.10467385532250267,ok
real_vs_real,original,217000,218000,4301,0.3252755587403244,0.10580418911383022,ok
real_vs_real,original,218000,219000,4367,0.3314348019332409,0.1098490279325266,ok
real_vs_real,original,219000,220000,4287,0.341859291582395,0.11686777524121694,ok
real_vs_real,original,220000,221000,4126,0.35818858182997915,0.12829906015337167,ok
real_vs_real,original,221000,222000,4106,0.3670321028048499,0.13471256448934987,ok
real_vs_real,original,222000,223000,4185,0.37314232191365504,0.13923519240311377,ok
real_vs_real,original,223000,224000,4107,0.3833070408409306,0.14692428755823084,ok
real_vs_real,original,224000,225000,4139,0.38159474702374624,0.1456145509561169,ok
real_vs_real,original,225000,226000,4098,0.3836611295384378,0.14719586231870993,ok
real_vs_real,original,226000,227000,4169,0.39340331577972554,0.15476616886648245,ok
real_vs_real,original,227000,228000,4189,0.39568549565547745,0.15656701147212088,ok
real_vs_real,original,228000,229000,4050,0.4084398151296442,0.16682308258313797,ok
real_vs_real,original,229000,230000,4063,0.4146268976082774,0.17191546422026496,ok
real_vs_real,original,230000,231000,3981,0.4178817433567377,0.1746251514308664,ok
real_vs_real,original,231000,232000,4007,0.4258753214708318,0.18136978943788434,ok
real_vs_real,original,232000,233000,4081,0.422881191806745,0.17882850238389303,ok
real_vs_real,original,233000,234000,4161,0.42411310314780104,0.17987192426165732,ok
real_vs_real,original,234000,235000,4018,0.4283227313295947,0.18346036217364417,ok
real_vs_real,original,235000,236000,4195,0.42576342516770344,0.1812744942105346,ok
real_vs_real,original,236000,237000,4124,0.433607035156083,0.1880150609368486,ok
real_vs_real,original,237000,238000,4088,0.43963847802236267,0.19328199135781945,ok
real_vs_real,original,238000,239000,4116,0.44009837398631635,0.19368657878539958,ok
real_vs_real,original,239000,240000,4190,0.44395816565034046,0.19709885284761516,ok
real_vs_real,original,240000,241000,4252,0.44276414357498667,0.1960400868356914,ok
real_vs_real,original,241000,242000,4169,0.4463352132940277,0.1992151226262252,ok
real_vs_real,original,242000,243000,4168,0.4527626421647231,0.20499401013998111,ok
real_vs_real,original,243000,244000,4192,0.4455911829525869,0.19855150232508573,ok
real_vs_real,original,244000,245000,4190,0.4513606058022996,0.20372639647021887,ok
real_vs_real,original,245000,246000,4187,0.4498046786022862,0.20232424889250597,ok
real_vs_real,original,246000,247000,4279,0.4536136150733306,0.20576531177989574,ok
real_vs_real,original,247000,248000,4191,0.45387360295507795,0.20600124745942375,ok
real_vs_real,original,248000,249000,4394,0.45197194562199916,0.20427863962933535,ok
real_vs_real,original,249000,250000,4330,0.45495931355664987,0.20698797699193808,ok
real_vs_real,original,250000,251000,4336,0.4562298168100421,0.20814564574652458,ok
real_vs_real,original,251000,252000,4277,0.4572711911079264,0.20909694221726177,ok
real_vs_real,original,252000,253000,4301,0.4535949646934974,0.20574839199529515,ok
real_vs_real,original,253000,254000,4257,0.4595635974703763,0.21119870011991407,ok
real_vs_real,original,254000,255000,4263,0.45847046673192393,0.2101951688653882,ok
real_vs_real,original,255000,256000,4281,0.45941150444590273,0.21105893041724771,ok
real_vs_real,original,256000,257000,4315,0.4606935515392735,0.21223854842986922,ok
real_vs_real,original,257000,258000,4200,0.4628626066244399,0.214241792611171,ok
real_vs_real,original,258000,259000,4110,0.46667912760036867,0.2177894081378412,ok
real_vs_real,original,259000,260000,4044,0.4680990869360334,0.21911675519034818,ok
real_vs_real,original,260000,261000,4112,0.46851905273290023,0.21951010277373417,ok
real_vs_real,original,261000,262000,4003,0.46888454682614567,0.21985271825235997,ok
real_vs_real,original,262000,263000,3922,0.4687986821253103,0.21977220436242773,ok
real_vs_real,original,263000,264000,3951,0.4735124233893425,0.22421401510404795,ok
real_vs_real,original,264000,265000,3847,0.4701767553272172,0.2210661812500299,ok
real_vs_real,original,265000,266000,4077,0.47466193173463755,0.2253039494380577,ok
real_vs_real,original,266000,267000,3937,0.47321667058493505,0.22393401731949095,ok
real_vs_real,original,267000,268000,3906,0.4767704620812931,0.22731007351320973,ok
real_vs_real,original,268000,269000,4006,0.46990174665733847,0.22080765151161752,ok
real_vs_real,original,269000,270000,3942,0.4646476096847025,0.21589740118570763,ok
real_vs_real,original,270000,271000,4013,0.4682473559004097,0.219255586307725,ok
real_vs_real,original,271000,272000,3887,0.47084025129171786,0.22169054223644805,ok
real_vs_real,original,272000,273000,3810,0.47252332524803436,0.22327829290345966,ok
real_vs_real,original,273000,274000,3907,0.46792802263396066,0.2189566343661284,ok
real_vs_real,original,274000,275000,3872,0.472287459175065,0.22305544409403866,ok
real_vs_real,original,275000,276000,3884,0.4714131234033543,0.22223033291690614,ok
real_vs_real,original,276000,277000,3865,0.47043522784968006,0.2213093036019804,ok
real_vs_real,original,277000,278000,3871,0.46598535398723845,0.21714235013061195,ok
real_vs_real,original,278000,279000,3645,0.46713719338737464,0.21821715744583348,ok
real_vs_real,original,279000,280000,3731,0.4628307494158216,0.21421230260481106,ok
real_vs_real,original,280000,281000,3775,0.46244725630911887,0.2138574648678319,ok
real_vs_real,original,281000,282000,3818,0.45792101593001105,0.20969165683037344,ok
real_vs_real,original,282000,283000,3691,0.4622410523310174,0.21366679046008638,ok
real_vs_real,original,283000,284000,3638,0.4575803231020464,0.20937975209017318,ok
real_vs_real,original,284000,285000,3647,0.45717146363806055,0.2090057471649665,ok
real_vs_real,original,285000,286000,3610,0.45633695666065105,0.2082434180143049,ok
real_vs_real,original,286000,287000,3542,0.4555579026698614,0.20753300268496291,ok
real_vs_real,original,287000,288000,3447,0.45174091321231225,0.2040698526698938,ok
real_vs_real,original,288000,289000,3436,0.44796445497388654,0.20067215292005122,ok
real_vs_real,original,289000,290000,3445,0.441943802075871,0.1953143241932766,ok
real_vs_real,original,290000,291000,3474,0.4350599245209812,0.18927713792420187,ok
real_vs_real,original,291000,292000,3343,0.438807396890113,0.19255193156547715,ok
real_vs_real,original,292000,293000,3217,0.43597041989076707,0.19007020701973174,ok
real_vs_real,original,293000,294000,3089,0.4443249179339437,0.19742463269700578,ok
real_vs_real,original,294000,295000,2817,0.44164772077641457,0.19505270926700186,ok
real_vs_real,original,295000,296000,2580,0.43499449184171374,0.18922020793263078,ok
real_vs_real,original,296000,297000,2619,0.44039555052490104,0.19394824092213064,ok
real_vs_real,original,297000,298000,2625,0.4265282663641717,0.1819263620076258,ok
real_vs_real,original,298000,299000,2572,0.4387785100383629,0.1925265808714857,ok
real_vs_real,original,299000,300000,2535,0.4477150263800804,0.2004487448465161,ok
real_vs_real,original,300000,301000,2594,0.43939518063667216,0.19306812476673377,ok
real_vs_real,original,301000,302000,2518,0.4532462952477177,0.20543220415578128,ok
real_vs_real,original,302000,303000,2596,0.44864052895549233,0.20127832422146397,ok
real_vs_real,original,303000,304000,2400,0.4167611872598571,0.17368988720624567,ok
real_vs_real,original,304000,305000,2362,0.42949262823981005,0.18446391771233966,ok
real_vs_real,original,305000,306000,2463,0.4045617993512692,0.16367024949433656,ok
real_vs_real,original,306000,307000,2463,0.40790081077280155,0.16638307142910885,ok
real_vs_real,original,307000,308000,2633,0.3977470023065768,0.158202677843868,ok
real_vs_real,original,308000,309000,2570,0.4240374905726159,0.17980779341112135,ok
real_vs_real,original,309000,310000,2583,0.41622032610503107,0.1732393598629784,ok
real_vs_real,original,310000,311000,2505,0.41313104971140485,0.17067726423564727,ok
real_vs_real,original,311000,312000,2423,0.42182110631820646,0.17793304573551566,ok
real_vs_real,original,312000,313000,2436,0.37948731423586074,0.14401062166594691,ok
real_vs_real,original,313000,314000,2423,0.3831537752986523,0.14680681552561015,ok
real_vs_real,original,314000,315000,2371,0.37433183625363226,0.14012432363301613,ok
real_vs_real,original,315000,316000,2501,0.3686516173970382,0.13590401500945226,ok
real_vs_real,original,316000,317000,2490,0.38371930344295097,0.14724050383474346,ok
real_vs_real,original,317000,318000,2620,0.3752917328290579,0.140843884729837,ok
real_vs_real,original,318000,319000,2635,0.3482154228674832,0.12125398072278015,ok
real_vs_real,original,319000,320000,2827,0.32422166211389575,0.10511968618389717,ok
real_vs_real,original,320000,321000,2869,0.2945551815765874,0.08676275499361635,ok
real_vs_real,original,321000,322000,3146,0.2734323576011624,0.07476525418332997,ok
real_vs_real,original,322000,323000,3338,0.25200900343140054,0.06350853781048765,ok
real_vs_real,original,323000,324000,3487,0.2473267872515743,0.0611705396921855,ok
real_vs_real,original,324000,325000,3428,0.24439238873875752,0.05972763967343597,ok
real_vs_real,original,325000,326000,3480,0.23620168584805662,0.05579123639746403,ok
real_vs_real,original,326000,327000,3547,0.2307091960573981,0.053226733145450955,ok
real_vs_real,original,327000,328000,3671,0.22365770199581608,0.05002276766204927,ok
real_vs_real,original,328000,329000,3778,0.19776359813887281,0.039110440748833575,ok
real_vs_real,original,329000,330000,3863,0.19281069496206404,0.03717596409175411,ok
real_vs_real,original,330000,331000,3796,0.18552249041743044,0.03441859445068557,ok
real_vs_real,original,331000,332000,4024,0.17560825573141178,0.030838259481028918,ok
real_vs_real,original,332000,333000,3946,0.17370684722399676,0.03017406877250095,ok
real_vs_real,original,333000,334000,4004,0.1716651343681503,0.0294689183576351,ok
real_vs_real,original,334000,335000,3980,0.16532084951203294,0.02733098328338024,ok
real_vs_real,original,335000,336000,4114,0.1577804995493747,0.02489468603805023,ok
real_vs_real,original,336000,337000,4033,0.149375510628202,0.022313043175436087,ok
real_vs_real,original,337000,338000,4119,0.14452826991917794,0.020888420805830754,ok
real_vs_real,original,338000,339000,4091,0.1372436555606831,0.018835820991659424,ok
real_vs_real,original,339000,340000,4199,0.13186110104538437,0.017387349968901067,ok
real_vs_real,original,340000,341000,4151,0.12900309064438797,0.01664179739580418,ok
real_vs_real,original,341000,342000,4197,0.11301947719175406,0.012773402224697417,ok
real_vs_real,original,342000,343000,4496,0.08266804479208066,0.006834005629745454,ok
real_vs_real,original,343000,344000,4518,0.04919409644219186,0.002420059124763674,ok
real_vs_real,original,344000,345000,4564,0.03851735189998635,0.001483586397387382,ok
real_vs_real,original,345000,346000,4746,0.02391936631418727,0.0005721360848722767,ok
real_vs_real,original,346000,347000,4674,0.01731399800435097,0.00029977452689466944,ok
real_vs_real,original,347000,348000,4717,0.01912329764508691,0.00036570051282258653,ok
real_vs_real,original,348000,349000,4933,0.023355213595477518,0.0005454660020903779,ok
real_vs_real,original,349000,350000,4795,0.04393696180471802,0.00193045661262925,ok
real_vs_real,original,350000,351000,4845,0.05681294543653025,0.0032277107691741636,ok
real_vs_real,original,351000,352000,4938,0.05947519088166509,0.003537298330410499,ok
real_vs_real,original,352000,353000,5015,0.0764188424000342,0.005839839473761266,ok
real_vs_real,original,353000,354000,4900,0.08217464919899926,0.00675267297097859,ok
real_vs_real,original,354000,355000,4965,0.08666742939307995,0.007511243317604499,ok
real_vs_real,original,355000,356000,4952,0.09561733676947257,0.009142675090886732,ok
real_vs_real,original,356000,357000,5092,0.10777189391573339,0.011614781118184092,ok
real_vs_real,original,357000,358000,5135,0.11858360785413438,0.014062072051703123,ok
real_vs_real,original,358000,359000,5029,0.12740028820245247,0.01623083343406795,ok
real_vs_real,original,359000,360000,5166,0.13684223974444987,0.018725798578277497,ok
real_vs_real,original,360000,361000,5037,0.14568637229970807,0.021224519073849146,ok
real_vs_real,original,361000,362000,5090,0.1539028872855999,0.02368609871484406,ok
real_vs_real,original,362000,363000,4999,0.16254706528262655,0.026421548431994457,ok
real_vs_real,original,363000,364000,5038,0.16935376983504552,0.028680699357341577,ok
real_vs_real,original,364000,365000,5001,0.17836940034611606,0.031815642979833025,ok
real_vs_real,original,365000,366000,4955,0.18716070898572895,0.035029130988040724,ok
real_vs_real,original,366000,367000,4946,0.20182910875158813,0.04073498913946039,ok
real_vs_real,original,367000,368000,5057,0.20644903337936465,0.04262120338327402,ok
real_vs_real,original,368000,369000,4936,0.2243416265919686,0.05032916542193028,ok
real_vs_real,original,369000,370000,4905,0.22556551345957343,0.050879800862281,ok
real_vs_real,original,370000,371000,4868,0.23442998407395482,0.05495741743291471,ok
real_vs_real,original,371000,372000,4874,0.2396976598124704,0.05745496811957479,ok
real_vs_real,original,372000,373000,4726,0.24740214917619704,0.06120782341700126,ok
real_vs_real,original,373000,374000,4757,0.2566011407197128,0.06584414541865785,ok
real_vs_real,original,374000,375000,4817,0.27299212071142653,0.07452469797052208,ok
real_vs_real,original,375000,376000,4804,0.2777297308240685,0.07713380338360953,ok
real_vs_real,original,376000,377000,4715,0.2888777576082286,0.08345035884075847,ok
real_vs_real,original,377000,378000,4703,0.3014615632129845,0.09087907409481627,ok
real_vs_real,original,378000,379000,4704,0.29650754047832467,0.08791672156050534,ok
real_vs_real,original,379000,380000,4578,0.3070452507360388,0.09427678599955691,ok
real_vs_real,original,380000,381000,4625,0.31113760296202636,0.09680660797695556,ok
real_vs_real,original,381000,382000,4652,0.31702396132409544,0.10050419205362154,ok
real_vs_real,original,382000,383000,4646,0.3276822433205527,0.10737565258758991,ok
real_vs_real,original,383000,384000,4510,0.3353720994421992,0.11247444508426835,ok
real_vs_real,original,384000,385000,4564,0.3526743940697699,0.12437922823247938,ok
real_vs_real,original,385000,386000,4572,0.352066879426496,0.12395108758911089,ok
real_vs_real,original,386000,387000,4502,0.3592881057351635,0.12908794292276204,ok
real_vs_real,original,387000,388000,4378,0.36364999960664857,0.1322413222139155,ok
real_vs_real,original,388000,389000,4287,0.3739535753858269,0.13984127654384332,ok
real_vs_real,original,389000,390000,4341,0.3776641727016091,0.14263022734239084,ok
real_vs_real,original,390000,391000,4314,0.3854948363966759,0.14860626888849993,ok
real_vs_real,original,391000,392000,4447,0.39370224732675946,0.15500145955014086,ok
real_vs_real,original,392000,393000,4365,0.4009888594128914,0.1607920653732516,ok
real_vs_real,original,393000,394000,4456,0.40448420920898215,0.16360747549941565,ok
real_vs_real,original,394000,395000,4300,0.4147671291273261,0.172031771404524,ok
real_vs_real,original,395000,396000,4272,0.4077915654940983,0.16629396088812745,ok
real_vs_real,original,396000,397000,4243,0.42136968747689146,0.17755241352437318,ok
real_vs_real,original,397000,398000,4229,0.4207038097669448,0.1769916955524217,ok
real_vs_real,original,398000,399000,4228,0.4258324573487075,0.1813332817316388,ok
real_vs_real,original,399000,400000,4296,0.42412673329269185,0.17988348589353018,ok
real_vs_real,original,400000,401000,4427,0.4345293204909126,0.18881573036629423,ok
real_vs_real,original,401000,402000,4284,0.4413068023914412,0.19475169383695856,ok
real_vs_real,original,402000,403000,4337,0.43860347152203044,0.1923730052311766,ok
real_vs_real,original,403000,404000,4201,0.44210277068252,0.1954548598451609,ok
real_vs_real,original,404000,405000,4279,0.4437288609015409,0.19689530199697905,ok
real_vs_real,original,405000,406000,4250,0.4461181460237512,0.19902140021166903,ok
real_vs_real,original,406000,407000,4219,0.44963586868790856,0.20217241441073014,ok
real_vs_real,original,407000,408000,4316,0.4471730280237231,0.19996371699190546,ok
real_vs_real,original,408000,409000,4247,0.4549390290642668,0.2069695201659378,ok
real_vs_real,original,409000,410000,4366,0.45446907746521875,0.20654214237208698,ok
real_vs_real,original,410000,411000,4325,0.45432820615360614,0.20641411890675362,ok
real_vs_real,original,411000,412000,4335,0.4556570218583804,0.20762332156884855,ok
real_vs_real,original,412000,413000,4235,0.4554491409243377,0.20743391996871724,ok
real_vs_real,original,413000,414000,4252,0.46093109216313416,0.2124574717226997,ok
real_vs_real,original,414000,415000,4162,0.4600500501233924,0.21164604861853586,ok
real_vs_real,original,415000,416000,4299,0.45956423837018817,0.21119928918877115,ok
real_vs_real,original,416000,417000,4472,0.4596601556495333,0.21128745869175317,ok
real_vs_real,original,417000,418000,4382,0.4624515838876312,0.21386146744017878,ok
real_vs_real,original,418000,419000,4449,0.46177331868109645,0.21323459784575347,ok
real_vs_real,original,419000,420000,4309,0.45952795056662893,0.21116593735196615,ok
real_vs_real,original,420000,421000,4250,0.4600736525226855,0.21166776574556478,ok
real_vs_real,original,421000,422000,4236,0.46183775188096154,0.2132941090624606,ok
real_vs_real,original,422000,423000,4141,0.4641175598859447,0.21540510939448346,ok
real_vs_real,original,423000,424000,4192,0.4654948582682514,0.21668546307417946,ok
real_vs_real,original,424000,425000,4262,0.46525418249369577,0.21646145432787714,ok
real_vs_real,original,425000,426000,4199,0.47114710093923395,0.22197959072344473,ok
real_vs_real,original,426000,427000,4162,0.4678002806652242,0.21883710259046255,ok
real_vs_real,original,427000,428000,4247,0.46931125829138864,0.22025305715904653,ok
real_vs_real,original,428000,429000,4039,0.47029362967013577,0.2211760981083108,ok
real_vs_real,original,429000,430000,3913,0.4744622913791423,0.22511446594074613,ok
real_vs_real,original,430000,431000,3967,0.4738656575568131,0.22454866141175087,ok
real_vs_real,original,431000,432000,3818,0.47332798856729136,0.2240393847611579,ok
real_vs_real,original,432000,433000,4069,0.47174542382077767,0.22254374489584514,ok
real_vs_real,original,433000,434000,4138,0.4704366030484887,0.22131059748780132,ok
real_vs_real,original,434000,435000,4021,0.4707881409347364,0.22164147364478523,ok
real_vs_real,original,435000,436000,4074,0.4726431889652956,0.22339158407528412,ok
real_vs_real,original,436000,437000,3924,0.47121161423888475,0.2220403853936155,ok
real_vs_real,original,437000,438000,3789,0.4744917475489988,0.22514241849210284,ok
real_vs_real,original,438000,439000,3728,0.47362285236625007,0.2243186062835427,ok
real_vs_real,original,439000,440000,3720,0.4763087803257234,0.22687005421537823,ok
real_vs_real,original,440000,441000,3853,0.4723986143968279,0.2231604508840429,ok
real_vs_real,original,441000,442000,3837,0.474256291472586,0.22491903000133048,ok
real_vs_real,original,442000,443000,3720,0.4769230745336717,0.2274556190226502,ok
real_vs_real,original,443000,444000,3788,0.4683302389644077,0.21933321272845918,ok
real_vs_real,original,444000,445000,3690,0.46801682297788716,0.21903974659031494,ok
real_vs_real,original,445000,446000,3519,0.473389698939573,0.22409780706209956,ok
real_vs_real,original,446000,447000,3474,0.4763443982769347,0.226903985769815,ok
real_vs_real,original,447000,448000,3456,0.47095588293012497,0.22179944366649357,ok
real_vs_real,original,448000,449000,3374,0.46604531806006044,0.2171982384857029,ok
real_vs_real,original,449000,450000,3459,0.4593547531917618,0.21100678927986438,ok
real_vs_real,original,450000,451000,3422,0.46253764081759824,0.2139410691731095,ok
real_vs_real,original,451000,452000,3211,0.4618112232878965,0.21326960595466338,ok
real_vs_real,original,452000,453000,3368,0.44840580948912506,0.20106776998359754,ok
real_vs_real,original,453000,454000,3047,0.4571039605910178,0.20894403078799478,ok
real_vs_real,original,454000,455000,3025,0.45948455287127327,0.2111260543273139,ok
real_vs_real,original,455000,456000,2760,0.45726387854060824,0.20909025461800013,ok
real_vs_real,original,456000,457000,2570,0.4675228831686614,0.21857764628633783,ok
real_vs_real,original,457000,458000,2644,0.45507302304343134,0.20709145630188738,ok
real_vs_real,original,458000,459000,2486,0.45090626641137593,0.20331646108904672,ok
real_vs_real,original,459000,460000,2364,0.453297049191472,0.2054782148056958,ok
real_vs_real,original,460000,461000,2334,0.43836265797530566,0.19216181990717482,ok
real_vs_real,original,461000,462000,2292,0.4582862643549954,0.21002630009645673,ok
real_vs_real,original,462000,463000,2067,0.4840025113560453,0.23425843099895874,ok
real_vs_real,original,463000,464000,2154,0.47198164853231567,0.22276667655128235,ok
real_vs_real,original,464000,465000,2146,0.4815134133619546,0.23185516724748054,ok
real_vs_real,original,465000,466000,2114,0.47154764476986655,0.22235718128800827,ok
real_vs_real,original,466000,467000,2222,0.44224314646519103,0.1955790005954324,ok
real_vs_real,original,467000,468000,2324,0.4347215030344284,0.18898278520051254,ok
real_vs_real,original,468000,469000,2312,0.41311597893940216,0.17066481205506057,ok
real_vs_real,original,469000,470000,2316,0.405221440908357,0.16420441617184506,ok
real_vs_real,original,470000,471000,2298,0.44260671230174053,0.1959007017745557,ok
real_vs_real,original,471000,472000,2291,0.4313067948500105,0.18602555128378906,ok
real_vs_real,original,472000,473000,2286,0.4352385923772103,0.18943263229449542,ok
real_vs_real,original,473000,474000,2191,0.4321381700885603,0.18674339804748946,ok
real_vs_real,original,474000,475000,2256,0.4138302060692593,0.17125543945532562,ok
real_vs_real,original,475000,476000,2217,0.4096345324483017,0.16780045017413875,ok
real_vs_real,original,476000,477000,2288,0.4037095547014745,0.16298140455726284,ok
real_vs_real,original,477000,478000,2386,0.37266276662740844,0.1388775376303943,ok
real_vs_real,original,478000,479000,2222,0.4169482015132184,0.17384580274510736,ok
real_vs_real,original,479000,480000,2172,0.40410568983979017,0.1633014085608927,ok
real_vs_real,original,480000,481000,2297,0.3948040431249425,0.15587023246780146,ok
real_vs_real,original,481000,482000,2093,0.4316779276446531,0.1863458332155824,ok
real_vs_real,original,482000,483000,2346,0.3676399326425298,0.13515912007340386,ok
real_vs_real,original,483000,484000,2547,0.3335477423871674,0.11125409645157619,ok
real_vs_real,original,484000,485000,2953,0.30808834807311025,0.09491843021841795,ok
real_vs_real,original,485000,486000,3391,0.3026458023050217,0.09159448165285028,ok
real_vs_real,original,486000,487000,3480,0.288947697142629,0.08349077168402846,ok
real_vs_real,original,487000,488000,3527,0.28187556132194824,0.07945383207056339,ok
real_vs_real,original,488000,489000,3558,0.2715875475804252,0.07375979600074972,ok
real_vs_real,original,489000,490000,3638,0.2620967085283132,0.06869468462137557,ok
real_vs_real,original,490000,491000,3753,0.2509928795425462,0.06299742558105909,ok
real_vs_real,original,491000,492000,3957,0.24170199277271123,0.05841985331029975,ok
real_vs_real,original,492000,493000,3739,0.2358988901945775,0.05564828639503333,ok
real_vs_real,original,493000,494000,4036,0.22818369666726543,0.0520677994247386,ok
real_vs_real,original,494000,495000,4051,0.2178782317129762,0.04747092385437335,ok
real_vs_real,original,495000,496000,3812,0.2148501407856033,0.04616058299559356,ok
real_vs_real,original,496000,497000,4008,0.20649048652257235,0.04263832102432863,ok
real_vs_real,original,497000,498000,3981,0.19829039108463828,0.039319079196498796,ok
real_vs_real,original,498000,499000,4021,0.1936130634521802,0.037486018339337956,ok
real_vs_real,original,499000,500000,4209,0.19195762946540776,0.036847731509978776,ok
real_vs_real,original,500000,501000,4245,0.1848502930052518,0.03416963082412744,ok
real_vs_real,original,501000,502000,4211,0.1803495608656319,0.032525964104426264,ok
real_vs_real,original,502000,503000,4320,0.1752178164120115,0.030701283188193373,ok
real_vs_real,original,503000,504000,4117,0.17099844080534773,0.029240466757860017,ok
real_vs_real,original,504000,505000,4088,0.16521752770855247,0.027296831462126303,ok
real_vs_real,original,505000,506000,3975,0.16429929141928915,0.026994257160880497,ok
real_vs_real,original,506000,507000,4045,0.1584206020456589,0.025097087152509023,ok
real_vs_real,original,507000,508000,4224,0.15664397273666,0.02453733419472348,ok
real_vs_real,original,508000,509000,4290,0.14237009544459958,0.02026924407690439,ok
real_vs_real,original,509000,510000,4357,0.127228923087234,0.016187198869937303,ok
real_vs_real,original,510000,511000,4424,0.11874513225128108,0.014100406433374235,ok
real_vs_real,original,511000,512000,4281,0.10118504337261282,0.010238413002317537,ok
real_vs_real,original,512000,513000,4329,0.08485764420185823,0.007200819779489165,ok
real_vs_real,original,513000,514000,4315,0.08769103186674441,0.007689717069854385,ok
real_vs_real,original,514000,515000,4311,0.07708913251940223,0.005942734352593959,ok
real_vs_real,original,515000,516000,4555,0.07748623553811591,0.006004116697868378,ok
real_vs_real,original,516000,517000,4604,0.08486464888703797,0.007202008630720236,ok
real_vs_real,original,517000,518000,4528,0.08823576170452234,0.00778554964357725,ok
real_vs_real,original,518000,519000,4679,0.09409252313527629,0.008853402909962504,ok
real_vs_real,original,519000,520000,4679,0.09868896941663999,0.009739512684518503,ok
real_vs_real,original,520000,521000,4541,0.09074833817836708,0.008235260882135276,ok
real_vs_real,original,521000,522000,4679,0.104973645195611,0.011019466185654025,ok
real_vs_real,original,522000,523000,4632,0.10569472697916729,0.011171375311200715,ok
real_vs_real,original,523000,524000,4778,0.11432526498581035,0.013070266214075754,ok
real_vs_real,original,524000,525000,4750,0.13448613512672467,0.018086520541323647,ok
real_vs_real,original,525000,526000,4722,0.13385870932835456,0.017918154063052916,ok
real_vs_real,original,526000,527000,4846,0.14525344518054537,0.0210985633368177,ok
real_vs_real,original,527000,528000,4867,0.1510997647822767,0.022831138917259353,ok
real_vs_real,original,528000,529000,4725,0.1582921381644456,0.025056401004671935,ok
real_vs_real,original,529000,530000,4675,0.16545796659847917,0.027376338710903447,ok
real_vs_real,original,530000,531000,4703,0.17474459029976688,0.030535671839033385,ok
real_vs_real,original,531000,532000,4764,0.18343595769030882,0.033648750573760766,ok
real_vs_real,original,532000,533000,4750,0.18958227212049794,0.03594143790237053,ok
real_vs_real,original,533000,534000,4784,0.1978951405677599,0.03916248666033345,ok
real_vs_real,original,534000,535000,4821,0.20487307650855766,0.04197297747808132,ok
real_vs_real,original,535000,536000,4900,0.21459192916899833,0.0460496960644724,ok
real_vs_real,original,536000,537000,4697,0.22227756509936536,0.049407315946502606,ok
real_vs_real,original,537000,538000,4699,0.23089861876516976,0.05331417214766321,ok
real_vs_real,original,538000,539000,4580,0.24322648274804554,0.05915912190998529,ok
real_vs_real,original,539000,540000,4527,0.24754429513232762,0.06127817805256092,ok
real_vs_real,original,540000,541000,4713,0.2548172360038132,0.06493182376462303,ok
real_vs_real,original,541000,542000,4632,0.26188181213166567,0.06858208352536505,ok
real_vs_real,original,542000,543000,4511,0.2696514383934816,0.0727118982276736,ok
real_vs_real,original,543000,544000,4630,0.2797125818007694,0.07823912841765213,ok
real_vs_real,original,544000,545000,4464,0.289652820258888,0.08389875628392768,ok
real_vs_real,original,545000,546000,4347,0.29849922597143486,0.08910178790554574,ok
real_vs_real,original,546000,547000,4356,0.3066925809192246,0.09406033919089513,ok
real_vs_real,original,547000,548000,4247,0.3208501882903983,0.10294484332598403,ok
real_vs_real,original,548000,549000,4257,0.3264522504249061,0.1065710718074856,ok
real_vs_real,original,549000,550000,4243,0.33433912444298514,0.11178265013330191,ok
real_vs_real,original,550000,551000,4086,0.33929739031426015,0.1151227190740674,ok
real_vs_real,original,551000,552000,4237,0.34669732529946584,0.12019903536980364,ok
real_vs_real,original,552000,553000,4218,0.35260359747296605,0.12432929695087747,ok
real_vs_real,original,553000,554000,4099,0.36490062959510305,0.1331524694789026,ok
real_vs_real,original,554000,555000,3964,0.3781947629538541,0.1430312787257219,ok
real_vs_real,original,555000,556000,4046,0.38524298453832856,0.14841215713599887,ok
real_vs_real,original,556000,557000,4032,0.39376676350970724,0.1550522640449097,ok
real_vs_real,original,557000,558000,3990,0.39037456587865554,0.15239230168494877,ok
real_vs_real,original,558000,559000,4132,0.39654536249416483,0.1572482245156286,ok
real_vs_real,original,559000,560000,4080,0.40342017637102434,0.1627478387032284,ok
real_vs_real,original,560000,561000,3967,0.4046867479069827,0.16377136393152977,ok
real_vs_real,original,561000,562000,4007,0.4142557134851156,0.17160779615506216,ok
real_vs_real,original,562000,563000,4039,0.41931150054639255,0.17582213449046735,ok
real_vs_real,original,563000,564000,3901,0.42404287853825734,0.17981236283901128,ok
real_vs_real,original,564000,565000,4072,0.4260678058595167,0.18153377518994282,ok
real_vs_real,original,565000,566000,4012,0.42811517863992926,0.18328260618189854,ok
real_vs_real,original,566000,567000,4164,0.42447191193363454,0.18017640402059518,ok
real_vs_real,original,567000,568000,4005,0.4275249414196704,0.1827775755358926,ok
real_vs_real,original,568000,569000,4178,0.4299873995770255,0.18488916379501258,ok
real_vs_real,original,569000,570000,4094,0.4331956443742875,0.18765846630485417,ok
real_vs_real,original,570000,571000,4069,0.43799356535121503,0.19183836328906906,ok
real_vs_real,original,571000,572000,4095,0.44161710228312073,0.1950256650289403,ok
real_vs_real,original,572000,573000,4167,0.44220504557441365,0.19554530233146925,ok
real_vs_real,original,573000,574000,4236,0.44380882121479714,0.19696626978806778,ok
real_vs_real,original,574000,575000,4299,0.444212245984826,0.19732451948288357,ok
real_vs_real,original,575000,576000,4144,0.45018870301548136,0.2026698683227613,ok
real_vs_real,original,576000,577000,4132,0.4444084919263811,0.19749890769628034,ok
real_vs_real,original,577000,578000,4235,0.44682057166564665,0.1996486232636153,ok
real_vs_real,original,578000,579000,4114,0.45269705495504814,0.20493462356497386,ok
real_vs_real,original,579000,580000,4139,0.45681692649798217,0.20868170433506283,ok
real_vs_real,original,580000,581000,4235,0.45375228275320056,0.2058911341037405,ok
real_vs_real,original,581000,582000,4270,0.45857871014601537,0.21029443339918316,ok
real_vs_real,original,582000,583000,4222,0.45197487241201956,0.20428128529186138,ok
real_vs_real,original,583000,584000,4188,0.45666085783235416,0.20853913907618157,ok
real_vs_real,original,584000,585000,4268,0.45759282332592094,0.2093911919593875,ok
real_vs_real,original,585000,586000,4252,0.4566507598568407,0.20852991647783,ok
real_vs_real,original,586000,587000,4257,0.45787811994846245,0.2096523727275386,ok
real_vs_real,original,587000,588000,4243,0.4585238362635168,0.21024410842181235,ok
real_vs_real,original,588000,589000,4145,0.46106417233188235,0.21258017100808368,ok
real_vs_real,original,589000,590000,4224,0.4609994341984866,0.21252047833132479,ok
real_vs_real,original,590000,591000,4115,0.4625154111982893,0.21392050559592263,ok
real_vs_real,original,591000,592000,3985,0.46997506118640636,0.22087655813716642,ok
real_vs_real,original,592000,593000,4021,0.47005257304398473,0.2209494214252706,ok
real_vs_real,original,593000,594000,4008,0.46844694949197446,0.21944254448833647,ok
real_vs_real,original,594000,595000,3863,0.47296956906095955,0.2237002132577098,ok
real_vs_real,original,595000,596000,3876,0.4714109712707732,0.22222830383445374,ok
real_vs_real,original,596000,597000,3838,0.4760180183573642,0.2265931538008719,ok
real_vs_real,original,597000,598000,3840,0.4773167228019637,0.22783125386640665,ok
real_vs_real,original,598000,599000,3896,0.46894093024623623,0.2199055960602054,ok
real_vs_real,original,599000,600000,3894,0.4725508123807012,0.22330427028166064,ok
real_vs_real,original,600000,601000,3913,0.46977038507500607,0.22068421469351948,ok
real_vs_real,original,601000,602000,4011,0.4678655817115933,0.2188982025503276,ok
real_vs_real,original,602000,603000,3914,0.466017618171023,0.21717242044579338,ok
real_vs_real,original,603000,604000,3823,0.4654549520434224,0.21664831238174465,ok
real_vs_real,original,604000,605000,3813,0.47388010190507124,0.2245623509815607,ok
real_vs_real,original,605000,606000,3773,0.47659227342760935,0.22714019509089717,ok
real_vs_real,original,606000,607000,3691,0.47356932781175703,0.2242679082440794,ok
real_vs_real,original,607000,608000,3780,0.47337649137694765,0.22408530258834938,ok
real_vs_real,original,608000,609000,3736,0.4713955808582157,0.2222137936526546,ok
real_vs_real,original,609000,610000,3798,0.47382175910167934,0.22450705939820986,ok
real_vs_real,original,610000,611000,3669,0.46525104641049553,0.21645853618606106,ok
real_vs_real,original,611000,612000,3677,0.462885923930952,0.21426337857341107,ok
real_vs_real,original,612000,613000,3591,0.4670996788422572,0.21818210997453985,ok
real_vs_real,original,613000,614000,3524,0.46771088006571687,0.2187534673318474,ok
real_vs_real,original,614000,615000,3643,0.458033908562877,0.209795061393386,ok
real_vs_real,original,615000,616000,3553,0.4633256583099063,0.21467066564830803,ok
real_vs_real,original,616000,617000,3568,0.46513749994743186,0.21635289385734718,ok
real_vs_real,original,617000,618000,3561,0.4597501748331686,0.2113702232591291,ok
real_vs_real,original,618000,619000,3491,0.45957831358249107,0.2112122263153265,ok
real_vs_real,original,619000,620000,3406,0.4529179380401063,0.20513465859850158,ok
real_vs_real,original,620000,621000,3405,0.45099403480179295,0.20339561942680082,ok
real_vs_real,original,621000,622000,3315,0.45190240746180155,0.2042157858697721,ok
real_vs_real,original,622000,623000,3278,0.4460019758046361,0.19891776242163917,ok
real_vs_real,original,623000,624000,3275,0.433864012081433,0.18823798097939784,ok
real_vs_real,original,624000,625000,3018,0.44477281978189287,0.19782286121673615,ok
real_vs_real,original,625000,626000,2951,0.4527622557349889,0.2049936602182355,ok
real_vs_real,original,626000,627000,2868,0.4500330754925886,0.20252976903731792,ok
real_vs_real,original,627000,628000,2711,0.4559228065630035,0.20786560554428588,ok
real_vs_real,original,628000,629000,2530,0.4408620720771931,0.1943593665961962,ok
real_vs_real,original,629000,630000,2511,0.44497344997081284,0.19800137117892747,ok
real_vs_real,original,630000,631000,2399,0.4578958738299001,0.2096686312704478,ok
real_vs_real,original,631000,632000,2517,0.425389183411741,0.18095595736370781,ok
real_vs_real,original,632000,633000,2550,0.44386312991559423,0.19701447809846767,ok
real_vs_real,original,633000,634000,2511,0.44472984855061004,0.19778463819184855,ok
real_vs_real,original,634000,635000,2510,0.4423085173958566,0.19563682456092077,ok
real_vs_real,original,635000,636000,2510,0.4523231530308498,0.20459623476776956,ok
real_vs_real,original,636000,637000,2327,0.43230312435324303,0.18688599132557548,ok
real_vs_real,original,637000,638000,2308,0.42672731547838805,0.1820962017753917,ok
real_vs_real,original,638000,639000,2477,0.4119128748830651,0.16967221649443165,ok
real_vs_real,original,639000,640000,2448,0.4049379103371752,0.16397471122823815,ok
real_vs_real,original,640000,641000,2446,0.4162300525602604,0.17324745665431712,ok
real_vs_real,original,641000,642000,2438,0.4244109206633809,0.18012462957833858,ok
real_vs_real,original,642000,643000,2487,0.4320586123861969,0.18667464453708593,ok
real_vs_real,original,643000,644000,2495,0.4209882633539302,0.1772311178817581,ok
real_vs_real,original,644000,645000,2385,0.4207542236215763,0.17703411669539543,ok
real_vs_real,original,645000,646000,2332,0.417639726069913,0.17442294079175197,ok
real_vs_real,original,646000,647000,2322,0.3951277152678058,0.15612591137275622,ok
real_vs_real,original,647000,648000,2304,0.3741254836080861,0.1399698774849843,ok
real_vs_real,original,648000,649000,2431,0.35913529008767375,0.12897815658635758,ok
real_vs_real,original,649000,650000,2550,0.3862009060184972,0.14915113980950812,ok
real_vs_real,original,650000,651000,2496,0.38903099701975746,0.15134511664218653,ok
real_vs_real,original,651000,652000,2623,0.3497997031926076,0.1223598323536364,ok
real_vs_real,original,652000,653000,2766,0.33876128740257927,0.11475920984265292,ok
real_vs_real,original,653000,654000,2865,0.29482786559628266,0.08692347033205972,ok
real_vs_real,original,654000,655000,3063,0.27478495894892296,0.07550677366456127,ok
real_vs_real,original,655000,656000,3123,0.26613524843415204,0.07082797045910783,ok
real_vs_real,original,656000,657000,3395,0.24953891783766088,0.062269671515590874,ok
real_vs_real,original,657000,658000,3389,0.2425374555899365,0.05882441736404043,ok
real_vs_real,original,658000,659000,3403,0.2434928730503172,0.05928877922629788,ok
real_vs_real,original,659000,660000,3588,0.22954841396965106,0.05269247435598229,ok
real_vs_real,original,660000,661000,3509,0.22762447327246021,0.051812900832564956,ok
real_vs_real,original,661000,662000,3717,0.20459299095392006,0.041858291947470816,ok
real_vs_real,original,662000,663000,3702,0.1947502430680395,0.03792765717506047,ok
real_vs_real,original,663000,664000,3761,0.19129661491662214,0.03659439487855842,ok
real_vs_real,original,664000,665000,3897,0.1783190368904232,0.031797678917528105,ok
real_vs_real,original,665000,666000,3853,0.17906838288220747,0.03206548574804885,ok
real_vs_real,original,666000,667000,3987,0.17317595544452918,0.029989911544125558,ok
real_vs_real,original,667000,668000,3941,0.168496533355881,0.02839108175294952,ok
real_vs_real,original,668000,669000,3920,0.16157672493511482,0.026107038040757757,ok
real_vs_real,original,669000,670000,4019,0.1537332568450829,0.02363391426019623,ok
real_vs_real,original,670000,671000,4043,0.14491113524556098,0.020999237118157266,ok
real_vs_real,original,671000,672000,4042,0.14331254726477102,0.020538486203517226,ok
real_vs_real,original,672000,673000,4172,0.13113445338510804,0.017196244864611077,ok
real_vs_real,original,673000,674000,4121,0.12978327382185126,0.01684369816391762,ok
real_vs_real,original,674000,675000,4019,0.12549932053615462,0.01575007945503648,ok
real_vs_real,original,675000,676000,4269,0.09913147327064172,0.009827048992807952,ok
real_vs_real,original,676000,677000,4529,0.06231550260550673,0.0038832218649769157,ok
real_vs_real,original,677000,678000,4434,0.0464288296111306,0.002155636219059398,ok
real_vs_real,original,678000,679000,4563,0.026843767496387744,0.0007205878534001231,ok
real_vs_real,original,679000,680000,4723,0.01946799156747312,0.0003790026956712045,ok
real_vs_real,original,680000,681000,4605,0.013054724961279685,0.00017042584381465886,ok
real_vs_real,original,681000,682000,4711,0.018956843897233757,0.0003593619305440887,ok
real_vs_real,original,682000,683000,4900,0.02946417008439906,0.0008681373187623964,ok
real_vs_real,original,683000,684000,4810,0.04575279225962889,0.0020933179995527573,ok
real_vs_real,original,684000,685000,4853,0.05395995375259585,0.002911676608982283,ok
real_vs_real,original,685000,686000,4827,0.06847402776941597,0.0046886924789667495,ok
real_vs_real,original,686000,687000,4777,0.07254009141569427,0.005262064862597282,ok
real_vs_real,original,687000,688000,4805,0.08030364830268549,0.006448675930721404,ok
real_vs_real,original,688000,689000,4981,0.09321910782119983,0.008689802062980478,ok
real_vs_real,original,689000,690000,5075,0.09936546103175661,0.009873494846053543,ok
real_vs_real,original,690000,691000,5033,0.11314097739071559,0.012800880764926414,ok
real_vs_real,original,691000,692000,5009,0.1275352927542102,0.016265250897902095,ok
real_vs_real,original,692000,693000,5103,0.12656480238117207,0.01601864920178514,ok
real_vs_real,original,693000,694000,4924,0.14975323327907453,0.022426030877536918,ok
real_vs_real,original,694000,695000,5099,0.1446592621491572,0.020926302125538587,ok
real_vs_real,original,695000,696000,5001,0.15705188272588533,0.02466529386774524,ok
real_vs_real,original,696000,697000,4986,0.16095274732287904,0.025905786870782543,ok
real_vs_real,original,697000,698000,4992,0.1707598054806769,0.029158911167798618,ok
real_vs_real,original,698000,699000,5046,0.1795382795307204,0.0322339938168511,ok
real_vs_real,original,699000,700000,5024,0.1927483027128309,0.037151908198677086,ok
real_vs_real,original,700000,701000,5041,0.19516540728013804,0.03808953619882216,ok
real_vs_real,original,701000,702000,5018,0.216648990671869,0.04693678515913957,ok
real_vs_real,original,702000,703000,4984,0.2232928685838066,0.049859705160385126,ok
real_vs_real,original,703000,704000,4854,0.2230876239767446,0.04976808797158938,ok
real_vs_real,original,704000,705000,4763,0.23157468599887107,0.05362683519547573,ok
real_vs_real,original,705000,706000,4815,0.24155790964788662,0.05835022371345655,ok
real_vs_real,original,706000,707000,4800,0.24683145447219584,0.06092576691685969,ok
real_vs_real,original,707000,708000,4857,0.26350427514080266,0.06943450301747983,ok
real_vs_real,original,708000,709000,4761,0.2777664642970292,0.07715420868807282,ok
real_vs_real,original,709000,710000,4777,0.28381946200589947,0.08055348701331821,ok
real_vs_real,original,710000,711000,4718,0.28639413898468286,0.08202160284477783,ok
real_vs_real,original,711000,712000,4776,0.2873219252661393,0.08255388873864095,ok
real_vs_real,original,712000,713000,4601,0.2992961358780023,0.08957817695150361,ok
real_vs_real,original,713000,714000,4555,0.3066034658089361,0.09400568524605146,ok
real_vs_real,original,714000,715000,4549,0.31145740871340166,0.09700571744246694,ok
real_vs_real,original,715000,716000,4594,0.32471830849247085,0.10544197987021148,ok
real_vs_real,original,716000,717000,4712,0.334635200642216,0.11198071750885619,ok
real_vs_real,original,717000,718000,4551,0.3365157056139546,0.11324282012485776,ok
real_vs_real,original,718000,719000,4622,0.34856112465699035,0.12149485762214596,ok
real_vs_real,original,719000,720000,4582,0.35253842697750953,0.12428334249577683,ok
real_vs_real,original,720000,721000,4382,0.3588458727183121,0.12877036036696704,ok
real_vs_real,original,721000,722000,4463,0.36040645117302067,0.12989281004713094,ok
real_vs_real,original,722000,723000,4341,0.3740467158898616,0.13991094566799084,ok
real_vs_real,original,723000,724000,4319,0.37515129749353143,0.14073849601108013,ok
real_vs_real,original,724000,725000,4416,0.38641424866234564,0.14931597156928508,ok
real_vs_real,original,725000,726000,4278,0.39503266952358146,0.15605080999092713,ok
real_vs_real,original,726000,727000,4427,0.4014005677370864,0.16112241577965525,ok
real_vs_real,original,727000,728000,4400,0.4010322732773374,0.16082688420998906,ok
real_vs_real,original,728000,729000,4276,0.4112567099811763,0.16913208150454137,ok
real_vs_real,original,729000,730000,4203,0.4145706589663444,0.171868831275789,ok
real_vs_real,original,730000,731000,4199,0.416544851577267,0.17350961337552742,ok
real_vs_real,original,731000,732000,4279,0.416084867682848,0.17312661711465313,ok
real_vs_real,original,732000,733000,4296,0.4223743265629391,0.17840007173949635,ok
real_vs_real,original,733000,734000,4310,0.42769342130202176,0.18292166262502868,ok
real_vs_real,original,734000,735000,4398,0.43271256084174037,0.18724016031021684,ok
real_vs_real,original,735000,736000,4449,0.4364166747248039,0.1904595139778553,ok
real_vs_real,original,736000,737000,4297,0.4387928167422227,0.19253913602457381,ok
real_vs_real,original,737000,738000,4146,0.443630685341805,0.1968081849768396,ok
real_vs_real,original,738000,739000,4251,0.4431775497668786,0.19640634061737416,ok
real_vs_real,original,739000,740000,4298,0.44400177454952217,0.1971375758031247,ok
real_vs_real,original,740000,741000,4278,0.44536008387391407,0.19834560430817977,ok
real_vs_real,original,741000,742000,4266,0.45665104993560146,0.20853018140728716,ok
real_vs_real,original,742000,743000,4338,0.45350597228804607,0.20566766690092603,ok
real_vs_real,original,743000,744000,4382,0.453578035586562,0.2057330343665645,ok
real_vs_real,original,744000,745000,4331,0.45261852110011697,0.204863525642857,ok
real_vs_real,original,745000,746000,4225,0.4579012915191926,0.20967359277494463,ok
real_vs_real,original,746000,747000,4215,0.4551451535900271,0.20715711083648936,ok
real_vs_real,original,747000,748000,4305,0.4536516187715602,0.20579979121405698,ok
real_vs_real,original,748000,749000,4203,0.45798741657069775,0.20975247373710185,ok
real_vs_real,original,749000,750000,4403,0.456931367257099,0.20878627438344186,ok
real_vs_real,original,750000,751000,4374,0.4595443150890643,0.2111809775306772,ok
real_vs_real,original,751000,752000,4372,0.4589307457737665,0.2106174294164655,ok
real_vs_real,original,752000,753000,4406,0.4604224527138784,0.2119888349630636,ok
real_vs_real,original,753000,754000,4250,0.4585232759887014,0.21024359462341083,ok
real_vs_real,original,754000,755000,4304,0.4590264065785597,0.2107052419364252,ok
real_vs_real,original,755000,756000,4186,0.46196017402886663,0.21340720238878072,ok
real_vs_real,original,756000,757000,4202,0.46178515438454454,0.21324552880995762,ok
real_vs_real,original,757000,758000,4252,0.46247934709431576,0.2138871464887846,ok
real_vs_real,original,758000,759000,4163,0.4719546597678394,0.22274120087657706,ok
real_vs_real,original,759000,760000,4154,0.46898981394877115,0.219951445587703,ok
real_vs_real,original,760000,761000,4241,0.470749311647687,0.22160491441677116,ok
real_vs_real,original,761000,762000,4116,0.4642939215840506,0.21556884561989653,ok
real_vs_real,original,762000,763000,3892,0.4738545309462653,0.2245381164983051,ok
real_vs_real,original,763000,764000,4049,0.4702998672616292,0.22118196514630606,ok
real_vs_real,original,764000,765000,3847,0.47588275693056575,0.22646439834383592,ok
real_vs_real,original,765000,766000,3887,0.47719246360790085,0.22771264732417779,ok
real_vs_real,original,766000,767000,4028,0.4717839201382603,0.2225800673010244,ok
real_vs_real,original,767000,768000,4002,0.47760863901936396,0.2281100120659291,ok
real_vs_real,original,768000,769000,4104,0.4663720514443216,0.21750289036838494,ok
real_vs_real,original,769000,770000,4126,0.4670704052726885,0.21815476348159346,ok
real_vs_real,original,770000,771000,3850,0.46470249760573445,0.21594841128100764,ok
real_vs_real,original,771000,772000,3856,0.46828437403709067,0.21929025496730983,ok
real_vs_real,original,772000,773000,3708,0.47833561977158834,0.22880496514226953,ok
real_vs_real,original,773000,774000,3666,0.4819445738785223,0.2322705722909504,ok
real_vs_real,original,774000,775000,3907,0.4696887456489397,0.22060751778927437,ok
real_vs_real,original,775000,776000,3767,0.4790462744485867,0.22948533306307065,ok
real_vs_real,original,776000,777000,3789,0.469490108950293,0.22042096240215794,ok
real_vs_real,original,777000,778000,3833,0.46584231444214597,0.2170090619248152,ok
real_vs_real,original,778000,779000,3578,0.46865601728086037,0.2196384625335581,ok
real_vs_real,original,779000,780000,3506,0.47593587712741436,0.22651495913704126,ok
real_vs_real,original,780000,781000,3553,0.46772175295129437,0.21876363818383163,ok
real_vs_real,original,781000,782000,3449,0.4735054795976549,0.22420743920900515,ok
real_vs_real,original,782000,783000,3416,0.4709347999176227,0.22177958577345133,ok
real_vs_real,original,783000,784000,3364,0.4645467485817474,0.21580368161787322,ok
real_vs_real,original,784000,785000,3390,0.4632314823365994,0.21458340622776317,ok
real_vs_real,original,785000,786000,3366,0.4534018891668446,0.20557327310006365,ok
real_vs_real,original,786000,787000,3224,0.4547570812844251,0.20680400297832924,ok
real_vs_real,original,787000,788000,3111,0.4545882805140423,0.20665050478071362,ok
real_vs_real,original,788000,789000,2989,0.45277509307972325,0.20500528491335204,ok
real_vs_real,original,789000,790000,2796,0.4637800943309339,0.21509197589760998,ok
real_vs_real,original,790000,791000,2734,0.4532393349160954,0.20542589471518452,ok
real_vs_real,original,791000,792000,2613,0.45147600585676056,0.2038305838643737,ok
real_vs_real,original,792000,793000,2421,0.449054640621781,0.20165007026395693,ok
real_vs_real,original,793000,794000,2508,0.43486113878158833,0.18910421002241984,ok
real_vs_real,original,794000,795000,2372,0.4495179047934441,0.2020663467298879,ok
real_vs_real,original,795000,796000,2179,0.4795518721273339,0.22996999806083082,ok
real_vs_real,original,796000,797000,2168,0.47828432241488944,0.2287558930678699,ok
real_vs_real,original,797000,798000,2172,0.4749530015828841,0.22558035371259114,ok
real_vs_real,original,798000,799000,2193,0.4890854628657185,0.23920458998657412,ok
real_vs_real,original,799000,800000,2198,0.44849159385099135,0.20114470975500257,ok
real_vs_real,original,800000,801000,2223,0.44331551192473734,0.19652864311309193,ok
real_vs_real,original,801000,802000,2270,0.4247829495475335,0.1804405542263024,ok
real_vs_real,original,802000,803000,2426,0.40907148853894,0.16733948273546412,ok
real_vs_real,original,803000,804000,2257,0.4418026458755874,0.19518957790266966,ok
real_vs_real,original,804000,805000,2243,0.438103821768697,0.1919349586483382,ok
real_vs_real,original,805000,806000,2249,0.43106743368253475,0.1858191323816465,ok
real_vs_real,original,806000,807000,2137,0.4573699538580286,0.2091872746920952,ok
real_vs_real,original,807000,808000,2246,0.4285704404277399,0.18367262240842697,ok
real_vs_real,original,808000,809000,2282,0.40704508197651706,0.16568569876126948,ok
real_vs_real,original,809000,810000,2192,0.4067542189738099,0.16544899465299412,ok
real_vs_real,original,810000,811000,2375,0.391824752073137,0.15352663633717528,ok
real_vs_real,original,811000,812000,2338,0.3795546142570444,0.14406170520381378,ok
real_vs_real,original,812000,813000,2239,0.4169698665769402,0.17386386963319128,ok
real_vs_real,original,813000,814000,2235,0.3974514424519426,0.15796764910712985,ok
real_vs_real,original,814000,815000,2205,0.42324650872391323,0.17913760714698157,ok
real_vs_real,original,815000,816000,2108,0.4130120294758957,0.17057893649179817,ok
real_vs_real,original,816000,817000,2313,0.3755849342315518,0.14106404282171908,ok
real_vs_real,original,817000,818000,2482,0.33201307040685074,0.11023267892098443,ok
real_vs_real,original,818000,819000,2934,0.3101383967261729,0.09618582512388102,ok
real_vs_real,original,819000,820000,3402,0.30527253590576026,0.09319132117833367,ok
real_vs_real,original,820000,821000,3445,0.28993866028791637,0.08406442672955178,ok
real_vs_real,original,821000,822000,3585,0.2784471840600125,0.07753283431095048,ok
real_vs_real,original,822000,823000,3589,0.26882844721714744,0.07226873403318262,ok
real_vs_real,original,823000,824000,3589,0.26514787510789806,0.0703033956742335,ok
real_vs_real,original,824000,825000,3766,0.2556290138160101,0.06534619270454589,ok
real_vs_real,original,825000,826000,3858,0.2463609655713175,0.06069372535723189,ok
real_vs_real,original,826000,827000,3857,0.23824780250178731,0.056762015396930654,ok
real_vs_real,original,827000,828000,4070,0.22656869784059425,0.0513333748411825,ok
real_vs_real,original,828000,829000,3915,0.2214834653362412,0.04905492541734996,ok
real_vs_real,original,829000,830000,3934,0.21250910197987577,0.04516011842429324,ok
real_vs_real,original,830000,831000,4006,0.20838791973627516,0.04342552509201225,ok
real_vs_real,original,831000,832000,3889,0.1995768547308335,0.039830920944252224,ok
real_vs_real,original,832000,833000,4060,0.19791717435756753,0.03917120790568379,ok
real_vs_real,original,833000,834000,4151,0.1905350131280703,0.03630359122771393,ok
real_vs_real,original,834000,835000,4185,0.1864803777934799,0.03477493130199899,ok
real_vs_real,original,835000,836000,4312,0.18525327012676182,0.03431877409265899,ok
real_vs_real,original,836000,837000,4014,0.1741471158263141,0.030327217950623653,ok
real_vs_real,original,837000,838000,3982,0.17344963848060077,0.030084777089051107,ok
real_vs_real,original,838000,839000,4121,0.1706012859266635,0.029104798759831185,ok
real_vs_real,original,839000,840000,4070,0.1615409553078984,0.026095480241788427,ok
real_vs_real,original,840000,841000,4079,0.1633455275648066,0.026681761375424995,ok
real_vs_real,original,841000,842000,4229,0.16219714582857045,0.02630791411493455,ok
real_vs_real,original,842000,843000,4188,0.14407492959334822,0.020757585337328244,ok
real_vs_real,original,843000,844000,4524,0.13277046556793415,0.01762799652712599,ok
real_vs_real,original,844000,845000,4347,0.11370068093314753,0.012927844844661418,ok
real_vs_real,original,845000,846000,4279,0.09485885546646894,0.008998202460408444,ok
real_vs_real,original,846000,847000,4447,0.08784235830135685,0.007716279911943957,ok
real_vs_real,original,847000,848000,4332,0.0783289938800521,0.006135431282261239,ok
real_vs_real,original,848000,849000,4382,0.0742200446323927,0.005508615025234365,ok
real_vs_real,original,849000,850000,4524,0.08709907410951424,0.0075862487107346555,ok
real_vs_real,original,850000,851000,4538,0.0847048851168572,0.007174917562659977,ok
real_vs_real,original,851000,852000,4657,0.08982732178919871,0.008068947739820254,ok
real_vs_real,original,852000,853000,4709,0.09886142756007807,0.009773581859216562,ok
real_vs_real,original,853000,854000,4703,0.08546166951155054,0.007303696955701489,ok
real_vs_real,original,854000,855000,4624,0.09777526942295067,0.009560003310730592,ok
real_vs_real,original,855000,856000,4742,0.10351410595586306,0.010715170131841645,ok
real_vs_real,original,856000,857000,4667,0.11212824186219858,0.012572742623107702,ok
real_vs_real,original,857000,858000,4852,0.1213180959076402,0.014718080394655386,ok
real_vs_real,original,858000,859000,4758,0.13294442077758056,0.017674219015886394,ok
real_vs_real,original,859000,860000,4758,0.1371097595876644,0.01879908617418713,ok
real_vs_real,original,860000,861000,4877,0.1481468238050577,0.021947481403526814,ok
real_vs_real,original,861000,862000,4738,0.1526870581601491,0.023313337729600758,ok
real_vs_real,original,862000,863000,4718,0.16284593402548828,0.026518798228633678,ok
real_vs_real,original,863000,864000,4689,0.17197634021151506,0.02957586159254677,ok
real_vs_real,original,864000,865000,4643,0.18083275308820534,0.032700484589459844,ok
real_vs_real,original,865000,866000,4764,0.18586504910210921,0.034545816477729474,ok
real_vs_real,original,866000,867000,4907,0.19300198533873475,0.03724976634469318,ok
real_vs_real,original,867000,868000,4755,0.20522895721166404,0.042118924878187025,ok
real_vs_real,original,868000,869000,4994,0.2101234543945534,0.044151866086699965,ok
real_vs_real,original,869000,870000,4758,0.21736076432812962,0.04724570186930871,ok
real_vs_real,original,870000,871000,4652,0.22794825728277074,0.051960407998252245,ok
real_vs_real,original,871000,872000,4658,0.23802452666709,0.056655675295092245,ok
real_vs_real,original,872000,873000,4600,0.24433759652285802,0.05970086107456696,ok
real_vs_real,original,873000,874000,4578,0.25443825499242423,0.0647388256035899,ok
real_vs_real,original,874000,875000,4719,0.26138692303599176,0.06832312353422348,ok
real_vs_real,original,875000,876000,4641,0.2696638322209128,0.07271858240806861,ok
real_vs_real,original,876000,877000,4508,0.27805408357436867,0.077314073392382,ok
real_vs_real,original,877000,878000,4585,0.2833230578511496,0.08027195511012586,ok
real_vs_real,original,878000,879000,4410,0.297216507589762,0.08833765238385505,ok
real_vs_real,original,879000,880000,4331,0.30731081523308856,0.0944399371592255,ok
real_vs_real,original,880000,881000,4318,0.3215787409883249,0.10341288665563614,ok
real_vs_real,original,881000,882000,4360,0.32483026164876233,0.1055146988828034,ok
real_vs_real,original,882000,883000,4198,0.32850251528210117,0.1079139025466671,ok
real_vs_real,original,883000,884000,4313,0.33429985552055697,0.11175639340106525,ok
real_vs_real,original,884000,885000,4250,0.34297804725985176,0.1176339409021811,ok
real_vs_real,original,885000,886000,4261,0.3507039732075419,0.12299327682355626,ok
real_vs_real,original,886000,887000,4111,0.3674809571810248,0.13504225389068217,ok
real_vs_real,original,887000,888000,4092,0.3735402741287281,0.13953233639616533,ok
real_vs_real,original,888000,889000,4100,0.38017176813915227,0.14453057329004937,ok
real_vs_real,original,889000,890000,4081,0.39367878136546675,0.15498298289739898,ok
real_vs_real,original,890000,891000,4108,0.39429822001602327,0.1554710863078043,ok
real_vs_real,original,891000,892000,4064,0.39550799276253734,0.1564265723390513,ok
real_vs_real,original,892000,893000,4061,0.40142047179694584,0.16113839517768258,ok
real_vs_real,original,893000,894000,4147,0.4082102288472776,0.16663559093554672,ok
real_vs_real,original,894000,895000,4171,0.40495660536695954,0.1639898522303314,ok
real_vs_real,original,895000,896000,4050,0.4179790892318518,0.17470651903508833,ok
real_vs_real,original,896000,897000,3986,0.4249664612077363,0.18059649315142645,ok
real_vs_real,original,897000,898000,4167,0.4239753818193648,0.17975512438887617,ok
real_vs_real,original,898000,899000,4114,0.425590433679938,0.1811272172398777,ok
real_vs_real,original,899000,900000,4086,0.4301483363825459,0.18502759129267188,ok
real_vs_real,original,900000,901000,4107,0.42754002193322316,0.18279047035466092,ok
real_vs_real,original,901000,902000,4046,0.4378727372932443,0.1917325340646785,ok
real_vs_real,original,902000,903000,4175,0.4334108492676579,0.18784496426291247,ok
real_vs_real,original,903000,904000,4242,0.44118355462443193,0.19464292887104911,ok
real_vs_real,original,904000,905000,4156,0.44028693947932424,0.19385258907607011,ok
real_vs_real,original,905000,906000,4138,0.44732702634118904,0.20010146849525082,ok
real_vs_real,original,906000,907000,4215,0.4465063263627622,0.1993678994819695,ok
real_vs_real,original,907000,908000,4209,0.44955628280519183,0.20210085140962164,ok
real_vs_real,original,908000,909000,4137,0.45116682790727775,0.2035515066039152,ok
real_vs_real,original,909000,910000,4194,0.4533138781395004,0.20549347211387384,ok
real_vs_real,original,910000,911000,4244,0.4502606466516786,0.20273464992318777,ok
real_vs_real,original,911000,912000,4198,0.4499286435751334,0.20243578430935943,ok
real_vs_real,original,912000,913000,4284,0.4555385410969749,0.2075153624247603,ok
real_vs_real,original,913000,914000,4236,0.45811394697566427,0.20986838841362174,ok
real_vs_real,original,914000,915000,4292,0.4592027559841005,0.2108671711033933,ok
real_vs_real,original,915000,916000,4243,0.45611738049190337,0.20804306478679574,ok
real_vs_real,original,916000,917000,4277,0.45737224167170437,0.20918936745179997,ok
real_vs_real,original,917000,918000,4259,0.45776439257508694,0.2095482391096383,ok
real_vs_real,original,918000,919000,4295,0.45912381325319734,0.21079467589615683,ok
real_vs_real,original,919000,920000,4291,0.454604072441959,0.2066648626808139,ok
real_vs_real,original,920000,921000,4216,0.46317607361808955,0.21453207517226988,ok
real_vs_real,original,921000,922000,4242,0.46153579985418675,0.2130152945470439,ok
real_vs_real,original,922000,923000,4120,0.4614753236108121,0.21295947430170376,ok
real_vs_real,original,923000,924000,4165,0.4649293976526292,0.2161593448016366,ok
real_vs_real,original,924000,925000,4024,0.471958260006688,0.2227445991885405,ok
real_vs_real,original,925000,926000,4035,0.4678861166733478,0.2189174181756656,ok
real_vs_real,original,926000,927000,4005,0.4702986431044714,0.22118081370590698,ok
real_vs_real,original,927000,928000,3888,0.4675487510773712,0.21860183463400965,ok
real_vs_real,original,928000,929000,4055,0.4698283442020033,0.22073867301559608,ok
real_vs_real,original,929000,930000,3959,0.4742278342103636,0.22489203873985208,ok
real_vs_real,original,930000,931000,3900,0.4776302733000233,0.2281306779726549,ok
real_vs_real,original,931000,932000,4101,0.46938211301691596,0.22031956802022487,ok
real_vs_real,original,932000,933000,3961,0.4715047486563866,0.2223167280055223,ok
real_vs_real,original,933000,934000,3914,0.46984023549679593,0.22074984689168467,ok
real_vs_real,original,934000,935000,4011,0.4669609006188482,0.21805248270676583,ok
real_vs_real,original,935000,936000,3930,0.4655035652070154,0.21669356922044203,ok
real_vs_real,original,936000,937000,3921,0.46933944887921086,0.2202795182742414,ok
real_vs_real,original,937000,938000,3883,0.4737095922903072,0.22440077782784904,ok
real_vs_real,original,938000,939000,3906,0.46743735690774574,0.21849768263289926,ok
real_vs_real,original,939000,940000,3890,0.4743521270597096,0.22500994044607087,ok
real_vs_real,original,940000,941000,3838,0.4656299134299903,0.21681121628082028,ok
real_vs_real,original,941000,942000,3791,0.4743795512969238,0.22503595868867074,ok
real_vs_real,original,942000,943000,3770,0.46342880034260936,0.2147662529869901,ok
real_vs_real,original,943000,944000,3798,0.4697725518667446,0.22068625048739327,ok
real_vs_real,original,944000,945000,3830,0.4620272142309431,0.2134691466900058,ok
real_vs_real,original,945000,946000,3669,0.4646160237463296,0.2158680495218499,ok
real_vs_real,original,946000,947000,3627,0.4629706210817098,0.2143417959847841,ok
real_vs_real,original,947000,948000,3596,0.4615858698422654,0.2130615152380408,ok
real_vs_real,original,948000,949000,3791,0.4519517411149928,0.2042603762968735,ok
real_vs_real,original,949000,950000,3721,0.4583548063942714,0.21008912854473002,ok
real_vs_real,original,950000,951000,3527,0.46035329236344463,0.21192515378986312,ok
real_vs_real,original,951000,952000,3576,0.4565374560210783,0.208426448750198,ok
real_vs_real,original,952000,953000,3539,0.4530270785909092,0.20523353393661378,ok
real_vs_real,original,953000,954000,3420,0.44539658636966234,0.19837811914974807,ok
real_vs_real,original,954000,955000,3428,0.44909287734908304,0.20168441248567853,ok
real_vs_real,original,955000,956000,3262,0.43530343178808295,0.18948907772648219,ok
real_vs_real,original,956000,957000,3350,0.433594013336051,0.18800376840086358,ok
real_vs_real,original,957000,958000,3272,0.42675937537550257,0.18212356447088912,ok
real_vs_real,original,958000,959000,3015,0.44626690081915127,0.1991541467667302,ok
real_vs_real,original,959000,960000,2906,0.4410795593366425,0.19455117766460672,ok
real_vs_real,original,960000,961000,2710,0.44322873174682403,0.1964517086458981,ok
real_vs_real,original,961000,962000,2535,0.44797514443365544,0.20068173003035444,ok
real_vs_real,original,962000,963000,2449,0.44095972032926994,0.19444547495286796,ok
real_vs_real,original,963000,964000,2472,0.44645324621417226,0.19932050105517232,ok
real_vs_real,original,964000,965000,2509,0.4230427680101684,0.17896518356570512,ok
real_vs_real,original,965000,966000,2553,0.4298909167935762,0.18480620034162146,ok
real_vs_real,original,966000,967000,2588,0.44170045850049855,0.19509929503955062,ok
real_vs_real,original,967000,968000,2510,0.43088486542656323,0.1856617672536675,ok
real_vs_real,original,968000,969000,2503,0.44619858310875576,0.19909317556826123,ok
real_vs_real,original,969000,970000,2459,0.44111835682914385,0.19458540473164387,ok
real_vs_real,original,970000,971000,2468,0.4057310095957077,0.16461765214755225,ok
real_vs_real,original,971000,972000,2494,0.403814356822592,0.16306603477604364,ok
real_vs_real,original,972000,973000,2477,0.4029221892974312,0.16234629062823497,ok
real_vs_real,original,973000,974000,2565,0.3891445827902194,0.15143350631497393,ok
real_vs_real,original,974000,975000,2578,0.400019075127162,0.16001526046559006,ok
real_vs_real,original,975000,976000,2528,0.4152060133222935,0.17239603349899257,ok
real_vs_real,original,976000,977000,2585,0.40543604801748945,0.16437838903204,ok
real_vs_real,original,977000,978000,2489,0.4210634430458641,0.17729442306963766,ok
real_vs_real,original,978000,979000,2379,0.3910868825096056,0.15294894967108208,ok
real_vs_real,original,979000,980000,2398,0.38109306380020225,0.14523192327662504,ok
real_vs_real,original,980000,981000,2367,0.36410445414850545,0.1325720535307811,ok
real_vs_real,original,981000,982000,2502,0.36709691581048925,0.13476014559757343,ok
real_vs_real,original,982000,983000,2543,0.36496170893452623,0.13319704898840984,ok
real_vs_real,original,983000,984000,2732,0.3362519038236225,0.11306534282501068,ok
real_vs_real,original,984000,985000,2902,0.3221858379722278,0.10380371418986661,ok
real_vs_real,original,985000,986000,2969,0.3019533384258868,0.09117581858653812,ok
real_vs_real,original,986000,987000,3089,0.27583456296491304,0.07608470612604457,ok
real_vs_real,original,987000,988000,3385,0.259614661471611,0.06739977245101919,ok
real_vs_real,original,988000,989000,3327,0.24517489834883746,0.060110730780362776,ok
real_vs_real,original,989000,990000,3424,0.23460496179657125,0.055039488099570655,ok
real_vs_real,original,990000,991000,3601,0.2276308152343617,0.051815788044260125,ok
real_vs_real,original,991000,992000,3624,0.2244712911221147,0.05038736053802917,ok
real_vs_real,original,992000,993000,3712,0.2173483999291022,0.04724032695174096,ok
real_vs_real,original,993000,994000,3784,0.204456355471999,0.04180240129289242,ok
real_vs_real,original,994000,995000,3782,0.19465984769704656,0.03789245630543736,ok
real_vs_real,original,995000,996000,3909,0.18172937891520638,0.033025567160906655,ok
real_vs_real,original,996000,997000,3845,0.1809454318950291,0.03274124932367861,ok
real_vs_real,original,997000,998000,3944,0.1719159936886336,0.02955510888595031,ok
real_vs_real,original,998000,999000,3991,0.162538481822136,0.026418758073044835,ok
real_vs_real,original,999000,1000000,4150,0.15995369513026084,0.025585184585824428,ok
real_vs_real,original,1000000,1001000,4011,0.16057519887691954,0.02578439449436226,ok
real_vs_real,original,1001000,1002000,4109,0.15207166007546968,0.023125789798109198,ok
real_vs_real,original,1002000,1003000,4066,0.14420845277015654,0.02079607785036247,ok
real_vs_real,original,1003000,1004000,4049,0.13863298787148645,0.01921910532617571,ok
real_vs_real,original,1004000,1005000,4150,0.1333960217218072,0.017794498611204856,ok
real_vs_real,original,1005000,1006000,4145,0.12919120845432502,0.01669036834188886,ok
real_vs_real,original,1006000,1007000,4320,0.1126291543017962,0.012685326398737817,ok
real_vs_real,original,1007000,1008000,4372,0.07289718320545381,0.005313999319289497,ok
real_vs_real,original,1008000,1009000,4569,0.047473819896458096,0.0022537635755613405,ok
real_vs_real,original,1009000,1010000,4674,0.037878069802381,0.0014347481719540478,ok
real_vs_real,original,1010000,1011000,4662,0.03780773494281058,0.0014294248215058203,ok
real_vs_real,original,1011000,1012000,4785,0.015998574797272836,0.0002559543955439336,ok
real_vs_real,original,1012000,1013000,4726,0.017349644216114072,0.0003010101544257404,ok
real_vs_real,original,1013000,1014000,4725,0.030547574456484896,0.0009331543051744884,ok
real_vs_real,original,1014000,1015000,4793,0.03953925495445665,0.0015633526823535249,ok
v2e_vs_real,original,15000,16000,14225,0.10212999026206526,0.010430534910929545,ok
v2e_vs_real,original,16000,17000,9988,0.08235599631237366,0.006782510128603703,ok
v2e_vs_real,original,17000,18000,15447,0.07756585197333019,0.006016461392348571,ok
v2e_vs_real,original,18000,19000,15816,0.07397128557916811,0.005471751090234844,ok
v2e_vs_real,original,19000,20000,16017,0.08101585771484009,0.006563569201271213,ok
v2e_vs_real,original,20000,21000,16354,0.08753338513767593,0.007662093513660706,ok
v2e_vs_real,original,21000,22000,16408,0.0916498093158163,0.00839968754762549,ok
v2e_vs_real,original,22000,23000,16697,0.10089710682378734,0.010180226165410755,ok
v2e_vs_real,original,23000,24000,17071,0.1071505345361398,0.011481237051380488,ok
v2e_vs_real,original,24000,25000,11826,0.1050888707555816,0.011043670756683333,ok
v2e_vs_real,original,25000,26000,18166,0.11100661665241253,0.012322468940615672,ok
v2e_vs_real,original,26000,27000,18069,0.11894107613476346,0.014146979592095599,ok
v2e_vs_real,original,27000,28000,18153,0.12201400901808328,0.014887418396664909,ok
v2e_vs_real,original,28000,29000,17933,0.12505010010015136,0.01563752753505787,ok
v2e_vs_real,original,29000,30000,17821,0.13027504343120808,0.016971586941003147,ok
v2e_vs_real,original,30000,31000,17308,0.13592884593447688,0.01847665115707875,ok
v2e_vs_real,original,31000,32000,16542,0.1417489607257994,0.02009276786684422,ok
v2e_vs_real,original,32000,33000,17943,0.1492406187486081,0.022272762284467396,ok
v2e_vs_real,original,33000,34000,11990,0.16263706148638907,0.026450813768927495,ok
v2e_vs_real,original,34000,35000,17723,0.17710036076599384,0.03136453778344517,ok
v2e_vs_real,original,35000,36000,16641,0.18273551855627201,0.033392269742029634,ok
v2e_vs_real,original,36000,37000,15823,0.19379639728990972,0.03755704360254852,ok
v2e_vs_real,original,37000,38000,15218,0.19956244918074525,0.03982517112301753,ok
v2e_vs_real,original,38000,39000,14812,0.2101428970575244,0.044160037183729295,ok
v2e_vs_real,original,39000,40000,14500,0.22228332993849345,0.049409878768545135,ok
v2e_vs_real,original,40000,41000,14633,0.2348259817881686,0.05514324172277729,ok
v2e_vs_real,original,41000,42000,9749,0.24283818861938106,0.058970385851942086,ok
v2e_vs_real,original,42000,43000,14733,0.25148054885602017,0.06324246645292514,ok
v2e_vs_real,original,43000,44000,14910,0.2626570060936465,0.06898870285007785,ok
v2e_vs_real,original,44000,45000,14756,0.2720815519612379,0.07402837091763581,ok
v2e_vs_real,original,45000,46000,14927,0.28078519304098787,0.07884032463106483,ok
v2e_vs_real,original,46000,47000,15020,0.2909113547114934,0.08462941630007631,ok
v2e_vs_real,original,47000,48000,15293,0.3012353259873348,0.09074272162269587,ok
v2e_vs_real,original,48000,49000,15703,0.30712696095117203,0.09432697014310276,ok
v2e_vs_real,original,49000,50000,10693,0.3124962975699832,0.09765393599494748,ok
v2e_vs_real,original,50000,51000,16117,0.3170762492199739,0.10053734781940699,ok
v2e_vs_real,original,51000,52000,15965,0.3239909209879052,0.10497011688259106,ok
v2e_vs_real,original,52000,53000,15562,0.32918230656635167,0.10836099095634355,ok
v2e_vs_real,original,53000,54000,15390,0.3362576848143175,0.11306923059668489,ok
v2e_vs_real,original,54000,55000,14918,0.3416254705216883,0.1167079621091649,ok
v2e_vs_real,original,55000,56000,14953,0.3522493785085147,0.12407962465963485,ok
v2e_vs_real,original,56000,57000,14945,0.35696687306806985,0.1274253484679955,ok
v2e_vs_real,original,57000,58000,9946,0.365308150533037,0.13345004484586803,ok
v2e_vs_real,original,58000,59000,14963,0.3706043749790195,0.13734760275358968,ok
v2e_vs_real,original,59000,60000,14871,0.38118129828104386,0.14529918215922213,ok
v2e_vs_real,original,60000,61000,14611,0.38140354962073975,0.1454686676633001,ok
v2e_vs_real,original,61000,62000,14087,0.38900287354609897,0.15132323562712227,ok
v2e_vs_real,original,62000,63000,13479,0.38901359018771287,0.15133157335073383,ok
v2e_vs_real,original,63000,64000,13345,0.3910263433384014,0.1529016011846014,ok
v2e_vs_real,original,64000,65000,12629,0.39113268860865097,0.1529847800982319,ok
v2e_vs_real,original,65000,66000,13330,0.38491557943554106,0.1481600032921983,ok
v2e_vs_real,original,66000,67000,9721,0.3860351246117847,0.14902311743403615,ok
v2e_vs_real,original,67000,68000,14188,0.3910724904993866,0.15293769282539282,ok
v2e_vs_real,original,68000,69000,13274,0.3993058384802832,0.15944515264444203,ok
v2e_vs_real,original,69000,70000,12649,0.4082203347622953,0.16664384171344043,ok
v2e_vs_real,original,70000,71000,12506,0.41589505081990547,0.17296869329649173,ok
v2e_vs_real,original,71000,72000,12465,0.42061575430343684,0.17691761276824913,ok
v2e_vs_real,original,72000,73000,12424,0.43152870076766564,0.18621701958622952,ok
v2e_vs_real,original,73000,74000,12516,0.43538424615522026,0.18955944180014944,ok
v2e_vs_real,original,74000,75000,8384,0.44072754205002085,0.1942407663214529,ok
v2e_vs_real,original,75000,76000,12589,0.4440227469349104,0.1971561997956235,ok
v2e_vs_real,original,76000,77000,12756,0.4473599456551607,0.20013092097658833,ok
v2e_vs_real,original,77000,78000,12721,0.451649065410797,0.20398687828644643,ok
v2e_vs_real,original,78000,79000,12818,0.4558052100627303,0.20775838952032966,ok
v2e_vs_real,original,79000,80000,12647,0.455596342952179,0.20756802771139948,ok
v2e_vs_real,original,80000,81000,12880,0.46404151805698285,0.21533453048062912,ok
v2e_vs_real,original,81000,82000,13138,0.4612508136191942,0.21275231306436862,ok
v2e_vs_real,original,82000,83000,9049,0.4629486140113737,0.2143214192150519,ok
v2e_vs_real,original,83000,84000,13497,0.4600936002840935,0.21168612102237924,ok
v2e_vs_real,original,84000,85000,13313,0.45466431035915245,0.2067196351143637,ok
v2e_vs_real,original,85000,86000,13272,0.4568659262090805,0.208726474530881,ok
v2e_vs_real,original,86000,87000,13129,0.45876126042338794,0.2104618940652556,ok
v2e_vs_real,original,87000,88000,13070,0.4610794641562527,0.21259427226661712,ok
v2e_vs_real,original,88000,89000,13176,0.4608086017505251,0.21234456744727406,ok
v2e_vs_real,original,89000,90000,13222,0.4651045679685832,0.21632225914524242,ok
v2e_vs_real,original,90000,91000,13239,0.4684684620500434,0.21946269993553297,ok
v2e_vs_real,original,91000,92000,8996,0.4674900690244188,0.21854696463645584,ok
v2e_vs_real,original,92000,93000,13304,0.4692832132361163,0.22022673422521422,ok
v2e_vs_real,original,93000,94000,12912,0.4687248830945214,0.2197030160319728,ok
v2e_vs_real,original,94000,95000,12762,0.4684734106652395,0.21946733650032213,ok
v2e_vs_real,original,95000,96000,12283,0.46703179870655226,0.21811870100307754,ok
v2e_vs_real,original,96000,97000,11965,0.46517414821568254,0.2163869881681858,ok
v2e_vs_real,original,97000,98000,11464,0.46443192819900164,0.2156970159306426,ok
v2e_vs_real,original,98000,99000,11236,0.46287862712193567,0.21425662344628799,ok
v2e_vs_real,original,99000,100000,7943,0.4568689760708947,0.20872926129606778,ok
v2e_vs_real,original,100000,101000,11930,0.45739517367934357,0.20921034490515686,ok
v2e_vs_real,original,101000,102000,11920,0.4628130370245206,0.21419590723986026,ok
v2e_vs_real,original,102000,103000,11268,0.47080090816332076,0.2216534951274076,ok
v2e_vs_real,original,103000,104000,10961,0.47197465189652077,0.22276007203284195,ok
v2e_vs_real,original,104000,105000,10990,0.4715251558509555,0.22233597260026788,ok
v2e_vs_real,original,105000,106000,10889,0.47283645417461284,0.22357431239642073,ok
v2e_vs_real,original,106000,107000,10745,0.470735947294594,0.22159233207533877,ok
v2e_vs_real,original,107000,108000,7106,0.4747942904847347,0.22542961827690264,ok
v2e_vs_real,original,108000,109000,10648,0.47411487766855404,0.22478491722666796,ok
v2e_vs_real,original,109000,110000,10651,0.4747524162081615,0.2253898566954874,ok
v2e_vs_real,original,110000,111000,10691,0.4754531120460488,0.22605566175427264,ok
v2e_vs_real,original,111000,112000,10668,0.47863433390391097,0.22909082559164054,ok
v2e_vs_real,original,112000,113000,10664,0.4787192706522874,0.22917214009385803,ok
v2e_vs_real,original,113000,114000,10689,0.47642842691165116,0.22698404596951055,ok
v2e_vs_real,original,114000,115000,10618,0.47434720955173515,0.2250052752095177,ok
v2e_vs_real,original,115000,116000,11168,0.4566286287061978,0.20850970455410264,ok
v2e_vs_real,original,116000,117000,7561,0.4572119336518623,0.20904275227367491,ok
v2e_vs_real,original,117000,118000,11289,0.45117485798033813,0.2035587524735783,ok
v2e_vs_real,original,118000,119000,11078,0.4522001980346407,0.20448501910256822,ok
v2e_vs_real,original,119000,120000,10586,0.45444932814659367,0.2065241918528904,ok
v2e_vs_real,original,120000,121000,10328,0.4585353643073024,0.21025468032043054,ok
v2e_vs_real,original,121000,122000,10054,0.4602640959898084,0.21184303805731555,ok
v2e_vs_real,original,122000,123000,9998,0.4563854729355099,0.20828769990656906,ok
v2e_vs_real,original,123000,124000,9891,0.45590500114106736,0.20784937006543663,ok
v2e_vs_real,original,124000,125000,6577,0.4517099192180972,0.2040418511200199,ok
v2e_vs_real,original,125000,126000,9781,0.45388364331366926,0.20601036166769013,ok
v2e_vs_real,original,126000,127000,9705,0.46033049151999283,0.2119041614230382,ok
v2e_vs_real,original,127000,128000,9498,0.462136334510819,0.21356999167509558,ok
v2e_vs_real,original,128000,129000,9374,0.4529376044279505,0.20515247350493057,ok
v2e_vs_real,original,129000,130000,9433,0.44275247493816244,0.19602975406386816,ok
v2e_vs_real,original,130000,131000,9342,0.43366605895367116,0.188066250688409,ok
v2e_vs_real,original,131000,132000,9088,0.42820201096114974,0.1833569621911726,ok
v2e_vs_real,original,132000,133000,8570,0.4176542191085592,0.17443504673918037,ok
v2e_vs_real,original,133000,134000,9464,0.413404405262926,0.17090320229079356,ok
v2e_vs_real,original,134000,135000,6460,0.416749837133148,0.1736804267505054,ok
v2e_vs_real,original,135000,136000,8064,0.4264834838004274,0.1818881619545494,ok
v2e_vs_real,original,136000,137000,7937,0.4202660371718645,0.17662354200014302,ok
v2e_vs_real,original,137000,138000,7993,0.39990108255697016,0.15992087583023668,ok
v2e_vs_real,original,138000,139000,6305,0.3859674882456987,0.14897090198269358,ok
v2e_vs_real,original,139000,140000,8726,0.36929296010309715,0.1363772903817077,ok
v2e_vs_real,original,140000,141000,9260,0.358763392874402,0.12871117206675253,ok
v2e_vs_real,original,141000,142000,9721,0.34838320824915353,0.12137085978997308,ok
v2e_vs_real,original,142000,143000,10143,0.33637063277359064,0.11314520259250577,ok
v2e_vs_real,original,143000,144000,7781,0.33941762533800696,0.11520432439009165,ok
v2e_vs_real,original,144000,145000,10227,0.3399339175951037,0.11555506833155477,ok
v2e_vs_real,original,145000,146000,10385,0.3322643323088489,0.11039958652464515,ok
v2e_vs_real,original,146000,147000,10451,0.3270820774464612,0.10698268538669281,ok
v2e_vs_real,original,147000,148000,10341,0.3205666528665329,0.1027629789300522,ok
v2e_vs_real,original,148000,149000,7927,0.30971200234102453,0.0959215243940868,ok
v2e_vs_real,original,149000,150000,10424,0.30205376054125915,0.09123647425711634,ok
v2e_vs_real,original,150000,151000,10428,0.29506656210470356,0.0870642760722889,ok
v2e_vs_real,original,151000,152000,10495,0.2899289535199368,0.08405879808916566,ok
v2e_vs_real,original,152000,153000,7849,0.28313351149147903,0.0801645853294955,ok
v2e_vs_real,original,153000,154000,10211,0.28359634066512573,0.08042688443865004,ok
v2e_vs_real,original,154000,155000,10182,0.2850900851753127,0.08127635666526706,ok
v2e_vs_real,original,155000,156000,10027,0.2823686918934108,0.07973207816159594,ok
v2e_vs_real,original,156000,157000,7474,0.2814072524900484,0.07919004175399785,ok
v2e_vs_real,original,157000,158000,10134,0.2758570036015449,0.07609708643602275,ok
v2e_vs_real,original,158000,159000,10004,0.277853266693423,0.07720243781220643,ok
v2e_vs_real,original,159000,160000,9776,0.27260154607169895,0.07431160292068062,ok
v2e_vs_real,original,160000,161000,9793,0.267261760181539,0.07142884845533448,ok
v2e_vs_real,original,161000,162000,7460,0.2605459373586566,0.06788418547410102,ok
v2e_vs_real,original,162000,163000,9898,0.25327626749920945,0.06414886767833111,ok
v2e_vs_real,original,163000,164000,9889,0.24760242080991657,0.06130695879093101,ok
v2e_vs_real,original,164000,165000,9783,0.24262146801378248,0.05886517674116287,ok
v2e_vs_real,original,165000,166000,10415,0.23562005718165963,0.05551681134628855,ok
v2e_vs_real,original,166000,167000,8465,0.22135856801718143,0.04899961563461713,ok
v2e_vs_real,original,167000,168000,11125,0.19739590197051596,0.03896514211475355,ok
v2e_vs_real,original,168000,169000,11002,0.1771132163838023,0.031369091417815576,ok
v2e_vs_real,original,169000,170000,10905,0.16599552949770746,0.027554515813224267,ok
v2e_vs_real,original,170000,171000,8339,0.15748920015970497,0.024802848166943614,ok
v2e_vs_real,original,171000,172000,11341,0.14790128895635882,0.021874791274952343,ok
v2e_vs_real,original,172000,173000,11339,0.13795806799031113,0.019032428523619305,ok
v2e_vs_real,original,173000,174000,11772,0.12357694139874044,0.015271260445467727,ok
v2e_vs_real,original,174000,175000,11942,0.1201438022306542,0.01443453321443855,ok
v2e_vs_real,original,175000,176000,9226,0.11577113486879358,0.013402955668808392,ok
v2e_vs_real,original,176000,177000,12809,0.11641709267624271,0.013552939467188885,ok
v2e_vs_real,original,177000,178000,13210,0.11894660409353049,0.014148294625383084,ok
v2e_vs_real,original,178000,179000,13528,0.11674900843224492,0.013630330969912396,ok
v2e_vs_real,original,179000,180000,10338,0.11866494453696369,0.014081369061960669,ok
v2e_vs_real,original,180000,181000,13861,0.1165125736234697,0.013575179812364446,ok
v2e_vs_real,original,181000,182000,14070,0.11616236778143219,0.013493695688588714,ok
v2e_vs_real,original,182000,183000,14407,0.11478136332577482,0.013174761366923526,ok
v2e_vs_real,original,183000,184000,14244,0.11595647954731603,0.01344590514900712,ok
v2e_vs_real,original,184000,185000,10582,0.11689978377477737,0.013665559446589703,ok
v2e_vs_real,original,185000,186000,14134,0.11363536768862409,0.012912996789728792,ok
v2e_vs_real,original,186000,187000,14086,0.11393811275298732,0.012981893537712452,ok
v2e_vs_real,original,187000,188000,14091,0.11653012939547899,0.013579271056927078,ok
v2e_vs_real,original,188000,189000,10559,0.11965861051765055,0.01431818307101479,ok
v2e_vs_real,original,189000,190000,14065,0.12377085360330448,0.015319224201690629,ok
v2e_vs_real,original,190000,191000,13794,0.1288742588423517,0.01660857459216547,ok
v2e_vs_real,original,191000,192000,13476,0.13394510246461575,0.01794129047425641,ok
v2e_vs_real,original,192000,193000,13513,0.1419899339955716,0.02016114135606678,ok
v2e_vs_real,original,193000,194000,10072,0.1466328615045644,0.02150119607301676,ok
v2e_vs_real,original,194000,195000,13448,0.15130858295124638,0.02289428727471421,ok
v2e_vs_real,original,195000,196000,13310,0.15805590123344285,0.024981667914715844,ok
v2e_vs_real,original,196000,197000,13041,0.16317521110141503,0.02662614951799136,ok
v2e_vs_real,original,197000,198000,9609,0.16994538014458485,0.02888143223248746,ok
v2e_vs_real,original,198000,199000,12536,0.1755627588168616,0.030822282283387514,ok
v2e_vs_real,original,199000,200000,13134,0.17262301939395808,0.029798706824686827,ok
v2e_vs_real,original,200000,201000,12689,0.18284711748376356,0.03343306837212123,ok
v2e_vs_real,original,201000,202000,12294,0.19496197567605233,0.03801017195950962,ok
v2e_vs_real,original,202000,203000,9100,0.2077912396894305,0.043177199291670354,ok
v2e_vs_real,original,203000,204000,12006,0.2207991543341363,0.04875226655466974,ok
v2e_vs_real,original,204000,205000,11942,0.23427489074423521,0.05488472443322334,ok
v2e_vs_real,original,205000,206000,12143,0.2551824799191554,0.06511809805769014,ok
v2e_vs_real,original,206000,207000,12380,0.2683127866570668,0.07199175148368064,ok
v2e_vs_real,original,207000,208000,9315,0.2807774094816797,0.07883595367524282,ok
v2e_vs_real,original,208000,209000,12809,0.2864623242589547,0.08206066321984251,ok
v2e_vs_real,original,209000,210000,12953,0.2981326798961196,0.0888830948220421,ok
v2e_vs_real,original,210000,211000,13269,0.3013675242357987,0.09082238466401471,ok
v2e_vs_real,original,211000,212000,10063,0.3115295146386298,0.09705063849098028,ok
v2e_vs_real,original,212000,213000,13557,0.31326326431326595,0.09813387276820312,ok
v2e_vs_real,original,213000,214000,13773,0.32115137420354856,0.10313820515282768,ok
v2e_vs_real,original,214000,215000,13911,0.32113427365917757,0.10312722171860755,ok
v2e_vs_real,original,215000,216000,14113,0.3269877887609161,0.10692101399875348,ok
v2e_vs_real,original,216000,217000,10718,0.32875053768951046,0.10807691603114222,ok
v2e_vs_real,original,217000,218000,14206,0.33088996628883266,0.10948816979062481,ok
v2e_vs_real,original,218000,219000,14433,0.3305053769637837,0.10923380420197276,ok
v2e_vs_real,original,219000,220000,14360,0.3364755882085479,0.1132158214602883,ok
v2e_vs_real,original,220000,221000,10712,0.3384681837546689,0.11456071141418434,ok
v2e_vs_real,original,221000,222000,14471,0.34572537817872184,0.11952603711682022,ok
v2e_vs_real,original,222000,223000,14381,0.3471366729530541,0.12050386970891563,ok
v2e_vs_real,original,223000,224000,13968,0.3520482411584653,0.12393796410276894,ok
v2e_vs_real,original,224000,225000,13854,0.35426964652718024,0.12550698245049324,ok
v2e_vs_real,original,225000,226000,10365,0.35749922110985116,0.12780569309415027,ok
v2e_vs_real,original,226000,227000,13688,0.3589870608112025,0.128871709829866,ok
v2e_vs_real,original,227000,228000,13308,0.36287681311432546,0.13167958149600908,ok
v2e_vs_real,original,228000,229000,12904,0.36535127965208036,0.13348155754341265,ok
v2e_vs_real,original,229000,230000,9510,0.36726962129581,0.1348869747267677,ok
v2e_vs_real,original,230000,231000,12440,0.36989552566571804,0.1368226999075179,ok
v2e_vs_real,original,231000,232000,12279,0.3689547574526245,0.13612761304692497,ok
v2e_vs_real,original,232000,233000,12481,0.3629160661802146,0.1317080710917219,ok
v2e_vs_real,original,233000,234000,11978,0.3762642712447115,0.14157480181531384,ok
v2e_vs_real,original,234000,235000,8634,0.3920945686508642,0.15373815076550726,ok
v2e_vs_real,original,235000,236000,11179,0.40339211367518196,0.16272519737533092,ok
v2e_vs_real,original,236000,237000,10869,0.4161594487713465,0.17318868680167096,ok
v2e_vs_real,original,237000,238000,11192,0.4289079855858115,0.18396206009927868,ok
v2e_vs_real,original,238000,239000,8504,0.4354614995143908,0.18962671755932178,ok
v2e_vs_real,original,239000,240000,11589,0.44737296631197593,0.20014257098677635,ok
v2e_vs_real,original,240000,241000,12206,0.45410096373144443,0.2062076852618266,ok
v2e_vs_real,original,241000,242000,12253,0.46615107822676416,0.2172968277319748,ok
v2e_vs_real,original,242000,243000,12602,0.46428861318709136,0.21556391633519253,ok
v2e_vs_real,original,243000,244000,9468,0.4662031916705626,0.21734541592381934,ok
v2e_vs_real,original,244000,245000,12773,0.46656960282951593,0.21768719428449224,ok
v2e_vs_real,original,245000,246000,13196,0.462728664052032,0.2141178165353783,ok
v2e_vs_real,original,246000,247000,13588,0.4640169801494503,0.21531175786701537,ok
v2e_vs_real,original,247000,248000,10267,0.46486648808938796,0.21610085174856108,ok
v2e_vs_real,original,248000,249000,13916,0.46560111929319453,0.21678440228707557,ok
v2e_vs_real,original,249000,250000,14023,0.4632490991379013,0.2145997278520771,ok
v2e_vs_real,original,250000,251000,13996,0.4639687789422824,0.2152670278331925,ok
v2e_vs_real,original,251000,252000,13953,0.4643390984154578,0.21561079831728017,ok
v2e_vs_real,original,252000,253000,10475,0.4638696668290907,0.2151750678041316,ok
v2e_vs_real,original,253000,254000,13867,0.46286039495085624,0.2142397452140626,ok
v2e_vs_real,original,254000,255000,13998,0.4602567512222851,0.21183627704569244,ok
v2e_vs_real,original,255000,256000,13824,0.45988545248388946,0.21149462940631175,ok
v2e_vs_real,original,256000,257000,14017,0.46125269622582754,0.21275404977559553,ok
v2e_vs_real,original,257000,258000,10604,0.46040707815575066,0.2119746776159155,ok
v2e_vs_real,original,258000,259000,14133,0.45864174538108277,0.21035225060620596,ok
v2e_vs_real,original,259000,260000,13925,0.4590218346607621,0.21070104469533202,ok
v2e_vs_real,original,260000,261000,13452,0.4605908100175279,0.21214389427260244,ok
v2e_vs_real,original,261000,262000,10001,0.4567767333703584,0.2086449841484955,ok
v2e_vs_real,original,262000,263000,12776,0.4578698290663093,0.2096447803692113,ok
v2e_vs_real,original,263000,264000,12169,0.45884060572286045,0.21053470146012146,ok
v2e_vs_real,original,264000,265000,11925,0.45357385945051726,0.2057292459768376,ok
v2e_vs_real,original,265000,266000,12388,0.44476449915165084,0.1978154597056188,ok
v2e_vs_real,original,266000,267000,9641,0.4393229450235871,0.19300465002419775,ok
v2e_vs_real,original,267000,268000,9117,0.44234354194887293,0.1956678091038743,ok
v2e_vs_real,original,268000,269000,11578,0.45089502866692704,0.20330632687654895,ok
v2e_vs_real,original,269000,270000,8663,0.46012444990989065,0.21171450940487946,ok
v2e_vs_real,original,270000,271000,8570,0.461924296328062,0.2133740555381752,ok
v2e_vs_real,original,271000,272000,11725,0.46641768620829815,0.21754545800790248,ok
v2e_vs_real,original,272000,273000,8839,0.4680105106029941,0.21903383803487525,ok
v2e_vs_real,original,273000,274000,12186,0.4666949084133456,0.21780413753894104,ok
v2e_vs_real,original,274000,275000,9194,0.4662415230658401,0.2173811578307543,ok
v2e_vs_real,original,275000,276000,9351,0.4702848547369745,0.2211678445949772,ok
v2e_vs_real,original,276000,277000,12387,0.46638628723921577,0.2175161689247803,ok
v2e_vs_real,original,277000,278000,9142,0.46954075051350963,0.2204685163927899,ok
v2e_vs_real,original,278000,279000,11863,0.47238104780404183,0.22314385432444445,ok
v2e_vs_real,original,279000,280000,8808,0.4726819901841597,0.22342826384445805,ok
v2e_vs_real,original,280000,281000,9008,0.4702478166532346,0.22113300906713415,ok
v2e_vs_real,original,281000,282000,11762,0.4732548756718708,0.22397017734719787,ok
v2e_vs_real,original,282000,283000,9208,0.46452392390172953,0.2157824758770598,ok
v2e_vs_real,original,283000,284000,12529,0.47008783178692126,0.2209825695941288,ok
v2e_vs_real,original,284000,285000,9320,0.4751623732166765,0.22577928092090416,ok
v2e_vs_real,original,285000,286000,9288,0.4744380932921901,0.2250915043667289,ok
v2e_vs_real,original,286000,287000,12283,0.479580985536399,0.22999792168806377,ok
v2e_vs_real,original,287000,288000,9165,0.47966486847965656,0.23007838605360623,ok
v2e_vs_real,original,288000,289000,12245,0.48333046686689146,0.23360834020176727,ok
v2e_vs_real,original,289000,290000,9186,0.4889108665534655,0.23903383543406057,ok
v2e_vs_real,original,290000,291000,9100,0.49718834740289614,0.24719625279322294,ok
v2e_vs_real,original,291000,292000,12159,0.49759682140074135,0.2476025966681213,ok
v2e_vs_real,original,292000,293000,8975,0.5019550260930312,0.25195884822005565,ok
v2e_vs_real,original,293000,294000,8981,0.49546839634231593,0.24548893177402625,ok
v2e_vs_real,original,294000,295000,11598,0.4832384092728323,0.23351936019653738,ok
v2e_vs_real,original,295000,296000,8406,0.4666358193203579,0.21774898787278174,ok
v2e_vs_real,original,296000,297000,11170,0.4496601655044156,0.20219426444145847,ok
v2e_vs_real,original,297000,298000,8182,0.4394259125696213,0.19309513263764447,ok
v2e_vs_real,original,298000,299000,7864,0.42969437650253356,0.18463725719790106,ok
v2e_vs_real,original,299000,300000,11779,0.41126542378914843,0.16913924880446787,ok
v2e_vs_real,original,300000,301000,8196,0.4049665807929314,0.16399793155911782,ok
v2e_vs_real,original,301000,302000,10746,0.38474285878400427,0.14802706738528826,ok
v2e_vs_real,original,302000,303000,8043,0.3663384142711307,0.13420383377068656,ok
v2e_vs_real,original,303000,304000,7970,0.35862065483455996,0.1286087740739686,ok
v2e_vs_real,original,304000,305000,10335,0.35418024275273874,0.12544364435638894,ok
v2e_vs_real,original,305000,306000,7774,0.34601933811392444,0.11972938234879837,ok
v2e_vs_real,original,306000,307000,10308,0.338843404331021,0.11481485265863578,ok
v2e_vs_real,original,307000,308000,7625,0.33540345677321615,0.11249547881542266,ok
v2e_vs_real,original,308000,309000,7482,0.33443935838096145,0.11184968443426918,ok
v2e_vs_real,original,309000,310000,10130,0.3241710805246919,0.10508688944854627,ok
v2e_vs_real,original,310000,311000,7611,0.3210445229476648,0.10306958571469366,ok
v2e_vs_real,original,311000,312000,7537,0.32087319330707476,0.10295960618307937,ok
v2e_vs_real,original,312000,313000,9887,0.3142299190034013,0.09874044199688414,ok
v2e_vs_real,original,313000,314000,7464,0.3090969262104016,0.09554090979271845,ok
v2e_vs_real,original,314000,315000,9918,0.3065692497636013,0.09398470490061733,ok
v2e_vs_real,original,315000,316000,7609,0.29846461239889693,0.08908112485442377,ok
v2e_vs_real,original,316000,317000,7777,0.2887659807351282,0.08338579162992044,ok
v2e_vs_real,original,317000,318000,10351,0.289907152375267,0.08404615699833629,ok
v2e_vs_real,original,318000,319000,7851,0.2916113232541829,0.08503716385005555,ok
v2e_vs_real,original,319000,320000,10244,0.2876585287576202,0.08274742916699862,ok
v2e_vs_real,original,320000,321000,7727,0.2835676136020311,0.0804105914839508,ok
v2e_vs_real,original,321000,322000,7716,0.2855044475062674,0.081512789545859,ok
v2e_vs_real,original,322000,323000,10345,0.27147898347108973,0.07370083846649622,ok
v2e_vs_real,original,323000,324000,7695,0.2716180808253963,0.0737763818312715,ok
v2e_vs_real,original,324000,325000,7568,0.26701423344907155,0.07129660086439527,ok
v2e_vs_real,original,325000,326000,10405,0.25612644348673197,0.0656007550531621,ok
v2e_vs_real,original,326000,327000,7741,0.24776081185337198,0.06138541989024199,ok
v2e_vs_real,original,327000,328000,10258,0.24514081223594938,0.060094017823700996,ok
v2e_vs_real,original,328000,329000,7750,0.24215792580376272,0.05864046102958065,ok
v2e_vs_real,original,329000,330000,7868,0.23043494394440034,0.05310026339065893,ok
v2e_vs_real,original,330000,331000,10439,0.22172081958279288,0.0491601218364654,ok
v2e_vs_real,original,331000,332000,7722,0.20993779234867968,0.044073876656237354,ok
v2e_vs_real,original,332000,333000,10798,0.19433042780646367,0.037764315171443186,ok
v2e_vs_real,original,333000,334000,8199,0.18239594081653657,0.033268279226349506,ok
v2e_vs_real,original,334000,335000,8391,0.17495145769295758,0.03060801254889073,ok
v2e_vs_real,original,335000,336000,11362,0.16696405856339475,0.02787699685196071,ok
v2e_vs_real,original,336000,337000,8616,0.16495545878586176,0.027210303383254142,ok
v2e_vs_real,original,337000,338000,11747,0.16094538635902822,0.025903417390256867,ok
v2e_vs_real,original,338000,339000,8880,0.15796353686423187,0.024952478978657544,ok
v2e_vs_real,original,339000,340000,9063,0.16290365392336148,0.026537600461582322,ok
v2e_vs_real,original,340000,341000,12044,0.15487114962862844,0.02398507298729302,ok
v2e_vs_real,original,341000,342000,8986,0.14631044159345358,0.021406745319271392,ok
v2e_vs_real,original,342000,343000,12461,0.13695722796012158,0.018757282290520705,ok
v2e_vs_real,original,343000,344000,9711,0.1342732049904834,0.018029293578416372,ok
v2e_vs_real,original,344000,345000,9998,0.12245802069068776,0.014995966831480911,ok
v2e_vs_real,original,345000,346000,13915,0.10137328854933182,0.01027654363130609,ok
v2e_vs_real,original,346000,347000,10758,0.09055305001164544,0.00819985486641156,ok
v2e_vs_real,original,347000,348000,10951,0.08442634750325609,0.007127808152740556,ok
v2e_vs_real,original,348000,349000,15173,0.08125575505973787,0.006602497730328116,ok
v2e_vs_real,original,349000,350000,12068,0.07995512630443638,0.006392822222358374,ok
v2e_vs_real,original,350000,351000,16355,0.08384383031048862,0.007029787881134009,ok
v2e_vs_real,original,351000,352000,12655,0.08474918948243296,0.007182425117929325,ok
v2e_vs_real,original,352000,353000,12766,0.09262731400124563,0.008579819299085356,ok
v2e_vs_real,original,353000,354000,17315,0.09918133777850215,0.009836937763533338,ok
v2e_vs_real,original,354000,355000,13003,0.10905839210464158,0.011893732888449748,ok
v2e_vs_real,original,355000,356000,17570,0.11745359376793957,0.013795346689004173,ok
v2e_vs_real,original,356000,357000,13126,0.12623156215079548,0.01593440728303014,ok
v2e_vs_real,original,357000,358000,13252,0.13069817106400258,0.017082011919475282,ok
v2e_vs_real,original,358000,359000,17951,0.1376049486495829,0.018935121892854345,ok
v2e_vs_real,original,359000,360000,13333,0.1470189871178078,0.021614582573146135,ok
v2e_vs_real,original,360000,361000,17679,0.14816987864975426,0.0219543129390829,ok
v2e_vs_real,original,361000,362000,13172,0.15608151825208866,0.024361440339877083,ok
v2e_vs_real,original,362000,363000,13127,0.15805933652620638,0.024982753863104556,ok
v2e_vs_real,original,363000,364000,17279,0.16110228517108982,0.02595394628734715,ok
v2e_vs_real,original,364000,365000,12566,0.1640006063258745,0.026896198875254462,ok
v2e_vs_real,original,365000,366000,16755,0.15881477495307691,0.025222132743396464,ok
v2e_vs_real,original,366000,367000,12321,0.1657748448243603,0.02748129917654074,ok
v2e_vs_real,original,367000,368000,11906,0.17693714694466467,0.031306753968917855,ok
v2e_vs_real,original,368000,369000,15404,0.190349182851339,0.036232811412172494,ok
v2e_vs_real,original,369000,370000,11365,0.2040431535715196,0.041633608519410725,ok
v2e_vs_real,original,370000,371000,11060,0.21338211037879853,0.04553192502970976,ok
v2e_vs_real,original,371000,372000,14691,0.22552216006232131,0.05086024467917527,ok
v2e_vs_real,original,372000,373000,11036,0.23585085874402703,0.05562562757029499,ok
v2e_vs_real,original,373000,374000,14953,0.2461361039928261,0.0605829816887673,ok
v2e_vs_real,original,374000,375000,11487,0.26209470094223974,0.06869363226200209,ok
v2e_vs_real,original,375000,376000,11917,0.27057853934124976,0.07321274595204424,ok
v2e_vs_real,original,376000,377000,16157,0.28143850295032125,0.079207630942918,ok
v2e_vs_real,original,377000,378000,12115,0.2923409038982569,0.08546320409204988,ok
v2e_vs_real,original,378000,379000,16338,0.30082617403603334,0.09049638698515783,ok
v2e_vs_real,original,379000,380000,12357,0.31204875757341166,0.09737442710310984,ok
v2e_vs_real,original,380000,381000,12445,0.31973351030811475,0.10222951761394933,ok
v2e_vs_real,original,381000,382000,16930,0.32402651321782217,0.10499318126809948,ok
v2e_vs_real,original,382000,383000,13344,0.3256865982403939,0.10607176027339976,ok
v2e_vs_real,original,383000,384000,17616,0.32991244722538887,0.108842222834245,ok
v2e_vs_real,original,384000,385000,13119,0.3364572329616425,0.11320346961220495,ok
v2e_vs_real,original,385000,386000,12946,0.34265424592521093,0.11741193225057495,ok
v2e_vs_real,original,386000,387000,16747,0.34448944826954936,0.11867297996905851,ok
v2e_vs_real,original,387000,388000,12565,0.34881800178657896,0.12167399837038179,ok
v2e_vs_real,original,388000,389000,12431,0.3570816468797738,0.12750730253837148,ok
v2e_vs_real,original,389000,390000,16452,0.36610593168946287,0.13403355321820964,ok
v2e_vs_real,original,390000,391000,12239,0.37458215168493947,0.14031178836091898,ok
v2e_vs_real,original,391000,392000,16473,0.386051583395483,0.14903582504215956,ok
v2e_vs_real,original,392000,393000,12346,0.3958767985988565,0.1567184396688796,ok
v2e_vs_real,original,393000,394000,12189,0.39693692355046883,0.15755892127771073,ok
v2e_vs_real,original,394000,395000,15939,0.40113812598527127,0.16091179611897538,ok
v2e_vs_real,original,395000,396000,11534,0.40395740493477456,0.1631815850016374,ok
v2e_vs_real,original,396000,397000,14940,0.40375975953929166,0.16302194342322662,ok
v2e_vs_real,original,397000,398000,10819,0.40339047777465176,0.16272387755926182,ok
v2e_vs_real,original,398000,399000,10382,0.4059027015990466,0.1647570031654047,ok
v2e_vs_real,original,399000,400000,13441,0.38216179811515333,0.1460476399386072,ok
v2e_vs_real,original,400000,401000,12208,0.39022013887143614,0.1522717567808429,ok
v2e_vs_real,original,401000,402000,11534,0.40145313376721437,0.16116461861151693,ok
v2e_vs_real,original,402000,403000,11373,0.41342700154260437,0.1709218856045086,ok
v2e_vs_real,original,403000,404000,8806,0.42288657575996375,0.17883305595798757,ok
v2e_vs_real,original,404000,405000,11927,0.4300417382103226,0.18493589660295562,ok
v2e_vs_real,original,405000,406000,12302,0.4352286490549368,0.18942397695818533,ok
v2e_vs_real,original,406000,407000,12487,0.4425462700299945,0.19584720111746085,ok
v2e_vs_real,original,407000,408000,12700,0.44557094323831975,0.19853346545828596,ok
v2e_vs_real,original,408000,409000,12815,0.4526434012942538,0.2048860487352309,ok
v2e_vs_real,original,409000,410000,9708,0.4606670816978965,0.21221416016005643,ok
v2e_vs_real,original,410000,411000,12839,0.4605836746508203,0.2121373213548527,ok
v2e_vs_real,original,411000,412000,12844,0.4647068604310406,0.21595246613167463,ok
v2e_vs_real,original,412000,413000,12896,0.4661291767940603,0.21727640945870833,ok
v2e_vs_real,original,413000,414000,12935,0.4671172161855319,0.21819849365692096,ok
v2e_vs_real,original,414000,415000,12984,0.4682223673932924,0.2192321853273793,ok
v2e_vs_real,original,415000,416000,13291,0.4599402754518643,0.2115450569827368,ok
v2e_vs_real,original,416000,417000,10189,0.4597343519036183,0.2113556743202399,ok
v2e_vs_real,original,417000,418000,13170,0.46100292234187945,0.21252369440775293,ok
v2e_vs_real,original,418000,419000,13096,0.4572459232003581,0.20907383428334778,ok
v2e_vs_real,original,419000,420000,13015,0.4585524483643888,0.21027034790097546,ok
v2e_vs_real,original,420000,421000,13066,0.4591270183317617,0.21079761896221388,ok
v2e_vs_real,original,421000,422000,13075,0.4600848047272325,0.21167802754089568,ok
v2e_vs_real,original,422000,423000,9749,0.46309415402574305,0.2144561954928186,ok
v2e_vs_real,original,423000,424000,13048,0.46647451445346905,0.21759847263459972,ok
v2e_vs_real,original,424000,425000,13275,0.4720163117830978,0.22279939858931858,ok
v2e_vs_real,original,425000,426000,13177,0.47356355192375466,0.2242624377106427,ok
v2e_vs_real,original,426000,427000,12911,0.4743761269391589,0.225032709809797,ok
v2e_vs_real,original,427000,428000,12549,0.4721467011012942,0.22292250736083485,ok
v2e_vs_real,original,428000,429000,9099,0.47105369817674614,0.22189158656598904,ok
v2e_vs_real,original,429000,430000,11819,0.46835838797985035,0.21935957959108404,ok
v2e_vs_real,original,430000,431000,10942,0.46559185932661146,0.21677577947121113,ok
v2e_vs_real,original,431000,432000,10457,0.46390734469120054,0.21521002445844034,ok
v2e_vs_real,original,432000,433000,10164,0.45608260213580243,0.20801133997096466,ok
v2e_vs_real,original,433000,434000,9979,0.45697684443176556,0.20882783634681404,ok
v2e_vs_real,original,434000,435000,7379,0.4674769740375358,0.21853472125529091,ok
v2e_vs_real,original,435000,436000,9797,0.4741645094996863,0.2248319820690781,ok
v2e_vs_real,original,436000,437000,9630,0.4802250235292347,0.230616073223654,ok
v2e_vs_real,original,437000,438000,9756,0.48099438473038875,0.23135559814216525,ok
v2e_vs_real,original,438000,439000,9837,0.47611788442471925,0.2266882398690703,ok
v2e_vs_real,original,439000,440000,9856,0.47865096808344926,0.22910674924722316,ok
v2e_vs_real,original,440000,441000,7359,0.4753105247707923,0.22592009495788595,ok
v2e_vs_real,original,441000,442000,10029,0.4776033886324917,0.2281049968332389,ok
v2e_vs_real,original,442000,443000,10000,0.4783099509023364,0.2287804091321955,ok
v2e_vs_real,original,443000,444000,10048,0.4791987764001432,0.22963146730339445,ok
v2e_vs_real,original,444000,445000,9905,0.47982331729868216,0.23023041582351184,ok
v2e_vs_real,original,445000,446000,9881,0.48128628898680664,0.23163649196669198,ok
v2e_vs_real,original,446000,447000,10013,0.4726634738126728,0.22341075947666322,ok
v2e_vs_real,original,447000,448000,7385,0.4785340823481261,0.22899486796876312,ok
v2e_vs_real,original,448000,449000,10099,0.47074429661867023,0.22160019279900658,ok
v2e_vs_real,original,449000,450000,10183,0.4624210434953099,0.21383322146729125,ok
v2e_vs_real,original,450000,451000,10043,0.45801397234140573,0.20977679885995396,ok
v2e_vs_real,original,451000,452000,9942,0.45570693187174427,0.20766880775595856,ok
v2e_vs_real,original,452000,453000,9813,0.455751995001458,0.207709880947809,ok
v2e_vs_real,original,453000,454000,7297,0.46061412401396257,0.21216537124115006,ok
v2e_vs_real,original,454000,455000,9410,0.4621912914928592,0.21362078993183717,ok
v2e_vs_real,original,455000,456000,9408,0.46154011664092204,0.21301927926891592,ok
v2e_vs_real,original,456000,457000,9321,0.45975804083446414,0.2113774561119448,ok
v2e_vs_real,original,457000,458000,9122,0.4567935017927307,0.20866030328006546,ok
v2e_vs_real,original,458000,459000,9355,0.45667066269759443,0.20854809416866005,ok
v2e_vs_real,original,459000,460000,6924,0.4612171307697728,0.2127212417155017,ok
v2e_vs_real,original,460000,461000,8925,0.4592568550258037,0.2109168588881921,ok
v2e_vs_real,original,461000,462000,8990,0.451472842843139,0.2038277278248657,ok
v2e_vs_real,original,462000,463000,8898,0.44517608609460096,0.19818174763050758,ok
v2e_vs_real,original,463000,464000,8983,0.4336186212084808,0.188025108658744,ok
v2e_vs_real,original,464000,465000,9171,0.42526551781823946,0.18085076064521535,ok
v2e_vs_real,original,465000,466000,9294,0.41255661756622586,0.17020296269768515,ok
v2e_vs_real,original,466000,467000,6546,0.40429779609866334,0.16345670793023637,ok
v2e_vs_real,original,467000,468000,8136,0.4073903109861912,0.1659668654854256,ok
v2e_vs_real,original,468000,469000,7709,0.4113843200960206,0.16923705882086512,ok
v2e_vs_real,original,469000,470000,7738,0.4036929017727218,0.16296795894168042,ok
v2e_vs_real,original,470000,471000,7885,0.39070268386865004,0.15264858718216628,ok
v2e_vs_real,original,471000,472000,8164,0.37747502300887065,0.1424873929955474,ok
v2e_vs_real,original,472000,473000,6439,0.36116112369645226,0.13043735726968408,ok
v2e_vs_real,original,473000,474000,8975,0.350603310554269,0.12292268137161322,ok
v2e_vs_real,original,474000,475000,9609,0.3386348228448027,0.1146735432431309,ok
v2e_vs_real,original,475000,476000,10162,0.329949116199281,0.10886641928068663,ok
v2e_vs_real,original,476000,477000,10705,0.3256010431723624,0.10601603931493059,ok
v2e_vs_real,original,477000,478000,10704,0.3202056835823991,0.1025316797984715,ok
v2e_vs_real,original,478000,479000,8156,0.3175950069887411,0.10086658846417851,ok
v2e_vs_real,original,479000,480000,10957,0.3121038547432656,0.09740881614560543,ok
v2e_vs_real,original,480000,481000,10940,0.3069727695609537,0.0942322812519224,ok
v2e_vs_real,original,481000,482000,11100,0.3040540464282188,0.09244886314937345,ok
v2e_vs_real,original,482000,483000,10965,0.29752532528945536,0.08852131918859624,ok
v2e_vs_real,original,483000,484000,10942,0.290558761110851,0.08442439365827259,ok
v2e_vs_real,original,484000,485000,8114,0.28075709140135363,0.07882454437214803,ok
v2e_vs_real,original,485000,486000,10726,0.27621106496126174,0.07629255240703436,ok
v2e_vs_real,original,486000,487000,10540,0.27272340878890905,0.0743780577014424,ok
v2e_vs_real,original,487000,488000,10361,0.27162969524620906,0.0737826913395484,ok
v2e_vs_real,original,488000,489000,10383,0.2715481063170985,0.07373837404440226,ok
v2e_vs_real,original,489000,490000,10233,0.26897873540652295,0.07234956010089227,ok
v2e_vs_real,original,490000,491000,10291,0.2661694940482571,0.07084619956190519,ok
v2e_vs_real,original,491000,492000,7749,0.26464788931646377,0.07003850531965927,ok
v2e_vs_real,original,492000,493000,10193,0.26118575408410355,0.06821799813648183,ok
v2e_vs_real,original,493000,494000,10103,0.2547186695148912,0.06488160059943637,ok
v2e_vs_real,original,494000,495000,10091,0.24919624225594672,0.06209876715448448,ok
v2e_vs_real,original,495000,496000,10167,0.24400258478909564,0.05953726138375981,ok
v2e_vs_real,original,496000,497000,10176,0.23631188086573132,0.055843305038299595,ok
v2e_vs_real,original,497000,498000,7520,0.23532776782706208,0.055379158310467635,ok
v2e_vs_real,original,498000,499000,9854,0.2346483237183276,0.05505983582382107,ok
v2e_vs_real,original,499000,500000,10838,0.20925725332637227,0.04378859806969754,ok
v2e_vs_real,original,500000,501000,10828,0.1857228857615505,0.034492990295597936,ok
v2e_vs_real,original,501000,502000,10856,0.16355779903132583,0.02675115362397157,ok
v2e_vs_real,original,502000,503000,10590,0.15813502563709522,0.025006686333244765,ok
v2e_vs_real,original,503000,504000,8031,0.14074855665098474,0.01981015619933546,ok
v2e_vs_real,original,504000,505000,10980,0.12903826792032302,0.016650874587877063,ok
v2e_vs_real,original,505000,506000,11165,0.12065881244709607,0.014558549021143508,ok
v2e_vs_real,original,506000,507000,11201,0.11198345533387162,0.012540294268513219,ok
v2e_vs_real,original,507000,508000,11490,0.10769901322479694,0.011599077449594986,ok
v2e_vs_real,original,508000,509000,12035,0.10217085553352226,0.010438883720451875,ok
v2e_vs_real,original,509000,510000,9304,0.1012212912130425,0.010245749794835557,ok
v2e_vs_real,original,510000,511000,12674,0.10379121960874622,0.010772617267870988,ok
v2e_vs_real,original,511000,512000,13097,0.10193507254935703,0.010390759015642681,ok
v2e_vs_real,original,512000,513000,13467,0.10528047306543682,0.011083978008882167,ok
v2e_vs_real,original,513000,514000,13659,0.10859629536172007,0.011793155366289942,ok
v2e_vs_real,original,514000,515000,13755,0.10985587742883189,0.012068313805658537,ok
v2e_vs_real,original,515000,516000,13989,0.11452750164025205,0.013116548631957936,ok
v2e_vs_real,original,516000,517000,10458,0.11408135526642767,0.013014555619424883,ok
v2e_vs_real,original,517000,518000,14053,0.11772330522298048,0.013858776592623023,ok
v2e_vs_real,original,518000,519000,14033,0.11501269077294216,0.013227919038832414,ok
v2e_vs_real,original,519000,520000,13956,0.1206615073833072,0.014559199364011899,ok
v2e_vs_real,original,520000,521000,13752,0.12456507918423278,0.015516458952174184,ok
v2e_vs_real,original,521000,522000,13666,0.1272137585556073,0.016183340365844345,ok
v2e_vs_real,original,522000,523000,10358,0.12936552585457356,0.016735439279630338,ok
v2e_vs_real,original,523000,524000,13374,0.13670395975328783,0.018687972612228543,ok
v2e_vs_real,original,524000,525000,13283,0.14141594564972482,0.019998469684005926,ok
v2e_vs_real,original,525000,526000,13203,0.14850396768362387,0.022053428417778798,ok
v2e_vs_real,original,526000,527000,13209,0.15574879033081437,0.024257685689511976,ok
v2e_vs_real,original,527000,528000,13353,0.15953994527785909,0.025452994139262275,ok
v2e_vs_real,original,528000,529000,9759,0.16772657789870102,0.028132204933609017,ok
v2e_vs_real,original,529000,530000,13052,0.17354301092676522,0.030117176641527355,ok
v2e_vs_real,original,530000,531000,12703,0.18190136979667157,0.033088108333905464,ok
v2e_vs_real,original,531000,532000,12451,0.1867184255526046,0.034863770440843544,ok
v2e_vs_real,original,532000,533000,13546,0.18194125709781647,0.03310262103433376,ok
v2e_vs_real,original,533000,534000,10606,0.18948958795910195,0.035906303944910234,ok
v2e_vs_real,original,534000,535000,10231,0.20209818643977884,0.04084367696224761,ok
v2e_vs_real,original,535000,536000,13378,0.2161368461504932,0.04671513626388196,ok
v2e_vs_real,original,536000,537000,10013,0.22667881050169833,0.05138328313046486,ok
v2e_vs_real,original,537000,538000,13221,0.24265426152510405,0.0588810906362936,ok
v2e_vs_real,original,538000,539000,10072,0.2574929636532455,0.06630262633093159,ok
v2e_vs_real,original,539000,540000,10160,0.27023124032647505,0.07302492324838511,ok
v2e_vs_real,original,540000,541000,13735,0.28335472051263333,0.08028989763679256,ok
v2e_vs_real,original,541000,542000,10522,0.29768966629609184,0.08861913741947852,ok
v2e_vs_real,original,542000,543000,14150,0.3026935305998756,0.09162337346701782,ok
v2e_vs_real,original,543000,544000,10761,0.30958965836128965,0.09584575656426003,ok
v2e_vs_real,original,544000,545000,10745,0.3182197127809553,0.10126378560239369,ok
v2e_vs_real,original,545000,546000,14686,0.3217335001852885,0.10351244514147706,ok
v2e_vs_real,original,546000,547000,11066,0.32520600986536913,0.10575894885255455,ok
v2e_vs_real,original,547000,548000,11143,0.33203033527643044,0.11024414354377882,ok
v2e_vs_real,original,548000,549000,15142,0.33379891033043374,0.11142171253778493,ok
v2e_vs_real,original,549000,550000,11721,0.3364151651645339,0.11317516335268063,ok
v2e_vs_real,original,550000,551000,15672,0.3398874232074617,0.11552346045460815,ok
v2e_vs_real,original,551000,552000,11572,0.3454176319743003,0.11931334047873315,ok
v2e_vs_real,original,552000,553000,11804,0.3468905022367633,0.1203330205420739,ok
v2e_vs_real,original,553000,554000,15433,0.35357215557043337,0.12501326919472272,ok
v2e_vs_real,original,554000,555000,11594,0.3567572401652746,0.12727572841034343,ok
v2e_vs_real,original,555000,556000,15510,0.3603038721435149,0.12981888028161032,ok
v2e_vs_real,original,556000,557000,11439,0.3640901872404899,0.13256166444481499,ok
v2e_vs_real,original,557000,558000,11385,0.36788175090707936,0.1353369826504584,ok
v2e_vs_real,original,558000,559000,14980,0.36988318378177265,0.1368135696445406,ok
v2e_vs_real,original,559000,560000,11063,0.37223450803881475,0.13855852897489843,ok
v2e_vs_real,original,560000,561000,14543,0.37463482824385497,0.14035125453330272,ok
v2e_vs_real,original,561000,562000,10680,0.3785442689779222,0.1432957635760295,ok
v2e_vs_real,original,562000,563000,10553,0.37954908501946416,0.14405750793911243,ok
v2e_vs_real,original,563000,564000,13522,0.3790047326905486,0.14364458740183417,ok
v2e_vs_real,original,564000,565000,10169,0.3815260576768026,0.1455621326864029,ok
v2e_vs_real,original,565000,566000,10109,0.3772117334409793,0.14228869184554843,ok
v2e_vs_real,original,566000,567000,13542,0.3807848204923653,0.14499707951740284,ok
v2e_vs_real,original,567000,568000,9587,0.3936374970492382,0.154950479083189,ok
v2e_vs_real,original,568000,569000,12360,0.4050855473347912,0.16409430065952735,ok
v2e_vs_real,original,569000,570000,9040,0.4178965983829304,0.17463756694002422,ok
v2e_vs_real,original,570000,571000,9037,0.4255448213254148,0.18108839495687923,ok
v2e_vs_real,original,571000,572000,12229,0.43830329032593623,0.19210977431054194,ok
v2e_vs_real,original,572000,573000,9274,0.45286657784141643,0.2050881373257957,ok
v2e_vs_real,original,573000,574000,12672,0.460608307643361,0.21216001307008112,ok
v2e_vs_real,original,574000,575000,9815,0.46888837870930383,0.21985631168863953,ok
v2e_vs_real,original,575000,576000,9879,0.4714843336987265,0.22229747692333207,ok
v2e_vs_real,original,576000,577000,13652,0.4684245586185817,0.21942156711701308,ok
v2e_vs_real,original,577000,578000,10339,0.4681274185205834,0.21914327997074548,ok
v2e_vs_real,original,578000,579000,14062,0.4668219440416886,0.21792272743886143,ok
v2e_vs_real,original,579000,580000,10871,0.4660770187111994,0.21722778737071968,ok
v2e_vs_real,original,580000,581000,11078,0.4674207333505251,0.21848214196594268,ok
v2e_vs_real,original,581000,582000,14981,0.4639417109878504,0.2152419111943341,ok
v2e_vs_real,original,582000,583000,11259,0.46497228302785865,0.2161992239841391,ok
v2e_vs_real,original,583000,584000,15239,0.46565808720157587,0.21683745417623043,ok
v2e_vs_real,original,584000,585000,11492,0.4657178469881013,0.21689311300323252,ok
v2e_vs_real,original,585000,586000,11564,0.46623320466338286,0.21737340113068784,ok
v2e_vs_real,original,586000,587000,15403,0.4644564486074719,0.21571979265306515,ok
v2e_vs_real,original,587000,588000,11431,0.4638538335140227,0.2151603788656547,ok
v2e_vs_real,original,588000,589000,11497,0.4613865716292105,0.21287756847975658,ok
v2e_vs_real,original,589000,590000,15580,0.46043190259315336,0.21199753692555107,ok
v2e_vs_real,original,590000,591000,11473,0.46148892726627205,0.21297202998937456,ok
v2e_vs_real,original,591000,592000,15400,0.4594719721803693,0.21111449321931802,ok
v2e_vs_real,original,592000,593000,11432,0.46025333987089595,0.21183313686231445,ok
v2e_vs_real,original,593000,594000,11215,0.4599080062758995,0.21151537423667283,ok
v2e_vs_real,original,594000,595000,14478,0.45961270663775966,0.2112438401028873,ok
v2e_vs_real,original,595000,596000,10461,0.4598740464395995,0.21148413858873094,ok
v2e_vs_real,original,596000,597000,13647,0.4583663309748607,0.21009969337135553,ok
v2e_vs_real,original,597000,598000,9749,0.4597784266036439,0.21139620157012234,ok
v2e_vs_real,original,598000,599000,9355,0.4567319293725152,0.20860405530834022,ok
v2e_vs_real,original,599000,600000,13836,0.4325958597875326,0.1871391779053146,ok
v2e_vs_real,original,600000,601000,9222,0.43872130068116805,0.19247637967137585,ok
v2e_vs_real,original,601000,602000,11983,0.4405637570581329,0.19409642403317753,ok
v2e_vs_real,original,602000,603000,8646,0.4526560073328643,0.20489746097453013,ok
v2e_vs_real,original,603000,604000,8636,0.4563857839138263,0.20828798375863775,ok
v2e_vs_real,original,604000,605000,11481,0.462155199047027,0.21358742800619718,ok
v2e_vs_real,original,605000,606000,8640,0.4630891623166627,0.21445157225514835,ok
v2e_vs_real,original,606000,607000,8899,0.46576044416707046,0.21693279135070676,ok
v2e_vs_real,original,607000,608000,11937,0.4644834778217663,0.21574490116940329,ok
v2e_vs_real,original,608000,609000,8929,0.4666793235350538,0.21778959101513543,ok
v2e_vs_real,original,609000,610000,12051,0.46797472690352265,0.21900034502042662,ok
v2e_vs_real,original,610000,611000,8870,0.470624125582126,0.22148706757994074,ok
v2e_vs_real,original,611000,612000,8803,0.4724777096208281,0.22323518608854354,ok
v2e_vs_real,original,612000,613000,11649,0.47163557539205697,0.22244011597539667,ok
v2e_vs_real,original,613000,614000,8648,0.47042594141634325,0.2213005663574528,ok
v2e_vs_real,original,614000,615000,11572,0.47008380877001615,0.22097878726772513,ok
v2e_vs_real,original,615000,616000,8903,0.4708757639620182,0.22172398508681426,ok
v2e_vs_real,original,616000,617000,8966,0.46964196738446895,0.2205635775287546,ok
v2e_vs_real,original,617000,618000,12118,0.47207587945065976,0.22285563595911387,ok
v2e_vs_real,original,618000,619000,8925,0.47526949698625737,0.22588109476557008,ok
v2e_vs_real,original,619000,620000,11846,0.4784587972055665,0.2289228206233974,ok
v2e_vs_real,original,620000,621000,8822,0.48085208204912855,0.23121872481098185,ok
v2e_vs_real,original,621000,622000,8747,0.4822151219961016,0.23253142388171516,ok
v2e_vs_real,original,622000,623000,11674,0.48445112743210406,0.23469289487023673,ok
v2e_vs_real,original,623000,624000,8945,0.4887349299245907,0.23886183172839462,ok
v2e_vs_real,original,624000,625000,11894,0.49328823491191387,0.2433332827025115,ok
v2e_vs_real,original,625000,626000,8772,0.490241856407855,0.24033707777421995,ok
v2e_vs_real,original,626000,627000,8609,0.4859545895190722,0.23615186307464997,ok
v2e_vs_real,original,627000,628000,11003,0.476386863054675,0.22694444329107366,ok
v2e_vs_real,original,628000,629000,8071,0.46414259452342943,0.2154283480509406,ok
v2e_vs_real,original,629000,630000,8050,0.44286203429356813,0.1961267814186375,ok
v2e_vs_real,original,630000,631000,10320,0.43541470846705854,0.18958596834945357,ok
v2e_vs_real,original,631000,632000,7392,0.43165675748348264,0.18632755628115413,ok
v2e_vs_real,original,632000,633000,11219,0.40605525138982485,0.16488086718125383,ok
v2e_vs_real,original,633000,634000,8152,0.4039620998020614,0.16318537807649058,ok
v2e_vs_real,original,634000,635000,7698,0.38989953784368353,0.152021649610718,ok
v2e_vs_real,original,635000,636000,10444,0.36347738132251733,0.13211580673307466,ok
v2e_vs_real,original,636000,637000,7765,0.3554215476081325,0.12632447650416,ok
v2e_vs_real,original,637000,638000,10220,0.34757133109063176,0.12080583019611357,ok
v2e_vs_real,original,638000,639000,7598,0.3478372935985153,0.12099078281793973,ok
v2e_vs_real,original,639000,640000,7476,0.33778067407771223,0.11409578378039364,ok
v2e_vs_real,original,640000,641000,9772,0.3362457436258894,0.11306120010652732,ok
v2e_vs_real,original,641000,642000,7326,0.3331988845615391,0.11102149667305389,ok
v2e_vs_real,original,642000,643000,9727,0.3270633267943412,0.10697041973378202,ok
v2e_vs_real,original,643000,644000,7411,0.3206745829731712,0.10283218816501727,ok
v2e_vs_real,original,644000,645000,7389,0.31874256041628424,0.1015968198207286,ok
v2e_vs_real,original,645000,646000,9896,0.3128456363164125,0.09787239216222104,ok
v2e_vs_real,original,646000,647000,7305,0.3128924976686318,0.09790171509731477,ok
v2e_vs_real,original,647000,648000,7384,0.3071411842590971,0.09433570706808064,ok
v2e_vs_real,original,648000,649000,10115,0.29580361099318286,0.08749977627660627,ok
v2e_vs_real,original,649000,650000,7631,0.28941981306326314,0.0837638281935742,ok
v2e_vs_real,original,650000,651000,10293,0.28524802552149275,0.0813664360639102,ok
v2e_vs_real,original,651000,652000,7769,0.28729688884031773,0.08253950233732588,ok
v2e_vs_real,original,652000,653000,7587,0.2918173422494304,0.08515736123752121,ok
v2e_vs_real,original,653000,654000,10263,0.2831378364709778,0.08016703444146617,ok
v2e_vs_real,original,654000,655000,7685,0.2788824304893883,0.07777541003566851,ok
v2e_vs_real,original,655000,656000,10401,0.2773657550009134,0.07693176204722674,ok
v2e_vs_real,original,656000,657000,7563,0.27632417184805635,0.07635504794751419,ok
v2e_vs_real,original,657000,658000,7699,0.2689593852279881,0.07233915090221732,ok
v2e_vs_real,original,658000,659000,10262,0.25950369072362145,0.06734216549918098,ok
v2e_vs_real,original,659000,660000,7554,0.26008258659540157,0.06764295185015456,ok
v2e_vs_real,original,660000,661000,10326,0.24665218902235764,0.06083730234952084,ok
v2e_vs_real,original,661000,662000,7566,0.2442200421066145,0.059643428966556555,ok
v2e_vs_real,original,662000,663000,7642,0.23656270851234507,0.05596191505869674,ok
v2e_vs_real,original,663000,664000,10335,0.21847801350465595,0.04773264238494063,ok
v2e_vs_real,original,664000,665000,7549,0.21752365212291047,0.04731653923288898,ok
v2e_vs_real,original,665000,666000,7872,0.20034318296631504,0.04013739096107438,ok
v2e_vs_real,original,666000,667000,9910,0.17740566440293884,0.031472769762248165,ok
v2e_vs_real,original,667000,668000,10048,0.16285129230812748,0.026520543406427177,ok
v2e_vs_real,original,668000,669000,10195,0.15747947793847408,0.024799785971774346,ok
v2e_vs_real,original,669000,670000,10597,0.15342328150254905,0.02353870330701041,ok
v2e_vs_real,original,670000,671000,7061,0.1520749221214321,0.023126781938239638,ok
v2e_vs_real,original,671000,672000,10749,0.1501521576093345,0.02254567043473843,ok
v2e_vs_real,original,672000,673000,10859,0.1528129023710985,0.023351783131078885,ok
v2e_vs_real,original,673000,674000,10899,0.14870016670444272,0.022111739577929057,ok
v2e_vs_real,original,674000,675000,10989,0.14540306839941922,0.021142052299966185,ok
v2e_vs_real,original,675000,676000,7551,0.1389464443654252,0.019306114401794194,ok
v2e_vs_real,original,676000,677000,11397,0.13941013100398517,0.019435184626548307,ok
v2e_vs_real,original,677000,678000,11894,0.13151111333592044,0.01729517293085331,ok
v2e_vs_real,original,678000,679000,12210,0.12515280245722754,0.01566322396289782,ok
v2e_vs_real,original,679000,680000,12672,0.10988144180022694,0.012073931252096659,ok
v2e_vs_real,original,680000,681000,8707,0.10020829103169547,0.01004170159149298,ok
v2e_vs_real,original,681000,682000,13548,0.09481167591588811,0.008989253889979398,ok
v2e_vs_real,original,682000,683000,14241,0.0854313936113921,0.007298523014384606,ok
v2e_vs_real,original,683000,684000,14780,0.0855576786125417,0.007320116369566976,ok
v2e_vs_real,original,684000,685000,10218,0.08342747416869849,0.006960143446168854,ok
v2e_vs_real,original,685000,686000,15337,0.08785899783501423,0.007719203500573035,ok
v2e_vs_real,original,686000,687000,15701,0.09177741926977245,0.008423094687819599,ok
v2e_vs_real,original,687000,688000,15481,0.09598307749058103,0.009212751164562882,ok
v2e_vs_real,original,688000,689000,15751,0.1078907894538524,0.011640422448975507,ok
v2e_vs_real,original,689000,690000,10637,0.11447610621994128,0.013104778895279279,ok
v2e_vs_real,original,690000,691000,16001,0.12046875131209496,0.014512720042695382,ok
v2e_vs_real,original,691000,692000,16304,0.12252603184094484,0.015012628478688228,ok
v2e_vs_real,original,692000,693000,16318,0.1321692508227797,0.017468710863054848,ok
v2e_vs_real,original,693000,694000,16305,0.13927306641688214,0.01939698702916126,ok
v2e_vs_real,original,694000,695000,10770,0.14445282587071906,0.020866618902036282,ok
v2e_vs_real,original,695000,696000,16088,0.15296467963511814,0.02339819321587433,ok
v2e_vs_real,original,696000,697000,15954,0.1555124775828871,0.024184130683967964,ok
v2e_vs_real,original,697000,698000,15450,0.16017673741570518,0.02565658720913977,ok
v2e_vs_real,original,698000,699000,15301,0.15956530720175915,0.02546108726239177,ok
v2e_vs_real,original,699000,700000,10378,0.16115976968573112,0.0259724713651579,ok
v2e_vs_real,original,700000,701000,15116,0.1685547305992988,0.02841069720740219,ok
v2e_vs_real,original,701000,702000,14469,0.17980242149229436,0.03232891077449268,ok
v2e_vs_real,original,702000,703000,14106,0.193080941283024,0.03728024988673856,ok
v2e_vs_real,original,703000,704000,13718,0.20361985884376585,0.04146104691555513,ok
v2e_vs_real,original,704000,705000,9151,0.2152368118402669,0.04632688517116246,ok
v2e_vs_real,original,705000,706000,13393,0.22124186430138768,0.048947962519553634,ok
v2e_vs_real,original,706000,707000,13295,0.23225139616500623,0.05394071102059467,ok
v2e_vs_real,original,707000,708000,13661,0.2461782944407171,0.060603752653740406,ok
v2e_vs_real,original,708000,709000,9320,0.2584922139906145,0.06681822469376963,ok
v2e_vs_real,original,709000,710000,14044,0.2677473851428792,0.0716886622508493,ok
v2e_vs_real,original,710000,711000,14421,0.27601131269152085,0.0761822447336965,ok
v2e_vs_real,original,711000,712000,14274,0.28589993966666344,0.0817387755014018,ok
v2e_vs_real,original,712000,713000,14778,0.2988506602322179,0.08931171712123254,ok
v2e_vs_real,original,713000,714000,10013,0.31076761093973854,0.09657650800919271,ok
v2e_vs_real,original,714000,715000,14986,0.3154538536705429,0.09951113379559628,ok
v2e_vs_real,original,715000,716000,15524,0.32105712122829533,0.10307767509140031,ok
v2e_vs_real,original,716000,717000,15315,0.3275641044235658,0.10729824250681275,ok
v2e_vs_real,original,717000,718000,15535,0.3355643687155908,0.11260344555149299,ok
v2e_vs_real,original,718000,719000,10271,0.3427250871289634,0.11746048534755554,ok
v2e_vs_real,original,719000,720000,15190,0.3444354889173621,0.11863580602574225,ok
v2e_vs_real,original,720000,721000,14652,0.34976639158676376,0.12233652868362538,ok
v2e_vs_real,original,721000,722000,14738,0.35441289289559536,0.12560849865062476,ok
v2e_vs_real,original,722000,723000,14746,0.3659747484987343,0.13393751653871183,ok
v2e_vs_real,original,723000,724000,9788,0.37793912929845674,0.1428379854548756,ok
v2e_vs_real,original,724000,725000,14795,0.3824441771960656,0.14626354867117564,ok
v2e_vs_real,original,725000,726000,14913,0.38720258962336274,0.14992584541103823,ok
v2e_vs_real,original,726000,727000,14637,0.39562639205390354,0.156520242089589,ok
v2e_vs_real,original,727000,728000,9679,0.4037149298455433,0.16298574458019194,ok
v2e_vs_real,original,728000,729000,14016,0.40327673392858665,0.16263212412810807,ok
v2e_vs_real,original,729000,730000,13421,0.4036109929092544,0.1629018335971942,ok
v2e_vs_real,original,730000,731000,12963,0.4069119450556306,0.16557733102895655,ok
v2e_vs_real,original,731000,732000,12561,0.40692666075567285,0.16558930723376244,ok
v2e_vs_real,original,732000,733000,9018,0.39634210925034724,0.15708706756501417,ok
v2e_vs_real,original,733000,734000,12735,0.40377978405123677,0.16303811400846338,ok
v2e_vs_real,original,734000,735000,12462,0.4074159540287337,0.16598775959714324,ok
v2e_vs_real,original,735000,736000,11921,0.4127533383409095,0.1703653183115653,ok
v2e_vs_real,original,736000,737000,12235,0.4230821575944837,0.17899851207480352,ok
v2e_vs_real,original,737000,738000,8252,0.4264230299282191,0.18183660045316286,ok
v2e_vs_real,original,738000,739000,12285,0.4288001688794207,0.1838695848310197,ok
v2e_vs_real,original,739000,740000,12464,0.4366485350319437,0.19066194314554255,ok
v2e_vs_real,original,740000,741000,12399,0.4372044201818367,0.191147705026536,ok
v2e_vs_real,original,741000,742000,12574,0.44714055937523833,0.19993467983840105,ok
v2e_vs_real,original,742000,743000,8605,0.45527451942984,0.20727488804207175,ok
v2e_vs_real,original,743000,744000,12722,0.4555547324080218,0.20753011421934436,ok
v2e_vs_real,original,744000,745000,12903,0.4577689994148088,0.2095524568252352,ok
v2e_vs_real,original,745000,746000,12968,0.4626185759726147,0.21401594683492986,ok
v2e_vs_real,original,746000,747000,8820,0.46764504426113085,0.21869188742199505,ok
v2e_vs_real,original,747000,748000,13176,0.4657614375108422,0.21693371667216618,ok
v2e_vs_real,original,748000,749000,13432,0.4583973294987582,0.21012811169159312,ok
v2e_vs_real,original,749000,750000,13515,0.45603361958328525,0.20796666219023252,ok
v2e_vs_real,original,750000,751000,13634,0.4581538997160876,0.20990499582505887,ok
v2e_vs_real,original,751000,752000,9026,0.45680918984526836,0.20867463592709043,ok
v2e_vs_real,original,752000,753000,13576,0.45760817600939624,0.20940524275064656,ok
v2e_vs_real,original,753000,754000,13595,0.4596450003694286,0.21127352636461205,ok
v2e_vs_real,original,754000,755000,13381,0.46257813548123405,0.21397853142529494,ok
v2e_vs_real,original,755000,756000,13477,0.463381349170273,0.21472227475886246,ok
v2e_vs_real,original,756000,757000,9102,0.4662587262180924,0.21739719977451802,ok
v2e_vs_real,original,757000,758000,13273,0.4708438638715774,0.2216939441455165,ok
v2e_vs_real,original,758000,759000,13563,0.4716320217709803,0.2224367639597824,ok
v2e_vs_real,original,759000,760000,13125,0.4691630423830383,0.2201139603381086,ok
v2e_vs_real,original,760000,761000,13147,0.4704161630430131,0.2212913664521107,ok
v2e_vs_real,original,761000,762000,8461,0.47167982318147317,0.2224818555965058,ok
v2e_vs_real,original,762000,763000,12343,0.4672805875233596,0.21835114747617615,ok
v2e_vs_real,original,763000,764000,11823,0.46674431188035503,0.2178502526726661,ok
v2e_vs_real,original,764000,765000,11384,0.46479008261220717,0.21602982089466238,ok
v2e_vs_real,original,765000,766000,7461,0.4643442783053937,0.21561560879495692,ok
v2e_vs_real,original,766000,767000,11404,0.4607287491138446,0.21227098026000793,ok
v2e_vs_real,original,767000,768000,11145,0.46844544165145974,0.2194411318040312,ok
v2e_vs_real,original,768000,769000,10672,0.47292077722653075,0.22365406153254594,ok
v2e_vs_real,original,769000,770000,10407,0.47303471134856767,0.22376183814062275,ok
v2e_vs_real,original,770000,771000,6904,0.47421307118484785,0.22487803688256558,ok
v2e_vs_real,original,771000,772000,10422,0.47091579670223604,0.22176168758370168,ok
v2e_vs_real,original,772000,773000,10345,0.46667137796975094,0.21778217501618613,ok
v2e_vs_real,original,773000,774000,10084,0.4694259897135733,0.22036075981856784,ok
v2e_vs_real,original,774000,775000,10328,0.4698101389592021,0.22072156666886478,ok
v2e_vs_real,original,775000,776000,6963,0.47258976506453065,0.22334108604374828,ok
v2e_vs_real,original,776000,777000,10342,0.4709556402963439,0.22179921512693926,ok
v2e_vs_real,original,777000,778000,10518,0.4717246610769791,0.22252415586819077,ok
v2e_vs_real,original,778000,779000,10435,0.47292243346730634,0.22365562807663877,ok
v2e_vs_real,original,779000,780000,10434,0.4729095147434646,0.22364340913489916,ok
v2e_vs_real,original,780000,781000,7109,0.47309117975107473,0.22381526435826368,ok
v2e_vs_real,original,781000,782000,10769,0.4618981544209196,0.2133499050574517,ok
v2e_vs_real,original,782000,783000,11062,0.4471104192318511,0.1999077269856816,ok
v2e_vs_real,original,783000,784000,10953,0.4514767538558512,0.20383125927221685,ok
v2e_vs_real,original,784000,785000,10954,0.4422690358314423,0.19560190005527356,ok
v2e_vs_real,original,785000,786000,7263,0.44696823235942096,0.19978060073850532,ok
v2e_vs_real,original,786000,787000,10567,0.45001463793877444,0.20251317435916627,ok
v2e_vs_real,original,787000,788000,10407,0.4534032680569605,0.20557452348473199,ok
v2e_vs_real,original,788000,789000,10139,0.45214554452634614,0.20443559343502607,ok
v2e_vs_real,original,789000,790000,6577,0.4579305515442724,0.20970039003764154,ok
v2e_vs_real,original,790000,791000,9849,0.4499165189810586,0.20242487405203327,ok
v2e_vs_real,original,791000,792000,9780,0.44792308449381396,0.20063508962245238,ok
v2e_vs_real,original,792000,793000,9757,0.4540598109320946,0.20617031190368948,ok
v2e_vs_real,original,793000,794000,9463,0.4492843033644797,0.20185638524970587,ok
v2e_vs_real,original,794000,795000,6468,0.4503524749534763,0.20281735169672152,ok
v2e_vs_real,original,795000,796000,9609,0.44096970385974404,0.19445427972215037,ok
v2e_vs_real,original,796000,797000,9587,0.42737614152920567,0.18265036634839163,ok
v2e_vs_real,original,797000,798000,9686,0.4183045759943157,0.17497871829778422,ok
v2e_vs_real,original,798000,799000,9891,0.40782190983289957,0.16631871013975366,ok
v2e_vs_real,original,799000,800000,7918,0.4098733667456674,0.16799617676742837,ok
v2e_vs_real,original,800000,801000,9250,0.40785364425690596,0.16634459513363878,ok
v2e_vs_real,original,801000,802000,8358,0.4108263304854564,0.16877827382014546,ok
v2e_vs_real,original,802000,803000,5952,0.4107116251880613,0.16868403906461854,ok
v2e_vs_real,original,803000,804000,7786,0.40817578251669523,0.1666074694331165,ok
v2e_vs_real,original,804000,805000,7980,0.3915706877845711,0.15332760353208208,ok
v2e_vs_real,original,805000,806000,8392,0.37502675823359827,0.14064506939120175,ok
v2e_vs_real,original,806000,807000,8969,0.35533568987957415,0.1262634525021929,ok
v2e_vs_real,original,807000,808000,9580,0.3438153941967354,0.11820902528665655,ok
v2e_vs_real,original,808000,809000,7447,0.34017343140354045,0.11571796343285923,ok
v2e_vs_real,original,809000,810000,10311,0.33161875724158013,0.10997100015445005,ok
v2e_vs_real,original,810000,811000,10587,0.32830471056482025,0.1077839829790504,ok
v2e_vs_real,original,811000,812000,10722,0.32486673015561196,0.10553839236199919,ok
v2e_vs_real,original,812000,813000,10854,0.3167457524845344,0.10032787171699392,ok
v2e_vs_real,original,813000,814000,8194,0.31661753345596266,0.10024666249173764,ok
v2e_vs_real,original,814000,815000,10881,0.3094261535066675,0.09574454447393177,ok
v2e_vs_real,original,815000,816000,10916,0.30354432003977855,0.09213915422841151,ok
v2e_vs_real,original,816000,817000,10836,0.29271249682855266,0.08568060579960546,ok
v2e_vs_real,original,817000,818000,10732,0.2834832658048638,0.08036276199139109,ok
v2e_vs_real,original,818000,819000,7877,0.28562807718688393,0.08158339847747653,ok
v2e_vs_real,original,819000,820000,10322,0.27681912119811913,0.07662882586089897,ok
v2e_vs_real,original,820000,821000,10162,0.27541443786365977,0.07585311258375571,ok
v2e_vs_real,original,821000,822000,10109,0.26665135168661214,0.0711029433562973,ok
v2e_vs_real,original,822000,823000,10198,0.27404948428254283,0.0751031198355277,ok
v2e_vs_real,original,823000,824000,7641,0.26859457138673143,0.07214304377842196,ok
v2e_vs_real,original,824000,825000,10182,0.26350702335029025,0.06943595135493041,ok
v2e_vs_real,original,825000,826000,9993,0.26222380356928715,0.0687613231583441,ok
v2e_vs_real,original,826000,827000,9974,0.2595903119570569,0.06738713006196212,ok
v2e_vs_real,original,827000,828000,9926,0.2549942554360961,0.06502207030540902,ok
v2e_vs_real,original,828000,829000,7563,0.2485786756808213,0.061791358003230934,ok
v2e_vs_real,original,829000,830000,10160,0.2413754179047344,0.05826209236868518,ok
v2e_vs_real,original,830000,831000,10015,0.23903835352413114,0.05713933445552749,ok
v2e_vs_real,original,831000,832000,9688,0.23639781166156973,0.055883925358378994,ok
v2e_vs_real,original,832000,833000,10833,0.226508386319065,0.05130604907286679,ok
v2e_vs_real,original,833000,834000,10933,0.201359497012456,0.04054564703710928,ok
v2e_vs_real,original,834000,835000,8206,0.18381303496645598,0.03378723182357957,ok
v2e_vs_real,original,835000,836000,10833,0.1685938001700572,0.02842386945578118,ok
v2e_vs_real,original,836000,837000,10925,0.1536536701383563,0.023609450346986804,ok
v2e_vs_real,original,837000,838000,11122,0.1436921225317886,0.020647426077690545,ok
v2e_vs_real,original,838000,839000,11177,0.13099970305098949,0.017160922199447426,ok
v2e_vs_real,original,839000,840000,8403,0.12221834205305791,0.014937323134198266,ok
v2e_vs_real,original,840000,841000,11471,0.1158998723020906,0.013432780399640909,ok
v2e_vs_real,original,841000,842000,11836,0.10866285222970175,0.011807615454693998,ok
v2e_vs_real,original,842000,843000,12290,0.10355030452192157,0.01072266556658269,ok
v2e_vs_real,original,843000,844000,12723,0.10552494007618356,0.01113551297808213,ok
v2e_vs_real,original,844000,845000,9761,0.10930154676706798,0.011946828125673548,ok
v2e_vs_real,original,845000,846000,13502,0.10679249077798,0.011404636086564945,ok
v2e_vs_real,original,846000,847000,13770,0.10968333966900516,0.01203043500094636,ok
v2e_vs_real,original,847000,848000,13902,0.1096961324685548,0.01203324147855872,ok
v2e_vs_real,original,848000,849000,14203,0.1140304684922395,0.013002947744559623,ok
v2e_vs_real,original,849000,850000,14204,0.11657386743663774,0.01358946656913479,ok
v2e_vs_real,original,850000,851000,10730,0.11800284043512073,0.013924670350756563,ok
v2e_vs_real,original,851000,852000,14204,0.11770075464044705,0.013853467642930717,ok
v2e_vs_real,original,852000,853000,14150,0.11816976523224947,0.013964093415044954,ok
v2e_vs_real,original,853000,854000,13931,0.12102442845100493,0.01464691228189241,ok
v2e_vs_real,original,854000,855000,13927,0.12369338519396297,0.015300053540742098,ok
v2e_vs_real,original,855000,856000,10313,0.12735052133447117,0.016218155284161595,ok
v2e_vs_real,original,856000,857000,13745,0.1317446677805837,0.017356657488616367,ok
v2e_vs_real,original,857000,858000,13366,0.13453788539478556,0.018100442606500455,ok
v2e_vs_real,original,858000,859000,13261,0.14513896073101326,0.021065317922078608,ok
v2e_vs_real,original,859000,860000,13299,0.1481363953962297,0.021944391640988103,ok
v2e_vs_real,original,860000,861000,9819,0.1557829352411289,0.024268322912341767,ok
v2e_vs_real,original,861000,862000,13248,0.16310363996866073,0.0266027973710265,ok
v2e_vs_real,original,862000,863000,13184,0.16738687846199046,0.028018367081249163,ok
v2e_vs_real,original,863000,864000,12891,0.17555269384171054,0.030818748315081357,ok
v2e_vs_real,original,864000,865000,12594,0.18481874886158894,0.03415796993076309,ok
v2e_vs_real,original,865000,866000,9481,0.18321893564996813,0.033569178380707165,ok
v2e_vs_real,original,866000,867000,13078,0.1851625792826987,0.03428518076662168,ok
v2e_vs_real,original,867000,868000,12645,0.19400422183561883,0.037637638090044,ok
v2e_vs_real,original,868000,869000,12233,0.21068654737690318,0.04438882124560006,ok
v2e_vs_real,original,869000,870000,12138,0.22286611915107757,0.0496693070654623,ok
v2e_vs_real,original,870000,871000,11935,0.2399149132017177,0.057559165576587745,ok
v2e_vs_real,original,871000,872000,9006,0.25329641862602936,0.06415907568877272,ok
v2e_vs_real,original,872000,873000,12177,0.2701063870921192,0.07295746034795775,ok
v2e_vs_real,original,873000,874000,12257,0.2858016001684085,0.08168255465882285,ok
v2e_vs_real,original,874000,875000,12496,0.2964400350522778,0.08787669438179568,ok
v2e_vs_real,original,875000,876000,12782,0.3077529482557098,0.09471187716008161,ok
v2e_vs_real,original,876000,877000,9756,0.31039747354321645,0.09634659158201175,ok
v2e_vs_real,original,877000,878000,13162,0.31789600740307894,0.10105787152281842,ok
v2e_vs_real,original,878000,879000,13329,0.3239682867912539,0.10495545084646013,ok
v2e_vs_real,original,879000,880000,13515,0.32985347134132487,0.10880331255592224,ok
v2e_vs_real,original,880000,881000,13717,0.33327876336221557,0.1110747341082477,ok
v2e_vs_real,original,881000,882000,10269,0.3375705411224941,0.11395387023373349,ok
v2e_vs_real,original,882000,883000,14147,0.33747643281205786,0.11389034270355142,ok
v2e_vs_real,original,883000,884000,14175,0.341005498586451,0.11628475006619404,ok
v2e_vs_real,original,884000,885000,14190,0.34328771170137223,0.11784645300516444,ok
v2e_vs_real,original,885000,886000,14210,0.3473304114185382,0.12063841469617104,ok
v2e_vs_real,original,886000,887000,10604,0.3530569666327177,0.12464922168789594,ok
v2e_vs_real,original,887000,888000,14069,0.3567261476028706,0.12725354438358502,ok
v2e_vs_real,original,888000,889000,14142,0.35855264260125014,0.1285599975163398,ok
v2e_vs_real,original,889000,890000,13853,0.3623650687133449,0.13130844302362715,ok
v2e_vs_real,original,890000,891000,13664,0.3653228508432557,0.13346078534824365,ok
v2e_vs_real,original,891000,892000,13649,0.3694401395789268,0.1364860167320969,ok
v2e_vs_real,original,892000,893000,9951,0.37087662561226403,0.13754947142553944,ok
v2e_vs_real,original,893000,894000,13242,0.3730363658396473,0.13915613023885115,ok
v2e_vs_real,original,894000,895000,13036,0.37779590446070593,0.14272974542728284,ok
v2e_vs_real,original,895000,896000,12717,0.3782364035839664,0.1430627769961331,ok
v2e_vs_real,original,896000,897000,12422,0.38020556541999206,0.14455627197633586,ok
v2e_vs_real,original,897000,898000,9156,0.37822558375718524,0.14305459220846353,ok
v2e_vs_real,original,898000,899000,12073,0.37899663497421204,0.1436384493217761,ok
v2e_vs_real,original,899000,900000,12553,0.3716961582844108,0.13815803408338978,ok
v2e_vs_real,original,900000,901000,11752,0.38811540597393857,0.15063356835431513,ok
v2e_vs_real,original,901000,902000,11092,0.40200660506929736,0.16160931051934202,ok
v2e_vs_real,original,902000,903000,8176,0.4134486330244616,0.17093977214979594,ok
v2e_vs_real,original,903000,904000,10912,0.4244481387173081,0.18015622246058718,ok
v2e_vs_real,original,904000,905000,10903,0.4375006155508325,0.19140678860735733,ok
v2e_vs_real,original,905000,906000,11150,0.44899932510342516,0.2016003939433313,ok
v2e_vs_real,original,906000,907000,11522,0.45712193841068943,0.20896046657634612,ok
v2e_vs_real,original,907000,908000,8851,0.4677183043095965,0.2187604121862443,ok
v2e_vs_real,original,908000,909000,12130,0.4713703595849448,0.22219001589524015,ok
v2e_vs_real,original,909000,910000,12294,0.47081632593505723,0.22166801276698603,ok
v2e_vs_real,original,910000,911000,12376,0.47075521939106263,0.2216104765839275,ok
v2e_vs_real,original,911000,912000,12758,0.46802702514248773,0.21904929626372685,ok
v2e_vs_real,original,912000,913000,13182,0.46759057043832913,0.21864094156284203,ok
v2e_vs_real,original,913000,914000,10133,0.46749508989551997,0.2185516590764203,ok
v2e_vs_real,original,914000,915000,13694,0.46802933739978736,0.219051460666884,ok
v2e_vs_real,original,915000,916000,13901,0.4682542613114812,0.21926205323636092,ok
v2e_vs_real,original,916000,917000,13858,0.46754468021042095,0.2185980279930648,ok
v2e_vs_real,original,917000,918000,14089,0.4664536554336476,0.21757901266741203,ok
v2e_vs_real,original,918000,919000,10571,0.46700569932006536,0.2180943231974233,ok
v2e_vs_real,original,919000,920000,14042,0.46373206636814135,0.21504742937806623,ok
v2e_vs_real,original,920000,921000,13941,0.46297496673710486,0.21434581982522335,ok
v2e_vs_real,original,921000,922000,14021,0.46061806860279614,0.2121690051233702,ok
v2e_vs_real,original,922000,923000,14107,0.45875568903500186,0.2104567822219793,ok
v2e_vs_real,original,923000,924000,10495,0.46229721436034066,0.21371871440533075,ok
v2e_vs_real,original,924000,925000,14177,0.46000941797837314,0.21160866462880162,ok
v2e_vs_real,original,925000,926000,13956,0.4590637029773814,0.21073948339130547,ok
v2e_vs_real,original,926000,927000,13456,0.46274156278159656,0.21412975392555428,ok
v2e_vs_real,original,927000,928000,13369,0.4584608214460138,0.21018632480095376,ok
v2e_vs_real,original,928000,929000,12902,0.4580110916100094,0.20977416003779242,ok
v2e_vs_real,original,929000,930000,9320,0.45977988365980776,0.21139754141822636,ok
v2e_vs_real,original,930000,931000,12120,0.45499867713615516,0.20702379619565114,ok
v2e_vs_real,original,931000,932000,11446,0.4552295961675365,0.20723398522685837,ok
v2e_vs_real,original,932000,933000,12825,0.4389181600673481,0.19264915123690618,ok
v2e_vs_real,original,933000,934000,9446,0.43865613627580197,0.19241920589241493,ok
v2e_vs_real,original,934000,935000,8867,0.444283786651207,0.19738808308113523,ok
v2e_vs_real,original,935000,936000,11680,0.4489875852591236,0.20158985171681879,ok
v2e_vs_real,original,936000,937000,8613,0.4564324002276483,0.20833053597757215,ok
v2e_vs_real,original,937000,938000,8731,0.4609947414261278,0.21251615162254242,ok
v2e_vs_real,original,938000,939000,11626,0.46694069828735446,0.21803361571708219,ok
v2e_vs_real,original,939000,940000,8978,0.4630746423240619,0.21443812436355789,ok
v2e_vs_real,original,940000,941000,9273,0.46271350302189435,0.2141037858787926,ok
v2e_vs_real,original,941000,942000,12249,0.4686616849607947,0.2196437749502912,ok
v2e_vs_real,original,942000,943000,9476,0.46673193820504105,0.21783870214063428,ok
v2e_vs_real,original,943000,944000,9227,0.46771867068200623,0.218760754904543,ok
v2e_vs_real,original,944000,945000,12155,0.467794308005253,0.21883151460211353,ok
v2e_vs_real,original,945000,946000,9067,0.4711958337016328,0.2220255136977768,ok
v2e_vs_real,original,946000,947000,8925,0.47028828100020137,0.22117106724612434,ok
v2e_vs_real,original,947000,948000,11701,0.47120453053554073,0.22203370959721933,ok
v2e_vs_real,original,948000,949000,9000,0.4693505714824371,0.22028995895089026,ok
v2e_vs_real,original,949000,950000,9145,0.4680575388217732,0.21907785964789572,ok
v2e_vs_real,original,950000,951000,12256,0.46655400094549176,0.21767263579824594,ok
v2e_vs_real,original,951000,952000,9159,0.47073401689777017,0.2215905146647102,ok
v2e_vs_real,original,952000,953000,9095,0.478826695125569,0.2292750039648746,ok
v2e_vs_real,original,953000,954000,12043,0.47481753494622675,0.22545169149241126,ok
v2e_vs_real,original,954000,955000,9104,0.47724421106988213,0.22776203699971423,ok
v2e_vs_real,original,955000,956000,9016,0.4858205295685005,0.23602158695021827,ok
v2e_vs_real,original,956000,957000,11962,0.48954591996335933,0.2396552077527718,ok
v2e_vs_real,original,957000,958000,8973,0.4974685165496947,0.2474749249581539,ok
v2e_vs_real,original,958000,959000,8959,0.4956635949550266,0.24568239936374064,ok
v2e_vs_real,original,959000,960000,8930,0.49252038595067843,0.24257633057700523,ok
v2e_vs_real,original,960000,961000,11359,0.4854017237394905,0.23561483340926861,ok
v2e_vs_real,original,961000,962000,8329,0.4696508305858156,0.22057190266994645,ok
v2e_vs_real,original,962000,963000,8273,0.4562557012510396,0.2081692649240779,ok
v2e_vs_real,original,963000,964000,10748,0.43725148725169183,0.19118886310381644,ok
v2e_vs_real,original,964000,965000,7821,0.43186694892892413,0.18650906157717798,ok
v2e_vs_real,original,965000,966000,8115,0.41681366048640867,0.17373362756807914,ok
v2e_vs_real,original,966000,967000,11508,0.39652451972163555,0.15723169474047374,ok
v2e_vs_real,original,967000,968000,8145,0.38828234743757617,0.1507631813316346,ok
v2e_vs_real,original,968000,969000,8008,0.3696243367316215,0.1366221503042911,ok
v2e_vs_real,original,969000,970000,10678,0.3537395482012094,0.12513166796159575,ok
v2e_vs_real,original,970000,971000,8004,0.3431198137863746,0.11773120661279635,ok
v2e_vs_real,original,971000,972000,7839,0.3417145853246543,0.11676885782360047,ok
v2e_vs_real,original,972000,973000,10588,0.33091916905690316,0.10950749644931124,ok
v2e_vs_real,original,973000,974000,7805,0.32886255759782745,0.10815058178978437,ok
v2e_vs_real,original,974000,975000,7704,0.3235581275520241,0.10468986190497193,ok
v2e_vs_real,original,975000,976000,10392,0.3173731058651274,0.10072568832647738,ok
v2e_vs_real,original,976000,977000,7915,0.31092733893205554,0.09667581009536935,ok
v2e_vs_real,original,977000,978000,7829,0.3101368250456491,0.09618485024939555,ok
v2e_vs_real,original,978000,979000,10477,0.3028492871071085,0.09171769070128383,ok
v2e_vs_real,original,979000,980000,7751,0.30390001195962024,0.09235521726905732,ok
v2e_vs_real,original,980000,981000,7858,0.2929354575100961,0.0858111822666493,ok
v2e_vs_real,original,981000,982000,10582,0.28658342633449824,0.08213006024962077,ok
v2e_vs_real,original,982000,983000,7970,0.2813522300464624,0.07915907735211752,ok
v2e_vs_real,original,983000,984000,8087,0.27609512050010054,0.07622851556396504,ok
v2e_vs_real,original,984000,985000,10846,0.2718289723891328,0.0738909902301319,ok
v2e_vs_real,original,985000,986000,8226,0.27177317116005784,0.0738606565623941,ok
v2e_vs_real,original,986000,987000,8083,0.27056324005483484,0.0732044668689702,ok
v2e_vs_real,original,987000,988000,10883,0.26488122915039847,0.0701620655562259,ok
v2e_vs_real,original,988000,989000,8299,0.2622091540277095,0.06875364045592708,ok
v2e_vs_real,original,989000,990000,8121,0.2547621273792468,0.06490374154679956,ok
v2e_vs_real,original,990000,991000,10898,0.2509231948766484,0.06296244972710446,ok
v2e_vs_real,original,991000,992000,8304,0.24283872689774932,0.05897064728131968,ok
v2e_vs_real,original,992000,993000,8120,0.23886706619325543,0.057057475311773076,ok
v2e_vs_real,original,993000,994000,10855,0.235692711587218,0.05555105429533552,ok
v2e_vs_real,original,994000,995000,8202,0.2290721626143246,0.05247405568480357,ok
v2e_vs_real,original,995000,996000,8231,0.2198040845212093,0.04831383557220692,ok
v2e_vs_real,original,996000,997000,11076,0.20729786475535067,0.042972404732127656,ok
v2e_vs_real,original,997000,998000,8253,0.2000011161106535,0.0400004464455071,ok
v2e_vs_real,original,998000,999000,8080,0.19529573402920414,0.038140423730005646,ok
v2e_vs_real,original,999000,1000000,11648,0.1764517645753268,0.031135225221746554,ok
v2e_vs_real,original,1000000,1001000,8701,0.1708759070585805,0.029198575613092637,ok
v2e_vs_real,original,1001000,1002000,8790,0.1608251872696662,0.0258647408603232,ok
v2e_vs_real,original,1002000,1003000,11913,0.15416565244654176,0.02376704839426791,ok
v2e_vs_real,original,1003000,1004000,8981,0.15510595574737854,0.024057857508307745,ok
v2e_vs_real,original,1004000,1005000,9039,0.1523987115663614,0.023225367287087018,ok
v2e_vs_real,original,1005000,1006000,12198,0.15260391057663172,0.023287953523280613,ok
v2e_vs_real,original,1006000,1007000,9226,0.14885263435551563,0.022157106754576827,ok
v2e_vs_real,original,1007000,1008000,9179,0.14819663575291436,0.021962242848481972,ok
v2e_vs_real,original,1008000,1009000,12522,0.139488585342229,0.0194570654407763,ok
v2e_vs_real,original,1009000,1010000,9623,0.13546191084573705,0.018349929289978417,ok
v2e_vs_real,original,1010000,1011000,10146,0.12869692242651704,0.016562897842056945,ok
v2e_vs_real,original,1011000,1012000,13890,0.11304821515738606,0.012779898950270652,ok
v2e_vs_real,original,1012000,1013000,10838,0.09418286698659646,0.008870412433814923,ok
v2e_vs_real,original,1013000,1014000,11106,0.08942092530313991,0.007996101882069728,ok
v2e_vs_real,original,1014000,1015000,15232,0.07916428744265602,0.006266984406303466,ok
