comparison_set,variant,window_start,window_end,n_events,distance,distance_squared,status
real_vs_real,original,16000,17000,6166,3.414659377889033,,ok
real_vs_real,original,17000,18000,6186,5.486513655281797,,ok
real_vs_real,original,18000,19000,6141,6.989857575179105,,ok
real_vs_real,original,19000,20000,5941,10.536257938427005,,ok
real_vs_real,original,20000,21000,5943,12.246901348500641,,ok
real_vs_real,original,21000,22000,5867,14.17117252333478,,ok
real_vs_real,original,22000,23000,5827,16.70468223454521,,ok
real_vs_real,original,23000,24000,5781,17.688724863470807,,ok
real_vs_real,original,24000,25000,5741,20.401341571403936,,ok
real_vs_real,original,25000,26000,5606,22.163870391500396,,ok
real_vs_real,original,26000,27000,5736,24.37040583814037,,ok
real_vs_real,original,27000,28000,5434,26.957873980148452,,ok
real_vs_real,original,28000,29000,5344,28.226032945575803,,ok
real_vs_real,original,29000,30000,5340,31.006883632070757,,ok
real_vs_real,original,30000,31000,5344,31.171367671410145,,ok
real_vs_real,original,31000,32000,5263,33.42675778673852,,ok
real_vs_real,original,32000,33000,5368,33.13972872217645,,ok
real_vs_real,original,33000,34000,5210,34.532495792619194,,ok
real_vs_real,original,34000,35000,5314,35.249788305251315,,ok
real_vs_real,original,35000,36000,5379,35.61452955327591,,ok
real_vs_real,original,36000,37000,5171,36.35451308446028,,ok
real_vs_real,original,37000,38000,5192,37.26198295859236,,ok
real_vs_real,original,38000,39000,5268,35.899651876001414,,ok
real_vs_real,original,39000,40000,5368,34.95813656745775,,ok
real_vs_real,original,40000,41000,5281,33.91551448319101,,ok
real_vs_real,original,41000,42000,5289,35.49894557271238,,ok
real_vs_real,original,42000,43000,5387,34.65231035697805,,ok
real_vs_real,original,43000,44000,5341,34.53502859865496,,ok
real_vs_real,original,44000,45000,5405,34.073724865927346,,ok
real_vs_real,original,45000,46000,5439,34.225543638811395,,ok
real_vs_real,original,46000,47000,5361,34.67514070678414,,ok
real_vs_real,original,47000,48000,5386,33.97496651953511,,ok
real_vs_real,original,48000,49000,5506,33.827870193570185,,ok
real_vs_real,original,49000,50000,5456,33.79076556898325,,ok
real_vs_real,original,50000,51000,5400,33.906940448191705,,ok
real_vs_real,original,51000,52000,5625,34.36852152855203,,ok
real_vs_real,original,52000,53000,5465,34.755135708451114,,ok
real_vs_real,original,53000,54000,5459,34.269592313180844,,ok
real_vs_real,original,54000,55000,5471,34.60035793393817,,ok
real_vs_real,original,55000,56000,5457,34.49352521287471,,ok
real_vs_real,original,56000,57000,5402,35.87964686888107,,ok
real_vs_real,original,57000,58000,5352,38.10324452561463,,ok
real_vs_real,original,58000,59000,5236,38.477859859046475,,ok
real_vs_real,original,59000,60000,5305,40.307610011776816,,ok
real_vs_real,original,60000,61000,5017,40.09202121429741,,ok
real_vs_real,original,61000,62000,5158,40.59018595576172,,ok
real_vs_real,original,62000,63000,5085,41.35888691382896,,ok
real_vs_real,original,63000,64000,4961,41.821709506353635,,ok
real_vs_real,original,64000,65000,5130,41.503661561689434,,ok
real_vs_real,original,65000,66000,5083,41.52725743192553,,ok
real_vs_real,original,66000,67000,5145,41.43007537483906,,ok
real_vs_real,original,67000,68000,5059,43.45137281396222,,ok
real_vs_real,original,68000,69000,5008,43.44287511560854,,ok
real_vs_real,original,69000,70000,4854,43.61289986303433,,ok
real_vs_real,original,70000,71000,4969,44.26172103169189,,ok
real_vs_real,original,71000,72000,4896,43.6312187701427,,ok
real_vs_real,original,72000,73000,5020,43.100672387828496,,ok
real_vs_real,original,73000,74000,4752,46.104559208317625,,ok
real_vs_real,original,74000,75000,4901,44.80668586680667,,ok
real_vs_real,original,75000,76000,4719,46.058153564810446,,ok
real_vs_real,original,76000,77000,4634,46.86815104686026,,ok
real_vs_real,original,77000,78000,4680,45.18748571240127,,ok
real_vs_real,original,78000,79000,4507,46.239938588540895,,ok
real_vs_real,original,79000,80000,4472,46.51982664831687,,ok
real_vs_real,original,80000,81000,4517,45.25365641391125,,ok
real_vs_real,original,81000,82000,4407,46.05140156373868,,ok
real_vs_real,original,82000,83000,4229,45.351729551258344,,ok
real_vs_real,original,83000,84000,3962,47.34389682847701,,ok
real_vs_real,original,84000,85000,3745,49.24556962962573,,ok
real_vs_real,original,85000,86000,3481,47.291655723954044,,ok
real_vs_real,original,86000,87000,3435,46.36197255872309,,ok
real_vs_real,original,87000,88000,3230,47.902692525131265,,ok
real_vs_real,original,88000,89000,3315,47.32161340603669,,ok
real_vs_real,original,89000,90000,3264,47.494963573418644,,ok
real_vs_real,original,90000,91000,3262,49.77684933139882,,ok
real_vs_real,original,91000,92000,3174,50.686983617563044,,ok
real_vs_real,original,92000,93000,3141,52.501215147687866,,ok
real_vs_real,original,93000,94000,3155,51.46934165085334,,ok
real_vs_real,original,94000,95000,3158,49.7068120507375,,ok
real_vs_real,original,95000,96000,3161,48.71267593678845,,ok
real_vs_real,original,96000,97000,3077,49.98284967197123,,ok
real_vs_real,original,97000,98000,3169,48.531892896596865,,ok
real_vs_real,original,98000,99000,3243,50.73057532775129,,ok
real_vs_real,original,99000,100000,3161,51.400109103013534,,ok
real_vs_real,original,100000,101000,3188,51.07640467424938,,ok
real_vs_real,original,101000,102000,3137,53.69443652055439,,ok
real_vs_real,original,102000,103000,3313,47.24950593172606,,ok
real_vs_real,original,103000,104000,3520,46.823844108409176,,ok
real_vs_real,original,104000,105000,3779,42.61190102740108,,ok
real_vs_real,original,105000,106000,4122,41.051159291391514,,ok
real_vs_real,original,106000,107000,4274,42.70458365648024,,ok
real_vs_real,original,107000,108000,4426,41.478825974386304,,ok
real_vs_real,original,108000,109000,4482,39.87975092148142,,ok
real_vs_real,original,109000,110000,4733,39.056889793322085,,ok
real_vs_real,original,110000,111000,4721,39.14667247778708,,ok
real_vs_real,original,111000,112000,4895,37.34318568813353,,ok
real_vs_real,original,112000,113000,5037,37.5101672669738,,ok
real_vs_real,original,113000,114000,5028,36.55576939325562,,ok
real_vs_real,original,114000,115000,5199,35.57136410132226,,ok
real_vs_real,original,115000,116000,5189,36.15200755312435,,ok
real_vs_real,original,116000,117000,5190,35.411154209116006,,ok
real_vs_real,original,117000,118000,5310,35.64193892089144,,ok
real_vs_real,original,118000,119000,5204,35.15448592671651,,ok
real_vs_real,original,119000,120000,5318,34.212122930598134,,ok
real_vs_real,original,120000,121000,5478,31.126585289157727,,ok
real_vs_real,original,121000,122000,5770,25.326467251789822,,ok
real_vs_real,original,122000,123000,5966,22.555641273093485,,ok
real_vs_real,original,123000,124000,6145,21.406397935930844,,ok
real_vs_real,original,124000,125000,6067,19.995829216740823,,ok
real_vs_real,original,125000,126000,6197,17.8160015323896,,ok
real_vs_real,original,126000,127000,6232,17.53768719091958,,ok
real_vs_real,original,127000,128000,6191,15.550659823034861,,ok
real_vs_real,original,128000,129000,6390,15.418811844923548,,ok
real_vs_real,original,129000,130000,6412,13.855568635140505,,ok
real_vs_real,original,130000,131000,6510,12.684837073109227,,ok
real_vs_real,original,131000,132000,6485,12.748565038659255,,ok
real_vs_real,original,132000,133000,6504,14.202957541321862,,ok
real_vs_real,original,133000,134000,6510,14.364446031634163,,ok
real_vs_real,original,134000,135000,6554,12.235660978627196,,ok
real_vs_real,original,135000,136000,6535,10.064223408380554,,ok
real_vs_real,original,136000,137000,6473,12.200125892865152,,ok
real_vs_real,original,137000,138000,6463,11.737585326888695,,ok
real_vs_real,original,138000,139000,6492,11.091482236095146,,ok
real_vs_real,original,139000,140000,6401,13.010276742770973,,ok
real_vs_real,original,140000,141000,6369,13.816894037275588,,ok
real_vs_real,original,141000,142000,6392,16.256026067392657,,ok
real_vs_real,original,142000,143000,6331,17.265158512274997,,ok
real_vs_real,original,143000,144000,6255,16.03074554522093,,ok
real_vs_real,original,144000,145000,6064,17.495946302198625,,ok
real_vs_real,original,145000,146000,6052,18.4799695074992,,ok
real_vs_real,original,146000,147000,6039,19.03671463017314,,ok
real_vs_real,original,147000,148000,6014,21.694467530740667,,ok
real_vs_real,original,148000,149000,6013,23.648829255266595,,ok
real_vs_real,original,149000,150000,6131,24.070921465073404,,ok
real_vs_real,original,150000,151000,6114,25.33071305242359,,ok
real_vs_real,original,151000,152000,5968,26.155746472093476,,ok
real_vs_real,original,152000,153000,5763,26.624048873856978,,ok
real_vs_real,original,153000,154000,5738,27.71941062847882,,ok
real_vs_real,original,154000,155000,5673,28.97289646775578,,ok
real_vs_real,original,155000,156000,5681,30.246972900538815,,ok
real_vs_real,original,156000,157000,5707,30.86678241958624,,ok
real_vs_real,original,157000,158000,5604,32.54561544480247,,ok
real_vs_real,original,158000,159000,5599,32.99409708631416,,ok
real_vs_real,original,159000,160000,5586,34.76986117478701,,ok
real_vs_real,original,160000,161000,5601,34.06953752563482,,ok
real_vs_real,original,161000,162000,5413,36.139477943262044,,ok
real_vs_real,original,162000,163000,5509,34.16392207909958,,ok
real_vs_real,original,163000,164000,5321,35.501003915380025,,ok
real_vs_real,original,164000,165000,5544,35.618693782070395,,ok
real_vs_real,original,165000,166000,5564,36.32209995014223,,ok
real_vs_real,original,166000,167000,5555,35.509857230599636,,ok
real_vs_real,original,167000,168000,5650,35.16784588913587,,ok
real_vs_real,original,168000,169000,5534,35.38733331333453,,ok
real_vs_real,original,169000,170000,5436,36.0725173317381,,ok
real_vs_real,original,170000,171000,5455,35.315995067218374,,ok
real_vs_real,original,171000,172000,5488,35.68871042512559,,ok
real_vs_real,original,172000,173000,5421,36.628327327871155,,ok
real_vs_real,original,173000,174000,5639,35.578866763757645,,ok
real_vs_real,original,174000,175000,5526,35.42019369854113,,ok
real_vs_real,original,175000,176000,5709,35.71187581098294,,ok
real_vs_real,original,176000,177000,5713,34.86860138925925,,ok
real_vs_real,original,177000,178000,5461,36.774359661900796,,ok
real_vs_real,original,178000,179000,5483,35.954835186242406,,ok
real_vs_real,original,179000,180000,5382,36.06808194498194,,ok
real_vs_real,original,180000,181000,5358,37.6692526618669,,ok
real_vs_real,original,181000,182000,5455,37.28170784207075,,ok
real_vs_real,original,182000,183000,5462,38.54111039605935,,ok
real_vs_real,original,183000,184000,5358,39.465118606941424,,ok
real_vs_real,original,184000,185000,5457,38.77521999376442,,ok
real_vs_real,original,185000,186000,5335,40.08650628589938,,ok
real_vs_real,original,186000,187000,5041,41.52411926358189,,ok
real_vs_real,original,187000,188000,5151,40.993682161511245,,ok
real_vs_real,original,188000,189000,5047,41.3244412188862,,ok
real_vs_real,original,189000,190000,5096,41.744822968023115,,ok
real_vs_real,original,190000,191000,5212,41.89012116943786,,ok
real_vs_real,original,191000,192000,4970,43.36486709537247,,ok
real_vs_real,original,192000,193000,5224,42.578370834191574,,ok
real_vs_real,original,193000,194000,5005,43.33423818948192,,ok
real_vs_real,original,194000,195000,4824,45.47396334952522,,ok
real_vs_real,original,195000,196000,4802,44.63744693506169,,ok
real_vs_real,original,196000,197000,4698,46.11478002735083,,ok
real_vs_real,original,197000,198000,4664,47.490758147845725,,ok
real_vs_real,original,198000,199000,4628,46.217465179687,,ok
real_vs_real,original,199000,200000,4519,47.889767921920175,,ok
real_vs_real,original,200000,201000,4650,45.57220622602512,,ok
real_vs_real,original,201000,202000,4482,45.910645639280354,,ok
real_vs_real,original,202000,203000,4189,48.439500562524074,,ok
real_vs_real,original,203000,204000,4037,48.90774169230313,,ok
real_vs_real,original,204000,205000,3946,47.42775523843711,,ok
real_vs_real,original,205000,206000,3701,51.477225175322054,,ok
real_vs_real,original,206000,207000,3510,48.512041977218395,,ok
real_vs_real,original,207000,208000,3245,49.0046526342738,,ok
real_vs_real,original,208000,209000,3041,48.39701674784169,,ok
real_vs_real,original,209000,210000,3114,49.545933510797916,,ok
real_vs_real,original,210000,211000,2931,50.8986209838029,,ok
real_vs_real,original,211000,212000,2709,57.25297772696701,,ok
real_vs_real,original,212000,213000,2880,54.93204903028647,,ok
real_vs_real,original,213000,214000,2762,56.92283837462583,,ok
real_vs_real,original,214000,215000,2745,55.28316793874172,,ok
real_vs_real,original,215000,216000,2891,52.67232815210295,,ok
real_vs_real,original,216000,217000,2888,51.61353500098461,,ok
real_vs_real,original,217000,218000,3022,49.2235995497847,,ok
real_vs_real,original,218000,219000,3063,48.79088426059541,,ok
real_vs_real,original,219000,220000,2915,53.86947440645423,,ok
real_vs_real,original,220000,221000,2885,52.745246130790214,,ok
real_vs_real,original,221000,222000,2875,57.87373392065492,,ok
real_vs_real,original,222000,223000,2774,56.77193733548749,,ok
real_vs_real,original,223000,224000,2921,53.52266801195559,,ok
real_vs_real,original,224000,225000,2965,53.14906785992823,,ok
real_vs_real,original,225000,226000,2850,50.39544156015831,,ok
real_vs_real,original,226000,227000,3546,45.94463986545685,,ok
real_vs_real,original,227000,228000,3791,45.97071245299443,,ok
real_vs_real,original,228000,229000,4253,44.805625830725965,,ok
real_vs_real,original,229000,230000,4540,43.02505831709425,,ok
real_vs_real,original,230000,231000,4628,43.03965716492916,,ok
real_vs_real,original,231000,232000,4854,40.75579462967145,,ok
real_vs_real,original,232000,233000,5077,39.900390643053576,,ok
real_vs_real,original,233000,234000,4998,39.07775694418786,,ok
real_vs_real,original,234000,235000,5202,38.355559738186436,,ok
real_vs_real,original,235000,236000,5153,37.74285397506088,,ok
real_vs_real,original,236000,237000,5133,38.21752491441355,,ok
real_vs_real,original,237000,238000,5214,37.21355955378746,,ok
real_vs_real,original,238000,239000,5271,36.91393540859706,,ok
real_vs_real,original,239000,240000,5371,36.70829793277489,,ok
real_vs_real,original,240000,241000,5495,35.324115020829964,,ok
real_vs_real,original,241000,242000,5434,35.844498343725405,,ok
real_vs_real,original,242000,243000,5473,34.45317107936856,,ok
real_vs_real,original,243000,244000,5429,34.97993736173011,,ok
real_vs_real,original,244000,245000,5393,33.851425474416665,,ok
real_vs_real,original,245000,246000,5371,31.927774392207006,,ok
real_vs_real,original,246000,247000,5503,30.13387052141968,,ok
real_vs_real,original,247000,248000,5496,29.083063855548037,,ok
real_vs_real,original,248000,249000,5723,23.87192936809803,,ok
real_vs_real,original,249000,250000,5729,24.16755767330479,,ok
real_vs_real,original,250000,251000,5998,20.994767985734093,,ok
real_vs_real,original,251000,252000,6047,18.818754770666335,,ok
real_vs_real,original,252000,253000,5739,18.639296035812265,,ok
real_vs_real,original,253000,254000,5944,16.119170080837435,,ok
real_vs_real,original,254000,255000,5928,16.097540884432597,,ok
real_vs_real,original,255000,256000,5991,13.30399551783851,,ok
real_vs_real,original,256000,257000,6128,12.154372676349276,,ok
real_vs_real,original,257000,258000,6176,10.292735229343277,,ok
real_vs_real,original,258000,259000,6170,8.433536842470565,,ok
real_vs_real,original,259000,260000,6249,7.384990834944682,,ok
real_vs_real,original,260000,261000,6107,5.705809469009209,,ok
real_vs_real,original,261000,262000,6144,5.975886516372344,,ok
real_vs_real,original,262000,263000,6044,3.4511317799963828,,ok
real_vs_real,original,263000,264000,6171,6.190013407335658,,ok
real_vs_real,original,264000,265000,6143,2.9993170568120906,,ok
real_vs_real,original,265000,266000,6227,3.9606912447922813,,ok
real_vs_real,original,266000,267000,6143,4.2406107114128515,,ok
real_vs_real,original,267000,268000,6133,7.4388737881529545,,ok
real_vs_real,original,268000,269000,6013,10.122116888862339,,ok
real_vs_real,original,269000,270000,5940,11.812610870980144,,ok
real_vs_real,original,270000,271000,5878,14.47316980274221,,ok
real_vs_real,original,271000,272000,5710,18.16868405312936,,ok
real_vs_real,original,272000,273000,5624,18.8799093001622,,ok
real_vs_real,original,273000,274000,5678,20.80201902955205,,ok
real_vs_real,original,274000,275000,5558,23.216385997722362,,ok
real_vs_real,original,275000,276000,5502,23.859294070257622,,ok
real_vs_real,original,276000,277000,5569,26.68864775129742,,ok
real_vs_real,original,277000,278000,5335,29.096462348817813,,ok
real_vs_real,original,278000,279000,5407,30.682297239229477,,ok
real_vs_real,original,279000,280000,5250,32.571166502328005,,ok
real_vs_real,original,280000,281000,5223,33.60178355432135,,ok
real_vs_real,original,281000,282000,5237,34.48925439099111,,ok
real_vs_real,original,282000,283000,5183,35.41782744206319,,ok
real_vs_real,original,283000,284000,5221,35.72521097375554,,ok
real_vs_real,original,284000,285000,5232,36.259514138577714,,ok
real_vs_real,original,285000,286000,5203,35.32178552552036,,ok
real_vs_real,original,286000,287000,5208,36.68420605996119,,ok
real_vs_real,original,287000,288000,5203,35.78122913987321,,ok
real_vs_real,original,288000,289000,5364,34.69774331019436,,ok
real_vs_real,original,289000,290000,5308,34.42300008708439,,ok
real_vs_real,original,290000,291000,5186,35.09239917056535,,ok
real_vs_real,original,291000,292000,5326,34.24813143887254,,ok
real_vs_real,original,292000,293000,5455,34.4840648060203,,ok
real_vs_real,original,293000,294000,5426,34.3399159130778,,ok
real_vs_real,original,294000,295000,5399,34.42515971939253,,ok
real_vs_real,original,295000,296000,5355,33.66638602126726,,ok
real_vs_real,original,296000,297000,5394,33.84786489274491,,ok
real_vs_real,original,297000,298000,5458,33.454425029527805,,ok
real_vs_real,original,298000,299000,5482,34.36405346587019,,ok
real_vs_real,original,299000,300000,5342,34.16255872535891,,ok
real_vs_real,original,300000,301000,5430,33.9105076570998,,ok
real_vs_real,original,301000,302000,5489,33.907813844760106,,ok
real_vs_real,original,302000,303000,5413,33.9724211542261,,ok
real_vs_real,original,303000,304000,5404,33.88446977481102,,ok
real_vs_real,original,304000,305000,5355,35.2513315772231,,ok
real_vs_real,original,305000,306000,5431,36.29389260803003,,ok
real_vs_real,original,306000,307000,5200,37.04422833052188,,ok
real_vs_real,original,307000,308000,5291,38.22958170092018,,ok
real_vs_real,original,308000,309000,5079,39.8529382645812,,ok
real_vs_real,original,309000,310000,5126,39.54980143317584,,ok
real_vs_real,original,310000,311000,4982,41.028848214219515,,ok
real_vs_real,original,311000,312000,4991,41.18373983487328,,ok
real_vs_real,original,312000,313000,4996,41.69118063311087,,ok
real_vs_real,original,313000,314000,5042,41.599952467671436,,ok
real_vs_real,original,314000,315000,5097,40.68633184137983,,ok
real_vs_real,original,315000,316000,4997,41.368856960832446,,ok
real_vs_real,original,316000,317000,4979,42.958353878821676,,ok
real_vs_real,original,317000,318000,4808,45.05264737341175,,ok
real_vs_real,original,318000,319000,4887,44.438156790557535,,ok
real_vs_real,original,319000,320000,4699,44.98248828699999,,ok
real_vs_real,original,320000,321000,4811,44.720422822770004,,ok
real_vs_real,original,321000,322000,4728,44.86259710067691,,ok
real_vs_real,original,322000,323000,4819,43.70834208391346,,ok
real_vs_real,original,323000,324000,4754,45.32518991579891,,ok
real_vs_real,original,324000,325000,4692,45.080659083179874,,ok
real_vs_real,original,325000,326000,4553,46.73555680465611,,ok
real_vs_real,original,326000,327000,4445,46.9922043796515,,ok
real_vs_real,original,327000,328000,4495,46.78496970733008,,ok
real_vs_real,original,328000,329000,4400,45.58845995543255,,ok
real_vs_real,original,329000,330000,4405,46.184566031988986,,ok
real_vs_real,original,330000,331000,4268,45.70726706164804,,ok
real_vs_real,original,331000,332000,4114,45.305143690464526,,ok
real_vs_real,original,332000,333000,3906,47.14129617502061,,ok
real_vs_real,original,333000,334000,3547,49.14565615284677,,ok
real_vs_real,original,334000,335000,3509,49.009635021251995,,ok
real_vs_real,original,335000,336000,3231,49.88042087740387,,ok
real_vs_real,original,336000,337000,3179,48.808522001976336,,ok
real_vs_real,original,337000,338000,3112,50.1957679839208,,ok
real_vs_real,original,338000,339000,3123,48.068439658854246,,ok
real_vs_real,original,339000,340000,3341,46.837975621929054,,ok
real_vs_real,original,340000,341000,3112,51.44281780488508,,ok
real_vs_real,original,341000,342000,3041,53.19361714648524,,ok
real_vs_real,original,342000,343000,3113,52.09081375580288,,ok
real_vs_real,original,343000,344000,3114,54.21932100259103,,ok
real_vs_real,original,344000,345000,3072,49.55074858644287,,ok
real_vs_real,original,345000,346000,3122,49.86091817276689,,ok
real_vs_real,original,346000,347000,3078,50.11512087142595,,ok
real_vs_real,original,347000,348000,3182,47.77812392839833,,ok
real_vs_real,original,348000,349000,3195,51.26911571566481,,ok
real_vs_real,original,349000,350000,3082,51.14398341738668,,ok
real_vs_real,original,350000,351000,3140,53.70601833319549,,ok
real_vs_real,original,351000,352000,3253,53.35000561150852,,ok
real_vs_real,original,352000,353000,3387,45.92101695974822,,ok
real_vs_real,original,353000,354000,3682,44.754167708704934,,ok
real_vs_real,original,354000,355000,3961,42.05883004369075,,ok
real_vs_real,original,355000,356000,4065,42.1649010436438,,ok
real_vs_real,original,356000,357000,4361,40.65772714662346,,ok
real_vs_real,original,357000,358000,4452,41.25763029083237,,ok
real_vs_real,original,358000,359000,4639,40.30607099562347,,ok
real_vs_real,original,359000,360000,4634,41.52070783230493,,ok
real_vs_real,original,360000,361000,4646,39.4785081280111,,ok
real_vs_real,original,361000,362000,4871,37.667595238733405,,ok
real_vs_real,original,362000,363000,4879,38.40124055087033,,ok
real_vs_real,original,363000,364000,5032,36.35083061052725,,ok
real_vs_real,original,364000,365000,5135,36.45161855156453,,ok
real_vs_real,original,365000,366000,5197,36.94352451964195,,ok
real_vs_real,original,366000,367000,5241,36.51741826215132,,ok
real_vs_real,original,367000,368000,5247,35.83079196535859,,ok
real_vs_real,original,368000,369000,5242,35.723632110514394,,ok
real_vs_real,original,369000,370000,5380,34.328743510761626,,ok
real_vs_real,original,370000,371000,5587,28.705082709123133,,ok
real_vs_real,original,371000,372000,5905,23.529144562993075,,ok
real_vs_real,original,372000,373000,6038,22.45387512964356,,ok
real_vs_real,original,373000,374000,6060,21.620519150034713,,ok
real_vs_real,original,374000,375000,6190,19.12106709135473,,ok
real_vs_real,original,375000,376000,6058,19.187822840526604,,ok
real_vs_real,original,376000,377000,6263,17.7188910703348,,ok
real_vs_real,original,377000,378000,6286,15.765388505370828,,ok
real_vs_real,original,378000,379000,6300,15.04171564206929,,ok
real_vs_real,original,379000,380000,6358,14.13920049852285,,ok
real_vs_real,original,380000,381000,6476,14.287072847607282,,ok
real_vs_real,original,381000,382000,6687,13.803137901341225,,ok
real_vs_real,original,382000,383000,6402,13.439169500701762,,ok
real_vs_real,original,383000,384000,6553,13.000850457446656,,ok
real_vs_real,original,384000,385000,6443,12.931390890192201,,ok
real_vs_real,original,385000,386000,6434,12.590808475695415,,ok
real_vs_real,original,386000,387000,6452,10.289729245250939,,ok
real_vs_real,original,387000,388000,6371,11.433401135511705,,ok
real_vs_real,original,388000,389000,6412,11.273256829037205,,ok
real_vs_real,original,389000,390000,6496,12.44863651528417,,ok
real_vs_real,original,390000,391000,6372,14.439475691084155,,ok
real_vs_real,original,391000,392000,6369,15.760750957885032,,ok
real_vs_real,original,392000,393000,6360,16.38297275840145,,ok
real_vs_real,original,393000,394000,6221,17.183115206241556,,ok
real_vs_real,original,394000,395000,6213,18.57789632457491,,ok
real_vs_real,original,395000,396000,6026,18.277567089734216,,ok
real_vs_real,original,396000,397000,6083,19.34870262578832,,ok
real_vs_real,original,397000,398000,6138,21.07037372444583,,ok
real_vs_real,original,398000,399000,6089,22.9694024713499,,ok
real_vs_real,original,399000,400000,6029,23.204082684215404,,ok
real_vs_real,original,400000,401000,6068,25.07761348254128,,ok
real_vs_real,original,401000,402000,5964,26.751125034781985,,ok
real_vs_real,original,402000,403000,5751,27.789122780472784,,ok
real_vs_real,original,403000,404000,5818,27.716805179690912,,ok
real_vs_real,original,404000,405000,5664,28.873661247614898,,ok
real_vs_real,original,405000,406000,5718,29.795912843203382,,ok
real_vs_real,original,406000,407000,5634,31.696566208537977,,ok
real_vs_real,original,407000,408000,5660,31.354474177403265,,ok
real_vs_real,original,408000,409000,5691,33.09932194903317,,ok
real_vs_real,original,409000,410000,5809,33.49090292789875,,ok
real_vs_real,original,410000,411000,5512,34.3150150347931,,ok
real_vs_real,original,411000,412000,5456,34.557991740253115,,ok
real_vs_real,original,412000,413000,5551,33.621524200566625,,ok
real_vs_real,original,413000,414000,5376,35.90242405681587,,ok
real_vs_real,original,414000,415000,5538,34.94090249011469,,ok
real_vs_real,original,415000,416000,5627,34.646792727278445,,ok
real_vs_real,original,416000,417000,5501,35.41482634735476,,ok
real_vs_real,original,417000,418000,5706,35.08234721265181,,ok
real_vs_real,original,418000,419000,5592,34.33817260424696,,ok
real_vs_real,original,419000,420000,5505,35.65807364590659,,ok
real_vs_real,original,420000,421000,5452,34.76583384583355,,ok
real_vs_real,original,421000,422000,5415,35.532374049893306,,ok
real_vs_real,original,422000,423000,5504,35.583329217703266,,ok
real_vs_real,original,423000,424000,5556,35.59697337835233,,ok
real_vs_real,original,424000,425000,5640,35.74169781633131,,ok
real_vs_real,original,425000,426000,5720,35.161550920567706,,ok
real_vs_real,original,426000,427000,5784,34.89765888577143,,ok
real_vs_real,original,427000,428000,5403,36.774745634564574,,ok
real_vs_real,original,428000,429000,5459,35.56319264222283,,ok
real_vs_real,original,429000,430000,5454,35.958983655444634,,ok
real_vs_real,original,430000,431000,5353,37.19688705154806,,ok
real_vs_real,original,431000,432000,5495,36.897537810434315,,ok
real_vs_real,original,432000,433000,5403,38.662025480181626,,ok
real_vs_real,original,433000,434000,5313,39.39798920244818,,ok
real_vs_real,original,434000,435000,5425,39.356256308074315,,ok
real_vs_real,original,435000,436000,5189,39.838073422866074,,ok
real_vs_real,original,436000,437000,5122,41.650864244928904,,ok
real_vs_real,original,437000,438000,5097,40.324463628649994,,ok
real_vs_real,original,438000,439000,5053,42.43321472303938,,ok
real_vs_real,original,439000,440000,5118,41.36259767078341,,ok
real_vs_real,original,440000,441000,5182,41.24926916131908,,ok
real_vs_real,original,441000,442000,5003,42.562743160106315,,ok
real_vs_real,original,442000,443000,5137,42.36002880961069,,ok
real_vs_real,original,443000,444000,4991,43.184429649037774,,ok
real_vs_real,original,444000,445000,4821,44.16878666515867,,ok
real_vs_real,original,445000,446000,4772,46.211690459805354,,ok
real_vs_real,original,446000,447000,4684,46.899437218855155,,ok
real_vs_real,original,447000,448000,4604,47.433592737986636,,ok
real_vs_real,original,448000,449000,4585,46.859364408144245,,ok
real_vs_real,original,449000,450000,4458,47.28235976426967,,ok
real_vs_real,original,450000,451000,4531,46.613244726552736,,ok
real_vs_real,original,451000,452000,4465,45.57825700228465,,ok
real_vs_real,original,452000,453000,4233,47.73671835479674,,ok
real_vs_real,original,453000,454000,3916,49.62783152370238,,ok
real_vs_real,original,454000,455000,3886,48.07970184999418,,ok
real_vs_real,original,455000,456000,3645,51.14167188265716,,ok
real_vs_real,original,456000,457000,3382,49.47197967873739,,ok
real_vs_real,original,457000,458000,3239,47.73801889149826,,ok
real_vs_real,original,458000,459000,2972,51.11845247466451,,ok
real_vs_real,original,459000,460000,3017,49.544271392804966,,ok
real_vs_real,original,460000,461000,2921,51.77885443508076,,ok
real_vs_real,original,461000,462000,2908,54.26008473281267,,ok
real_vs_real,original,462000,463000,2820,55.23648676569216,,ok
real_vs_real,original,463000,464000,2733,57.182297849365426,,ok
real_vs_real,original,464000,465000,2839,57.13121073667065,,ok
real_vs_real,original,465000,466000,2943,51.279768267236015,,ok
real_vs_real,original,466000,467000,2970,49.0359801194384,,ok
real_vs_real,original,467000,468000,2926,51.69921476745803,,ok
real_vs_real,original,468000,469000,3105,48.31543902143933,,ok
real_vs_real,original,469000,470000,2853,54.620627470937734,,ok
real_vs_real,original,470000,471000,2823,53.78017089974784,,ok
real_vs_real,original,471000,472000,2861,57.380323580219134,,ok
real_vs_real,original,472000,473000,2788,56.09506588669248,,ok
real_vs_real,original,473000,474000,2993,50.977763074791454,,ok
real_vs_real,original,474000,475000,2872,53.61274864454126,,ok
real_vs_real,original,475000,476000,3034,49.29818172122324,,ok
real_vs_real,original,476000,477000,3725,44.66556464130835,,ok
real_vs_real,original,477000,478000,4183,44.15510586668135,,ok
real_vs_real,original,478000,479000,4463,44.088017064592634,,ok
real_vs_real,original,479000,480000,4571,42.84639005552459,,ok
real_vs_real,original,480000,481000,4676,43.210207015194385,,ok
real_vs_real,original,481000,482000,4827,41.289359030370726,,ok
real_vs_real,original,482000,483000,5011,39.61112223524208,,ok
real_vs_real,original,483000,484000,5061,38.7578466869209,,ok
real_vs_real,original,484000,485000,5307,37.69817452132701,,ok
real_vs_real,original,485000,486000,5110,37.89436761043958,,ok
real_vs_real,original,486000,487000,5169,37.88424110162171,,ok
real_vs_real,original,487000,488000,5245,37.7113805433947,,ok
real_vs_real,original,488000,489000,5065,38.34394888292928,,ok
real_vs_real,original,489000,490000,5389,36.77546235040612,,ok
real_vs_real,original,490000,491000,5461,35.654504225215135,,ok
real_vs_real,original,491000,492000,5378,36.14372429325009,,ok
real_vs_real,original,492000,493000,5335,34.976123026139256,,ok
real_vs_real,original,493000,494000,5520,34.615882997317776,,ok
real_vs_real,original,494000,495000,5283,33.67183723288499,,ok
real_vs_real,original,495000,496000,5519,30.894271788890865,,ok
real_vs_real,original,496000,497000,5453,29.089351211063413,,ok
real_vs_real,original,497000,498000,5560,27.07008171595156,,ok
real_vs_real,original,498000,499000,5755,24.80243436524426,,ok
real_vs_real,original,499000,500000,5746,22.198182464371303,,ok
real_vs_real,original,500000,501000,5826,20.73513557103673,,ok
real_vs_real,original,501000,502000,6066,18.507735729127273,,ok
real_vs_real,original,502000,503000,5886,16.85502099812535,,ok
real_vs_real,original,503000,504000,5983,16.236801639041694,,ok
real_vs_real,original,504000,505000,6050,13.95224569327783,,ok
real_vs_real,original,505000,506000,6139,12.608810615857326,,ok
real_vs_real,original,506000,507000,6095,11.004758623052016,,ok
real_vs_real,original,507000,508000,6101,9.644348861714851,,ok
real_vs_real,original,508000,509000,6117,7.293016399025733,,ok
real_vs_real,original,509000,510000,6187,5.696137921278024,,ok
real_vs_real,original,510000,511000,6135,4.992225016971839,,ok
real_vs_real,original,511000,512000,5942,2.59962503919704,,ok
real_vs_real,original,512000,513000,6137,4.185370941648777,,ok
real_vs_real,original,513000,514000,6055,4.99795412496606,,ok
real_vs_real,original,514000,515000,6092,5.360532555862254,,ok
real_vs_real,original,515000,516000,6151,6.221529704280098,,ok
real_vs_real,original,516000,517000,6134,7.7258819063352515,,ok
real_vs_real,original,517000,518000,6053,9.082135494259122,,ok
real_vs_real,original,518000,519000,6080,11.997304686955808,,ok
real_vs_real,original,519000,520000,5856,13.8671897398219,,ok
real_vs_real,original,520000,521000,5788,17.394979063955052,,ok
real_vs_real,original,521000,522000,5723,19.117128486467163,,ok
real_vs_real,original,522000,523000,5571,21.87104972982247,,ok
real_vs_real,original,523000,524000,5618,22.313156869882356,,ok
real_vs_real,original,524000,525000,5564,25.25661847885343,,ok
real_vs_real,original,525000,526000,5558,26.746371158548268,,ok
real_vs_real,original,526000,527000,5498,28.02374718203637,,ok
real_vs_real,original,527000,528000,5325,30.461916102529006,,ok
real_vs_real,original,528000,529000,5359,32.89897374307957,,ok
real_vs_real,original,529000,530000,5211,33.21907521122313,,ok
real_vs_real,original,530000,531000,5187,34.76631132823954,,ok
real_vs_real,original,531000,532000,5362,35.041282205366855,,ok
real_vs_real,original,532000,533000,5267,35.20766365572172,,ok
real_vs_real,original,533000,534000,5416,35.46906586660603,,ok
real_vs_real,original,534000,535000,5160,37.656297539500905,,ok
real_vs_real,original,535000,536000,5155,35.32625596764624,,ok
real_vs_real,original,536000,537000,5231,35.47601231536817,,ok
real_vs_real,original,537000,538000,5338,34.6793154376972,,ok
real_vs_real,original,538000,539000,5193,34.82859563424712,,ok
real_vs_real,original,539000,540000,5233,34.60062652862073,,ok
real_vs_real,original,540000,541000,5391,34.36393519042126,,ok
real_vs_real,original,541000,542000,5416,34.42247597674307,,ok
real_vs_real,original,542000,543000,5356,34.11366498483539,,ok
real_vs_real,original,543000,544000,5372,35.17219360761434,,ok
real_vs_real,original,544000,545000,5397,33.83451816819885,,ok
real_vs_real,original,545000,546000,5330,34.309630374494006,,ok
real_vs_real,original,546000,547000,5606,33.466123631910925,,ok
real_vs_real,original,547000,548000,5485,33.982479416204995,,ok
real_vs_real,original,548000,549000,5537,34.13682971208025,,ok
real_vs_real,original,549000,550000,5463,34.00328919944455,,ok
real_vs_real,original,550000,551000,5520,34.25554153183809,,ok
real_vs_real,original,551000,552000,5471,34.394326151483526,,ok
real_vs_real,original,552000,553000,5505,34.57309833314417,,ok
real_vs_real,original,553000,554000,5458,35.555862360744065,,ok
real_vs_real,original,554000,555000,5364,37.02492641448789,,ok
real_vs_real,original,555000,556000,5370,36.930882245689034,,ok
real_vs_real,original,556000,557000,5136,38.456821825725996,,ok
real_vs_real,original,557000,558000,5204,39.770527016582406,,ok
real_vs_real,original,558000,559000,5035,40.669138461821696,,ok
real_vs_real,original,559000,560000,5080,41.35529531168048,,ok
real_vs_real,original,560000,561000,5013,42.08285003994581,,ok
real_vs_real,original,561000,562000,5031,41.208820804939904,,ok
real_vs_real,original,562000,563000,5173,41.148475667962636,,ok
real_vs_real,original,563000,564000,5117,40.61296738484187,,ok
real_vs_real,original,564000,565000,5131,41.32084988553744,,ok
real_vs_real,original,565000,566000,4961,42.8133094256376,,ok
real_vs_real,original,566000,567000,5035,42.850863834180885,,ok
real_vs_real,original,567000,568000,4891,45.69000181180042,,ok
real_vs_real,original,568000,569000,4889,45.16918236249205,,ok
real_vs_real,original,569000,570000,4895,43.71558700391352,,ok
real_vs_real,original,570000,571000,4881,44.4622364430161,,ok
real_vs_real,original,571000,572000,4895,43.96481990005158,,ok
real_vs_real,original,572000,573000,4708,45.02583557500642,,ok
real_vs_real,original,573000,574000,4679,46.21034571163059,,ok
real_vs_real,original,574000,575000,4651,45.71963776830727,,ok
real_vs_real,original,575000,576000,4700,46.49609291327782,,ok
real_vs_real,original,576000,577000,4563,47.25903448619965,,ok
real_vs_real,original,577000,578000,4541,46.27407425807588,,ok
real_vs_real,original,578000,579000,4340,46.35952476183574,,ok
real_vs_real,original,579000,580000,4244,45.78560553723925,,ok
real_vs_real,original,580000,581000,4198,44.795805048441025,,ok
real_vs_real,original,581000,582000,3915,45.35951803171761,,ok
real_vs_real,original,582000,583000,3920,45.84121604678881,,ok
real_vs_real,original,583000,584000,3524,47.741839982659954,,ok
real_vs_real,original,584000,585000,3417,50.4775863267991,,ok
real_vs_real,original,585000,586000,3276,51.14994034293713,,ok
real_vs_real,original,586000,587000,3115,47.883327431196065,,ok
real_vs_real,original,587000,588000,3199,48.89484295184818,,ok
real_vs_real,original,588000,589000,3247,47.48755241749508,,ok
real_vs_real,original,589000,590000,3223,48.80379983977512,,ok
real_vs_real,original,590000,591000,3145,49.81411949158899,,ok
real_vs_real,original,591000,592000,3199,50.865699551449765,,ok
real_vs_real,original,592000,593000,3210,52.12452059768173,,ok
real_vs_real,original,593000,594000,3246,52.458029008232884,,ok
real_vs_real,original,594000,595000,3080,49.79531035102564,,ok
real_vs_real,original,595000,596000,3160,49.648473519676436,,ok
real_vs_real,original,596000,597000,3062,48.60662359001658,,ok
real_vs_real,original,597000,598000,3144,49.4483069926746,,ok
real_vs_real,original,598000,599000,3136,51.77441380296939,,ok
real_vs_real,original,599000,600000,3214,53.17858570596978,,ok
real_vs_real,original,600000,601000,3353,48.772612670150274,,ok
real_vs_real,original,601000,602000,3680,47.17908133392423,,ok
real_vs_real,original,602000,603000,3862,43.35933404598614,,ok
real_vs_real,original,603000,604000,4079,41.442558936970286,,ok
real_vs_real,original,604000,605000,4253,41.76595331723527,,ok
real_vs_real,original,605000,606000,4467,39.02897562961528,,ok
real_vs_real,original,606000,607000,4588,39.626738913895245,,ok
real_vs_real,original,607000,608000,4760,39.119208507222815,,ok
real_vs_real,original,608000,609000,4837,38.89273314736476,,ok
real_vs_real,original,609000,610000,4923,39.324402867117314,,ok
real_vs_real,original,610000,611000,4957,37.09801861512262,,ok
real_vs_real,original,611000,612000,5123,36.36056354784969,,ok
real_vs_real,original,612000,613000,5127,36.45540953707315,,ok
real_vs_real,original,613000,614000,5251,34.962545253097595,,ok
real_vs_real,original,614000,615000,5243,35.41984197302968,,ok
real_vs_real,original,615000,616000,5328,35.26755731933853,,ok
real_vs_real,original,616000,617000,5253,35.12976537642753,,ok
real_vs_real,original,617000,618000,5429,35.377333121581266,,ok
real_vs_real,original,618000,619000,5604,30.331490720002737,,ok
real_vs_real,original,619000,620000,5861,23.687130593144534,,ok
real_vs_real,original,620000,621000,5997,21.662441117644054,,ok
real_vs_real,original,621000,622000,6021,20.840762683652557,,ok
real_vs_real,original,622000,623000,6075,17.942867149487316,,ok
real_vs_real,original,623000,624000,6299,18.731860889629747,,ok
real_vs_real,original,624000,625000,6219,16.987334383519272,,ok
real_vs_real,original,625000,626000,6408,14.961912079527169,,ok
real_vs_real,original,626000,627000,6338,15.404028395353478,,ok
real_vs_real,original,627000,628000,6372,13.202143890197938,,ok
real_vs_real,original,628000,629000,6528,13.591870979645845,,ok
real_vs_real,original,629000,630000,6479,12.788060286444932,,ok
real_vs_real,original,630000,631000,6544,11.976118894288554,,ok
real_vs_real,original,631000,632000,6534,12.352487440061891,,ok
real_vs_real,original,632000,633000,6605,11.280163689711937,,ok
real_vs_real,original,633000,634000,6470,13.247222779593292,,ok
real_vs_real,original,634000,635000,6530,12.037966731092109,,ok
real_vs_real,original,635000,636000,6489,11.974461141886428,,ok
real_vs_real,original,636000,637000,6342,11.813821420150983,,ok
real_vs_real,original,637000,638000,6290,12.301391531423013,,ok
real_vs_real,original,638000,639000,6326,12.780042778990437,,ok
real_vs_real,original,639000,640000,6249,15.075103128215787,,ok
real_vs_real,original,640000,641000,6283,15.865504484076371,,ok
real_vs_real,original,641000,642000,6209,18.193364551497172,,ok
real_vs_real,original,642000,643000,6343,19.29132540305041,,ok
real_vs_real,original,643000,644000,6179,19.195576534937814,,ok
real_vs_real,original,644000,645000,5880,21.00498041203353,,ok
real_vs_real,original,645000,646000,6005,21.55192286888412,,ok
real_vs_real,original,646000,647000,5882,21.943567649989834,,ok
real_vs_real,original,647000,648000,6029,24.291627446413543,,ok
real_vs_real,original,648000,649000,6089,23.75567390637878,,ok
real_vs_real,original,649000,650000,5861,26.838434481081485,,ok
real_vs_real,original,650000,651000,5933,27.87962741537106,,ok
real_vs_real,original,651000,652000,5788,29.93769854750649,,ok
real_vs_real,original,652000,653000,5637,29.844742922124546,,ok
real_vs_real,original,653000,654000,5612,30.373566256692715,,ok
real_vs_real,original,654000,655000,5528,30.79319656645747,,ok
real_vs_real,original,655000,656000,5570,31.59152758321514,,ok
real_vs_real,original,656000,657000,5612,33.68703653503179,,ok
real_vs_real,original,657000,658000,5568,34.594737362252815,,ok
real_vs_real,original,658000,659000,5609,34.32568845964847,,ok
real_vs_real,original,659000,660000,5612,35.36090282594481,,ok
real_vs_real,original,660000,661000,5479,35.286395764251324,,ok
real_vs_real,original,661000,662000,5476,35.27579145110336,,ok
real_vs_real,original,662000,663000,5460,35.66531573235245,,ok
real_vs_real,original,663000,664000,5498,35.29542064181018,,ok
real_vs_real,original,664000,665000,5456,35.37962178778884,,ok
real_vs_real,original,665000,666000,5590,35.294006122273636,,ok
real_vs_real,original,666000,667000,5574,35.84164191726741,,ok
real_vs_real,original,667000,668000,5549,35.54405508955157,,ok
real_vs_real,original,668000,669000,5618,36.119332120299724,,ok
real_vs_real,original,669000,670000,5486,35.355687949783224,,ok
real_vs_real,original,670000,671000,5533,35.35773502881824,,ok
real_vs_real,original,671000,672000,5409,36.36349492701617,,ok
real_vs_real,original,672000,673000,5491,35.62143936208348,,ok
real_vs_real,original,673000,674000,5655,36.2746864464724,,ok
real_vs_real,original,674000,675000,5450,35.90308823700053,,ok
real_vs_real,original,675000,676000,5632,36.752584750087394,,ok
real_vs_real,original,676000,677000,5724,34.91474359270315,,ok
real_vs_real,original,677000,678000,5494,36.62535785802808,,ok
real_vs_real,original,678000,679000,5381,37.59780536991257,,ok
real_vs_real,original,679000,680000,5291,38.05470346387243,,ok
real_vs_real,original,680000,681000,5229,40.005753950289815,,ok
real_vs_real,original,681000,682000,5323,39.327984724167834,,ok
real_vs_real,original,682000,683000,5257,40.47917782636718,,ok
real_vs_real,original,683000,684000,5249,40.97240304954069,,ok
real_vs_real,original,684000,685000,5356,40.11675500620761,,ok
real_vs_real,original,685000,686000,5119,41.45947938837258,,ok
real_vs_real,original,686000,687000,5107,42.010973846608316,,ok
real_vs_real,original,687000,688000,5200,40.863833481862905,,ok
real_vs_real,original,688000,689000,4906,43.09136554604212,,ok
real_vs_real,original,689000,690000,5030,43.26726815924589,,ok
real_vs_real,original,690000,691000,4971,42.659677290195575,,ok
real_vs_real,original,691000,692000,5010,44.497232829443064,,ok
real_vs_real,original,692000,693000,4881,44.63913351203492,,ok
real_vs_real,original,693000,694000,4939,44.90198446064231,,ok
real_vs_real,original,694000,695000,4700,46.07705179546519,,ok
real_vs_real,original,695000,696000,4575,47.10841521966081,,ok
real_vs_real,original,696000,697000,4518,48.14391675654515,,ok
real_vs_real,original,697000,698000,4439,48.49516713909081,,ok
real_vs_real,original,698000,699000,4468,46.8292352274278,,ok
real_vs_real,original,699000,700000,4327,46.661455841458505,,ok
real_vs_real,original,700000,701000,4341,47.40947520507874,,ok
real_vs_real,original,701000,702000,4189,46.57454817876402,,ok
real_vs_real,original,702000,703000,3834,48.75567092405674,,ok
real_vs_real,original,703000,704000,3608,49.57829106636897,,ok
real_vs_real,original,704000,705000,3377,49.8847405378105,,ok
real_vs_real,original,705000,706000,3072,52.15298690388932,,ok
real_vs_real,original,706000,707000,2988,52.0514222730601,,ok
real_vs_real,original,707000,708000,2883,51.38201905798051,,ok
real_vs_real,original,708000,709000,2850,53.42301766452442,,ok
real_vs_real,original,709000,710000,3045,48.990580360646675,,ok
real_vs_real,original,710000,711000,2908,53.41098559221559,,ok
real_vs_real,original,711000,712000,2874,55.541021070934626,,ok
real_vs_real,original,712000,713000,2865,55.29015848039564,,ok
real_vs_real,original,713000,714000,2806,55.05274056977311,,ok
real_vs_real,original,714000,715000,2848,54.31874839762028,,ok
real_vs_real,original,715000,716000,2907,50.85256386268594,,ok
real_vs_real,original,716000,717000,2917,51.772275148550264,,ok
real_vs_real,original,717000,718000,3061,49.976691485466965,,ok
real_vs_real,original,718000,719000,2993,50.78915505415728,,ok
real_vs_real,original,719000,720000,2811,54.52289250356077,,ok
real_vs_real,original,720000,721000,2978,53.821781763034124,,ok
real_vs_real,original,721000,722000,2894,55.820919633132334,,ok
real_vs_real,original,722000,723000,2761,58.79684561096903,,ok
real_vs_real,original,723000,724000,2974,52.40804672259322,,ok
real_vs_real,original,724000,725000,3567,45.187171130297685,,ok
real_vs_real,original,725000,726000,4188,43.666204245378985,,ok
real_vs_real,original,726000,727000,4532,43.44648202917881,,ok
real_vs_real,original,727000,728000,4587,42.99659359594893,,ok
real_vs_real,original,728000,729000,4681,42.03793756822799,,ok
real_vs_real,original,729000,730000,4832,41.05845775475252,,ok
real_vs_real,original,730000,731000,4838,41.20642829458007,,ok
real_vs_real,original,731000,732000,5073,39.129109585452554,,ok
real_vs_real,original,732000,733000,5150,38.29959338409636,,ok
real_vs_real,original,733000,734000,5205,37.644353238515905,,ok
real_vs_real,original,734000,735000,5479,35.734753889872394,,ok
real_vs_real,original,735000,736000,5241,36.909182201142265,,ok
real_vs_real,original,736000,737000,5276,36.96915028127662,,ok
real_vs_real,original,737000,738000,5292,36.88698543722024,,ok
real_vs_real,original,738000,739000,5234,36.13998508386796,,ok
real_vs_real,original,739000,740000,5500,36.43913397227287,,ok
real_vs_real,original,740000,741000,5360,36.15412509796819,,ok
real_vs_real,original,741000,742000,5437,34.50559016680355,,ok
real_vs_real,original,742000,743000,5583,32.18245717306041,,ok
real_vs_real,original,743000,744000,5546,30.25664337027946,,ok
real_vs_real,original,744000,745000,5532,28.300656970688447,,ok
real_vs_real,original,745000,746000,5583,26.859268871857896,,ok
real_vs_real,original,746000,747000,5583,24.785325659380362,,ok
real_vs_real,original,747000,748000,5682,23.365015900646245,,ok
real_vs_real,original,748000,749000,5961,20.33096912117823,,ok
real_vs_real,original,749000,750000,5867,18.848792909893977,,ok
real_vs_real,original,750000,751000,5981,17.10402944160508,,ok
real_vs_real,original,751000,752000,6175,15.598197741853774,,ok
real_vs_real,original,752000,753000,5884,13.467851397834698,,ok
real_vs_real,original,753000,754000,6081,13.287544808742965,,ok
real_vs_real,original,754000,755000,6071,11.37687751357455,,ok
real_vs_real,original,755000,756000,6066,10.382324474820784,,ok
real_vs_real,original,756000,757000,6146,7.708726393159177,,ok
real_vs_real,original,757000,758000,6130,6.245545623483779,,ok
real_vs_real,original,758000,759000,6275,6.281602551734778,,ok
real_vs_real,original,759000,760000,6330,5.077199281578607,,ok
real_vs_real,original,760000,761000,6155,3.0933769625674046,,ok
real_vs_real,original,761000,762000,6039,2.9616081352210126,,ok
real_vs_real,original,762000,763000,6146,4.254025741527896,,ok
real_vs_real,original,763000,764000,6121,7.279805954636159,,ok
real_vs_real,original,764000,765000,6119,6.808374722067729,,ok
real_vs_real,original,765000,766000,6229,8.724532681016006,,ok
real_vs_real,original,766000,767000,5979,10.66529756949711,,ok
real_vs_real,original,767000,768000,6003,10.722790432667594,,ok
real_vs_real,original,768000,769000,5824,14.505395764304302,,ok
real_vs_real,original,769000,770000,5686,18.172357102592308,,ok
real_vs_real,original,770000,771000,5666,19.589307784981845,,ok
real_vs_real,original,771000,772000,5533,23.813237622396233,,ok
real_vs_real,original,772000,773000,5542,25.011009149293994,,ok
real_vs_real,original,773000,774000,5439,25.582957474188845,,ok
real_vs_real,original,774000,775000,5401,28.332681576231757,,ok
real_vs_real,original,775000,776000,5395,29.260983993150088,,ok
real_vs_real,original,776000,777000,5451,31.184303001782204,,ok
real_vs_real,original,777000,778000,5223,32.72866033611724,,ok
real_vs_real,original,778000,779000,5142,34.251539529712254,,ok
real_vs_real,original,779000,780000,5252,34.83669239379225,,ok
real_vs_real,original,780000,781000,5143,36.38269856863014,,ok
real_vs_real,original,781000,782000,5206,36.88649590145832,,ok
real_vs_real,original,782000,783000,5156,37.04294801354671,,ok
real_vs_real,original,783000,784000,5122,36.11983749506061,,ok
real_vs_real,original,784000,785000,5202,35.958118545842154,,ok
real_vs_real,original,785000,786000,5197,35.19009108207742,,ok
real_vs_real,original,786000,787000,5242,34.10336757787577,,ok
real_vs_real,original,787000,788000,5248,34.670456076747776,,ok
real_vs_real,original,788000,789000,5241,34.767597439825,,ok
real_vs_real,original,789000,790000,5429,35.14305456740431,,ok
real_vs_real,original,790000,791000,5453,34.240592234182785,,ok
real_vs_real,original,791000,792000,5423,33.26960402044634,,ok
real_vs_real,original,792000,793000,5424,34.60549565656329,,ok
real_vs_real,original,793000,794000,5421,34.41838770528107,,ok
real_vs_real,original,794000,795000,5378,33.403899029693584,,ok
real_vs_real,original,795000,796000,5452,34.001950534494284,,ok
real_vs_real,original,796000,797000,5392,33.60614358046073,,ok
real_vs_real,original,797000,798000,5433,34.232119371535916,,ok
real_vs_real,original,798000,799000,5448,34.28842319901666,,ok
real_vs_real,original,799000,800000,5373,34.16337174990273,,ok
real_vs_real,original,800000,801000,5449,33.754178492852304,,ok
real_vs_real,original,801000,802000,5484,34.35564439416354,,ok
real_vs_real,original,802000,803000,5386,35.01191898714238,,ok
real_vs_real,original,803000,804000,5308,36.78859320437897,,ok
real_vs_real,original,804000,805000,5212,37.780275628131704,,ok
real_vs_real,original,805000,806000,5130,39.18311548223274,,ok
real_vs_real,original,806000,807000,5134,39.36690574660176,,ok
real_vs_real,original,807000,808000,5104,40.02913961830801,,ok
real_vs_real,original,808000,809000,5057,41.24153586902472,,ok
real_vs_real,original,809000,810000,4999,41.57750485975718,,ok
real_vs_real,original,810000,811000,5001,41.10140769780665,,ok
real_vs_real,original,811000,812000,4868,41.58091956150666,,ok
real_vs_real,original,812000,813000,5083,41.19294227329368,,ok
real_vs_real,original,813000,814000,5185,41.17651629946177,,ok
real_vs_real,original,814000,815000,4926,43.01878664859727,,ok
real_vs_real,original,815000,816000,4810,44.29553169961915,,ok
real_vs_real,original,816000,817000,4754,45.30385932235776,,ok
real_vs_real,original,817000,818000,4876,44.82175079891875,,ok
real_vs_real,original,818000,819000,4778,44.87191140167947,,ok
real_vs_real,original,819000,820000,4739,44.92575971084875,,ok
real_vs_real,original,820000,821000,4617,45.14241375810936,,ok
real_vs_real,original,821000,822000,4673,44.909056855756845,,ok
real_vs_real,original,822000,823000,4670,45.76780557732527,,ok
real_vs_real,original,823000,824000,4702,45.36709551409138,,ok
real_vs_real,original,824000,825000,4572,46.42446056066727,,ok
real_vs_real,original,825000,826000,4402,48.04134254897989,,ok
real_vs_real,original,826000,827000,4413,46.99722140565021,,ok
real_vs_real,original,827000,828000,4219,46.58090297344952,,ok
real_vs_real,original,828000,829000,4054,47.605717268221674,,ok
real_vs_real,original,829000,830000,3880,46.55426366886329,,ok
real_vs_real,original,830000,831000,3786,46.54458750025453,,ok
real_vs_real,original,831000,832000,3590,46.33018139654711,,ok
real_vs_real,original,832000,833000,3436,48.52926507028637,,ok
real_vs_real,original,833000,834000,3388,49.57044237504992,,ok
real_vs_real,original,834000,835000,3293,50.226354620644976,,ok
real_vs_real,original,835000,836000,3025,52.777913972952376,,ok
real_vs_real,original,836000,837000,3112,50.48294905631802,,ok
real_vs_real,original,837000,838000,3014,50.50142274321671,,ok
real_vs_real,original,838000,839000,3058,48.58564035098699,,ok
real_vs_real,original,839000,840000,3085,50.69837457246261,,ok
real_vs_real,original,840000,841000,3132,51.44087090510533,,ok
real_vs_real,original,841000,842000,3093,52.150297025066024,,ok
real_vs_real,original,842000,843000,3076,54.95044904102342,,ok
real_vs_real,original,843000,844000,3055,54.313855908069236,,ok
real_vs_real,original,844000,845000,2965,52.40791910223772,,ok
real_vs_real,original,845000,846000,3085,49.81104748630918,,ok
real_vs_real,original,846000,847000,3027,49.52494570798607,,ok
real_vs_real,original,847000,848000,3118,48.382284646633565,,ok
real_vs_real,original,848000,849000,3071,53.17735556764971,,ok
real_vs_real,original,849000,850000,3325,51.127757712434686,,ok
real_vs_real,original,850000,851000,3605,47.546544810739995,,ok
real_vs_real,original,851000,852000,3785,45.88752063407259,,ok
real_vs_real,original,852000,853000,3968,43.05032244476123,,ok
real_vs_real,original,853000,854000,4152,41.64153037311589,,ok
real_vs_real,original,854000,855000,4266,41.5927574271408,,ok
real_vs_real,original,855000,856000,4520,39.866333851676906,,ok
real_vs_real,original,856000,857000,4549,39.10420985002054,,ok
real_vs_real,original,857000,858000,4736,41.18211467817726,,ok
real_vs_real,original,858000,859000,4839,39.211999814528745,,ok
real_vs_real,original,859000,860000,4927,38.98283015344893,,ok
real_vs_real,original,860000,861000,4973,37.75590895982384,,ok
real_vs_real,original,861000,862000,5013,36.96156038581935,,ok
real_vs_real,original,862000,863000,5218,35.95171227832535,,ok
real_vs_real,original,863000,864000,5205,35.58660812890578,,ok
real_vs_real,original,864000,865000,5369,34.79105493043494,,ok
real_vs_real,original,865000,866000,5180,36.39442562185898,,ok
real_vs_real,original,866000,867000,5262,35.31003090352886,,ok
real_vs_real,original,867000,868000,5386,33.145081253611224,,ok
real_vs_real,original,868000,869000,5753,26.85867863823809,,ok
real_vs_real,original,869000,870000,5913,23.730145226510572,,ok
real_vs_real,original,870000,871000,5899,21.270534739314645,,ok
real_vs_real,original,871000,872000,6169,20.392036046529775,,ok
real_vs_real,original,872000,873000,6178,18.399138098062306,,ok
real_vs_real,original,873000,874000,6214,18.27936164244835,,ok
real_vs_real,original,874000,875000,6215,17.793993365400862,,ok
real_vs_real,original,875000,876000,6162,16.12508085579181,,ok
real_vs_real,original,876000,877000,6324,15.306948575898165,,ok
real_vs_real,original,877000,878000,6571,13.286833882059575,,ok
real_vs_real,original,878000,879000,6475,13.250873070550668,,ok
real_vs_real,original,879000,880000,6410,13.207681536306369,,ok
real_vs_real,original,880000,881000,6643,10.920234322342019,,ok
real_vs_real,original,881000,882000,6478,13.053080286507267,,ok
real_vs_real,original,882000,883000,6415,13.843386983530861,,ok
real_vs_real,original,883000,884000,6519,12.55805347316171,,ok
real_vs_real,original,884000,885000,6591,12.731160756757063,,ok
real_vs_real,original,885000,886000,6412,9.958753191586261,,ok
real_vs_real,original,886000,887000,6296,12.29903682275478,,ok
real_vs_real,original,887000,888000,6382,12.324200286400181,,ok
real_vs_real,original,888000,889000,6280,13.616760044964973,,ok
real_vs_real,original,889000,890000,6407,14.573655284578676,,ok
real_vs_real,original,890000,891000,6274,16.70807797711142,,ok
real_vs_real,original,891000,892000,6257,17.974172845662864,,ok
real_vs_real,original,892000,893000,6375,19.348612864096374,,ok
real_vs_real,original,893000,894000,6104,20.600461614355883,,ok
real_vs_real,original,894000,895000,6003,20.3420176266039,,ok
real_vs_real,original,895000,896000,5982,21.225289012333242,,ok
real_vs_real,original,896000,897000,5999,22.285098344855214,,ok
real_vs_real,original,897000,898000,6040,23.901693981484428,,ok
real_vs_real,original,898000,899000,5898,25.270276657302364,,ok
real_vs_real,original,899000,900000,5934,26.736001336757454,,ok
real_vs_real,original,900000,901000,5947,27.96676928203613,,ok
real_vs_real,original,901000,902000,5793,28.944358144826413,,ok
real_vs_real,original,902000,903000,5798,29.439271577499866,,ok
real_vs_real,original,903000,904000,5523,30.62511746925325,,ok
real_vs_real,original,904000,905000,5587,30.42914224433459,,ok
real_vs_real,original,905000,906000,5522,32.79431576714582,,ok
real_vs_real,original,906000,907000,5581,33.82639974004637,,ok
real_vs_real,original,907000,908000,5718,33.62989633337456,,ok
real_vs_real,original,908000,909000,5535,34.819057379768786,,ok
real_vs_real,original,909000,910000,5734,34.22636658716132,,ok
real_vs_real,original,910000,911000,5409,34.786416925511055,,ok
real_vs_real,original,911000,912000,5536,34.379534793853956,,ok
real_vs_real,original,912000,913000,5514,35.09105800141428,,ok
real_vs_real,original,913000,914000,5385,34.92928062664226,,ok
real_vs_real,original,914000,915000,5625,35.112469092595006,,ok
real_vs_real,original,915000,916000,5563,34.58750096351583,,ok
real_vs_real,original,916000,917000,5662,35.29638740166606,,ok
real_vs_real,original,917000,918000,5630,35.138043263241315,,ok
real_vs_real,original,918000,919000,5553,35.767591368991624,,ok
real_vs_real,original,919000,920000,5451,35.10713861360143,,ok
real_vs_real,original,920000,921000,5483,35.393418282547074,,ok
real_vs_real,original,921000,922000,5457,35.231458443732265,,ok
real_vs_real,original,922000,923000,5460,36.5574891543781,,ok
real_vs_real,original,923000,924000,5640,35.513157591936725,,ok
real_vs_real,original,924000,925000,5620,35.72401130960913,,ok
real_vs_real,original,925000,926000,5571,35.8333165214357,,ok
real_vs_real,original,926000,927000,5703,34.93092459267648,,ok
real_vs_real,original,927000,928000,5421,36.79193623688122,,ok
real_vs_real,original,928000,929000,5308,36.42132095455937,,ok
real_vs_real,original,929000,930000,5320,38.629828181028,,ok
real_vs_real,original,930000,931000,5209,39.45313496222463,,ok
real_vs_real,original,931000,932000,5331,39.14571290770043,,ok
real_vs_real,original,932000,933000,5295,40.17063813256805,,ok
real_vs_real,original,933000,934000,5259,41.59865963845807,,ok
real_vs_real,original,934000,935000,5245,40.43095609086368,,ok
real_vs_real,original,935000,936000,5152,40.53714215961021,,ok
real_vs_real,original,936000,937000,5019,40.9728066465219,,ok
real_vs_real,original,937000,938000,5080,41.46784848759863,,ok
real_vs_real,original,938000,939000,5001,42.47322699430024,,ok
real_vs_real,original,939000,940000,5033,43.53861573452928,,ok
real_vs_real,original,940000,941000,4974,42.90608591769818,,ok
real_vs_real,original,941000,942000,4976,44.8849705841171,,ok
real_vs_real,original,942000,943000,5001,43.88183847595463,,ok
real_vs_real,original,943000,944000,4816,45.01063679166535,,ok
real_vs_real,original,944000,945000,4582,46.35654404798907,,ok
real_vs_real,original,945000,946000,4526,45.83216440861013,,ok
real_vs_real,original,946000,947000,4479,47.55943862848259,,ok
real_vs_real,original,947000,948000,4399,48.35448953078632,,ok
real_vs_real,original,948000,949000,4321,47.343991076746136,,ok
real_vs_real,original,949000,950000,4258,47.97984283563054,,ok
real_vs_real,original,950000,951000,4226,47.532191093516204,,ok
real_vs_real,original,951000,952000,4111,47.2965144521044,,ok
real_vs_real,original,952000,953000,3780,47.581207973465375,,ok
real_vs_real,original,953000,954000,3434,48.99778724783798,,ok
real_vs_real,original,954000,955000,3330,50.09610898355567,,ok
real_vs_real,original,955000,956000,3066,52.25966262035956,,ok
real_vs_real,original,956000,957000,2902,52.77030409392037,,ok
real_vs_real,original,957000,958000,2866,53.18591084010328,,ok
real_vs_real,original,958000,959000,2857,52.166808524742386,,ok
real_vs_real,original,959000,960000,3005,50.068087917870315,,ok
real_vs_real,original,960000,961000,2997,50.94610817782595,,ok
real_vs_real,original,961000,962000,2855,54.81877330591117,,ok
real_vs_real,original,962000,963000,2880,52.73282654444234,,ok
real_vs_real,original,963000,964000,2957,55.68489823225524,,ok
real_vs_real,original,964000,965000,2799,53.35391922747361,,ok
real_vs_real,original,965000,966000,2909,51.822947728431906,,ok
real_vs_real,original,966000,967000,2921,52.90564593254459,,ok
real_vs_real,original,967000,968000,2949,51.02580300601881,,ok
real_vs_real,original,968000,969000,3076,48.7400013816901,,ok
real_vs_real,original,969000,970000,2821,56.56874518478774,,ok
real_vs_real,original,970000,971000,2848,55.04793401961253,,ok
real_vs_real,original,971000,972000,2790,57.165508110262934,,ok
real_vs_real,original,972000,973000,2915,56.932405579400246,,ok
real_vs_real,original,973000,974000,3183,48.753322470045674,,ok
real_vs_real,original,974000,975000,3735,46.14685936119813,,ok
real_vs_real,original,975000,976000,4203,44.00689505212192,,ok
real_vs_real,original,976000,977000,4800,41.883956954702064,,ok
real_vs_real,original,977000,978000,4727,42.83819467029465,,ok
real_vs_real,original,978000,979000,4742,41.45926655444235,,ok
real_vs_real,original,979000,980000,4900,40.72604604370908,,ok
real_vs_real,original,980000,981000,4896,40.920032673136554,,ok
real_vs_real,original,981000,982000,5181,38.67939065662576,,ok
real_vs_real,original,982000,983000,5187,37.94195873385462,,ok
real_vs_real,original,983000,984000,5183,37.82371586686497,,ok
real_vs_real,original,984000,985000,5477,36.28826015431292,,ok
real_vs_real,original,985000,986000,5282,36.6236347000744,,ok
real_vs_real,original,986000,987000,5229,37.12608127443899,,ok
real_vs_real,original,987000,988000,5307,36.480626055744324,,ok
real_vs_real,original,988000,989000,5175,37.75229977955249,,ok
real_vs_real,original,989000,990000,5358,36.93483131478708,,ok
real_vs_real,original,990000,991000,5336,35.51104474757314,,ok
real_vs_real,original,991000,992000,5276,35.17586040177541,,ok
real_vs_real,original,992000,993000,5568,31.5551330306183,,ok
real_vs_real,original,993000,994000,5635,29.836788511572912,,ok
real_vs_real,original,994000,995000,5422,27.825291100296127,,ok
real_vs_real,original,995000,996000,5560,25.294762381884222,,ok
real_vs_real,original,996000,997000,5550,24.481194109261196,,ok
real_vs_real,original,997000,998000,5693,23.76080634061729,,ok
real_vs_real,original,998000,999000,5902,19.527228305105634,,ok
real_vs_real,original,999000,1000000,5890,18.521029949562287,,ok
real_vs_real,original,1000000,1001000,6151,16.77441080249753,,ok
real_vs_real,original,1001000,1002000,6236,14.231938765441202,,ok
real_vs_real,original,1002000,1003000,6160,13.042117082158857,,ok
real_vs_real,original,1003000,1004000,6006,11.823680661872142,,ok
real_vs_real,original,1004000,1005000,6067,10.182699647333346,,ok
real_vs_real,original,1005000,1006000,6030,8.55771044625392,,ok
real_vs_real,original,1006000,1007000,6179,6.942755149768767,,ok
real_vs_real,original,1007000,1008000,6099,5.102408732578888,,ok
real_vs_real,original,1008000,1009000,6092,3.733054182715678,,ok
real_vs_real,original,1009000,1010000,6300,4.917647742935966,,ok
real_vs_real,original,1010000,1011000,6201,2.266018276263462,,ok
real_vs_real,original,1011000,1012000,6032,3.6245955568307258,,ok
real_vs_real,original,1012000,1013000,6145,6.285778559326875,,ok
real_vs_real,original,1013000,1014000,6058,8.999709845287741,,ok
real_vs_real,original,1014000,1015000,5940,8.585194790405867,,ok
v2e_vs_real,original,15000,16000,21529,9.857625979788157,,ok
v2e_vs_real,original,16000,17000,16314,8.640108491651528,,ok
v2e_vs_real,original,17000,18000,21922,8.938961091919293,,ok
v2e_vs_real,original,18000,19000,16581,7.804634493425833,,ok
v2e_vs_real,original,19000,20000,22096,7.689976639226297,,ok
v2e_vs_real,original,20000,21000,16500,7.496578965593423,,ok
v2e_vs_real,original,21000,22000,21884,7.808043687631199,,ok
v2e_vs_real,original,22000,23000,21796,9.042765571294783,,ok
v2e_vs_real,original,23000,24000,16476,9.049320639108593,,ok
v2e_vs_real,original,24000,25000,21799,9.778753962000486,,ok
v2e_vs_real,original,25000,26000,16463,10.774263002222675,,ok
v2e_vs_real,original,26000,27000,21695,11.913067292270517,,ok
v2e_vs_real,original,27000,28000,16167,12.851268412626053,,ok
v2e_vs_real,original,28000,29000,21495,13.030767777064456,,ok
v2e_vs_real,original,29000,30000,20954,13.189316748260913,,ok
v2e_vs_real,original,30000,31000,15348,13.545112895816404,,ok
v2e_vs_real,original,31000,32000,19952,13.94399581748251,,ok
v2e_vs_real,original,32000,33000,15110,15.025285953287808,,ok
v2e_vs_real,original,33000,34000,20274,18.167949592323303,,ok
v2e_vs_real,original,34000,35000,14602,19.997274190415546,,ok
v2e_vs_real,original,35000,36000,18495,22.32494450586212,,ok
v2e_vs_real,original,36000,37000,17494,25.478321792091265,,ok
v2e_vs_real,original,37000,38000,12783,28.098174102418156,,ok
v2e_vs_real,original,38000,39000,16813,29.557205424707586,,ok
v2e_vs_real,original,39000,40000,12649,32.535777148798246,,ok
v2e_vs_real,original,40000,41000,17189,33.28449520786644,,ok
v2e_vs_real,original,41000,42000,13108,35.15594576836627,,ok
v2e_vs_real,original,42000,43000,17778,35.9633132513326,,ok
v2e_vs_real,original,43000,44000,18401,36.37408925306153,,ok
v2e_vs_real,original,44000,45000,14036,36.439492153159236,,ok
v2e_vs_real,original,45000,46000,18992,36.926649783793906,,ok
v2e_vs_real,original,46000,47000,14936,36.064720619913366,,ok
v2e_vs_real,original,47000,48000,20238,36.23075395657063,,ok
v2e_vs_real,original,48000,49000,15549,35.775735356935634,,ok
v2e_vs_real,original,49000,50000,20705,35.36700798862448,,ok
v2e_vs_real,original,50000,51000,20716,34.48813245632344,,ok
v2e_vs_real,original,51000,52000,15561,34.31509691668584,,ok
v2e_vs_real,original,52000,53000,20629,34.51292997076145,,ok
v2e_vs_real,original,53000,54000,15559,34.72474503736135,,ok
v2e_vs_real,original,54000,55000,20615,34.173804518388174,,ok
v2e_vs_real,original,55000,56000,15432,33.80084201662183,,ok
v2e_vs_real,original,56000,57000,20537,33.87596682860031,,ok
v2e_vs_real,original,57000,58000,15165,33.42481765990028,,ok
v2e_vs_real,original,58000,59000,19848,32.69271322734328,,ok
v2e_vs_real,original,59000,60000,19144,32.06276509862456,,ok
v2e_vs_real,original,60000,61000,13973,32.327826852398935,,ok
v2e_vs_real,original,61000,62000,18443,32.45507529293193,,ok
v2e_vs_real,original,62000,63000,13463,33.13057933839005,,ok
v2e_vs_real,original,63000,64000,17084,33.35282589393636,,ok
v2e_vs_real,original,64000,65000,16453,34.4317093517518,,ok
v2e_vs_real,original,65000,66000,12231,34.00982225587344,,ok
v2e_vs_real,original,66000,67000,16545,33.474939277247124,,ok
v2e_vs_real,original,67000,68000,11403,36.09880018694604,,ok
v2e_vs_real,original,68000,69000,14493,38.258239085879374,,ok
v2e_vs_real,original,69000,70000,10748,40.98436020048468,,ok
v2e_vs_real,original,70000,71000,14166,42.85469110251866,,ok
v2e_vs_real,original,71000,72000,10672,44.120975824451264,,ok
v2e_vs_real,original,72000,73000,14169,45.41604628939645,,ok
v2e_vs_real,original,73000,74000,14202,46.072933902757676,,ok
v2e_vs_real,original,74000,75000,11155,45.106387918338875,,ok
v2e_vs_real,original,75000,76000,15101,44.70723449636958,,ok
v2e_vs_real,original,76000,77000,11184,45.908664679552956,,ok
v2e_vs_real,original,77000,78000,14607,47.247174889496414,,ok
v2e_vs_real,original,78000,79000,10701,49.38060331096893,,ok
v2e_vs_real,original,79000,80000,14554,48.65180695219693,,ok
v2e_vs_real,original,80000,81000,14691,47.58136425597496,,ok
v2e_vs_real,original,81000,82000,10761,48.46017409016628,,ok
v2e_vs_real,original,82000,83000,14651,46.35511661972785,,ok
v2e_vs_real,original,83000,84000,10853,48.32605460318759,,ok
v2e_vs_real,original,84000,85000,14644,47.51360004840999,,ok
v2e_vs_real,original,85000,86000,10801,49.56507353508564,,ok
v2e_vs_real,original,86000,87000,14349,51.204685206566154,,ok
v2e_vs_real,original,87000,88000,14183,52.59473516675593,,ok
v2e_vs_real,original,88000,89000,10728,53.79175621895261,,ok
v2e_vs_real,original,89000,90000,13779,54.82625390262826,,ok
v2e_vs_real,original,90000,91000,10042,55.59040616210156,,ok
v2e_vs_real,original,91000,92000,12803,55.21659474119326,,ok
v2e_vs_real,original,92000,93000,9377,54.10010267954014,,ok
v2e_vs_real,original,93000,94000,12002,52.14343086528329,,ok
v2e_vs_real,original,94000,95000,11820,49.92691359827124,,ok
v2e_vs_real,original,95000,96000,8860,48.341259567410134,,ok
v2e_vs_real,original,96000,97000,12087,45.072620388113926,,ok
v2e_vs_real,original,97000,98000,9084,43.01447074650278,,ok
v2e_vs_real,original,98000,99000,11852,40.96407979419641,,ok
v2e_vs_real,original,99000,100000,10673,35.85688091661653,,ok
v2e_vs_real,original,100000,101000,13786,36.35264101014577,,ok
v2e_vs_real,original,101000,102000,14253,36.37920143470428,,ok
v2e_vs_real,original,102000,103000,10725,37.530452675223145,,ok
v2e_vs_real,original,103000,104000,14301,37.88213106481155,,ok
v2e_vs_real,original,104000,105000,10888,39.51899052731222,,ok
v2e_vs_real,original,105000,106000,14318,40.70500809165972,,ok
v2e_vs_real,original,106000,107000,10550,41.249972381476226,,ok
v2e_vs_real,original,107000,108000,14078,41.46667489268468,,ok
v2e_vs_real,original,108000,109000,14368,40.36879288274586,,ok
v2e_vs_real,original,109000,110000,10955,39.71295851769422,,ok
v2e_vs_real,original,110000,111000,14869,39.54015496188297,,ok
v2e_vs_real,original,111000,112000,11601,39.03496940364977,,ok
v2e_vs_real,original,112000,113000,15627,39.085975363283794,,ok
v2e_vs_real,original,113000,114000,11734,38.63709877473904,,ok
v2e_vs_real,original,114000,115000,16201,38.70463428739945,,ok
v2e_vs_real,original,115000,116000,17421,37.791977242888116,,ok
v2e_vs_real,original,116000,117000,13489,36.35242941877821,,ok
v2e_vs_real,original,117000,118000,18425,35.64130640348971,,ok
v2e_vs_real,original,118000,119000,14088,35.690152935188344,,ok
v2e_vs_real,original,119000,120000,19145,35.487308308860456,,ok
v2e_vs_real,original,120000,121000,14442,34.45025739463958,,ok
v2e_vs_real,original,121000,122000,19337,33.30583352041852,,ok
v2e_vs_real,original,122000,123000,19359,32.1718654671611,,ok
v2e_vs_real,original,123000,124000,14627,31.00360565696717,,ok
v2e_vs_real,original,124000,125000,19759,29.49086204727571,,ok
v2e_vs_real,original,125000,126000,15007,26.977844118401087,,ok
v2e_vs_real,original,126000,127000,19728,25.009943447461612,,ok
v2e_vs_real,original,127000,128000,14694,24.23952925049179,,ok
v2e_vs_real,original,128000,129000,19407,23.766277357543434,,ok
v2e_vs_real,original,129000,130000,18885,23.44837485918828,,ok
v2e_vs_real,original,130000,131000,13949,23.127861160389845,,ok
v2e_vs_real,original,131000,132000,17640,22.845946466038612,,ok
v2e_vs_real,original,132000,133000,12828,21.93485807733361,,ok
v2e_vs_real,original,133000,134000,17169,16.98597603010894,,ok
v2e_vs_real,original,134000,135000,14036,16.18171799896799,,ok
v2e_vs_real,original,135000,136000,16716,14.861923184915701,,ok
v2e_vs_real,original,136000,137000,13672,14.603774026700059,,ok
v2e_vs_real,original,137000,138000,16882,13.887261007363762,,ok
v2e_vs_real,original,138000,139000,14049,13.443777907658928,,ok
v2e_vs_real,original,139000,140000,17402,13.770671873401923,,ok
v2e_vs_real,original,140000,141000,14693,14.007506501684736,,ok
v2e_vs_real,original,141000,142000,15323,14.937650174794502,,ok
v2e_vs_real,original,142000,143000,19750,16.311992488526283,,ok
v2e_vs_real,original,143000,144000,16574,17.363819348182705,,ok
v2e_vs_real,original,144000,145000,20801,17.503579264153153,,ok
v2e_vs_real,original,145000,146000,17118,19.154743592044536,,ok
v2e_vs_real,original,146000,147000,21293,18.20474813493618,,ok
v2e_vs_real,original,147000,148000,17683,20.616684587103858,,ok
v2e_vs_real,original,148000,149000,17637,19.211214126028278,,ok
v2e_vs_real,original,149000,150000,22626,20.146906791804096,,ok
v2e_vs_real,original,150000,151000,18080,20.642149286532966,,ok
v2e_vs_real,original,151000,152000,22444,20.902726067149963,,ok
v2e_vs_real,original,152000,153000,17545,21.535633828723928,,ok
v2e_vs_real,original,153000,154000,21845,21.295592414800065,,ok
v2e_vs_real,original,154000,155000,17441,23.2029466372542,,ok
v2e_vs_real,original,155000,156000,21220,23.470344813499022,,ok
v2e_vs_real,original,156000,157000,17175,25.325832035910725,,ok
v2e_vs_real,original,157000,158000,17234,26.94052830137591,,ok
v2e_vs_real,original,158000,159000,21602,28.446897294126806,,ok
v2e_vs_real,original,159000,160000,17364,30.114617628812397,,ok
v2e_vs_real,original,160000,161000,20929,30.508780239451923,,ok
v2e_vs_real,original,161000,162000,16223,31.33954942243062,,ok
v2e_vs_real,original,162000,163000,19544,32.47334993640816,,ok
v2e_vs_real,original,163000,164000,14989,32.43285221978164,,ok
v2e_vs_real,original,164000,165000,17847,33.77221503833003,,ok
v2e_vs_real,original,165000,166000,13641,32.282293677515746,,ok
v2e_vs_real,original,166000,167000,14046,33.35524064649435,,ok
v2e_vs_real,original,167000,168000,17456,41.120043633186135,,ok
v2e_vs_real,original,168000,169000,13984,46.314774587886056,,ok
v2e_vs_real,original,169000,170000,16980,46.91521249014731,,ok
v2e_vs_real,original,170000,171000,14412,49.66590900086255,,ok
v2e_vs_real,original,171000,172000,17558,46.62264920653252,,ok
v2e_vs_real,original,172000,173000,14836,46.52431465248344,,ok
v2e_vs_real,original,173000,174000,14660,44.56236158650886,,ok
v2e_vs_real,original,174000,175000,18537,43.89252915024185,,ok
v2e_vs_real,original,175000,176000,14999,44.77081123371541,,ok
v2e_vs_real,original,176000,177000,18771,44.36723566275143,,ok
v2e_vs_real,original,177000,178000,14956,43.891168490739005,,ok
v2e_vs_real,original,178000,179000,18364,43.7097732478765,,ok
v2e_vs_real,original,179000,180000,15331,43.64673948045456,,ok
v2e_vs_real,original,180000,181000,18640,43.12288467964709,,ok
v2e_vs_real,original,181000,182000,15242,43.75017770478834,,ok
v2e_vs_real,original,182000,183000,15450,40.904611108437216,,ok
v2e_vs_real,original,183000,184000,19464,41.88084374447249,,ok
v2e_vs_real,original,184000,185000,15445,42.13111629879882,,ok
v2e_vs_real,original,185000,186000,18940,41.90007836545678,,ok
v2e_vs_real,original,186000,187000,14737,41.91888744961364,,ok
v2e_vs_real,original,187000,188000,18179,40.84735036092915,,ok
v2e_vs_real,original,188000,189000,14602,42.00567847251742,,ok
v2e_vs_real,original,189000,190000,18071,41.58434243604964,,ok
v2e_vs_real,original,190000,191000,14516,42.70801440790278,,ok
v2e_vs_real,original,191000,192000,14513,42.63276054509151,,ok
v2e_vs_real,original,192000,193000,17778,43.63519380823756,,ok
v2e_vs_real,original,193000,194000,13984,43.94329573442976,,ok
v2e_vs_real,original,194000,195000,16611,43.93652576080224,,ok
v2e_vs_real,original,195000,196000,12973,43.86793368245316,,ok
v2e_vs_real,original,196000,197000,15535,42.319096533983355,,ok
v2e_vs_real,original,197000,198000,12025,42.692764045850346,,ok
v2e_vs_real,original,198000,199000,11411,42.89472617652322,,ok
v2e_vs_real,original,199000,200000,13917,40.37404695313454,,ok
v2e_vs_real,original,200000,201000,10441,41.06493182133426,,ok
v2e_vs_real,original,201000,202000,12059,43.29720719209623,,ok
v2e_vs_real,original,202000,203000,8971,45.64827620498063,,ok
v2e_vs_real,original,203000,204000,10794,48.10167469070765,,ok
v2e_vs_real,original,204000,205000,8404,49.80237230513197,,ok
v2e_vs_real,original,205000,206000,8403,49.249232423098036,,ok
v2e_vs_real,original,206000,207000,11033,45.90399662223909,,ok
v2e_vs_real,original,207000,208000,9251,44.686742155365664,,ok
v2e_vs_real,original,208000,209000,11659,43.680294107140725,,ok
v2e_vs_real,original,209000,210000,9764,42.55238203543919,,ok
v2e_vs_real,original,210000,211000,12507,41.6352612224015,,ok
v2e_vs_real,original,211000,212000,9885,41.850431683805986,,ok
v2e_vs_real,original,212000,213000,12567,41.37156060224939,,ok
v2e_vs_real,original,213000,214000,10400,41.27821305062221,,ok
v2e_vs_real,original,214000,215000,13250,41.0629062214279,,ok
v2e_vs_real,original,215000,216000,10775,39.738626365816444,,ok
v2e_vs_real,original,216000,217000,10809,38.5219483835056,,ok
v2e_vs_real,original,217000,218000,13981,39.58302732517058,,ok
v2e_vs_real,original,218000,219000,11334,40.06978333086989,,ok
v2e_vs_real,original,219000,220000,13865,40.67304786798738,,ok
v2e_vs_real,original,220000,221000,11124,41.23275160446928,,ok
v2e_vs_real,original,221000,222000,13990,40.88113243598206,,ok
v2e_vs_real,original,222000,223000,10953,41.554622014309345,,ok
v2e_vs_real,original,223000,224000,11160,41.514788892512584,,ok
v2e_vs_real,original,224000,225000,14084,42.07182420172448,,ok
v2e_vs_real,original,225000,226000,11386,42.15648637472659,,ok
v2e_vs_real,original,226000,227000,13606,42.351858904339785,,ok
v2e_vs_real,original,227000,228000,11046,42.48268338387365,,ok
v2e_vs_real,original,228000,229000,13741,41.8656544317443,,ok
v2e_vs_real,original,229000,230000,11026,42.00863081588296,,ok
v2e_vs_real,original,230000,231000,10670,42.18489987806081,,ok
v2e_vs_real,original,231000,232000,12662,43.71754744114344,,ok
v2e_vs_real,original,232000,233000,10140,43.708432865455805,,ok
v2e_vs_real,original,233000,234000,13083,41.74310714551277,,ok
v2e_vs_real,original,234000,235000,10473,39.65121512750154,,ok
v2e_vs_real,original,235000,236000,13004,38.32926541753916,,ok
v2e_vs_real,original,236000,237000,10552,36.96402139015307,,ok
v2e_vs_real,original,237000,238000,13401,35.46226275446198,,ok
v2e_vs_real,original,238000,239000,11419,35.54448551580406,,ok
v2e_vs_real,original,239000,240000,14313,34.640667179956864,,ok
v2e_vs_real,original,240000,241000,12134,35.32608639394257,,ok
v2e_vs_real,original,241000,242000,12570,34.529868383461405,,ok
v2e_vs_real,original,242000,243000,16566,33.29207469270825,,ok
v2e_vs_real,original,243000,244000,13732,32.83246695948631,,ok
v2e_vs_real,original,244000,245000,17967,31.054484732751217,,ok
v2e_vs_real,original,245000,246000,15319,32.163888325733,,ok
v2e_vs_real,original,246000,247000,19125,29.86723085437456,,ok
v2e_vs_real,original,247000,248000,16001,30.37524087917286,,ok
v2e_vs_real,original,248000,249000,15807,28.569150741055257,,ok
v2e_vs_real,original,249000,250000,20003,27.523282103208885,,ok
v2e_vs_real,original,250000,251000,16382,26.39203553904015,,ok
v2e_vs_real,original,251000,252000,20452,25.92913228215174,,ok
v2e_vs_real,original,252000,253000,16093,24.450407677966837,,ok
v2e_vs_real,original,253000,254000,19765,23.883167318539282,,ok
v2e_vs_real,original,254000,255000,15593,23.321859446162758,,ok
v2e_vs_real,original,255000,256000,19075,22.978599459201092,,ok
v2e_vs_real,original,256000,257000,15191,22.456779616484738,,ok
v2e_vs_real,original,257000,258000,15322,23.19633800901019,,ok
v2e_vs_real,original,258000,259000,18947,22.59610033071384,,ok
v2e_vs_real,original,259000,260000,15006,22.437606133396592,,ok
v2e_vs_real,original,260000,261000,18679,22.02047724943845,,ok
v2e_vs_real,original,261000,262000,14976,21.724354747088743,,ok
v2e_vs_real,original,262000,263000,18576,20.730742193047117,,ok
v2e_vs_real,original,263000,264000,15157,21.063645193628606,,ok
v2e_vs_real,original,264000,265000,17813,21.608300312290634,,ok
v2e_vs_real,original,265000,266000,14332,22.492886500018855,,ok
v2e_vs_real,original,266000,267000,16028,21.601197051960895,,ok
v2e_vs_real,original,267000,268000,15487,18.0022473551037,,ok
v2e_vs_real,original,268000,269000,14598,16.36334800174072,,ok
v2e_vs_real,original,269000,270000,14570,16.250628075602037,,ok
v2e_vs_real,original,270000,271000,17270,17.24673924159836,,ok
v2e_vs_real,original,271000,272000,15142,16.997304684430848,,ok
v2e_vs_real,original,272000,273000,14542,19.72410865960073,,ok
v2e_vs_real,original,273000,274000,14588,22.593614233352664,,ok
v2e_vs_real,original,274000,275000,14874,24.93765810731952,,ok
v2e_vs_real,original,275000,276000,15314,27.318655392969816,,ok
v2e_vs_real,original,276000,277000,15465,28.05615186873051,,ok
v2e_vs_real,original,277000,278000,15558,27.928764001181374,,ok
v2e_vs_real,original,278000,279000,15735,28.195025578452935,,ok
v2e_vs_real,original,279000,280000,18875,27.860073230901296,,ok
v2e_vs_real,original,280000,281000,16495,29.616383298173204,,ok
v2e_vs_real,original,281000,282000,16481,29.525727432661373,,ok
v2e_vs_real,original,282000,283000,16756,28.434279051052773,,ok
v2e_vs_real,original,283000,284000,17027,29.246227570132277,,ok
v2e_vs_real,original,284000,285000,16563,27.995189187961618,,ok
v2e_vs_real,original,285000,286000,16838,28.326615082931205,,ok
v2e_vs_real,original,286000,287000,16989,28.130405760511607,,ok
v2e_vs_real,original,287000,288000,17255,28.28371858422532,,ok
v2e_vs_real,original,288000,289000,21141,28.4866704308655,,ok
v2e_vs_real,original,289000,290000,18128,29.346820791667838,,ok
v2e_vs_real,original,290000,291000,17071,29.036486509887926,,ok
v2e_vs_real,original,291000,292000,16760,29.19351780431444,,ok
v2e_vs_real,original,292000,293000,16321,29.53512964305005,,ok
v2e_vs_real,original,293000,294000,15932,29.18918169469334,,ok
v2e_vs_real,original,294000,295000,15703,29.19019931966929,,ok
v2e_vs_real,original,295000,296000,14978,29.144266392697016,,ok
v2e_vs_real,original,296000,297000,14613,30.046635701362266,,ok
v2e_vs_real,original,297000,298000,17484,30.984532867231962,,ok
v2e_vs_real,original,298000,299000,14097,31.546886037277716,,ok
v2e_vs_real,original,299000,300000,15158,30.543444325623657,,ok
v2e_vs_real,original,300000,301000,14218,33.043439882488876,,ok
v2e_vs_real,original,301000,302000,13795,36.95753870708663,,ok
v2e_vs_real,original,302000,303000,13521,40.0877352175591,,ok
v2e_vs_real,original,303000,304000,13278,41.394876108898636,,ok
v2e_vs_real,original,304000,305000,13306,43.27757172084817,,ok
v2e_vs_real,original,305000,306000,13361,44.174632189409415,,ok
v2e_vs_real,original,306000,307000,13108,43.612786715448124,,ok
v2e_vs_real,original,307000,308000,16691,42.866237108357126,,ok
v2e_vs_real,original,308000,309000,14004,43.55659488110819,,ok
v2e_vs_real,original,309000,310000,14476,43.38626564234739,,ok
v2e_vs_real,original,310000,311000,14533,42.74384099787073,,ok
v2e_vs_real,original,311000,312000,14509,42.40086645431909,,ok
v2e_vs_real,original,312000,313000,14481,42.2505864875815,,ok
v2e_vs_real,original,313000,314000,14644,43.35308328164694,,ok
v2e_vs_real,original,314000,315000,15627,44.7103408369538,,ok
v2e_vs_real,original,315000,316000,15147,44.13308672768735,,ok
v2e_vs_real,original,316000,317000,19299,44.20925515503112,,ok
v2e_vs_real,original,317000,318000,16592,46.741762334486566,,ok
v2e_vs_real,original,318000,319000,16208,45.53326566141001,,ok
v2e_vs_real,original,319000,320000,15751,46.37397299578998,,ok
v2e_vs_real,original,320000,321000,15380,45.702493595155914,,ok
v2e_vs_real,original,321000,322000,15131,46.054390095266584,,ok
v2e_vs_real,original,322000,323000,14874,46.39828576369085,,ok
v2e_vs_real,original,323000,324000,14580,44.838235808429594,,ok
v2e_vs_real,original,324000,325000,14240,44.86850843723336,,ok
v2e_vs_real,original,325000,326000,16597,42.794089677237594,,ok
v2e_vs_real,original,326000,327000,12937,42.25573970275091,,ok
v2e_vs_real,original,327000,328000,12834,41.3841165519864,,ok
v2e_vs_real,original,328000,329000,12274,41.061568055429575,,ok
v2e_vs_real,original,329000,330000,12207,40.6565155944555,,ok
v2e_vs_real,original,330000,331000,11861,40.61735618137485,,ok
v2e_vs_real,original,331000,332000,11590,40.297457068611756,,ok
v2e_vs_real,original,332000,333000,11922,38.391246650994155,,ok
v2e_vs_real,original,333000,334000,12300,36.30890950369737,,ok
v2e_vs_real,original,334000,335000,14111,36.27295140082039,,ok
v2e_vs_real,original,335000,336000,11566,38.10382201541227,,ok
v2e_vs_real,original,336000,337000,11622,39.11872544822391,,ok
v2e_vs_real,original,337000,338000,11289,39.50071861894957,,ok
v2e_vs_real,original,338000,339000,11143,40.872082512173186,,ok
v2e_vs_real,original,339000,340000,11217,41.065937320330065,,ok
v2e_vs_real,original,340000,341000,11139,41.41492101092208,,ok
v2e_vs_real,original,341000,342000,11319,41.986460617505585,,ok
v2e_vs_real,original,342000,343000,11007,41.613914285335454,,ok
v2e_vs_real,original,343000,344000,13553,39.5958647446539,,ok
v2e_vs_real,original,344000,345000,11434,42.06079190018285,,ok
v2e_vs_real,original,345000,346000,11191,42.01215162364482,,ok
v2e_vs_real,original,346000,347000,10912,41.93808657721467,,ok
v2e_vs_real,original,347000,348000,11130,42.16428827190594,,ok
v2e_vs_real,original,348000,349000,11182,41.689855690712925,,ok
v2e_vs_real,original,349000,350000,11702,40.701817267898846,,ok
v2e_vs_real,original,350000,351000,11589,41.643135725529646,,ok
v2e_vs_real,original,351000,352000,11510,42.72264938244167,,ok
v2e_vs_real,original,352000,353000,13922,42.95420689125833,,ok
v2e_vs_real,original,353000,354000,11907,45.77140365993641,,ok
v2e_vs_real,original,354000,355000,11572,44.826751161721006,,ok
v2e_vs_real,original,355000,356000,11557,44.56301838271172,,ok
v2e_vs_real,original,356000,357000,11166,44.61183990334485,,ok
v2e_vs_real,original,357000,358000,11108,43.99024172474984,,ok
v2e_vs_real,original,358000,359000,10829,42.36682019616164,,ok
v2e_vs_real,original,359000,360000,11099,43.412188384875286,,ok
v2e_vs_real,original,360000,361000,10907,43.67892778002252,,ok
v2e_vs_real,original,361000,362000,13316,42.27327045646386,,ok
v2e_vs_real,original,362000,363000,11276,43.253458294142874,,ok
v2e_vs_real,original,363000,364000,11112,41.73222871536997,,ok
v2e_vs_real,original,364000,365000,10893,40.9815973337138,,ok
v2e_vs_real,original,365000,366000,11352,39.60471847839768,,ok
v2e_vs_real,original,366000,367000,12736,33.42215205087746,,ok
v2e_vs_real,original,367000,368000,12759,32.62722079538378,,ok
v2e_vs_real,original,368000,369000,12891,33.61336984352869,,ok
v2e_vs_real,original,369000,370000,12981,33.53807549827563,,ok
v2e_vs_real,original,370000,371000,15723,33.959536729028166,,ok
v2e_vs_real,original,371000,372000,13320,37.811342456927015,,ok
v2e_vs_real,original,372000,373000,13304,38.327385294805445,,ok
v2e_vs_real,original,373000,374000,13316,36.96437488900368,,ok
v2e_vs_real,original,374000,375000,13633,36.0661552172176,,ok
v2e_vs_real,original,375000,376000,13870,35.700129230138366,,ok
v2e_vs_real,original,376000,377000,14202,35.510247622282684,,ok
v2e_vs_real,original,377000,378000,14904,33.34996565698299,,ok
v2e_vs_real,original,378000,379000,15323,30.745368835206474,,ok
v2e_vs_real,original,379000,380000,19553,26.876474334520775,,ok
v2e_vs_real,original,380000,381000,17072,24.8345928871518,,ok
v2e_vs_real,original,381000,382000,17693,23.225048901579065,,ok
v2e_vs_real,original,382000,383000,18425,20.821061510116845,,ok
v2e_vs_real,original,383000,384000,19184,19.84802128827868,,ok
v2e_vs_real,original,384000,385000,19634,18.393843434122775,,ok
v2e_vs_real,original,385000,386000,19706,18.83549095908536,,ok
v2e_vs_real,original,386000,387000,19814,18.811225779182358,,ok
v2e_vs_real,original,387000,388000,19938,19.01525887429743,,ok
v2e_vs_real,original,388000,389000,24530,18.695931090731868,,ok
v2e_vs_real,original,389000,390000,20534,20.649141475226156,,ok
v2e_vs_real,original,390000,391000,20435,20.03957359356085,,ok
v2e_vs_real,original,391000,392000,20709,20.39232130003267,,ok
v2e_vs_real,original,392000,393000,20328,18.675939943710187,,ok
v2e_vs_real,original,393000,394000,20402,19.46302404880287,,ok
v2e_vs_real,original,394000,395000,20872,19.568845266933323,,ok
v2e_vs_real,original,395000,396000,20485,20.73232651989137,,ok
v2e_vs_real,original,396000,397000,20090,21.497764126758522,,ok
v2e_vs_real,original,397000,398000,23888,20.916309318457497,,ok
v2e_vs_real,original,398000,399000,18990,22.6173877580483,,ok
v2e_vs_real,original,399000,400000,21757,20.382526217260903,,ok
v2e_vs_real,original,400000,401000,17026,24.46610401829205,,ok
v2e_vs_real,original,401000,402000,20402,27.4105383093293,,ok
v2e_vs_real,original,402000,403000,19694,30.387012613128938,,ok
v2e_vs_real,original,403000,404000,18868,32.513584469855196,,ok
v2e_vs_real,original,404000,405000,13891,33.094660443194265,,ok
v2e_vs_real,original,405000,406000,18592,32.058777453645696,,ok
v2e_vs_real,original,406000,407000,18541,32.29801511909207,,ok
v2e_vs_real,original,407000,408000,18448,33.43142245988475,,ok
v2e_vs_real,original,408000,409000,14235,34.480956315725514,,ok
v2e_vs_real,original,409000,410000,18903,34.42218438652044,,ok
v2e_vs_real,original,410000,411000,18697,34.6329003515865,,ok
v2e_vs_real,original,411000,412000,19022,34.60204255751743,,ok
v2e_vs_real,original,412000,413000,14230,35.08533772063751,,ok
v2e_vs_real,original,413000,414000,19190,34.80198786479272,,ok
v2e_vs_real,original,414000,415000,18975,34.829934005193465,,ok
v2e_vs_real,original,415000,416000,19093,33.672213089557346,,ok
v2e_vs_real,original,416000,417000,14317,33.39726866097432,,ok
v2e_vs_real,original,417000,418000,18649,32.775131582212666,,ok
v2e_vs_real,original,418000,419000,18314,32.02231715014318,,ok
v2e_vs_real,original,419000,420000,17736,31.70920649585238,,ok
v2e_vs_real,original,420000,421000,13273,32.468070518074526,,ok
v2e_vs_real,original,421000,422000,17596,33.08883000550903,,ok
v2e_vs_real,original,422000,423000,17646,34.274398938220955,,ok
v2e_vs_real,original,423000,424000,17869,36.086145014642305,,ok
v2e_vs_real,original,424000,425000,13709,37.84152562915339,,ok
v2e_vs_real,original,425000,426000,18400,39.180732133315274,,ok
v2e_vs_real,original,426000,427000,18253,39.637757010614564,,ok
v2e_vs_real,original,427000,428000,17647,39.373599104201276,,ok
v2e_vs_real,original,428000,429000,12797,38.71563162272742,,ok
v2e_vs_real,original,429000,430000,16478,38.988266977747045,,ok
v2e_vs_real,original,430000,431000,15569,38.503121908011664,,ok
v2e_vs_real,original,431000,432000,11183,38.3929179762819,,ok
v2e_vs_real,original,432000,433000,14448,36.95786462612438,,ok
v2e_vs_real,original,433000,434000,14327,38.909026798948574,,ok
v2e_vs_real,original,434000,435000,14300,45.809948398600234,,ok
v2e_vs_real,original,435000,436000,10607,48.937098402072195,,ok
v2e_vs_real,original,436000,437000,14128,49.240236661528456,,ok
v2e_vs_real,original,437000,438000,14186,50.755228452067904,,ok
v2e_vs_real,original,438000,439000,14395,48.738322615399085,,ok
v2e_vs_real,original,439000,440000,14693,47.06591545249525,,ok
v2e_vs_real,original,440000,441000,10763,46.3677636849218,,ok
v2e_vs_real,original,441000,442000,14400,45.68580138482809,,ok
v2e_vs_real,original,442000,443000,14312,45.017659290136955,,ok
v2e_vs_real,original,443000,444000,14072,45.18493872802542,,ok
v2e_vs_real,original,444000,445000,10471,44.60343040903771,,ok
v2e_vs_real,original,445000,446000,14014,44.822752755553985,,ok
v2e_vs_real,original,446000,447000,13914,44.87635118156159,,ok
v2e_vs_real,original,447000,448000,13954,45.98065139382111,,ok
v2e_vs_real,original,448000,449000,10644,44.330358746061435,,ok
v2e_vs_real,original,449000,450000,14448,43.512526932822226,,ok
v2e_vs_real,original,450000,451000,14240,43.225888740694785,,ok
v2e_vs_real,original,451000,452000,13919,43.50156184169334,,ok
v2e_vs_real,original,452000,453000,10253,42.92606752559339,,ok
v2e_vs_real,original,453000,454000,13421,44.026016651093315,,ok
v2e_vs_real,original,454000,455000,13107,45.21511751249928,,ok
v2e_vs_real,original,455000,456000,12936,45.489505150695166,,ok
v2e_vs_real,original,456000,457000,9525,45.60232846702195,,ok
v2e_vs_real,original,457000,458000,12682,46.742900131460146,,ok
v2e_vs_real,original,458000,459000,12749,47.12236732889411,,ok
v2e_vs_real,original,459000,460000,13020,48.266639001178156,,ok
v2e_vs_real,original,460000,461000,9506,48.101906578923995,,ok
v2e_vs_real,original,461000,462000,12430,48.92380057668259,,ok
v2e_vs_real,original,462000,463000,12295,46.73036027929785,,ok
v2e_vs_real,original,463000,464000,12125,45.589844914175984,,ok
v2e_vs_real,original,464000,465000,9009,44.76888500721855,,ok
v2e_vs_real,original,465000,466000,12191,44.32145391071144,,ok
v2e_vs_real,original,466000,467000,12129,44.184014452807894,,ok
v2e_vs_real,original,467000,468000,8435,45.76633977331547,,ok
v2e_vs_real,original,468000,469000,10473,48.338687950434085,,ok
v2e_vs_real,original,469000,470000,10342,48.82738050746837,,ok
v2e_vs_real,original,470000,471000,10747,47.89707579293819,,ok
v2e_vs_real,original,471000,472000,11261,48.56566252218912,,ok
v2e_vs_real,original,472000,473000,8904,48.7230642912312,,ok
v2e_vs_real,original,473000,474000,12597,48.558506828348925,,ok
v2e_vs_real,original,474000,475000,13615,48.183357831642,,ok
v2e_vs_real,original,475000,476000,14416,48.985320215141854,,ok
v2e_vs_real,original,476000,477000,11528,50.56321447949765,,ok
v2e_vs_real,original,477000,478000,15844,50.675500484899736,,ok
v2e_vs_real,original,478000,479000,16042,50.1930981879912,,ok
v2e_vs_real,original,479000,480000,16147,49.51856116744102,,ok
v2e_vs_real,original,480000,481000,12326,47.706569876745505,,ok
v2e_vs_real,original,481000,482000,16386,46.498907968163145,,ok
v2e_vs_real,original,482000,483000,16546,43.846940011241976,,ok
v2e_vs_real,original,483000,484000,16459,42.13123827401532,,ok
v2e_vs_real,original,484000,485000,12543,40.318237626533296,,ok
v2e_vs_real,original,485000,486000,16530,39.26608006293684,,ok
v2e_vs_real,original,486000,487000,16397,38.162480177277224,,ok
v2e_vs_real,original,487000,488000,16257,37.55023093954801,,ok
v2e_vs_real,original,488000,489000,12267,37.323755808812194,,ok
v2e_vs_real,original,489000,490000,15989,37.02068929698318,,ok
v2e_vs_real,original,490000,491000,15896,37.219958209764215,,ok
v2e_vs_real,original,491000,492000,15896,37.47710869726398,,ok
v2e_vs_real,original,492000,493000,11930,37.63455054102794,,ok
v2e_vs_real,original,493000,494000,15860,37.87000634187071,,ok
v2e_vs_real,original,494000,495000,15802,38.00611440701666,,ok
v2e_vs_real,original,495000,496000,15633,38.17912268254499,,ok
v2e_vs_real,original,496000,497000,11511,38.50206496562207,,ok
v2e_vs_real,original,497000,498000,14971,37.81214318944938,,ok
v2e_vs_real,original,498000,499000,14027,38.43567854431735,,ok
v2e_vs_real,original,499000,500000,16193,35.11087620209019,,ok
v2e_vs_real,original,500000,501000,12076,30.564271797385192,,ok
v2e_vs_real,original,501000,502000,15982,26.757033197990495,,ok
v2e_vs_real,original,502000,503000,15771,24.223774582781893,,ok
v2e_vs_real,original,503000,504000,11935,21.773952629909633,,ok
v2e_vs_real,original,504000,505000,15873,20.478511777805974,,ok
v2e_vs_real,original,505000,506000,16096,17.487518630345054,,ok
v2e_vs_real,original,506000,507000,16353,14.95294667562498,,ok
v2e_vs_real,original,507000,508000,16846,12.92857120169752,,ok
v2e_vs_real,original,508000,509000,12825,12.452037994515482,,ok
v2e_vs_real,original,509000,510000,17306,12.878869118445234,,ok
v2e_vs_real,original,510000,511000,17351,12.158205907435011,,ok
v2e_vs_real,original,511000,512000,17550,12.547229342162595,,ok
v2e_vs_real,original,512000,513000,13198,12.281157332981765,,ok
v2e_vs_real,original,513000,514000,18009,12.211510232544436,,ok
v2e_vs_real,original,514000,515000,18309,12.930483558523898,,ok
v2e_vs_real,original,515000,516000,18866,12.894724419684465,,ok
v2e_vs_real,original,516000,517000,14138,13.238884351626597,,ok
v2e_vs_real,original,517000,518000,19139,12.809646490344752,,ok
v2e_vs_real,original,518000,519000,19181,12.945499319601259,,ok
v2e_vs_real,original,519000,520000,19275,13.051137425619627,,ok
v2e_vs_real,original,520000,521000,14421,13.608605309223234,,ok
v2e_vs_real,original,521000,522000,19065,12.843073437700976,,ok
v2e_vs_real,original,522000,523000,19022,13.355733876199348,,ok
v2e_vs_real,original,523000,524000,18643,12.926428453247365,,ok
v2e_vs_real,original,524000,525000,14002,13.672233279306553,,ok
v2e_vs_real,original,525000,526000,18684,13.257245572967973,,ok
v2e_vs_real,original,526000,527000,18458,12.901086768966076,,ok
v2e_vs_real,original,527000,528000,18097,13.156280775420894,,ok
v2e_vs_real,original,528000,529000,13452,14.044745328325506,,ok
v2e_vs_real,original,529000,530000,17913,14.096495005381412,,ok
v2e_vs_real,original,530000,531000,17734,15.061315362957792,,ok
v2e_vs_real,original,531000,532000,17094,15.345237035210326,,ok
v2e_vs_real,original,532000,533000,12988,16.062544476145504,,ok
v2e_vs_real,original,533000,534000,16592,19.906957164333758,,ok
v2e_vs_real,original,534000,535000,15509,23.402299147766364,,ok
v2e_vs_real,original,535000,536000,11011,27.17100323146777,,ok
v2e_vs_real,original,536000,537000,14391,29.432376857972475,,ok
v2e_vs_real,original,537000,538000,14298,32.37483128764029,,ok
v2e_vs_real,original,538000,539000,14142,34.370417610427765,,ok
v2e_vs_real,original,539000,540000,10982,36.80400653608926,,ok
v2e_vs_real,original,540000,541000,14976,36.789818435859985,,ok
v2e_vs_real,original,541000,542000,15586,38.355039351967505,,ok
v2e_vs_real,original,542000,543000,11960,38.599317224496794,,ok
v2e_vs_real,original,543000,544000,16355,38.00195484810883,,ok
v2e_vs_real,original,544000,545000,16894,37.76075647668903,,ok
v2e_vs_real,original,545000,546000,17797,36.94192011331493,,ok
v2e_vs_real,original,546000,547000,13770,37.78327941092707,,ok
v2e_vs_real,original,547000,548000,19167,37.33442880258194,,ok
v2e_vs_real,original,548000,549000,19484,36.90869638254639,,ok
v2e_vs_real,original,549000,550000,14621,35.993879762383834,,ok
v2e_vs_real,original,550000,551000,19509,35.36241985886538,,ok
v2e_vs_real,original,551000,552000,19568,35.5716095920251,,ok
v2e_vs_real,original,552000,553000,19698,35.26825832545469,,ok
v2e_vs_real,original,553000,554000,14483,35.355892895988895,,ok
v2e_vs_real,original,554000,555000,19233,35.60183302785447,,ok
v2e_vs_real,original,555000,556000,19174,35.2121449176435,,ok
v2e_vs_real,original,556000,557000,18952,35.332310451717326,,ok
v2e_vs_real,original,557000,558000,14131,34.54099822499113,,ok
v2e_vs_real,original,558000,559000,18337,34.43957840374665,,ok
v2e_vs_real,original,559000,560000,17762,33.609581236329966,,ok
v2e_vs_real,original,560000,561000,12980,34.0249597588663,,ok
v2e_vs_real,original,561000,562000,16820,34.04297578242079,,ok
v2e_vs_real,original,562000,563000,16504,34.09967810852196,,ok
v2e_vs_real,original,563000,564000,15989,34.30541707106322,,ok
v2e_vs_real,original,564000,565000,11582,35.013646257655246,,ok
v2e_vs_real,original,565000,566000,15309,34.89791861306552,,ok
v2e_vs_real,original,566000,567000,15559,34.56366590153539,,ok
v2e_vs_real,original,567000,568000,10765,35.74570324961961,,ok
v2e_vs_real,original,568000,569000,13599,38.66364506286495,,ok
v2e_vs_real,original,569000,570000,13193,41.68213130592391,,ok
v2e_vs_real,original,570000,571000,12860,45.43670223668452,,ok
v2e_vs_real,original,571000,572000,9667,46.13194418548506,,ok
v2e_vs_real,original,572000,573000,13049,45.94247901185745,,ok
v2e_vs_real,original,573000,574000,13323,46.53955041627031,,ok
v2e_vs_real,original,574000,575000,10441,46.52702944166846,,ok
v2e_vs_real,original,575000,576000,13730,47.28326846562631,,ok
v2e_vs_real,original,576000,577000,13845,46.27416977827452,,ok
v2e_vs_real,original,577000,578000,13807,45.97473940833105,,ok
v2e_vs_real,original,578000,579000,10260,47.287165689393824,,ok
v2e_vs_real,original,579000,580000,13762,48.68955234580539,,ok
v2e_vs_real,original,580000,581000,13661,48.26688263798388,,ok
v2e_vs_real,original,581000,582000,13475,48.22755084032475,,ok
v2e_vs_real,original,582000,583000,10267,46.7887958097947,,ok
v2e_vs_real,original,583000,584000,13281,48.1293672023982,,ok
v2e_vs_real,original,584000,585000,13596,48.387495584159424,,ok
v2e_vs_real,original,585000,586000,10257,50.07375455085237,,ok
v2e_vs_real,original,586000,587000,13580,50.388353846618706,,ok
v2e_vs_real,original,587000,588000,13587,51.15010629116687,,ok
v2e_vs_real,original,588000,589000,13170,51.55980298274532,,ok
v2e_vs_real,original,589000,590000,9520,51.73724430627091,,ok
v2e_vs_real,original,590000,591000,12194,52.237464379608646,,ok
v2e_vs_real,original,591000,592000,11522,52.56399235828066,,ok
v2e_vs_real,original,592000,593000,8573,50.418605204182825,,ok
v2e_vs_real,original,593000,594000,10730,50.460579902122,,ok
v2e_vs_real,original,594000,595000,10545,48.46348333045327,,ok
v2e_vs_real,original,595000,596000,10892,45.958654631780774,,ok
v2e_vs_real,original,596000,597000,8236,44.69520444603469,,ok
v2e_vs_real,original,597000,598000,10849,43.91011228154621,,ok
v2e_vs_real,original,598000,599000,10592,43.41741389531176,,ok
v2e_vs_real,original,599000,600000,9455,38.70047693548024,,ok
v2e_vs_real,original,600000,601000,12362,37.88249346578708,,ok
v2e_vs_real,original,601000,602000,12888,38.82970000861733,,ok
v2e_vs_real,original,602000,603000,13254,39.372093541269685,,ok
v2e_vs_real,original,603000,604000,9992,39.478253977393166,,ok
v2e_vs_real,original,604000,605000,13496,40.233891521408275,,ok
v2e_vs_real,original,605000,606000,13583,41.400264213235985,,ok
v2e_vs_real,original,606000,607000,13432,42.34244954932904,,ok
v2e_vs_real,original,607000,608000,10308,42.10721422859306,,ok
v2e_vs_real,original,608000,609000,13840,41.103058013288404,,ok
v2e_vs_real,original,609000,610000,14059,40.94343933024023,,ok
v2e_vs_real,original,610000,611000,11016,40.137134547923246,,ok
v2e_vs_real,original,611000,612000,15115,39.131468736602564,,ok
v2e_vs_real,original,612000,613000,15297,38.67511087051236,,ok
v2e_vs_real,original,613000,614000,15540,38.915331804998246,,ok
v2e_vs_real,original,614000,615000,11920,38.689813811751634,,ok
v2e_vs_real,original,615000,616000,16785,36.864338014824156,,ok
v2e_vs_real,original,616000,617000,17511,35.02080394279431,,ok
v2e_vs_real,original,617000,618000,13777,33.96844997201529,,ok
v2e_vs_real,original,618000,619000,18657,33.584328462213634,,ok
v2e_vs_real,original,619000,620000,19060,32.94172544124008,,ok
v2e_vs_real,original,620000,621000,19489,31.846536993244484,,ok
v2e_vs_real,original,621000,622000,14544,30.75876199610316,,ok
v2e_vs_real,original,622000,623000,19482,28.990584070094222,,ok
v2e_vs_real,original,623000,624000,19548,28.51554646198371,,ok
v2e_vs_real,original,624000,625000,14988,26.751566046573164,,ok
v2e_vs_real,original,625000,626000,20025,23.800461022573764,,ok
v2e_vs_real,original,626000,627000,20015,21.074088366884634,,ok
v2e_vs_real,original,627000,628000,19603,20.78291887290264,,ok
v2e_vs_real,original,628000,629000,14654,20.672898114792506,,ok
v2e_vs_real,original,629000,630000,19184,19.882193587639065,,ok
v2e_vs_real,original,630000,631000,18385,20.096162573103783,,ok
v2e_vs_real,original,631000,632000,17616,20.266207058213514,,ok
v2e_vs_real,original,632000,633000,13471,18.23840101787858,,ok
v2e_vs_real,original,633000,634000,17531,15.84778717300061,,ok
v2e_vs_real,original,634000,635000,17101,13.22141294534542,,ok
v2e_vs_real,original,635000,636000,12489,11.577376064678548,,ok
v2e_vs_real,original,636000,637000,16751,11.737498692498328,,ok
v2e_vs_real,original,637000,638000,16787,11.637917837001842,,ok
v2e_vs_real,original,638000,639000,16961,13.263357795203644,,ok
v2e_vs_real,original,639000,640000,13056,14.446294294838964,,ok
v2e_vs_real,original,640000,641000,17864,15.263510811605729,,ok
v2e_vs_real,original,641000,642000,19079,18.61628578430682,,ok
v2e_vs_real,original,642000,643000,14942,19.9772094033241,,ok
v2e_vs_real,original,643000,644000,20408,21.64197468665328,,ok
v2e_vs_real,original,644000,645000,20588,22.13985914736135,,ok
v2e_vs_real,original,645000,646000,20798,22.54057522094755,,ok
v2e_vs_real,original,646000,647000,15648,22.563841516923354,,ok
v2e_vs_real,original,647000,648000,20756,22.41181087448522,,ok
v2e_vs_real,original,648000,649000,20856,21.940013510194547,,ok
v2e_vs_real,original,649000,650000,21326,21.142630847139277,,ok
v2e_vs_real,original,650000,651000,15983,22.10670767996922,,ok
v2e_vs_real,original,651000,652000,21060,22.104827845934057,,ok
v2e_vs_real,original,652000,653000,20729,22.68290882880613,,ok
v2e_vs_real,original,653000,654000,15376,22.63685342552319,,ok
v2e_vs_real,original,654000,655000,19890,23.60761300698578,,ok
v2e_vs_real,original,655000,656000,19784,25.088733501802025,,ok
v2e_vs_real,original,656000,657000,19407,27.36026507904004,,ok
v2e_vs_real,original,657000,658000,15088,29.843473898944097,,ok
v2e_vs_real,original,658000,659000,19990,30.878906061185486,,ok
v2e_vs_real,original,659000,660000,19702,32.59562621328265,,ok
v2e_vs_real,original,660000,661000,14534,33.224470097518676,,ok
v2e_vs_real,original,661000,662000,18778,33.94278307540722,,ok
v2e_vs_real,original,662000,663000,17992,34.18080093438099,,ok
v2e_vs_real,original,663000,664000,16942,34.901341646965896,,ok
v2e_vs_real,original,664000,665000,12203,35.39722957947886,,ok
v2e_vs_real,original,665000,666000,15341,34.278005078640575,,ok
v2e_vs_real,original,666000,667000,12716,35.43461872401229,,ok
v2e_vs_real,original,667000,668000,15917,43.99251813855784,,ok
v2e_vs_real,original,668000,669000,13059,47.28207671106802,,ok
v2e_vs_real,original,669000,670000,16437,50.18420889504372,,ok
v2e_vs_real,original,670000,671000,13563,49.644692911539664,,ok
v2e_vs_real,original,671000,672000,17273,48.4294031508589,,ok
v2e_vs_real,original,672000,673000,14225,46.675371205661506,,ok
v2e_vs_real,original,673000,674000,17885,46.019549450553704,,ok
v2e_vs_real,original,674000,675000,14670,46.038058844999256,,ok
v2e_vs_real,original,675000,676000,17934,45.18351015828452,,ok
v2e_vs_real,original,676000,677000,14662,46.13613033111424,,ok
v2e_vs_real,original,677000,678000,18223,44.714553565774665,,ok
v2e_vs_real,original,678000,679000,14954,46.03202226459473,,ok
v2e_vs_real,original,679000,680000,18358,44.99367042541015,,ok
v2e_vs_real,original,680000,681000,15069,45.90824025928476,,ok
v2e_vs_real,original,681000,682000,14761,45.707020177669506,,ok
v2e_vs_real,original,682000,683000,19090,43.13542284563974,,ok
v2e_vs_real,original,683000,684000,15289,43.56929691205592,,ok
v2e_vs_real,original,684000,685000,19101,43.377601331273915,,ok
v2e_vs_real,original,685000,686000,14910,43.34090428041485,,ok
v2e_vs_real,original,686000,687000,18309,43.46293493563541,,ok
v2e_vs_real,original,687000,688000,14533,42.74197614515567,,ok
v2e_vs_real,original,688000,689000,17743,42.31625913653993,,ok
v2e_vs_real,original,689000,690000,14233,43.49176650650863,,ok
v2e_vs_real,original,690000,691000,17450,41.81945499438641,,ok
v2e_vs_real,original,691000,692000,13974,43.52301886132886,,ok
v2e_vs_real,original,692000,693000,17147,43.641247376152634,,ok
v2e_vs_real,original,693000,694000,13413,44.783242284430344,,ok
v2e_vs_real,original,694000,695000,16234,44.31035493462781,,ok
v2e_vs_real,original,695000,696000,12449,44.17432597458183,,ok
v2e_vs_real,original,696000,697000,11978,43.86252087565689,,ok
v2e_vs_real,original,697000,698000,14245,43.768056512259975,,ok
v2e_vs_real,original,698000,699000,11009,44.363549431083904,,ok
v2e_vs_real,original,699000,700000,13710,40.758867122585436,,ok
v2e_vs_real,original,700000,701000,10254,40.94877375658223,,ok
v2e_vs_real,original,701000,702000,11866,43.3419043981408,,ok
v2e_vs_real,original,702000,703000,8758,45.28083516246965,,ok
v2e_vs_real,original,703000,704000,10769,46.5183417965224,,ok
v2e_vs_real,original,704000,705000,8489,47.36729052030536,,ok
v2e_vs_real,original,705000,706000,10574,47.51144015897102,,ok
v2e_vs_real,original,706000,707000,8916,45.31421437082795,,ok
v2e_vs_real,original,707000,708000,11620,43.71861785980496,,ok
v2e_vs_real,original,708000,709000,9581,43.79449273516968,,ok
v2e_vs_real,original,709000,710000,12123,43.39475193605818,,ok
v2e_vs_real,original,710000,711000,10149,43.33380223866165,,ok
v2e_vs_real,original,711000,712000,12693,42.610234343089765,,ok
v2e_vs_real,original,712000,713000,10458,42.22672350563996,,ok
v2e_vs_real,original,713000,714000,10708,42.67338946000923,,ok
v2e_vs_real,original,714000,715000,13324,42.439981703738475,,ok
v2e_vs_real,original,715000,716000,10858,41.76188808036748,,ok
v2e_vs_real,original,716000,717000,13797,40.652072399577506,,ok
v2e_vs_real,original,717000,718000,11170,40.48474938620564,,ok
v2e_vs_real,original,718000,719000,13827,41.10717718285466,,ok
v2e_vs_real,original,719000,720000,11193,41.70655052928304,,ok
v2e_vs_real,original,720000,721000,13917,41.37882353429362,,ok
v2e_vs_real,original,721000,722000,11180,42.025186815781574,,ok
v2e_vs_real,original,722000,723000,13735,41.493701956745745,,ok
v2e_vs_real,original,723000,724000,10977,41.986597819073275,,ok
v2e_vs_real,original,724000,725000,13873,42.225619467250525,,ok
v2e_vs_real,original,725000,726000,11216,42.57698162977118,,ok
v2e_vs_real,original,726000,727000,13554,42.594733523772526,,ok
v2e_vs_real,original,727000,728000,10983,42.114526125468004,,ok
v2e_vs_real,original,728000,729000,10938,42.046859871951675,,ok
v2e_vs_real,original,729000,730000,13748,41.72062852040014,,ok
v2e_vs_real,original,730000,731000,10737,41.70760707991661,,ok
v2e_vs_real,original,731000,732000,12887,42.46521843634772,,ok
v2e_vs_real,original,732000,733000,10549,42.49000617512507,,ok
v2e_vs_real,original,733000,734000,13817,42.36716954577968,,ok
v2e_vs_real,original,734000,735000,10891,38.34257015900137,,ok
v2e_vs_real,original,735000,736000,13480,37.05397510866568,,ok
v2e_vs_real,original,736000,737000,10701,35.65221222506631,,ok
v2e_vs_real,original,737000,738000,13710,34.901632298188424,,ok
v2e_vs_real,original,738000,739000,11206,33.356810468545525,,ok
v2e_vs_real,original,739000,740000,14565,32.341745933664996,,ok
v2e_vs_real,original,740000,741000,11990,32.84972953490254,,ok
v2e_vs_real,original,741000,742000,15640,30.25603238772302,,ok
v2e_vs_real,original,742000,743000,13147,30.559452262817477,,ok
v2e_vs_real,original,743000,744000,17108,28.02800727346077,,ok
v2e_vs_real,original,744000,745000,14699,29.331514701326846,,ok
v2e_vs_real,original,745000,746000,18554,26.706769331604495,,ok
v2e_vs_real,original,746000,747000,15566,28.26285035498709,,ok
v2e_vs_real,original,747000,748000,15488,26.574198152524485,,ok
v2e_vs_real,original,748000,749000,19668,26.17377101697294,,ok
v2e_vs_real,original,749000,750000,16191,24.548115532248964,,ok
v2e_vs_real,original,750000,751000,20593,23.99398252756713,,ok
v2e_vs_real,original,751000,752000,16454,22.123657489662516,,ok
v2e_vs_real,original,752000,753000,20364,21.769002202251205,,ok
v2e_vs_real,original,753000,754000,15798,21.132528378739458,,ok
v2e_vs_real,original,754000,755000,19588,20.948184686904526,,ok
v2e_vs_real,original,755000,756000,15418,20.330588488488324,,ok
v2e_vs_real,original,756000,757000,19178,20.337418889551657,,ok
v2e_vs_real,original,757000,758000,15324,20.514867019784,,ok
v2e_vs_real,original,758000,759000,18887,20.228482647889805,,ok
v2e_vs_real,original,759000,760000,15186,19.80704824792713,,ok
v2e_vs_real,original,760000,761000,18488,19.245838513275466,,ok
v2e_vs_real,original,761000,762000,15018,19.59295785635728,,ok
v2e_vs_real,original,762000,763000,18711,19.06819570725583,,ok
v2e_vs_real,original,763000,764000,14944,19.46840086516692,,ok
v2e_vs_real,original,764000,765000,14441,19.934910392466417,,ok
v2e_vs_real,original,765000,766000,17781,19.6517693458818,,ok
v2e_vs_real,original,766000,767000,14967,21.071845653134062,,ok
v2e_vs_real,original,767000,768000,17886,18.56280927797848,,ok
v2e_vs_real,original,768000,769000,13551,17.11776430825197,,ok
v2e_vs_real,original,769000,770000,16587,16.7074476570721,,ok
v2e_vs_real,original,770000,771000,13174,17.86077372555677,,ok
v2e_vs_real,original,771000,772000,16391,19.448631473667266,,ok
v2e_vs_real,original,772000,773000,13481,21.445789329166864,,ok
v2e_vs_real,original,773000,774000,16705,23.62073168673196,,ok
v2e_vs_real,original,774000,775000,13866,26.391684537984684,,ok
v2e_vs_real,original,775000,776000,17663,28.509119651018572,,ok
v2e_vs_real,original,776000,777000,14277,29.335619345428736,,ok
v2e_vs_real,original,777000,778000,17928,29.4052684854847,,ok
v2e_vs_real,original,778000,779000,14503,29.71926238295808,,ok
v2e_vs_real,original,779000,780000,14589,29.660912616639454,,ok
v2e_vs_real,original,780000,781000,18732,30.059954178162016,,ok
v2e_vs_real,original,781000,782000,15158,30.900145149399094,,ok
v2e_vs_real,original,782000,783000,19387,30.393854557994285,,ok
v2e_vs_real,original,783000,784000,15704,30.06517600798971,,ok
v2e_vs_real,original,784000,785000,19665,29.234902889039915,,ok
v2e_vs_real,original,785000,786000,15816,29.484371242449342,,ok
v2e_vs_real,original,786000,787000,20083,29.113493050319747,,ok
v2e_vs_real,original,787000,788000,16124,29.22503613550761,,ok
v2e_vs_real,original,788000,789000,20144,29.125697583133398,,ok
v2e_vs_real,original,789000,790000,16175,29.302338139294253,,ok
v2e_vs_real,original,790000,791000,19655,29.318540625793258,,ok
v2e_vs_real,original,791000,792000,15637,29.44295096399129,,ok
v2e_vs_real,original,792000,793000,18860,29.627686481021613,,ok
v2e_vs_real,original,793000,794000,14805,30.263972697764363,,ok
v2e_vs_real,original,794000,795000,17952,30.132685153640654,,ok
v2e_vs_real,original,795000,796000,14061,30.306064076952463,,ok
v2e_vs_real,original,796000,797000,13661,31.10709371334269,,ok
v2e_vs_real,original,797000,798000,16648,31.88540980123523,,ok
v2e_vs_real,original,798000,799000,12534,32.22594241764588,,ok
v2e_vs_real,original,799000,800000,18329,33.48179085165329,,ok
v2e_vs_real,original,800000,801000,14908,35.306659413782114,,ok
v2e_vs_real,original,801000,802000,14103,38.12404863905963,,ok
v2e_vs_real,original,802000,803000,13304,39.94767194025182,,ok
v2e_vs_real,original,803000,804000,13297,41.59240667396706,,ok
v2e_vs_real,original,804000,805000,13633,44.11817543799941,,ok
v2e_vs_real,original,805000,806000,13586,44.29199738532599,,ok
v2e_vs_real,original,806000,807000,12875,43.18643244069086,,ok
v2e_vs_real,original,807000,808000,13247,42.851042297459884,,ok
v2e_vs_real,original,808000,809000,14707,44.573802659332124,,ok
v2e_vs_real,original,809000,810000,14847,43.29403983512849,,ok
v2e_vs_real,original,810000,811000,14915,43.26726436671109,,ok
v2e_vs_real,original,811000,812000,14850,44.017657305190475,,ok
v2e_vs_real,original,812000,813000,11438,42.99898600351913,,ok
v2e_vs_real,original,813000,814000,14966,44.56423248001926,,ok
v2e_vs_real,original,814000,815000,14984,44.40420979265567,,ok
v2e_vs_real,original,815000,816000,15125,43.737416421876596,,ok
v2e_vs_real,original,816000,817000,15036,43.84205688793799,,ok
v2e_vs_real,original,817000,818000,15019,44.144458799150755,,ok
v2e_vs_real,original,818000,819000,14934,44.45631658472885,,ok
v2e_vs_real,original,819000,820000,14794,44.91159030475431,,ok
v2e_vs_real,original,820000,821000,14769,45.52635314692737,,ok
v2e_vs_real,original,821000,822000,14736,46.92035567145583,,ok
v2e_vs_real,original,822000,823000,14889,47.477028850673314,,ok
v2e_vs_real,original,823000,824000,13116,45.649914220631864,,ok
v2e_vs_real,original,824000,825000,14020,47.94888280612299,,ok
v2e_vs_real,original,825000,826000,14372,48.4068577139758,,ok
v2e_vs_real,original,826000,827000,14657,50.32412169095532,,ok
v2e_vs_real,original,827000,828000,14001,49.25333907320675,,ok
v2e_vs_real,original,828000,829000,13569,47.742956561145355,,ok
v2e_vs_real,original,829000,830000,13102,46.273011286157995,,ok
v2e_vs_real,original,830000,831000,12613,44.66594611832284,,ok
v2e_vs_real,original,831000,832000,12071,44.59241885844354,,ok
v2e_vs_real,original,832000,833000,12290,41.33653510662131,,ok
v2e_vs_real,original,833000,834000,12481,38.67218410693664,,ok
v2e_vs_real,original,834000,835000,11864,38.44815643976843,,ok
v2e_vs_real,original,835000,836000,11676,38.647973266577296,,ok
v2e_vs_real,original,836000,837000,11469,39.273923586891776,,ok
v2e_vs_real,original,837000,838000,11539,40.1613280580134,,ok
v2e_vs_real,original,838000,839000,10858,40.24047384629781,,ok
v2e_vs_real,original,839000,840000,11391,41.51846647196297,,ok
v2e_vs_real,original,840000,841000,11319,41.66332459174374,,ok
v2e_vs_real,original,841000,842000,11091,41.74668842982684,,ok
v2e_vs_real,original,842000,843000,11146,42.0180803247462,,ok
v2e_vs_real,original,843000,844000,11357,41.45071946945346,,ok
v2e_vs_real,original,844000,845000,11210,42.41843129144514,,ok
v2e_vs_real,original,845000,846000,10998,42.258468217012464,,ok
v2e_vs_real,original,846000,847000,10884,43.15418439831779,,ok
v2e_vs_real,original,847000,848000,11256,43.67033456465318,,ok
v2e_vs_real,original,848000,849000,11775,42.795867747339926,,ok
v2e_vs_real,original,849000,850000,11766,41.2410540152603,,ok
v2e_vs_real,original,850000,851000,12295,43.93133092371336,,ok
v2e_vs_real,original,851000,852000,12155,43.76009740584988,,ok
v2e_vs_real,original,852000,853000,12512,45.33826771409799,,ok
v2e_vs_real,original,853000,854000,11528,41.74677480871134,,ok
v2e_vs_real,original,854000,855000,12317,44.71186605220691,,ok
v2e_vs_real,original,855000,856000,12279,44.70387449507171,,ok
v2e_vs_real,original,856000,857000,12574,46.60036114293511,,ok
v2e_vs_real,original,857000,858000,12552,45.087076625589035,,ok
v2e_vs_real,original,858000,859000,12213,44.26643014653535,,ok
v2e_vs_real,original,859000,860000,11959,44.3831759141148,,ok
v2e_vs_real,original,860000,861000,11902,43.19303979272611,,ok
v2e_vs_real,original,861000,862000,11765,43.66970925550343,,ok
v2e_vs_real,original,862000,863000,11908,42.049710410300214,,ok
v2e_vs_real,original,863000,864000,11763,42.24172481624915,,ok
v2e_vs_real,original,864000,865000,11460,41.967722081889264,,ok
v2e_vs_real,original,865000,866000,11633,39.27270073753854,,ok
v2e_vs_real,original,866000,867000,12957,32.10226933072143,,ok
v2e_vs_real,original,867000,868000,13246,30.14352578397113,,ok
v2e_vs_real,original,868000,869000,13502,31.825892972014532,,ok
v2e_vs_real,original,869000,870000,13660,32.85147916888985,,ok
v2e_vs_real,original,870000,871000,13208,33.809638983010665,,ok
v2e_vs_real,original,871000,872000,13998,35.270806766897394,,ok
v2e_vs_real,original,872000,873000,14232,35.63020299150329,,ok
v2e_vs_real,original,873000,874000,14348,35.072730147135005,,ok
v2e_vs_real,original,874000,875000,14394,32.55711634964304,,ok
v2e_vs_real,original,875000,876000,15370,33.8887118573247,,ok
v2e_vs_real,original,876000,877000,15881,32.69535558859206,,ok
v2e_vs_real,original,877000,878000,16268,30.07487806794427,,ok
v2e_vs_real,original,878000,879000,16821,26.707981168789917,,ok
v2e_vs_real,original,879000,880000,17248,23.195028779788487,,ok
v2e_vs_real,original,880000,881000,17842,21.587726500216817,,ok
v2e_vs_real,original,881000,882000,18825,20.95516266416812,,ok
v2e_vs_real,original,882000,883000,19710,17.54496710569801,,ok
v2e_vs_real,original,883000,884000,19220,16.5681148686247,,ok
v2e_vs_real,original,884000,885000,20229,16.40219220092738,,ok
v2e_vs_real,original,885000,886000,20250,17.456118220487642,,ok
v2e_vs_real,original,886000,887000,20193,18.139358119706987,,ok
v2e_vs_real,original,887000,888000,20272,18.215009580395424,,ok
v2e_vs_real,original,888000,889000,20342,19.198952516808312,,ok
v2e_vs_real,original,889000,890000,20308,19.451181486280536,,ok
v2e_vs_real,original,890000,891000,20590,20.47717819909635,,ok
v2e_vs_real,original,891000,892000,20779,21.802959497542066,,ok
v2e_vs_real,original,892000,893000,20840,22.624752589238106,,ok
v2e_vs_real,original,893000,894000,21149,24.094123718395284,,ok
v2e_vs_real,original,894000,895000,21044,25.101960407495373,,ok
v2e_vs_real,original,895000,896000,21086,25.669873840290936,,ok
v2e_vs_real,original,896000,897000,20799,26.651580672292166,,ok
v2e_vs_real,original,897000,898000,19962,27.278029739636896,,ok
v2e_vs_real,original,898000,899000,19179,26.357185444711753,,ok
v2e_vs_real,original,899000,900000,19896,24.28174418035741,,ok
v2e_vs_real,original,900000,901000,19009,30.984468342699227,,ok
v2e_vs_real,original,901000,902000,18495,35.2287839369253,,ok
v2e_vs_real,original,902000,903000,18184,36.38743274734635,,ok
v2e_vs_real,original,903000,904000,17796,37.624490539803126,,ok
v2e_vs_real,original,904000,905000,17594,36.59225537463266,,ok
v2e_vs_real,original,905000,906000,17392,34.75988727645839,,ok
v2e_vs_real,original,906000,907000,17335,35.23894686801943,,ok
v2e_vs_real,original,907000,908000,17407,36.51157707933806,,ok
v2e_vs_real,original,908000,909000,17663,37.47302485279097,,ok
v2e_vs_real,original,909000,910000,17492,37.6801158290993,,ok
v2e_vs_real,original,910000,911000,17595,37.39964901598698,,ok
v2e_vs_real,original,911000,912000,13150,37.24718477772492,,ok
v2e_vs_real,original,912000,913000,17620,36.41565319645599,,ok
v2e_vs_real,original,913000,914000,17617,36.97670943261877,,ok
v2e_vs_real,original,914000,915000,17631,36.699032848845484,,ok
v2e_vs_real,original,915000,916000,17626,35.95125143804901,,ok
v2e_vs_real,original,916000,917000,17766,35.01016966721316,,ok
v2e_vs_real,original,917000,918000,16942,33.52033118822122,,ok
v2e_vs_real,original,918000,919000,17139,34.03730262824939,,ok
v2e_vs_real,original,919000,920000,16892,33.73438235816818,,ok
v2e_vs_real,original,920000,921000,16702,33.65274465909909,,ok
v2e_vs_real,original,921000,922000,16643,34.71944384442509,,ok
v2e_vs_real,original,922000,923000,16839,34.58563077822901,,ok
v2e_vs_real,original,923000,924000,16805,36.239106392935916,,ok
v2e_vs_real,original,924000,925000,17214,37.92521363491209,,ok
v2e_vs_real,original,925000,926000,17369,38.67300056466542,,ok
v2e_vs_real,original,926000,927000,17084,39.970627462671125,,ok
v2e_vs_real,original,927000,928000,16682,39.48498382023746,,ok
v2e_vs_real,original,928000,929000,16097,39.11919600727532,,ok
v2e_vs_real,original,929000,930000,15443,38.345119933133084,,ok
v2e_vs_real,original,930000,931000,14741,38.20803958730586,,ok
v2e_vs_real,original,931000,932000,13805,37.671300314932694,,ok
v2e_vs_real,original,932000,933000,13726,36.29905239742613,,ok
v2e_vs_real,original,933000,934000,13699,38.25430779948091,,ok
v2e_vs_real,original,934000,935000,13697,42.97850177652137,,ok
v2e_vs_real,original,935000,936000,13253,45.87554812602425,,ok
v2e_vs_real,original,936000,937000,9922,46.86627578725058,,ok
v2e_vs_real,original,937000,938000,12984,49.35237366836784,,ok
v2e_vs_real,original,938000,939000,13435,48.04001018036056,,ok
v2e_vs_real,original,939000,940000,13525,46.29180641871678,,ok
v2e_vs_real,original,940000,941000,13343,44.430089657012644,,ok
v2e_vs_real,original,941000,942000,13032,44.83935465578394,,ok
v2e_vs_real,original,942000,943000,10019,44.47509221260186,,ok
v2e_vs_real,original,943000,944000,13224,44.61687891962352,,ok
v2e_vs_real,original,944000,945000,12821,44.92765272592366,,ok
v2e_vs_real,original,945000,946000,12606,44.73531384344063,,ok
v2e_vs_real,original,946000,947000,13166,44.28336576254941,,ok
v2e_vs_real,original,947000,948000,9680,45.842640325943556,,ok
v2e_vs_real,original,948000,949000,13236,45.049413078352885,,ok
v2e_vs_real,original,949000,950000,13300,43.926573309404404,,ok
v2e_vs_real,original,950000,951000,13267,43.664176375672334,,ok
v2e_vs_real,original,951000,952000,12918,44.25029980677721,,ok
v2e_vs_real,original,952000,953000,9638,44.08784423271059,,ok
v2e_vs_real,original,953000,954000,12661,45.4341171610655,,ok
v2e_vs_real,original,954000,955000,12249,45.91038469152571,,ok
v2e_vs_real,original,955000,956000,11921,47.577452513725774,,ok
v2e_vs_real,original,956000,957000,11923,46.9492507720214,,ok
v2e_vs_real,original,957000,958000,9010,48.33514916384692,,ok
v2e_vs_real,original,958000,959000,12329,48.156206079504884,,ok
v2e_vs_real,original,959000,960000,12213,49.456340919076894,,ok
v2e_vs_real,original,960000,961000,12032,50.23185565982782,,ok
v2e_vs_real,original,961000,962000,12203,48.0308288118908,,ok
v2e_vs_real,original,962000,963000,11961,47.84990360781812,,ok
v2e_vs_real,original,963000,964000,8934,46.780580927934764,,ok
v2e_vs_real,original,964000,965000,11850,45.284658026193384,,ok
v2e_vs_real,original,965000,966000,11829,44.88470979702671,,ok
v2e_vs_real,original,966000,967000,11936,44.82491149725208,,ok
v2e_vs_real,original,967000,968000,11024,47.28491473376754,,ok
v2e_vs_real,original,968000,969000,7822,48.811954197089726,,ok
v2e_vs_real,original,969000,970000,10245,49.74490812431241,,ok
v2e_vs_real,original,970000,971000,10726,48.58481591234678,,ok
v2e_vs_real,original,971000,972000,11246,49.12822871475419,,ok
v2e_vs_real,original,972000,973000,12191,48.64771366256726,,ok
v2e_vs_real,original,973000,974000,9847,49.44098627429959,,ok
v2e_vs_real,original,974000,975000,13966,49.3243661399196,,ok
v2e_vs_real,original,975000,976000,14610,50.21913080159475,,ok
v2e_vs_real,original,976000,977000,15678,50.83489336897898,,ok
v2e_vs_real,original,977000,978000,16190,50.508853728393426,,ok
v2e_vs_real,original,978000,979000,16539,50.269284088229576,,ok
v2e_vs_real,original,979000,980000,12451,48.74321287340636,,ok
v2e_vs_real,original,980000,981000,16790,47.120549917429784,,ok
v2e_vs_real,original,981000,982000,16808,45.51791246418097,,ok
v2e_vs_real,original,982000,983000,16755,43.61868006919523,,ok
v2e_vs_real,original,983000,984000,16761,40.89925876062872,,ok
v2e_vs_real,original,984000,985000,12303,39.077916027928424,,ok
v2e_vs_real,original,985000,986000,16700,37.962085788888245,,ok
v2e_vs_real,original,986000,987000,16556,37.11982049542461,,ok
v2e_vs_real,original,987000,988000,16650,35.909513058690706,,ok
v2e_vs_real,original,988000,989000,16733,34.66563217887751,,ok
v2e_vs_real,original,989000,990000,12261,35.27734512509557,,ok
v2e_vs_real,original,990000,991000,16378,35.50499172811117,,ok
v2e_vs_real,original,991000,992000,16544,35.38548351801368,,ok
v2e_vs_real,original,992000,993000,16513,35.22829738696926,,ok
v2e_vs_real,original,993000,994000,16461,35.69259630214999,,ok
v2e_vs_real,original,994000,995000,12179,36.456117775194265,,ok
v2e_vs_real,original,995000,996000,15877,36.23888682627393,,ok
v2e_vs_real,original,996000,997000,15771,35.83707788879707,,ok
v2e_vs_real,original,997000,998000,15088,36.36468342251711,,ok
v2e_vs_real,original,998000,999000,14454,36.88884047431918,,ok
v2e_vs_real,original,999000,1000000,16380,34.36263735074366,,ok
v2e_vs_real,original,1000000,1001000,12076,29.587535088457436,,ok
v2e_vs_real,original,1001000,1002000,15728,25.483111436263215,,ok
v2e_vs_real,original,1002000,1003000,15632,21.98829441391339,,ok
v2e_vs_real,original,1003000,1004000,15516,19.875022806774613,,ok
v2e_vs_real,original,1004000,1005000,15747,18.47552927359631,,ok
v2e_vs_real,original,1005000,1006000,11961,16.81258801208532,,ok
v2e_vs_real,original,1006000,1007000,16252,14.701560188365498,,ok
v2e_vs_real,original,1007000,1008000,16695,14.216104403312238,,ok
v2e_vs_real,original,1008000,1009000,17071,14.85804956277441,,ok
v2e_vs_real,original,1009000,1010000,17028,13.947970425237655,,ok
v2e_vs_real,original,1010000,1011000,12766,15.008099393076458,,ok
v2e_vs_real,original,1011000,1012000,17345,15.172218402598649,,ok
v2e_vs_real,original,1012000,1013000,17502,14.904505264334484,,ok
v2e_vs_real,original,1013000,1014000,17967,15.876255447640684,,ok
v2e_vs_real,original,1014000,1015000,17818,15.767542105153511,,ok
